call_id,opp_id,owner_id,call_date,duration_minutes,direction,call_type,disposition,num_participants,talk_ratio_rep,longest_monologue_sec,question_count,next_steps_mentioned
1,4788,5,2024-12-31T12:00:00,28,Outbound,QBR,Completed,7,0.66,135,5,False
2,3628,14,2023-01-05T13:15:00,57,Outbound,Check-In,Completed,3,0.61,72,8,True
3,1876,11,2023-03-12T10:30:00,46,Inbound,Follow-Up,Rescheduled,1,,,0,False
4,3104,15,2024-08-18T10:15:00,2,Outbound,Technical Deep Dive,Voicemail,1,,,0,False
5,903,7,2030-06-15T10:00:00,58,Outbound,Technical Deep Dive,Completed,6,0.54,206,11,True
6,1621,2,2024-07-02T15:00:00,59,Outbound,Technical Deep Dive,Completed,5,0.32,90,8,True
7,2820,2,2024-07-01T11:00:00,37,Outbound,Negotiation,Completed,3,0.45,71,10,True
8,185,14,2024-06-06T13:45:00,0,Outbound,Negotiation,No Show,1,,,0,False
9,4273,2,2021-08-08T15:30:00,45,Outbound,QBR,Completed,6,0.61,168,18,False
10,1943,14,2024-12-22T14:45:00,0,Inbound,QBR,No Show,1,,,0,False
11,4634,12,2024-06-02T13:30:00,44,Outbound,Discovery,Completed,6,0.45,34,11,False
12,4552,10,2023-05-20T13:00:00,45,Outbound,Follow-Up,Completed,3,0.55,168,5,False
13,2977,3,2024-10-12T13:45:00,52,Inbound,Technical Deep Dive,Completed,6,0.42,93,6,True
14,3746,14,2021-04-30T13:15:00,43,Outbound,Discovery,Completed,3,0.64,109,9,False
15,3351,15,2023-12-04T13:30:00,31,Inbound,QBR,Completed,7,0.59,143,3,False
16,308,15,2024-12-21T10:15:00,39,Outbound,QBR,Completed,7,0.73,294,11,False
17,237,13,2024-02-04T10:00:00,0,Outbound,Check-In,No Show,1,,,0,False
18,3241,8,2023-08-24T16:45:00,47,Inbound,Discovery,Completed,5,0.44,141,14,False
19,2118,15,2024-12-21T12:00:00,26,Inbound,Follow-Up,Completed,6,0.74,112,12,False
20,2601,13,2023-04-17T10:15:00,58,Inbound,Demo,Completed,2,0.59,194,4,False
21,1561,12,2024-12-02T12:00:00,53,Outbound,Follow-Up,Completed,3,0.61,121,9,False
22,1197,14,2024-08-21T14:45:00,39,Outbound,QBR,Completed,2,0.61,253,2,False
23,4842,14,2024-11-06T14:00:00,26,Inbound,Negotiation,Completed,4,0.6,72,3,False
24,3728,11,2024-12-11T14:30:00,54,Outbound,Negotiation,Completed,7,0.49,164,11,True
25,1704,14,2024-11-22T10:00:00,54,Inbound,Technical Deep Dive,Completed,5,1.22,261,9,True
26,2465,15,2024-10-29T12:00:00,43,Outbound,Negotiation,Completed,7,0.74,73,4,False
27,4592,15,2024-11-19T14:30:00,47,Outbound,QBR,Rescheduled,1,,,0,False
28,3259,15,2024-01-03T15:15:00,51,Outbound,Negotiation,Rescheduled,1,,,0,False
29,1613,10,2023-03-02T14:00:00,30,Inbound,Follow-Up,Completed,6,0.44,165,10,True
30,454,8,2024-12-10T14:30:00,47,Outbound,Negotiation,Completed,8,0.73,294,12,True
31,4341,14,2024-07-20T11:00:00,42,Outbound,Negotiation,Completed,2,0.62,121,7,False
32,2240,15,2024-10-10T13:45:00,26,Outbound,Discovery,Completed,2,0.9,194,11,False
33,2269,13,2024-12-29T14:15:00,42,Outbound,Discovery,Completed,7,0.44,80,11,False
34,4151,2,2022-11-10T12:45:00,60,Inbound,Discovery,Completed,5,0.39,237,21,True
35,3943,9,2024-12-27T15:15:00,25,Outbound,Discovery,Completed,2,0.59,183,17,True
36,1578,2,2021-07-02T13:00:00,47,Outbound,Negotiation,Completed,7,0.51,236,18,False
37,3661,8,2023-11-16T11:00:00,38,Outbound,Technical Deep Dive,Rescheduled,1,,,0,False
38,3438,7,2022-10-06T09:00:00,31,Inbound,Discovery,Completed,3,0.48,226,20,False
39,4808,2,2024-01-15T12:45:00,39,Inbound,QBR,Completed,2,0.44,133,16,True
40,3864,11,2023-10-02T12:30:00,26,Outbound,Discovery,Completed,8,0.43,87,9,True
41,1974,10,2021-12-11T16:15:00,0,Inbound,QBR,No Show,1,,,0,False
42,2292,9,2024-08-08T09:15:00,43,Inbound,QBR,Completed,6,0.68,181,5,False
43,842,3,2023-06-19T15:00:00,3,Inbound,Negotiation,Voicemail,1,,,0,False
44,1650,1,2024-12-15T16:15:00,35,Outbound,Discovery,Completed,5,0.45,220,4,True
45,2702,14,2023-10-29T08:30:00,34,Outbound,QBR,Rescheduled,1,,,0,False
46,3477,15,2024-11-08T11:45:00,,Inbound,Technical Deep Dive,Completed,8,0.5,219,12,False
47,2400,16,2024-07-15T11:45:00,17,Outbound,Demo,Completed,5,0.8,38,8,False
48,600,16,2023-06-25T13:30:00,47,Outbound,Discovery,Completed,3,1.38,251,11,False
49,4523,6,2024-09-25T13:45:00,54,Outbound,Follow-Up,Completed,7,0.51,226,7,True
50,1907,12,2024-12-07T11:45:00,32,Outbound,Check-In,Completed,8,0.7,202,14,True
51,4989,11,2024-03-06T12:45:00,33,Inbound,Negotiation,Completed,5,0.67,150,4,False
52,3279,8,2024-05-12T14:00:00,26,Outbound,Check-In,Completed,3,0.62,91,14,False
53,357,11,2024-03-26T10:30:00,53,Inbound,QBR,Completed,4,0.47,143,18,True
54,1593,12,2024-07-06T10:15:00,57,Outbound,QBR,Completed,5,0.7,124,15,True
55,3396,7,2024-01-09T13:00:00,0,Outbound,Technical Deep Dive,No Show,1,,,0,False
56,4976,6,2024-06-23T11:00:00,0,Inbound,QBR,No Show,1,,,0,False
57,4233,7,2024-08-29T10:45:00,45,Inbound,Check-In,Completed,5,0.68,132,9,False
58,881,5,2024-08-01T13:30:00,60,Outbound,Negotiation,Completed,8,0.78,148,10,False
59,4075,1,2023-04-17T12:00:00,18,Outbound,Check-In,Completed,7,0.35,220,21,False
60,2232,16,2024-11-14T15:15:00,19,Outbound,Negotiation,Completed,4,0.42,77,8,False
61,1259,9,2023-08-16T11:30:00,0,Outbound,Check-In,No Show,1,,,0,False
62,240,8,2024-10-31T10:00:00,23,Inbound,Negotiation,Completed,2,0.54,233,14,False
63,762,12,2023-05-29T11:30:00,22,Outbound,Discovery,Completed,7,1.01,92,3,True
64,1695,8,2024-12-24T11:00:00,49,Outbound,Discovery,Completed,3,0.64,89,9,False
65,3954,15,2024-12-27T10:45:00,25,Inbound,Follow-Up,Completed,5,0.43,81,12,False
66,313,12,2030-06-15T10:00:00,31,Outbound,Check-In,Completed,2,0.73,164,6,True
67,4134,14,2021-11-26T11:00:00,,Inbound,Negotiation,Completed,7,0.55,118,6,True
68,3543,7,2023-01-22T13:45:00,41,Outbound,Demo,Completed,4,0.66,133,17,False
69,1242,15,2024-08-23T13:30:00,-24,Outbound,Technical Deep Dive,Completed,3,0.74,117,3,True
70,706,15,2024-12-25T11:45:00,0,Outbound,Follow-Up,No Show,1,,,0,False
71,4884,8,2024-09-24T08:30:00,27,Outbound,Check-In,Completed,3,0.67,85,19,False
72,4000,6,2021-12-29T12:30:00,19,Outbound,Negotiation,Completed,7,0.44,231,12,False
73,2641,8,2024-11-04T11:30:00,44,Outbound,Follow-Up,Completed,6,0.56,211,7,False
74,1415,8,2024-07-10T16:30:00,27,Outbound,Technical Deep Dive,Completed,8,0.44,211,11,False
75,1109,13,2022-12-04T14:00:00,42,Outbound,Negotiation,Completed,7,0.58,123,7,True
76,2921,5,2021-04-17T13:15:00,38,Outbound,Demo,Completed,3,0.38,212,17,True
77,897,7,2024-11-16T16:15:00,33,Outbound,QBR,Completed,6,0.74,65,8,False
78,3555,11,2024-05-31T12:30:00,54,Outbound,Negotiation,Completed,6,0.74,100,4,False
79,389,6,2022-11-26T13:15:00,20,Outbound,Technical Deep Dive,Completed,6,0.46,37,23,True
80,856,9,2024-11-17T11:00:00,22,Outbound,Negotiation,Completed,8,0.64,36,9,True
81,1464,12,2021-10-30T14:00:00,23,Outbound,Negotiation,Completed,2,0.63,186,16,True
82,1123,5,2024-03-11T16:45:00,40,Outbound,Technical Deep Dive,Completed,4,0.7,78,17,True
83,1627,3,2023-12-14T15:45:00,24,Outbound,Discovery,Rescheduled,1,,,0,False
84,4486,3,2024-03-20T14:45:00,0,Outbound,QBR,No Show,1,,,0,False
85,403,7,2024-12-18T10:45:00,1,Outbound,Negotiation,Voicemail,1,,,0,False
86,2853,6,2024-01-19T15:15:00,50,Outbound,Follow-Up,Completed,5,0.42,150,11,True
87,3048,4,2022-01-05T15:45:00,37,Inbound,Demo,Completed,7,0.69,126,3,False
88,2064,11,2024-04-02T10:15:00,43,Inbound,QBR,Completed,7,0.38,72,9,True
89,729,8,2024-10-08T11:00:00,27,Outbound,Negotiation,Completed,6,0.7,199,10,False
90,495,12,2024-11-22T14:15:00,51,Outbound,Technical Deep Dive,Completed,8,0.51,96,15,True
91,2827,10,2022-08-03T09:15:00,40,Outbound,Technical Deep Dive,Rescheduled,1,,,0,False
92,915,8,2022-04-14T13:45:00,26,Inbound,Discovery,Rescheduled,1,,,0,False
93,1253,8,2023-12-10T10:45:00,55,Outbound,Check-In,Completed,5,0.42,127,6,False
94,2441,15,2024-11-09T11:30:00,19,Outbound,Demo,Completed,8,0.67,172,7,True
95,4311,16,2024-12-01T11:30:00,39,Outbound,QBR,Completed,4,0.63,160,5,False
96,2066,10,2024-12-18T09:00:00,49,Outbound,Demo,Completed,5,0.54,46,3,False
97,2515,4,2024-06-18T10:30:00,30,Outbound,Negotiation,Rescheduled,1,,,0,False
98,1050,3,2024-09-28T13:15:00,60,Outbound,Check-In,Completed,7,0.31,66,13,False
99,3006,6,2023-11-24T10:30:00,0,Inbound,Negotiation,No Show,1,,,0,False
100,4833,16,2024-12-05T10:15:00,0,Outbound,Follow-Up,No Show,1,,,0,False
101,919,11,2023-02-04T11:30:00,24,Outbound,Follow-Up,Completed,5,0.64,237,3,False
102,3409,6,2024-09-05T11:30:00,18,Outbound,Check-In,Completed,8,0.45,204,9,False
103,1820,3,2022-05-16T14:45:00,58,Outbound,Demo,Completed,3,0.63,134,15,True
104,1194,9,2030-06-15T10:00:00,33,Inbound,Technical Deep Dive,Completed,5,0.55,108,13,True
105,4215,6,2021-02-21T10:30:00,48,Outbound,Check-In,Completed,4,0.49,157,22,False
106,4786,9,2024-04-19T12:15:00,39,Outbound,Follow-Up,Completed,4,0.61,60,10,False
107,2789,7,2024-12-27T13:45:00,40,Outbound,Technical Deep Dive,Completed,3,0.55,220,17,True
108,3677,1,2024-05-28T11:00:00,17,Outbound,Negotiation,Completed,8,0.56,111,8,False
109,3204,5,2024-08-13T14:15:00,17,Inbound,Follow-Up,Completed,7,0.71,127,13,False
110,3576,16,2024-12-16T13:15:00,56,Outbound,Check-In,Completed,4,0.69,98,11,False
111,4799,11,2024-05-13T15:30:00,37,Inbound,Discovery,Completed,8,0.45,83,9,False
112,2590,15,2024-12-29T11:15:00,43,Outbound,Follow-Up,Completed,5,0.44,178,12,True
113,4207,16,2024-12-31T15:45:00,30,Inbound,Demo,Rescheduled,1,,,0,False
114,4807,14,2021-12-21T15:00:00,57,Outbound,Technical Deep Dive,Completed,4,0.67,194,13,True
115,2390,12,2024-10-27T14:30:00,25,Inbound,QBR,Completed,2,0.53,39,15,False
116,1053,6,2023-01-19T14:15:00,28,Inbound,Demo,Completed,5,0.84,217,3,False
117,216,16,2024-08-05T16:45:00,18,Outbound,Technical Deep Dive,Rescheduled,1,,,0,False
118,4719,7,2024-07-26T10:30:00,47,Outbound,Follow-Up,Completed,4,0.67,142,20,False
119,1581,15,2024-10-25T12:00:00,20,Outbound,Follow-Up,Completed,3,1.38,44,6,False
120,3103,1,2021-12-30T15:45:00,0,Inbound,Discovery,No Show,1,,,0,False
121,764,12,2024-09-04T13:00:00,19,Outbound,Check-In,Rescheduled,1,,,0,False
122,4409,10,2024-12-26T14:15:00,41,Outbound,Technical Deep Dive,Rescheduled,1,,,0,False
123,1180,14,2024-12-28T14:15:00,0,Inbound,Negotiation,No Show,1,,,0,False
124,1997,6,2023-07-29T12:45:00,39,Inbound,Follow-Up,Rescheduled,1,,,0,False
125,4300,13,2024-09-30T11:00:00,20,Outbound,Demo,Completed,7,0.77,276,2,False
126,2620,3,2024-12-24T10:00:00,44,Outbound,QBR,Completed,6,0.65,177,20,False
127,1090,16,2021-03-05T14:30:00,15,Outbound,Check-In,Completed,4,0.45,93,9,False
128,56,1,2024-02-03T15:30:00,51,Outbound,Demo,Rescheduled,1,,,0,False
129,977,12,2024-08-04T12:30:00,50,Outbound,Demo,Completed,6,0.63,266,1,False
130,2159,3,2024-09-28T13:15:00,50,Inbound,Discovery,Completed,4,0.34,94,12,False
131,4438,13,2024-09-13T11:45:00,0,Inbound,Discovery,No Show,1,,,0,False
132,4198,4,2024-11-27T12:15:00,39,Outbound,Discovery,Completed,8,0.62,263,11,False
133,851,13,2024-07-21T10:00:00,0,Outbound,Demo,No Show,1,,,0,False
134,3815,15,2024-12-08T12:45:00,0,Inbound,Follow-Up,No Show,1,,,0,False
135,1471,10,2024-10-14T13:30:00,41,Outbound,Discovery,Completed,3,0.71,209,5,False
136,2216,4,2024-09-26T14:15:00,19,Inbound,Technical Deep Dive,Rescheduled,1,,,0,False
137,1298,2,2023-06-14T11:30:00,19,Outbound,Check-In,Completed,7,1.22,112,10,True
138,347,9,2024-05-27T16:30:00,54,Inbound,QBR,Rescheduled,1,,,0,False
139,2373,8,2024-02-04T14:00:00,33,Inbound,Demo,Completed,4,0.6,235,10,False
140,2946,14,2024-11-07T13:30:00,23,Outbound,Negotiation,Completed,5,0.66,218,6,False
141,3669,10,2024-04-18T10:00:00,27,Outbound,Demo,Completed,7,0.44,46,12,True
142,3605,2,2024-09-12T10:15:00,39,Outbound,Check-In,Completed,8,0.36,238,7,True
143,4507,2,2024-12-27T13:00:00,42,Outbound,Negotiation,Rescheduled,1,,,0,False
144,1948,15,2024-07-17T17:15:00,27,Inbound,Negotiation,Completed,3,1.31,238,1,False
145,3015,1,2024-10-21T09:15:00,42,Outbound,Negotiation,Completed,6,0.54,190,7,True
146,3146,15,2024-09-22T12:30:00,60,Inbound,QBR,Completed,4,0.5,163,16,True
147,2325,3,2030-06-15T10:00:00,36,Inbound,Follow-Up,Completed,2,0.59,152,22,False
148,87,6,2024-09-29T11:00:00,23,Outbound,Technical Deep Dive,Completed,4,0.69,207,12,True
149,1834,3,2023-10-27T12:45:00,27,Outbound,Demo,Completed,3,0.36,187,15,False
150,391,8,2024-09-11T13:00:00,3,Outbound,Technical Deep Dive,Voicemail,1,,,0,False
151,923,4,2024-01-13T15:45:00,45,Outbound,QBR,Completed,4,0.58,102,9,False
152,4640,5,2021-09-14T10:30:00,47,Inbound,Check-In,Completed,4,0.44,103,24,True
153,814,12,2024-12-03T08:15:00,40,Outbound,QBR,Completed,2,0.41,188,9,False
154,2000,10,2022-07-22T09:30:00,45,Inbound,Follow-Up,Completed,8,0.49,236,18,True
155,4428,9,2030-06-15T10:00:00,28,Outbound,Discovery,Completed,7,0.61,134,12,False
156,1795,7,2024-10-18T10:15:00,0,Outbound,Discovery,No Show,1,,,0,False
157,4179,6,2024-10-16T08:30:00,23,Inbound,Check-In,Completed,8,0.67,120,15,True
158,2599,3,2024-11-23T11:15:00,51,Inbound,Demo,Completed,8,0.31,107,15,False
159,2696,8,2024-12-30T14:15:00,31,Outbound,Discovery,Completed,8,0.55,212,16,True
160,2946,14,2030-06-15T10:00:00,16,Outbound,Technical Deep Dive,Rescheduled,1,,,0,False
161,4930,7,2024-05-20T10:00:00,50,Outbound,Technical Deep Dive,Completed,3,0.51,48,15,True
162,1503,7,2023-10-25T12:00:00,,Outbound,Follow-Up,Completed,3,0.49,48,6,True
163,4035,10,2024-12-19T14:30:00,29,Outbound,Discovery,Completed,6,0.57,152,17,True
164,3796,3,2024-07-25T14:30:00,34,Outbound,Demo,Completed,4,0.65,226,18,False
165,2246,1,2023-12-14T15:30:00,0,Outbound,Discovery,No Show,1,,,0,False
166,3451,15,2024-12-28T08:15:00,1,Outbound,Negotiation,Voicemail,1,,,0,False
167,2998,1,2024-11-09T11:45:00,32,Inbound,QBR,Rescheduled,1,,,0,False
168,2107,6,2024-03-26T11:30:00,32,Inbound,Negotiation,Completed,6,0.41,89,4,False
169,2213,13,2024-01-30T13:00:00,47,Outbound,Follow-Up,Completed,6,0.56,57,8,True
170,589,5,2030-06-15T10:00:00,59,Inbound,Demo,Completed,5,0.56,75,14,False
171,1227,8,2024-12-19T10:45:00,49,Inbound,Negotiation,Rescheduled,1,,,0,False
172,1961,14,2024-11-25T12:15:00,37,Inbound,Check-In,Completed,3,0.52,131,11,False
173,4278,2,2021-08-17T09:15:00,53,Outbound,Technical Deep Dive,Completed,2,0.54,154,6,False
174,3960,1,2024-08-17T09:45:00,39,Outbound,Check-In,Completed,5,0.6,128,22,True
175,1401,13,2024-06-09T11:30:00,,Outbound,QBR,Completed,6,1.47,153,2,False
176,3413,9,2024-12-24T10:00:00,0,Outbound,Follow-Up,No Show,1,,,0,False
177,2899,6,2024-05-28T16:30:00,22,Inbound,Negotiation,Completed,2,1.36,113,6,True
178,4795,5,2024-11-09T10:45:00,,Outbound,Negotiation,Completed,2,0.71,39,14,False
179,112,4,2021-05-08T12:00:00,,Outbound,QBR,Completed,8,0.5,212,5,False
180,878,3,2023-06-02T12:00:00,30,Outbound,Discovery,Completed,4,1.44,116,22,True
181,1371,2,2024-03-21T11:00:00,22,Outbound,Demo,Completed,3,0.38,181,7,True
182,4976,6,2024-06-21T11:15:00,40,Outbound,Negotiation,Completed,5,0.56,286,5,True
183,1570,6,2024-09-06T13:30:00,15,Outbound,Discovery,Completed,2,0.36,148,14,True
184,335,12,2022-01-21T10:15:00,46,Outbound,Check-In,Completed,8,0.65,93,5,False
185,2861,5,2023-02-17T13:00:00,29,Outbound,Check-In,Completed,8,0.42,162,12,False
186,4079,7,2023-04-13T12:15:00,58,Outbound,Negotiation,Completed,2,0.46,193,10,True
187,4471,5,2023-08-06T15:45:00,35,Outbound,QBR,Rescheduled,1,,,0,False
188,1771,16,2024-12-29T09:15:00,35,Outbound,Technical Deep Dive,Completed,4,0.46,179,3,False
189,526,6,2022-08-26T12:00:00,51,Inbound,Check-In,Completed,4,0.58,177,7,True
190,2799,13,2024-12-17T09:00:00,33,Inbound,QBR,Completed,4,0.82,127,9,False
191,1175,16,2024-12-28T15:45:00,,Inbound,Demo,Completed,8,0.6,193,8,True
192,378,11,2024-12-19T09:15:00,44,Inbound,Negotiation,Completed,3,0.61,234,12,False
193,4638,12,2024-12-27T16:00:00,40,Outbound,Technical Deep Dive,Completed,6,0.77,100,4,False
194,4588,1,2024-12-20T15:15:00,58,Outbound,Check-In,Completed,7,0.6,88,13,True
195,2492,7,2024-01-05T10:30:00,34,Outbound,Follow-Up,Completed,4,0.59,209,5,False
196,3244,15,2024-11-25T13:15:00,51,Outbound,Check-In,Completed,4,0.67,131,12,False
197,4961,1,2024-02-07T14:00:00,42,Outbound,QBR,Completed,7,0.69,132,6,False
198,3133,6,2024-03-22T10:45:00,37,Outbound,Discovery,Rescheduled,1,,,0,False
199,1073,5,2023-03-15T16:45:00,49,Outbound,Technical Deep Dive,Completed,3,0.71,169,3,False
200,818,11,2024-11-09T08:00:00,38,Inbound,Demo,Completed,8,0.43,38,11,True
201,4139,6,2024-12-18T13:30:00,27,Outbound,Check-In,Completed,4,0.4,185,12,False
202,4071,1,2024-12-12T12:00:00,43,Outbound,Negotiation,Completed,8,0.37,65,4,True
203,1043,6,2023-01-10T09:00:00,53,Inbound,QBR,Completed,6,0.49,59,4,True
204,1494,14,2024-12-19T13:00:00,58,Inbound,Technical Deep Dive,Completed,4,0.69,89,11,True
205,2002,5,2023-11-10T11:45:00,2,Outbound,Demo,Voicemail,1,,,0,False
206,4691,4,2024-08-13T14:15:00,0,Outbound,Demo,No Show,1,,,0,False
207,4539,7,2024-11-19T12:45:00,31,Outbound,Technical Deep Dive,Completed,7,0.47,163,14,True
208,16,6,2030-06-15T10:00:00,39,Outbound,Discovery,Completed,8,0.37,163,18,False
209,2175,7,2024-03-26T10:45:00,52,Outbound,Technical Deep Dive,Completed,5,0.69,104,19,True
210,4897,15,2024-10-18T10:45:00,35,Outbound,QBR,Completed,4,0.57,153,5,False
211,4309,12,2030-06-15T10:00:00,21,Inbound,QBR,Completed,8,0.65,195,6,True
212,3769,4,2024-11-13T17:00:00,,Outbound,Follow-Up,Completed,4,0.51,216,4,False
213,2206,12,2022-12-04T12:15:00,15,Outbound,Demo,Completed,7,0.62,233,16,False
214,821,14,2022-10-04T12:45:00,42,Outbound,Technical Deep Dive,Completed,6,0.57,43,6,True
215,4942,14,2021-11-13T13:00:00,-54,Outbound,Discovery,Completed,6,0.69,90,8,True
216,3989,2,2024-06-29T12:30:00,60,Outbound,Negotiation,Completed,3,0.63,186,22,True
217,2539,15,2024-03-28T14:45:00,59,Outbound,Demo,Completed,4,0.67,94,6,True
218,3561,15,2024-09-21T12:30:00,,Outbound,Check-In,Completed,6,0.67,118,4,False
219,119,8,2024-07-23T11:45:00,22,Outbound,QBR,Completed,8,0.41,70,18,True
220,1859,2,2022-03-29T16:45:00,56,Outbound,Demo,Completed,7,0.4,118,10,True
221,3048,4,2022-02-24T15:15:00,30,Outbound,Negotiation,Completed,7,0.57,241,15,False
222,1493,6,2024-12-05T14:30:00,39,Outbound,Follow-Up,Completed,3,0.55,227,13,True
223,225,16,2030-06-15T10:00:00,56,Outbound,Negotiation,Completed,6,0.84,213,8,True
224,2238,14,2024-12-06T13:00:00,0,Inbound,Discovery,No Show,1,,,0,False
225,662,3,2024-05-17T11:15:00,0,Outbound,Negotiation,No Show,1,,,0,False
226,2533,12,2023-01-18T10:00:00,48,Outbound,QBR,Completed,2,0.65,135,18,True
227,4970,9,2020-10-16T09:45:00,41,Outbound,Negotiation,Completed,8,0.62,182,14,True
228,241,10,2022-12-24T11:45:00,15,Outbound,Technical Deep Dive,Completed,3,0.57,153,9,True
229,2429,14,2024-08-06T11:30:00,35,Outbound,Negotiation,Completed,2,0.62,179,6,False
230,3935,7,2024-09-27T14:15:00,22,Inbound,Demo,Completed,6,0.5,234,13,True
231,4110,9,2023-01-22T15:45:00,0,Outbound,QBR,No Show,1,,,0,False
232,3776,11,2024-12-28T13:00:00,60,Outbound,Discovery,Completed,3,0.5,232,9,True
233,4220,14,2024-10-07T15:15:00,29,Outbound,QBR,Completed,4,0.78,165,13,True
234,2299,3,2024-12-10T16:30:00,53,Outbound,QBR,Completed,4,0.61,127,9,False
235,1040,14,2022-06-11T16:00:00,53,Inbound,Technical Deep Dive,Completed,3,0.52,203,10,True
236,3931,8,2024-12-31T08:15:00,0,Inbound,QBR,No Show,1,,,0,False
237,3906,11,2024-01-19T12:00:00,38,Inbound,QBR,Rescheduled,1,,,0,False
238,608,11,2024-05-05T14:30:00,47,Outbound,Technical Deep Dive,Completed,4,0.56,171,13,True
239,571,9,2024-12-23T16:30:00,46,Outbound,Technical Deep Dive,Completed,7,0.71,208,11,False
240,1734,4,2022-10-13T13:00:00,34,Outbound,Demo,Completed,2,0.81,109,2,False
241,4531,4,2024-06-11T11:30:00,27,Outbound,Demo,Rescheduled,1,,,0,False
242,3737,9,2024-12-02T15:45:00,38,Outbound,Demo,Rescheduled,1,,,0,False
243,2173,13,2024-09-22T13:15:00,30,Inbound,Discovery,Completed,7,0.59,71,11,False
244,4773,11,2024-12-06T17:45:00,37,Inbound,Demo,Completed,8,0.54,60,3,False
245,2825,12,2022-04-23T11:00:00,0,Outbound,QBR,No Show,1,,,0,False
246,1313,11,2022-02-07T12:45:00,30,Outbound,Negotiation,Completed,3,0.65,239,4,False
247,3199,1,2024-03-17T12:30:00,56,Outbound,Discovery,Completed,5,0.41,233,4,True
248,3602,16,2024-12-19T16:30:00,0,Outbound,Demo,No Show,1,,,0,False
249,386,11,2024-01-03T15:30:00,29,Outbound,Discovery,Completed,5,0.58,226,6,True
250,4209,4,2024-12-22T13:30:00,0,Inbound,Follow-Up,No Show,1,,,0,False
251,2734,5,2023-07-22T09:30:00,58,Outbound,QBR,Completed,5,0.51,89,18,True
252,1967,15,2024-12-19T15:45:00,40,Inbound,Check-In,Rescheduled,1,,,0,False
253,1378,6,2024-06-25T14:15:00,22,Inbound,Demo,Completed,8,0.39,88,4,True
254,4002,16,2023-10-18T11:30:00,53,Outbound,Technical Deep Dive,Completed,3,0.59,59,14,True
255,2053,11,2023-01-18T13:45:00,15,Outbound,Follow-Up,Completed,7,0.6,143,9,True
256,2321,10,2024-12-31T09:30:00,16,Outbound,Follow-Up,Completed,8,0.39,36,18,True
257,2517,15,2024-12-25T10:15:00,28,Inbound,Discovery,Completed,5,0.72,225,8,True
258,3619,2,2024-06-25T13:45:00,33,Outbound,Technical Deep Dive,Completed,4,0.3,139,15,True
259,4392,9,2030-06-15T10:00:00,36,Inbound,Demo,Completed,4,1.39,184,9,False
260,3919,11,2024-12-02T14:00:00,52,Inbound,Demo,Completed,6,0.6,149,12,True
261,2832,4,2024-09-25T15:15:00,44,Outbound,Negotiation,Completed,3,0.79,271,11,False
262,1424,9,2023-02-08T15:45:00,38,Outbound,QBR,Completed,6,0.45,97,6,True
263,824,4,2024-06-05T15:15:00,55,Inbound,Technical Deep Dive,Rescheduled,1,,,0,False
264,256,4,2024-07-27T15:15:00,22,Outbound,Follow-Up,Rescheduled,1,,,0,False
265,571,9,2024-12-25T11:15:00,41,Inbound,Negotiation,Completed,6,0.6,30,14,True
266,4840,15,2024-12-15T12:15:00,44,Outbound,Check-In,Completed,8,0.61,49,12,False
267,166,13,2022-07-31T08:15:00,31,Outbound,Technical Deep Dive,Completed,2,0.64,77,5,True
268,4050,5,2024-09-10T11:00:00,0,Outbound,Discovery,No Show,1,,,0,False
269,4231,12,2024-12-31T11:30:00,52,Outbound,QBR,Rescheduled,1,,,0,False
270,4364,9,2023-10-13T15:30:00,15,Inbound,Check-In,Completed,2,0.45,150,7,False
271,2391,12,2024-11-24T11:45:00,0,Inbound,Technical Deep Dive,No Show,1,,,0,False
272,3960,1,2024-10-01T15:45:00,45,Inbound,Technical Deep Dive,Rescheduled,1,,,0,False
273,4342,5,2023-07-28T14:15:00,27,Inbound,Negotiation,Completed,8,0.58,232,12,False
274,4873,6,2024-05-26T15:45:00,40,Outbound,QBR,Completed,5,0.57,70,12,True
275,1157,11,2024-11-13T11:15:00,58,Inbound,Discovery,Completed,5,0.52,191,12,True
276,3605,2,2024-09-15T17:30:00,41,Outbound,Check-In,Completed,7,1.28,208,13,True
277,3533,4,2022-08-23T15:15:00,-39,Inbound,Technical Deep Dive,Completed,6,0.67,106,17,False
278,1379,9,2022-08-26T14:15:00,27,Outbound,Technical Deep Dive,Completed,8,0.6,75,15,False
279,3984,9,2024-09-08T09:30:00,56,Inbound,Discovery,Completed,5,0.79,275,7,False
280,943,4,2023-03-16T09:30:00,45,Inbound,Discovery,Rescheduled,1,,,0,False
281,3741,10,2030-06-15T10:00:00,55,Outbound,Check-In,Completed,3,0.66,47,13,False
282,2831,14,2024-08-15T12:45:00,15,Outbound,Negotiation,Completed,7,0.62,167,2,False
283,4028,12,2024-08-15T10:00:00,36,Outbound,Follow-Up,Completed,2,0.59,289,6,False
284,4637,14,2021-12-11T14:30:00,0,Inbound,QBR,No Show,1,,,0,False
285,1670,16,2024-04-26T12:15:00,57,Outbound,Technical Deep Dive,Completed,3,0.49,200,16,False
286,4355,15,2024-12-25T10:30:00,26,Outbound,Follow-Up,Completed,3,0.87,220,7,False
287,1203,3,2024-05-08T09:45:00,47,Outbound,Technical Deep Dive,Completed,2,0.35,116,14,True
288,1351,13,2024-12-05T14:00:00,40,Outbound,Check-In,Rescheduled,1,,,0,False
289,4626,3,2023-10-31T15:15:00,44,Inbound,Check-In,Completed,5,0.61,196,14,True
290,1432,12,2023-05-17T15:15:00,44,Outbound,Negotiation,Rescheduled,1,,,0,False
291,1059,9,2022-02-15T10:15:00,21,Outbound,Technical Deep Dive,Rescheduled,1,,,0,False
292,2310,4,2023-10-25T14:30:00,0,Inbound,QBR,No Show,1,,,0,False
293,1101,7,2030-06-15T10:00:00,,Inbound,Demo,Completed,5,0.67,36,5,True
294,4659,6,2024-09-24T13:30:00,17,Inbound,Negotiation,Completed,5,0.58,154,4,False
295,4010,1,2024-06-10T13:45:00,55,Outbound,Follow-Up,Completed,8,0.39,236,22,True
296,4583,5,2024-11-15T16:15:00,38,Inbound,Negotiation,Rescheduled,1,,,0,False
297,4304,3,2024-05-21T10:15:00,59,Outbound,Negotiation,Completed,6,0.76,255,6,False
298,3914,5,2024-12-11T11:15:00,19,Outbound,Negotiation,Completed,6,0.49,219,20,True
299,1347,7,2022-08-21T10:30:00,56,Inbound,Demo,Completed,6,0.7,193,5,False
300,1602,10,2024-12-06T12:45:00,35,Outbound,Technical Deep Dive,Completed,4,0.45,207,6,False
301,96,1,2024-11-23T12:30:00,15,Inbound,Follow-Up,Completed,6,0.33,43,22,False
302,3418,10,2024-12-12T12:30:00,0,Outbound,QBR,No Show,1,,,0,False
303,3347,15,2030-06-15T10:00:00,51,Outbound,Follow-Up,Completed,5,0.85,195,5,False
304,4916,15,2024-11-05T14:00:00,38,Outbound,Demo,Completed,6,0.67,128,8,False
305,1320,2,2023-10-14T12:15:00,36,Outbound,Technical Deep Dive,Completed,2,0.52,70,21,False
306,4919,3,2024-12-08T08:45:00,52,Outbound,Technical Deep Dive,Completed,8,0.48,181,20,False
307,1087,6,2023-03-22T11:15:00,57,Inbound,QBR,Completed,7,0.6,111,17,False
308,412,8,2021-07-09T10:00:00,43,Outbound,Follow-Up,Completed,7,0.36,238,7,False
309,1804,4,2021-10-15T13:15:00,37,Outbound,Follow-Up,Completed,2,0.52,190,12,True
310,320,1,2024-12-25T09:45:00,57,Outbound,Check-In,Rescheduled,1,,,0,False
311,2544,7,2024-12-18T10:30:00,60,Outbound,Follow-Up,Completed,3,0.84,176,2,False
312,4361,7,2024-11-03T12:00:00,30,Outbound,Discovery,Completed,7,0.37,43,18,True
313,3548,5,2022-10-12T09:30:00,3,Inbound,Follow-Up,Voicemail,1,,,0,False
314,3505,10,2023-10-23T13:15:00,26,Inbound,Follow-Up,Rescheduled,1,,,0,False
315,4812,15,2024-08-31T12:00:00,46,Inbound,Demo,Completed,5,0.64,76,8,True
316,4583,5,2024-12-17T14:30:00,50,Inbound,Follow-Up,Rescheduled,1,,,0,False
317,2109,14,2022-03-19T09:00:00,1,Outbound,Demo,Voicemail,1,,,0,False
318,2930,15,2024-12-24T10:00:00,,Outbound,Technical Deep Dive,Completed,8,0.89,154,2,True
319,1989,16,2024-12-25T12:30:00,50,Outbound,QBR,Completed,5,0.65,186,4,True
320,620,7,2023-09-28T12:45:00,48,Inbound,Negotiation,Completed,4,0.65,171,17,False
321,3207,13,2024-03-19T10:00:00,15,Outbound,Follow-Up,Completed,7,0.68,100,3,False
322,3118,1,2023-02-13T16:00:00,44,Outbound,Demo,Rescheduled,1,,,0,False
323,585,10,2024-12-10T08:30:00,53,Outbound,Check-In,Completed,3,0.53,225,16,False
324,84,15,2024-10-10T14:00:00,0,Outbound,Check-In,No Show,1,,,0,False
325,2146,11,2022-01-12T09:15:00,-56,Outbound,Negotiation,Completed,6,0.65,125,14,True
326,2098,4,2022-07-18T09:45:00,47,Outbound,Check-In,Completed,2,0.59,80,8,True
327,2533,12,2023-03-21T11:15:00,30,Inbound,Negotiation,Completed,8,0.52,171,16,False
328,4820,14,2021-07-18T12:45:00,0,Outbound,QBR,No Show,1,,,0,False
329,245,14,2023-11-02T13:00:00,0,Outbound,Technical Deep Dive,No Show,1,,,0,False
330,4777,9,2022-12-28T10:30:00,36,Outbound,Follow-Up,Completed,2,0.42,35,8,False
331,4242,10,2024-02-03T10:45:00,24,Outbound,Discovery,Completed,7,0.39,168,9,True
332,2589,5,2030-06-15T10:00:00,33,Outbound,Negotiation,Completed,8,0.48,171,20,False
333,950,11,2024-12-30T11:15:00,43,Outbound,Negotiation,Completed,5,0.7,78,17,False
334,3393,1,2023-07-16T16:30:00,41,Outbound,Demo,Completed,4,0.4,225,8,True
335,1051,4,2022-09-25T12:45:00,50,Outbound,Check-In,Rescheduled,1,,,0,False
336,609,6,2024-12-12T10:45:00,0,Outbound,Technical Deep Dive,No Show,1,,,0,False
337,449,13,2022-07-28T09:30:00,45,Inbound,Discovery,Completed,6,0.47,205,7,False
338,3748,13,2024-10-19T15:30:00,3,Outbound,Technical Deep Dive,Voicemail,1,,,0,False
339,4845,8,2023-10-20T11:45:00,17,Inbound,Negotiation,Completed,2,0.53,152,11,True
340,149,2,2023-10-06T10:45:00,29,Outbound,Technical Deep Dive,Completed,7,0.42,203,24,True
341,4988,8,2022-07-16T10:15:00,17,Inbound,QBR,Completed,5,0.34,54,12,True
342,741,8,2024-07-01T09:00:00,54,Inbound,Follow-Up,Rescheduled,1,,,0,False
343,1859,2,2022-04-24T12:45:00,55,Outbound,Discovery,Completed,7,0.51,197,7,False
344,1901,13,2024-03-16T15:00:00,2,Inbound,Follow-Up,Voicemail,1,,,0,False
345,2832,4,2024-11-17T17:00:00,,Outbound,Discovery,No Show,1,,,0,False
346,1410,3,2024-12-06T15:45:00,15,Inbound,Discovery,Completed,2,0.3,63,7,True
347,3258,15,2024-07-24T08:15:00,19,Outbound,Check-In,Completed,6,0.73,77,15,True
348,1596,16,2023-11-14T10:00:00,15,Outbound,QBR,Completed,3,0.64,41,1,False
349,747,15,2024-12-22T09:15:00,60,Outbound,Follow-Up,Completed,3,0.65,144,12,False
350,4652,5,2024-12-17T16:45:00,58,Outbound,QBR,Completed,4,0.53,197,7,False
351,1609,3,2023-12-01T14:45:00,51,Outbound,Follow-Up,Completed,2,1.06,201,4,False
352,3596,5,2024-03-13T10:45:00,18,Outbound,Negotiation,Completed,8,0.64,113,17,False
353,350,2,2024-08-01T13:45:00,33,Inbound,Discovery,Completed,5,0.58,88,15,False
354,3387,9,2024-10-02T08:15:00,15,Outbound,Follow-Up,Completed,8,0.72,48,13,True
355,3684,15,2024-10-26T12:00:00,3,Inbound,Technical Deep Dive,Voicemail,1,,,0,False
356,1578,2,2021-03-12T14:15:00,52,Outbound,QBR,Completed,5,0.54,34,9,False
357,83,12,2024-08-29T15:45:00,57,Outbound,Technical Deep Dive,Completed,7,0.48,107,18,True
358,4613,3,2024-04-25T17:45:00,38,Outbound,Follow-Up,Completed,5,0.39,94,18,True
359,2992,3,2024-08-20T13:00:00,59,Outbound,Negotiation,Completed,7,0.37,33,7,False
360,52,16,2024-11-04T13:30:00,27,Inbound,Check-In,Completed,5,0.61,102,12,False
361,3376,5,2024-06-24T11:45:00,40,Outbound,Follow-Up,Completed,5,0.43,197,14,True
362,611,9,2024-06-21T09:30:00,33,Inbound,Follow-Up,Completed,2,0.55,52,10,True
363,3302,6,2024-11-07T17:45:00,23,Outbound,Technical Deep Dive,Completed,8,0.53,149,19,True
364,6,6,2024-12-25T10:00:00,0,Outbound,Discovery,No Show,1,,,0,False
365,4780,15,2024-05-05T12:45:00,25,Outbound,Check-In,Completed,7,1.15,58,3,True
366,10,2,2024-05-11T10:00:00,58,Outbound,Discovery,Completed,2,0.45,45,19,False
367,1353,12,2024-02-16T10:45:00,60,Outbound,Technical Deep Dive,Completed,6,0.41,40,3,True
368,3157,13,2024-09-25T11:15:00,3,Outbound,Technical Deep Dive,Voicemail,1,,,0,False
369,1303,4,2023-05-03T17:30:00,47,Outbound,Discovery,Rescheduled,1,,,0,False
370,3282,3,2021-02-27T10:45:00,38,Inbound,Check-In,Completed,7,1.13,40,15,True
371,4035,10,2024-12-17T15:45:00,34,Outbound,Check-In,Completed,2,0.52,214,17,True
372,4493,7,2024-05-09T12:30:00,,Outbound,Technical Deep Dive,Completed,8,0.42,99,13,True
373,2683,2,2024-10-30T10:45:00,43,Outbound,Check-In,Completed,5,0.42,137,9,False
374,408,14,2022-03-10T12:30:00,31,Outbound,QBR,Completed,6,0.67,80,11,False
375,3430,14,2023-08-07T10:00:00,60,Outbound,Discovery,Completed,6,0.54,105,2,False
376,4825,13,2023-09-27T12:00:00,27,Outbound,Discovery,Completed,3,0.59,69,4,False
377,3735,1,2024-08-28T11:15:00,59,Inbound,Negotiation,Rescheduled,1,,,0,False
378,3956,1,2024-02-08T10:30:00,31,Outbound,Follow-Up,Rescheduled,1,,,0,False
379,200,7,2024-10-07T13:00:00,48,Inbound,Check-In,Rescheduled,1,,,0,False
380,2898,14,2024-12-20T14:00:00,36,Outbound,Technical Deep Dive,Completed,7,0.51,192,9,False
381,81,9,2023-06-01T10:45:00,38,Outbound,Discovery,Completed,8,0.71,169,10,False
382,651,11,2024-11-04T10:30:00,45,Outbound,Negotiation,Rescheduled,1,,,0,False
383,2278,6,2021-10-13T14:30:00,45,Inbound,Follow-Up,Completed,8,0.67,164,8,False
384,4263,4,2024-07-06T11:30:00,49,Outbound,QBR,Completed,4,0.66,211,6,True
385,594,6,2024-04-28T09:15:00,31,Outbound,Follow-Up,Completed,6,0.43,117,7,False
386,1631,8,2030-06-15T10:00:00,1,Inbound,Follow-Up,Voicemail,1,,,0,False
387,3345,2,2024-03-15T15:15:00,59,Outbound,Negotiation,Completed,6,0.46,105,20,True
388,4443,4,2021-04-25T14:00:00,56,Outbound,Technical Deep Dive,Completed,4,0.69,202,4,False
389,1402,11,2024-07-19T12:45:00,55,Inbound,Check-In,Completed,8,0.35,169,18,True
390,4580,12,2023-03-22T16:45:00,31,Outbound,Check-In,Completed,7,0.44,79,7,False
391,3685,1,2022-11-28T09:00:00,55,Outbound,QBR,Completed,7,0.45,67,13,False
392,1834,3,2023-10-08T14:15:00,,Inbound,Demo,Completed,6,0.38,141,24,False
393,2576,8,2023-03-12T12:15:00,25,Outbound,Discovery,Completed,8,0.52,201,15,False
394,2449,2,2024-04-25T10:15:00,27,Outbound,QBR,Completed,6,0.65,238,6,True
395,2900,2,2022-08-21T13:15:00,19,Inbound,Technical Deep Dive,Completed,7,0.51,236,9,True
396,4826,9,2024-03-18T09:45:00,22,Outbound,Negotiation,Completed,5,0.82,197,10,True
397,4294,15,2024-07-03T09:30:00,48,Inbound,Check-In,Completed,6,0.58,157,12,False
398,1150,2,2024-06-10T14:15:00,3,Inbound,Check-In,Voicemail,1,,,0,False
399,4011,12,2024-12-04T10:30:00,23,Outbound,Negotiation,Completed,8,1.01,44,7,True
400,4967,6,2024-12-18T17:45:00,57,Outbound,Technical Deep Dive,Rescheduled,1,,,0,False
401,3785,7,2024-06-14T12:00:00,23,Outbound,Discovery,Completed,7,0.52,98,14,False
402,1264,16,2024-12-31T16:00:00,0,Outbound,QBR,No Show,1,,,0,False
403,2330,4,2021-09-01T13:15:00,0,Outbound,Follow-Up,No Show,1,,,0,False
404,3471,7,2024-12-06T10:30:00,53,Outbound,QBR,Rescheduled,1,,,0,False
405,2186,6,2024-01-25T10:30:00,34,Outbound,Check-In,Completed,7,0.58,196,18,True
406,3695,14,2024-11-26T15:45:00,0,Outbound,Follow-Up,No Show,1,,,0,False
407,2539,15,2024-03-28T14:30:00,0,Outbound,Negotiation,No Show,1,,,0,False
408,2391,12,2024-11-12T11:00:00,52,Inbound,Check-In,Completed,2,0.47,32,7,False
409,4981,14,2024-04-13T13:00:00,31,Outbound,Demo,Rescheduled,1,,,0,False
410,3569,15,2024-05-19T12:15:00,26,Inbound,Technical Deep Dive,Completed,5,0.73,232,3,False
411,1901,13,2024-02-18T12:45:00,,Inbound,Discovery,Completed,8,0.46,152,7,False
412,4430,8,2023-11-10T09:45:00,55,Outbound,Negotiation,Completed,6,0.78,142,12,False
413,3225,10,2022-06-30T12:30:00,,Outbound,Check-In,Completed,5,0.33,175,20,True
414,834,5,2024-12-17T16:45:00,60,Outbound,Negotiation,Completed,7,0.41,158,11,True
415,4039,1,2024-02-25T09:15:00,60,Outbound,Check-In,Completed,3,0.55,230,15,False
416,3302,6,2024-11-19T11:30:00,42,Outbound,Negotiation,Completed,4,0.6,125,20,False
417,4007,14,2024-10-16T12:45:00,38,Outbound,QBR,Completed,5,0.48,136,9,False
418,120,15,2024-11-20T10:30:00,52,Outbound,Demo,Completed,8,0.65,113,12,False
419,1214,3,2021-06-05T12:45:00,36,Outbound,Discovery,Completed,4,0.61,110,10,True
420,3429,7,2021-12-01T12:45:00,51,Inbound,Discovery,Completed,2,0.41,114,20,True
421,361,7,2024-12-16T12:30:00,42,Outbound,Follow-Up,Completed,3,0.67,43,8,True
422,2005,15,2024-11-13T15:15:00,27,Inbound,Technical Deep Dive,Completed,5,0.53,149,12,False
423,4942,14,2022-02-03T10:30:00,0,Inbound,Technical Deep Dive,No Show,1,,,0,False
424,1765,14,2023-05-17T08:00:00,27,Outbound,Check-In,Rescheduled,1,,,0,False
425,1465,4,2024-10-15T13:15:00,35,Outbound,Negotiation,Completed,4,0.65,104,8,False
426,3543,7,2022-12-07T13:00:00,2,Inbound,Technical Deep Dive,Voicemail,1,,,0,False
427,1325,15,2030-06-15T10:00:00,,Outbound,Discovery,Completed,7,0.87,183,7,True
428,1480,2,2024-02-24T15:45:00,0,Inbound,QBR,No Show,1,,,0,False
429,2659,6,2024-07-15T12:15:00,59,Inbound,Technical Deep Dive,Completed,3,0.7,172,7,False
430,4326,16,2024-12-31T12:15:00,54,Outbound,Negotiation,Completed,3,0.55,149,12,False
431,3208,2,2023-12-23T10:45:00,58,Inbound,Negotiation,Rescheduled,1,,,0,False
432,696,9,2023-03-30T10:30:00,,Inbound,Demo,Rescheduled,1,,,0,False
433,4653,16,2024-12-02T12:00:00,0,Outbound,Demo,No Show,1,,,0,False
434,1503,7,2023-10-06T09:45:00,35,Outbound,Technical Deep Dive,Completed,8,0.49,72,15,False
435,2244,1,2024-07-17T13:00:00,26,Outbound,Technical Deep Dive,Completed,4,0.55,126,16,False
436,410,14,2024-05-01T10:30:00,33,Outbound,Negotiation,Rescheduled,1,,,0,False
437,4907,16,2024-10-01T10:15:00,53,Outbound,Demo,Completed,8,0.65,162,13,True
438,4473,15,2024-12-03T12:30:00,20,Outbound,Follow-Up,Completed,6,0.46,104,10,True
439,1831,3,2022-05-23T16:30:00,58,Outbound,Negotiation,Completed,6,0.5,232,22,True
440,2347,11,2023-12-06T16:15:00,32,Outbound,Follow-Up,Completed,8,0.62,193,13,False
441,3296,10,2024-11-06T10:15:00,19,Outbound,Demo,Completed,4,0.47,118,6,False
442,636,9,2024-12-27T12:00:00,43,Outbound,Check-In,Completed,6,0.61,137,6,True
443,3065,2,2024-01-26T12:30:00,32,Inbound,Technical Deep Dive,Completed,8,0.53,87,21,False
444,3518,14,2024-12-03T14:15:00,46,Inbound,Demo,Completed,4,0.82,47,4,True
445,2704,11,2024-12-05T16:15:00,41,Outbound,QBR,Completed,3,0.46,32,11,True
446,2743,4,2022-08-23T12:00:00,33,Outbound,Technical Deep Dive,Completed,8,1.03,112,19,True
447,3885,15,2024-12-14T15:15:00,39,Outbound,Check-In,Completed,4,0.8,256,1,True
448,1509,14,2024-07-09T10:00:00,57,Outbound,Follow-Up,Completed,2,0.9,110,1,False
449,4829,14,2023-05-31T14:30:00,41,Outbound,Negotiation,Completed,3,0.63,247,4,False
450,1491,2,2023-06-04T12:00:00,47,Outbound,Demo,Completed,4,0.39,41,13,True
451,3012,13,2024-12-04T16:15:00,55,Inbound,Demo,Completed,2,0.48,138,7,False
452,1446,5,2024-10-06T15:15:00,27,Outbound,Discovery,Completed,2,0.4,135,13,False
453,2291,1,2024-10-19T12:45:00,29,Outbound,Discovery,Completed,4,0.36,211,10,True
454,4374,15,2024-04-27T10:15:00,18,Outbound,Demo,Completed,4,0.4,104,7,False
455,3366,7,2024-08-25T13:00:00,45,Outbound,Negotiation,Completed,4,0.54,86,13,True
456,4332,10,2024-03-22T11:00:00,15,Inbound,Demo,Completed,2,0.83,72,5,False
457,4,1,2024-10-06T14:00:00,33,Outbound,QBR,Completed,8,0.36,129,9,False
458,3394,16,2024-12-28T13:45:00,34,Outbound,QBR,Rescheduled,1,,,0,False
459,2132,4,2024-12-31T11:00:00,44,Outbound,Negotiation,Rescheduled,1,,,0,False
460,4037,15,2024-08-22T09:45:00,18,Outbound,Negotiation,Completed,7,0.67,213,6,False
461,2989,12,2021-03-03T11:15:00,15,Outbound,Discovery,Completed,5,0.48,234,18,False
462,2031,10,2024-04-21T10:45:00,48,Outbound,Follow-Up,Completed,5,0.35,76,9,False
463,979,14,2024-02-17T11:15:00,15,Inbound,Follow-Up,Completed,3,0.65,185,4,False
464,4462,13,2024-12-24T14:15:00,51,Outbound,Follow-Up,Completed,6,0.7,47,7,False
465,2767,7,2024-12-03T13:15:00,49,Outbound,Demo,Completed,8,1.11,216,6,True
466,1725,5,2020-12-31T15:00:00,32,Inbound,Discovery,Completed,3,0.61,104,13,True
467,1810,6,2024-12-20T15:45:00,48,Inbound,Technical Deep Dive,Completed,2,0.66,191,15,False
468,4528,1,2024-09-24T13:45:00,29,Inbound,Negotiation,Completed,3,0.45,174,16,True
469,1321,7,2030-06-15T10:00:00,31,Outbound,Demo,Completed,7,0.5,65,5,False
470,1820,3,2022-05-04T16:30:00,15,Outbound,Demo,Completed,6,0.53,284,13,False
471,184,12,2024-12-16T16:00:00,20,Outbound,Technical Deep Dive,Completed,3,0.57,257,12,False
472,2529,11,2024-03-31T10:30:00,40,Outbound,Check-In,Rescheduled,1,,,0,False
473,4119,3,2024-10-18T12:15:00,26,Outbound,Follow-Up,Completed,5,0.36,168,6,True
474,4709,8,2024-12-03T16:15:00,37,Outbound,Negotiation,Completed,3,0.68,176,17,True
475,3384,5,2022-03-02T11:30:00,17,Outbound,Discovery,Completed,4,0.4,33,19,True
476,3049,15,2024-10-08T10:45:00,24,Outbound,Check-In,Completed,2,0.58,86,10,True
477,938,2,2024-12-21T12:30:00,36,Outbound,Check-In,Completed,2,1.15,74,13,True
478,2660,7,2024-10-05T17:30:00,52,Outbound,Negotiation,Completed,2,0.35,231,16,False
479,2838,14,2024-11-18T11:15:00,17,Outbound,Demo,Completed,2,0.6,88,3,False
480,1360,8,2021-07-03T11:45:00,55,Inbound,Follow-Up,Completed,7,0.64,47,12,True
481,1942,16,2024-12-10T15:30:00,48,Outbound,Follow-Up,Completed,5,0.41,142,19,False
482,4328,16,2024-12-13T15:45:00,23,Inbound,Negotiation,Completed,3,1.31,227,6,True
483,2025,15,2024-11-05T14:45:00,22,Inbound,Discovery,Completed,7,0.51,54,15,True
484,1517,5,2024-12-06T09:15:00,31,Inbound,Negotiation,Completed,8,0.5,229,11,True
485,1954,12,2024-08-13T10:15:00,59,Outbound,Discovery,Completed,6,0.53,114,18,True
486,805,9,2024-10-07T12:15:00,39,Inbound,Check-In,Completed,8,0.68,170,15,True
487,760,5,2024-12-16T14:15:00,40,Outbound,Demo,Completed,8,0.67,70,8,True
488,1521,6,2024-12-13T13:15:00,32,Outbound,Check-In,Rescheduled,1,,,0,False
489,4402,8,2024-09-29T13:00:00,0,Outbound,Follow-Up,No Show,1,,,0,False
490,609,6,2024-12-22T15:45:00,22,Inbound,Check-In,Completed,4,0.49,48,20,True
491,3632,6,2024-12-23T16:45:00,42,Outbound,Check-In,Completed,5,0.51,79,18,True
492,554,10,2023-09-02T12:15:00,28,Inbound,Follow-Up,Completed,5,0.51,155,10,True
493,3967,11,2030-06-15T10:00:00,22,Outbound,Technical Deep Dive,Completed,4,0.63,183,9,False
494,943,4,2023-03-22T09:15:00,3,Outbound,Demo,Voicemail,1,,,0,False
495,2154,11,2024-01-13T09:30:00,47,Outbound,Technical Deep Dive,Completed,3,0.61,55,14,False
496,1515,4,2024-06-19T11:30:00,15,Outbound,Discovery,Completed,5,0.37,130,12,True
497,2837,10,2023-11-25T15:45:00,23,Inbound,QBR,Completed,2,0.39,54,5,True
498,2780,15,2024-12-16T11:15:00,28,Outbound,Demo,Completed,4,0.57,44,13,False
499,3537,1,2024-10-10T14:00:00,29,Outbound,QBR,Completed,2,0.34,158,6,True
500,4516,3,2024-07-25T17:00:00,2,Outbound,Demo,Voicemail,1,,,0,False
501,1789,3,2024-08-09T11:30:00,20,Inbound,QBR,Completed,8,0.63,186,8,True
502,3394,16,2024-12-03T16:00:00,0,Outbound,Technical Deep Dive,No Show,1,,,0,False
503,1350,8,2024-09-03T16:30:00,,Inbound,Demo,Completed,8,0.44,58,16,True
504,2887,8,2021-01-26T14:15:00,22,Outbound,Negotiation,Completed,3,0.59,174,15,True
505,1120,12,2023-12-24T08:45:00,40,Outbound,Follow-Up,Completed,6,0.39,108,15,False
506,2336,9,2022-08-22T11:15:00,45,Outbound,Check-In,Completed,3,0.56,183,8,False
507,856,9,2024-12-17T13:00:00,55,Outbound,Discovery,Completed,8,0.63,57,15,True
508,3787,4,2024-08-25T14:45:00,0,Inbound,Demo,No Show,1,,,0,False
509,3043,15,2024-11-15T11:15:00,55,Outbound,Check-In,Completed,7,0.56,193,6,False
510,2362,9,2021-08-12T14:30:00,40,Outbound,Check-In,Rescheduled,1,,,0,False
511,913,1,2024-05-25T14:45:00,56,Outbound,Demo,Completed,4,0.31,139,13,False
512,3754,2,2023-01-14T11:45:00,-18,Inbound,Technical Deep Dive,Completed,8,0.62,173,16,False
513,4740,15,2024-10-07T15:30:00,33,Inbound,Negotiation,Completed,4,0.7,159,12,False
514,1612,15,2024-06-09T15:45:00,36,Outbound,QBR,Completed,2,0.58,117,13,False
515,425,5,2024-11-10T14:00:00,1,Outbound,QBR,Voicemail,1,,,0,False
516,4033,6,2024-10-25T11:30:00,35,Inbound,QBR,Completed,3,0.58,155,7,True
517,914,4,2024-01-18T09:00:00,18,Outbound,Follow-Up,Completed,6,0.67,38,10,False
518,1503,7,2023-09-30T13:00:00,28,Outbound,Negotiation,Rescheduled,1,,,0,False
519,320,16,2024-12-11T13:15:00,2,Inbound,Check-In,Voicemail,1,,,0,False
520,1468,3,2024-12-30T11:30:00,33,Inbound,Follow-Up,Completed,4,1.13,182,13,False
521,209,11,2024-12-18T13:00:00,23,Inbound,Check-In,Completed,6,0.77,200,5,True
522,3677,1,2024-07-06T13:00:00,23,Outbound,Follow-Up,Completed,4,0.58,144,14,False
523,3602,16,2024-12-20T13:30:00,56,Outbound,Check-In,Completed,3,0.5,145,4,False
524,3013,6,2030-06-15T10:00:00,33,Outbound,Technical Deep Dive,Completed,4,1.39,221,9,False
525,2273,4,2024-07-19T08:30:00,16,Outbound,Discovery,Completed,7,0.66,39,9,True
526,681,8,2024-02-23T13:30:00,21,Outbound,QBR,Completed,2,0.78,92,15,True
527,4349,7,2030-06-15T10:00:00,0,Outbound,Negotiation,No Show,1,,,0,False
528,4183,12,2024-09-20T11:00:00,23,Inbound,Negotiation,Completed,6,0.7,113,11,False
529,346,7,2024-12-12T12:45:00,56,Inbound,Technical Deep Dive,Completed,6,0.31,174,22,True
530,730,15,2024-12-24T13:15:00,15,Outbound,Negotiation,Completed,3,0.64,60,12,False
531,665,8,2024-07-11T15:30:00,23,Outbound,Discovery,Completed,5,0.5,100,11,False
532,1397,16,2024-12-22T12:30:00,,Inbound,Demo,Completed,6,0.45,130,16,True
533,2910,16,2024-12-08T11:15:00,42,Outbound,Follow-Up,Completed,7,0.73,181,13,False
534,1926,10,2024-01-24T10:30:00,45,Outbound,Discovery,Completed,8,0.59,218,7,False
535,1058,12,2024-12-13T15:15:00,0,Inbound,Discovery,No Show,1,,,0,False
536,3499,3,2024-11-03T16:45:00,2,Inbound,Negotiation,Voicemail,1,,,0,False
537,4465,3,2023-11-02T13:00:00,0,Outbound,Check-In,No Show,1,,,0,False
538,2729,16,2023-05-07T11:45:00,40,Inbound,Negotiation,Rescheduled,1,,,0,False
539,1720,3,2024-05-11T15:45:00,18,Inbound,Negotiation,Completed,7,0.41,198,18,False
540,1135,6,2024-08-02T10:15:00,36,Inbound,Technical Deep Dive,Completed,2,0.85,249,13,False
541,3511,5,2023-10-21T14:30:00,41,Inbound,Negotiation,Rescheduled,1,,,0,False
542,4418,2,2024-12-15T15:45:00,32,Outbound,Discovery,Completed,3,0.56,225,13,True
543,359,5,2023-06-16T09:45:00,46,Outbound,Technical Deep Dive,Completed,8,0.56,95,12,False
544,4353,10,2024-11-01T11:00:00,0,Outbound,Discovery,No Show,1,,,0,False
545,4541,9,2023-11-15T15:30:00,-50,Outbound,Check-In,Completed,4,0.45,186,17,False
546,1672,14,2024-12-03T12:30:00,24,Outbound,Technical Deep Dive,Completed,4,0.62,218,12,True
547,4749,10,2022-02-21T13:15:00,57,Outbound,Demo,Completed,4,0.65,222,3,False
548,3401,8,2024-03-02T13:15:00,0,Outbound,Demo,No Show,1,,,0,False
549,3599,10,2024-12-17T17:00:00,32,Outbound,Demo,Rescheduled,1,,,0,False
550,1463,13,2024-12-15T10:00:00,47,Outbound,Discovery,Completed,3,0.52,176,4,False
551,3459,9,2024-12-25T09:30:00,0,Inbound,Follow-Up,No Show,1,,,0,False
552,40,3,2023-12-27T14:15:00,26,Outbound,Check-In,Completed,7,0.41,159,15,True
553,1602,10,2024-12-05T15:00:00,53,Outbound,QBR,Rescheduled,1,,,0,False
554,2923,9,2023-10-03T13:15:00,45,Outbound,Discovery,Completed,2,0.4,202,17,True
555,3135,11,2021-06-25T11:45:00,31,Outbound,Demo,Completed,8,0.56,173,7,True
556,3025,11,2024-11-06T16:30:00,32,Outbound,QBR,Completed,6,0.54,292,9,False
557,2812,7,2024-01-26T08:15:00,60,Outbound,Discovery,Completed,2,0.43,171,8,True
558,2205,14,2022-05-24T09:30:00,41,Outbound,Follow-Up,Completed,8,0.62,217,8,False
559,2682,13,2022-11-05T15:15:00,57,Inbound,Demo,Completed,6,0.58,119,6,False
560,1071,4,2023-12-20T12:45:00,21,Outbound,Follow-Up,Completed,3,0.72,101,9,True
561,2311,11,2024-11-08T16:15:00,,Outbound,Technical Deep Dive,Rescheduled,1,,,0,False
562,657,8,2024-08-17T14:00:00,28,Outbound,Demo,Completed,7,0.62,73,12,True
563,4392,9,2024-08-17T16:15:00,51,Inbound,Check-In,Completed,5,0.47,206,17,False
564,132,9,2023-05-21T16:30:00,29,Outbound,Demo,Completed,3,0.65,137,6,True
565,2630,11,2024-11-14T12:45:00,1,Outbound,QBR,Voicemail,1,,,0,False
566,2846,8,2024-12-24T12:00:00,40,Outbound,Technical Deep Dive,Completed,5,0.36,186,17,True
567,1785,10,2024-11-16T13:15:00,3,Inbound,Technical Deep Dive,Voicemail,1,,,0,False
568,2906,3,2023-05-04T16:15:00,49,Outbound,Discovery,Completed,6,0.58,42,9,False
569,3096,4,2024-09-21T10:15:00,15,Outbound,Demo,Completed,5,0.54,137,15,True
570,3178,8,2024-12-17T12:30:00,33,Outbound,Demo,Completed,3,0.69,206,2,False
571,1817,4,2024-05-17T11:00:00,37,Inbound,Negotiation,Completed,2,0.49,87,11,False
572,1135,6,2030-06-15T10:00:00,0,Outbound,Demo,No Show,1,,,0,False
573,2277,6,2024-12-29T11:45:00,50,Outbound,Negotiation,Rescheduled,1,,,0,False
574,969,2,2024-02-23T14:30:00,53,Inbound,Check-In,Completed,4,0.38,88,21,True
575,1658,10,2024-10-25T13:00:00,42,Outbound,Discovery,Completed,7,0.43,47,18,False
576,3291,16,2024-12-24T14:30:00,51,Inbound,Negotiation,Completed,2,0.46,88,6,True
577,84,15,2024-07-19T10:45:00,,Outbound,Negotiation,No Show,1,,,0,False
578,427,4,2024-10-05T09:45:00,0,Outbound,Check-In,No Show,1,,,0,False
579,2327,7,2023-07-28T12:00:00,1,Inbound,Follow-Up,Voicemail,1,,,0,False
580,554,10,2023-07-30T14:00:00,17,Outbound,Follow-Up,Completed,5,0.43,131,11,False
581,1630,14,2023-08-25T13:30:00,42,Outbound,QBR,Completed,5,0.49,170,2,True
582,2272,10,2024-12-13T10:30:00,53,Outbound,Check-In,Completed,5,0.54,123,16,False
583,2929,3,2030-06-15T10:00:00,31,Inbound,Negotiation,Completed,3,0.63,263,14,False
584,2847,14,2024-05-27T11:15:00,30,Inbound,Demo,Rescheduled,1,,,0,False
585,2458,8,2024-11-11T10:15:00,36,Inbound,Discovery,Rescheduled,1,,,0,False
586,3928,4,2024-06-29T10:00:00,52,Inbound,Follow-Up,Completed,2,0.48,104,5,True
587,2808,4,2022-12-01T11:30:00,17,Outbound,Negotiation,Rescheduled,1,,,0,False
588,247,4,2024-07-08T09:30:00,16,Outbound,Follow-Up,Completed,6,0.55,117,9,False
589,4741,16,2024-12-25T14:00:00,0,Outbound,Demo,No Show,1,,,0,False
590,2950,4,2024-08-12T13:45:00,36,Outbound,Discovery,Completed,2,0.58,158,12,False
591,3208,2,2023-11-23T16:15:00,21,Outbound,Follow-Up,Completed,6,0.45,113,19,True
592,3241,8,2023-08-31T11:30:00,15,Outbound,Discovery,Completed,7,0.41,42,11,True
593,3700,12,2030-06-15T10:00:00,0,Outbound,Negotiation,No Show,1,,,0,False
594,3408,12,2024-07-04T09:45:00,20,Outbound,Negotiation,Completed,7,0.58,204,10,True
595,2186,6,2024-02-08T15:30:00,15,Outbound,Follow-Up,Completed,5,0.38,100,6,False
596,1945,5,2024-10-26T12:45:00,31,Inbound,Technical Deep Dive,Completed,2,0.64,159,11,False
597,326,4,2023-01-16T10:45:00,0,Inbound,QBR,No Show,1,,,0,False
598,194,2,2022-02-24T10:45:00,56,Outbound,Discovery,Rescheduled,1,,,0,False
599,2595,9,2024-05-08T15:45:00,19,Outbound,Negotiation,Completed,7,0.46,46,8,False
600,205,8,2024-08-05T15:00:00,56,Inbound,Check-In,Rescheduled,1,,,0,False
601,3025,11,2024-11-06T12:30:00,0,Inbound,Negotiation,No Show,1,,,0,False
602,2581,11,2024-04-28T10:00:00,47,Inbound,Check-In,Completed,4,0.76,115,4,False
603,1255,7,2024-10-10T12:15:00,45,Outbound,Demo,Completed,5,0.42,217,8,True
604,1587,13,2024-05-21T16:45:00,58,Outbound,Discovery,Completed,7,0.5,145,10,False
605,4525,5,2024-11-14T09:30:00,0,Inbound,Demo,No Show,1,,,0,False
606,2746,8,2024-12-11T15:45:00,42,Outbound,Demo,Completed,2,0.5,175,4,True
607,4024,5,2024-12-29T14:15:00,60,Inbound,Check-In,Completed,2,0.57,147,18,False
608,672,5,2024-12-10T09:00:00,37,Inbound,Demo,Completed,7,0.38,193,18,True
609,1624,15,2024-11-02T14:15:00,0,Outbound,Follow-Up,No Show,1,,,0,False
610,2864,2,2024-09-14T16:30:00,59,Outbound,QBR,Completed,6,0.39,101,27,False
611,2387,15,2024-12-24T10:30:00,38,Outbound,Discovery,Completed,8,0.58,121,12,False
612,4499,10,2023-10-03T09:15:00,42,Outbound,QBR,Completed,8,0.53,295,12,False
613,2189,11,2024-02-06T15:30:00,21,Inbound,Demo,Completed,4,0.69,116,8,False
614,2104,2,2024-08-03T16:00:00,15,Inbound,QBR,Completed,8,0.57,55,13,True
615,1119,3,2024-11-12T16:45:00,26,Outbound,Discovery,Completed,4,0.34,114,4,True
616,4062,13,2022-06-09T14:30:00,15,Inbound,Demo,Completed,2,0.53,136,11,True
617,2430,3,2023-11-13T15:45:00,16,Outbound,Technical Deep Dive,Completed,6,0.28,163,22,False
618,1123,5,2024-02-08T15:00:00,49,Outbound,QBR,Completed,5,0.49,228,10,False
619,180,11,2024-10-28T14:00:00,,Outbound,Negotiation,No Show,1,,,0,False
620,2068,9,2023-01-04T16:15:00,39,Outbound,Check-In,Completed,8,0.64,51,4,False
621,3723,10,2024-12-30T15:00:00,51,Outbound,Follow-Up,Completed,8,0.4,133,6,False
622,4234,1,2023-11-01T15:00:00,46,Outbound,Negotiation,Completed,2,0.6,127,24,False
623,4309,12,2024-12-14T13:30:00,26,Outbound,Demo,Completed,7,0.65,154,15,True
624,318,15,2024-12-08T13:30:00,60,Inbound,Negotiation,Completed,7,0.44,50,8,True
625,289,11,2023-03-18T13:15:00,47,Outbound,Follow-Up,Rescheduled,1,,,0,False
626,944,4,2022-09-29T11:45:00,56,Inbound,Negotiation,Completed,2,0.52,152,13,True
627,4109,4,2021-09-04T13:15:00,59,Outbound,QBR,Completed,2,0.42,131,20,False
628,1030,3,2023-07-13T09:00:00,52,Outbound,Follow-Up,Completed,5,0.51,144,10,False
629,4881,1,2023-09-13T11:30:00,54,Outbound,Follow-Up,Completed,6,1.15,154,19,False
630,1373,7,2022-03-11T14:00:00,52,Inbound,Demo,Completed,8,0.5,197,7,True
631,3930,15,2024-12-28T12:00:00,58,Outbound,Check-In,Rescheduled,1,,,0,False
632,2692,15,2024-11-02T12:45:00,20,Outbound,Negotiation,Completed,3,0.63,94,12,False
633,691,3,2024-12-13T13:15:00,36,Outbound,Technical Deep Dive,Completed,2,0.31,62,15,False
634,953,11,2024-10-25T15:30:00,,Outbound,Negotiation,Voicemail,1,,,0,False
635,205,8,2024-08-02T14:45:00,59,Outbound,Technical Deep Dive,Completed,4,0.59,221,7,False
636,1069,3,2022-09-28T13:15:00,44,Outbound,Technical Deep Dive,Completed,7,0.44,59,21,True
637,1825,10,2024-06-14T14:30:00,45,Outbound,Discovery,Completed,3,0.86,226,11,False
638,1666,7,2023-07-01T09:15:00,0,Outbound,Check-In,No Show,1,,,0,False
639,4473,15,2024-11-24T11:45:00,39,Inbound,Demo,Completed,2,0.61,48,8,False
640,1514,11,2024-02-11T15:30:00,38,Outbound,Discovery,Completed,4,0.74,34,11,False
641,1082,11,2024-11-02T15:45:00,0,Outbound,Follow-Up,No Show,1,,,0,False
642,3549,6,2022-11-19T09:15:00,0,Inbound,QBR,No Show,1,,,0,False
643,1326,14,2023-08-31T10:15:00,26,Outbound,Follow-Up,Completed,8,0.46,100,7,False
644,2084,4,2024-12-03T15:00:00,59,Inbound,Technical Deep Dive,Completed,7,0.41,64,10,False
645,2098,6,2022-02-04T14:30:00,,Inbound,Follow-Up,Completed,2,0.65,200,6,True
646,1230,4,2024-12-26T17:15:00,21,Inbound,Technical Deep Dive,Completed,2,0.35,145,14,True
647,1339,12,2024-02-14T09:45:00,53,Outbound,Check-In,Completed,5,0.55,170,15,True
648,4022,11,2024-08-08T09:15:00,1,Outbound,Demo,Voicemail,1,,,0,False
649,2949,10,2021-02-05T12:00:00,3,Outbound,QBR,Voicemail,1,,,0,False
650,1281,12,2024-08-27T11:00:00,29,Outbound,QBR,Completed,3,0.49,148,15,True
651,4574,3,2022-12-31T08:15:00,25,Inbound,Technical Deep Dive,Completed,2,0.64,96,20,True
652,4684,3,2023-03-23T13:15:00,,Outbound,Negotiation,Completed,4,0.28,67,22,True
653,4045,2,2024-12-23T12:15:00,52,Inbound,Discovery,Completed,8,0.31,104,22,True
654,941,11,2024-10-27T11:15:00,28,Outbound,Check-In,Completed,4,0.69,116,15,True
655,1799,14,2024-12-23T13:00:00,0,Outbound,Follow-Up,No Show,1,,,0,False
656,4806,3,2024-03-10T10:30:00,0,Outbound,Technical Deep Dive,No Show,1,,,0,False
657,609,6,2024-12-19T10:45:00,0,Inbound,Follow-Up,No Show,1,,,0,False
658,260,10,2030-06-15T10:00:00,24,Outbound,Discovery,Rescheduled,1,,,0,False
659,1765,14,2023-06-23T10:00:00,23,Outbound,Technical Deep Dive,Completed,7,0.59,94,11,True
660,2036,16,2024-12-05T14:15:00,17,Outbound,Follow-Up,Rescheduled,1,,,0,False
661,2635,10,2024-07-27T11:30:00,,Outbound,Follow-Up,Completed,5,0.62,121,16,False
662,984,3,2022-09-30T15:45:00,59,Outbound,Negotiation,Completed,8,0.54,99,21,True
663,226,4,2024-12-20T15:30:00,48,Outbound,Negotiation,Completed,2,0.39,134,6,False
664,1737,6,2023-08-17T15:45:00,17,Outbound,QBR,Completed,7,0.46,131,19,False
665,3734,10,2024-08-17T15:30:00,17,Outbound,Check-In,Completed,6,0.63,152,1,False
666,3332,5,2024-10-28T15:15:00,0,Inbound,QBR,No Show,1,,,0,False
667,521,6,2022-01-06T14:15:00,43,Outbound,Follow-Up,Completed,7,0.69,75,10,True
668,1896,4,2024-12-18T15:45:00,38,Inbound,Discovery,Completed,5,0.51,208,18,True
669,1193,9,2023-12-25T10:15:00,35,Outbound,QBR,Completed,4,0.47,219,9,False
670,1288,7,2024-12-16T10:15:00,0,Outbound,Discovery,No Show,1,,,0,False
671,893,1,2022-03-30T16:00:00,49,Inbound,Follow-Up,Completed,2,0.4,74,20,True
672,4188,6,2023-11-06T14:45:00,58,Outbound,Discovery,Completed,8,0.5,79,18,True
673,2607,3,2024-01-26T16:45:00,18,Outbound,Demo,Completed,4,0.32,228,21,True
674,4787,13,2024-05-19T15:30:00,32,Inbound,Follow-Up,Completed,6,0.66,40,5,False
675,1097,14,2021-11-28T11:15:00,35,Outbound,Follow-Up,Completed,4,0.54,207,3,False
676,3862,6,2024-12-24T16:00:00,28,Inbound,Negotiation,Completed,3,1.21,34,7,False
677,3628,14,2023-01-23T11:15:00,36,Outbound,Technical Deep Dive,Completed,2,0.58,207,7,False
678,3135,11,2021-06-24T12:30:00,32,Outbound,QBR,Completed,8,0.84,130,8,False
679,528,8,2023-10-13T14:15:00,37,Outbound,Discovery,Completed,7,0.64,42,11,True
680,786,8,2024-10-28T14:45:00,33,Outbound,QBR,Completed,3,0.54,55,20,True
681,135,3,2024-02-06T14:30:00,0,Inbound,QBR,No Show,1,,,0,False
682,3609,10,2024-12-05T10:15:00,42,Outbound,Technical Deep Dive,Completed,8,0.7,85,9,True
683,1954,7,2024-11-08T10:15:00,0,Inbound,Technical Deep Dive,No Show,1,,,0,False
684,3961,7,2024-12-06T15:00:00,,Outbound,Demo,Completed,6,0.68,91,20,False
685,1993,8,2022-10-09T13:15:00,31,Outbound,Discovery,Completed,6,0.76,175,8,False
686,3875,12,2021-06-08T16:15:00,55,Outbound,Follow-Up,Completed,4,0.54,169,17,False
687,1952,12,2023-09-05T10:00:00,0,Outbound,Check-In,No Show,1,,,0,False
688,1855,16,2024-12-08T15:15:00,44,Outbound,Demo,Completed,2,0.74,237,12,False
689,358,14,2022-03-28T09:00:00,40,Outbound,Demo,Completed,8,0.44,133,10,False
690,1858,6,2024-12-15T12:15:00,55,Outbound,Follow-Up,Completed,4,0.5,231,18,False
691,3943,9,2024-12-30T09:15:00,48,Outbound,Negotiation,Completed,2,0.5,172,10,False
692,1118,11,2022-03-04T15:15:00,16,Outbound,Demo,Completed,7,0.56,237,16,False
693,4286,3,2024-09-13T09:15:00,52,Outbound,Follow-Up,Rescheduled,1,,,0,False
694,2835,13,2022-12-09T12:45:00,39,Outbound,QBR,Completed,3,0.58,240,4,False
695,2044,8,2023-04-29T13:15:00,55,Outbound,QBR,Completed,5,0.52,237,5,False
696,380,6,2023-04-18T10:30:00,47,Outbound,Discovery,Completed,7,0.57,89,6,False
697,4023,16,2024-12-22T17:00:00,44,Outbound,Check-In,Completed,2,0.47,31,4,False
698,1014,11,2022-01-26T14:30:00,30,Outbound,Technical Deep Dive,Completed,8,0.62,221,18,False
699,1032,15,2024-10-21T16:00:00,34,Inbound,Discovery,Completed,5,0.58,211,16,True
700,546,12,2024-02-03T14:00:00,0,Outbound,Technical Deep Dive,No Show,1,,,0,False
701,810,4,2023-10-28T15:45:00,58,Outbound,Follow-Up,Completed,4,0.82,129,4,False
702,346,7,2024-12-12T11:15:00,21,Outbound,Discovery,Completed,3,0.45,63,21,True
703,1027,16,2024-12-01T12:45:00,16,Outbound,Negotiation,Completed,6,0.42,111,16,False
704,2658,14,2024-12-03T10:30:00,20,Outbound,Check-In,Rescheduled,1,,,0,False
705,5000,10,2024-11-05T08:00:00,21,Outbound,QBR,Completed,2,0.49,77,13,True
706,878,3,2023-06-29T15:00:00,34,Outbound,Check-In,Completed,2,0.55,78,22,False
707,713,2,2024-06-09T11:00:00,42,Outbound,QBR,Completed,6,0.34,41,16,False
708,1542,10,2024-06-03T10:30:00,55,Outbound,QBR,Rescheduled,1,,,0,False
709,1997,6,2023-07-02T12:30:00,39,Outbound,Check-In,Completed,4,0.61,159,20,True
710,3232,2,2030-06-15T10:00:00,59,Outbound,Demo,Completed,5,0.59,71,18,True
711,4246,12,2024-03-08T11:15:00,22,Inbound,Follow-Up,Completed,8,0.71,92,13,False
712,3438,7,2022-11-18T13:15:00,44,Outbound,Negotiation,Completed,3,0.35,204,8,True
713,2338,5,2024-12-01T13:15:00,15,Outbound,Check-In,Completed,5,0.55,233,19,False
714,1340,13,2024-12-02T12:30:00,29,Outbound,QBR,Completed,4,0.58,134,5,False
715,2190,5,2024-11-29T16:30:00,17,Inbound,Technical Deep Dive,Completed,8,0.55,46,5,True
716,1476,10,2023-08-15T09:30:00,,Inbound,Negotiation,Completed,6,0.55,104,9,True
717,3585,3,2024-10-05T11:30:00,56,Outbound,QBR,Completed,5,0.56,42,13,False
718,4382,8,2022-04-10T11:45:00,-59,Outbound,Follow-Up,Completed,2,0.84,219,7,False
719,2810,13,2024-11-17T15:45:00,56,Inbound,Technical Deep Dive,Completed,3,0.52,192,14,False
720,4458,13,2024-02-14T13:15:00,45,Inbound,Follow-Up,Rescheduled,1,,,0,False
721,628,11,2021-12-09T09:45:00,45,Outbound,Demo,Completed,3,0.72,86,5,False
722,2409,5,2021-08-29T15:15:00,23,Inbound,Negotiation,Completed,7,1.12,30,10,True
723,461,7,2024-07-29T09:45:00,38,Outbound,Technical Deep Dive,Completed,7,0.62,238,9,True
724,4839,4,2023-11-12T09:45:00,46,Outbound,Check-In,Completed,5,0.32,169,10,True
725,4601,11,2023-05-05T14:30:00,0,Inbound,Follow-Up,No Show,1,,,0,False
726,1931,12,2021-09-07T12:30:00,38,Inbound,Follow-Up,Completed,6,0.64,209,9,False
727,3085,8,2024-03-29T15:00:00,41,Outbound,Demo,Rescheduled,1,,,0,False
728,3570,5,2021-07-24T11:15:00,33,Outbound,Negotiation,Completed,7,0.64,176,13,False
729,2315,11,2024-12-01T12:30:00,18,Outbound,Follow-Up,Completed,6,0.59,178,13,True
730,1436,1,2024-06-09T16:00:00,37,Outbound,Demo,Completed,5,0.34,30,20,False
731,4814,11,2024-12-17T14:15:00,0,Outbound,Discovery,No Show,1,,,0,False
732,2436,16,2024-04-18T11:45:00,55,Inbound,QBR,Completed,7,0.75,126,11,True
733,2730,16,2024-11-06T15:45:00,51,Outbound,Technical Deep Dive,Completed,5,0.47,40,12,False
734,1681,15,2024-12-18T14:45:00,20,Outbound,Check-In,Rescheduled,1,,,0,False
735,4183,12,2024-10-01T15:45:00,59,Inbound,Follow-Up,Completed,8,0.48,235,10,False
736,3548,5,2022-12-12T09:30:00,43,Outbound,Follow-Up,Rescheduled,1,,,0,False
737,769,11,2023-09-18T10:00:00,34,Inbound,Check-In,Rescheduled,1,,,0,False
738,364,16,2024-12-30T12:15:00,54,Outbound,QBR,Completed,3,0.52,159,7,False
739,1924,1,2024-01-09T14:15:00,32,Outbound,Discovery,Rescheduled,1,,,0,False
740,3845,6,2021-10-30T11:15:00,57,Outbound,Check-In,Completed,5,0.64,55,16,False
741,3990,15,2024-04-06T15:15:00,19,Outbound,Check-In,Completed,7,0.67,34,1,False
742,1697,13,2024-11-17T14:30:00,50,Outbound,Discovery,Completed,6,0.85,133,2,False
743,2251,6,2021-08-02T16:30:00,25,Outbound,QBR,Completed,2,0.55,87,18,False
744,3712,5,2022-11-08T09:45:00,3,Outbound,Check-In,Voicemail,1,,,0,False
745,3715,3,2024-01-26T16:15:00,48,Outbound,Follow-Up,Completed,4,0.44,155,24,False
746,4537,1,2024-09-30T15:30:00,52,Outbound,Technical Deep Dive,Completed,6,0.3,87,13,True
747,408,14,2022-03-29T14:45:00,33,Outbound,QBR,Completed,6,0.49,64,4,False
748,1259,9,2023-08-29T15:45:00,16,Outbound,Follow-Up,Completed,5,0.64,103,4,False
749,1558,9,2024-12-24T13:30:00,34,Outbound,Negotiation,Completed,2,0.34,88,18,True
750,101,5,2024-01-11T17:45:00,44,Outbound,Demo,Completed,6,0.46,140,11,True
751,2008,3,2024-12-20T10:15:00,57,Outbound,Follow-Up,Rescheduled,1,,,0,False
752,775,15,2024-12-12T11:30:00,38,Inbound,Demo,Completed,3,0.72,294,6,False
753,1911,10,2022-12-31T11:15:00,52,Outbound,Discovery,Completed,7,0.54,269,2,False
754,4049,5,2024-10-23T14:45:00,24,Outbound,Demo,Completed,8,0.46,43,18,True
755,2061,12,2024-12-31T14:30:00,0,Inbound,Follow-Up,No Show,1,,,0,False
756,1301,12,2024-11-26T09:30:00,1,Outbound,Follow-Up,Voicemail,1,,,0,False
757,264,11,2022-05-11T11:00:00,46,Outbound,Negotiation,Rescheduled,1,,,0,False
758,3131,10,2024-09-04T10:00:00,32,Inbound,Demo,Completed,8,0.45,194,10,False
759,803,1,2023-08-28T15:45:00,28,Inbound,Discovery,Completed,7,0.42,176,30,True
760,4189,9,2024-07-05T16:00:00,41,Outbound,Negotiation,Rescheduled,1,,,0,False
761,3650,16,2024-11-01T12:45:00,50,Outbound,Follow-Up,Completed,6,0.69,158,12,True
762,4846,1,2024-12-04T12:45:00,0,Outbound,Check-In,No Show,1,,,0,False
763,4172,15,2024-10-02T10:30:00,0,Inbound,Technical Deep Dive,No Show,1,,,0,False
764,2286,16,2022-01-23T09:30:00,47,Outbound,Technical Deep Dive,Rescheduled,1,,,0,False
765,4818,3,2024-12-06T09:00:00,27,Inbound,Discovery,Completed,8,0.4,52,9,True
766,2310,4,2023-12-11T12:45:00,42,Outbound,Follow-Up,Completed,5,0.53,149,15,True
767,92,5,2024-12-17T15:45:00,51,Outbound,Negotiation,Completed,6,0.67,155,6,False
768,3721,2,2023-03-05T09:00:00,41,Inbound,Negotiation,Completed,4,0.63,177,19,False
769,2049,14,2024-05-29T08:15:00,15,Outbound,QBR,Rescheduled,1,,,0,False
770,902,3,2024-12-21T14:45:00,58,Inbound,Discovery,Rescheduled,1,,,0,False
771,4381,15,2024-11-01T16:45:00,33,Outbound,Check-In,Completed,4,0.53,129,14,True
772,105,3,2024-04-06T14:45:00,51,Outbound,Technical Deep Dive,Completed,7,0.73,153,7,True
773,4399,14,2022-12-30T16:30:00,58,Inbound,Follow-Up,Completed,2,0.48,169,3,True
774,1106,10,2023-03-09T17:00:00,56,Inbound,Discovery,Completed,3,0.47,209,14,True
775,4328,16,2024-11-22T10:00:00,43,Outbound,Check-In,Rescheduled,1,,,0,False
776,2956,11,2024-12-23T16:30:00,0,Inbound,Discovery,No Show,1,,,0,False
777,2378,12,2024-10-20T11:45:00,32,Outbound,Follow-Up,Completed,8,0.47,155,11,True
778,2189,11,2024-01-21T12:45:00,-34,Outbound,Technical Deep Dive,Completed,3,0.62,228,9,False
779,382,1,2024-04-08T09:45:00,16,Outbound,Discovery,Rescheduled,1,,,0,False
780,648,4,2020-10-03T10:30:00,,Outbound,Technical Deep Dive,Rescheduled,1,,,0,False
781,4269,16,2024-12-09T11:45:00,32,Inbound,Follow-Up,Completed,3,0.47,120,14,True
782,1882,10,2020-12-14T08:00:00,0,Outbound,Demo,No Show,1,,,0,False
783,582,14,2024-07-05T13:30:00,56,Outbound,Discovery,Completed,5,0.61,55,7,False
784,4648,8,2022-09-29T12:00:00,32,Inbound,Negotiation,Completed,4,0.6,220,17,True
785,2905,13,2024-04-18T10:15:00,50,Outbound,Follow-Up,Completed,8,0.53,150,13,False
786,2764,1,2024-11-10T11:15:00,20,Inbound,Negotiation,Completed,3,0.45,92,22,True
787,4745,13,2024-09-03T15:30:00,45,Outbound,Follow-Up,Rescheduled,1,,,0,False
788,1161,3,2024-03-12T13:45:00,18,Outbound,Technical Deep Dive,Completed,6,0.76,248,8,True
789,2659,6,2024-07-18T14:30:00,22,Outbound,Technical Deep Dive,Completed,5,0.75,173,5,False
790,1375,2,2021-01-19T14:45:00,59,Inbound,QBR,Completed,7,0.75,199,4,True
791,755,9,2024-10-08T11:15:00,27,Outbound,Demo,Rescheduled,1,,,0,False
792,4182,4,2023-03-02T14:30:00,33,Outbound,Check-In,Rescheduled,1,,,0,False
793,2385,14,2024-06-01T16:30:00,0,Outbound,Follow-Up,No Show,1,,,0,False
794,4491,11,2024-09-16T15:45:00,18,Inbound,QBR,Completed,6,0.59,146,17,True
795,1182,1,2021-12-25T09:30:00,27,Outbound,Discovery,Completed,4,0.62,205,6,False
796,223,3,2024-03-10T12:15:00,0,Outbound,Check-In,No Show,1,,,0,False
797,99,9,2024-12-06T11:45:00,27,Outbound,QBR,Completed,6,0.51,31,16,True
798,801,4,2023-02-21T11:45:00,53,Outbound,Follow-Up,Completed,4,0.66,63,6,False
799,4583,5,2024-12-17T10:30:00,50,Inbound,Demo,Completed,3,0.63,216,3,False
800,2327,7,2023-07-21T15:45:00,34,Outbound,QBR,Completed,7,0.72,104,11,False
801,4030,14,2023-05-29T13:45:00,43,Inbound,Demo,Completed,7,0.75,61,3,False
802,809,16,2024-12-01T12:45:00,53,Outbound,Check-In,Completed,7,0.67,171,4,True
803,4752,11,2024-02-26T10:45:00,51,Outbound,Follow-Up,Completed,5,0.62,77,5,False
804,1303,4,2023-06-05T14:45:00,27,Inbound,Follow-Up,Completed,8,0.64,168,3,False
805,961,7,2024-12-08T11:00:00,42,Outbound,QBR,Rescheduled,1,,,0,False
806,1914,6,2024-12-25T12:45:00,49,Outbound,Check-In,Completed,4,0.58,94,6,True
807,264,11,2022-07-23T13:30:00,18,Inbound,Negotiation,Completed,4,0.59,189,9,False
808,1743,15,2024-12-14T15:00:00,17,Outbound,Follow-Up,Completed,2,0.53,94,3,False
809,1221,3,2024-01-26T10:45:00,36,Outbound,Check-In,Completed,6,0.56,134,16,True
810,1482,6,2024-12-29T11:00:00,56,Inbound,Negotiation,Completed,8,0.48,110,5,True
811,1162,4,2024-09-17T10:30:00,0,Inbound,Discovery,No Show,1,,,0,False
812,2651,16,2024-02-06T10:45:00,29,Inbound,Technical Deep Dive,Rescheduled,1,,,0,False
813,3038,8,2022-07-28T12:00:00,30,Outbound,QBR,Completed,7,0.48,204,11,False
814,4211,7,2030-06-15T10:00:00,55,Outbound,Check-In,Completed,6,0.37,118,12,False
815,2124,16,2024-12-26T16:45:00,,Outbound,Discovery,Completed,5,0.66,95,13,True
816,3188,15,2023-02-07T14:45:00,30,Inbound,Check-In,Rescheduled,1,,,0,False
817,2971,9,2024-12-18T12:00:00,0,Outbound,Check-In,No Show,1,,,0,False
818,2307,3,2024-05-30T12:45:00,31,Outbound,Discovery,Rescheduled,1,,,0,False
819,265,11,2024-12-10T14:45:00,48,Outbound,Negotiation,Completed,4,0.69,38,16,True
820,689,16,2024-12-26T13:00:00,58,Inbound,QBR,Completed,8,0.59,142,13,True
821,2583,7,2024-06-21T10:45:00,38,Inbound,Check-In,Completed,6,0.47,32,10,True
822,3514,13,2022-11-14T13:45:00,57,Inbound,Discovery,Rescheduled,1,,,0,False
823,3605,2,2024-09-01T14:15:00,20,Inbound,Technical Deep Dive,Completed,3,0.32,73,13,True
824,4403,6,2023-09-03T15:45:00,38,Outbound,Technical Deep Dive,Completed,6,0.36,200,7,False
825,4148,2,2030-06-15T10:00:00,16,Outbound,Negotiation,Completed,8,0.64,251,18,True
826,4470,4,2024-12-09T09:30:00,49,Outbound,Technical Deep Dive,Completed,5,0.6,49,13,True
827,2868,13,2024-12-12T14:00:00,57,Outbound,QBR,Completed,2,0.7,48,7,False
828,420,13,2023-11-29T16:00:00,35,Outbound,Technical Deep Dive,Completed,2,0.46,105,6,False
829,666,4,2024-07-01T16:00:00,28,Outbound,Check-In,Completed,7,0.5,152,16,True
830,3011,1,2024-12-31T11:15:00,46,Outbound,QBR,Completed,4,0.63,175,21,True
831,3211,11,2024-12-05T10:00:00,34,Outbound,Negotiation,Completed,3,0.73,167,14,True
832,3347,15,2024-12-05T11:45:00,0,Outbound,Check-In,No Show,1,,,0,False
833,3873,13,2021-09-06T10:45:00,24,Outbound,QBR,Completed,3,0.47,239,10,False
834,247,4,2024-05-14T16:45:00,41,Outbound,QBR,Completed,8,0.48,62,6,False
835,1918,13,2024-11-01T09:15:00,0,Outbound,Discovery,No Show,1,,,0,False
836,3043,15,2024-12-14T11:15:00,21,Outbound,Follow-Up,Completed,5,0.52,88,4,False
837,687,12,2024-12-23T10:45:00,26,Outbound,QBR,Completed,6,0.54,153,16,True
838,4075,1,2023-05-06T15:15:00,54,Outbound,Discovery,Completed,6,0.44,202,21,False
839,4306,4,2024-06-13T14:00:00,3,Inbound,Follow-Up,Voicemail,1,,,0,False
840,3821,15,2024-10-25T17:00:00,28,Inbound,Check-In,Completed,7,0.59,230,3,False
841,629,2,2024-05-19T11:45:00,35,Outbound,Discovery,Completed,3,0.34,129,9,True
842,2936,6,2024-12-17T16:15:00,26,Outbound,Demo,Completed,5,0.7,76,15,False
843,4870,12,2022-01-10T08:30:00,1,Inbound,Follow-Up,Voicemail,1,,,0,False
844,3497,4,2024-12-10T14:00:00,35,Outbound,Follow-Up,Completed,3,0.68,179,10,False
845,662,3,2024-07-31T12:30:00,45,Inbound,Follow-Up,Completed,7,0.57,259,6,True
846,2046,7,2023-06-25T10:45:00,0,Outbound,Discovery,No Show,1,,,0,False
847,2065,15,2024-12-01T12:15:00,54,Outbound,Discovery,Completed,2,0.44,239,14,False
848,1472,9,2023-07-23T09:45:00,16,Outbound,QBR,Completed,8,0.65,231,9,False
849,2538,8,2023-06-18T11:15:00,55,Outbound,Check-In,Completed,6,0.64,242,2,False
850,796,5,2024-02-24T10:15:00,43,Outbound,Check-In,Completed,6,0.55,283,7,False
851,3888,15,2024-12-31T14:45:00,29,Outbound,Follow-Up,Completed,2,0.42,192,8,False
852,1546,5,2023-10-05T15:45:00,33,Outbound,Negotiation,Completed,3,0.37,128,13,True
853,2569,3,2024-09-18T09:30:00,42,Outbound,Negotiation,Completed,5,0.5,89,10,True
854,1036,11,2024-12-29T12:30:00,51,Outbound,Technical Deep Dive,Completed,4,0.64,128,18,False
855,4204,2,2024-05-11T10:15:00,0,Outbound,Follow-Up,No Show,1,,,0,False
856,1766,11,2024-12-25T13:30:00,20,Inbound,Technical Deep Dive,Rescheduled,1,,,0,False
857,695,11,2022-03-07T13:45:00,41,Outbound,Technical Deep Dive,Rescheduled,1,,,0,False
858,3848,10,2023-12-11T10:15:00,19,Inbound,QBR,Rescheduled,1,,,0,False
859,4177,1,2024-12-18T12:30:00,27,Outbound,Discovery,Completed,4,0.36,76,20,True
860,3053,7,2022-07-27T16:45:00,43,Outbound,Demo,Completed,5,0.47,89,12,True
861,3015,15,2024-11-08T10:00:00,17,Outbound,Discovery,Completed,2,0.44,191,16,False
862,39,3,2024-12-07T12:30:00,20,Outbound,QBR,Completed,5,0.5,116,22,True
863,4298,5,2024-06-29T11:30:00,45,Outbound,Negotiation,Rescheduled,1,,,0,False
864,4777,9,2023-04-22T14:00:00,1,Outbound,Demo,Voicemail,1,,,0,False
865,3695,14,2024-10-31T15:00:00,54,Outbound,Discovery,Completed,3,0.66,79,6,False
866,1503,7,2023-07-27T09:15:00,26,Outbound,QBR,Completed,3,0.63,139,9,False
867,378,11,2024-12-01T14:45:00,52,Outbound,Technical Deep Dive,Completed,4,0.69,42,12,True
868,4549,3,2022-10-09T14:00:00,28,Inbound,Discovery,Completed,2,0.33,37,6,False
869,4772,8,2024-10-14T08:15:00,0,Outbound,QBR,No Show,1,,,0,False
870,2267,11,2024-12-22T12:15:00,56,Outbound,Negotiation,Completed,6,0.88,50,9,False
871,2958,2,2030-06-15T10:00:00,47,Outbound,Check-In,Completed,6,1.24,204,4,False
872,499,9,2024-09-05T13:15:00,18,Inbound,Technical Deep Dive,Completed,5,0.64,46,6,False
873,3657,15,2024-07-25T12:00:00,20,Outbound,QBR,Completed,6,0.43,109,15,False
874,4182,4,2023-05-22T15:15:00,44,Outbound,Demo,Completed,3,0.38,191,18,False
875,2818,3,2023-06-01T13:45:00,44,Outbound,Discovery,Completed,6,0.61,170,21,True
876,1442,10,2024-03-19T15:00:00,52,Inbound,QBR,Completed,2,0.73,103,5,False
877,2529,11,2024-03-19T14:45:00,50,Inbound,Discovery,Rescheduled,1,,,0,False
878,2820,2,2030-06-15T10:00:00,43,Outbound,Check-In,Completed,7,0.59,204,8,True
879,2216,4,2024-07-27T12:00:00,29,Inbound,Technical Deep Dive,Rescheduled,1,,,0,False
880,661,4,2030-06-15T10:00:00,49,Outbound,Discovery,Completed,4,0.36,103,15,True
881,4126,7,2022-06-04T17:15:00,23,Outbound,Technical Deep Dive,Completed,7,0.59,109,13,False
882,4461,9,2024-12-17T15:30:00,37,Outbound,Discovery,Completed,8,0.48,70,6,False
883,2326,7,2024-12-04T13:30:00,27,Inbound,Demo,Completed,3,0.5,224,9,False
884,4760,16,2024-01-22T16:00:00,21,Outbound,Follow-Up,Rescheduled,1,,,0,False
885,4814,11,2024-09-10T12:15:00,19,Outbound,Follow-Up,Completed,6,0.62,83,17,False
886,945,14,2024-11-27T12:00:00,22,Outbound,Demo,Completed,5,0.53,190,10,False
887,1603,1,2024-11-07T08:30:00,39,Outbound,Negotiation,Completed,7,0.33,64,22,True
888,3995,10,2024-12-27T12:00:00,0,Outbound,Check-In,No Show,1,,,0,False
889,2025,15,2024-08-08T12:30:00,16,Inbound,Follow-Up,Completed,7,0.35,53,7,True
890,3221,14,2021-08-23T15:30:00,,Inbound,QBR,Completed,5,0.47,195,14,False
891,921,14,2024-12-21T16:30:00,25,Outbound,Check-In,Completed,2,0.78,144,11,False
892,599,6,2024-08-21T11:15:00,39,Outbound,QBR,Completed,3,0.5,35,8,False
893,4478,14,2024-12-04T16:00:00,-21,Outbound,Discovery,Completed,7,0.85,225,8,False
894,3967,11,2024-05-27T12:00:00,19,Outbound,Check-In,Completed,5,0.44,100,4,True
895,3212,5,2024-08-31T14:00:00,52,Inbound,Technical Deep Dive,Completed,4,0.39,118,15,True
896,407,15,2024-06-19T17:15:00,21,Outbound,Follow-Up,Completed,4,0.76,66,11,False
897,1704,14,2024-08-26T12:45:00,43,Inbound,Negotiation,Completed,5,0.83,134,2,False
898,1029,5,2023-07-14T11:30:00,,Outbound,QBR,Rescheduled,1,,,0,False
899,2789,7,2024-12-07T12:15:00,-53,Outbound,Check-In,Completed,7,0.38,173,19,True
900,485,13,2024-12-29T10:15:00,40,Outbound,Check-In,Completed,7,0.63,93,8,False
901,3253,8,2024-08-04T12:15:00,0,Outbound,Technical Deep Dive,No Show,1,,,0,False
902,3746,14,2021-04-11T11:00:00,2,Outbound,Demo,Voicemail,1,,,0,False
903,2337,15,2023-05-07T16:00:00,3,Inbound,Discovery,Voicemail,1,,,0,False
904,2991,6,2023-08-08T15:30:00,60,Outbound,Follow-Up,Completed,5,0.46,146,20,False
905,1818,2,2024-12-19T15:00:00,35,Inbound,Technical Deep Dive,Completed,3,0.42,171,7,False
906,2133,10,2024-01-13T15:15:00,0,Outbound,Check-In,No Show,1,,,0,False
907,3989,2,2024-06-25T14:30:00,27,Outbound,QBR,Completed,5,0.56,194,16,True
908,1612,15,2024-07-10T14:30:00,0,Outbound,Demo,No Show,1,,,0,False
909,632,11,2024-07-28T09:15:00,59,Outbound,Negotiation,Completed,8,0.66,73,5,False
910,607,3,2024-12-27T15:15:00,26,Outbound,Check-In,Completed,4,0.38,73,9,True
911,2300,4,2024-01-03T14:00:00,3,Outbound,Check-In,Voicemail,1,,,0,False
912,4283,13,2022-05-21T11:45:00,0,Outbound,Check-In,No Show,1,,,0,False
913,3275,13,2024-12-31T13:15:00,16,Outbound,Demo,Completed,6,0.81,109,9,False
914,3392,7,2030-06-15T10:00:00,28,Outbound,Discovery,Completed,8,0.54,72,10,False
915,3678,11,2024-06-19T09:15:00,20,Inbound,Technical Deep Dive,Completed,7,0.54,56,13,False
916,3120,6,2022-01-15T09:30:00,0,Inbound,Demo,No Show,1,,,0,False
917,1654,7,2022-11-09T11:45:00,0,Outbound,Negotiation,No Show,1,,,0,False
918,2887,8,2020-12-23T10:15:00,37,Outbound,Technical Deep Dive,Completed,2,0.37,39,20,True
919,359,5,2023-05-22T11:00:00,48,Inbound,Discovery,Rescheduled,1,,,0,False
920,766,1,2023-10-09T11:15:00,40,Outbound,Check-In,Rescheduled,1,,,0,False
921,3875,12,2021-08-05T12:45:00,28,Inbound,Follow-Up,Completed,8,0.43,67,13,True
922,1368,14,2024-12-29T16:45:00,42,Inbound,Discovery,Completed,2,0.56,52,10,False
923,2251,6,2021-06-08T13:15:00,56,Inbound,Demo,Completed,4,0.5,190,16,True
924,3112,7,2022-01-11T16:00:00,16,Outbound,Check-In,Completed,7,0.51,61,4,True
925,4527,6,2024-12-28T16:00:00,58,Inbound,Check-In,Rescheduled,1,,,0,False
926,810,4,2024-01-23T11:00:00,,Outbound,Discovery,Rescheduled,1,,,0,False
927,1698,1,2023-04-16T13:30:00,38,Outbound,Follow-Up,Completed,3,0.61,168,18,False
928,4906,10,2022-11-03T13:30:00,1,Outbound,Technical Deep Dive,Voicemail,1,,,0,False
929,2472,5,2024-05-20T14:15:00,22,Outbound,QBR,Completed,5,0.68,195,7,True
930,412,8,2021-05-31T14:30:00,2,Inbound,Check-In,Voicemail,1,,,0,False
931,3581,8,2024-12-03T11:45:00,34,Outbound,Follow-Up,Completed,2,1.1,149,9,False
932,841,14,2023-08-19T15:45:00,20,Outbound,Negotiation,Completed,2,0.53,236,12,True
933,1166,7,2024-08-18T16:45:00,56,Outbound,Demo,Completed,7,0.69,149,18,True
934,2899,6,2024-03-13T13:30:00,0,Outbound,Technical Deep Dive,No Show,1,,,0,False
935,2813,1,2024-08-09T12:45:00,48,Outbound,Discovery,Completed,5,0.58,38,21,True
936,1732,6,2022-11-19T15:45:00,25,Outbound,Demo,Completed,6,0.4,162,8,True
937,3067,16,2024-12-02T13:30:00,37,Inbound,QBR,Completed,2,0.54,52,12,False
938,3166,6,2022-08-16T08:00:00,1,Outbound,Discovery,Voicemail,1,,,0,False
939,1938,10,2022-05-11T16:15:00,53,Outbound,QBR,Completed,8,0.69,182,18,False
940,407,15,2024-08-03T11:00:00,51,Outbound,Negotiation,Completed,8,0.78,202,7,False
941,3122,10,2024-12-08T15:45:00,24,Outbound,Follow-Up,Completed,2,0.4,236,16,False
942,2249,3,2024-11-19T09:15:00,52,Outbound,Demo,Completed,7,0.37,117,24,False
943,1282,2,2021-11-01T15:15:00,38,Outbound,Follow-Up,Rescheduled,1,,,0,False
944,3748,13,2024-11-29T13:15:00,3,Outbound,Demo,Voicemail,1,,,0,False
945,4057,11,2023-07-09T13:00:00,0,Outbound,Follow-Up,No Show,1,,,0,False
946,61,8,2023-04-17T09:45:00,34,Outbound,Negotiation,Completed,6,0.82,258,14,False
947,4031,8,2024-06-19T14:45:00,0,Outbound,QBR,No Show,1,,,0,False
948,3710,4,2023-10-01T09:45:00,,Outbound,Check-In,No Show,1,,,0,False
949,784,5,2024-12-20T12:00:00,37,Inbound,Technical Deep Dive,Completed,5,0.56,102,16,True
950,494,6,2023-10-13T15:45:00,60,Inbound,Demo,Completed,6,0.4,46,13,False
951,1208,12,2022-09-14T12:15:00,38,Outbound,Discovery,Completed,6,0.52,93,17,False
952,3152,1,2024-01-17T13:15:00,27,Outbound,QBR,Rescheduled,1,,,0,False
953,4231,12,2024-12-31T12:15:00,58,Outbound,Follow-Up,Rescheduled,1,,,0,False
954,4711,14,2024-11-08T15:30:00,0,Outbound,Demo,No Show,1,,,0,False
955,4922,4,2024-12-11T14:45:00,20,Inbound,Technical Deep Dive,Completed,5,0.7,44,10,True
956,3259,15,2024-02-19T11:00:00,57,Outbound,Negotiation,Completed,8,0.6,107,15,True
957,3000,15,2022-06-28T14:15:00,25,Outbound,Discovery,Completed,2,0.49,56,9,False
958,3070,6,2024-09-30T11:00:00,22,Outbound,Discovery,Completed,5,0.42,111,4,False
959,3928,4,2024-06-07T12:15:00,52,Inbound,Demo,Completed,3,0.36,63,5,True
960,2629,6,2023-04-16T09:30:00,45,Inbound,Discovery,Completed,2,1.06,83,19,True
961,120,15,2024-10-29T12:30:00,35,Outbound,Technical Deep Dive,Completed,6,0.52,64,15,True
962,4988,8,2022-08-27T09:15:00,3,Inbound,Negotiation,Voicemail,1,,,0,False
963,2116,11,2022-11-19T11:30:00,55,Inbound,Negotiation,Completed,6,0.56,124,17,False
964,1463,13,2024-10-18T09:15:00,37,Outbound,Discovery,Completed,7,0.68,205,7,False
965,492,2,2023-05-13T14:45:00,34,Inbound,Follow-Up,Completed,3,0.52,145,10,False
966,3780,12,2030-06-15T10:00:00,15,Inbound,Negotiation,Completed,6,0.69,88,9,False
967,2314,5,2024-05-28T15:00:00,31,Outbound,Technical Deep Dive,Completed,8,0.38,149,15,True
968,4898,1,2022-06-26T11:30:00,46,Outbound,Discovery,Rescheduled,1,,,0,False
969,418,14,2024-08-02T14:45:00,54,Outbound,QBR,Completed,6,0.5,165,12,False
970,4462,13,2024-12-16T15:00:00,26,Inbound,Technical Deep Dive,Rescheduled,1,,,0,False
971,3924,7,2021-09-14T12:45:00,51,Outbound,Demo,Completed,6,0.61,73,19,True
972,215,16,2024-12-06T10:00:00,54,Outbound,QBR,Completed,4,0.57,62,4,False
973,4344,3,2024-11-15T09:30:00,21,Inbound,Demo,Completed,7,0.3,38,14,True
974,509,2,2024-11-19T11:15:00,54,Inbound,Check-In,Completed,5,1.37,190,14,False
975,936,10,2022-12-14T14:15:00,0,Inbound,Negotiation,No Show,1,,,0,False
976,4405,8,2021-01-13T10:45:00,0,Outbound,Demo,No Show,1,,,0,False
977,1506,12,2023-08-24T10:00:00,42,Outbound,Demo,Completed,2,0.77,192,10,False
978,747,15,2030-06-15T10:00:00,40,Inbound,Demo,Rescheduled,1,,,0,False
979,4972,5,2024-12-20T11:30:00,0,Outbound,Discovery,No Show,1,,,0,False
980,152,14,2023-11-06T14:15:00,20,Outbound,Follow-Up,Completed,5,0.71,126,12,True
981,4941,12,2023-10-25T12:45:00,0,Outbound,Check-In,No Show,1,,,0,False
982,1930,4,2024-10-16T12:15:00,50,Outbound,Demo,Completed,5,0.41,149,16,True
983,2743,4,2022-09-06T12:15:00,,Outbound,Negotiation,Completed,6,0.47,183,7,False
984,4529,12,2024-04-29T12:45:00,46,Outbound,Check-In,Completed,2,0.45,163,3,True
985,359,4,2020-03-04T11:45:00,0,Outbound,Technical Deep Dive,No Show,1,,,0,False
986,1539,10,2021-11-11T13:45:00,39,Outbound,Follow-Up,Completed,4,0.41,161,6,False
987,2430,3,2023-09-10T14:00:00,29,Outbound,Demo,Rescheduled,1,,,0,False
988,1918,13,2024-09-22T11:45:00,57,Outbound,Technical Deep Dive,Completed,8,0.57,144,11,False
989,764,12,2024-09-01T11:45:00,20,Inbound,Discovery,Completed,3,0.46,153,14,True
990,2201,14,2022-12-21T10:15:00,0,Outbound,Check-In,No Show,1,,,0,False
991,1515,4,2024-07-13T12:15:00,44,Outbound,QBR,Completed,3,0.46,130,6,True
992,4141,3,2024-12-06T15:15:00,2,Inbound,Discovery,Voicemail,1,,,0,False
993,2586,2,2023-10-05T13:30:00,26,Outbound,Demo,Rescheduled,1,,,0,False
994,2898,14,2024-12-21T10:15:00,30,Inbound,Negotiation,Completed,4,0.46,61,7,True
995,4306,4,2024-06-04T13:30:00,39,Outbound,Check-In,Completed,4,0.72,176,10,True
996,3324,2,2024-05-13T15:45:00,0,Inbound,Demo,No Show,1,,,0,False
997,1519,7,2024-05-10T09:30:00,21,Outbound,Negotiation,Completed,5,0.43,44,15,True
998,2848,5,2023-10-30T14:30:00,1,Inbound,Discovery,Voicemail,1,,,0,False
999,1335,15,2024-12-09T13:00:00,57,Outbound,Demo,Completed,4,0.68,157,9,True
1000,991,12,2023-09-26T10:00:00,18,Outbound,Demo,Rescheduled,1,,,0,False
1001,1775,12,2022-12-24T11:00:00,0,Outbound,Technical Deep Dive,No Show,1,,,0,False
1002,60,8,2024-06-16T14:00:00,0,Inbound,QBR,No Show,1,,,0,False
1003,462,7,2024-02-11T12:00:00,18,Inbound,Demo,Completed,3,0.63,233,3,False
1004,3965,9,2021-10-11T14:00:00,59,Outbound,Discovery,Rescheduled,1,,,0,False
1005,4427,12,2024-08-21T10:30:00,36,Outbound,Demo,Completed,6,0.41,187,10,True
1006,573,14,2023-09-14T15:45:00,47,Outbound,Demo,Completed,7,0.64,90,14,False
1007,1254,9,2024-12-05T13:00:00,3,Outbound,Technical Deep Dive,Voicemail,1,,,0,False
1008,4096,7,2024-11-01T16:15:00,17,Inbound,Check-In,Completed,4,0.67,228,14,True
1009,607,3,2024-12-15T09:45:00,20,Inbound,Technical Deep Dive,Completed,2,0.43,185,14,False
1010,3843,13,2021-08-03T08:15:00,52,Inbound,Technical Deep Dive,Completed,4,0.54,102,5,True
1011,354,3,2024-12-10T10:30:00,40,Inbound,Discovery,Rescheduled,1,,,0,False
1012,955,14,2023-12-23T11:30:00,0,Outbound,Technical Deep Dive,No Show,1,,,0,False
1013,263,10,2024-09-10T12:45:00,49,Inbound,Demo,Completed,8,0.83,35,3,False
1014,1729,8,2024-12-06T11:15:00,54,Outbound,Follow-Up,Completed,5,0.51,50,4,True
1015,1728,8,2024-12-22T13:30:00,0,Inbound,Follow-Up,No Show,1,,,0,False
1016,2288,14,2023-01-09T15:30:00,50,Outbound,Discovery,Completed,6,0.68,211,7,True
1017,228,6,2024-10-28T13:30:00,58,Outbound,Negotiation,Completed,7,0.36,220,9,True
1018,1942,16,2024-12-29T13:45:00,23,Inbound,Negotiation,Completed,8,0.35,33,10,False
1019,2162,2,2023-02-06T15:15:00,,Outbound,QBR,Completed,2,0.26,86,13,True
1020,3159,8,2024-12-16T10:00:00,29,Outbound,QBR,Completed,8,0.59,159,12,False
1021,3458,10,2024-12-12T08:15:00,34,Inbound,QBR,Completed,5,0.7,70,10,False
1022,216,16,2024-07-05T11:45:00,0,Outbound,Discovery,No Show,1,,,0,False
1023,2010,11,2024-12-29T12:30:00,39,Outbound,Follow-Up,Completed,6,0.54,177,6,True
1024,3967,11,2024-06-26T11:00:00,45,Inbound,Discovery,Completed,3,0.55,73,15,False
1025,716,5,2024-08-06T15:15:00,0,Outbound,Follow-Up,No Show,1,,,0,False
1026,1835,8,2023-06-06T13:45:00,45,Outbound,Discovery,Completed,7,0.58,210,14,False
1027,4406,9,2024-12-05T10:15:00,58,Outbound,Technical Deep Dive,Completed,6,0.47,178,13,True
1028,2575,7,2023-09-14T13:00:00,25,Outbound,Follow-Up,Completed,5,0.8,282,9,False
1029,4932,16,2024-12-02T13:00:00,31,Outbound,Check-In,Completed,4,0.87,206,8,False
1030,69,12,2023-09-18T13:00:00,30,Outbound,Technical Deep Dive,Completed,7,0.67,218,14,True
1031,4698,4,2024-01-07T13:30:00,21,Outbound,Discovery,Completed,5,0.37,89,5,True
1032,1539,10,2022-01-23T12:15:00,,Inbound,Follow-Up,Completed,2,0.67,123,4,True
1033,3160,5,2024-12-29T11:00:00,0,Outbound,Demo,No Show,1,,,0,False
1034,2925,7,2023-10-05T10:30:00,26,Inbound,Technical Deep Dive,Completed,4,0.53,57,15,False
1035,1411,3,2024-12-29T10:30:00,15,Inbound,Technical Deep Dive,Completed,7,0.53,201,12,False
1036,1922,15,2024-12-12T10:30:00,55,Outbound,Follow-Up,Completed,3,0.74,219,7,True
1037,794,9,2024-05-06T11:45:00,37,Outbound,Technical Deep Dive,Completed,2,0.39,171,15,True
1038,1384,8,2024-12-05T14:45:00,43,Outbound,Technical Deep Dive,Completed,2,1.06,107,11,True
1039,2071,10,2022-12-23T14:15:00,20,Outbound,Negotiation,Completed,4,0.87,201,11,False
1040,967,4,2023-09-05T10:30:00,43,Outbound,Negotiation,Completed,6,0.5,99,20,True
1041,4454,4,2022-04-15T10:00:00,27,Outbound,Demo,Completed,5,0.5,180,18,True
1042,559,10,2024-06-26T13:30:00,30,Outbound,QBR,Completed,8,0.63,64,10,True
1043,845,8,2024-12-19T11:45:00,23,Outbound,Follow-Up,Completed,5,0.63,99,15,True
1044,3483,15,2024-12-05T14:45:00,47,Outbound,Demo,Completed,6,0.7,87,3,True
1045,3581,8,2024-12-13T14:15:00,46,Outbound,Demo,Rescheduled,1,,,0,False
1046,4617,13,2024-11-16T14:45:00,54,Outbound,Technical Deep Dive,Completed,7,0.74,47,13,False
1047,2898,14,2024-12-22T13:45:00,38,Inbound,Check-In,Completed,7,0.71,160,11,False
1048,2441,15,2024-12-28T12:45:00,23,Inbound,Check-In,Completed,2,0.6,136,7,True
1049,3315,3,2024-11-01T16:30:00,55,Outbound,Technical Deep Dive,Completed,2,0.64,210,22,True
1050,3355,4,2024-12-14T14:00:00,48,Outbound,Demo,Completed,4,0.36,105,10,True
1051,4001,16,2024-10-10T12:15:00,46,Outbound,Follow-Up,Completed,7,0.55,101,9,False
1052,2654,6,2023-03-16T10:15:00,35,Outbound,Negotiation,Completed,6,0.43,154,18,False
1053,2519,1,2024-04-19T13:00:00,50,Outbound,Follow-Up,Completed,3,0.31,31,16,False
1054,603,5,2024-12-25T16:15:00,44,Outbound,Demo,Completed,6,0.44,232,6,False
1055,1811,13,2024-02-03T13:45:00,26,Outbound,QBR,Completed,7,0.41,164,11,True
1056,4423,14,2021-05-12T15:15:00,21,Outbound,Discovery,Completed,7,0.68,97,3,True
1057,1884,14,2024-09-17T14:45:00,22,Inbound,QBR,Completed,8,0.71,44,9,False
1058,3323,3,2022-06-13T11:15:00,37,Inbound,Negotiation,Completed,6,1.25,71,15,True
1059,2443,4,2022-07-29T10:30:00,17,Inbound,Negotiation,Completed,8,0.56,144,5,True
1060,1712,15,2024-10-28T14:30:00,60,Outbound,Discovery,Completed,5,0.74,58,4,False
1061,3959,13,2024-03-30T10:15:00,58,Outbound,Demo,Completed,8,0.55,100,6,True
1062,2437,5,2023-05-06T12:15:00,41,Inbound,Demo,Completed,7,0.59,137,7,True
1063,1445,10,2024-08-16T13:45:00,19,Outbound,Follow-Up,Completed,4,0.43,39,7,False
1064,2004,8,2023-11-10T12:15:00,34,Inbound,Technical Deep Dive,Completed,3,0.65,80,6,True
1065,3017,10,2024-09-18T12:00:00,53,Outbound,Check-In,Completed,3,0.51,78,6,True
1066,4327,16,2024-11-09T12:15:00,44,Outbound,Technical Deep Dive,Completed,8,0.65,30,14,False
1067,1653,16,2024-12-30T10:45:00,,Outbound,Technical Deep Dive,No Show,1,,,0,False
1068,1749,14,2024-04-28T09:30:00,55,Inbound,QBR,Completed,2,0.55,112,10,True
1069,1005,5,2024-12-05T08:30:00,17,Outbound,Follow-Up,Completed,2,0.46,101,4,False
1070,202,15,2024-11-24T15:00:00,59,Inbound,Check-In,Completed,3,0.71,118,4,True
1071,714,11,2024-06-20T14:45:00,40,Outbound,QBR,Completed,3,0.66,137,9,False
1072,3868,2,2024-12-07T11:15:00,40,Inbound,Check-In,Completed,8,0.59,77,7,False
1073,595,11,2023-07-21T09:00:00,20,Outbound,Discovery,Completed,8,0.46,37,3,False
1074,272,6,2023-06-19T17:15:00,40,Inbound,Demo,Completed,7,0.56,88,9,False
1075,463,11,2024-12-25T16:45:00,60,Inbound,Negotiation,Completed,4,0.64,125,13,False
1076,4367,16,2024-12-19T14:45:00,36,Outbound,Negotiation,Completed,4,0.53,165,5,True
1077,481,1,2024-12-06T14:30:00,16,Inbound,Negotiation,Completed,2,0.4,183,12,False
1078,3943,9,2024-12-14T11:15:00,32,Inbound,Negotiation,Rescheduled,1,,,0,False
1079,3199,1,2024-06-29T11:45:00,18,Outbound,Technical Deep Dive,Completed,5,0.5,182,8,False
1080,1100,14,2023-03-09T15:30:00,43,Outbound,QBR,Completed,5,0.8,218,2,False
1081,4243,1,2023-12-26T10:45:00,49,Outbound,Follow-Up,Completed,8,0.57,77,14,True
1082,264,11,2022-06-25T14:30:00,31,Inbound,QBR,Completed,8,0.67,67,14,False
1083,1871,5,2024-10-18T15:15:00,37,Outbound,Check-In,Rescheduled,1,,,0,False
1084,3065,2,2024-02-02T16:30:00,32,Outbound,Technical Deep Dive,Completed,5,0.48,107,14,True
1085,1666,7,2023-03-17T14:15:00,34,Outbound,Technical Deep Dive,Completed,7,1.31,37,5,False
1086,4902,9,2024-05-15T12:45:00,24,Outbound,Negotiation,Completed,2,0.77,65,5,False
1087,2969,13,2022-12-12T15:30:00,42,Outbound,Discovery,Completed,3,0.58,252,9,False
1088,5000,10,2024-11-03T13:00:00,43,Outbound,Discovery,Completed,4,0.42,153,9,True
1089,4459,6,2024-01-10T11:00:00,29,Outbound,Negotiation,Rescheduled,1,,,0,False
1090,4922,4,2024-12-21T11:00:00,57,Outbound,Demo,Completed,4,0.74,238,3,False
1091,1410,3,2024-12-14T11:00:00,17,Outbound,Technical Deep Dive,Rescheduled,1,,,0,False
1092,1992,9,2024-12-18T12:00:00,50,Outbound,Technical Deep Dive,Completed,6,0.44,210,14,True
1093,4542,15,2024-12-02T11:30:00,38,Outbound,Check-In,Completed,5,0.42,69,12,False
1094,157,1,2024-03-12T13:45:00,54,Outbound,Negotiation,Completed,2,0.51,142,24,False
1095,1520,5,2024-12-11T16:00:00,47,Inbound,Discovery,Completed,3,0.63,43,19,True
1096,4863,7,2022-10-27T13:45:00,0,Outbound,Negotiation,No Show,1,,,0,False
1097,1013,15,2022-12-07T11:45:00,23,Outbound,Follow-Up,Completed,8,0.62,234,13,True
1098,376,6,2024-06-01T13:15:00,38,Inbound,Technical Deep Dive,Completed,3,0.44,112,11,True
1099,743,4,2023-03-10T08:45:00,49,Inbound,QBR,Completed,5,0.72,62,14,False
1100,1096,15,2024-09-17T10:15:00,26,Outbound,Check-In,Completed,7,0.45,131,15,False
1101,4918,15,2024-12-26T09:30:00,56,Outbound,Discovery,Completed,2,0.5,192,6,True
1102,1181,5,2024-01-04T12:30:00,39,Inbound,Follow-Up,Rescheduled,1,,,0,False
1103,3557,3,2021-02-20T13:30:00,54,Outbound,Discovery,Completed,6,0.41,79,16,False
1104,3400,7,2024-08-23T14:15:00,18,Inbound,QBR,Completed,4,0.37,103,18,True
1105,2622,15,2024-09-07T09:15:00,27,Outbound,Check-In,Completed,5,0.55,84,5,True
1106,165,8,2024-12-17T11:15:00,37,Inbound,Follow-Up,Completed,6,0.52,168,6,True
1107,2484,3,2022-10-23T11:45:00,32,Inbound,QBR,Completed,7,0.47,218,14,False
1108,1812,3,2024-12-29T14:45:00,0,Outbound,Discovery,No Show,1,,,0,False
1109,3132,6,2024-03-14T13:15:00,16,Outbound,Follow-Up,Completed,7,0.61,37,10,True
1110,4754,8,2024-09-02T12:15:00,44,Outbound,Demo,Completed,7,0.56,118,19,True
1111,774,11,2024-03-28T15:00:00,-41,Inbound,Technical Deep Dive,Completed,4,0.57,176,11,False
1112,4,11,2024-09-21T08:45:00,26,Outbound,QBR,Completed,4,0.48,109,15,True
1113,2444,6,2024-12-30T12:15:00,17,Inbound,Follow-Up,Completed,4,0.39,155,6,True
1114,1342,11,2020-11-02T15:30:00,,Outbound,Technical Deep Dive,Completed,6,0.51,141,4,False
1115,3477,15,2024-10-02T10:45:00,46,Inbound,Follow-Up,Completed,4,0.59,65,7,False
1116,1357,3,2024-03-18T12:45:00,23,Inbound,Negotiation,Completed,2,0.32,229,8,False
1117,3705,1,2024-08-29T10:00:00,24,Inbound,Negotiation,Completed,3,0.64,216,4,False
1118,2377,2,2023-11-28T10:30:00,59,Outbound,Technical Deep Dive,Completed,4,0.45,30,20,True
1119,1353,8,2023-02-25T14:30:00,31,Outbound,Discovery,Completed,8,0.44,53,10,True
1120,1256,8,2024-12-05T13:30:00,23,Inbound,Technical Deep Dive,Completed,7,0.79,169,7,True
1121,1189,11,2024-09-15T08:45:00,58,Outbound,Check-In,Rescheduled,1,,,0,False
1122,3445,13,2024-03-04T10:45:00,48,Outbound,Technical Deep Dive,Completed,6,0.44,52,3,True
1123,3767,3,2024-08-01T16:45:00,34,Inbound,Follow-Up,Completed,7,0.58,201,4,True
1124,1551,3,2024-05-08T15:30:00,0,Outbound,Follow-Up,No Show,1,,,0,False
1125,4613,3,2024-03-04T15:15:00,21,Outbound,Discovery,Rescheduled,1,,,0,False
1126,617,2,2024-12-30T11:45:00,41,Inbound,Technical Deep Dive,Rescheduled,1,,,0,False
1127,1145,11,2022-10-14T11:15:00,29,Inbound,Discovery,Completed,4,0.43,213,17,True
1128,3832,15,2024-12-22T15:30:00,15,Outbound,QBR,Completed,3,0.75,243,3,False
1129,2661,16,2024-02-21T13:15:00,52,Inbound,Demo,Completed,2,0.49,101,6,True
1130,4789,15,2024-12-20T10:00:00,47,Outbound,Follow-Up,Completed,2,0.74,135,5,False
1131,1512,5,2024-12-27T15:00:00,57,Outbound,Discovery,Completed,4,0.68,124,4,False
1132,1533,3,2023-10-30T12:15:00,58,Outbound,Negotiation,Rescheduled,1,,,0,False
1133,4670,4,2023-10-25T12:30:00,51,Inbound,Demo,Completed,6,0.54,186,4,True
1134,910,11,2022-11-19T15:15:00,51,Inbound,Follow-Up,Completed,7,0.7,158,3,False
1135,3927,11,2021-04-11T11:45:00,25,Outbound,Follow-Up,Rescheduled,1,,,0,False
1136,138,4,2024-12-03T10:45:00,33,Inbound,Negotiation,Completed,3,0.45,50,7,True
1137,2101,8,2023-07-08T11:45:00,17,Outbound,QBR,Rescheduled,1,,,0,False
1138,1638,8,2023-01-14T15:45:00,53,Inbound,Demo,Completed,5,0.57,48,11,False
1139,1329,7,2023-09-08T12:45:00,40,Outbound,Technical Deep Dive,Completed,7,0.46,209,10,False
1140,4807,14,2021-11-23T14:15:00,29,Outbound,Check-In,Completed,5,0.65,30,7,False
1141,123,10,2022-10-01T16:00:00,38,Outbound,Check-In,Completed,4,0.41,235,15,True
1142,1610,5,2023-04-04T12:45:00,55,Inbound,Discovery,Completed,3,1.19,35,9,False
1143,406,3,2024-05-06T08:30:00,51,Outbound,Technical Deep Dive,Completed,5,0.34,54,12,True
1144,4305,15,2024-12-30T14:15:00,33,Outbound,Follow-Up,Completed,5,0.46,210,4,True
1145,35,2,2024-10-04T13:30:00,33,Inbound,Technical Deep Dive,Completed,3,0.39,116,4,False
1146,2413,10,2024-05-07T13:30:00,21,Inbound,Technical Deep Dive,Completed,7,1.44,223,7,False
1147,1208,12,2022-06-26T10:45:00,28,Inbound,Technical Deep Dive,Completed,3,0.6,172,9,False
1148,90,12,2024-06-25T09:30:00,47,Outbound,Check-In,Completed,7,0.58,99,8,True
1149,375,7,2022-08-12T15:30:00,41,Inbound,Technical Deep Dive,Completed,3,0.65,152,5,False
1150,277,10,2023-01-19T10:15:00,60,Inbound,Demo,Completed,2,0.67,239,12,True
1151,1754,3,2023-10-02T14:30:00,37,Outbound,Demo,Completed,3,0.72,98,3,False
1152,783,16,2024-12-17T13:30:00,23,Outbound,Check-In,Completed,5,0.68,75,6,False
1153,1653,16,2024-12-24T09:45:00,30,Outbound,Negotiation,Completed,5,0.42,121,19,True
1154,1137,2,2024-10-18T16:30:00,0,Outbound,Discovery,No Show,1,,,0,False
1155,2479,13,2024-12-08T12:45:00,30,Outbound,Technical Deep Dive,Completed,4,0.56,230,4,False
1156,59,12,2024-04-03T12:15:00,27,Outbound,Check-In,Completed,8,0.58,127,9,True
1157,4178,9,2024-05-08T14:15:00,53,Outbound,Discovery,Completed,6,0.43,130,8,True
1158,73,1,2030-06-15T10:00:00,28,Outbound,Demo,Completed,4,0.45,150,7,True
1159,3440,6,2024-12-13T13:15:00,57,Outbound,Demo,Completed,8,0.39,48,10,True
1160,4605,5,2021-12-10T12:45:00,35,Outbound,Discovery,Completed,4,0.61,294,3,True
1161,3578,1,2024-06-26T14:00:00,,Outbound,Discovery,Completed,2,0.34,219,21,True
1162,3450,4,2020-11-03T09:00:00,50,Outbound,Technical Deep Dive,Completed,2,0.53,138,13,False
1163,4820,14,2021-05-25T14:45:00,0,Outbound,Discovery,No Show,1,,,0,False
1164,4690,12,2020-11-29T08:15:00,0,Inbound,Follow-Up,No Show,1,,,0,False
1165,930,16,2024-06-26T09:45:00,0,Outbound,Technical Deep Dive,No Show,1,,,0,False
1166,225,16,2024-03-05T15:15:00,18,Inbound,Check-In,Completed,7,0.63,74,3,True
1167,794,9,2024-06-19T15:00:00,37,Outbound,Follow-Up,Completed,8,0.41,191,13,True
1168,1950,10,2024-12-28T10:15:00,53,Inbound,QBR,Completed,7,0.41,227,14,True
1169,1186,10,2024-12-02T10:30:00,-30,Outbound,Follow-Up,Completed,2,0.62,258,6,True
1170,143,8,2024-07-13T15:45:00,3,Outbound,Demo,Voicemail,1,,,0,False
1171,3806,4,2024-06-15T09:00:00,26,Inbound,QBR,Completed,6,0.56,65,11,False
1172,3270,9,2024-12-26T16:45:00,31,Outbound,Technical Deep Dive,Completed,5,0.47,120,9,False
1173,2003,6,2022-06-12T16:45:00,35,Outbound,Follow-Up,Completed,6,0.63,73,4,True
1174,2581,11,2024-06-26T10:45:00,0,Outbound,Demo,No Show,1,,,0,False
1175,4941,12,2023-10-24T14:30:00,50,Inbound,Negotiation,Completed,3,0.73,128,13,False
1176,2048,4,2022-09-03T15:00:00,42,Outbound,Discovery,Completed,2,0.75,154,9,False
1177,2555,12,2022-11-24T16:45:00,47,Outbound,QBR,Completed,7,0.64,222,6,True
1178,1101,7,2024-12-01T08:00:00,15,Outbound,Discovery,Rescheduled,1,,,0,False
1179,1357,3,2024-03-11T11:30:00,0,Outbound,Discovery,No Show,1,,,0,False
1180,373,8,2024-04-03T12:00:00,54,Outbound,Demo,Rescheduled,1,,,0,False
1181,4825,13,2023-11-22T11:15:00,38,Inbound,Discovery,Rescheduled,1,,,0,False
1182,2154,11,2023-12-19T13:45:00,31,Inbound,Discovery,Completed,7,0.55,108,3,True
1183,1999,6,2024-07-08T11:30:00,29,Outbound,Check-In,Completed,2,0.35,151,17,True
1184,4406,9,2024-11-11T15:15:00,0,Outbound,Negotiation,No Show,1,,,0,False
1185,3937,5,2021-04-20T13:15:00,0,Inbound,Demo,No Show,1,,,0,False
1186,3355,4,2024-12-17T12:00:00,36,Outbound,Negotiation,Completed,6,0.6,153,12,False
1187,4037,15,2024-10-23T15:30:00,,Outbound,Check-In,Completed,2,0.59,73,12,True
1188,4085,2,2023-03-18T12:15:00,28,Outbound,Negotiation,Completed,5,0.47,225,4,False
1189,3361,2,2024-12-07T12:45:00,37,Outbound,Negotiation,Completed,3,0.3,223,18,True
1190,1054,4,2024-03-19T16:45:00,0,Outbound,Technical Deep Dive,No Show,1,,,0,False
1191,1513,2,2022-07-28T10:45:00,28,Inbound,Technical Deep Dive,Rescheduled,1,,,0,False
1192,3839,6,2023-04-20T12:30:00,45,Inbound,Negotiation,Completed,7,0.47,128,8,False
1193,2308,14,2024-12-23T15:00:00,47,Outbound,Discovery,Completed,6,0.5,134,12,False
1194,349,9,2024-10-14T13:00:00,35,Inbound,Technical Deep Dive,Completed,2,0.63,157,5,True
1195,2695,13,2024-01-12T13:00:00,22,Outbound,QBR,Completed,8,0.77,208,9,False
1196,1669,15,2024-12-12T11:15:00,43,Inbound,Discovery,Completed,8,0.55,133,15,False
1197,3861,7,2022-09-18T12:00:00,,Outbound,Check-In,Rescheduled,1,,,0,False
1198,1259,9,2023-11-17T16:45:00,27,Outbound,Discovery,Completed,8,0.45,216,11,False
1199,4706,2,2024-06-26T09:30:00,27,Inbound,Technical Deep Dive,Completed,4,0.33,168,30,True
1200,614,7,2024-02-12T12:30:00,43,Outbound,Check-In,Rescheduled,1,,,0,False
1201,2420,8,2024-12-05T13:15:00,44,Outbound,Check-In,Completed,4,0.66,91,12,True
1202,3543,7,2023-03-14T11:30:00,59,Inbound,QBR,Completed,5,0.48,179,7,False
1203,2497,10,2024-12-21T14:30:00,25,Outbound,Technical Deep Dive,Completed,2,0.8,172,13,True
1204,1699,6,2024-12-12T13:30:00,0,Outbound,Discovery,No Show,1,,,0,False
1205,4099,6,2024-12-08T13:30:00,43,Outbound,Technical Deep Dive,Completed,8,0.68,198,15,False
1206,609,6,2024-11-11T12:45:00,35,Inbound,Negotiation,Completed,7,0.49,73,19,False
1207,3416,15,2024-11-12T14:30:00,26,Outbound,Follow-Up,Completed,5,0.57,134,4,False
1208,2598,16,2024-04-19T09:00:00,22,Inbound,Negotiation,Rescheduled,1,,,0,False
1209,3033,4,2024-08-13T15:45:00,39,Outbound,Discovery,Completed,6,0.42,97,16,False
1210,596,1,2023-08-02T09:30:00,49,Outbound,Technical Deep Dive,Completed,3,0.45,126,8,True
1211,4970,9,2020-09-17T17:15:00,0,Outbound,Demo,No Show,1,,,0,False
1212,4375,4,2024-08-06T14:15:00,59,Outbound,Technical Deep Dive,Completed,2,0.37,172,16,True
1213,2816,10,2022-08-07T11:15:00,22,Inbound,Demo,Completed,6,0.67,144,8,True
1214,1360,8,2021-04-19T12:30:00,43,Outbound,QBR,Completed,3,0.63,214,18,True
1215,2737,6,2023-08-11T11:30:00,57,Outbound,Technical Deep Dive,Completed,7,0.52,168,12,False
1216,845,8,2024-12-02T12:15:00,26,Outbound,Demo,Completed,6,0.61,122,4,True
1217,3437,5,2024-10-28T13:30:00,0,Outbound,Follow-Up,No Show,1,,,0,False
1218,406,7,2022-12-29T16:15:00,27,Inbound,Follow-Up,Completed,7,0.56,78,6,False
1219,2088,8,2024-05-01T09:30:00,32,Outbound,Follow-Up,Completed,8,0.62,72,19,False
1220,3923,14,2024-10-19T13:45:00,24,Outbound,QBR,Rescheduled,1,,,0,False
1221,2009,15,2024-12-12T14:30:00,26,Inbound,Demo,Completed,4,0.57,100,11,True
1222,4381,15,2024-10-08T15:15:00,45,Inbound,Check-In,Completed,7,0.42,144,15,False
1223,3989,2,2024-03-05T09:45:00,59,Outbound,Technical Deep Dive,Completed,6,0.46,61,15,True
1224,477,12,2024-03-14T15:15:00,17,Outbound,Technical Deep Dive,Completed,3,0.53,201,6,False
1225,3971,5,2023-11-25T14:45:00,-36,Outbound,QBR,Completed,2,0.46,219,7,True
1226,1791,4,2022-05-09T10:30:00,16,Inbound,Discovery,Completed,5,0.81,158,2,False
1227,1670,16,2024-02-24T15:00:00,,Outbound,Technical Deep Dive,Completed,8,0.42,145,10,True
1228,2706,11,2024-12-25T08:00:00,36,Inbound,Negotiation,Completed,3,0.55,235,12,False
1229,3249,9,2022-05-11T09:15:00,0,Inbound,Follow-Up,No Show,1,,,0,False
1230,2345,15,2024-12-26T13:45:00,29,Outbound,Discovery,Completed,4,0.69,172,6,True
1231,2419,13,2022-11-14T15:45:00,56,Outbound,Discovery,Completed,5,0.65,31,4,True
1232,1995,4,2023-01-05T10:15:00,56,Outbound,Technical Deep Dive,Completed,4,1.23,203,19,True
1233,1866,2,2024-11-23T10:15:00,18,Outbound,Check-In,Completed,6,0.44,149,14,True
1234,3349,5,2024-07-12T10:30:00,37,Outbound,Check-In,Rescheduled,1,,,0,False
1235,2079,4,2024-06-12T13:00:00,52,Outbound,Follow-Up,Completed,3,0.55,113,4,True
1236,3968,7,2022-11-27T12:00:00,55,Inbound,Follow-Up,Completed,5,0.53,215,12,True
1237,4796,13,2024-02-23T15:00:00,23,Inbound,Discovery,Completed,8,0.47,43,2,False
1238,4021,5,2024-12-15T15:45:00,20,Outbound,QBR,Completed,4,0.42,35,9,False
1239,4195,5,2024-01-29T11:15:00,3,Outbound,Technical Deep Dive,Voicemail,1,,,0,False
1240,4096,7,2024-09-08T15:45:00,24,Outbound,Discovery,Completed,4,0.77,140,10,True
1241,4789,15,2024-12-08T14:15:00,2,Outbound,Follow-Up,Voicemail,1,,,0,False
1242,374,3,2023-09-04T14:45:00,0,Outbound,Technical Deep Dive,No Show,1,,,0,False
1243,371,10,2022-11-04T12:00:00,40,Outbound,QBR,Completed,5,0.67,113,11,True
1244,77,12,2024-01-25T09:00:00,58,Inbound,Technical Deep Dive,Completed,2,0.67,153,15,True
1245,3041,2,2024-05-20T11:00:00,24,Outbound,Negotiation,Completed,8,1.32,32,7,False
1246,1384,8,2024-12-04T16:15:00,51,Outbound,Negotiation,Completed,4,0.63,187,5,False
1247,4674,5,2022-01-07T12:15:00,19,Outbound,Demo,Completed,2,0.53,40,20,False
1248,2254,14,2024-02-11T16:30:00,35,Outbound,Demo,Completed,8,0.65,128,12,False
1249,2918,15,2024-11-25T10:30:00,17,Outbound,Demo,Completed,8,0.74,85,7,True
1250,924,14,2023-12-26T15:15:00,45,Outbound,Technical Deep Dive,Completed,3,0.84,166,9,True
1251,4679,1,2023-01-12T11:15:00,1,Outbound,Demo,Voicemail,1,,,0,False
1252,2084,4,2024-12-04T14:45:00,49,Outbound,Check-In,Completed,8,1.29,224,5,False
1253,2496,12,2023-10-01T12:45:00,31,Outbound,QBR,Completed,5,0.39,155,18,False
1254,562,7,2030-06-15T10:00:00,0,Outbound,QBR,No Show,1,,,0,False
1255,2672,6,2024-12-05T12:45:00,48,Inbound,Follow-Up,Completed,4,1.3,53,17,False
1256,3997,9,2024-01-04T14:00:00,42,Outbound,Discovery,Rescheduled,1,,,0,False
1257,2423,1,2023-08-07T09:30:00,48,Outbound,Negotiation,Completed,3,0.54,96,18,True
1258,3400,7,2024-08-06T10:30:00,60,Outbound,Discovery,Completed,4,0.5,172,14,True
1259,3541,11,2024-04-15T15:00:00,36,Outbound,QBR,Completed,7,0.45,37,11,True
1260,2679,7,2024-10-17T12:15:00,0,Outbound,Check-In,No Show,1,,,0,False
1261,4442,5,2024-11-03T10:15:00,15,Outbound,QBR,Completed,7,0.47,159,24,True
1262,3919,11,2024-11-14T13:00:00,44,Outbound,Negotiation,Completed,6,0.38,54,11,True
1263,560,9,2022-11-12T12:00:00,29,Inbound,Technical Deep Dive,Completed,2,0.7,101,3,True
1264,1340,13,2024-12-22T12:15:00,45,Outbound,Demo,Completed,3,0.66,230,14,False
1265,4492,12,2024-06-24T15:30:00,0,Outbound,Negotiation,No Show,1,,,0,False
1266,2779,2,2022-12-21T09:00:00,0,Outbound,Discovery,No Show,1,,,0,False
1267,2951,10,2024-10-24T10:15:00,33,Outbound,QBR,Completed,3,0.75,154,11,False
1268,1603,1,2024-10-28T10:15:00,0,Outbound,QBR,No Show,1,,,0,False
1269,3683,8,2024-10-09T10:45:00,30,Outbound,Technical Deep Dive,Rescheduled,1,,,0,False
1270,3227,4,2024-12-26T14:15:00,32,Outbound,Negotiation,Completed,8,0.65,94,3,False
1271,3399,16,2024-06-19T12:45:00,-30,Outbound,Technical Deep Dive,Completed,8,0.64,76,11,True
1272,4453,7,2030-06-15T10:00:00,44,Outbound,Demo,Rescheduled,1,,,0,False
1273,929,11,2023-06-23T13:00:00,27,Outbound,Negotiation,Completed,5,0.66,105,6,True
1274,1000,8,2024-10-12T13:45:00,55,Outbound,Discovery,Completed,7,0.51,133,16,True
1275,1485,8,2023-09-27T10:00:00,33,Outbound,Technical Deep Dive,Completed,7,0.46,142,6,False
1276,1198,10,2023-05-22T16:45:00,47,Outbound,Check-In,Completed,3,0.38,129,14,False
1277,1969,8,2024-12-30T15:45:00,42,Outbound,Follow-Up,Completed,3,0.69,175,8,False
1278,3592,12,2030-06-15T10:00:00,,Outbound,QBR,Completed,7,0.55,175,9,True
1279,1220,8,2030-06-15T10:00:00,32,Outbound,QBR,Completed,3,0.63,76,2,False
1280,4432,6,2023-09-03T12:45:00,31,Outbound,Discovery,Completed,3,0.46,62,17,False
1281,1799,14,2024-12-20T13:30:00,29,Outbound,Technical Deep Dive,Completed,2,0.62,81,13,True
1282,4051,1,2024-02-25T12:30:00,32,Outbound,Follow-Up,Completed,6,0.45,53,26,True
1283,3126,6,2021-01-21T15:15:00,57,Outbound,Demo,Completed,7,0.41,184,11,False
1284,3190,1,2030-06-15T10:00:00,0,Outbound,Technical Deep Dive,No Show,1,,,0,False
1285,4506,7,2024-10-31T12:45:00,25,Inbound,Negotiation,Completed,8,0.65,44,11,False
1286,1253,8,2024-02-13T13:15:00,41,Inbound,Follow-Up,Completed,4,0.69,169,4,True
1287,869,4,2024-08-30T13:00:00,36,Outbound,QBR,Rescheduled,1,,,0,False
1288,585,10,2024-09-22T12:45:00,57,Inbound,Technical Deep Dive,Completed,8,0.65,178,18,True
1289,4540,12,2022-03-14T13:45:00,0,Outbound,Demo,No Show,1,,,0,False
1290,969,2,2024-03-26T11:00:00,,Outbound,Discovery,Completed,6,0.39,143,8,False
1291,4786,9,2024-06-07T11:45:00,43,Outbound,Check-In,Completed,3,0.41,67,4,True
1292,3962,2,2024-11-20T13:45:00,55,Inbound,Negotiation,Completed,2,0.55,211,6,False
1293,715,14,2024-07-27T16:15:00,0,Outbound,Check-In,No Show,1,,,0,False
1294,320,1,2030-06-15T10:00:00,0,Outbound,Follow-Up,No Show,1,,,0,False
1295,1176,13,2022-12-04T14:15:00,3,Outbound,Discovery,Voicemail,1,,,0,False
1296,4116,2,2022-06-12T13:00:00,46,Outbound,Demo,Completed,3,0.47,78,16,True
1297,3424,11,2021-09-10T15:15:00,29,Outbound,Check-In,Completed,7,0.45,119,15,True
1298,331,3,2022-09-03T10:30:00,31,Outbound,Check-In,Completed,5,0.57,173,14,False
1299,2616,11,2024-12-24T12:15:00,44,Outbound,Check-In,Completed,5,0.51,74,12,True
1300,3501,5,2022-09-25T11:45:00,31,Outbound,Technical Deep Dive,Completed,7,1.26,235,4,False
1301,130,10,2023-11-26T12:30:00,47,Inbound,Demo,Completed,8,0.58,94,12,False
1302,1533,3,2023-10-30T14:30:00,0,Outbound,Technical Deep Dive,No Show,1,,,0,False
1303,899,5,2024-09-25T09:00:00,22,Outbound,Follow-Up,Completed,5,0.63,49,13,True
1304,3498,8,2024-12-01T14:15:00,0,Inbound,Discovery,No Show,1,,,0,False
1305,3550,9,2024-11-18T10:15:00,54,Outbound,Technical Deep Dive,Completed,2,0.51,215,12,False
1306,1485,8,2023-09-13T11:30:00,40,Outbound,QBR,Completed,3,1.08,195,16,False
1307,4067,6,2024-12-03T09:45:00,56,Outbound,Check-In,Completed,6,0.47,40,18,False
1308,4204,2,2024-04-21T14:45:00,54,Inbound,QBR,Completed,8,0.43,168,20,True
1309,316,16,2023-06-30T10:15:00,18,Outbound,Negotiation,Completed,6,0.43,130,15,False
1310,4501,8,2024-11-21T12:30:00,16,Outbound,Technical Deep Dive,Completed,5,0.38,134,14,False
1311,2826,14,2023-01-15T14:00:00,35,Outbound,QBR,Completed,6,0.74,108,12,False
1312,2148,16,2024-11-12T12:00:00,42,Outbound,Negotiation,Completed,8,0.46,177,12,False
1313,3241,8,2023-08-23T16:00:00,57,Inbound,Demo,Completed,8,0.45,31,17,False
1314,893,1,2022-02-10T13:30:00,49,Outbound,Technical Deep Dive,Completed,2,0.34,123,19,True
1315,4730,10,2024-08-26T15:15:00,25,Inbound,Demo,Completed,6,0.72,239,8,False
1316,1334,4,2023-10-01T11:45:00,29,Inbound,Demo,Rescheduled,1,,,0,False
1317,4795,5,2024-09-03T12:30:00,44,Outbound,QBR,Completed,4,0.79,103,10,True
1318,4160,1,2024-12-16T11:30:00,29,Inbound,QBR,Completed,5,0.59,162,4,True
1319,3902,7,2024-12-01T10:15:00,25,Outbound,QBR,Completed,4,0.48,174,9,False
1320,2612,6,2024-12-03T14:30:00,29,Outbound,QBR,Completed,7,0.82,46,7,False
1321,1826,7,2024-12-17T11:00:00,22,Outbound,Follow-Up,Completed,4,0.58,55,18,False
1322,761,5,2023-10-26T13:00:00,60,Inbound,Demo,Completed,3,0.51,175,17,False
1323,258,11,2024-12-09T15:30:00,23,Outbound,Negotiation,Completed,8,0.51,59,6,True
1324,561,3,2024-12-04T13:15:00,31,Outbound,Check-In,Completed,5,0.65,102,20,False
1325,644,14,2024-12-17T11:15:00,21,Inbound,Negotiation,Completed,5,0.65,141,14,False
1326,3219,11,2024-12-20T11:45:00,25,Inbound,Negotiation,Completed,6,0.6,246,10,False
1327,1124,16,2024-05-12T15:15:00,57,Outbound,Follow-Up,Completed,6,0.69,77,8,True
1328,1746,4,2030-06-15T10:00:00,-16,Outbound,Follow-Up,Rescheduled,1,,,0,False
1329,355,2,2022-01-18T14:00:00,24,Outbound,Check-In,Completed,6,0.6,130,12,True
1330,3816,16,2024-12-02T16:30:00,24,Outbound,Follow-Up,Completed,5,0.7,51,6,True
1331,838,10,2023-12-09T15:30:00,41,Outbound,Technical Deep Dive,Completed,7,0.87,87,1,False
1332,2536,6,2023-01-20T15:45:00,44,Inbound,Demo,Rescheduled,1,,,0,False
1333,4624,2,2024-12-18T13:15:00,29,Outbound,Discovery,Completed,3,0.35,224,19,False
1334,1513,2,2022-09-24T09:15:00,51,Inbound,QBR,Rescheduled,1,,,0,False
1335,3633,14,2023-12-25T16:45:00,50,Outbound,Check-In,Completed,4,0.63,213,11,False
1336,1071,4,2023-12-06T10:15:00,51,Outbound,Check-In,Completed,3,0.72,47,7,True
1337,1325,15,2024-08-01T14:30:00,31,Outbound,Technical Deep Dive,Completed,8,0.82,246,8,False
1338,4618,15,2024-12-29T13:30:00,28,Inbound,Technical Deep Dive,Completed,6,0.64,35,3,True
1339,854,14,2024-12-04T15:00:00,19,Outbound,Demo,Completed,3,0.44,76,4,True
1340,2158,8,2023-08-10T11:30:00,52,Inbound,Check-In,Completed,4,0.38,204,13,True
1341,2178,16,2024-12-04T11:30:00,0,Outbound,Demo,No Show,1,,,0,False
1342,714,12,2023-12-09T11:15:00,51,Inbound,Discovery,Completed,5,0.85,174,4,True
1343,388,6,2024-07-18T13:45:00,0,Outbound,Discovery,No Show,1,,,0,False
1344,1678,5,2020-07-24T14:00:00,28,Inbound,Demo,Completed,3,0.61,40,18,False
1345,691,3,2024-12-20T10:30:00,28,Inbound,Technical Deep Dive,Rescheduled,1,,,0,False
1346,4950,9,2023-10-03T10:30:00,37,Inbound,Demo,Completed,6,0.43,221,3,False
1347,992,2,2024-12-13T14:30:00,45,Outbound,Demo,Completed,2,0.34,172,12,False
1348,571,9,2024-12-01T15:00:00,1,Inbound,Demo,Voicemail,1,,,0,False
1349,1527,5,2024-12-19T13:45:00,39,Outbound,Discovery,Completed,6,0.36,58,17,False
1350,535,14,2024-12-19T12:45:00,32,Outbound,Technical Deep Dive,Completed,6,0.6,199,8,True
1351,4751,13,2024-10-21T12:30:00,41,Inbound,QBR,Completed,3,0.47,151,7,True
1352,2508,3,2022-05-02T10:45:00,47,Outbound,Demo,Rescheduled,1,,,0,False
1353,1947,2,2024-12-07T12:30:00,29,Outbound,QBR,Completed,5,0.49,37,14,False
1354,4309,12,2024-12-15T10:45:00,58,Outbound,Technical Deep Dive,Completed,4,0.48,121,4,True
1355,438,12,2024-03-18T11:15:00,33,Outbound,Check-In,Completed,5,0.58,158,13,False
1356,1423,1,2022-09-13T15:45:00,41,Inbound,QBR,Completed,7,0.4,125,14,True
1357,39,3,2024-12-25T11:15:00,20,Outbound,Negotiation,Rescheduled,1,,,0,False
1358,2494,2,2030-06-15T10:00:00,20,Inbound,Demo,Completed,2,0.35,206,18,False
1359,4887,2,2024-11-28T15:15:00,23,Outbound,Demo,Completed,6,0.56,120,2,False
1360,1696,6,2023-06-22T13:45:00,38,Outbound,Check-In,Completed,3,0.51,124,19,True
1361,1631,8,2022-12-14T12:45:00,21,Outbound,Check-In,Completed,8,0.47,154,4,False
1362,2047,2,2023-06-25T14:15:00,0,Outbound,Discovery,No Show,1,,,0,False
1363,2119,8,2024-12-30T15:15:00,23,Outbound,Technical Deep Dive,Completed,4,0.58,216,5,False
1364,2728,9,2024-08-17T13:15:00,59,Inbound,Check-In,Completed,8,1.18,50,6,True
1365,3945,4,2024-10-30T08:15:00,0,Inbound,Follow-Up,No Show,1,,,0,False
1366,2437,5,2023-07-20T12:00:00,23,Outbound,Negotiation,Completed,8,0.58,163,5,False
1367,1855,2,2023-08-07T14:00:00,36,Outbound,Follow-Up,Rescheduled,1,,,0,False
1368,68,13,2030-06-15T10:00:00,47,Inbound,Check-In,Rescheduled,1,,,0,False
1369,288,4,2024-10-27T12:00:00,2,Inbound,Demo,Voicemail,1,,,0,False
1370,704,14,2024-06-20T12:30:00,25,Outbound,QBR,Completed,6,0.68,109,1,False
1371,279,10,2024-12-28T15:30:00,15,Outbound,Discovery,Completed,5,0.66,282,7,False
1372,4487,2,2021-12-16T11:45:00,18,Inbound,QBR,Completed,3,0.34,216,14,False
1373,1409,12,2024-12-07T10:00:00,41,Outbound,Negotiation,Completed,2,0.59,52,4,False
1374,2943,7,2024-12-18T10:15:00,34,Inbound,Negotiation,Completed,3,0.56,207,20,True
1375,3226,9,2024-02-05T13:15:00,21,Outbound,QBR,Completed,2,0.63,120,17,True
1376,178,9,2030-06-15T10:00:00,30,Outbound,Technical Deep Dive,Completed,7,0.59,45,11,False
1377,1926,10,2024-03-16T16:30:00,33,Outbound,Check-In,Completed,3,0.6,51,7,True
1378,1264,16,2024-12-09T10:30:00,27,Inbound,Check-In,Completed,5,0.71,107,10,True
1379,1104,12,2024-07-26T12:30:00,55,Inbound,QBR,Completed,2,0.65,123,15,True
1380,1947,2,2024-12-30T09:00:00,1,Outbound,QBR,Voicemail,1,,,0,False
1381,4592,15,2024-12-11T14:00:00,45,Outbound,Discovery,Completed,2,0.58,136,8,True
1382,1155,6,2024-12-28T11:30:00,-56,Outbound,Check-In,Completed,2,0.7,213,4,False
1383,616,5,2022-03-31T09:00:00,-2,Inbound,QBR,Voicemail,1,,,0,False
1384,4211,7,2021-10-03T12:00:00,36,Inbound,Demo,Completed,4,0.43,37,4,True
1385,1598,14,2022-07-21T11:15:00,24,Outbound,Discovery,Rescheduled,1,,,0,False
1386,242,10,2024-03-20T09:30:00,60,Outbound,Check-In,Completed,2,0.54,124,12,False
1387,762,12,2023-07-02T10:00:00,54,Outbound,QBR,Completed,2,0.64,122,13,False
1388,2895,4,2022-06-02T12:15:00,52,Outbound,Check-In,Completed,7,0.79,54,14,True
1389,1892,6,2024-06-10T09:30:00,35,Inbound,QBR,Completed,8,0.5,130,10,False
1390,571,7,2024-09-27T10:45:00,,Outbound,QBR,Completed,3,0.57,240,14,True
1391,2191,6,2024-11-05T13:30:00,15,Outbound,Follow-Up,Completed,2,0.66,32,18,True
1392,700,2,2024-06-24T10:45:00,40,Inbound,Technical Deep Dive,Completed,7,0.31,207,15,True
1393,86,15,2024-08-31T14:45:00,52,Outbound,QBR,Completed,3,0.4,214,9,True
1394,1783,11,2024-09-17T11:00:00,37,Inbound,Negotiation,Rescheduled,1,,,0,False
1395,2374,12,2024-10-08T14:15:00,17,Outbound,Negotiation,Completed,2,0.38,142,17,False
1396,2455,5,2024-11-15T15:15:00,25,Outbound,Technical Deep Dive,Rescheduled,1,,,0,False
1397,76,8,2024-09-21T14:15:00,57,Outbound,Follow-Up,Completed,7,0.43,136,14,True
1398,245,14,2023-12-19T12:45:00,,Outbound,Demo,Rescheduled,1,,,0,False
1399,2735,13,2021-05-09T13:00:00,51,Outbound,Check-In,Completed,3,0.44,147,4,False
1400,1036,11,2024-12-15T14:45:00,57,Inbound,Follow-Up,Completed,8,0.47,149,6,False
1401,4414,1,2022-09-02T13:30:00,60,Outbound,Check-In,Completed,7,0.62,156,15,False
1402,2119,8,2024-12-04T10:15:00,42,Outbound,QBR,Completed,5,0.59,232,14,True
1403,3749,15,2024-12-13T10:15:00,46,Inbound,Negotiation,Completed,5,0.42,104,4,True
1404,651,11,2024-12-03T14:45:00,19,Inbound,Technical Deep Dive,Completed,6,0.71,73,14,True
1405,65,3,2023-12-14T12:15:00,30,Outbound,Check-In,Completed,6,0.65,150,10,True
1406,632,11,2024-07-18T12:15:00,43,Outbound,Technical Deep Dive,Completed,4,0.55,132,10,False
1407,1794,12,2024-10-17T15:00:00,27,Outbound,Negotiation,Completed,5,0.45,209,15,False
1408,1815,2,2024-11-11T15:15:00,19,Outbound,Technical Deep Dive,Completed,7,0.53,91,18,True
1409,2212,1,2024-12-06T15:45:00,22,Inbound,Demo,Completed,8,0.52,85,20,False
1410,80,15,2024-12-11T15:30:00,0,Outbound,Check-In,No Show,1,,,0,False
1411,1088,4,2024-12-16T13:45:00,36,Outbound,Check-In,Completed,2,1.03,188,12,True
1412,1073,5,2023-05-04T13:45:00,1,Outbound,QBR,Voicemail,1,,,0,False
1413,3276,1,2024-09-21T10:45:00,18,Inbound,Follow-Up,Completed,3,0.72,213,15,False
1414,3321,9,2024-12-15T12:30:00,31,Inbound,Negotiation,Completed,3,0.53,207,3,False
1415,396,2,2023-04-29T16:30:00,0,Outbound,Follow-Up,No Show,1,,,0,False
1416,3028,15,2024-12-30T17:45:00,49,Outbound,Demo,Completed,2,0.6,74,11,True
1417,406,3,2024-04-21T14:15:00,3,Inbound,QBR,Voicemail,1,,,0,False
1418,4088,7,2024-12-05T17:45:00,54,Outbound,Negotiation,Completed,3,0.64,90,7,True
1419,4612,6,2024-01-12T16:45:00,34,Outbound,Check-In,Rescheduled,1,,,0,False
1420,2890,8,2023-09-26T14:15:00,36,Outbound,Technical Deep Dive,Completed,3,0.38,187,7,True
1421,3112,7,2021-10-25T14:45:00,,Inbound,Technical Deep Dive,Rescheduled,1,,,0,False
1422,686,13,2024-04-03T12:45:00,30,Outbound,Technical Deep Dive,Completed,2,0.73,229,11,False
1423,819,2,2024-08-25T12:00:00,15,Outbound,QBR,Completed,2,0.4,47,24,True
1424,4253,15,2024-07-07T10:30:00,3,Outbound,Negotiation,Voicemail,1,,,0,False
1425,4784,13,2022-09-10T11:45:00,46,Inbound,Follow-Up,Completed,2,0.44,91,2,True
1426,3073,14,2023-09-19T13:30:00,17,Outbound,Follow-Up,Completed,2,0.66,239,5,True
1427,1978,16,2024-12-04T15:30:00,17,Outbound,Negotiation,Completed,7,0.58,195,8,True
1428,667,5,2024-12-16T11:45:00,25,Outbound,Follow-Up,Completed,2,0.57,33,4,False
1429,4345,11,2024-02-29T12:00:00,54,Outbound,Negotiation,Completed,7,0.58,65,9,True
1430,1564,16,2024-12-12T14:30:00,0,Inbound,Check-In,No Show,1,,,0,False
1431,1912,10,2022-04-20T15:45:00,53,Outbound,Follow-Up,Completed,6,0.48,127,9,False
1432,1342,11,2020-08-22T12:15:00,40,Outbound,QBR,Completed,7,0.6,131,4,False
1433,914,4,2023-10-17T10:00:00,24,Inbound,Negotiation,Rescheduled,1,,,0,False
1434,1032,15,2024-10-28T12:45:00,28,Outbound,Demo,Completed,8,0.69,197,13,True
1435,688,4,2024-07-16T16:15:00,37,Outbound,Discovery,Rescheduled,1,,,0,False
1436,383,15,2024-12-22T12:45:00,51,Outbound,QBR,Rescheduled,1,,,0,False
1437,500,7,2024-12-16T13:45:00,59,Inbound,Discovery,Completed,5,0.46,32,10,False
1438,977,8,2024-09-08T12:00:00,19,Outbound,Technical Deep Dive,Completed,6,1.14,180,19,False
1439,4400,11,2023-02-07T15:30:00,,Outbound,QBR,Completed,5,0.63,78,12,True
1440,3101,9,2023-11-03T14:15:00,51,Outbound,QBR,Completed,3,0.58,180,1,False
1441,4998,3,2024-12-01T10:15:00,0,Outbound,Discovery,No Show,1,,,0,False
1442,3481,5,2024-12-04T14:30:00,0,Outbound,Check-In,No Show,1,,,0,False
1443,1342,11,2020-09-09T13:00:00,0,Outbound,Check-In,No Show,1,,,0,False
1444,1445,10,2024-09-25T16:30:00,0,Inbound,Negotiation,No Show,1,,,0,False
1445,4229,6,2021-12-09T12:30:00,30,Outbound,Discovery,Completed,2,0.67,209,7,False
1446,1252,13,2022-12-09T14:30:00,50,Outbound,Demo,Completed,8,0.65,107,9,True
1447,1688,15,2024-12-15T11:00:00,48,Outbound,Negotiation,Completed,8,0.41,178,13,False
1448,940,10,2024-12-20T12:30:00,0,Outbound,Check-In,No Show,1,,,0,False
1449,1966,8,2024-12-03T12:45:00,37,Outbound,QBR,Completed,8,0.37,187,9,False
1450,484,6,2024-12-28T12:30:00,50,Inbound,Technical Deep Dive,Completed,5,0.65,37,7,False
1451,2082,13,2024-11-20T11:30:00,57,Outbound,Demo,Completed,6,0.55,206,4,False
1452,2591,14,2024-05-13T13:30:00,43,Outbound,QBR,Completed,8,0.45,50,8,False
1453,4985,10,2022-07-13T11:15:00,21,Outbound,Demo,Completed,2,0.55,171,17,True
1454,513,12,2023-11-28T10:00:00,29,Inbound,Discovery,Completed,7,0.76,293,9,False
1455,361,7,2024-10-17T14:15:00,54,Outbound,Check-In,Completed,8,0.45,188,9,False
1456,4890,11,2024-01-09T12:45:00,36,Outbound,Follow-Up,Completed,6,0.46,145,4,True
1457,3233,13,2023-11-29T11:45:00,39,Inbound,Negotiation,Completed,5,0.72,76,11,False
1458,3745,13,2024-11-30T16:30:00,40,Outbound,Check-In,Completed,6,0.46,218,11,True
1459,832,13,2024-09-29T12:30:00,,Inbound,Follow-Up,No Show,1,,,0,False
1460,4030,14,2030-06-15T10:00:00,48,Outbound,Discovery,Completed,6,0.63,81,12,False
1461,1537,9,2024-08-15T12:30:00,0,Outbound,Negotiation,No Show,1,,,0,False
1462,1199,14,2023-09-16T09:45:00,42,Inbound,QBR,Rescheduled,1,,,0,False
1463,1441,8,2024-12-22T11:45:00,17,Inbound,Technical Deep Dive,Completed,3,0.48,164,11,True
1464,2524,6,2024-12-19T10:00:00,53,Outbound,Check-In,Completed,5,0.42,86,4,True
1465,3830,4,2024-11-10T12:45:00,52,Inbound,Check-In,Completed,7,0.58,34,14,False
1466,3563,15,2024-12-14T08:15:00,49,Inbound,Follow-Up,Completed,5,0.66,77,7,False
1467,4394,5,2022-09-30T16:30:00,24,Outbound,QBR,Completed,3,0.65,120,7,False
1468,849,7,2024-02-20T10:45:00,0,Inbound,Discovery,No Show,1,,,0,False
1469,2556,5,2024-02-24T09:15:00,39,Outbound,Follow-Up,Rescheduled,1,,,0,False
1470,1851,3,2022-09-03T12:15:00,31,Outbound,QBR,Rescheduled,1,,,0,False
1471,3837,5,2024-12-08T10:45:00,60,Outbound,Follow-Up,Completed,2,0.35,70,9,True
1472,121,2,2024-07-16T11:45:00,37,Outbound,Technical Deep Dive,Completed,8,0.61,220,20,True
1473,2952,14,2022-08-15T17:30:00,3,Outbound,Technical Deep Dive,Voicemail,1,,,0,False
1474,4678,7,2021-12-22T09:00:00,59,Inbound,Technical Deep Dive,Completed,6,0.42,117,19,False
1475,257,7,2024-12-19T16:15:00,45,Outbound,Technical Deep Dive,Completed,2,0.48,40,15,False
1476,3274,16,2024-12-17T11:45:00,33,Outbound,Discovery,Completed,7,0.63,100,3,False
1477,3613,8,2030-06-15T10:00:00,32,Inbound,Check-In,Completed,7,0.45,33,6,True
1478,4520,15,2024-12-24T16:15:00,0,Outbound,Demo,No Show,1,,,0,False
1479,3921,13,2024-12-10T10:30:00,45,Outbound,Demo,Completed,4,0.66,106,6,False
1480,300,15,2024-11-26T12:15:00,18,Outbound,Technical Deep Dive,Completed,8,0.74,157,14,False
1481,3410,15,2024-12-31T13:45:00,43,Outbound,Negotiation,Completed,2,0.59,187,8,False
1482,301,4,2023-06-17T09:15:00,22,Outbound,Check-In,Completed,4,0.39,129,10,False
1483,4786,9,2024-06-29T16:15:00,39,Outbound,Follow-Up,Rescheduled,1,,,0,False
1484,3943,9,2024-12-12T14:30:00,60,Outbound,Discovery,Completed,8,0.59,194,5,True
1485,4495,3,2024-05-17T12:30:00,51,Inbound,Technical Deep Dive,Rescheduled,1,,,0,False
1486,2778,11,2024-12-06T09:30:00,27,Outbound,Check-In,Completed,2,0.57,290,5,False
1487,1371,2,2024-03-17T11:00:00,51,Outbound,Check-In,Completed,5,0.59,124,15,False
1488,2114,16,2024-12-22T10:15:00,15,Inbound,Demo,Completed,3,0.67,185,13,True
1489,3478,16,2024-12-10T13:15:00,52,Outbound,Discovery,Completed,8,0.55,133,5,True
1490,2116,8,2023-02-09T12:15:00,43,Inbound,Negotiation,Completed,5,0.65,103,12,True
1491,2538,8,2023-08-29T16:00:00,2,Outbound,Technical Deep Dive,Voicemail,1,,,0,False
1492,4845,8,2023-09-26T11:15:00,56,Outbound,Check-In,Completed,3,0.44,71,25,True
1493,614,7,2024-01-31T17:15:00,,Outbound,Negotiation,Completed,3,0.77,84,3,True
1494,4564,5,2024-05-21T14:00:00,53,Outbound,QBR,Completed,7,0.62,102,14,False
1495,3,11,2024-12-10T16:30:00,,Outbound,Demo,Completed,7,0.63,176,14,False
1496,2689,3,2023-01-12T15:00:00,,Outbound,QBR,Completed,3,0.37,180,24,True
1497,753,6,2024-06-17T10:45:00,44,Inbound,Discovery,Completed,6,0.36,110,8,False
1498,2419,13,2022-10-24T12:15:00,25,Outbound,Demo,Completed,7,0.55,138,14,True
1499,3818,11,2024-04-12T14:15:00,28,Outbound,Follow-Up,Completed,2,0.46,171,10,False
1500,4346,13,2024-12-10T11:30:00,29,Outbound,Negotiation,Completed,6,0.74,73,4,False
1501,443,7,2024-07-18T14:30:00,55,Outbound,Demo,Completed,2,0.57,109,3,True
1502,3298,11,2024-12-19T12:30:00,51,Outbound,Technical Deep Dive,Completed,5,0.51,97,3,False
1503,3540,15,2024-06-02T09:45:00,15,Inbound,QBR,Completed,6,0.77,206,4,True
1504,4492,12,2024-04-12T15:30:00,53,Outbound,Check-In,Completed,6,1.17,49,12,True
1505,2815,13,2022-11-03T12:00:00,30,Outbound,Discovery,Completed,6,0.44,113,8,False
1506,4372,4,2024-09-07T14:45:00,50,Outbound,QBR,Completed,7,1.02,239,20,False
1507,4105,2,2024-06-07T10:00:00,1,Outbound,QBR,Voicemail,1,,,0,False
1508,3405,13,2024-02-27T15:15:00,60,Inbound,Discovery,Completed,2,0.61,213,4,False
1509,1527,5,2024-12-31T11:30:00,58,Outbound,Follow-Up,Completed,7,0.58,162,13,False
1510,3741,10,2021-08-09T13:30:00,2,Inbound,Technical Deep Dive,Voicemail,1,,,0,False
1511,4819,15,2030-06-15T10:00:00,40,Inbound,Follow-Up,Completed,7,0.54,189,16,True
1512,4154,1,2023-03-22T10:30:00,0,Outbound,Negotiation,No Show,1,,,0,False
1513,2391,12,2024-11-06T13:15:00,18,Inbound,Technical Deep Dive,Completed,5,0.41,189,16,False
1514,2949,10,2020-12-24T11:00:00,24,Outbound,Negotiation,Rescheduled,1,,,0,False
1515,3051,7,2024-08-06T10:00:00,47,Outbound,QBR,Completed,2,0.54,75,12,False
1516,3359,7,2024-12-05T09:00:00,24,Outbound,Check-In,Completed,8,0.61,148,7,True
1517,3691,13,2023-04-28T15:15:00,25,Inbound,Negotiation,Completed,6,0.5,89,8,True
1518,1111,3,2024-07-27T14:45:00,35,Outbound,Discovery,Completed,5,0.3,81,25,True
1519,3240,11,2030-06-15T10:00:00,56,Outbound,Technical Deep Dive,Completed,8,0.39,139,14,False
1520,2178,16,2024-12-26T11:00:00,0,Outbound,Technical Deep Dive,No Show,1,,,0,False
1521,4147,7,2030-06-15T10:00:00,54,Outbound,Technical Deep Dive,Completed,8,0.5,231,14,False
1522,188,13,2024-11-06T10:15:00,51,Outbound,Technical Deep Dive,Rescheduled,1,,,0,False
1523,4365,7,2024-03-16T12:45:00,19,Inbound,Technical Deep Dive,Completed,4,0.75,85,14,False
1524,4079,7,2023-07-08T13:00:00,,Inbound,Demo,Completed,2,0.57,102,7,False
1525,3223,12,2024-04-18T15:15:00,32,Outbound,Negotiation,Completed,6,0.51,229,9,True
1526,2851,7,2024-12-11T14:00:00,44,Outbound,Negotiation,Completed,3,0.57,228,16,True
1527,1274,15,2024-11-19T10:30:00,57,Inbound,Technical Deep Dive,Completed,7,0.53,207,4,False
1528,4335,4,2024-05-19T13:30:00,28,Outbound,Negotiation,Rescheduled,1,,,0,False
1529,3540,15,2024-07-27T15:30:00,32,Inbound,Negotiation,Completed,8,0.89,269,5,False
1530,3787,4,2024-08-23T16:45:00,45,Outbound,QBR,Completed,7,0.69,147,17,False
1531,186,5,2024-12-07T09:00:00,0,Inbound,Check-In,No Show,1,,,0,False
1532,4218,10,2024-06-26T14:00:00,1,Inbound,QBR,Voicemail,1,,,0,False
1533,3068,14,2024-10-19T14:15:00,32,Outbound,Negotiation,Completed,6,0.67,152,3,True
1534,4939,15,2024-12-22T15:00:00,18,Outbound,Negotiation,Completed,4,0.45,146,6,False
1535,1360,8,2021-05-17T15:30:00,33,Outbound,QBR,Completed,4,0.6,33,11,False
1536,1250,14,2024-03-09T13:15:00,0,Inbound,Negotiation,No Show,1,,,0,False
1537,3563,15,2024-12-14T17:00:00,45,Inbound,Follow-Up,Completed,3,0.89,98,8,True
1538,302,15,2024-10-28T13:30:00,55,Outbound,Check-In,Completed,6,0.75,181,3,False
1539,2147,6,2022-01-06T13:30:00,31,Outbound,Follow-Up,Completed,5,0.38,51,17,False
1540,4185,8,2024-10-31T14:15:00,29,Outbound,QBR,Completed,8,1.21,76,15,True
1541,4697,8,2022-09-18T11:30:00,51,Inbound,Discovery,Completed,3,0.34,112,20,False
1542,876,7,2023-03-15T15:45:00,0,Outbound,Negotiation,No Show,1,,,0,False
1543,1325,15,2024-05-18T14:00:00,40,Outbound,Discovery,Completed,3,0.71,269,9,False
1544,3291,16,2024-12-18T11:15:00,56,Outbound,Discovery,Completed,5,0.64,161,11,False
1545,716,5,2024-09-19T09:00:00,57,Outbound,Technical Deep Dive,Completed,5,0.65,141,9,False
1546,933,13,2022-12-27T10:00:00,28,Inbound,QBR,Completed,4,0.47,71,10,False
1547,2256,15,2023-06-03T13:15:00,17,Inbound,Demo,Rescheduled,1,,,0,False
1548,3382,9,2024-12-05T12:00:00,39,Outbound,Negotiation,Completed,2,0.69,190,11,False
1549,2362,9,2021-09-08T15:15:00,15,Outbound,Follow-Up,Completed,7,0.45,144,10,False
1550,2099,7,2024-10-06T13:30:00,0,Inbound,Check-In,No Show,1,,,0,False
1551,178,9,2023-12-15T14:45:00,1,Outbound,Follow-Up,Voicemail,1,,,0,False
1552,786,8,2024-10-04T11:00:00,47,Outbound,Technical Deep Dive,Rescheduled,1,,,0,False
1553,4984,14,2023-02-19T11:15:00,60,Outbound,Follow-Up,Completed,7,0.61,130,12,False
1554,67,13,2022-10-13T14:15:00,,Outbound,Check-In,Rescheduled,1,,,0,False
1555,3827,12,2024-12-06T14:00:00,49,Outbound,Check-In,Completed,4,0.43,63,11,True
1556,910,11,2022-12-05T15:45:00,31,Outbound,Follow-Up,Completed,3,0.47,164,11,True
1557,4318,15,2024-07-07T16:00:00,19,Inbound,Demo,Completed,7,0.52,146,8,False
1558,4324,9,2023-11-03T12:30:00,20,Outbound,Demo,Completed,3,0.85,252,13,True
1559,4875,5,2023-12-03T10:45:00,57,Outbound,Check-In,Completed,5,0.55,32,19,False
1560,1862,5,2020-08-21T12:15:00,0,Outbound,Discovery,No Show,1,,,0,False
1561,2220,13,2024-03-17T11:45:00,37,Inbound,Technical Deep Dive,Completed,4,0.61,225,10,True
1562,4188,6,2023-10-16T10:30:00,47,Outbound,Demo,Completed,7,0.52,119,6,False
1563,2011,13,2023-01-23T10:30:00,38,Inbound,Discovery,Completed,5,0.49,51,4,False
1564,2914,4,2023-07-31T11:00:00,28,Outbound,Check-In,Completed,5,0.43,73,17,True
1565,1200,2,2022-06-03T12:30:00,51,Outbound,Discovery,Completed,8,1.38,35,21,True
1566,676,16,2024-12-12T12:30:00,57,Outbound,QBR,Completed,7,0.51,213,8,True
1567,1092,12,2020-08-08T11:45:00,0,Outbound,Technical Deep Dive,No Show,1,,,0,False
1568,962,10,2023-12-13T14:00:00,-45,Outbound,QBR,Completed,3,0.87,158,11,False
1569,4169,16,2024-10-22T14:30:00,59,Outbound,Follow-Up,Completed,4,0.5,119,7,True
1570,2800,8,2024-12-10T15:00:00,22,Outbound,Technical Deep Dive,Completed,3,0.52,103,25,True
1571,1977,6,2023-12-28T15:15:00,35,Outbound,Demo,Completed,5,0.64,91,4,True
1572,1285,16,2024-12-04T13:45:00,2,Outbound,Follow-Up,Voicemail,1,,,0,False
1573,4206,14,2030-06-15T10:00:00,,Outbound,Negotiation,Completed,7,0.57,163,6,False
1574,1449,6,2024-12-24T12:30:00,46,Inbound,Demo,Completed,2,0.56,161,14,True
1575,4982,11,2024-12-22T12:00:00,43,Outbound,Check-In,Completed,4,0.64,83,9,True
1576,543,13,2024-12-03T14:00:00,47,Outbound,Technical Deep Dive,Completed,7,0.61,136,12,False
1577,3587,8,2024-02-12T09:45:00,22,Outbound,Negotiation,Completed,2,0.54,58,12,False
1578,461,7,2024-09-10T12:15:00,28,Outbound,QBR,Completed,6,0.43,66,15,False
1579,3268,15,2024-12-20T11:00:00,52,Outbound,QBR,Completed,5,0.37,69,14,True
1580,1150,2,2024-06-03T15:00:00,53,Inbound,QBR,Completed,3,0.31,71,16,False
1581,1434,12,2024-12-21T15:15:00,42,Outbound,Discovery,Rescheduled,1,,,0,False
1582,3794,14,2024-10-23T10:00:00,15,Inbound,Discovery,Completed,8,0.74,256,9,False
1583,1983,3,2024-11-23T10:30:00,43,Outbound,Discovery,Completed,4,0.58,139,20,False
1584,4365,7,2024-04-10T12:45:00,38,Outbound,Check-In,Completed,3,0.55,43,4,False
1585,2058,3,2024-09-03T13:45:00,49,Outbound,Discovery,Completed,2,0.32,164,22,False
1586,3261,2,2020-10-20T09:30:00,23,Outbound,Demo,Completed,5,0.6,234,9,False
1587,2001,13,2023-03-28T15:15:00,36,Inbound,QBR,Completed,2,0.66,219,14,False
1588,3726,8,2024-10-17T12:00:00,43,Outbound,Follow-Up,Completed,2,0.36,136,11,False
1589,1855,2,2023-07-28T14:30:00,27,Outbound,Follow-Up,Completed,3,0.55,237,19,True
1590,962,10,2023-11-13T12:00:00,49,Outbound,Discovery,Completed,8,0.84,104,9,True
1591,925,3,2022-02-24T11:15:00,41,Outbound,Check-In,Completed,4,0.43,123,8,True
1592,2522,12,2024-12-28T15:15:00,60,Outbound,Demo,Completed,5,0.73,271,8,False
1593,4511,15,2024-03-14T11:15:00,60,Outbound,Check-In,Completed,4,0.61,257,3,False
1594,1165,9,2024-04-12T11:45:00,55,Inbound,QBR,Completed,7,0.62,63,5,False
1595,305,11,2024-09-04T13:15:00,16,Outbound,Discovery,Completed,7,0.35,86,7,False
1596,1387,9,2021-06-01T15:00:00,18,Outbound,Follow-Up,Completed,2,0.72,236,4,True
1597,4691,4,2024-09-26T10:30:00,56,Inbound,Demo,Completed,8,0.64,119,9,False
1598,3243,12,2030-06-15T10:00:00,54,Outbound,Follow-Up,Completed,4,0.48,213,14,True
1599,3984,9,2024-07-22T15:00:00,21,Outbound,Follow-Up,Completed,5,0.66,283,9,False
1600,1797,9,2023-10-06T12:30:00,54,Outbound,Check-In,Rescheduled,1,,,0,False
1601,1701,2,2024-12-12T13:30:00,0,Inbound,Demo,No Show,1,,,0,False
1602,275,4,2023-06-21T16:15:00,3,Inbound,Discovery,Voicemail,1,,,0,False
1603,3503,1,2023-06-09T15:30:00,2,Outbound,Demo,Voicemail,1,,,0,False
1604,2489,11,2023-04-05T15:15:00,37,Outbound,Negotiation,Completed,5,0.72,122,1,False
1605,3371,11,2024-12-20T09:45:00,0,Inbound,Negotiation,No Show,1,,,0,False
1606,1022,9,2022-05-05T14:30:00,37,Outbound,Demo,Completed,5,0.62,128,18,True
1607,1855,2,2023-09-19T13:45:00,40,Inbound,Discovery,Completed,4,0.54,34,16,True
1608,1460,8,2024-10-04T12:15:00,0,Outbound,QBR,No Show,1,,,0,False
1609,2777,8,2030-06-15T10:00:00,58,Outbound,Demo,Completed,6,0.61,170,6,False
1610,2485,3,2024-08-22T15:45:00,15,Inbound,QBR,Completed,2,0.41,63,10,True
1611,864,7,2023-09-02T14:00:00,45,Outbound,Discovery,Rescheduled,1,,,0,False
1612,2476,16,2024-11-11T09:45:00,35,Outbound,Check-In,Completed,3,0.68,64,3,True
1613,1616,10,2024-12-11T11:15:00,56,Outbound,Negotiation,Completed,2,0.65,151,9,False
1614,3526,11,2024-08-12T15:15:00,24,Outbound,Technical Deep Dive,Completed,4,0.56,185,10,False
1615,2463,3,2030-06-15T10:00:00,22,Outbound,Negotiation,Completed,7,0.65,190,4,True
1616,461,7,2024-08-06T12:45:00,15,Outbound,Technical Deep Dive,Completed,6,0.49,126,6,False
1617,3282,3,2021-01-14T09:15:00,20,Outbound,QBR,Completed,5,0.55,239,8,True
1618,1122,5,2030-06-15T10:00:00,44,Outbound,Follow-Up,Completed,8,0.58,130,18,True
1619,4869,16,2024-03-08T14:45:00,32,Outbound,QBR,Completed,5,0.54,215,14,True
1620,4779,1,2024-12-17T15:15:00,0,Outbound,Negotiation,No Show,1,,,0,False
1621,206,8,2024-01-11T14:15:00,30,Outbound,QBR,Completed,6,0.63,182,18,True
1622,3667,12,2024-06-30T11:15:00,29,Outbound,Demo,Completed,5,0.59,222,16,True
1623,3453,12,2024-12-02T08:45:00,50,Outbound,Follow-Up,Completed,7,0.8,62,11,False
1624,1624,15,2024-09-03T13:15:00,0,Outbound,Check-In,No Show,1,,,0,False
1625,1745,7,2024-07-21T11:45:00,-50,Outbound,QBR,Completed,2,0.42,113,8,True
1626,2915,13,2023-03-22T10:45:00,21,Outbound,Follow-Up,Completed,6,0.76,155,9,False
1627,1939,12,2024-12-27T13:15:00,54,Outbound,Technical Deep Dive,Completed,3,0.49,216,14,False
1628,1568,11,2024-12-08T12:15:00,0,Outbound,Check-In,No Show,1,,,0,False
1629,2056,7,2023-06-15T09:15:00,55,Inbound,Negotiation,Completed,8,0.48,149,18,True
1630,1599,11,2021-05-20T15:30:00,56,Outbound,Negotiation,Completed,7,0.54,167,9,True
1631,458,4,2024-09-30T11:00:00,39,Outbound,Check-In,Completed,4,0.36,160,15,False
1632,4451,3,2022-02-06T09:45:00,3,Outbound,Demo,Voicemail,1,,,0,False
1633,3548,5,2022-09-27T09:30:00,38,Outbound,Check-In,Completed,5,0.65,159,9,False
1634,3926,13,2021-12-31T13:45:00,53,Outbound,Discovery,Completed,5,0.9,122,5,False
1635,2276,8,2023-03-09T12:45:00,28,Outbound,Check-In,Completed,2,0.58,112,7,True
1636,3392,7,2024-06-12T12:00:00,31,Outbound,QBR,Completed,4,0.71,193,10,False
1637,1562,10,2024-12-26T15:30:00,-52,Outbound,Discovery,Completed,4,0.62,155,15,False
1638,2048,4,2022-08-16T10:30:00,25,Inbound,Negotiation,Completed,4,0.7,277,5,False
1639,229,13,2022-09-16T12:15:00,0,Outbound,Demo,No Show,1,,,0,False
1640,2027,1,2024-09-21T16:45:00,56,Outbound,Check-In,Completed,8,0.39,146,10,False
1641,1305,3,2024-12-22T12:00:00,18,Inbound,Follow-Up,Rescheduled,1,,,0,False
1642,1848,16,2024-11-26T12:15:00,53,Outbound,Discovery,Completed,2,0.74,119,15,True
1643,3404,11,2024-03-11T13:30:00,17,Inbound,QBR,Completed,5,0.78,166,11,False
1644,2699,13,2024-01-06T14:15:00,3,Outbound,Technical Deep Dive,Voicemail,1,,,0,False
1645,2386,16,2024-12-10T16:30:00,37,Outbound,Negotiation,Rescheduled,1,,,0,False
1646,111,9,2024-08-28T13:30:00,0,Inbound,QBR,No Show,1,,,0,False
1647,3351,15,2024-01-13T10:45:00,21,Inbound,Discovery,Completed,6,0.44,156,6,False
1648,3178,8,2024-12-20T13:15:00,36,Inbound,Check-In,Completed,4,0.57,182,11,False
1649,4217,5,2023-02-26T14:15:00,31,Inbound,Discovery,Completed,7,0.61,97,19,False
1650,2158,8,2023-06-08T10:30:00,0,Outbound,Technical Deep Dive,No Show,1,,,0,False
1651,2709,2,2021-04-16T15:00:00,42,Inbound,Follow-Up,Completed,7,0.45,218,9,False
1652,4521,14,2024-07-14T13:30:00,55,Outbound,Technical Deep Dive,Completed,7,0.7,97,6,False
1653,2262,15,2022-08-01T10:15:00,44,Outbound,Follow-Up,Completed,6,0.45,113,9,True
1654,1715,8,2024-03-16T11:45:00,3,Outbound,Check-In,Voicemail,1,,,0,False
1655,4678,7,2021-12-05T17:30:00,34,Outbound,Discovery,Completed,5,0.59,202,20,False
1656,1971,7,2021-01-10T13:00:00,27,Inbound,Follow-Up,Completed,5,0.38,46,19,True
1657,402,16,2024-01-01T12:00:00,57,Outbound,Discovery,Completed,6,1.11,77,7,False
1658,2912,10,2024-05-12T11:15:00,37,Outbound,QBR,Completed,4,0.55,48,5,False
1659,1883,2,2024-11-19T11:30:00,47,Outbound,Negotiation,Completed,8,0.38,48,16,True
1660,2583,7,2024-06-09T14:45:00,37,Outbound,Demo,Completed,5,0.43,50,15,False
1661,2716,7,2022-03-14T11:45:00,17,Outbound,Technical Deep Dive,Completed,3,0.58,215,8,False
1662,2592,8,2024-12-28T14:15:00,41,Inbound,Negotiation,Completed,2,0.57,144,4,True
1663,981,9,2023-10-10T15:00:00,48,Outbound,Demo,Completed,6,0.41,116,12,False
1664,351,15,2024-12-06T10:00:00,1,Outbound,QBR,Voicemail,1,,,0,False
1665,1506,12,2023-09-12T16:00:00,50,Outbound,QBR,Completed,6,0.64,126,9,False
1666,4331,14,2024-09-08T16:00:00,0,Outbound,Negotiation,No Show,1,,,0,False
1667,2161,12,2022-04-22T10:15:00,34,Outbound,Discovery,Completed,2,0.81,250,10,True
1668,920,11,2024-12-03T15:00:00,19,Outbound,Discovery,Rescheduled,1,,,0,False
1669,3906,11,2024-01-08T15:15:00,51,Outbound,QBR,Rescheduled,1,,,0,False
1670,1662,4,2022-08-17T17:15:00,0,Outbound,Negotiation,No Show,1,,,0,False
1671,2989,12,2021-02-22T10:15:00,52,Outbound,Follow-Up,Completed,7,0.7,80,9,True
1672,2326,7,2024-10-24T10:15:00,49,Outbound,Discovery,Rescheduled,1,,,0,False
1673,3697,2,2024-12-30T11:30:00,59,Inbound,Discovery,Completed,8,0.44,214,8,True
1674,146,2,2023-02-20T08:30:00,57,Inbound,QBR,Completed,2,0.47,92,3,False
1675,329,14,2024-07-21T12:30:00,-24,Outbound,Follow-Up,Completed,4,0.69,55,7,True
1676,1077,4,2024-05-23T13:15:00,40,Outbound,Discovery,Completed,8,0.66,207,19,False
1677,4730,10,2024-08-06T11:15:00,32,Outbound,QBR,Completed,3,0.67,146,13,False
1678,3147,11,2022-10-29T14:30:00,46,Outbound,Negotiation,Completed,8,0.57,31,12,True
1679,2938,12,2024-08-14T08:30:00,30,Inbound,Technical Deep Dive,Rescheduled,1,,,0,False
1680,885,1,2022-11-08T13:45:00,53,Outbound,Negotiation,Completed,5,0.31,222,15,False
1681,202,15,2024-11-17T10:15:00,19,Inbound,Technical Deep Dive,Completed,5,0.79,78,7,True
1682,1020,6,2022-05-12T17:15:00,17,Outbound,Negotiation,Completed,4,0.41,168,8,False
1683,75,15,2024-12-26T13:45:00,0,Outbound,Discovery,No Show,1,,,0,False
1684,2673,10,2024-12-25T16:15:00,51,Outbound,QBR,Completed,4,0.51,179,4,True
1685,2062,14,2024-12-19T11:45:00,,Outbound,Discovery,No Show,1,,,0,False
1686,4307,14,2021-06-06T10:00:00,30,Outbound,Check-In,Completed,3,1.09,151,5,True
1687,602,5,2024-11-30T16:45:00,53,Outbound,Technical Deep Dive,Completed,2,0.61,84,19,True
1688,1839,5,2030-06-15T10:00:00,26,Outbound,QBR,Completed,6,0.45,71,18,False
1689,2625,14,2022-11-25T15:45:00,49,Outbound,Negotiation,Completed,8,0.71,225,8,False
1690,3791,1,2024-09-24T15:00:00,50,Inbound,QBR,Completed,5,0.42,149,8,False
1691,2989,12,2030-06-15T10:00:00,54,Outbound,Demo,Completed,2,0.5,160,9,True
1692,1997,6,2023-09-09T09:30:00,56,Outbound,Check-In,Completed,3,0.63,168,11,False
1693,2417,8,2024-11-14T09:00:00,57,Outbound,Technical Deep Dive,Completed,5,0.81,266,5,False
1694,2384,16,2023-12-20T13:15:00,42,Inbound,Discovery,Completed,5,0.86,299,9,False
1695,1836,11,2024-11-16T11:45:00,,Outbound,Check-In,Completed,5,0.64,229,10,False
1696,121,2,2024-08-14T15:45:00,24,Outbound,Check-In,Completed,7,0.49,88,8,True
1697,255,13,2024-12-27T10:15:00,41,Inbound,Technical Deep Dive,Completed,4,0.5,143,14,False
1698,1930,4,2024-12-09T14:00:00,39,Outbound,Follow-Up,Completed,2,0.47,90,12,True
1699,807,2,2024-09-08T09:45:00,21,Inbound,Technical Deep Dive,Completed,7,0.73,242,12,False
1700,1427,9,2022-12-04T17:00:00,26,Inbound,Technical Deep Dive,Completed,8,0.42,92,7,False
1701,3892,9,2022-10-24T15:00:00,44,Inbound,Follow-Up,Rescheduled,1,,,0,False
1702,451,15,2024-12-26T13:00:00,29,Outbound,Check-In,Completed,2,0.54,58,11,False
1703,4217,5,2023-01-03T11:15:00,43,Inbound,Discovery,Completed,7,0.48,141,8,True
1704,3633,14,2023-10-26T11:00:00,35,Inbound,Discovery,Rescheduled,1,,,0,False
1705,4196,13,2022-10-07T08:30:00,57,Outbound,Technical Deep Dive,Completed,3,0.77,132,11,False
1706,4172,16,2024-12-07T17:15:00,25,Outbound,Negotiation,Rescheduled,1,,,0,False
1707,2374,12,2024-12-29T17:45:00,31,Outbound,Discovery,Completed,7,0.42,190,10,False
1708,691,3,2024-12-04T08:15:00,42,Outbound,Demo,Completed,2,0.32,37,14,True
1709,656,5,2024-12-13T12:45:00,32,Outbound,Follow-Up,Completed,8,0.52,97,7,True
1710,1495,12,2021-06-29T10:15:00,54,Inbound,Discovery,Rescheduled,1,,,0,False
1711,3793,14,2024-07-17T14:30:00,15,Inbound,Check-In,Rescheduled,1,,,0,False
1712,2983,12,2024-05-31T14:45:00,27,Inbound,Technical Deep Dive,Completed,8,0.77,52,13,False
1713,2146,11,2022-02-05T09:00:00,36,Inbound,QBR,Completed,5,0.7,126,16,False
1714,2333,10,2023-01-21T13:00:00,18,Outbound,Technical Deep Dive,Completed,6,0.7,63,9,True
1715,1,3,2023-09-02T11:30:00,,Inbound,QBR,Completed,5,0.48,94,6,True
1716,3168,9,2024-12-23T13:45:00,15,Outbound,Discovery,Completed,6,0.52,36,14,False
1717,3556,11,2024-12-06T12:45:00,29,Inbound,Demo,Completed,6,0.62,251,5,False
1718,3703,2,2021-09-11T12:00:00,30,Outbound,QBR,Completed,5,1.01,55,12,True
1719,3525,11,2024-02-23T09:00:00,26,Inbound,Negotiation,Completed,8,0.65,51,9,True
1720,1470,8,2030-06-15T10:00:00,26,Outbound,Check-In,Completed,6,0.56,214,4,False
1721,1550,15,2022-09-19T12:15:00,22,Outbound,Technical Deep Dive,Completed,8,0.71,133,15,True
1722,3954,15,2024-12-19T14:15:00,17,Inbound,Demo,Completed,6,0.55,160,11,False
1723,212,5,2024-07-11T10:15:00,33,Inbound,Discovery,Completed,7,0.67,205,10,False
1724,3983,8,2022-10-09T14:30:00,15,Outbound,Technical Deep Dive,Completed,8,0.59,123,11,False
1725,202,15,2024-09-04T16:45:00,39,Inbound,Discovery,Rescheduled,1,,,0,False
1726,4844,10,2022-03-22T13:30:00,35,Inbound,Check-In,Completed,3,0.6,98,16,True
1727,1378,6,2024-08-22T11:30:00,18,Inbound,Demo,Completed,8,0.65,98,5,False
1728,3616,13,2024-05-21T08:00:00,46,Outbound,QBR,Completed,5,0.45,117,8,False
1729,2173,13,2024-08-25T15:15:00,30,Inbound,Follow-Up,Rescheduled,1,,,0,False
1730,574,2,2024-12-17T15:30:00,42,Inbound,Check-In,Completed,2,0.69,260,15,True
1731,1913,6,2023-03-01T10:00:00,51,Outbound,Follow-Up,Completed,4,0.43,87,18,False
1732,2252,5,2023-09-25T13:30:00,40,Outbound,Discovery,Completed,5,0.68,33,7,False
1733,3198,2,2023-09-02T14:15:00,49,Inbound,Demo,Completed,3,0.35,78,13,False
1734,3982,3,2024-11-07T10:15:00,56,Outbound,Discovery,Completed,3,0.77,189,10,True
1735,4187,13,2024-02-23T14:15:00,25,Outbound,Negotiation,Completed,4,0.66,159,9,False
1736,1041,13,2023-03-01T16:00:00,30,Outbound,Technical Deep Dive,Completed,6,0.78,57,4,False
1737,4367,16,2024-12-19T12:00:00,,Inbound,Check-In,Voicemail,1,,,0,False
1738,2976,6,2024-11-06T15:45:00,51,Outbound,QBR,Completed,7,0.71,116,9,False
1739,3406,15,2024-07-20T17:45:00,29,Outbound,Negotiation,Rescheduled,1,,,0,False
1740,2899,6,2024-03-30T09:30:00,42,Inbound,Negotiation,Completed,5,0.44,40,13,True
1741,1156,16,2024-03-24T15:00:00,-20,Outbound,Negotiation,Rescheduled,1,,,0,False
1742,3073,14,2023-09-11T12:45:00,26,Outbound,Negotiation,Completed,5,0.66,115,9,True
1743,3981,12,2024-03-22T15:00:00,31,Inbound,QBR,Completed,3,0.68,218,11,False
1744,1657,11,2024-01-13T09:30:00,22,Inbound,Demo,Completed,2,0.6,123,9,True
1745,1688,15,2024-12-17T17:15:00,28,Outbound,Discovery,Rescheduled,1,,,0,False
1746,4977,1,2024-09-04T10:30:00,2,Outbound,Technical Deep Dive,Voicemail,1,,,0,False
1747,2029,3,2023-08-18T15:30:00,23,Inbound,Technical Deep Dive,Completed,5,0.53,108,4,True
1748,559,10,2024-05-09T14:45:00,21,Outbound,QBR,Completed,8,0.59,96,7,False
1749,2726,1,2024-09-11T10:00:00,19,Outbound,Discovery,Completed,8,0.34,135,19,False
1750,1171,14,2024-12-24T14:00:00,48,Outbound,Technical Deep Dive,Completed,3,0.58,123,13,False
1751,3647,2,2024-10-12T09:45:00,47,Outbound,Technical Deep Dive,Completed,8,0.36,48,4,True
1752,460,2,2023-07-18T15:15:00,46,Outbound,Demo,Completed,6,0.55,195,2,True
1753,2907,15,2024-02-25T10:15:00,16,Outbound,Follow-Up,Completed,8,0.46,101,16,False
1754,189,2,2024-05-14T11:45:00,0,Outbound,Discovery,No Show,1,,,0,False
1755,253,8,2021-10-28T15:45:00,2,Outbound,Follow-Up,Voicemail,1,,,0,False
1756,709,14,2024-04-27T15:15:00,48,Outbound,Check-In,Completed,6,0.7,32,7,False
1757,2655,14,2021-10-09T14:00:00,23,Outbound,Follow-Up,Completed,3,0.65,266,4,False
1758,437,6,2024-12-27T16:30:00,31,Inbound,Technical Deep Dive,Rescheduled,1,,,0,False
1759,4064,7,2021-06-03T13:15:00,16,Outbound,Check-In,Completed,2,0.64,213,11,True
1760,2183,11,2024-09-26T13:00:00,48,Outbound,Discovery,Completed,7,0.46,225,18,True
1761,1818,2,2024-12-20T12:15:00,34,Inbound,Demo,Completed,5,0.47,121,12,True
1762,2865,2,2023-06-04T11:45:00,0,Outbound,Follow-Up,No Show,1,,,0,False
1763,2670,15,2024-12-26T09:45:00,53,Outbound,Technical Deep Dive,Completed,6,0.77,48,1,False
1764,1351,13,2024-12-23T13:00:00,25,Outbound,Demo,Rescheduled,1,,,0,False
1765,4971,4,2024-06-14T12:00:00,44,Outbound,Check-In,Completed,7,0.34,156,10,True
1766,1288,7,2024-12-31T11:30:00,23,Outbound,Demo,Completed,4,0.66,113,2,True
1767,1108,14,2022-11-01T13:00:00,48,Outbound,Follow-Up,Completed,4,0.68,77,2,False
1768,3689,15,2024-12-23T12:30:00,20,Outbound,Check-In,Rescheduled,1,,,0,False
1769,1676,16,2024-11-03T09:30:00,51,Outbound,Discovery,Completed,8,0.47,122,16,False
1770,1188,14,2023-03-08T14:15:00,25,Inbound,Technical Deep Dive,Rescheduled,1,,,0,False
1771,2704,11,2024-11-04T10:15:00,0,Inbound,Check-In,No Show,1,,,0,False
1772,866,8,2023-04-10T12:15:00,19,Outbound,Check-In,Completed,8,0.58,167,18,False
1773,4081,10,2024-12-01T13:00:00,48,Inbound,QBR,Completed,2,0.65,209,16,True
1774,2816,10,2022-09-22T13:00:00,25,Outbound,Negotiation,Completed,2,0.4,73,10,True
1775,2318,3,2024-10-13T11:45:00,58,Outbound,Demo,Completed,3,0.48,179,22,False
1776,1371,2,2024-03-05T15:00:00,27,Inbound,Check-In,Completed,2,0.36,231,4,False
1777,3927,11,2021-03-20T17:15:00,42,Outbound,Check-In,Completed,5,0.52,99,13,False
1778,1222,9,2023-05-25T13:45:00,0,Outbound,QBR,No Show,1,,,0,False
1779,3277,13,2023-11-30T14:15:00,49,Outbound,QBR,Completed,6,0.5,73,12,False
1780,505,7,2023-04-29T16:45:00,0,Outbound,Technical Deep Dive,No Show,1,,,0,False
1781,571,7,2024-10-19T14:15:00,33,Outbound,Negotiation,Completed,8,0.52,164,6,False
1782,3192,9,2024-10-17T10:00:00,52,Outbound,Negotiation,Completed,2,0.52,114,18,False
1783,1342,11,2020-08-31T14:15:00,0,Outbound,Discovery,No Show,1,,,0,False
1784,2039,10,2023-11-10T09:45:00,48,Outbound,Demo,Rescheduled,1,,,0,False
1785,3908,13,2024-07-13T10:45:00,32,Outbound,Negotiation,Completed,4,0.62,223,6,False
1786,320,16,2024-12-11T11:45:00,57,Outbound,QBR,Completed,3,0.85,199,11,False
1787,4225,2,2023-07-18T11:45:00,26,Outbound,Demo,Rescheduled,1,,,0,False
1788,3359,7,2024-12-03T12:00:00,31,Outbound,Follow-Up,Completed,5,0.39,186,6,True
1789,2220,13,2024-04-02T10:30:00,23,Outbound,Discovery,Completed,8,0.77,220,4,True
1790,1337,11,2024-11-30T15:00:00,58,Inbound,Check-In,Completed,6,0.63,172,3,True
1791,4269,16,2024-12-13T12:30:00,0,Outbound,QBR,No Show,1,,,0,False
1792,2431,7,2023-11-16T09:45:00,59,Outbound,Negotiation,Rescheduled,1,,,0,False
1793,4117,6,2024-11-05T11:15:00,44,Inbound,Follow-Up,Rescheduled,1,,,0,False
1794,22,3,2024-08-18T15:15:00,36,Outbound,Demo,Completed,5,0.6,169,10,True
1795,3406,15,2024-11-02T16:45:00,33,Outbound,Technical Deep Dive,Completed,7,0.7,65,7,False
1796,3660,7,2024-08-26T11:00:00,51,Outbound,QBR,Completed,7,0.62,67,4,False
1797,4979,6,2023-12-23T14:30:00,33,Outbound,Follow-Up,Completed,3,0.62,133,11,False
1798,730,15,2024-12-24T12:45:00,47,Outbound,Follow-Up,Completed,4,0.64,103,7,True
1799,2961,8,2024-11-24T13:45:00,37,Outbound,Follow-Up,Completed,6,0.63,194,14,False
1800,1657,11,2024-03-02T15:30:00,50,Outbound,Follow-Up,Rescheduled,1,,,0,False
1801,1682,4,2030-06-15T10:00:00,,Outbound,Demo,Completed,5,0.51,122,11,False
1802,2272,10,2024-12-24T10:00:00,27,Outbound,QBR,Completed,2,1.05,225,13,True
1803,4247,12,2024-05-18T10:15:00,18,Outbound,Demo,Completed,3,1.36,125,17,False
1804,2744,7,2024-02-12T08:15:00,0,Outbound,Negotiation,No Show,1,,,0,False
1805,3255,2,2024-12-04T09:15:00,0,Inbound,QBR,No Show,1,,,0,False
1806,2395,8,2023-12-07T15:30:00,31,Outbound,Technical Deep Dive,Completed,4,0.54,79,9,True
1807,910,11,2022-11-21T14:45:00,23,Outbound,Demo,Completed,4,0.69,82,9,False
1808,3964,16,2024-12-20T16:30:00,20,Outbound,Demo,Completed,7,0.66,204,8,False
1809,2209,2,2022-01-11T11:00:00,39,Outbound,QBR,Completed,5,0.37,227,24,True
1810,1499,6,2024-03-23T09:45:00,23,Outbound,Discovery,Rescheduled,1,,,0,False
1811,47,8,2024-04-14T16:15:00,32,Outbound,Follow-Up,Completed,3,1.2,125,15,True
1812,640,6,2022-10-18T15:15:00,41,Outbound,QBR,Rescheduled,1,,,0,False
1813,2019,6,2023-06-20T10:00:00,42,Outbound,Technical Deep Dive,Completed,3,0.63,115,16,True
1814,3205,15,2024-09-02T11:30:00,27,Outbound,Demo,Completed,2,0.61,222,12,True
1815,1613,10,2023-05-08T13:30:00,23,Outbound,Follow-Up,Completed,6,0.42,46,6,False
1816,4727,1,2023-08-11T08:30:00,16,Outbound,Demo,Completed,4,0.56,60,10,False
1817,111,9,2024-05-31T10:00:00,28,Inbound,Demo,Completed,7,0.64,160,14,False
1818,1702,8,2023-11-13T12:45:00,50,Outbound,Check-In,Completed,3,0.55,83,8,True
1819,565,15,2024-06-23T11:30:00,37,Outbound,Discovery,Rescheduled,1,,,0,False
1820,4630,7,2024-12-03T13:00:00,0,Inbound,Negotiation,No Show,1,,,0,False
1821,3109,2,2024-09-18T11:45:00,-41,Outbound,Negotiation,Completed,7,0.36,37,16,True
1822,2893,13,2023-05-08T10:30:00,58,Outbound,Technical Deep Dive,Completed,6,0.68,50,13,True
1823,4444,3,2023-07-05T09:45:00,2,Outbound,Demo,Voicemail,1,,,0,False
1824,291,15,2024-11-11T13:00:00,35,Outbound,Discovery,Rescheduled,1,,,0,False
1825,2952,14,2022-09-29T10:15:00,23,Outbound,QBR,Completed,5,0.63,80,8,False
1826,3833,3,2020-06-11T15:15:00,49,Outbound,Discovery,Completed,6,0.37,131,21,False
1827,4778,15,2024-12-28T12:30:00,46,Inbound,Discovery,Completed,2,0.45,166,7,True
1828,4586,9,2024-11-28T15:45:00,,Outbound,Check-In,Completed,2,0.55,216,14,False
1829,3621,10,2024-10-18T09:15:00,37,Outbound,Discovery,Completed,5,0.41,68,16,False
1830,897,7,2024-11-27T15:15:00,34,Outbound,Discovery,Completed,3,0.69,280,7,True
1831,3242,8,2021-12-26T14:00:00,35,Outbound,QBR,Completed,2,1.25,156,12,False
1832,465,9,2024-04-10T17:00:00,,Inbound,Demo,Completed,7,0.58,181,8,False
1833,3877,2,2023-02-27T14:45:00,44,Outbound,Technical Deep Dive,Completed,2,0.49,180,12,False
1834,2190,5,2024-10-07T11:45:00,25,Inbound,Discovery,Completed,3,0.58,198,10,False
1835,714,12,2023-11-21T14:00:00,44,Outbound,Technical Deep Dive,Completed,6,0.86,142,10,False
1836,418,14,2024-10-09T16:30:00,34,Inbound,QBR,Completed,3,0.57,137,16,True
1837,654,2,2024-12-04T14:00:00,0,Outbound,Technical Deep Dive,No Show,1,,,0,False
1838,1749,14,2024-08-09T10:15:00,54,Outbound,Demo,Completed,7,0.44,144,12,True
1839,4370,15,2024-11-09T13:00:00,34,Outbound,Check-In,Completed,2,0.66,225,11,True
1840,567,9,2024-12-09T14:45:00,22,Outbound,QBR,Completed,4,0.45,64,9,True
1841,3502,2,2024-12-26T13:30:00,52,Outbound,Follow-Up,Completed,3,0.31,63,14,True
1842,1167,10,2022-01-06T15:00:00,48,Outbound,Follow-Up,Rescheduled,1,,,0,False
1843,1580,5,2024-12-28T11:00:00,41,Inbound,Demo,Completed,6,0.43,226,17,False
1844,1423,1,2022-08-21T10:15:00,53,Inbound,QBR,Rescheduled,1,,,0,False
1845,4860,6,2024-12-27T14:45:00,36,Outbound,Negotiation,Completed,6,0.51,100,8,False
1846,4418,2,2024-11-15T10:45:00,15,Outbound,Demo,Completed,6,0.7,84,3,True
1847,4810,11,2024-11-27T11:00:00,26,Inbound,QBR,Completed,5,0.63,208,10,True
1848,1164,5,2023-07-19T11:15:00,29,Outbound,Check-In,Completed,4,0.54,239,5,False
1849,3212,5,2024-07-24T13:15:00,16,Outbound,Discovery,Rescheduled,1,,,0,False
1850,4362,12,2023-10-21T14:00:00,18,Outbound,Follow-Up,Rescheduled,1,,,0,False
1851,1123,5,2023-12-22T12:00:00,30,Outbound,Check-In,Completed,3,0.45,186,4,True
1852,919,11,2022-11-26T13:00:00,36,Outbound,QBR,Completed,4,0.69,148,16,False
1853,149,2,2023-08-19T12:15:00,30,Outbound,QBR,Completed,5,1.43,54,10,False
1854,2479,13,2024-12-16T14:30:00,0,Outbound,Follow-Up,No Show,1,,,0,False
1855,4048,14,2024-12-14T13:30:00,34,Outbound,Negotiation,Completed,7,0.89,193,9,False
1856,2463,3,2024-03-29T11:00:00,53,Inbound,Negotiation,Completed,2,0.38,84,19,True
1857,1092,12,2020-07-10T13:45:00,38,Inbound,Negotiation,Completed,3,0.58,61,9,False
1858,2696,8,2024-12-09T10:30:00,46,Inbound,Follow-Up,Rescheduled,1,,,0,False
1859,3931,8,2024-12-01T11:45:00,42,Outbound,QBR,Rescheduled,1,,,0,False
1860,185,14,2024-07-01T11:00:00,57,Outbound,Negotiation,Completed,4,0.61,118,4,False
1861,1114,3,2024-12-21T14:45:00,47,Inbound,QBR,Completed,4,0.61,232,6,True
1862,1782,1,2023-01-25T13:45:00,58,Outbound,QBR,Rescheduled,1,,,0,False
1863,4122,15,2030-06-15T10:00:00,29,Outbound,QBR,Completed,8,0.82,276,9,True
1864,4114,3,2030-06-15T10:00:00,49,Outbound,Follow-Up,Completed,4,0.46,120,15,False
1865,206,8,2023-11-30T14:15:00,58,Outbound,Check-In,Completed,5,0.69,119,14,True
1866,3652,3,2024-10-11T11:45:00,22,Outbound,Check-In,Completed,4,0.48,108,9,True
1867,1791,4,2022-04-08T13:30:00,34,Outbound,Negotiation,Completed,7,0.61,117,2,False
1868,2653,14,2024-12-18T11:45:00,19,Inbound,Follow-Up,Rescheduled,1,,,0,False
1869,4505,7,2024-09-15T09:30:00,24,Outbound,Follow-Up,Completed,7,0.51,178,12,False
1870,2873,15,2024-12-19T08:45:00,-16,Outbound,QBR,Completed,3,0.65,49,13,True
1871,2237,11,2023-05-11T15:45:00,49,Outbound,Follow-Up,Completed,6,0.62,75,5,False
1872,642,10,2024-11-19T15:15:00,23,Outbound,Demo,Completed,3,1.25,38,10,False
1873,1764,7,2024-07-23T11:15:00,2,Outbound,Negotiation,Voicemail,1,,,0,False
1874,1975,2,2024-11-10T10:00:00,28,Inbound,Check-In,Completed,7,0.47,42,14,False
1875,37,1,2021-03-04T13:45:00,41,Inbound,Demo,Rescheduled,1,,,0,False
1876,1442,10,2024-02-15T16:45:00,36,Outbound,Follow-Up,Completed,4,0.65,124,14,True
1877,906,15,2024-12-20T16:30:00,18,Inbound,Check-In,Rescheduled,1,,,0,False
1878,462,7,2024-01-22T12:30:00,51,Outbound,Check-In,Rescheduled,1,,,0,False
1879,1255,7,2024-09-15T14:15:00,52,Inbound,Follow-Up,Completed,8,0.61,35,11,True
1880,3420,2,2024-12-27T12:15:00,30,Outbound,Demo,Completed,6,0.45,86,4,False
1881,2949,10,2021-02-25T13:00:00,26,Outbound,Discovery,Completed,3,0.59,214,10,False
1882,1595,1,2024-10-30T09:30:00,3,Inbound,Technical Deep Dive,Voicemail,1,,,0,False
1883,3460,6,2030-06-15T10:00:00,0,Outbound,Demo,No Show,1,,,0,False
1884,2596,15,2024-09-23T13:45:00,0,Outbound,Demo,No Show,1,,,0,False
1885,3242,8,2021-11-29T11:45:00,0,Outbound,Negotiation,No Show,1,,,0,False
1886,4537,1,2024-10-20T09:30:00,30,Inbound,Discovery,Completed,8,0.28,39,16,False
1887,4752,11,2023-12-18T10:00:00,57,Outbound,QBR,Completed,2,0.5,192,4,True
1888,3588,2,2024-12-10T13:15:00,27,Outbound,Demo,Completed,3,1.41,160,9,True
1889,4169,16,2024-08-15T09:15:00,21,Outbound,Check-In,Rescheduled,1,,,0,False
1890,2272,10,2024-12-24T11:45:00,41,Outbound,Technical Deep Dive,Completed,8,0.42,137,14,False
1891,3171,5,2022-07-08T17:30:00,43,Outbound,QBR,Completed,3,0.5,159,24,True
1892,2981,7,2024-12-19T08:00:00,46,Outbound,QBR,Completed,3,0.47,169,10,False
1893,1899,16,2030-06-15T10:00:00,,Inbound,Technical Deep Dive,Completed,4,0.53,87,7,True
1894,2287,7,2022-07-10T13:00:00,0,Inbound,Follow-Up,No Show,1,,,0,False
1895,208,5,2023-04-08T10:30:00,0,Outbound,Follow-Up,No Show,1,,,0,False
1896,283,12,2024-10-11T15:30:00,17,Outbound,Check-In,Completed,7,0.61,225,14,True
1897,2711,16,2024-12-14T15:15:00,55,Outbound,Technical Deep Dive,Completed,6,0.47,111,5,True
1898,2684,12,2022-02-13T11:30:00,26,Outbound,QBR,Completed,3,0.61,232,6,False
1899,616,5,2022-05-31T13:15:00,42,Outbound,Technical Deep Dive,Rescheduled,1,,,0,False
1900,2200,3,2024-11-09T11:30:00,,Outbound,Check-In,No Show,1,,,0,False
1901,4886,4,2024-12-01T12:15:00,,Inbound,Demo,Completed,3,0.36,52,13,True
1902,4994,13,2024-03-02T09:45:00,58,Inbound,Negotiation,Completed,2,0.53,208,9,False
1903,1476,10,2023-08-24T09:30:00,0,Outbound,Technical Deep Dive,No Show,1,,,0,False
1904,1343,14,2024-03-11T08:15:00,0,Outbound,Negotiation,No Show,1,,,0,False
1905,4674,5,2021-11-02T14:45:00,43,Outbound,Follow-Up,Completed,2,0.48,100,12,False
1906,2980,6,2023-10-08T16:15:00,43,Outbound,Discovery,Completed,6,0.7,140,16,True
1907,3342,1,2022-12-14T10:15:00,23,Outbound,Negotiation,Completed,5,0.72,40,14,False
1908,3949,3,2024-12-17T11:45:00,21,Outbound,Discovery,Rescheduled,1,,,0,False
1909,3550,9,2024-09-06T11:15:00,34,Inbound,Technical Deep Dive,Completed,7,0.72,153,14,False
1910,2066,10,2024-12-30T15:15:00,23,Outbound,QBR,Completed,4,0.69,88,15,False
1911,2614,8,2024-12-26T09:00:00,27,Outbound,Check-In,Completed,7,0.59,232,11,False
1912,3847,7,2024-07-02T13:45:00,44,Outbound,Check-In,Completed,2,0.53,137,16,False
1913,3015,1,2024-11-05T13:45:00,39,Outbound,Check-In,Completed,2,0.39,179,20,False
1914,3337,6,2024-01-01T16:15:00,24,Outbound,Check-In,Completed,3,0.54,206,13,True
1915,2052,14,2024-11-30T16:15:00,,Inbound,Discovery,Completed,2,0.49,95,6,True
1916,492,2,2023-05-15T13:00:00,,Outbound,Follow-Up,Completed,6,1.45,114,18,True
1917,185,14,2024-07-07T12:00:00,48,Outbound,QBR,Completed,3,1.05,175,2,False
1918,653,15,2024-08-30T15:30:00,44,Outbound,Demo,Completed,3,0.46,232,7,False
1919,3137,8,2022-12-16T11:30:00,44,Inbound,Negotiation,Completed,6,0.54,120,5,True
1920,2606,10,2030-06-15T10:00:00,24,Outbound,Check-In,Completed,4,0.56,138,7,False
1921,29,1,2023-03-30T09:15:00,42,Outbound,Check-In,Completed,4,0.59,185,9,False
1922,3625,16,2024-11-02T11:30:00,52,Outbound,Check-In,Completed,7,0.44,228,8,True
1923,3872,12,2023-02-28T12:30:00,0,Inbound,Technical Deep Dive,No Show,1,,,0,False
1924,180,11,2024-09-07T12:00:00,55,Inbound,Negotiation,Completed,5,0.63,236,4,True
1925,3820,8,2023-11-13T10:30:00,15,Outbound,Demo,Completed,3,0.64,91,18,False
1926,2339,6,2021-12-14T10:30:00,49,Inbound,Check-In,Completed,7,0.69,240,8,True
1927,4523,6,2024-09-04T16:15:00,48,Outbound,Check-In,Completed,3,0.45,221,20,False
1928,996,3,2022-12-31T13:45:00,53,Outbound,QBR,Completed,5,0.64,161,10,False
1929,2193,7,2024-09-30T15:15:00,60,Inbound,Negotiation,Completed,8,0.52,53,20,True
1930,3379,8,2022-02-02T14:15:00,34,Outbound,Demo,Completed,2,0.73,187,12,False
1931,3214,7,2024-04-14T16:45:00,,Outbound,Demo,Completed,5,0.81,137,12,False
1932,2187,12,2023-10-09T09:00:00,54,Outbound,Discovery,Completed,4,0.62,154,4,False
1933,4624,2,2024-12-03T09:00:00,60,Outbound,Follow-Up,Completed,3,1.32,167,14,False
1934,3256,10,2024-11-12T14:30:00,,Outbound,Demo,No Show,1,,,0,False
1935,803,1,2023-09-20T12:00:00,40,Outbound,Follow-Up,Completed,7,0.49,163,16,True
1936,1446,5,2024-11-23T11:30:00,30,Outbound,Negotiation,Completed,6,0.63,139,13,False
1937,692,15,2024-12-26T15:00:00,54,Outbound,Demo,Completed,6,0.45,85,4,False
1938,3900,12,2022-12-05T14:30:00,60,Inbound,Demo,Completed,8,0.7,118,9,True
1939,4792,11,2024-12-05T13:15:00,59,Outbound,Follow-Up,Completed,6,0.43,72,9,True
1940,2674,6,2023-05-21T13:30:00,40,Outbound,Check-In,Completed,2,0.4,237,18,True
1941,2289,2,2022-04-26T13:30:00,26,Inbound,Technical Deep Dive,Completed,3,0.34,189,10,False
1942,2550,14,2024-12-07T11:00:00,53,Outbound,Demo,Completed,4,0.49,197,12,False
1943,2175,7,2024-05-16T11:45:00,55,Outbound,Check-In,Rescheduled,1,,,0,False
1944,3743,2,2022-06-30T10:30:00,42,Outbound,QBR,Rescheduled,1,,,0,False
1945,718,9,2024-12-01T09:00:00,44,Inbound,Technical Deep Dive,Completed,2,0.46,188,17,True
1946,2185,1,2023-01-08T08:45:00,0,Inbound,Demo,No Show,1,,,0,False
1947,4003,10,2024-06-04T13:00:00,31,Outbound,QBR,Completed,6,0.48,51,6,True
1948,247,4,2024-05-08T12:15:00,47,Outbound,QBR,Completed,7,0.64,117,9,False
1949,138,4,2024-12-12T11:45:00,2,Inbound,Negotiation,Voicemail,1,,,0,False
1950,3396,7,2024-01-05T14:30:00,29,Outbound,Demo,Completed,5,0.68,258,4,False
1951,4026,2,2024-09-18T11:45:00,25,Outbound,Demo,Completed,6,0.64,57,3,True
1952,73,1,2023-07-23T15:45:00,36,Outbound,Negotiation,Completed,7,0.34,117,14,False
1953,4266,4,2024-12-10T12:45:00,36,Inbound,Follow-Up,Completed,8,0.51,165,9,False
1954,1311,8,2021-11-19T12:30:00,57,Outbound,Discovery,Completed,7,0.41,46,11,False
1955,1905,9,2023-10-27T10:15:00,16,Inbound,Discovery,Completed,8,0.57,230,17,False
1956,361,7,2024-11-16T16:00:00,17,Outbound,Demo,Completed,8,0.6,202,17,True
1957,35,2,2024-12-02T12:45:00,36,Outbound,Follow-Up,Completed,4,0.52,178,7,True
1958,4829,14,2023-06-06T15:15:00,0,Outbound,Negotiation,No Show,1,,,0,False
1959,4814,11,2024-10-20T09:15:00,34,Outbound,QBR,Completed,5,0.68,208,9,True
1960,2606,10,2024-01-21T11:00:00,20,Outbound,QBR,Completed,4,0.85,51,7,False
1961,3720,3,2022-06-10T13:15:00,54,Outbound,QBR,Completed,4,0.62,52,16,True
1962,4793,5,2024-05-08T13:15:00,59,Outbound,Check-In,Completed,7,0.43,220,16,False
1963,4689,15,2024-05-24T12:30:00,37,Inbound,Check-In,Completed,2,0.73,238,15,False
1964,276,16,2024-12-25T15:00:00,25,Inbound,Follow-Up,Completed,3,0.42,33,5,True
1965,469,14,2020-03-29T10:45:00,24,Outbound,Check-In,Rescheduled,1,,,0,False
1966,1271,3,2024-08-27T09:00:00,0,Outbound,Follow-Up,No Show,1,,,0,False
1967,4632,12,2024-05-22T17:45:00,43,Inbound,Technical Deep Dive,Rescheduled,1,,,0,False
1968,2156,6,2022-07-06T14:00:00,36,Outbound,Negotiation,Completed,8,0.47,105,16,True
1969,2444,6,2024-11-02T11:45:00,21,Inbound,Technical Deep Dive,Completed,7,0.67,84,7,False
1970,2701,11,2022-12-07T11:00:00,,Outbound,Check-In,Completed,3,1.32,47,9,True
1971,835,14,2022-05-04T14:00:00,55,Outbound,Follow-Up,Completed,5,0.69,62,3,True
1972,4200,4,2024-07-27T13:30:00,54,Inbound,Follow-Up,Rescheduled,1,,,0,False
1973,2098,6,2022-01-15T17:15:00,0,Outbound,Negotiation,No Show,1,,,0,False
1974,4618,15,2024-12-21T14:30:00,16,Outbound,Discovery,Completed,5,0.69,44,15,True
1975,608,11,2024-03-28T16:30:00,47,Outbound,Check-In,Completed,3,0.51,210,3,False
1976,1311,8,2021-09-10T09:45:00,51,Outbound,Negotiation,Completed,2,0.57,234,8,False
1977,2909,14,2023-11-01T12:00:00,28,Outbound,Check-In,Completed,8,0.78,174,7,False
1978,4135,13,2023-04-17T17:45:00,1,Outbound,Check-In,Voicemail,1,,,0,False
1979,2774,16,2023-12-01T11:30:00,41,Inbound,Check-In,Completed,4,0.42,58,9,True
1980,341,3,2023-06-15T10:30:00,31,Outbound,Discovery,Completed,4,0.53,127,18,False
1981,436,12,2024-12-13T09:15:00,33,Outbound,Technical Deep Dive,Completed,5,0.72,211,7,False
1982,2624,2,2023-07-25T11:45:00,51,Outbound,Discovery,Completed,4,0.34,121,8,True
1983,4032,8,2024-06-09T11:00:00,-29,Outbound,Check-In,Completed,7,1.12,83,6,True
1984,1152,12,2024-07-19T09:15:00,30,Inbound,Demo,Completed,3,0.5,139,3,True
1985,3264,12,2023-01-18T12:45:00,28,Inbound,Follow-Up,Completed,3,0.69,56,16,True
1986,1674,7,2022-12-13T09:30:00,16,Outbound,Negotiation,Rescheduled,1,,,0,False
1987,4303,8,2024-10-22T16:00:00,34,Outbound,Demo,Completed,6,0.81,159,7,False
1988,1990,5,2024-06-17T10:30:00,28,Outbound,Negotiation,Completed,4,0.48,73,19,True
1989,2040,6,2024-12-06T10:15:00,0,Outbound,Check-In,No Show,1,,,0,False
1990,231,9,2024-03-17T10:00:00,,Outbound,Negotiation,Completed,8,0.41,104,10,False
1991,4601,11,2023-05-26T16:45:00,36,Outbound,QBR,Completed,3,1.21,230,5,False
1992,3326,8,2023-10-22T15:45:00,33,Inbound,Follow-Up,Completed,4,0.65,46,15,False
1993,1422,7,2024-09-07T12:30:00,21,Outbound,Technical Deep Dive,Completed,8,0.52,177,13,True
1994,4488,16,2024-08-09T09:30:00,40,Outbound,Technical Deep Dive,Completed,7,0.68,45,15,False
1995,4157,13,2023-04-15T15:30:00,45,Outbound,Negotiation,Completed,7,0.73,122,9,False
1996,578,4,2021-03-02T17:30:00,28,Outbound,Negotiation,Completed,6,0.68,148,11,False
1997,398,13,2024-04-03T16:15:00,0,Outbound,Technical Deep Dive,No Show,1,,,0,False
1998,1637,8,2022-03-14T15:00:00,31,Outbound,Follow-Up,Rescheduled,1,,,0,False
1999,1536,5,2024-05-03T16:30:00,44,Inbound,QBR,Completed,5,0.69,85,4,True
2000,3071,3,2024-04-30T10:30:00,1,Outbound,Check-In,Voicemail,1,,,0,False
2001,639,16,2022-11-28T12:30:00,17,Inbound,Check-In,Completed,5,0.61,94,7,True
2002,3739,6,2024-07-13T12:30:00,25,Outbound,QBR,Completed,5,0.38,43,9,True
2003,674,12,2024-08-16T14:00:00,25,Outbound,Technical Deep Dive,Completed,2,0.44,95,16,True
2004,4502,15,2024-12-03T13:30:00,43,Outbound,Demo,Completed,5,0.46,51,5,False
2005,4340,7,2024-12-29T11:45:00,45,Outbound,Check-In,Completed,8,0.6,103,11,True
2006,2349,2,2024-12-07T10:30:00,20,Inbound,Discovery,Completed,6,0.31,110,19,True
2007,1312,7,2023-04-18T14:30:00,27,Inbound,QBR,Completed,8,0.69,98,14,True
2008,492,13,2021-11-07T09:00:00,48,Inbound,Negotiation,Completed,8,0.47,179,10,False
2009,3184,7,2023-07-16T12:30:00,37,Outbound,Discovery,Completed,6,0.64,97,5,False
2010,2861,5,2023-05-26T11:45:00,0,Outbound,Technical Deep Dive,No Show,1,,,0,False
2011,750,15,2024-02-22T11:30:00,29,Outbound,Demo,Completed,8,1.18,192,4,False
2012,4286,3,2024-08-09T15:45:00,30,Outbound,Demo,Rescheduled,1,,,0,False
2013,3923,14,2024-10-29T14:45:00,1,Outbound,Negotiation,Voicemail,1,,,0,False
2014,1928,7,2024-12-03T15:30:00,32,Inbound,Discovery,Completed,2,0.54,178,17,False
2015,236,14,2024-12-20T11:15:00,54,Outbound,QBR,Rescheduled,1,,,0,False
2016,1111,3,2024-10-30T12:15:00,24,Outbound,Demo,Completed,7,0.27,175,15,True
2017,1862,5,2020-07-25T08:30:00,27,Inbound,Follow-Up,Completed,6,1.44,114,4,True
2018,1018,1,2024-02-04T13:15:00,23,Inbound,Discovery,Completed,6,0.39,179,12,False
2019,2746,8,2024-12-18T14:45:00,0,Outbound,Technical Deep Dive,No Show,1,,,0,False
2020,3609,10,2024-12-31T16:30:00,56,Outbound,Follow-Up,Completed,6,0.73,176,5,False
2021,1603,1,2024-11-07T14:00:00,48,Inbound,QBR,Completed,8,0.63,123,13,False
2022,2833,3,2023-09-22T14:30:00,55,Outbound,Negotiation,Completed,5,0.3,222,4,True
2023,975,3,2021-03-19T12:15:00,31,Outbound,Check-In,Completed,5,0.38,218,19,True
2024,4567,3,2022-08-15T13:45:00,2,Inbound,Check-In,Voicemail,1,,,0,False
2025,2248,4,2023-06-13T13:00:00,20,Outbound,Follow-Up,Completed,6,0.43,195,17,True
2026,182,5,2023-09-11T13:30:00,27,Inbound,Demo,Completed,6,0.48,208,17,False
2027,2232,16,2024-11-06T12:00:00,58,Inbound,QBR,Completed,7,0.43,159,9,True
2028,1917,14,2024-12-06T12:00:00,45,Outbound,Discovery,Completed,4,0.68,220,4,False
2029,1228,7,2024-07-12T13:45:00,16,Inbound,Negotiation,Completed,4,0.73,124,13,False
2030,1558,9,2024-12-05T12:45:00,0,Outbound,QBR,No Show,1,,,0,False
2031,410,14,2024-04-09T16:00:00,22,Inbound,Check-In,Completed,8,0.49,71,4,True
2032,2491,16,2024-10-06T15:00:00,19,Outbound,Discovery,Completed,3,0.56,256,9,True
2033,3823,11,2030-06-15T10:00:00,56,Outbound,Demo,Completed,7,0.46,73,7,True
2034,2920,7,2022-07-29T10:45:00,33,Outbound,Follow-Up,Completed,5,0.41,81,14,True
2035,672,5,2024-12-05T13:15:00,53,Inbound,Check-In,Completed,3,0.52,176,7,False
2036,2680,14,2022-06-27T17:00:00,37,Inbound,Negotiation,Completed,6,0.53,47,4,True
2037,4208,14,2024-12-12T12:45:00,18,Inbound,Discovery,Completed,7,0.55,177,4,False
2038,1739,16,2024-12-01T10:30:00,36,Outbound,Check-In,Completed,8,0.85,281,7,False
2039,69,12,2023-09-01T15:15:00,36,Outbound,Follow-Up,Completed,4,0.51,37,11,True
2040,3084,11,2024-10-04T13:15:00,40,Outbound,Follow-Up,Completed,7,0.59,166,8,False
2041,3020,13,2023-02-14T09:30:00,31,Inbound,Check-In,Completed,4,0.5,208,11,False
2042,4467,11,2023-06-09T12:30:00,0,Outbound,Demo,No Show,1,,,0,False
2043,2939,8,2024-08-07T11:45:00,,Outbound,Follow-Up,Completed,3,0.38,90,13,True
2044,4734,4,2024-12-20T09:00:00,47,Outbound,Follow-Up,Completed,8,0.42,77,13,True
2045,3039,1,2023-02-20T11:30:00,55,Outbound,QBR,Completed,2,0.49,125,14,True
2046,1327,10,2022-08-21T16:30:00,54,Inbound,Follow-Up,Completed,6,0.65,221,10,False
2047,339,2,2021-01-30T13:30:00,24,Outbound,Discovery,Completed,7,0.48,117,9,False
2048,1645,4,2024-12-31T13:00:00,57,Outbound,QBR,Completed,3,0.52,226,11,False
2049,3794,14,2024-12-17T16:15:00,31,Outbound,Check-In,Completed,2,0.64,171,1,True
2050,113,16,2024-09-12T13:00:00,57,Outbound,QBR,Completed,5,0.72,268,8,False
2051,347,9,2024-04-04T10:00:00,27,Inbound,Demo,Completed,8,0.75,50,9,True
2052,4469,9,2030-06-15T10:00:00,48,Outbound,Follow-Up,Completed,4,0.51,230,10,False
2053,314,5,2024-03-03T14:00:00,35,Inbound,Negotiation,Completed,7,0.47,73,17,False
2054,1549,13,2024-06-20T10:30:00,0,Outbound,Check-In,No Show,1,,,0,False
2055,4739,1,2024-01-18T12:00:00,41,Inbound,Negotiation,Completed,5,0.32,114,6,False
2056,3125,6,2024-12-02T10:15:00,0,Outbound,Discovery,No Show,1,,,0,False
2057,4838,10,2023-02-11T11:00:00,34,Inbound,QBR,Completed,3,0.49,79,4,False
2058,1238,7,2024-02-22T13:30:00,60,Outbound,Demo,Rescheduled,1,,,0,False
2059,3296,10,2024-10-11T11:15:00,16,Inbound,Discovery,Completed,3,0.45,195,15,False
2060,3282,3,2020-12-26T13:45:00,42,Outbound,QBR,Completed,4,0.38,56,16,True
2061,4802,8,2022-03-06T10:45:00,41,Outbound,Negotiation,Rescheduled,1,,,0,False
2062,3525,11,2024-06-05T11:15:00,44,Outbound,Follow-Up,Completed,6,0.53,192,10,True
2063,80,15,2030-06-15T10:00:00,23,Outbound,QBR,Rescheduled,1,,,0,False
2064,134,3,2030-06-15T10:00:00,26,Outbound,Technical Deep Dive,Completed,4,0.72,42,16,False
2065,43,11,2023-10-01T09:45:00,,Inbound,Demo,Completed,5,0.45,97,5,True
2066,265,11,2024-12-17T10:15:00,58,Outbound,Discovery,Completed,7,0.61,215,16,False
2067,4566,9,2024-11-08T14:15:00,35,Outbound,Follow-Up,Completed,5,0.46,103,13,True
2068,2011,13,2023-04-20T14:30:00,26,Inbound,Technical Deep Dive,Completed,5,0.77,233,9,False
2069,585,10,2024-10-13T15:30:00,3,Outbound,Technical Deep Dive,Voicemail,1,,,0,False
2070,2933,12,2024-08-30T11:45:00,50,Outbound,Demo,Completed,3,0.63,35,1,False
2071,3076,9,2023-12-15T12:00:00,3,Inbound,Check-In,Voicemail,1,,,0,False
2072,474,16,2024-12-15T10:15:00,39,Outbound,Demo,Completed,6,0.55,166,5,False
2073,4175,13,2024-03-27T09:30:00,56,Outbound,Follow-Up,Completed,4,0.49,227,13,True
2074,2852,2,2024-01-08T11:00:00,28,Outbound,Follow-Up,Completed,2,0.57,169,24,False
2075,4758,15,2024-08-04T09:45:00,,Inbound,Technical Deep Dive,Completed,3,0.73,204,3,True
2076,2653,14,2024-12-04T09:00:00,30,Outbound,Demo,Completed,5,0.92,165,10,False
2077,1589,11,2024-08-06T15:45:00,44,Outbound,Check-In,Completed,6,0.67,182,13,True
2078,3031,15,2023-04-01T11:00:00,30,Outbound,Discovery,Completed,8,1.02,72,4,True
2079,345,3,2021-12-17T09:15:00,23,Outbound,Negotiation,Completed,8,1.47,98,10,True
2080,1310,16,2024-07-23T15:00:00,18,Inbound,Negotiation,Completed,8,0.6,244,12,False
2081,1181,5,2023-11-24T11:00:00,19,Inbound,Negotiation,Completed,3,0.6,231,4,True
2082,1832,10,2023-05-24T14:15:00,29,Inbound,Negotiation,Completed,3,0.63,44,6,True
2083,1104,12,2024-09-28T14:30:00,0,Outbound,Technical Deep Dive,No Show,1,,,0,False
2084,1853,2,2024-12-18T13:15:00,39,Outbound,Discovery,Completed,3,0.33,126,21,False
2085,936,10,2022-11-25T08:30:00,25,Outbound,Demo,Completed,5,0.4,133,15,True
2086,1494,14,2024-11-18T16:30:00,35,Outbound,Negotiation,Completed,5,1.15,162,9,False
2087,117,6,2023-10-16T10:15:00,0,Outbound,Check-In,No Show,1,,,0,False
2088,2043,5,2021-12-02T10:00:00,52,Outbound,Demo,Completed,8,0.39,115,5,True
2089,1182,1,2022-01-11T13:30:00,52,Inbound,Check-In,Completed,2,0.3,206,7,True
2090,3148,9,2024-10-14T13:15:00,25,Outbound,Check-In,Completed,2,0.41,80,12,False
2091,4446,5,2024-12-10T14:00:00,44,Inbound,Follow-Up,Completed,4,0.57,224,5,True
2092,4088,7,2024-12-10T11:00:00,27,Inbound,Check-In,Completed,7,0.39,224,13,False
2093,4640,5,2021-07-21T11:00:00,0,Outbound,Negotiation,No Show,1,,,0,False
2094,2514,1,2024-12-14T15:15:00,40,Outbound,Follow-Up,Completed,5,0.61,189,10,True
2095,4480,3,2021-05-15T14:15:00,26,Inbound,Follow-Up,Completed,2,0.5,151,7,True
2096,2284,4,2024-12-13T12:30:00,37,Outbound,Technical Deep Dive,Completed,6,0.67,76,14,True
2097,3782,8,2024-04-17T16:15:00,0,Outbound,Check-In,No Show,1,,,0,False
2098,4115,15,2024-12-21T12:30:00,0,Inbound,Demo,No Show,1,,,0,False
2099,1815,2,2024-11-14T16:30:00,29,Outbound,QBR,Completed,6,0.4,46,16,True
2100,2907,15,2024-04-23T13:00:00,0,Inbound,Demo,No Show,1,,,0,False
2101,13,16,2024-12-06T15:15:00,46,Outbound,QBR,Completed,8,0.55,84,15,True
2102,1323,1,2024-12-22T09:00:00,16,Outbound,Demo,Completed,8,0.39,203,22,True
2103,1954,12,2024-12-08T15:00:00,55,Inbound,Follow-Up,Completed,4,0.56,178,15,False
2104,4687,10,2024-08-24T10:15:00,26,Inbound,Demo,Rescheduled,1,,,0,False
2105,1256,8,2024-12-31T11:00:00,28,Outbound,Discovery,Completed,6,0.61,66,11,False
2106,3818,11,2024-07-14T15:45:00,44,Outbound,Technical Deep Dive,Completed,3,0.58,213,18,True
2107,2398,12,2024-01-04T13:45:00,0,Outbound,Negotiation,No Show,1,,,0,False
2108,1398,4,2024-12-15T10:30:00,42,Outbound,QBR,Completed,7,0.58,147,19,False
2109,521,6,2022-03-17T11:45:00,58,Outbound,Technical Deep Dive,Completed,8,0.78,266,5,False
2110,2351,10,2024-10-18T16:00:00,22,Outbound,Demo,Completed,8,0.61,214,5,False
2111,3888,15,2024-12-22T16:00:00,43,Outbound,Negotiation,Completed,2,0.55,31,12,False
2112,2479,13,2024-12-05T15:15:00,0,Inbound,Negotiation,No Show,1,,,0,False
2113,694,10,2023-09-24T12:00:00,27,Inbound,Check-In,Completed,3,0.71,129,9,False
2114,746,11,2024-11-09T14:30:00,51,Outbound,Follow-Up,Completed,6,0.58,58,10,False
2115,811,13,2024-07-09T15:45:00,40,Inbound,Discovery,Completed,7,0.45,152,7,False
2116,2528,16,2024-12-14T11:00:00,18,Outbound,Discovery,Completed,7,0.6,62,15,True
2117,1606,12,2024-12-25T14:30:00,15,Outbound,Check-In,Completed,2,0.43,88,11,False
2118,188,13,2024-12-18T16:45:00,26,Outbound,Negotiation,Completed,5,0.72,207,13,False
2119,4711,14,2024-12-06T14:15:00,29,Inbound,Discovery,Completed,3,0.66,132,10,True
2120,2040,6,2024-12-10T09:45:00,30,Outbound,Demo,Completed,3,0.79,245,15,True
2121,2864,2,2024-08-09T09:45:00,60,Outbound,Demo,Completed,3,0.3,129,25,False
2122,1552,4,2024-02-23T15:30:00,0,Outbound,Technical Deep Dive,No Show,1,,,0,False
2123,3217,10,2023-08-13T15:15:00,,Outbound,Negotiation,Completed,7,0.63,36,3,False
2124,3696,13,2020-12-23T12:45:00,48,Outbound,Technical Deep Dive,Completed,4,0.51,198,11,False
2125,1470,8,2023-05-29T17:30:00,22,Inbound,Negotiation,Rescheduled,1,,,0,False
2126,3700,12,2023-10-27T12:00:00,41,Inbound,Demo,Completed,6,0.55,107,3,False
2127,2150,13,2022-12-15T13:30:00,27,Outbound,QBR,Completed,2,0.78,117,7,False
2128,4760,16,2024-01-21T11:15:00,17,Outbound,Technical Deep Dive,Completed,7,0.61,33,4,False
2129,147,13,2024-12-12T12:30:00,15,Outbound,QBR,Completed,4,0.49,123,13,True
2130,3314,3,2024-12-16T10:15:00,39,Inbound,Technical Deep Dive,Rescheduled,1,,,0,False
2131,799,13,2024-05-01T10:15:00,25,Outbound,Follow-Up,Completed,3,0.65,181,10,False
2132,3331,8,2024-09-01T16:15:00,58,Inbound,Follow-Up,Completed,4,0.77,44,10,True
2133,4361,7,2024-12-18T12:30:00,50,Outbound,QBR,Completed,4,0.67,53,11,True
2134,240,8,2024-10-01T17:30:00,56,Outbound,Demo,Completed,8,0.43,214,6,True
2135,704,14,2024-09-05T13:30:00,21,Outbound,Follow-Up,Completed,4,0.83,265,7,False
2136,1471,10,2024-12-11T15:45:00,56,Outbound,Follow-Up,Completed,2,0.76,166,1,False
2137,3351,15,2023-11-25T10:45:00,58,Outbound,Demo,Completed,5,0.47,144,11,False
2138,4326,16,2024-12-25T12:15:00,0,Outbound,Discovery,No Show,1,,,0,False
2139,3032,16,2021-12-22T12:15:00,2,Inbound,Check-In,Voicemail,1,,,0,False
2140,4435,6,2024-01-20T10:00:00,21,Outbound,Check-In,Completed,4,0.45,194,6,False
2141,2197,1,2023-10-10T10:15:00,50,Inbound,QBR,Completed,4,0.51,34,20,True
2142,577,3,2024-02-04T12:30:00,59,Outbound,Follow-Up,Completed,5,0.54,68,4,True
2143,2305,9,2024-09-30T15:15:00,56,Inbound,Check-In,Completed,7,0.88,187,7,False
2144,4098,12,2024-01-15T13:30:00,59,Outbound,Technical Deep Dive,Completed,3,0.46,49,10,False
2145,936,10,2023-01-07T13:30:00,44,Outbound,Follow-Up,Rescheduled,1,,,0,False
2146,1106,10,2023-03-20T10:30:00,45,Outbound,Demo,Completed,3,0.44,164,8,False
2147,2056,7,2023-08-10T14:30:00,45,Inbound,Check-In,Completed,7,0.44,119,15,True
2148,1552,4,2024-04-13T16:45:00,34,Inbound,Follow-Up,Completed,6,0.35,36,21,True
2149,3233,13,2024-01-06T15:15:00,51,Outbound,Technical Deep Dive,Completed,5,0.75,238,6,False
2150,4446,5,2024-12-03T15:30:00,17,Outbound,Technical Deep Dive,Completed,7,0.69,173,14,True
2151,1151,12,2024-12-06T11:15:00,37,Outbound,Check-In,Completed,4,0.55,137,12,True
2152,1747,4,2024-10-25T13:15:00,46,Outbound,Check-In,Completed,6,0.55,32,7,True
2153,2277,6,2024-12-20T10:45:00,25,Outbound,Technical Deep Dive,Completed,5,0.46,33,15,False
2154,1150,2,2024-04-06T15:00:00,38,Outbound,Discovery,Completed,3,0.47,156,15,False
2155,1679,2,2024-04-06T11:30:00,20,Inbound,QBR,Completed,5,0.5,109,24,False
2156,1007,11,2024-08-23T13:00:00,1,Outbound,Demo,Voicemail,1,,,0,False
2157,4441,12,2024-06-23T14:45:00,51,Inbound,Discovery,Completed,8,0.63,88,9,False
2158,1777,7,2024-01-10T15:15:00,43,Outbound,Technical Deep Dive,Rescheduled,1,,,0,False
2159,2642,10,2023-03-09T11:45:00,53,Outbound,Demo,Completed,3,0.86,126,9,False
2160,366,5,2024-12-02T12:15:00,20,Inbound,Discovery,Completed,3,0.37,227,20,True
2161,3880,6,2022-04-28T10:30:00,30,Outbound,QBR,Completed,8,0.5,129,5,False
2162,305,11,2024-10-15T08:45:00,33,Outbound,Technical Deep Dive,Completed,3,0.52,132,9,True
2163,3310,8,2022-03-19T16:45:00,47,Outbound,Follow-Up,Completed,3,0.63,76,19,True
2164,2536,6,2023-02-08T10:45:00,0,Outbound,Check-In,No Show,1,,,0,False
2165,3313,9,2024-06-17T15:15:00,37,Outbound,Technical Deep Dive,Completed,8,1.47,124,9,False
2166,72,7,2024-09-17T15:15:00,25,Inbound,Discovery,Completed,8,0.39,204,19,False
2167,1478,9,2023-02-03T11:30:00,0,Outbound,Discovery,No Show,1,,,0,False
2168,3659,5,2024-08-28T10:00:00,19,Outbound,Follow-Up,Rescheduled,1,,,0,False
2169,567,9,2024-12-23T11:45:00,33,Inbound,QBR,Completed,2,0.55,71,9,True
2170,2188,16,2024-12-17T13:15:00,35,Inbound,QBR,Completed,6,0.59,122,5,False
2171,858,14,2024-12-24T13:15:00,20,Inbound,Technical Deep Dive,Completed,6,0.48,178,3,False
2172,3379,8,2022-03-11T17:30:00,3,Outbound,Discovery,Voicemail,1,,,0,False
2173,3607,11,2021-06-13T14:15:00,40,Outbound,Technical Deep Dive,Rescheduled,1,,,0,False
2174,114,6,2022-03-27T12:30:00,35,Inbound,Check-In,Completed,2,0.69,108,10,False
2175,2877,11,2024-11-12T16:15:00,56,Inbound,Negotiation,Completed,5,1.31,273,7,True
2176,4358,4,2022-05-05T15:45:00,16,Outbound,QBR,Completed,2,0.61,263,4,False
2177,3814,9,2022-02-03T13:45:00,49,Inbound,Demo,Completed,8,0.47,69,9,True
2178,1329,7,2023-09-25T16:45:00,42,Inbound,Negotiation,Completed,7,0.46,189,15,True
2179,1955,3,2024-03-23T09:00:00,49,Outbound,Check-In,Completed,3,0.52,233,6,True
2180,2622,15,2024-10-12T10:00:00,55,Inbound,Demo,Completed,5,0.64,207,12,True
2181,749,1,2022-04-23T11:45:00,0,Inbound,Discovery,No Show,1,,,0,False
2182,588,14,2024-12-31T15:00:00,56,Inbound,Discovery,Completed,2,0.69,91,11,True
2183,4654,4,2024-09-09T11:45:00,34,Outbound,Check-In,Completed,4,0.36,38,14,True
2184,3077,13,2023-05-29T16:30:00,20,Outbound,Technical Deep Dive,Completed,5,0.73,104,13,False
2185,276,16,2024-12-20T14:30:00,30,Outbound,Negotiation,Completed,8,0.61,64,12,True
2186,1212,2,2023-08-01T11:30:00,30,Inbound,QBR,Completed,5,0.37,44,22,True
2187,3565,8,2023-11-01T09:45:00,0,Outbound,Negotiation,No Show,1,,,0,False
2188,288,4,2024-12-02T11:30:00,35,Outbound,Check-In,Rescheduled,1,,,0,False
2189,2739,10,2024-05-19T14:15:00,0,Outbound,Discovery,No Show,1,,,0,False
2190,15,10,2023-01-13T14:00:00,0,Inbound,Negotiation,No Show,1,,,0,False
2191,647,8,2024-11-18T14:30:00,34,Inbound,Negotiation,Rescheduled,1,,,0,False
2192,1853,2,2024-12-05T11:15:00,47,Inbound,QBR,Completed,4,0.56,164,4,True
2193,464,3,2024-02-07T12:45:00,51,Inbound,Check-In,Completed,4,0.44,190,9,False
2194,4703,14,2024-12-20T10:45:00,21,Inbound,Follow-Up,Completed,2,0.84,222,1,False
2195,4764,13,2024-06-07T13:00:00,22,Outbound,Discovery,Completed,5,0.73,110,9,True
2196,4118,16,2024-12-20T11:45:00,17,Outbound,Discovery,Completed,3,0.72,171,15,True
2197,2962,4,2024-10-23T10:15:00,48,Outbound,Demo,Completed,3,0.35,47,17,True
2198,1131,9,2021-12-19T08:30:00,16,Outbound,Demo,Completed,6,0.85,101,8,False
2199,3070,6,2024-10-20T15:45:00,0,Inbound,Follow-Up,No Show,1,,,0,False
2200,3268,15,2024-12-17T14:45:00,56,Outbound,Negotiation,Completed,6,0.42,53,18,False
2201,2093,3,2023-06-05T12:00:00,23,Outbound,Technical Deep Dive,Completed,8,0.34,39,20,False
2202,2270,16,2024-10-20T09:30:00,40,Outbound,Negotiation,Rescheduled,1,,,0,False
2203,2234,6,2024-06-20T13:00:00,28,Outbound,QBR,Completed,2,0.55,106,11,False
2204,3795,3,2024-12-24T12:45:00,17,Inbound,Follow-Up,Rescheduled,1,,,0,False
2205,3544,14,2024-02-29T13:15:00,18,Outbound,Discovery,Completed,2,1.17,172,2,False
2206,3198,2,2023-11-23T11:15:00,16,Outbound,Check-In,Completed,2,0.61,39,8,False
2207,3513,9,2024-03-13T16:00:00,47,Outbound,Technical Deep Dive,Completed,5,0.58,221,5,True
2208,4840,15,2024-12-17T12:15:00,59,Outbound,QBR,Completed,6,0.43,112,8,False
2209,1303,4,2023-03-04T14:30:00,42,Outbound,Follow-Up,Completed,2,0.79,124,11,False
2210,3183,9,2024-12-16T17:30:00,45,Outbound,Discovery,Completed,3,0.53,51,7,False
2211,3137,8,2022-12-04T11:00:00,38,Inbound,Technical Deep Dive,Completed,6,0.68,113,13,False
2212,1159,11,2024-02-15T14:15:00,29,Outbound,Negotiation,Completed,5,0.6,181,9,True
2213,1488,16,2024-09-27T15:00:00,18,Outbound,Discovery,Completed,3,0.57,172,6,True
2214,579,16,2024-11-17T17:00:00,28,Outbound,Discovery,Completed,8,0.76,30,4,False
2215,4,1,2024-11-07T17:30:00,28,Outbound,QBR,Completed,3,0.55,114,20,True
2216,280,3,2024-03-02T14:15:00,56,Inbound,Check-In,Completed,8,0.48,207,3,False
2217,974,15,2024-11-19T14:30:00,24,Outbound,Discovery,Completed,7,0.64,103,8,True
2218,113,16,2024-08-05T14:00:00,21,Inbound,QBR,Completed,5,0.72,142,6,False
2219,1405,3,2024-07-08T08:30:00,52,Outbound,Discovery,Completed,4,0.4,180,15,True
2220,4283,13,2022-03-30T16:00:00,27,Outbound,Negotiation,Completed,6,0.53,66,5,True
2221,4650,1,2021-12-15T11:00:00,60,Outbound,Demo,Completed,8,0.47,159,3,False
2222,3716,16,2022-10-18T14:30:00,50,Inbound,QBR,Completed,5,0.41,48,9,True
2223,542,1,2023-11-13T11:45:00,22,Outbound,Check-In,Completed,4,0.63,175,10,True
2224,1965,7,2024-02-29T10:30:00,39,Outbound,Demo,Completed,8,0.5,226,10,True
2225,1581,15,2024-10-25T11:45:00,57,Inbound,Technical Deep Dive,Completed,7,0.45,123,9,False
2226,943,4,2030-06-15T10:00:00,29,Outbound,QBR,Completed,3,0.55,242,7,False
2227,2617,4,2023-06-09T13:45:00,48,Outbound,Demo,Completed,2,0.7,78,13,True
2228,468,2,2024-12-10T14:15:00,0,Inbound,Technical Deep Dive,No Show,1,,,0,False
2229,303,16,2024-07-23T13:30:00,37,Outbound,QBR,Completed,5,0.49,122,6,False
2230,4164,1,2021-06-05T10:15:00,0,Inbound,QBR,No Show,1,,,0,False
2231,4465,3,2023-11-17T14:15:00,2,Inbound,Demo,Voicemail,1,,,0,False
2232,3430,14,2023-10-13T12:45:00,3,Inbound,Demo,Voicemail,1,,,0,False
2233,3840,10,2023-05-26T10:00:00,24,Inbound,Negotiation,Completed,6,0.47,219,14,True
2234,1887,15,2024-12-24T10:15:00,24,Outbound,Discovery,Completed,2,0.42,201,12,True
2235,4747,10,2023-02-21T15:15:00,-60,Inbound,Negotiation,Completed,3,0.46,211,5,False
2236,2255,15,2024-12-15T14:45:00,29,Inbound,QBR,Rescheduled,1,,,0,False
2237,833,6,2024-12-11T16:30:00,55,Outbound,Follow-Up,Completed,3,0.51,209,19,True
2238,182,5,2023-09-24T16:15:00,49,Outbound,Discovery,Completed,3,0.41,184,7,False
2239,336,7,2024-10-13T14:30:00,46,Inbound,Technical Deep Dive,Completed,2,0.62,218,9,False
2240,204,16,2024-12-06T08:45:00,26,Outbound,Demo,Completed,3,0.72,222,6,False
2241,4327,16,2024-09-05T11:45:00,19,Outbound,Check-In,Completed,6,0.59,172,12,False
2242,3611,10,2023-10-20T10:30:00,0,Outbound,Discovery,No Show,1,,,0,False
2243,3915,9,2030-06-15T10:00:00,36,Inbound,QBR,Rescheduled,1,,,0,False
2244,413,1,2024-03-17T08:15:00,31,Outbound,Check-In,Rescheduled,1,,,0,False
2245,2118,15,2024-12-14T12:00:00,19,Inbound,Negotiation,Completed,6,0.42,173,12,True
2246,695,11,2022-04-23T11:00:00,,Inbound,Technical Deep Dive,Completed,5,0.47,88,14,False
2247,2876,3,2024-12-03T11:00:00,2,Outbound,Discovery,Voicemail,1,,,0,False
2248,4232,1,2024-10-04T12:30:00,30,Outbound,Demo,Completed,8,0.69,87,3,False
2249,4778,15,2024-12-02T13:30:00,56,Outbound,Demo,Completed,5,0.59,86,16,True
2250,4156,16,2024-12-31T10:30:00,27,Inbound,Demo,Rescheduled,1,,,0,False
2251,4814,11,2024-10-05T17:15:00,28,Outbound,Demo,Completed,3,0.66,65,17,False
2252,4116,2,2022-07-04T17:15:00,58,Inbound,Discovery,Completed,8,0.46,82,26,True
2253,2935,16,2023-07-13T12:00:00,42,Outbound,Technical Deep Dive,Completed,7,0.88,211,1,False
2254,1398,4,2024-12-14T15:15:00,47,Outbound,Demo,Completed,7,0.67,124,9,False
2255,4149,5,2024-01-17T10:30:00,34,Outbound,Follow-Up,Rescheduled,1,,,0,False
2256,1009,11,2024-12-07T14:30:00,,Outbound,Follow-Up,Rescheduled,1,,,0,False
2257,2644,5,2024-10-06T14:00:00,31,Outbound,Discovery,Completed,6,0.5,98,20,True
2258,2122,9,2023-08-24T09:45:00,,Outbound,Technical Deep Dive,Completed,3,0.75,148,6,True
2259,2623,13,2024-12-03T14:45:00,33,Outbound,Check-In,Completed,7,0.69,61,10,True
2260,288,4,2024-10-27T16:45:00,36,Outbound,Discovery,Completed,4,0.32,48,12,True
2261,531,12,2023-08-13T13:15:00,34,Inbound,Technical Deep Dive,Completed,8,0.66,99,13,False
2262,503,2,2023-12-11T11:30:00,26,Outbound,Demo,Completed,3,0.57,246,4,False
2263,2122,9,2023-08-23T12:00:00,42,Inbound,Discovery,Completed,7,0.8,146,12,False
2264,4334,7,2023-07-08T15:45:00,29,Outbound,Demo,Rescheduled,1,,,0,False
2265,3337,6,2023-12-04T12:30:00,40,Outbound,Negotiation,Completed,2,0.36,156,18,False
2266,1339,12,2024-01-07T14:45:00,,Inbound,Check-In,Completed,5,0.52,105,18,True
2267,498,7,2024-08-14T11:15:00,0,Outbound,Demo,No Show,1,,,0,False
2268,3735,1,2024-09-02T12:15:00,,Outbound,Discovery,Completed,5,0.39,109,14,False
2269,1162,4,2024-09-02T15:15:00,0,Outbound,Follow-Up,No Show,1,,,0,False
2270,1154,12,2024-01-20T12:45:00,29,Outbound,Check-In,Completed,6,0.85,78,8,False
2271,1850,10,2024-12-29T15:15:00,46,Outbound,Check-In,Completed,4,0.44,210,15,False
2272,2518,14,2024-03-22T14:45:00,54,Outbound,Discovery,Completed,4,0.92,60,4,True
2273,115,13,2024-11-29T09:30:00,33,Inbound,Check-In,Completed,4,0.79,277,6,False
2274,2044,8,2023-05-29T10:45:00,60,Inbound,Follow-Up,Completed,4,0.59,191,12,True
2275,3563,15,2024-12-07T11:15:00,28,Inbound,Negotiation,Completed,6,0.71,52,9,False
2276,3909,9,2023-11-02T10:45:00,29,Outbound,Negotiation,Completed,3,0.7,104,10,False
2277,2300,4,2024-02-07T08:15:00,33,Inbound,Demo,Completed,7,0.51,163,16,False
2278,4868,13,2022-07-24T17:30:00,51,Outbound,Negotiation,Completed,3,0.57,44,12,True
2279,2372,7,2024-12-26T10:30:00,25,Outbound,Demo,Rescheduled,1,,,0,False
2280,1894,15,2024-11-10T10:30:00,45,Outbound,Technical Deep Dive,Completed,7,0.49,95,3,True
2281,1823,13,2030-06-15T10:00:00,15,Inbound,QBR,Completed,4,0.89,40,5,False
2282,3582,8,2024-11-13T16:15:00,0,Outbound,Negotiation,No Show,1,,,0,False
2283,492,13,2021-09-10T16:45:00,48,Outbound,Technical Deep Dive,Completed,8,0.61,130,12,True
2284,1429,1,2024-12-23T08:15:00,18,Outbound,QBR,Completed,7,0.42,86,10,True
2285,3337,6,2023-10-22T09:30:00,44,Inbound,Check-In,Completed,6,0.64,201,4,True
2286,4169,16,2024-10-11T13:30:00,58,Inbound,Follow-Up,Completed,6,0.6,105,20,True
2287,4037,15,2024-08-04T10:15:00,46,Outbound,QBR,Completed,4,0.63,170,10,True
2288,645,5,2024-12-12T12:45:00,16,Outbound,Discovery,Completed,2,0.38,128,12,False
2289,4473,15,2024-11-27T13:45:00,23,Outbound,Demo,Completed,2,0.71,134,7,False
2290,2414,1,2022-10-29T10:00:00,51,Outbound,Discovery,Completed,4,0.39,69,13,True
2291,1103,6,2023-01-12T12:15:00,34,Outbound,Negotiation,Completed,4,0.68,50,6,False
2292,836,7,2023-07-12T12:45:00,17,Outbound,Discovery,Completed,3,0.81,135,8,False
2293,1998,12,2022-08-24T08:15:00,51,Outbound,Negotiation,Rescheduled,1,,,0,False
2294,3659,5,2024-12-14T13:45:00,33,Outbound,Check-In,Completed,8,0.57,83,12,False
2295,3067,16,2024-12-04T12:30:00,31,Outbound,Technical Deep Dive,Completed,7,0.51,188,4,False
2296,3634,7,2024-08-24T11:15:00,,Outbound,QBR,Completed,6,0.47,159,14,True
2297,2187,12,2023-08-28T08:45:00,27,Outbound,Technical Deep Dive,Completed,8,0.69,32,15,True
2298,33,12,2022-09-30T17:45:00,46,Outbound,Technical Deep Dive,Completed,5,0.64,93,3,False
2299,2955,2,2024-11-28T10:00:00,44,Outbound,Follow-Up,Completed,2,0.64,39,10,True
2300,3526,11,2024-07-19T12:30:00,58,Inbound,Check-In,Completed,7,0.65,150,5,True
2301,2005,15,2024-12-21T13:15:00,37,Inbound,Demo,Completed,6,0.65,125,8,True
2302,2234,6,2024-06-16T13:15:00,27,Outbound,Discovery,Completed,6,0.51,143,5,True
2303,2472,5,2024-04-27T14:00:00,50,Outbound,Negotiation,Completed,8,0.57,168,9,True
2304,1706,16,2024-11-01T11:30:00,30,Outbound,Discovery,Completed,2,0.56,189,9,False
2305,808,3,2024-01-02T14:00:00,-29,Outbound,Demo,Completed,3,0.57,194,13,True
2306,3593,14,2024-02-26T15:30:00,49,Inbound,Discovery,Completed,3,0.49,100,2,False
2307,789,7,2022-07-07T13:00:00,25,Inbound,Demo,Rescheduled,1,,,0,False
2308,4237,13,2021-08-17T12:00:00,58,Outbound,QBR,Completed,7,0.92,239,3,False
2309,2336,9,2022-07-26T09:15:00,32,Outbound,Demo,Completed,7,0.61,283,6,False
2310,1377,14,2024-12-17T11:15:00,26,Outbound,QBR,Completed,7,0.62,33,7,False
2311,2043,5,2021-12-31T13:15:00,22,Outbound,Check-In,Completed,5,0.37,75,4,False
2312,3133,6,2024-04-18T14:15:00,0,Inbound,QBR,No Show,1,,,0,False
2313,1878,7,2024-03-03T10:30:00,18,Outbound,Follow-Up,Completed,8,0.71,296,5,False
2314,1167,10,2021-10-22T11:15:00,40,Outbound,Discovery,Completed,8,0.71,142,13,False
2315,571,7,2024-12-25T15:00:00,26,Outbound,Check-In,Completed,6,0.65,238,10,False
2316,2284,4,2024-11-16T12:00:00,54,Outbound,Negotiation,Completed,8,0.37,65,7,True
2317,2581,11,2030-06-15T10:00:00,50,Outbound,Technical Deep Dive,Rescheduled,1,,,0,False
2318,3013,6,2030-06-15T10:00:00,53,Outbound,QBR,Completed,4,0.59,165,18,False
2319,887,4,2024-06-21T13:15:00,35,Outbound,Discovery,Completed,6,0.48,120,16,False
2320,2621,9,2024-10-25T16:15:00,31,Outbound,Follow-Up,Completed,2,0.47,118,15,False
2321,1298,2,2023-05-13T12:30:00,-16,Outbound,Follow-Up,Completed,5,0.58,65,6,True
2322,1855,16,2024-12-04T15:00:00,52,Inbound,Demo,Completed,4,0.42,169,13,False
2323,996,3,2023-04-02T11:30:00,51,Outbound,Follow-Up,Rescheduled,1,,,0,False
2324,3445,13,2024-03-11T16:30:00,49,Outbound,Follow-Up,Completed,5,0.59,194,10,False
2325,3899,15,2024-07-17T11:00:00,33,Outbound,Check-In,Completed,2,0.83,177,10,False
2326,1795,7,2024-12-01T15:45:00,41,Inbound,Check-In,Completed,5,0.81,101,2,False
2327,361,7,2024-12-23T14:15:00,44,Outbound,Follow-Up,Rescheduled,1,,,0,False
2328,4328,16,2024-12-27T11:15:00,45,Outbound,QBR,Completed,2,0.49,88,15,True
2329,199,3,2024-12-16T11:30:00,57,Inbound,Follow-Up,Completed,6,0.32,129,16,True
2330,2860,13,2024-09-30T15:45:00,34,Outbound,QBR,Completed,4,0.46,156,2,False
2331,4490,5,2024-12-27T13:15:00,0,Inbound,Follow-Up,No Show,1,,,0,False
2332,1563,15,2024-10-13T10:30:00,0,Inbound,Check-In,No Show,1,,,0,False
2333,4714,7,2024-01-22T11:30:00,51,Outbound,Negotiation,Completed,8,0.67,141,13,False
2334,4308,15,2023-09-17T10:00:00,17,Inbound,QBR,Completed,7,0.53,122,8,False
2335,2547,12,2024-07-19T14:15:00,25,Outbound,Discovery,Completed,8,0.44,198,17,True
2336,259,2,2023-01-02T09:00:00,48,Outbound,Discovery,Completed,8,0.42,62,9,True
2337,600,16,2023-05-18T16:30:00,24,Outbound,QBR,Completed,6,0.85,31,8,False
2338,2928,12,2021-02-06T16:30:00,49,Inbound,Demo,Completed,5,0.54,52,8,False
2339,1429,1,2024-12-28T11:00:00,59,Outbound,Discovery,Completed,4,0.54,106,15,True
2340,3043,15,2024-12-23T13:30:00,15,Outbound,Discovery,Completed,7,0.61,47,12,False
2341,2547,12,2024-09-26T15:30:00,,Outbound,Technical Deep Dive,Completed,5,0.49,190,13,True
2342,3704,5,2024-10-05T12:30:00,55,Outbound,Negotiation,Completed,8,0.57,123,14,True
2343,2023,2,2024-12-18T16:00:00,-2,Inbound,Follow-Up,Voicemail,1,,,0,False
2344,651,11,2024-11-18T10:00:00,,Outbound,Technical Deep Dive,Completed,4,0.47,34,8,False
2345,4869,16,2024-04-26T11:30:00,28,Inbound,Technical Deep Dive,Completed,5,0.73,144,14,True
2346,1958,4,2023-01-25T08:30:00,1,Inbound,Discovery,Voicemail,1,,,0,False
2347,2500,8,2022-10-30T10:30:00,20,Outbound,Discovery,Completed,2,0.71,255,5,False
2348,2234,6,2024-05-30T13:15:00,-48,Inbound,Negotiation,Completed,6,0.75,298,2,True
2349,4007,14,2024-09-16T12:45:00,24,Inbound,Negotiation,Completed,2,0.52,126,10,False
2350,2270,16,2024-11-26T16:45:00,16,Outbound,Discovery,Completed,6,0.63,228,11,False
2351,74,14,2024-06-29T16:45:00,17,Outbound,Negotiation,Completed,7,0.85,44,4,False
2352,3173,2,2023-02-27T13:45:00,54,Outbound,Check-In,Completed,7,0.54,218,4,False
2353,383,15,2024-12-22T10:45:00,36,Outbound,Negotiation,Completed,4,0.68,139,4,False
2354,1696,6,2023-08-20T11:00:00,41,Outbound,QBR,Completed,3,0.53,100,11,False
2355,979,14,2024-03-11T17:45:00,27,Outbound,QBR,Rescheduled,1,,,0,False
2356,1860,3,2024-01-03T15:15:00,19,Outbound,Technical Deep Dive,Completed,4,0.31,79,19,True
2357,1800,5,2024-12-04T15:45:00,0,Outbound,Demo,No Show,1,,,0,False
2358,486,5,2020-08-18T10:00:00,29,Outbound,Demo,Completed,6,0.64,195,10,True
2359,2257,7,2030-06-15T10:00:00,20,Inbound,Technical Deep Dive,Completed,8,0.59,259,3,False
2360,1955,3,2024-05-14T10:30:00,,Outbound,Demo,Completed,7,0.47,116,10,False
2361,2030,10,2023-11-26T15:00:00,54,Inbound,Check-In,Rescheduled,1,,,0,False
2362,1099,1,2024-09-30T14:15:00,45,Outbound,Follow-Up,Completed,6,0.37,126,15,True
2363,999,13,2023-07-29T10:45:00,41,Outbound,Check-In,Completed,3,0.59,122,14,False
2364,558,8,2024-11-25T12:00:00,-18,Outbound,Demo,Completed,5,0.75,138,14,False
2365,521,12,2024-10-02T15:30:00,60,Outbound,Discovery,Completed,8,0.59,137,17,True
2366,385,8,2024-03-29T11:15:00,0,Outbound,Follow-Up,No Show,1,,,0,False
2367,4376,15,2024-11-17T13:45:00,48,Outbound,Discovery,Completed,2,0.5,61,3,False
2368,466,7,2024-09-26T10:15:00,35,Outbound,Demo,Completed,2,1.41,126,7,False
2369,1550,15,2022-10-29T12:30:00,25,Outbound,Check-In,Completed,4,0.65,102,16,False
2370,2251,6,2021-08-29T11:15:00,0,Outbound,QBR,No Show,1,,,0,False
2371,3561,15,2024-11-03T11:15:00,57,Inbound,Discovery,Completed,8,0.57,92,9,True
2372,27,4,2024-06-07T15:00:00,34,Outbound,Technical Deep Dive,Completed,2,0.52,92,16,True
2373,4024,5,2024-12-26T11:30:00,27,Outbound,Follow-Up,Completed,5,0.67,146,7,False
2374,4076,4,2023-07-12T11:30:00,23,Outbound,Technical Deep Dive,Completed,7,0.7,231,12,True
2375,1022,9,2022-06-13T13:15:00,38,Outbound,Follow-Up,Completed,6,0.69,76,4,False
2376,1886,7,2024-03-18T11:15:00,0,Outbound,Demo,No Show,1,,,0,False
2377,4738,3,2020-12-17T15:30:00,28,Outbound,Negotiation,Rescheduled,1,,,0,False
2378,4140,2,2024-06-16T15:45:00,39,Outbound,QBR,Completed,4,0.5,134,6,True
2379,4547,2,2023-05-03T12:15:00,27,Inbound,Follow-Up,Completed,6,0.44,193,18,True
2380,1559,4,2024-12-01T11:15:00,45,Inbound,Discovery,Completed,8,0.7,99,18,True
2381,2503,10,2022-05-05T09:30:00,54,Inbound,Technical Deep Dive,Completed,8,0.41,38,7,True
2382,2916,16,2022-07-23T12:00:00,57,Outbound,Demo,Rescheduled,1,,,0,False
2383,1523,7,2023-11-06T10:30:00,52,Outbound,Demo,Completed,3,0.36,38,13,False
2384,2937,14,2024-12-26T15:15:00,51,Outbound,Follow-Up,Completed,3,0.78,105,8,False
2385,4071,1,2024-12-15T13:15:00,37,Outbound,Check-In,Completed,7,0.48,39,8,True
2386,4835,14,2023-09-20T15:15:00,46,Inbound,Check-In,Completed,7,0.77,174,8,False
2387,3330,4,2024-09-05T14:45:00,34,Outbound,QBR,Completed,6,0.36,229,18,False
2388,3244,15,2024-11-08T15:00:00,55,Outbound,Negotiation,Completed,5,0.67,82,11,False
2389,2379,14,2023-08-24T12:45:00,47,Outbound,Demo,Completed,8,0.62,282,6,False
2390,3826,9,2023-09-23T13:15:00,39,Outbound,Demo,Completed,7,0.61,47,13,True
2391,2982,9,2023-08-25T15:45:00,43,Inbound,QBR,Completed,8,0.55,130,9,True
2392,3679,2,2024-12-25T13:00:00,27,Outbound,Check-In,Completed,3,0.79,273,8,False
2393,4808,2,2024-02-18T15:30:00,19,Outbound,Negotiation,Completed,2,0.44,78,22,True
2394,2756,2,2024-04-11T11:15:00,21,Outbound,QBR,Completed,4,0.76,271,10,False
2395,4326,16,2024-12-30T11:30:00,60,Outbound,Follow-Up,Completed,6,0.68,171,7,False
2396,2927,3,2024-03-30T14:00:00,3,Inbound,QBR,Voicemail,1,,,0,False
2397,2605,6,2022-10-31T14:30:00,27,Inbound,Demo,Completed,3,0.38,205,13,True
2398,4522,15,2024-04-20T10:30:00,34,Inbound,Check-In,Completed,8,0.69,44,10,True
2399,185,14,2024-06-03T11:45:00,3,Outbound,Check-In,Voicemail,1,,,0,False
2400,160,7,2024-09-26T09:30:00,55,Outbound,Demo,Completed,2,0.6,59,7,True
2401,3457,3,2022-12-04T09:00:00,0,Outbound,Technical Deep Dive,No Show,1,,,0,False
2402,1651,5,2023-08-24T11:45:00,50,Outbound,QBR,Completed,3,0.31,179,21,True
2403,4456,1,2023-06-21T14:45:00,0,Inbound,Technical Deep Dive,No Show,1,,,0,False
2404,4662,10,2030-06-15T10:00:00,40,Outbound,Negotiation,Completed,5,0.41,124,9,False
2405,3335,3,2024-11-30T17:45:00,49,Outbound,Follow-Up,Completed,3,0.48,104,15,False
2406,3722,4,2024-01-19T14:45:00,0,Inbound,Check-In,No Show,1,,,0,False
2407,2046,7,2023-07-04T14:00:00,25,Outbound,Technical Deep Dive,Completed,8,0.79,142,9,True
2408,883,7,2024-11-02T14:15:00,47,Outbound,QBR,Completed,5,0.47,43,8,False
2409,2392,8,2024-10-26T14:30:00,35,Inbound,Technical Deep Dive,Completed,3,0.57,171,9,False
2410,1907,12,2024-12-20T16:00:00,60,Outbound,Check-In,Completed,5,0.72,112,15,False
2411,2468,13,2022-09-08T14:45:00,33,Inbound,Check-In,Completed,5,0.83,291,4,False
2412,2145,11,2024-02-15T12:30:00,17,Inbound,Discovery,Completed,5,0.55,178,9,True
2413,462,7,2024-04-10T13:15:00,41,Inbound,Discovery,Completed,8,0.64,283,11,False
2414,2685,15,2024-04-05T10:15:00,3,Outbound,Follow-Up,Voicemail,1,,,0,False
2415,2744,7,2030-06-15T10:00:00,0,Outbound,QBR,No Show,1,,,0,False
2416,2776,11,2024-12-12T13:30:00,3,Outbound,Discovery,Voicemail,1,,,0,False
2417,3401,8,2024-01-11T16:15:00,25,Outbound,Negotiation,Completed,8,0.59,31,16,False
2418,143,8,2024-09-02T13:30:00,20,Inbound,Discovery,Completed,4,0.44,150,14,True
2419,4206,14,2024-12-22T09:15:00,59,Outbound,QBR,Completed,2,0.61,138,11,False
2420,4191,11,2024-12-10T12:30:00,1,Outbound,Negotiation,Voicemail,1,,,0,False
2421,2679,7,2024-07-16T14:00:00,53,Inbound,Negotiation,Completed,8,0.46,82,14,True
2422,3727,7,2024-05-24T17:30:00,43,Outbound,Follow-Up,Completed,2,0.52,56,19,False
2423,90,12,2024-05-06T14:30:00,17,Outbound,Technical Deep Dive,Completed,5,0.41,66,9,True
2424,4442,5,2024-11-30T15:30:00,55,Outbound,QBR,Rescheduled,1,,,0,False
2425,1411,3,2024-12-11T12:15:00,45,Inbound,Follow-Up,Completed,2,0.61,48,8,False
2426,1343,14,2024-03-07T14:00:00,2,Outbound,Check-In,Voicemail,1,,,0,False
2427,1912,10,2022-06-10T14:30:00,3,Outbound,Check-In,Voicemail,1,,,0,False
2428,4216,8,2024-02-08T09:15:00,23,Outbound,Discovery,Completed,4,1.06,67,4,True
2429,3923,14,2024-11-01T09:45:00,28,Outbound,Discovery,Completed,3,0.62,235,11,False
2430,816,16,2024-09-05T15:00:00,25,Outbound,Technical Deep Dive,Completed,3,0.87,279,11,False
2431,4945,2,2022-04-26T12:00:00,55,Inbound,Negotiation,Completed,2,0.43,236,22,False
2432,3851,9,2022-08-18T16:00:00,49,Inbound,Follow-Up,Completed,8,0.46,111,5,False
2433,4987,13,2024-12-27T16:00:00,47,Outbound,Discovery,Completed,7,0.64,32,5,False
2434,1957,8,2024-01-19T10:45:00,46,Outbound,Discovery,Completed,4,0.37,187,17,False
2435,2121,5,2024-08-28T14:15:00,16,Outbound,Follow-Up,Completed,7,0.44,65,20,True
2436,2228,15,2024-12-07T14:30:00,0,Outbound,Check-In,No Show,1,,,0,False
2437,87,6,2024-11-10T13:30:00,21,Outbound,QBR,Completed,7,0.56,104,18,True
2438,2236,13,2024-11-18T11:15:00,33,Outbound,Check-In,Completed,5,0.51,126,6,False
2439,491,2,2023-11-16T12:30:00,52,Outbound,QBR,Completed,2,1.34,272,10,True
2440,509,2,2024-12-21T14:30:00,3,Inbound,Check-In,Voicemail,1,,,0,False
2441,3919,5,2024-09-15T09:30:00,59,Outbound,QBR,Rescheduled,1,,,0,False
2442,4215,6,2021-01-20T17:30:00,23,Outbound,Discovery,Completed,4,0.55,96,25,True
2443,2528,16,2024-12-19T10:15:00,50,Inbound,Negotiation,Completed,6,0.43,63,17,False
2444,1302,4,2024-12-23T16:45:00,32,Outbound,Follow-Up,Completed,8,0.66,32,4,False
2445,3015,15,2024-10-09T14:45:00,0,Outbound,Discovery,No Show,1,,,0,False
2446,4631,8,2022-10-10T12:45:00,27,Outbound,Technical Deep Dive,Rescheduled,1,,,0,False
2447,4145,3,2024-12-24T12:15:00,20,Inbound,Negotiation,Completed,4,0.32,183,16,True
2448,4080,1,2023-08-12T12:00:00,1,Inbound,Discovery,Voicemail,1,,,0,False
2449,4144,12,2024-11-15T13:15:00,48,Outbound,Follow-Up,Completed,4,0.46,190,6,False
2450,1648,10,2024-12-03T14:15:00,42,Outbound,Negotiation,Completed,4,0.47,158,10,False
2451,2770,4,2022-05-12T14:00:00,0,Outbound,Check-In,No Show,1,,,0,False
2452,4506,7,2024-11-07T16:45:00,41,Outbound,Negotiation,Completed,7,0.64,178,12,False
2453,4938,7,2024-01-19T16:00:00,44,Outbound,Demo,Completed,6,0.62,148,4,False
2454,3726,8,2024-10-18T16:15:00,37,Inbound,Discovery,Completed,3,0.68,162,6,False
2455,1860,3,2024-01-12T11:30:00,48,Inbound,Demo,Rescheduled,1,,,0,False
2456,4587,8,2023-04-20T14:15:00,-31,Outbound,QBR,Completed,8,0.46,119,19,False
2457,2319,5,2024-12-12T11:30:00,47,Outbound,Discovery,Completed,4,0.38,170,21,True
2458,1945,5,2024-08-03T10:00:00,46,Inbound,Technical Deep Dive,Completed,8,0.63,158,8,True
2459,35,2,2024-12-27T15:00:00,24,Outbound,Discovery,Completed,4,0.64,60,19,True
2460,2837,10,2023-11-27T16:45:00,48,Inbound,Follow-Up,Completed,3,0.52,159,11,True
2461,1207,14,2024-12-26T12:15:00,18,Outbound,Demo,Completed,4,0.75,46,10,False
2462,3505,10,2023-10-20T10:15:00,26,Outbound,QBR,Completed,6,0.51,121,3,True
2463,852,1,2024-09-04T10:00:00,55,Outbound,Demo,Completed,5,0.41,207,24,False
2464,4695,3,2023-11-23T10:15:00,0,Inbound,Technical Deep Dive,No Show,1,,,0,False
2465,3960,1,2030-06-15T10:00:00,29,Inbound,Negotiation,Completed,8,0.53,230,15,True
2466,1254,9,2024-12-16T10:15:00,16,Outbound,QBR,Completed,7,0.39,47,10,False
2467,1842,15,2030-06-15T10:00:00,51,Outbound,Demo,Completed,7,0.66,79,13,True
2468,45,3,2023-12-22T13:30:00,26,Inbound,QBR,Rescheduled,1,,,0,False
2469,391,8,2024-09-09T09:00:00,33,Outbound,Demo,Completed,6,0.47,232,15,True
2470,1539,10,2021-10-24T12:15:00,60,Outbound,Check-In,Rescheduled,1,,,0,False
2471,4214,5,2024-10-25T11:45:00,0,Inbound,Negotiation,No Show,1,,,0,False
2472,1163,11,2023-10-25T15:45:00,54,Outbound,Follow-Up,Completed,4,0.83,150,10,False
2473,2142,8,2024-05-24T09:45:00,39,Outbound,Negotiation,Completed,3,1.22,194,13,True
2474,4042,4,2024-12-06T14:45:00,60,Outbound,QBR,Completed,2,0.51,106,4,False
2475,4592,15,2024-12-29T08:15:00,50,Outbound,Negotiation,Completed,2,0.73,232,8,False
2476,2421,10,2022-12-28T12:00:00,,Outbound,Check-In,Completed,8,0.61,224,11,False
2477,2969,13,2022-11-21T15:45:00,28,Outbound,Demo,Completed,7,0.67,148,10,False
2478,677,1,2024-12-02T10:15:00,53,Outbound,Negotiation,Completed,5,0.45,166,24,False
2479,3643,4,2022-08-06T11:15:00,21,Outbound,QBR,Completed,7,0.38,173,8,True
2480,162,6,2021-12-15T15:15:00,0,Outbound,Check-In,No Show,1,,,0,False
2481,682,15,2024-12-04T12:45:00,31,Inbound,Technical Deep Dive,Completed,6,0.73,62,4,False
2482,2828,9,2024-06-17T15:00:00,28,Outbound,QBR,Rescheduled,1,,,0,False
2483,1672,14,2024-12-11T15:15:00,48,Outbound,Demo,Rescheduled,1,,,0,False
2484,2446,13,2024-10-29T11:00:00,54,Outbound,Technical Deep Dive,Completed,3,0.61,62,2,False
2485,387,11,2024-12-05T08:15:00,0,Inbound,Check-In,No Show,1,,,0,False
2486,1748,7,2022-12-02T16:30:00,,Outbound,Follow-Up,Completed,7,0.65,208,5,True
2487,357,11,2024-04-20T11:15:00,26,Inbound,Follow-Up,Completed,3,0.63,64,18,False
2488,3632,6,2024-12-13T12:30:00,38,Outbound,Technical Deep Dive,Completed,3,0.52,175,20,True
2489,2661,16,2024-03-21T08:45:00,43,Outbound,Follow-Up,Completed,3,0.51,232,10,False
2490,945,14,2024-12-11T15:45:00,47,Inbound,Negotiation,Completed,7,0.46,201,11,True
2491,595,11,2023-07-29T10:15:00,15,Inbound,Discovery,Completed,7,0.41,104,17,False
2492,2841,12,2024-12-15T12:30:00,42,Outbound,Technical Deep Dive,Rescheduled,1,,,0,False
2493,3629,3,2024-03-24T15:15:00,56,Outbound,QBR,Completed,7,0.77,75,4,True
2494,4777,9,2023-01-03T16:15:00,1,Outbound,Check-In,Voicemail,1,,,0,False
2495,2351,10,2024-07-21T13:45:00,52,Outbound,Negotiation,Completed,3,0.43,96,5,False
2496,3400,7,2024-09-21T16:45:00,19,Outbound,Negotiation,Completed,8,0.68,218,19,True
2497,460,2,2023-04-12T12:15:00,56,Outbound,Negotiation,Rescheduled,1,,,0,False
2498,1989,16,2024-12-25T15:00:00,0,Inbound,Demo,No Show,1,,,0,False
2499,3888,15,2024-12-03T12:00:00,34,Outbound,Technical Deep Dive,Completed,3,0.5,143,4,True
2500,1056,7,2024-09-19T15:30:00,17,Outbound,QBR,Completed,3,0.82,86,10,False
2501,685,13,2024-04-14T15:15:00,57,Outbound,Check-In,Completed,6,0.74,224,6,True
2502,951,12,2023-03-04T13:15:00,0,Outbound,Negotiation,No Show,1,,,0,False
2503,2332,12,2024-12-21T09:15:00,17,Outbound,Discovery,Completed,6,0.85,202,4,False
2504,1311,8,2021-11-08T11:15:00,16,Outbound,Technical Deep Dive,Completed,5,0.44,221,7,True
2505,4822,7,2024-12-06T17:30:00,50,Outbound,Check-In,Completed,3,0.6,103,15,False
2506,3210,5,2023-10-24T14:45:00,23,Outbound,Check-In,Completed,5,0.73,193,14,False
2507,4178,9,2024-07-24T14:00:00,51,Inbound,QBR,Completed,5,0.48,238,12,True
2508,726,11,2024-12-28T14:30:00,46,Outbound,Follow-Up,Completed,7,0.51,210,6,True
2509,954,10,2023-07-30T12:45:00,25,Inbound,Demo,Completed,7,0.53,178,20,True
2510,2861,5,2023-03-26T14:30:00,58,Outbound,Technical Deep Dive,Completed,8,0.65,117,5,True
2511,2304,11,2023-11-02T14:00:00,0,Outbound,Demo,No Show,1,,,0,False
2512,663,5,2024-11-06T12:30:00,54,Outbound,Discovery,Completed,3,0.52,294,10,False
2513,2021,14,2023-08-03T13:15:00,28,Outbound,Demo,Completed,3,0.56,162,9,False
2514,3200,12,2023-04-06T10:00:00,41,Outbound,Negotiation,Completed,2,1.33,72,12,False
2515,4738,3,2020-11-19T12:00:00,30,Outbound,Demo,Completed,6,0.4,76,28,True
2516,822,6,2024-12-05T10:30:00,28,Outbound,Negotiation,Completed,5,0.83,228,15,False
2517,945,14,2030-06-15T10:00:00,23,Outbound,Technical Deep Dive,Rescheduled,1,,,0,False
2518,603,5,2024-10-23T11:15:00,-37,Inbound,Technical Deep Dive,Completed,6,0.51,102,16,False
2519,844,7,2024-12-03T14:15:00,22,Outbound,Demo,Completed,8,0.49,213,8,True
2520,4239,12,2024-04-26T08:00:00,57,Inbound,Check-In,Completed,5,0.48,99,6,False
2521,126,2,2023-12-19T15:00:00,22,Outbound,Technical Deep Dive,Completed,5,0.44,61,8,False
2522,2909,14,2023-09-06T09:00:00,21,Inbound,Follow-Up,Completed,5,0.68,198,6,True
2523,3713,1,2023-07-30T11:45:00,22,Inbound,Demo,Rescheduled,1,,,0,False
2524,1213,2,2024-08-10T12:30:00,21,Outbound,Discovery,Completed,4,0.54,32,16,False
2525,2928,12,2021-04-13T09:00:00,58,Outbound,Check-In,Completed,6,0.5,62,18,False
2526,4269,16,2024-12-27T14:15:00,28,Outbound,Technical Deep Dive,Completed,4,0.67,135,11,False
2527,4611,9,2024-12-17T15:15:00,20,Outbound,Technical Deep Dive,Completed,8,0.55,123,7,True
2528,1640,13,2023-05-23T15:30:00,57,Outbound,Follow-Up,Completed,6,0.52,214,9,False
2529,582,14,2024-07-03T11:00:00,47,Outbound,Discovery,Completed,5,0.73,160,4,False
2530,1544,2,2024-12-01T11:15:00,0,Outbound,Discovery,No Show,1,,,0,False
2531,551,3,2024-08-21T09:30:00,21,Outbound,Follow-Up,Completed,4,0.67,234,13,True
2532,279,10,2024-12-22T13:45:00,43,Outbound,Follow-Up,Completed,8,0.75,64,8,False
2533,4333,2,2024-12-25T11:00:00,59,Outbound,Negotiation,Completed,6,0.55,162,15,False
2534,2062,14,2024-11-04T11:15:00,36,Outbound,QBR,Completed,3,0.62,136,4,False
2535,536,11,2024-08-17T15:15:00,44,Outbound,Follow-Up,Completed,8,0.57,116,15,True
2536,4602,10,2023-02-18T11:00:00,33,Inbound,Follow-Up,Completed,3,0.73,147,8,False
2537,4758,15,2024-06-30T14:30:00,0,Outbound,Negotiation,No Show,1,,,0,False
2538,2854,16,2024-03-24T11:00:00,58,Outbound,Check-In,Completed,7,0.48,175,9,True
2539,479,13,2024-07-06T11:00:00,48,Outbound,Discovery,Completed,2,0.39,140,5,False
2540,4294,15,2024-06-18T10:45:00,46,Outbound,Negotiation,Completed,4,0.63,96,4,True
2541,2534,13,2030-06-15T10:00:00,47,Outbound,Technical Deep Dive,Completed,8,0.72,126,9,True
2542,2574,16,2024-12-24T15:45:00,0,Outbound,Discovery,No Show,1,,,0,False
2543,3326,8,2023-09-27T11:00:00,30,Outbound,QBR,Completed,2,0.66,34,19,True
2544,2865,2,2023-06-26T09:15:00,16,Inbound,Demo,Rescheduled,1,,,0,False
2545,4024,5,2024-12-25T13:30:00,0,Outbound,Follow-Up,No Show,1,,,0,False
2546,2286,16,2022-05-07T13:45:00,39,Outbound,Technical Deep Dive,Completed,2,0.52,108,11,False
2547,3007,13,2022-06-16T13:30:00,50,Outbound,Check-In,Completed,8,0.74,190,7,False
2548,3532,16,2024-11-11T15:00:00,36,Outbound,Demo,Completed,4,0.47,204,10,True
2549,2694,15,2024-12-11T13:30:00,19,Outbound,Discovery,Completed,2,0.69,175,14,True
2550,1573,6,2022-04-05T14:15:00,35,Outbound,QBR,Completed,2,0.39,161,9,False
2551,288,4,2024-11-09T15:15:00,36,Outbound,Negotiation,Completed,4,0.54,61,23,True
2552,4090,11,2021-12-05T15:45:00,40,Outbound,Negotiation,Completed,4,0.69,159,11,False
2553,3430,14,2023-09-02T15:00:00,0,Outbound,Check-In,No Show,1,,,0,False
2554,680,15,2024-12-07T13:00:00,50,Outbound,Follow-Up,Completed,6,0.45,198,4,True
2555,3204,5,2024-06-08T09:00:00,35,Outbound,QBR,Completed,6,0.54,113,12,True
2556,3890,6,2024-12-22T12:00:00,41,Outbound,Follow-Up,Completed,4,0.54,35,20,True
2557,83,12,2024-09-20T12:15:00,42,Inbound,Check-In,Completed,4,1.21,107,21,True
2558,2160,2,2024-12-06T11:45:00,37,Outbound,Technical Deep Dive,Rescheduled,1,,,0,False
2559,14,6,2024-09-08T15:30:00,29,Outbound,Check-In,Completed,8,0.69,232,11,False
2560,4431,3,2024-04-28T16:00:00,45,Outbound,QBR,Rescheduled,1,,,0,False
2561,3618,12,2022-09-27T14:45:00,,Inbound,QBR,Completed,7,0.49,46,14,True
2562,3040,2,2024-12-02T14:00:00,16,Outbound,Discovery,Completed,8,0.42,74,12,True
2563,658,9,2024-11-09T11:45:00,0,Outbound,QBR,No Show,1,,,0,False
2564,3089,11,2024-11-10T16:45:00,55,Inbound,QBR,Completed,5,0.72,31,9,False
2565,1736,12,2023-05-25T13:30:00,57,Outbound,Check-In,Completed,8,0.65,132,8,False
2566,4046,5,2024-07-31T13:00:00,24,Inbound,Discovery,Completed,4,0.66,72,8,False
2567,2463,3,2024-02-14T13:30:00,28,Outbound,Negotiation,Completed,7,1.06,153,4,True
2568,928,8,2023-08-24T13:45:00,44,Outbound,QBR,Rescheduled,1,,,0,False
2569,1629,5,2024-12-12T09:15:00,46,Outbound,Technical Deep Dive,Completed,4,0.47,49,16,False
2570,2819,10,2024-11-06T11:45:00,26,Inbound,Negotiation,Completed,3,0.46,55,22,False
2571,2697,5,2023-09-25T12:45:00,29,Outbound,QBR,Completed,4,0.66,236,9,False
2572,4478,14,2024-12-14T13:15:00,18,Outbound,Technical Deep Dive,Completed,7,0.86,221,7,False
2573,1493,14,2024-03-01T11:15:00,48,Outbound,Demo,Completed,2,1.29,158,7,False
2574,3001,4,2022-10-25T09:00:00,46,Inbound,Discovery,Completed,3,0.63,201,5,False
2575,2681,13,2024-08-23T12:15:00,40,Outbound,Discovery,Completed,2,0.58,68,8,False
2576,3196,7,2024-12-12T09:15:00,49,Outbound,Discovery,Completed,2,0.37,37,19,False
2577,4614,16,2024-12-21T16:15:00,2,Outbound,Follow-Up,Voicemail,1,,,0,False
2578,2339,6,2022-02-02T13:45:00,57,Outbound,Discovery,Rescheduled,1,,,0,False
2579,1257,10,2023-07-21T15:45:00,0,Outbound,Follow-Up,No Show,1,,,0,False
2580,2259,14,2023-03-30T12:30:00,38,Outbound,Demo,Completed,7,0.73,291,2,False
2581,1207,14,2024-12-21T13:30:00,35,Inbound,Demo,Completed,5,0.44,58,2,True
2582,928,8,2023-08-12T14:30:00,35,Outbound,Check-In,Completed,7,0.49,165,17,True
2583,3952,1,2021-10-04T12:00:00,,Inbound,Negotiation,Voicemail,1,,,0,False
2584,1878,7,2024-02-20T12:00:00,23,Outbound,Check-In,Completed,3,0.64,140,3,True
2585,1874,11,2023-06-10T10:30:00,46,Outbound,Follow-Up,Completed,8,0.62,166,9,False
2586,1517,5,2024-12-07T15:15:00,35,Outbound,Check-In,Completed,4,0.54,80,7,False
2587,641,7,2022-04-27T12:00:00,60,Outbound,Discovery,Completed,5,0.55,241,2,True
2588,2305,9,2024-10-20T10:15:00,16,Outbound,Check-In,Completed,3,0.88,206,7,False
2589,3770,10,2023-06-03T11:15:00,0,Outbound,Demo,No Show,1,,,0,False
2590,3467,16,2023-01-20T12:15:00,50,Outbound,Discovery,Completed,8,0.56,208,4,False
2591,1753,7,2024-01-11T12:00:00,36,Outbound,Discovery,Completed,7,0.67,156,12,False
2592,2493,8,2023-11-24T13:00:00,52,Inbound,Technical Deep Dive,Completed,4,0.57,38,14,False
2593,4597,16,2024-06-12T13:30:00,26,Inbound,Negotiation,Completed,3,0.62,207,4,True
2594,1554,7,2022-10-18T17:45:00,-46,Outbound,Demo,Completed,6,0.45,87,9,False
2595,1559,4,2024-11-20T16:00:00,20,Inbound,Follow-Up,Completed,3,0.4,79,7,True
2596,380,6,2023-05-16T14:45:00,49,Outbound,Check-In,Completed,4,0.37,153,19,False
2597,486,15,2024-12-07T13:30:00,53,Outbound,Demo,Completed,3,0.47,81,12,True
2598,3345,2,2024-04-22T15:45:00,53,Outbound,Technical Deep Dive,Completed,8,0.62,74,18,False
2599,1373,7,2022-02-23T15:45:00,26,Outbound,Demo,Completed,5,0.64,66,19,False
2600,848,9,2024-07-15T11:00:00,23,Inbound,Demo,Completed,2,0.38,79,16,False
2601,3935,7,2024-12-10T13:15:00,33,Inbound,Demo,Completed,2,0.4,39,14,True
2602,545,14,2024-06-08T15:15:00,17,Outbound,Demo,Completed,6,0.65,276,6,False
2603,3046,13,2024-12-13T13:30:00,16,Outbound,Follow-Up,Completed,3,0.67,192,1,False
2604,3143,6,2024-11-28T13:45:00,55,Inbound,Follow-Up,Completed,7,0.61,211,8,False
2605,4630,7,2024-12-20T15:30:00,15,Inbound,Technical Deep Dive,Completed,6,0.6,193,19,False
2606,2570,11,2024-06-22T08:15:00,54,Outbound,Check-In,Completed,6,1.13,115,10,False
2607,3280,10,2023-08-25T14:00:00,60,Outbound,QBR,Completed,5,1.11,116,8,False
2608,483,3,2024-08-01T12:15:00,32,Outbound,QBR,Completed,8,0.53,89,3,True
2609,3178,8,2024-12-12T12:45:00,31,Outbound,Check-In,Completed,2,0.57,53,3,False
2610,3108,14,2023-06-04T11:30:00,51,Outbound,QBR,Completed,5,1.27,136,2,False
2611,4183,12,2024-12-10T11:15:00,19,Outbound,Negotiation,Completed,3,0.58,85,8,True
2612,3619,2,2024-09-14T12:30:00,32,Outbound,Demo,Completed,6,0.3,40,14,True
2613,4942,14,2022-03-08T14:30:00,0,Outbound,QBR,No Show,1,,,0,False
2614,477,12,2024-03-10T13:45:00,58,Inbound,Negotiation,Completed,5,0.6,166,6,False
2615,2467,6,2022-07-20T13:30:00,25,Outbound,Negotiation,Completed,5,0.56,197,17,False
2616,4340,7,2024-12-15T12:00:00,23,Outbound,Follow-Up,Rescheduled,1,,,0,False
2617,2699,13,2024-04-03T14:45:00,40,Outbound,Demo,Completed,8,0.78,199,11,False
2618,612,6,2024-12-24T15:15:00,22,Inbound,Technical Deep Dive,Completed,5,0.48,158,15,False
2619,2504,3,2022-10-15T09:30:00,,Inbound,QBR,Completed,7,0.64,235,18,True
2620,1340,13,2024-12-20T11:45:00,57,Outbound,Check-In,Completed,5,0.56,224,11,False
2621,2229,16,2024-12-17T09:15:00,3,Inbound,Check-In,Voicemail,1,,,0,False
2622,3216,11,2023-07-31T17:15:00,16,Inbound,Demo,Completed,5,0.66,110,13,True
2623,2809,14,2030-06-15T10:00:00,0,Inbound,Demo,No Show,1,,,0,False
2624,734,15,2024-11-08T11:00:00,,Outbound,Discovery,Completed,7,0.64,131,6,False
2625,923,4,2024-02-24T12:00:00,57,Outbound,Follow-Up,Completed,5,0.79,205,4,True
2626,2218,10,2024-01-29T14:45:00,15,Outbound,Negotiation,Completed,8,0.47,207,3,False
2627,3327,16,2021-06-25T13:45:00,32,Inbound,Check-In,Rescheduled,1,,,0,False
2628,1886,7,2024-04-15T13:15:00,59,Outbound,Check-In,Completed,3,0.49,206,14,False
2629,3657,15,2024-09-27T16:15:00,25,Outbound,Negotiation,Completed,6,0.56,166,10,True
2630,3980,14,2024-12-17T13:30:00,50,Outbound,Technical Deep Dive,Completed,3,0.63,214,4,True
2631,853,9,2024-10-28T15:30:00,54,Inbound,Discovery,Completed,3,0.56,235,12,False
2632,2586,2,2023-10-29T10:45:00,22,Outbound,QBR,Rescheduled,1,,,0,False
2633,3371,11,2024-12-26T16:15:00,2,Outbound,Check-In,Voicemail,1,,,0,False
2634,3858,10,2024-01-16T11:00:00,51,Outbound,Demo,Completed,2,1.25,260,6,True
2635,4813,1,2024-09-09T13:15:00,15,Outbound,Negotiation,Completed,6,0.57,135,7,True
2636,1623,8,2024-12-10T10:30:00,41,Outbound,Check-In,Completed,8,0.61,187,19,True
2637,3996,11,2024-09-20T15:30:00,33,Outbound,Negotiation,Completed,5,0.4,39,9,False
2638,1359,15,2024-12-14T14:00:00,52,Outbound,Follow-Up,Completed,7,0.6,155,7,False
2639,3191,2,2024-11-28T13:30:00,43,Outbound,Technical Deep Dive,Completed,4,0.35,193,18,True
2640,3696,13,2020-10-11T09:45:00,31,Outbound,Demo,Completed,7,0.48,160,2,False
2641,4542,15,2024-12-15T17:00:00,0,Inbound,Discovery,No Show,1,,,0,False
2642,545,14,2024-09-07T16:30:00,42,Inbound,Check-In,Completed,3,0.78,83,5,False
2643,4349,7,2024-10-25T13:45:00,,Outbound,Negotiation,Completed,2,0.44,231,19,True
2644,878,3,2023-08-06T16:15:00,1,Outbound,Check-In,Voicemail,1,,,0,False
2645,2689,3,2023-02-20T12:15:00,40,Outbound,Discovery,Completed,3,0.55,189,10,True
2646,1389,4,2020-12-29T14:15:00,19,Outbound,QBR,Completed,5,0.51,190,20,False
2647,3545,1,2024-08-02T08:15:00,47,Outbound,Discovery,Rescheduled,1,,,0,False
2648,967,4,2023-08-20T12:15:00,34,Outbound,Negotiation,Completed,8,0.42,237,11,True
2649,4780,15,2024-04-13T14:15:00,39,Outbound,Follow-Up,Completed,3,0.5,41,12,False
2650,610,16,2024-12-10T13:45:00,37,Inbound,Discovery,Completed,8,0.5,173,5,True
2651,2063,10,2024-12-15T10:45:00,55,Outbound,Check-In,Completed,6,0.66,115,15,True
2652,2385,14,2030-06-15T10:00:00,32,Outbound,Technical Deep Dive,Completed,6,0.54,135,4,False
2653,382,5,2022-02-11T10:30:00,43,Outbound,QBR,Completed,3,0.44,201,6,False
2654,241,10,2022-12-07T14:00:00,0,Outbound,Check-In,No Show,1,,,0,False
2655,837,16,2024-08-05T10:30:00,-55,Outbound,Discovery,Completed,2,0.46,69,4,True
2656,181,8,2024-11-18T14:30:00,36,Outbound,Technical Deep Dive,Completed,2,0.58,47,13,False
2657,3910,12,2023-03-27T11:00:00,36,Outbound,Demo,Completed,6,0.62,182,11,False
2658,4810,11,2024-12-09T14:30:00,31,Outbound,Negotiation,Completed,3,0.66,38,9,True
2659,891,12,2021-02-10T14:30:00,34,Outbound,Demo,Completed,3,0.69,244,9,False
2660,3313,9,2024-07-21T09:30:00,32,Outbound,Technical Deep Dive,Completed,4,1.04,192,13,True
2661,2286,15,2024-11-05T10:15:00,33,Inbound,Follow-Up,Completed,3,0.49,184,13,True
2662,3578,1,2024-04-20T10:30:00,27,Inbound,Check-In,Completed,6,0.61,54,24,True
2663,1335,15,2024-12-15T10:00:00,30,Outbound,QBR,Completed,6,0.57,48,5,True
2664,1423,1,2022-06-03T14:30:00,24,Outbound,Negotiation,Completed,4,0.27,48,18,True
2665,4107,11,2024-12-23T16:30:00,54,Inbound,QBR,Completed,5,0.43,207,15,True
2666,4522,15,2024-04-14T14:00:00,25,Outbound,Technical Deep Dive,Completed,3,0.65,187,11,True
2667,4571,2,2024-12-01T15:15:00,39,Outbound,Follow-Up,Completed,7,0.34,182,24,True
2668,1758,11,2024-08-04T12:00:00,56,Outbound,Discovery,Completed,8,0.66,34,6,True
2669,270,1,2024-09-24T12:45:00,17,Outbound,Negotiation,Completed,8,0.59,70,12,False
2670,4305,15,2024-12-09T14:15:00,44,Inbound,Check-In,Completed,5,0.41,71,15,True
2671,2404,4,2024-02-17T12:30:00,25,Outbound,Negotiation,Completed,4,0.56,263,15,True
2672,1986,13,2024-12-24T09:45:00,29,Outbound,QBR,Completed,5,0.88,259,5,False
2673,4042,4,2024-12-25T10:00:00,59,Inbound,Technical Deep Dive,Completed,8,0.64,156,9,True
2674,1059,9,2021-12-13T15:30:00,45,Outbound,Discovery,Completed,5,0.57,186,17,False
2675,2212,1,2024-12-16T12:00:00,59,Outbound,Negotiation,Completed,8,0.57,236,24,True
2676,3158,9,2023-02-18T09:00:00,34,Outbound,Discovery,Completed,3,0.49,108,9,False
2677,3337,6,2023-09-19T12:45:00,53,Outbound,Negotiation,Completed,6,0.5,212,5,True
2678,3735,1,2024-10-08T11:45:00,18,Outbound,Negotiation,Completed,6,0.34,33,12,True
2679,4280,16,2024-02-22T12:30:00,23,Outbound,Demo,Completed,8,0.53,188,6,False
2680,4374,15,2024-06-13T10:15:00,54,Outbound,Follow-Up,Completed,2,0.58,54,7,False
2681,21,1,2023-12-27T11:15:00,52,Outbound,Discovery,Completed,7,0.58,283,8,False
2682,3610,11,2024-12-22T14:15:00,40,Outbound,Follow-Up,Completed,5,0.52,110,22,True
2683,577,3,2024-01-27T14:45:00,46,Inbound,Discovery,Completed,5,0.59,97,22,False
2684,321,5,2024-07-20T14:30:00,31,Outbound,QBR,Completed,6,0.57,69,12,False
2685,4611,9,2024-12-21T14:15:00,60,Inbound,Follow-Up,Completed,3,0.47,51,7,True
2686,557,8,2023-11-21T11:00:00,22,Outbound,Technical Deep Dive,Completed,4,0.46,200,17,False
2687,3527,6,2023-04-30T15:00:00,45,Outbound,QBR,Completed,8,0.63,95,10,False
2688,4616,15,2024-12-22T11:30:00,29,Inbound,Negotiation,Completed,3,0.72,242,4,False
2689,1026,1,2024-12-30T08:30:00,40,Outbound,Discovery,Completed,3,0.63,164,16,False
2690,2270,16,2024-10-17T13:45:00,39,Outbound,QBR,Completed,5,1.45,163,2,False
2691,1190,15,2023-12-28T17:15:00,41,Inbound,Check-In,Completed,2,0.67,68,8,False
2692,2660,7,2024-08-18T15:30:00,16,Inbound,QBR,Completed,4,0.53,115,10,True
2693,459,12,2024-06-30T13:30:00,51,Inbound,Technical Deep Dive,Completed,3,0.47,98,7,False
2694,3147,11,2022-09-18T12:45:00,18,Outbound,QBR,Completed,7,0.67,55,4,False
2695,549,16,2024-11-07T13:15:00,0,Outbound,Technical Deep Dive,No Show,1,,,0,False
2696,3626,7,2024-09-07T14:00:00,26,Outbound,Discovery,Rescheduled,1,,,0,False
2697,1642,6,2024-12-25T11:45:00,31,Outbound,Check-In,Completed,2,0.51,40,16,False
2698,3099,5,2024-12-14T12:15:00,23,Inbound,Follow-Up,Completed,8,0.49,54,8,True
2699,2749,5,2024-12-18T16:30:00,31,Inbound,Demo,Rescheduled,1,,,0,False
2700,3383,2,2024-06-15T12:45:00,34,Outbound,Check-In,Completed,6,0.61,166,19,True
2701,677,1,2024-11-23T13:15:00,0,Outbound,Negotiation,No Show,1,,,0,False
2702,490,15,2024-08-30T14:00:00,43,Outbound,Demo,Completed,5,0.56,111,5,False
2703,206,8,2023-12-19T09:00:00,36,Outbound,Discovery,Completed,8,0.35,144,6,False
2704,1855,16,2024-12-15T14:00:00,-15,Inbound,Technical Deep Dive,Completed,6,0.54,229,13,True
2705,1240,7,2023-09-17T10:45:00,,Inbound,Discovery,Completed,4,0.61,130,13,True
2706,3044,6,2023-04-29T17:30:00,49,Inbound,Follow-Up,Completed,3,0.58,88,15,True
2707,3275,13,2024-12-30T14:30:00,20,Outbound,Negotiation,Completed,8,0.84,204,1,False
2708,4471,5,2023-08-15T14:15:00,41,Inbound,Check-In,Completed,3,0.44,180,11,False
2709,600,16,2023-06-02T11:45:00,56,Outbound,Demo,Completed,8,1.13,219,6,False
2710,3088,1,2021-10-29T16:00:00,17,Outbound,Follow-Up,Completed,8,0.29,120,24,True
2711,2153,5,2023-08-10T10:45:00,22,Outbound,Discovery,Completed,2,0.5,176,8,True
2712,4700,4,2021-03-05T11:15:00,42,Outbound,QBR,Completed,8,0.6,160,17,True
2713,1529,2,2024-11-16T16:15:00,2,Inbound,Negotiation,Voicemail,1,,,0,False
2714,1674,7,2023-01-01T16:00:00,18,Inbound,QBR,Completed,3,0.69,167,4,False
2715,4289,14,2024-01-29T15:45:00,20,Outbound,Follow-Up,Completed,3,0.69,85,12,True
2716,3598,13,2023-04-21T10:45:00,30,Outbound,QBR,Completed,7,0.46,201,7,False
2717,1453,14,2024-12-14T14:15:00,33,Outbound,Technical Deep Dive,Completed,7,0.6,77,9,False
2718,3289,12,2023-06-23T09:15:00,40,Outbound,QBR,Rescheduled,1,,,0,False
2719,4456,1,2023-06-25T13:30:00,22,Outbound,Technical Deep Dive,Completed,3,0.42,128,18,True
2720,1013,15,2022-12-12T14:30:00,0,Inbound,Demo,No Show,1,,,0,False
2721,1545,5,2022-03-23T14:45:00,51,Inbound,Demo,Completed,5,0.56,185,20,False
2722,2167,16,2021-02-03T09:45:00,26,Outbound,QBR,Completed,4,0.62,223,9,False
2723,4968,4,2023-10-14T14:00:00,39,Outbound,Technical Deep Dive,Completed,3,0.55,90,2,False
2724,2590,15,2024-12-19T10:30:00,43,Outbound,Check-In,Completed,6,0.51,143,13,True
2725,4465,3,2023-11-06T12:00:00,30,Outbound,Negotiation,Completed,8,0.34,127,16,True
2726,4876,9,2024-12-02T15:15:00,53,Inbound,Demo,Completed,4,0.66,195,10,True
2727,944,4,2022-10-26T15:15:00,,Outbound,Demo,Completed,2,0.59,236,20,True
2728,1993,8,2022-12-19T14:45:00,-59,Outbound,Follow-Up,Completed,8,0.69,192,4,False
2729,3985,7,2021-03-17T11:15:00,0,Outbound,Demo,No Show,1,,,0,False
2730,3328,16,2024-12-31T12:15:00,33,Outbound,Follow-Up,Completed,5,0.43,103,15,False
2731,642,10,2024-08-30T08:30:00,37,Outbound,Demo,Completed,4,0.52,103,12,True
2732,2179,4,2024-12-01T10:15:00,53,Outbound,Negotiation,Completed,3,1.21,45,11,False
2733,1136,12,2024-04-24T15:45:00,50,Inbound,QBR,Completed,7,0.72,133,11,False
2734,100,5,2022-04-12T10:00:00,31,Outbound,Technical Deep Dive,Completed,7,0.52,78,18,True
2735,261,9,2021-06-18T10:45:00,42,Outbound,QBR,Completed,8,0.52,48,18,True
2736,3298,11,2024-12-24T16:00:00,15,Outbound,QBR,Completed,8,0.42,240,9,False
2737,1201,10,2024-03-13T09:45:00,31,Inbound,Discovery,Completed,5,0.48,129,13,False
2738,648,4,2020-10-16T15:30:00,41,Outbound,QBR,Completed,5,1.33,63,13,False
2739,2798,14,2024-12-06T08:45:00,-58,Inbound,Demo,Completed,8,0.67,201,10,False
2740,407,15,2024-06-22T11:15:00,49,Outbound,Technical Deep Dive,Rescheduled,1,,,0,False
2741,4823,11,2024-12-25T17:30:00,2,Outbound,Discovery,Voicemail,1,,,0,False
2742,3788,4,2024-12-13T16:15:00,41,Outbound,QBR,Completed,3,0.57,292,13,True
2743,1963,2,2023-03-15T14:45:00,,Outbound,Demo,Completed,8,0.36,175,16,False
2744,1486,13,2024-12-22T13:45:00,0,Outbound,Discovery,No Show,1,,,0,False
2745,1818,2,2024-12-19T16:45:00,25,Outbound,Discovery,Completed,2,0.34,55,16,False
2746,2400,16,2024-07-07T14:45:00,57,Outbound,Demo,Completed,7,0.56,221,4,False
2747,698,4,2024-04-26T12:00:00,23,Inbound,Technical Deep Dive,Completed,2,0.46,143,14,True
2748,860,13,2024-12-06T13:15:00,0,Inbound,Discovery,No Show,1,,,0,False
2749,1514,11,2023-11-23T12:45:00,36,Outbound,Negotiation,Completed,6,0.73,177,8,False
2750,2978,3,2024-07-03T13:45:00,51,Outbound,Follow-Up,Rescheduled,1,,,0,False
2751,4766,14,2023-02-28T16:45:00,54,Outbound,Discovery,Completed,4,0.57,122,3,True
2752,2876,3,2024-12-09T12:15:00,33,Inbound,Demo,Completed,8,0.53,187,18,False
2753,4646,5,2024-02-01T10:45:00,35,Outbound,Negotiation,Completed,4,0.54,39,12,False
2754,2094,11,2022-02-17T11:15:00,34,Outbound,Demo,Completed,5,0.4,215,9,False
2755,3067,16,2024-12-30T13:30:00,53,Inbound,Check-In,Completed,2,1.42,169,14,True
2756,4720,13,2022-11-16T12:30:00,26,Inbound,Negotiation,Completed,2,0.59,215,7,False
2757,4249,5,2022-07-19T09:30:00,2,Inbound,Technical Deep Dive,Voicemail,1,,,0,False
2758,4847,3,2023-02-19T16:30:00,28,Outbound,QBR,Completed,6,0.55,236,20,True
2759,1586,14,2024-12-19T08:45:00,24,Outbound,Discovery,Completed,5,0.66,169,6,False
2760,1418,12,2024-10-03T12:00:00,39,Outbound,Check-In,Completed,4,1.42,130,9,True
2761,4600,16,2024-12-17T11:45:00,50,Outbound,QBR,Completed,8,0.74,114,1,True
2762,4078,10,2024-05-29T12:30:00,27,Outbound,QBR,Completed,3,0.7,42,7,False
2763,4875,5,2023-08-27T13:15:00,43,Outbound,Negotiation,Completed,5,0.55,165,7,True
2764,792,4,2022-07-04T11:00:00,27,Outbound,Technical Deep Dive,Completed,2,0.39,76,5,True
2765,3904,7,2023-04-02T09:15:00,47,Outbound,QBR,Completed,7,0.69,123,20,False
2766,876,7,2023-05-30T15:00:00,54,Outbound,Technical Deep Dive,Completed,8,0.74,118,6,False
2767,2306,13,2022-12-03T10:00:00,49,Outbound,QBR,Completed,6,0.73,231,7,False
2768,2081,4,2030-06-15T10:00:00,55,Outbound,Discovery,Completed,3,0.64,181,8,False
2769,493,15,2024-12-30T13:30:00,42,Outbound,Technical Deep Dive,Completed,8,0.71,103,4,False
2770,1813,12,2024-09-25T12:00:00,44,Inbound,Technical Deep Dive,Completed,3,0.67,203,11,False
2771,3846,11,2022-05-22T16:45:00,2,Outbound,Negotiation,Voicemail,1,,,0,False
2772,2317,16,2024-12-28T16:45:00,-29,Inbound,Technical Deep Dive,Rescheduled,1,,,0,False
2773,1837,11,2022-05-11T09:00:00,38,Inbound,Technical Deep Dive,Completed,6,0.55,236,17,False
2774,4575,8,2023-12-19T11:00:00,30,Outbound,Technical Deep Dive,Rescheduled,1,,,0,False
2775,811,13,2024-06-15T12:30:00,33,Outbound,Demo,Completed,7,1.29,88,7,False
2776,1743,15,2024-12-04T15:45:00,43,Outbound,Check-In,Completed,3,0.42,32,3,False
2777,901,2,2030-06-15T10:00:00,54,Outbound,Negotiation,Completed,4,1.46,208,9,True
2778,3395,14,2024-12-10T09:45:00,28,Outbound,QBR,Completed,7,0.77,186,4,False
2779,3662,15,2030-06-15T10:00:00,44,Outbound,Negotiation,Completed,6,0.54,191,9,False
2780,1367,12,2022-12-03T13:15:00,43,Outbound,Discovery,Completed,8,0.7,223,18,False
2781,125,13,2024-12-10T14:15:00,1,Outbound,QBR,Voicemail,1,,,0,False
2782,2324,3,2024-05-17T10:15:00,,Outbound,QBR,Completed,2,0.53,129,16,True
2783,2305,9,2024-09-17T14:45:00,28,Outbound,QBR,Completed,5,0.79,160,12,False
2784,3257,10,2024-05-17T12:45:00,-40,Outbound,Technical Deep Dive,Completed,3,0.44,143,8,True
2785,1,9,2024-12-12T12:30:00,40,Outbound,Check-In,Completed,7,0.4,172,15,False
2786,2637,1,2024-06-19T16:00:00,42,Inbound,Demo,Completed,5,0.61,178,8,False
2787,90,12,2024-08-13T09:15:00,47,Inbound,Demo,Completed,7,0.47,178,9,True
2788,2040,6,2024-12-30T13:30:00,0,Outbound,Discovery,No Show,1,,,0,False
2789,3713,1,2023-07-17T11:45:00,3,Outbound,Technical Deep Dive,Voicemail,1,,,0,False
2790,2441,15,2024-12-04T11:00:00,18,Outbound,QBR,Completed,8,0.46,181,3,False
2791,2916,16,2022-07-11T09:15:00,3,Outbound,Negotiation,Voicemail,1,,,0,False
2792,3398,2,2024-12-05T12:00:00,56,Inbound,Demo,Completed,7,0.41,170,4,False
2793,3996,11,2024-08-21T14:15:00,47,Inbound,Demo,Rescheduled,1,,,0,False
2794,4142,7,2024-12-17T14:15:00,3,Inbound,Demo,Voicemail,1,,,0,False
2795,4749,10,2022-01-26T14:15:00,18,Outbound,Discovery,Completed,2,0.59,204,9,False
2796,4641,12,2024-10-21T09:00:00,22,Inbound,Demo,Rescheduled,1,,,0,False
2797,3393,1,2023-09-15T14:45:00,15,Outbound,Negotiation,Completed,3,0.38,64,12,True
2798,4492,12,2024-06-12T11:00:00,52,Outbound,QBR,Completed,5,0.62,233,7,True
2799,2203,8,2024-01-20T15:30:00,58,Inbound,Discovery,Completed,4,0.54,223,16,False
2800,4960,3,2023-09-11T10:15:00,45,Outbound,QBR,Completed,8,0.62,81,14,True
2801,620,7,2023-11-22T11:45:00,25,Outbound,Follow-Up,Completed,3,0.62,147,9,False
2802,986,7,2024-10-26T13:15:00,47,Outbound,Follow-Up,Completed,6,0.51,78,12,True
2803,2336,9,2022-08-29T10:00:00,54,Inbound,Demo,Completed,8,0.72,267,13,False
2804,1400,8,2021-10-04T15:45:00,52,Outbound,Negotiation,Completed,2,0.49,219,15,True
2805,2311,11,2024-11-20T14:45:00,44,Outbound,QBR,Completed,8,0.76,261,13,False
2806,3171,5,2022-05-30T12:30:00,22,Outbound,Demo,Rescheduled,1,,,0,False
2807,2957,7,2024-02-04T13:30:00,44,Outbound,Technical Deep Dive,Completed,6,0.38,60,15,False
2808,146,2,2022-11-19T14:15:00,49,Inbound,Negotiation,Rescheduled,1,,,0,False
2809,1162,4,2024-07-19T15:15:00,1,Outbound,Check-In,Voicemail,1,,,0,False
2810,876,7,2023-06-08T15:00:00,52,Outbound,Technical Deep Dive,Completed,8,0.81,200,13,False
2811,2956,11,2024-12-02T12:30:00,0,Outbound,Negotiation,No Show,1,,,0,False
2812,225,16,2024-05-01T10:45:00,15,Outbound,Demo,Completed,6,0.82,263,2,False
2813,4406,14,2020-12-10T12:00:00,30,Outbound,Demo,Rescheduled,1,,,0,False
2814,644,14,2024-12-02T15:45:00,46,Outbound,Discovery,Completed,2,0.72,162,11,False
2815,3834,1,2024-02-13T17:30:00,32,Outbound,Check-In,Completed,6,0.3,202,24,False
2816,3778,10,2023-11-15T12:45:00,44,Inbound,QBR,Completed,4,0.7,119,16,True
2817,2351,10,2024-09-22T15:15:00,45,Outbound,Discovery,Completed,2,0.5,229,11,False
2818,1831,3,2022-04-13T15:15:00,38,Outbound,QBR,Completed,6,0.59,232,8,False
2819,2482,9,2024-05-26T12:45:00,37,Outbound,Discovery,Completed,7,0.53,192,9,True
2820,1261,9,2021-11-30T10:00:00,3,Outbound,Technical Deep Dive,Voicemail,1,,,0,False
2821,2643,14,2024-03-31T16:00:00,3,Outbound,Discovery,Voicemail,1,,,0,False
2822,2399,12,2022-02-19T14:30:00,55,Outbound,Discovery,Completed,8,0.82,267,6,False
2823,2558,15,2024-12-23T14:30:00,0,Outbound,QBR,No Show,1,,,0,False
2824,4110,9,2023-02-12T09:30:00,22,Inbound,Technical Deep Dive,Completed,7,0.41,120,13,False
2825,4973,7,2022-11-30T14:15:00,28,Outbound,Negotiation,Completed,2,0.5,201,18,False
2826,2337,15,2023-08-04T11:30:00,15,Inbound,Check-In,Completed,5,0.73,97,7,True
2827,1287,14,2024-04-01T13:15:00,52,Outbound,Check-In,Completed,4,0.82,61,3,False
2828,1886,7,2024-02-05T11:15:00,42,Inbound,Follow-Up,Completed,3,0.53,220,7,False
2829,2374,12,2024-10-02T12:15:00,0,Outbound,Technical Deep Dive,No Show,1,,,0,False
2830,3015,1,2024-10-05T15:15:00,23,Outbound,Follow-Up,Rescheduled,1,,,0,False
2831,3195,2,2024-06-19T12:00:00,50,Outbound,Demo,Completed,8,0.49,168,6,True
2832,2981,7,2024-12-21T10:00:00,2,Inbound,Negotiation,Voicemail,1,,,0,False
2833,2237,11,2023-03-17T14:00:00,0,Outbound,Demo,No Show,1,,,0,False
2834,2201,14,2022-10-27T15:00:00,26,Outbound,QBR,Completed,4,0.49,186,7,False
2835,4372,4,2024-06-06T15:00:00,21,Inbound,Demo,Completed,7,0.65,98,17,True
2836,157,1,2024-05-18T12:15:00,38,Inbound,QBR,Completed,3,0.62,169,4,False
2837,4199,5,2023-01-04T10:30:00,50,Inbound,Follow-Up,Completed,2,0.66,172,12,False
2838,2204,16,2024-12-21T15:45:00,-16,Outbound,Negotiation,Completed,5,0.59,196,9,False
2839,3990,15,2024-04-16T11:00:00,46,Outbound,QBR,Completed,2,0.56,265,8,False
2840,1590,14,2024-02-02T16:15:00,59,Outbound,Technical Deep Dive,Completed,6,0.62,233,9,True
2841,3757,16,2024-04-16T15:30:00,3,Outbound,Check-In,Voicemail,1,,,0,False
2842,4119,3,2024-12-20T13:45:00,45,Outbound,Technical Deep Dive,Completed,4,1.01,231,14,True
2843,3098,8,2023-06-07T14:15:00,32,Outbound,Check-In,Completed,3,0.84,69,5,True
2844,1789,3,2024-11-07T10:00:00,54,Outbound,Follow-Up,Completed,8,0.4,189,7,True
2845,47,8,2024-02-21T15:45:00,1,Outbound,Demo,Voicemail,1,,,0,False
2846,1709,5,2024-04-10T10:15:00,30,Outbound,Discovery,Completed,5,0.43,187,17,False
2847,4561,8,2024-11-24T14:00:00,27,Inbound,Negotiation,Completed,3,0.43,175,17,True
2848,3754,2,2022-12-19T13:15:00,34,Outbound,Technical Deep Dive,Completed,7,0.35,239,9,True
2849,4649,6,2023-10-24T16:30:00,38,Inbound,QBR,Completed,5,0.47,69,8,False
2850,1835,8,2023-07-06T15:15:00,22,Inbound,QBR,Completed,5,0.82,276,6,False
2851,2939,8,2024-08-12T11:45:00,46,Inbound,Technical Deep Dive,Completed,2,0.39,99,22,False
2852,502,2,2024-09-01T14:00:00,15,Outbound,Demo,Completed,8,0.35,81,10,True
2853,4119,3,2024-11-15T09:00:00,18,Outbound,Technical Deep Dive,Rescheduled,1,,,0,False
2854,851,13,2024-08-16T10:45:00,16,Inbound,QBR,Completed,8,0.66,262,9,False
2855,3954,15,2024-12-14T14:00:00,21,Outbound,Discovery,Completed,2,0.74,237,13,True
2856,898,12,2030-06-15T10:00:00,33,Inbound,Technical Deep Dive,Rescheduled,1,,,0,False
2857,3646,8,2024-12-13T13:45:00,33,Outbound,Discovery,Completed,2,0.81,95,13,True
2858,1619,11,2023-10-19T17:30:00,15,Outbound,Demo,Completed,3,0.41,200,15,True
2859,3162,11,2023-05-07T10:45:00,40,Outbound,Negotiation,Completed,6,0.56,46,8,False
2860,4074,11,2023-06-06T10:30:00,21,Outbound,Discovery,Completed,3,0.63,75,11,False
2861,4030,14,2023-03-31T14:00:00,51,Inbound,Technical Deep Dive,Completed,6,0.7,77,10,True
2862,2709,2,2021-05-12T16:30:00,36,Inbound,Check-In,Rescheduled,1,,,0,False
2863,181,8,2024-12-04T11:00:00,23,Outbound,Follow-Up,Completed,2,0.52,210,20,True
2864,1907,12,2024-12-18T13:00:00,,Outbound,Discovery,Completed,6,0.66,126,9,False
2865,4626,3,2023-12-25T11:15:00,25,Inbound,Follow-Up,Completed,3,0.32,229,15,True
2866,2655,14,2021-12-03T15:15:00,3,Outbound,Check-In,Voicemail,1,,,0,False
2867,2458,8,2024-11-10T11:15:00,-40,Outbound,Technical Deep Dive,Rescheduled,1,,,0,False
2868,3361,2,2024-11-21T11:15:00,3,Outbound,QBR,Voicemail,1,,,0,False
2869,3358,4,2023-05-06T15:45:00,58,Inbound,Negotiation,Completed,7,0.61,92,12,False
2870,1419,1,2024-12-13T15:15:00,48,Outbound,Technical Deep Dive,Completed,6,1.35,81,20,True
2871,1616,10,2024-12-23T10:30:00,33,Outbound,Discovery,Completed,6,0.7,86,5,True
2872,4851,5,2024-09-11T14:30:00,2,Outbound,Demo,Voicemail,1,,,0,False
2873,566,10,2024-04-10T08:15:00,0,Outbound,Demo,No Show,1,,,0,False
2874,2379,14,2023-10-12T10:00:00,44,Outbound,Negotiation,Completed,7,1.43,132,1,False
2875,2195,5,2023-02-15T10:30:00,49,Outbound,Check-In,Completed,4,0.45,220,16,False
2876,182,5,2023-10-09T15:15:00,32,Outbound,Check-In,Completed,2,0.57,71,9,False
2877,4724,7,2024-12-11T10:15:00,,Outbound,Technical Deep Dive,Completed,8,0.53,114,19,False
2878,4635,3,2024-08-19T12:15:00,15,Inbound,QBR,Completed,8,0.54,44,12,True
2879,4364,9,2030-06-15T10:00:00,23,Outbound,Discovery,Completed,7,0.68,228,12,False
2880,3011,1,2024-12-23T12:15:00,33,Inbound,Follow-Up,Completed,7,0.53,108,19,True
2881,2363,6,2023-02-07T09:00:00,0,Outbound,Discovery,No Show,1,,,0,False
2882,3595,16,2024-12-15T16:15:00,,Outbound,Discovery,Completed,6,0.73,181,16,True
2883,1219,3,2024-11-28T11:45:00,47,Inbound,Check-In,Rescheduled,1,,,0,False
2884,390,6,2023-06-06T15:45:00,31,Outbound,Discovery,Completed,8,0.63,115,16,False
2885,4301,12,2024-06-16T12:15:00,34,Inbound,Check-In,Rescheduled,1,,,0,False
2886,3716,16,2022-12-08T09:45:00,35,Outbound,Demo,Completed,6,0.4,219,15,False
2887,4135,13,2023-06-05T12:30:00,2,Inbound,Check-In,Voicemail,1,,,0,False
2888,2144,6,2024-08-23T12:30:00,,Outbound,Discovery,Completed,7,0.61,213,5,True
2889,1123,5,2024-01-03T11:00:00,43,Outbound,Negotiation,Completed,5,0.61,142,4,False
2890,2925,7,2023-10-13T09:00:00,35,Inbound,Technical Deep Dive,Completed,6,0.47,144,14,False
2891,1370,8,2024-12-19T11:45:00,59,Inbound,Demo,Completed,5,0.36,55,20,True
2892,1994,9,2024-12-16T13:15:00,43,Outbound,Technical Deep Dive,Completed,5,0.4,100,9,True
2893,4232,1,2024-09-25T12:30:00,0,Inbound,Check-In,No Show,1,,,0,False
2894,2676,2,2022-06-25T11:30:00,47,Outbound,Check-In,Completed,3,0.51,146,24,True
2895,3157,13,2024-11-12T15:15:00,39,Inbound,Negotiation,Completed,4,0.47,170,7,True
2896,4207,16,2024-12-06T13:00:00,0,Outbound,QBR,No Show,1,,,0,False
2897,539,5,2023-05-11T08:00:00,26,Outbound,Technical Deep Dive,Completed,5,0.52,54,7,False
2898,1711,15,2024-12-06T14:00:00,59,Inbound,Negotiation,Completed,2,0.62,207,3,True
2899,253,8,2021-10-02T16:00:00,31,Outbound,QBR,Completed,5,0.66,70,5,True
2900,2413,10,2024-06-03T13:45:00,46,Outbound,Demo,Completed,4,0.88,280,9,False
2901,4767,15,2024-08-06T16:45:00,18,Inbound,Check-In,Rescheduled,1,,,0,False
2902,1016,1,2023-08-11T16:15:00,0,Outbound,Technical Deep Dive,No Show,1,,,0,False
2903,3011,1,2024-12-21T16:30:00,35,Outbound,Technical Deep Dive,Rescheduled,1,,,0,False
2904,2467,6,2022-09-02T10:45:00,39,Outbound,Negotiation,Completed,4,0.36,70,4,False
2905,780,11,2023-01-17T12:15:00,33,Outbound,Demo,Completed,7,0.69,133,18,True
2906,895,7,2024-12-09T11:15:00,0,Outbound,QBR,No Show,1,,,0,False
2907,4366,7,2024-12-04T10:00:00,59,Outbound,Negotiation,Completed,6,0.45,180,8,False
2908,1298,2,2023-02-21T11:30:00,42,Outbound,Discovery,Completed,6,0.69,132,2,False
2909,4048,3,2024-02-05T11:45:00,,Outbound,Negotiation,Rescheduled,1,,,0,False
2910,2016,15,2024-12-12T10:45:00,23,Inbound,Discovery,Completed,4,0.65,234,16,True
2911,3396,7,2023-11-28T13:15:00,17,Outbound,Demo,Completed,4,1.36,189,14,True
2912,4148,2,2023-08-06T08:30:00,16,Inbound,Demo,Completed,6,0.56,230,18,True
2913,1717,4,2022-06-08T14:30:00,60,Outbound,Follow-Up,Completed,6,0.58,67,7,True
2914,1050,3,2024-07-02T11:15:00,49,Outbound,Check-In,Completed,5,0.46,226,13,False
2915,707,4,2024-11-07T16:30:00,30,Inbound,Technical Deep Dive,Rescheduled,1,,,0,False
2916,3640,4,2024-03-08T14:15:00,,Outbound,Demo,Completed,2,0.49,153,18,True
2917,3786,7,2024-12-19T12:30:00,52,Inbound,QBR,Completed,5,0.39,160,9,True
2918,1784,7,2024-12-15T13:45:00,29,Outbound,Technical Deep Dive,Completed,6,0.5,101,5,False
2919,2140,16,2024-12-02T13:30:00,53,Outbound,QBR,Completed,4,0.46,104,12,True
2920,1715,8,2024-02-09T08:15:00,3,Outbound,Technical Deep Dive,Voicemail,1,,,0,False
2921,4887,2,2024-12-18T10:45:00,53,Outbound,QBR,Completed,2,0.69,158,2,False
2922,3529,8,2024-08-25T11:45:00,48,Outbound,Check-In,Completed,5,0.64,197,14,True
2923,4209,4,2024-11-13T16:15:00,16,Inbound,Follow-Up,Completed,7,0.4,63,6,True
2924,1568,11,2024-12-09T12:45:00,2,Outbound,Follow-Up,Voicemail,1,,,0,False
2925,987,13,2024-01-26T15:45:00,2,Outbound,Follow-Up,Voicemail,1,,,0,False
2926,2816,10,2022-07-27T12:15:00,0,Inbound,Discovery,No Show,1,,,0,False
2927,2957,7,2024-03-16T16:15:00,27,Inbound,Demo,Completed,8,0.35,115,7,True
2928,4554,8,2024-01-14T12:15:00,48,Outbound,Technical Deep Dive,Completed,5,0.52,125,12,False
2929,4791,2,2024-12-08T14:30:00,31,Outbound,Negotiation,Completed,2,0.49,93,18,True
2930,4107,11,2024-12-01T13:45:00,38,Outbound,Negotiation,Completed,2,0.7,126,17,False
2931,4977,1,2024-08-20T15:00:00,45,Outbound,Demo,Rescheduled,1,,,0,False
2932,2041,1,2024-12-15T11:15:00,29,Inbound,Discovery,Completed,2,0.55,217,6,False
2933,581,12,2023-08-30T09:30:00,0,Inbound,Follow-Up,No Show,1,,,0,False
2934,1089,5,2022-07-23T11:45:00,0,Outbound,Check-In,No Show,1,,,0,False
2935,991,12,2023-10-06T16:30:00,59,Inbound,Technical Deep Dive,Completed,7,0.53,57,12,False
2936,4833,16,2024-10-22T12:45:00,29,Outbound,Discovery,Completed,6,0.71,125,5,True
2937,1360,7,2024-11-10T10:30:00,30,Outbound,Check-In,Completed,5,0.43,90,7,True
2938,2224,10,2024-12-05T13:45:00,-2,Outbound,QBR,Voicemail,1,,,0,False
2939,3605,2,2024-10-04T10:15:00,-1,Outbound,Check-In,Voicemail,1,,,0,False
2940,3464,4,2023-09-09T15:15:00,35,Outbound,Demo,Completed,3,1.23,274,10,False
2941,4971,4,2024-03-26T10:15:00,33,Inbound,Demo,Completed,6,0.37,49,12,True
2942,1105,13,2024-04-21T13:30:00,-50,Outbound,Discovery,Completed,4,0.7,60,9,True
2943,4331,14,2024-07-31T09:45:00,32,Inbound,Demo,Completed,7,0.55,137,2,False
2944,4570,12,2023-12-10T13:30:00,42,Outbound,QBR,Completed,3,0.62,173,9,True
2945,1568,11,2024-12-26T09:15:00,0,Outbound,Follow-Up,No Show,1,,,0,False
2946,4105,2,2024-09-08T15:00:00,28,Outbound,Technical Deep Dive,Completed,2,0.32,100,21,False
2947,4834,14,2024-04-07T10:00:00,52,Outbound,Technical Deep Dive,Completed,3,0.53,91,11,False
2948,757,6,2024-09-24T11:45:00,0,Outbound,Check-In,No Show,1,,,0,False
2949,1064,7,2024-10-27T10:00:00,23,Outbound,Demo,Completed,6,0.66,43,14,True
2950,3683,8,2024-10-02T13:30:00,46,Inbound,Technical Deep Dive,Completed,5,0.57,123,13,True
2951,3165,12,2024-11-29T15:45:00,25,Outbound,Check-In,Completed,7,0.67,79,9,False
2952,4487,2,2022-01-03T13:30:00,60,Outbound,Technical Deep Dive,Completed,4,0.63,42,6,False
2953,1512,5,2024-12-31T13:30:00,53,Inbound,Technical Deep Dive,Completed,3,0.41,146,7,False
2954,368,2,2024-07-29T10:00:00,54,Outbound,QBR,Completed,7,0.45,219,21,False
2955,259,2,2022-11-19T16:15:00,56,Inbound,Check-In,Completed,2,0.43,222,12,True
2956,1172,3,2024-11-27T08:00:00,51,Outbound,QBR,Completed,2,0.5,43,2,False
2957,3001,4,2022-09-15T14:15:00,31,Inbound,Technical Deep Dive,Completed,7,1.18,142,15,False
2958,4014,3,2022-10-07T15:45:00,20,Inbound,Follow-Up,Completed,3,0.62,212,9,True
2959,413,1,2024-05-17T09:45:00,60,Inbound,Demo,Completed,4,0.44,200,10,True
2960,4551,3,2030-06-15T10:00:00,60,Outbound,Follow-Up,Completed,5,0.52,233,10,False
2961,4846,1,2024-10-25T14:15:00,50,Outbound,Technical Deep Dive,Completed,6,0.31,213,24,False
2962,2051,6,2021-12-07T08:30:00,0,Inbound,Check-In,No Show,1,,,0,False
2963,2534,13,2024-10-13T11:30:00,26,Outbound,Discovery,Completed,6,0.49,205,6,True
2964,341,3,2030-06-15T10:00:00,37,Outbound,Technical Deep Dive,Completed,8,0.39,218,4,True
2965,4162,13,2024-12-10T14:00:00,24,Outbound,Demo,Rescheduled,1,,,0,False
2966,1109,13,2022-09-06T11:30:00,47,Outbound,Negotiation,Completed,3,0.7,167,11,False
2967,3315,3,2024-12-17T12:45:00,48,Inbound,Demo,Completed,2,0.63,93,4,True
2968,1805,9,2024-12-06T09:15:00,53,Inbound,Technical Deep Dive,Rescheduled,1,,,0,False
2969,3669,10,2024-07-26T08:00:00,51,Outbound,Demo,Completed,4,0.54,65,11,True
2970,1855,2,2023-10-01T16:30:00,21,Outbound,QBR,Completed,4,0.43,73,18,True
2971,4672,11,2024-11-19T08:00:00,0,Outbound,Negotiation,No Show,1,,,0,False
2972,1976,14,2024-05-15T10:30:00,21,Outbound,Negotiation,Completed,7,0.56,107,13,True
2973,564,11,2021-12-02T15:30:00,0,Outbound,Demo,No Show,1,,,0,False
2974,1131,9,2022-01-01T11:00:00,1,Outbound,QBR,Voicemail,1,,,0,False
2975,4204,2,2024-07-01T16:45:00,18,Inbound,Check-In,Completed,5,0.38,135,19,True
2976,1469,16,2024-11-27T12:30:00,34,Inbound,Negotiation,Completed,3,0.6,129,10,True
2977,1497,13,2022-02-08T16:45:00,,Outbound,Discovery,Completed,8,0.76,160,7,False
2978,4058,15,2024-12-30T11:30:00,23,Outbound,Check-In,Completed,2,0.69,64,4,True
2979,81,9,2023-05-05T10:00:00,32,Inbound,QBR,Completed,5,0.41,164,16,False
2980,2433,6,2023-12-21T13:15:00,23,Outbound,Negotiation,Completed,3,0.63,111,14,False
2981,588,14,2024-12-22T16:30:00,,Outbound,QBR,Completed,4,0.56,231,13,False
2982,4525,5,2024-12-09T14:30:00,15,Outbound,QBR,Completed,6,0.66,68,6,False
2983,1458,3,2024-10-27T11:30:00,29,Outbound,Discovery,Rescheduled,1,,,0,False
2984,1733,11,2022-12-05T11:45:00,23,Outbound,Negotiation,Completed,6,0.57,100,2,False
2985,1145,11,2022-10-08T08:30:00,32,Outbound,Demo,Completed,4,0.4,95,15,False
2986,3846,11,2022-06-18T12:15:00,,Outbound,Demo,Completed,2,0.62,207,4,True
2987,643,7,2024-09-30T17:30:00,21,Outbound,Negotiation,Completed,6,0.39,199,14,False
2988,2711,16,2024-11-09T16:15:00,20,Outbound,Negotiation,Completed,2,0.47,121,16,True
2989,655,4,2022-11-18T12:45:00,27,Inbound,Follow-Up,Completed,5,0.56,105,6,True
2990,3275,13,2024-12-21T14:00:00,27,Outbound,Check-In,Completed,6,0.79,290,9,False
2991,4162,13,2024-12-02T15:00:00,3,Outbound,Negotiation,Voicemail,1,,,0,False
2992,3221,14,2021-06-16T14:00:00,24,Outbound,Discovery,Completed,8,0.47,55,5,False
2993,3787,4,2024-06-06T13:45:00,30,Outbound,QBR,Completed,3,0.57,238,4,False
2994,3870,9,2023-09-06T10:15:00,38,Outbound,Demo,Completed,7,0.45,147,6,True
2995,2487,7,2024-12-13T10:00:00,50,Outbound,Technical Deep Dive,Rescheduled,1,,,0,False
2996,691,3,2024-12-14T14:15:00,34,Outbound,Demo,Completed,4,0.33,59,12,False
2997,2634,13,2022-01-12T13:30:00,50,Inbound,Check-In,Completed,6,0.64,179,8,False
2998,4457,16,2024-09-16T10:15:00,3,Outbound,Check-In,Voicemail,1,,,0,False
2999,1756,12,2023-08-01T09:15:00,53,Inbound,Demo,Completed,4,0.53,105,5,True
3000,1725,5,2021-01-23T15:00:00,56,Outbound,Discovery,Rescheduled,1,,,0,False
3001,2244,1,2024-08-03T10:15:00,48,Outbound,QBR,Completed,5,0.48,263,9,False
3002,2929,3,2022-09-24T12:45:00,47,Outbound,Negotiation,Completed,3,0.74,188,9,True
3003,2018,13,2024-12-25T12:15:00,46,Inbound,QBR,Completed,4,0.44,221,9,False
3004,3441,16,2024-12-08T10:30:00,20,Outbound,QBR,Completed,6,0.49,181,12,False
3005,1144,6,2022-09-15T14:15:00,34,Outbound,Demo,Completed,6,0.5,122,8,True
3006,4411,7,2024-12-26T13:00:00,2,Outbound,Negotiation,Voicemail,1,,,0,False
3007,4422,7,2024-12-14T17:30:00,59,Outbound,Follow-Up,Completed,5,0.58,42,8,True
3008,2369,14,2024-08-16T12:00:00,30,Outbound,Check-In,Completed,7,1.13,235,9,True
3009,1668,15,2024-11-14T10:15:00,59,Outbound,QBR,Completed,3,0.74,78,5,False
3010,3952,13,2024-12-07T10:45:00,19,Inbound,Technical Deep Dive,Completed,5,0.54,105,5,False
3011,4414,1,2022-08-29T13:00:00,29,Outbound,Follow-Up,Completed,4,0.56,132,4,True
3012,433,5,2024-11-08T12:45:00,29,Inbound,Technical Deep Dive,Completed,3,0.69,170,7,False
3013,4304,3,2024-06-11T13:45:00,25,Outbound,QBR,Completed,3,0.63,237,16,False
3014,922,2,2022-05-11T09:15:00,41,Inbound,Demo,Completed,4,1.06,222,24,True
3015,4397,15,2024-12-06T12:30:00,51,Inbound,Follow-Up,Completed,5,0.57,108,15,False
3016,2410,4,2024-12-04T11:00:00,,Outbound,Demo,No Show,1,,,0,False
3017,1787,7,2024-03-29T14:30:00,52,Outbound,Follow-Up,Completed,2,0.46,127,23,False
3018,1722,7,2023-02-24T15:00:00,32,Outbound,QBR,Completed,4,0.62,192,16,False
3019,2162,2,2023-01-15T16:30:00,0,Inbound,Discovery,No Show,1,,,0,False
3020,2726,1,2024-09-05T15:45:00,30,Inbound,Demo,Completed,3,0.53,89,19,False
3021,1590,14,2024-03-11T10:30:00,31,Inbound,Discovery,Completed,3,0.67,47,14,False
3022,4037,15,2024-08-30T08:45:00,39,Outbound,Follow-Up,Completed,6,1.04,32,8,False
3023,158,15,2024-07-24T16:45:00,22,Outbound,QBR,Completed,2,0.42,220,16,False
3024,2657,8,2023-06-11T14:15:00,32,Outbound,Technical Deep Dive,Completed,4,0.63,164,6,False
3025,4723,14,2023-03-10T12:45:00,25,Inbound,Follow-Up,Completed,7,0.47,83,7,True
3026,3480,12,2024-12-08T14:15:00,23,Outbound,Check-In,Rescheduled,1,,,0,False
3027,2503,10,2022-04-20T14:45:00,19,Inbound,Follow-Up,Completed,7,0.64,139,4,False
3028,4347,15,2023-09-22T13:45:00,0,Outbound,Negotiation,No Show,1,,,0,False
3029,128,16,2024-07-08T16:00:00,40,Inbound,Demo,Completed,2,1.21,32,12,False
3030,318,15,2024-12-13T09:45:00,55,Inbound,Follow-Up,Completed,6,0.36,90,6,True
3031,2933,12,2024-11-05T10:30:00,48,Outbound,Technical Deep Dive,Completed,8,0.72,40,4,False
3032,3045,8,2024-01-18T16:45:00,19,Outbound,Negotiation,Completed,5,0.46,147,17,True
3033,823,2,2024-12-23T12:30:00,19,Outbound,Demo,Completed,8,0.58,109,9,True
3034,2436,16,2024-05-15T14:30:00,0,Inbound,Follow-Up,No Show,1,,,0,False
3035,3855,13,2023-05-25T17:45:00,31,Outbound,Discovery,Completed,4,0.74,72,3,True
3036,3269,7,2022-09-25T12:15:00,0,Outbound,Follow-Up,No Show,1,,,0,False
3037,1952,12,2023-09-19T15:45:00,54,Outbound,Demo,Rescheduled,1,,,0,False
3038,2436,16,2024-04-27T11:45:00,20,Inbound,Demo,Rescheduled,1,,,0,False
3039,4880,10,2024-12-09T14:15:00,2,Outbound,Negotiation,Voicemail,1,,,0,False
3040,3278,11,2023-11-13T13:15:00,53,Outbound,Technical Deep Dive,Completed,8,0.83,296,1,False
3041,4293,12,2022-07-15T10:15:00,1,Outbound,Discovery,Voicemail,1,,,0,False
3042,4885,3,2022-10-09T15:15:00,31,Inbound,Technical Deep Dive,Completed,5,0.58,116,13,True
3043,3069,8,2024-08-07T09:45:00,23,Inbound,Check-In,Rescheduled,1,,,0,False
3044,2336,9,2022-07-22T12:45:00,32,Outbound,Technical Deep Dive,Completed,5,0.62,290,2,False
3045,3462,6,2022-08-06T16:15:00,48,Inbound,Check-In,Rescheduled,1,,,0,False
3046,1287,14,2024-02-10T10:15:00,17,Inbound,Demo,Completed,2,0.88,289,2,True
3047,1586,14,2024-12-03T12:45:00,46,Inbound,Technical Deep Dive,Completed,2,0.48,132,4,False
3048,4126,7,2022-05-01T13:00:00,0,Inbound,Discovery,No Show,1,,,0,False
3049,3579,13,2024-12-18T10:30:00,39,Outbound,QBR,Completed,8,0.7,226,3,False
3050,4807,14,2022-01-29T12:45:00,33,Inbound,QBR,Completed,2,0.72,225,14,False
3051,4731,10,2023-11-08T12:00:00,54,Outbound,QBR,Completed,4,0.48,105,12,False
3052,913,1,2024-06-23T15:15:00,0,Outbound,QBR,No Show,1,,,0,False
3053,2167,16,2021-02-10T12:15:00,60,Outbound,Demo,Completed,6,0.5,57,8,True
3054,4908,2,2024-06-05T15:15:00,,Outbound,Follow-Up,Completed,8,0.46,112,10,False
3055,3193,12,2021-12-23T13:30:00,,Outbound,QBR,Completed,6,0.5,189,6,True
3056,1334,4,2023-09-30T11:15:00,18,Inbound,Discovery,Completed,4,0.58,109,7,False
3057,514,3,2023-05-13T11:00:00,,Outbound,Demo,Completed,5,0.65,229,10,True
3058,5,13,2024-12-25T12:30:00,-22,Outbound,Demo,Completed,4,0.57,168,11,False
3059,4224,3,2024-10-25T11:15:00,32,Outbound,Negotiation,Rescheduled,1,,,0,False
3060,1710,10,2024-09-23T12:15:00,46,Outbound,Demo,Completed,5,0.65,128,17,False
3061,4440,3,2023-10-24T14:30:00,37,Inbound,Follow-Up,Completed,4,0.64,56,24,True
3062,159,6,2020-12-01T13:00:00,15,Outbound,Discovery,Completed,3,0.61,30,10,True
3063,3260,5,2022-05-06T09:15:00,28,Outbound,Demo,Completed,8,0.62,58,16,False
3064,3401,8,2024-04-28T14:30:00,57,Outbound,Discovery,Completed,5,0.48,137,8,True
3065,2022,6,2030-06-15T10:00:00,24,Outbound,QBR,Completed,2,0.56,223,11,False
3066,3880,6,2022-02-11T12:15:00,53,Outbound,Technical Deep Dive,Completed,3,0.71,221,3,False
3067,1794,12,2024-10-02T14:30:00,0,Outbound,Discovery,No Show,1,,,0,False
3068,4395,16,2023-06-26T12:00:00,53,Outbound,Follow-Up,Completed,4,0.51,175,4,False
3069,1378,6,2024-06-27T13:15:00,37,Outbound,Discovery,Completed,2,0.57,88,8,False
3070,895,7,2024-12-29T10:00:00,43,Outbound,Discovery,Completed,6,0.44,160,21,True
3071,580,15,2030-06-15T10:00:00,33,Inbound,Follow-Up,Completed,4,0.49,235,8,False
3072,3071,3,2024-05-15T13:15:00,47,Outbound,QBR,Completed,3,0.8,255,18,False
3073,624,11,2024-12-25T10:45:00,46,Outbound,Follow-Up,Rescheduled,1,,,0,False
3074,3731,6,2024-12-14T13:00:00,22,Inbound,Follow-Up,Completed,2,0.51,92,17,False
3075,4739,1,2024-04-30T16:30:00,54,Inbound,QBR,Completed,5,0.5,210,16,False
3076,1545,5,2022-04-13T15:00:00,20,Outbound,Technical Deep Dive,Completed,3,0.54,118,9,False
3077,3137,8,2022-10-28T09:45:00,,Inbound,Technical Deep Dive,Completed,3,0.44,139,16,True
3078,3343,3,2023-07-01T17:45:00,0,Outbound,Discovery,No Show,1,,,0,False
3079,2078,1,2023-07-26T12:00:00,51,Inbound,Technical Deep Dive,Completed,5,0.65,139,16,True
3080,2856,3,2020-10-29T10:30:00,49,Outbound,Demo,Completed,2,1.26,50,10,True
3081,186,5,2024-12-25T12:00:00,45,Outbound,QBR,Completed,2,0.62,141,11,False
3082,3469,11,2024-12-08T12:45:00,55,Outbound,Technical Deep Dive,Completed,3,0.77,294,4,True
3083,229,13,2022-10-28T16:45:00,24,Inbound,Check-In,Completed,5,0.52,192,2,False
3084,4279,7,2023-09-29T10:30:00,0,Inbound,QBR,No Show,1,,,0,False
3085,676,16,2024-12-19T14:30:00,0,Outbound,Follow-Up,No Show,1,,,0,False
3086,690,11,2022-03-06T08:45:00,56,Outbound,Technical Deep Dive,Rescheduled,1,,,0,False
3087,4799,11,2024-05-13T12:15:00,34,Inbound,Demo,Rescheduled,1,,,0,False
3088,2622,15,2024-06-30T14:45:00,-56,Outbound,Follow-Up,Completed,6,0.47,191,3,True
3089,4809,8,2024-01-29T13:45:00,32,Outbound,QBR,Completed,4,0.44,76,25,True
3090,3548,5,2022-11-24T10:15:00,16,Outbound,Discovery,Completed,5,0.5,148,12,False
3091,758,7,2024-05-19T10:15:00,30,Outbound,Follow-Up,Completed,2,0.63,59,7,False
3092,130,10,2023-10-21T11:45:00,23,Outbound,Demo,Completed,6,0.45,58,15,True
3093,2514,1,2024-10-30T13:30:00,58,Outbound,Discovery,Completed,5,0.37,40,14,True
3094,3442,8,2022-07-22T12:15:00,0,Outbound,Check-In,No Show,1,,,0,False
3095,507,3,2024-11-02T09:15:00,18,Inbound,Demo,Completed,5,0.61,145,24,True
3096,776,9,2024-07-04T10:30:00,27,Outbound,Technical Deep Dive,Completed,4,0.58,65,10,False
3097,607,3,2024-12-07T08:30:00,41,Outbound,QBR,Completed,7,0.61,213,16,False
3098,4765,6,2023-05-26T13:45:00,23,Outbound,Discovery,Completed,3,0.44,160,5,True
3099,1423,1,2022-08-25T15:45:00,40,Outbound,Discovery,Completed,2,0.47,50,19,True
3100,1680,7,2023-11-25T14:30:00,20,Inbound,Technical Deep Dive,Completed,5,0.59,50,13,False
3101,317,10,2024-12-03T14:30:00,42,Outbound,Demo,Completed,4,0.81,109,9,True
3102,793,1,2030-06-15T10:00:00,18,Outbound,QBR,Completed,3,0.71,163,13,True
3103,2349,2,2024-12-08T11:45:00,15,Outbound,Demo,Completed,7,1.47,69,25,True
3104,2993,7,2024-04-06T12:45:00,17,Outbound,QBR,Completed,3,0.65,145,10,True
3105,4179,6,2024-11-14T10:00:00,48,Outbound,Technical Deep Dive,Completed,7,0.68,64,13,True
3106,4196,13,2022-08-24T13:45:00,-34,Inbound,QBR,Completed,7,0.72,55,14,False
3107,1001,6,2022-05-02T11:00:00,-23,Outbound,Technical Deep Dive,Completed,3,0.68,170,10,False
3108,4560,5,2024-07-21T12:15:00,2,Outbound,QBR,Voicemail,1,,,0,False
3109,3252,8,2024-10-07T11:00:00,41,Outbound,Follow-Up,Completed,4,0.6,173,16,False
3110,1837,11,2022-05-25T16:00:00,33,Outbound,Technical Deep Dive,Rescheduled,1,,,0,False
3111,2356,11,2024-08-16T13:45:00,,Outbound,Demo,Completed,5,0.46,158,6,True
3112,382,1,2024-06-20T14:00:00,3,Outbound,Discovery,Voicemail,1,,,0,False
3113,233,11,2024-03-21T11:15:00,0,Outbound,QBR,No Show,1,,,0,False
3114,3827,12,2024-10-06T08:30:00,28,Inbound,Follow-Up,Completed,6,0.62,195,3,False
3115,1252,13,2022-10-29T13:00:00,26,Outbound,Check-In,Completed,8,0.55,168,10,False
3116,4256,14,2023-11-18T14:30:00,,Outbound,Technical Deep Dive,Completed,8,0.44,198,7,False
3117,904,12,2023-10-16T16:30:00,0,Inbound,Technical Deep Dive,No Show,1,,,0,False
3118,1962,1,2024-05-18T15:00:00,51,Inbound,Demo,Completed,7,0.6,162,10,True
3119,4212,5,2024-12-01T10:45:00,51,Outbound,Discovery,Rescheduled,1,,,0,False
3120,3203,9,2022-08-09T13:30:00,0,Outbound,Technical Deep Dive,No Show,1,,,0,False
3121,2002,5,2023-09-08T12:30:00,2,Outbound,Follow-Up,Voicemail,1,,,0,False
3122,1124,16,2024-04-13T13:00:00,25,Outbound,Negotiation,Completed,8,0.48,135,3,False
3123,1494,14,2024-11-29T11:45:00,31,Outbound,Follow-Up,Completed,6,0.58,162,10,True
3124,4046,5,2024-10-01T14:00:00,45,Outbound,QBR,Completed,4,0.48,167,8,True
3125,3538,16,2024-11-16T15:00:00,15,Outbound,Demo,Completed,6,0.45,210,12,False
3126,2206,12,2023-01-17T12:45:00,0,Inbound,Demo,No Show,1,,,0,False
3127,3294,10,2024-12-13T08:30:00,39,Outbound,Check-In,Completed,7,0.57,166,9,False
3128,4191,11,2030-06-15T10:00:00,59,Inbound,Technical Deep Dive,Completed,6,0.43,240,6,True
3129,4243,1,2024-01-03T08:00:00,59,Outbound,Technical Deep Dive,Rescheduled,1,,,0,False
3130,4904,4,2024-09-01T12:00:00,28,Outbound,Follow-Up,Completed,3,0.36,166,6,True
3131,1892,6,2024-06-13T10:00:00,58,Outbound,Check-In,Completed,4,0.39,149,12,True
3132,4592,15,2024-12-31T15:30:00,48,Outbound,QBR,Completed,8,0.74,105,12,False
3133,1065,4,2023-01-18T15:15:00,0,Outbound,Technical Deep Dive,No Show,1,,,0,False
3134,28,1,2024-12-14T16:45:00,0,Inbound,Follow-Up,No Show,1,,,0,False
3135,2306,13,2023-03-12T13:45:00,56,Inbound,QBR,Completed,6,0.44,76,4,False
3136,4594,1,2022-01-13T13:30:00,60,Outbound,Check-In,Completed,2,0.32,209,21,True
3137,1202,5,2024-12-23T09:30:00,0,Outbound,Technical Deep Dive,No Show,1,,,0,False
3138,667,5,2024-12-19T11:00:00,59,Outbound,Follow-Up,Rescheduled,1,,,0,False
3139,2096,5,2023-04-07T10:15:00,42,Outbound,Discovery,Completed,7,1.27,156,11,False
3140,1744,8,2023-03-30T16:30:00,47,Outbound,Discovery,Completed,8,0.76,122,4,False
3141,1870,9,2024-12-16T15:45:00,27,Outbound,Follow-Up,Completed,6,0.41,130,9,True
3142,4606,9,2024-12-07T09:00:00,22,Inbound,Check-In,Completed,4,0.39,58,6,True
3143,910,11,2024-12-12T17:00:00,48,Outbound,Demo,Completed,7,0.61,101,16,False
3144,2136,1,2024-08-14T11:15:00,41,Inbound,QBR,Rescheduled,1,,,0,False
3145,161,12,2024-11-21T14:30:00,48,Outbound,QBR,Completed,4,0.82,182,4,False
3146,4786,9,2024-06-29T09:00:00,26,Outbound,Follow-Up,Completed,5,0.67,161,10,False
3147,3741,10,2021-06-04T10:30:00,19,Outbound,Technical Deep Dive,Completed,2,0.53,152,12,False
3148,431,1,2023-02-05T10:15:00,50,Outbound,Negotiation,Completed,6,0.77,69,4,False
3149,321,5,2024-10-18T13:00:00,30,Outbound,Demo,Rescheduled,1,,,0,False
3150,3418,10,2024-12-08T15:45:00,2,Inbound,Follow-Up,Voicemail,1,,,0,False
3151,2499,2,2024-04-20T10:00:00,34,Outbound,Negotiation,Completed,6,0.35,190,9,False
3152,4005,12,2023-11-07T12:30:00,47,Outbound,Technical Deep Dive,Completed,7,0.45,93,17,True
3153,4180,5,2024-07-10T12:45:00,2,Outbound,Follow-Up,Voicemail,1,,,0,False
3154,2852,2,2023-12-21T12:15:00,41,Outbound,Follow-Up,Completed,6,0.63,154,12,True
3155,3217,10,2023-10-27T12:30:00,0,Inbound,Technical Deep Dive,No Show,1,,,0,False
3156,285,2,2023-07-07T11:45:00,39,Outbound,Demo,Completed,2,0.32,157,30,False
3157,573,14,2023-10-26T15:15:00,46,Inbound,Discovery,Completed,2,0.53,122,4,False
3158,2862,11,2024-03-29T11:30:00,,Inbound,Discovery,No Show,1,,,0,False
3159,1081,9,2024-12-29T11:15:00,0,Outbound,Check-In,No Show,1,,,0,False
3160,3126,6,2021-02-12T14:15:00,54,Outbound,Discovery,Completed,7,0.68,61,17,True
3161,2651,16,2024-01-31T16:15:00,28,Outbound,Check-In,Rescheduled,1,,,0,False
3162,437,6,2024-12-21T15:00:00,30,Outbound,QBR,Completed,4,0.54,133,19,False
3163,876,7,2023-05-05T11:45:00,30,Outbound,Negotiation,Completed,6,0.65,130,14,False
3164,3757,16,2024-04-11T13:30:00,25,Inbound,QBR,Completed,4,0.67,142,7,False
3165,3882,1,2024-11-17T16:15:00,33,Inbound,Discovery,Rescheduled,1,,,0,False
3166,1473,9,2024-12-08T13:45:00,54,Outbound,Technical Deep Dive,Completed,8,0.63,47,9,True
3167,4540,12,2022-04-14T10:00:00,60,Outbound,Check-In,Completed,7,0.7,239,8,True
3168,466,7,2024-07-25T13:30:00,29,Inbound,Technical Deep Dive,Completed,6,0.53,36,10,False
3169,4932,16,2024-11-20T11:15:00,58,Outbound,Demo,Completed,3,0.84,84,2,True
3170,2063,10,2024-12-31T13:15:00,49,Outbound,Demo,Completed,5,0.5,72,6,False
3171,1803,3,2023-05-30T16:15:00,41,Outbound,Check-In,Completed,3,0.58,51,10,True
3172,154,5,2024-09-26T10:00:00,21,Inbound,Technical Deep Dive,Completed,4,0.6,76,14,True
3173,315,6,2024-02-03T10:30:00,47,Outbound,Discovery,Completed,6,0.53,92,9,True
3174,3029,6,2024-08-02T12:15:00,23,Outbound,Demo,Completed,5,0.62,111,10,True
3175,829,7,2024-09-30T16:45:00,3,Inbound,Check-In,Voicemail,1,,,0,False
3176,1064,7,2024-10-30T16:30:00,39,Outbound,Check-In,Completed,4,0.74,134,14,False
3177,1317,5,2024-02-02T13:00:00,54,Outbound,Negotiation,Completed,2,0.57,101,18,True
3178,398,13,2024-06-19T12:15:00,37,Outbound,Follow-Up,Completed,3,0.56,85,9,False
3179,2201,14,2022-11-22T15:45:00,60,Outbound,QBR,Completed,6,0.44,143,10,False
3180,4825,13,2030-06-15T10:00:00,26,Outbound,Technical Deep Dive,Completed,4,0.77,97,6,False
3181,2897,6,2021-08-18T10:30:00,3,Outbound,Check-In,Voicemail,1,,,0,False
3182,4989,11,2024-03-22T12:45:00,29,Outbound,QBR,Completed,7,0.68,48,3,True
3183,13,1,2023-02-11T09:45:00,42,Inbound,Demo,Completed,2,0.33,98,20,True
3184,3253,8,2024-08-31T11:45:00,27,Outbound,Follow-Up,Completed,4,0.5,181,6,True
3185,2006,7,2024-10-06T09:15:00,39,Outbound,Technical Deep Dive,Completed,2,0.82,247,14,False
3186,4607,1,2023-03-21T14:30:00,53,Outbound,Negotiation,Completed,7,0.57,81,20,False
3187,2398,12,2024-02-06T10:45:00,48,Outbound,Technical Deep Dive,Completed,6,0.64,96,18,False
3188,2295,12,2021-09-30T14:45:00,16,Outbound,Check-In,Completed,3,0.43,173,8,True
3189,3955,10,2024-07-30T12:30:00,47,Outbound,Negotiation,Completed,6,0.64,238,6,True
3190,684,15,2024-12-08T15:30:00,22,Outbound,Discovery,Completed,5,0.77,31,3,True
3191,2721,12,2023-03-25T17:30:00,0,Outbound,Check-In,No Show,1,,,0,False
3192,1653,16,2024-12-17T10:45:00,25,Inbound,Follow-Up,Completed,3,0.37,60,8,True
3193,1708,7,2022-08-24T13:15:00,59,Outbound,Negotiation,Completed,4,0.76,85,14,False
3194,962,10,2023-11-22T13:00:00,3,Outbound,QBR,Voicemail,1,,,0,False
3195,1618,8,2022-05-11T14:00:00,23,Outbound,Technical Deep Dive,Completed,8,0.38,176,18,False
3196,3766,11,2024-12-01T09:00:00,1,Inbound,Discovery,Voicemail,1,,,0,False
3197,2569,3,2024-10-24T12:15:00,58,Outbound,Demo,Rescheduled,1,,,0,False
3198,4343,10,2024-12-28T13:45:00,27,Outbound,QBR,Completed,7,0.39,65,3,False
3199,592,3,2024-02-13T17:30:00,19,Outbound,Demo,Completed,2,0.57,110,14,True
3200,3727,7,2024-05-27T13:30:00,31,Outbound,Negotiation,Completed,2,0.65,94,4,False
3201,345,3,2022-01-10T10:30:00,,Outbound,Negotiation,Completed,2,0.33,85,18,True
3202,4412,10,2022-06-27T14:00:00,39,Outbound,Demo,Completed,3,0.73,169,3,False
3203,2964,14,2024-11-21T11:00:00,30,Outbound,Discovery,Completed,7,0.76,285,3,False
3204,2330,4,2021-08-11T17:15:00,21,Inbound,Check-In,Completed,7,0.51,132,14,True
3205,2595,9,2024-04-10T09:00:00,,Outbound,Discovery,No Show,1,,,0,False
3206,3302,6,2024-12-12T12:15:00,24,Outbound,Negotiation,Completed,2,0.37,224,11,True
3207,1101,7,2024-12-13T14:30:00,27,Inbound,Check-In,Completed,3,0.58,128,16,True
3208,915,8,2022-06-20T15:00:00,0,Inbound,Follow-Up,No Show,1,,,0,False
3209,4256,14,2023-10-01T15:00:00,18,Outbound,Negotiation,Rescheduled,1,,,0,False
3210,1271,3,2030-06-15T10:00:00,57,Inbound,Discovery,Completed,2,0.6,233,22,False
3211,1262,10,2022-08-27T14:45:00,40,Outbound,Demo,Completed,3,0.79,188,13,False
3212,611,9,2024-09-06T09:00:00,2,Inbound,QBR,Voicemail,1,,,0,False
3213,1193,9,2024-01-14T09:30:00,52,Outbound,Negotiation,Completed,6,0.38,194,14,False
3214,3935,7,2024-11-18T11:00:00,45,Outbound,Discovery,Completed,8,1.39,131,16,True
3215,2867,15,2024-12-16T10:00:00,40,Outbound,Demo,Completed,4,0.73,172,4,True
3216,2925,7,2023-11-21T15:15:00,47,Outbound,QBR,Rescheduled,1,,,0,False
3217,589,5,2024-06-17T13:45:00,59,Outbound,Technical Deep Dive,Rescheduled,1,,,0,False
3218,2233,8,2024-09-09T12:00:00,34,Outbound,Check-In,Completed,5,0.53,152,13,True
3219,1188,14,2023-01-30T14:45:00,33,Outbound,QBR,Completed,4,0.42,62,9,False
3220,1119,3,2024-09-24T15:45:00,26,Outbound,Follow-Up,Completed,6,0.52,119,24,True
3221,4534,9,2022-05-31T14:45:00,20,Outbound,Follow-Up,Completed,6,0.47,97,13,False
3222,3919,5,2024-12-09T11:15:00,22,Outbound,Check-In,Completed,3,0.37,92,4,False
3223,1954,12,2024-10-26T16:45:00,52,Outbound,Technical Deep Dive,Completed,4,0.61,80,5,True
3224,1772,3,2024-11-05T11:30:00,49,Outbound,Discovery,Rescheduled,1,,,0,False
3225,4534,9,2022-08-10T10:30:00,60,Outbound,Check-In,Completed,3,0.43,131,8,True
3226,698,4,2024-06-26T11:45:00,47,Inbound,Check-In,Completed,2,0.48,168,17,True
3227,2212,1,2024-12-29T15:30:00,29,Inbound,Demo,Completed,2,0.48,229,24,True
3228,2104,2,2024-08-07T17:45:00,26,Outbound,Negotiation,Completed,2,0.37,73,9,True
3229,890,1,2022-04-10T11:00:00,35,Inbound,Follow-Up,Completed,4,0.52,207,8,True
3230,2183,11,2024-10-13T09:00:00,28,Outbound,Check-In,Completed,5,0.54,109,10,False
3231,3679,2,2024-12-08T09:15:00,54,Inbound,Technical Deep Dive,Completed,4,0.61,193,3,False
3232,2075,11,2024-03-20T12:30:00,47,Outbound,Technical Deep Dive,Completed,7,0.61,169,15,True
3233,1470,8,2023-06-08T14:00:00,48,Inbound,Demo,Completed,4,0.63,207,11,False
3234,2520,10,2024-05-06T10:00:00,0,Inbound,Discovery,No Show,1,,,0,False
3235,2155,12,2023-11-25T14:30:00,23,Outbound,Discovery,Completed,5,0.45,201,6,True
3236,2899,6,2024-03-24T11:45:00,29,Outbound,Technical Deep Dive,Completed,5,0.38,38,10,False
3237,3581,8,2024-12-02T12:15:00,55,Outbound,Technical Deep Dive,Completed,4,0.38,194,15,False
3238,745,10,2024-12-27T15:45:00,34,Outbound,QBR,Completed,3,0.84,167,1,False
3239,1201,10,2024-02-10T13:45:00,1,Outbound,Check-In,Voicemail,1,,,0,False
3240,1749,14,2024-05-23T15:45:00,34,Outbound,Check-In,Completed,2,0.56,192,13,False
3241,2188,16,2024-12-14T15:00:00,47,Outbound,Check-In,Completed,4,0.69,142,5,False
3242,506,11,2023-11-02T15:45:00,51,Outbound,Technical Deep Dive,Rescheduled,1,,,0,False
3243,390,6,2023-07-13T09:15:00,43,Inbound,Technical Deep Dive,Completed,6,0.61,49,13,True
3244,4949,5,2024-11-17T15:45:00,59,Outbound,Technical Deep Dive,Completed,3,0.53,141,13,True
3245,4740,15,2024-10-11T11:45:00,47,Outbound,Negotiation,Completed,5,0.56,231,4,True
3246,2134,15,2024-12-26T11:45:00,29,Outbound,QBR,Completed,8,0.62,185,12,False
3247,2630,11,2024-11-02T11:45:00,26,Inbound,Demo,Rescheduled,1,,,0,False
3248,1912,10,2022-04-05T09:45:00,18,Outbound,Follow-Up,Completed,4,0.43,193,11,True
3249,246,10,2024-12-14T15:30:00,24,Inbound,QBR,Completed,5,0.76,127,5,False
3250,1666,7,2023-03-24T14:15:00,46,Outbound,Follow-Up,Completed,2,0.57,51,20,True
3251,4046,5,2024-07-18T15:15:00,24,Outbound,Discovery,Completed,4,0.64,43,18,False
3252,2786,3,2024-12-21T12:15:00,25,Outbound,Follow-Up,Completed,5,1.07,167,30,True
3253,3506,5,2024-05-02T13:45:00,40,Outbound,Follow-Up,Completed,5,0.58,114,12,True
3254,114,6,2022-04-16T13:00:00,46,Outbound,QBR,Completed,5,0.41,78,19,False
3255,3041,2,2024-09-01T11:30:00,29,Inbound,Follow-Up,Completed,6,0.64,202,19,True
3256,3551,16,2024-09-07T14:00:00,15,Outbound,Follow-Up,Rescheduled,1,,,0,False
3257,3613,8,2023-09-10T10:00:00,38,Outbound,Follow-Up,Completed,8,0.68,129,14,False
3258,1895,8,2024-10-31T10:30:00,0,Outbound,Discovery,No Show,1,,,0,False
3259,1142,3,2023-10-19T15:15:00,41,Outbound,QBR,Completed,4,0.34,163,16,True
3260,3721,2,2023-03-18T12:45:00,47,Inbound,Demo,Completed,8,0.47,181,20,True
3261,2,1,2022-12-21T10:30:00,0,Inbound,Demo,No Show,1,,,0,False
3262,3308,3,2024-12-13T10:15:00,1,Outbound,Demo,Voicemail,1,,,0,False
3263,4630,7,2024-12-31T10:15:00,45,Outbound,QBR,Completed,7,0.65,95,19,False
3264,2707,6,2021-07-21T09:00:00,20,Outbound,Check-In,Rescheduled,1,,,0,False
3265,337,12,2024-06-16T14:00:00,37,Outbound,Check-In,Completed,3,0.61,165,12,True
3266,3482,12,2022-05-14T13:00:00,29,Inbound,Discovery,Completed,7,0.38,96,10,True
3267,408,14,2030-06-15T10:00:00,56,Outbound,Follow-Up,Completed,3,0.63,107,2,False
3268,3401,8,2024-01-31T09:45:00,56,Outbound,Discovery,Completed,8,0.7,209,4,False
3269,4872,9,2024-10-14T11:00:00,50,Outbound,Check-In,Rescheduled,1,,,0,False
3270,2258,15,2030-06-15T10:00:00,0,Outbound,Technical Deep Dive,No Show,1,,,0,False
3271,3967,11,2024-06-15T16:30:00,,Outbound,Follow-Up,Completed,8,0.69,85,15,False
3272,446,6,2024-09-30T09:45:00,0,Outbound,Demo,No Show,1,,,0,False
3273,304,16,2024-07-07T12:00:00,60,Outbound,Discovery,Completed,4,0.64,111,8,False
3274,3813,2,2023-04-17T08:00:00,21,Outbound,Demo,Completed,8,0.59,56,20,False
3275,3033,4,2024-07-20T10:45:00,,Outbound,Negotiation,Completed,6,0.36,150,12,False
3276,1973,3,2023-07-23T14:45:00,34,Outbound,QBR,Completed,2,0.42,143,24,False
3277,4383,15,2024-12-13T10:30:00,25,Inbound,Follow-Up,Completed,3,0.74,174,14,False
3278,369,6,2024-11-17T16:30:00,0,Outbound,Negotiation,No Show,1,,,0,False
3279,677,1,2024-12-26T15:15:00,31,Outbound,Demo,Rescheduled,1,,,0,False
3280,893,1,2022-03-12T13:45:00,56,Outbound,Demo,Completed,2,0.47,49,15,False
3281,1645,4,2024-12-10T15:15:00,37,Inbound,Check-In,Completed,4,0.54,74,9,False
3282,1346,7,2024-12-19T15:00:00,3,Outbound,Check-In,Voicemail,1,,,0,False
3283,3752,12,2022-05-08T13:45:00,57,Outbound,Technical Deep Dive,Completed,4,0.4,230,4,True
3284,373,8,2024-04-19T12:30:00,34,Inbound,Check-In,Completed,8,0.58,131,6,True
3285,4127,11,2024-09-25T10:00:00,49,Outbound,Demo,Completed,5,0.79,119,7,True
3286,3677,1,2024-03-28T13:45:00,58,Outbound,Negotiation,Completed,3,0.64,134,12,False
3287,2088,8,2024-03-06T16:30:00,42,Outbound,Check-In,Rescheduled,1,,,0,False
3288,1497,13,2021-12-21T11:30:00,16,Inbound,Check-In,Completed,5,0.48,138,9,True
3289,1471,10,2024-12-09T16:15:00,47,Outbound,Demo,Completed,5,0.58,111,3,True
3290,4405,8,2021-02-09T11:00:00,58,Outbound,Check-In,Completed,8,0.44,113,18,False
3291,1137,2,2024-12-27T14:00:00,26,Inbound,Demo,Completed,6,0.62,138,14,True
3292,3658,11,2024-06-10T12:30:00,49,Outbound,Negotiation,Rescheduled,1,,,0,False
3293,355,2,2021-11-30T14:00:00,41,Outbound,Discovery,Rescheduled,1,,,0,False
3294,581,12,2023-08-26T11:45:00,41,Outbound,Demo,Completed,6,0.62,205,6,False
3295,3760,2,2024-12-09T13:45:00,0,Inbound,Check-In,No Show,1,,,0,False
3296,2671,13,2022-11-06T15:45:00,56,Outbound,Negotiation,Completed,4,0.75,43,13,False
3297,3781,13,2022-08-06T14:15:00,51,Inbound,Demo,Completed,5,0.54,60,2,True
3298,4052,10,2024-12-26T09:30:00,58,Inbound,Follow-Up,Completed,2,0.5,233,7,False
3299,3306,5,2022-10-14T10:15:00,54,Outbound,QBR,Completed,2,0.74,116,10,False
3300,2693,3,2024-06-16T12:30:00,47,Inbound,Discovery,Rescheduled,1,,,0,False
3301,895,11,2024-03-28T12:00:00,43,Outbound,Check-In,Completed,8,0.6,39,9,False
3302,3823,11,2024-08-27T16:00:00,39,Inbound,Check-In,Completed,6,0.45,162,10,True
3303,3485,2,2023-01-04T13:45:00,45,Outbound,Technical Deep Dive,Completed,5,0.42,107,10,True
3304,3945,4,2024-12-05T14:30:00,22,Outbound,QBR,Completed,5,0.51,109,15,True
3305,3901,13,2024-04-26T12:45:00,-35,Inbound,Discovery,Completed,4,0.7,137,6,False
3306,4597,16,2024-06-07T15:00:00,38,Inbound,Follow-Up,Completed,2,0.66,58,14,True
3307,4283,13,2022-06-02T10:45:00,58,Outbound,Follow-Up,Rescheduled,1,,,0,False
3308,522,2,2024-04-07T14:45:00,49,Outbound,Discovery,Rescheduled,1,,,0,False
3309,190,2,2022-02-27T08:30:00,34,Outbound,QBR,Completed,5,0.51,117,14,True
3310,4105,2,2024-09-17T12:00:00,34,Outbound,Follow-Up,Rescheduled,1,,,0,False
3311,113,16,2030-06-15T10:00:00,31,Outbound,Discovery,Rescheduled,1,,,0,False
3312,4963,16,2024-11-29T10:30:00,38,Outbound,Follow-Up,Completed,5,0.49,121,6,True
3313,3237,13,2024-09-07T14:45:00,21,Outbound,Demo,Completed,5,0.62,221,13,False
3314,4893,12,2024-12-31T09:15:00,31,Outbound,Demo,Completed,4,0.62,220,4,True
3315,937,11,2024-11-04T13:30:00,0,Outbound,Negotiation,No Show,1,,,0,False
3316,1826,7,2024-12-20T14:15:00,26,Outbound,Negotiation,Completed,2,0.6,37,10,True
3317,3245,12,2020-08-29T15:00:00,1,Outbound,Discovery,Voicemail,1,,,0,False
3318,1858,6,2024-12-13T08:15:00,0,Inbound,Discovery,No Show,1,,,0,False
3319,1261,9,2021-11-13T16:45:00,21,Outbound,Check-In,Completed,3,0.69,159,9,False
3320,95,12,2024-12-05T12:30:00,15,Outbound,Demo,Completed,5,0.56,39,12,False
3321,1056,7,2024-09-29T13:15:00,34,Inbound,Follow-Up,Completed,7,0.8,223,8,False
3322,3670,4,2024-02-09T13:30:00,2,Outbound,Discovery,Voicemail,1,,,0,False
3323,979,14,2023-12-22T13:00:00,40,Inbound,Follow-Up,Rescheduled,1,,,0,False
3324,4998,3,2024-12-21T10:00:00,0,Outbound,Check-In,No Show,1,,,0,False
3325,4381,15,2024-10-26T11:30:00,51,Inbound,Discovery,Completed,6,0.4,198,4,False
3326,1201,10,2023-12-05T12:30:00,0,Outbound,Demo,No Show,1,,,0,False
3327,1642,6,2024-12-03T10:00:00,19,Outbound,Check-In,Completed,6,0.42,83,15,True
3328,3267,2,2024-02-25T14:15:00,22,Outbound,QBR,Completed,3,1.42,116,10,False
3329,1860,3,2024-01-04T09:45:00,25,Outbound,Discovery,Completed,3,0.53,47,7,True
3330,4024,5,2024-12-08T17:45:00,39,Outbound,Demo,Completed,6,0.62,61,7,False
3331,3189,5,2024-12-04T10:45:00,40,Outbound,Demo,Completed,3,0.55,42,8,False
3332,2848,5,2023-08-20T13:00:00,45,Outbound,QBR,Completed,8,0.61,182,6,False
3333,3292,11,2024-10-27T14:30:00,42,Outbound,Discovery,Completed,4,0.69,115,13,False
3334,2102,8,2024-10-17T12:15:00,0,Outbound,QBR,No Show,1,,,0,False
3335,1139,2,2023-07-05T14:30:00,31,Outbound,Follow-Up,Completed,2,0.35,103,9,True
3336,2286,15,2024-09-21T14:15:00,52,Outbound,QBR,Completed,5,0.51,123,12,False
3337,139,7,2024-07-29T11:30:00,30,Outbound,QBR,Completed,2,0.52,89,9,True
3338,910,11,2022-08-18T13:30:00,48,Outbound,Discovery,Completed,3,0.57,185,4,False
3339,4735,12,2024-06-04T15:15:00,39,Inbound,Demo,Completed,6,0.52,136,17,True
3340,2191,6,2024-08-27T10:30:00,1,Inbound,QBR,Voicemail,1,,,0,False
3341,3720,3,2022-05-16T13:00:00,17,Outbound,Follow-Up,Completed,6,1.3,235,4,True
3342,3038,8,2022-07-04T16:15:00,60,Outbound,Demo,Completed,6,0.47,238,18,False
3343,2658,14,2024-11-20T15:00:00,16,Outbound,Discovery,Completed,6,0.74,129,7,False
3344,54,6,2024-05-15T10:00:00,60,Inbound,Check-In,Completed,2,0.54,95,2,False
3345,1969,8,2024-11-27T11:00:00,16,Inbound,Demo,Completed,2,0.61,57,12,True
3346,224,1,2024-07-24T13:00:00,31,Outbound,Check-In,Completed,6,0.59,85,20,True
3347,4626,3,2024-01-04T16:00:00,29,Outbound,Negotiation,Completed,5,0.57,212,10,True
3348,2203,8,2023-10-20T09:15:00,29,Inbound,Follow-Up,Completed,4,0.57,126,9,True
3349,4877,8,2023-05-28T14:15:00,0,Outbound,Follow-Up,No Show,1,,,0,False
3350,2765,16,2024-12-21T12:00:00,34,Inbound,Demo,Rescheduled,1,,,0,False
3351,4689,15,2024-07-25T14:30:00,60,Outbound,QBR,Completed,8,0.73,180,4,False
3352,2804,15,2024-11-14T13:15:00,32,Outbound,QBR,Completed,3,0.55,31,8,True
3353,210,15,2024-12-31T15:45:00,1,Outbound,Discovery,Voicemail,1,,,0,False
3354,4172,16,2024-12-21T13:45:00,18,Outbound,Check-In,Completed,7,0.54,45,3,True
3355,2810,13,2024-12-14T10:45:00,44,Inbound,Follow-Up,Completed,5,0.51,83,13,False
3356,1890,16,2024-12-25T17:30:00,53,Outbound,Follow-Up,Rescheduled,1,,,0,False
3357,2515,4,2024-09-10T08:30:00,51,Outbound,Follow-Up,Completed,6,0.39,206,14,True
3358,4545,2,2023-05-15T14:00:00,52,Outbound,Demo,Completed,4,0.64,165,16,True
3359,2389,7,2021-11-13T14:00:00,47,Outbound,QBR,Completed,3,0.48,199,14,True
3360,634,10,2024-09-04T09:00:00,15,Outbound,Technical Deep Dive,Completed,6,0.65,208,10,False
3361,1960,8,2023-05-22T12:30:00,52,Inbound,Check-In,Completed,8,0.74,237,9,True
3362,508,11,2022-05-15T11:15:00,3,Inbound,Demo,Voicemail,1,,,0,False
3363,1463,13,2024-12-30T13:00:00,-18,Inbound,Demo,Completed,2,0.44,42,2,False
3364,2955,2,2024-12-08T09:15:00,16,Inbound,Check-In,Rescheduled,1,,,0,False
3365,4091,8,2024-12-12T09:00:00,44,Inbound,Discovery,Completed,2,0.44,53,13,True
3366,1688,15,2024-11-25T14:45:00,42,Inbound,Negotiation,Completed,7,0.64,159,7,False
3367,282,11,2024-01-22T12:30:00,15,Outbound,Discovery,Completed,6,0.86,285,1,True
3368,727,7,2022-12-02T15:45:00,15,Outbound,Technical Deep Dive,Completed,6,0.38,171,16,True
3369,1598,14,2022-07-20T13:00:00,28,Outbound,Check-In,Completed,7,0.56,45,11,False
3370,811,13,2024-05-04T12:15:00,37,Inbound,Negotiation,Completed,5,0.66,58,9,False
3371,3764,11,2024-12-01T10:00:00,41,Outbound,QBR,Completed,5,0.72,146,12,True
3372,2381,3,2020-12-15T16:30:00,15,Outbound,Check-In,Completed,7,0.31,32,16,True
3373,806,16,2024-12-27T08:15:00,0,Outbound,Check-In,No Show,1,,,0,False
3374,1894,15,2030-06-15T10:00:00,35,Outbound,Discovery,Completed,8,0.54,41,8,False
3375,2863,13,2023-07-27T12:30:00,0,Outbound,QBR,No Show,1,,,0,False
3376,1920,10,2024-12-18T14:45:00,42,Outbound,Discovery,Completed,2,1.01,74,2,False
3377,743,4,2023-04-10T11:15:00,24,Outbound,Negotiation,Completed,7,0.54,130,6,False
3378,58,15,2024-11-21T11:45:00,34,Outbound,Check-In,Completed,3,0.72,51,5,False
3379,4921,2,2024-12-23T15:15:00,59,Outbound,Demo,Completed,7,0.41,102,14,True
3380,4751,13,2024-10-15T10:30:00,36,Outbound,Follow-Up,Completed,5,0.54,240,11,False
3381,1524,12,2024-02-10T15:15:00,0,Inbound,Discovery,No Show,1,,,0,False
3382,1169,15,2024-12-28T10:15:00,,Outbound,Discovery,Completed,6,0.72,54,12,False
3383,584,14,2023-06-30T14:30:00,0,Inbound,Demo,No Show,1,,,0,False
3384,3000,15,2022-06-09T13:15:00,22,Inbound,Discovery,Completed,7,0.65,226,11,False
3385,449,8,2024-06-16T15:30:00,40,Inbound,Check-In,Completed,5,0.59,103,17,False
3386,1097,14,2021-08-04T11:00:00,26,Inbound,Check-In,Completed,4,0.65,180,7,False
3387,3872,12,2023-03-22T15:15:00,45,Outbound,Discovery,Completed,3,0.59,101,9,True
3388,3096,4,2024-09-30T14:15:00,30,Inbound,Technical Deep Dive,Completed,5,0.52,155,11,False
3389,2778,11,2024-12-29T15:45:00,30,Outbound,QBR,Completed,2,0.85,75,6,True
3390,4213,12,2024-07-29T12:45:00,57,Outbound,Discovery,Completed,7,0.53,233,12,True
3391,804,4,2030-06-15T10:00:00,19,Outbound,QBR,Completed,5,0.6,117,14,False
3392,2197,1,2023-11-15T12:30:00,27,Outbound,Negotiation,Completed,2,0.41,89,14,True
3393,3607,11,2021-05-12T12:30:00,16,Outbound,QBR,Completed,7,0.49,80,7,True
3394,3243,12,2021-05-14T15:45:00,17,Outbound,Check-In,Completed,6,0.61,209,8,False
3395,3747,7,2020-07-14T11:15:00,21,Outbound,Demo,Completed,7,0.45,85,15,False
3396,4001,16,2024-10-18T15:30:00,39,Outbound,QBR,Completed,3,0.43,113,8,False
3397,1206,1,2020-11-06T15:45:00,15,Outbound,Follow-Up,Completed,7,0.44,78,20,True
3398,3205,13,2024-12-21T12:15:00,1,Outbound,Technical Deep Dive,Voicemail,1,,,0,False
3399,1346,7,2024-12-18T13:15:00,32,Outbound,Discovery,Completed,3,0.7,80,15,True
3400,422,7,2024-10-03T12:00:00,36,Inbound,QBR,Completed,7,0.43,98,18,True
3401,4785,12,2023-05-27T13:30:00,59,Outbound,Technical Deep Dive,Completed,6,0.47,129,16,False
3402,161,12,2024-09-24T14:15:00,37,Outbound,QBR,Completed,6,0.87,287,1,False
3403,4639,9,2023-08-15T14:15:00,-2,Outbound,Technical Deep Dive,Voicemail,1,,,0,False
3404,769,11,2023-07-01T13:00:00,34,Inbound,Demo,Completed,5,0.68,65,8,False
3405,3360,10,2024-11-16T13:30:00,22,Outbound,Follow-Up,Completed,6,0.53,156,4,False
3406,3668,6,2024-12-31T15:30:00,0,Outbound,Discovery,No Show,1,,,0,False
3407,3572,14,2023-01-28T11:45:00,0,Outbound,Discovery,No Show,1,,,0,False
3408,583,8,2024-04-18T11:45:00,24,Inbound,Technical Deep Dive,Completed,6,0.39,51,9,False
3409,2188,16,2024-12-22T15:15:00,30,Inbound,Check-In,Completed,3,0.52,49,3,True
3410,429,8,2024-06-27T10:00:00,,Outbound,Negotiation,Completed,5,0.58,154,12,False
3411,385,8,2024-05-08T08:45:00,53,Inbound,Technical Deep Dive,Completed,4,0.57,210,15,True
3412,72,7,2024-06-25T11:45:00,45,Inbound,Check-In,Completed,5,0.54,108,15,False
3413,2770,4,2022-06-29T11:30:00,52,Inbound,Check-In,Completed,7,0.36,228,20,True
3414,3331,8,2024-07-22T17:00:00,15,Outbound,QBR,Completed,4,0.55,90,3,True
3415,4701,1,2024-12-11T10:45:00,0,Outbound,QBR,No Show,1,,,0,False
3416,3473,12,2024-12-08T10:30:00,37,Outbound,Demo,Completed,6,0.87,173,5,False
3417,550,4,2024-05-07T16:00:00,25,Outbound,Negotiation,Completed,8,0.53,49,15,False
3418,506,11,2024-01-06T17:00:00,55,Outbound,QBR,Completed,4,0.5,177,7,True
3419,538,6,2024-12-16T14:15:00,46,Outbound,Discovery,Completed,3,0.61,292,15,False
3420,2089,14,2021-06-27T09:45:00,24,Outbound,Follow-Up,Rescheduled,1,,,0,False
3421,2726,1,2024-10-07T13:30:00,46,Outbound,Demo,Completed,8,0.42,153,22,True
3422,2570,11,2024-06-23T15:45:00,19,Inbound,Negotiation,Rescheduled,1,,,0,False
3423,3820,8,2024-02-17T11:15:00,15,Inbound,Technical Deep Dive,Completed,6,0.44,45,12,True
3424,641,7,2022-03-18T09:30:00,23,Outbound,QBR,Completed,2,0.83,293,14,True
3425,3966,10,2024-05-15T10:30:00,29,Inbound,Demo,Completed,8,0.66,145,16,True
3426,3828,5,2024-02-17T14:30:00,23,Outbound,Negotiation,Completed,8,0.46,69,12,False
3427,2979,16,2024-12-18T11:30:00,34,Inbound,Demo,Completed,4,0.82,233,1,False
3428,1690,15,2024-10-25T10:30:00,53,Outbound,Discovery,Rescheduled,1,,,0,False
3429,2547,12,2024-08-26T09:15:00,44,Outbound,Technical Deep Dive,Completed,6,0.6,191,5,True
3430,229,13,2022-11-05T13:00:00,58,Outbound,Discovery,Rescheduled,1,,,0,False
3431,1754,3,2030-06-15T10:00:00,52,Outbound,Follow-Up,Completed,8,0.49,93,4,False
3432,2787,1,2023-09-20T10:15:00,35,Outbound,Check-In,Completed,5,0.31,80,6,True
3433,1747,4,2024-12-25T12:45:00,2,Outbound,QBR,Voicemail,1,,,0,False
3434,3173,2,2023-04-27T15:45:00,56,Inbound,Discovery,Completed,5,0.6,115,24,True
3435,4028,12,2030-06-15T10:00:00,50,Inbound,Demo,Completed,2,1.06,116,9,True
3436,1790,16,2024-10-15T10:00:00,0,Outbound,Follow-Up,No Show,1,,,0,False
3437,1125,2,2024-04-08T13:00:00,56,Outbound,Follow-Up,Completed,5,0.56,171,18,True
3438,4985,10,2022-08-19T17:15:00,3,Inbound,Check-In,Voicemail,1,,,0,False
3439,4268,11,2021-04-18T17:15:00,56,Outbound,Check-In,Completed,4,0.46,150,11,False
3440,1206,1,2020-11-15T14:45:00,46,Outbound,Follow-Up,Completed,4,0.34,143,7,True
3441,1954,12,2024-09-20T17:15:00,16,Inbound,Follow-Up,Completed,3,0.43,210,10,True
3442,3052,14,2024-04-08T11:45:00,56,Outbound,Negotiation,Completed,2,0.69,209,5,False
3443,3480,12,2024-12-14T15:15:00,26,Outbound,QBR,Completed,7,0.62,140,10,True
3444,659,6,2023-09-26T09:15:00,,Outbound,Technical Deep Dive,Completed,6,0.45,113,16,True
3445,1249,10,2022-12-22T09:00:00,55,Outbound,Discovery,Completed,6,0.38,47,8,True
3446,1036,11,2024-12-04T12:15:00,57,Inbound,Follow-Up,Completed,2,0.5,163,13,True
3447,2339,6,2022-01-26T16:15:00,36,Outbound,QBR,Completed,2,0.64,85,9,True
3448,512,11,2024-10-17T10:30:00,36,Outbound,Demo,Completed,8,0.77,268,8,False
3449,1278,2,2024-12-17T13:30:00,-56,Inbound,Check-In,Completed,4,0.43,221,21,False
3450,4082,10,2024-11-06T14:45:00,44,Outbound,Technical Deep Dive,Completed,7,0.47,197,4,True
3451,3495,10,2023-06-16T16:00:00,48,Outbound,Technical Deep Dive,Completed,4,0.55,177,18,True
3452,1258,7,2023-07-02T12:30:00,25,Inbound,Technical Deep Dive,Completed,7,0.8,227,10,False
3453,2779,2,2023-01-01T14:30:00,27,Outbound,Discovery,Completed,3,0.49,155,18,True
3454,3596,5,2024-02-03T10:30:00,0,Outbound,Demo,No Show,1,,,0,False
3455,4757,9,2021-12-24T12:00:00,53,Outbound,Discovery,Completed,4,0.39,100,22,True
3456,1607,4,2024-12-09T14:45:00,49,Outbound,QBR,Rescheduled,1,,,0,False
3457,1401,13,2024-09-15T15:00:00,15,Outbound,Check-In,Rescheduled,1,,,0,False
3458,1198,10,2023-02-08T10:45:00,42,Outbound,Check-In,Completed,7,0.66,96,7,True
3459,2370,5,2024-12-09T11:30:00,0,Outbound,Check-In,No Show,1,,,0,False
3460,2999,14,2024-12-26T12:45:00,50,Outbound,Follow-Up,Completed,2,0.62,113,11,False
3461,3533,4,2022-08-13T12:30:00,,Outbound,QBR,Completed,2,0.62,118,5,False
3462,2744,7,2024-02-04T14:30:00,23,Outbound,Technical Deep Dive,Completed,8,0.54,95,19,False
3463,1359,15,2024-12-25T10:30:00,15,Inbound,Negotiation,Completed,6,0.57,190,5,False
3464,4985,10,2022-07-27T14:45:00,20,Outbound,Follow-Up,Rescheduled,1,,,0,False
3465,392,2,2024-05-25T09:00:00,53,Outbound,Follow-Up,Completed,4,0.45,55,10,False
3466,2791,6,2023-08-30T14:00:00,0,Inbound,Discovery,No Show,1,,,0,False
3467,2557,14,2021-11-13T16:00:00,48,Outbound,QBR,Completed,3,0.74,181,8,False
3468,2798,15,2024-12-15T16:15:00,52,Outbound,Follow-Up,Completed,5,0.54,202,12,True
3469,1582,2,2024-12-01T13:15:00,0,Outbound,Discovery,No Show,1,,,0,False
3470,2587,1,2021-11-29T13:00:00,18,Inbound,Follow-Up,Completed,6,0.51,117,20,True
3471,1431,13,2024-02-15T14:15:00,42,Outbound,Negotiation,Completed,2,0.72,204,7,False
3472,4114,3,2024-11-08T12:45:00,35,Inbound,Demo,Completed,5,0.73,178,12,False
3473,2132,4,2024-12-28T15:45:00,50,Inbound,Discovery,Completed,4,0.83,247,6,False
3474,1674,7,2023-01-10T10:15:00,54,Outbound,QBR,Completed,5,0.54,150,11,True
3475,1550,15,2022-10-04T09:00:00,,Inbound,Technical Deep Dive,Completed,4,0.46,122,4,True
3476,1197,8,2022-08-18T11:45:00,29,Outbound,Discovery,Completed,3,0.61,115,9,True
3477,4782,15,2023-06-04T15:45:00,32,Outbound,Check-In,Completed,6,1.13,56,3,False
3478,4579,8,2023-11-24T11:15:00,53,Outbound,Demo,Completed,7,0.65,74,11,True
3479,2355,1,2023-08-30T15:45:00,33,Outbound,Discovery,Completed,2,0.34,124,19,False
3480,3975,16,2024-12-14T10:45:00,40,Outbound,Check-In,Completed,5,0.7,76,5,True
3481,1988,13,2023-07-24T15:15:00,0,Inbound,QBR,No Show,1,,,0,False
3482,2622,15,2024-09-02T14:15:00,41,Outbound,Negotiation,Completed,4,0.63,131,6,False
3483,1910,3,2023-03-01T11:45:00,2,Inbound,Negotiation,Voicemail,1,,,0,False
3484,4820,14,2021-05-19T14:15:00,42,Outbound,Check-In,Completed,5,0.91,169,1,False
3485,763,12,2024-12-18T13:30:00,38,Inbound,Demo,Completed,2,0.61,270,12,True
3486,4043,16,2024-04-25T13:45:00,0,Inbound,Discovery,No Show,1,,,0,False
3487,1362,7,2024-10-21T12:30:00,2,Outbound,Discovery,Voicemail,1,,,0,False
3488,3392,7,2024-04-01T15:45:00,17,Inbound,Check-In,Completed,8,0.65,292,4,False
3489,582,14,2024-05-29T10:15:00,37,Inbound,Check-In,Completed,3,0.53,130,9,True
3490,484,6,2024-12-13T11:15:00,52,Inbound,Follow-Up,Completed,6,1.04,240,8,True
3491,840,16,2024-12-21T14:15:00,53,Inbound,Discovery,Completed,2,0.46,186,11,False
3492,3317,1,2024-09-11T16:30:00,49,Outbound,Negotiation,Completed,4,0.65,62,6,False
3493,4535,15,2024-09-26T13:15:00,39,Inbound,Check-In,Completed,6,0.73,98,8,True
3494,4847,3,2023-01-05T16:45:00,55,Inbound,QBR,Completed,6,0.38,62,10,True
3495,1156,16,2024-02-06T13:30:00,40,Outbound,Demo,Completed,2,0.72,129,6,True
3496,1853,2,2030-06-15T10:00:00,55,Outbound,Demo,Completed,6,0.31,196,4,True
3497,4433,13,2024-10-22T15:45:00,29,Inbound,Technical Deep Dive,Completed,6,0.57,202,14,True
3498,36,12,2024-02-20T15:00:00,47,Inbound,Technical Deep Dive,Completed,5,0.56,224,7,False
3499,3616,13,2024-05-15T09:15:00,25,Inbound,Technical Deep Dive,Completed,5,0.55,69,8,False
3500,3671,7,2024-04-23T12:15:00,24,Outbound,Check-In,Completed,7,0.68,251,12,False
3501,1641,7,2022-07-22T11:15:00,16,Outbound,Technical Deep Dive,Completed,3,1.27,227,4,True
3502,2424,10,2021-02-22T11:15:00,60,Inbound,Technical Deep Dive,Completed,4,0.85,80,1,False
3503,4778,15,2024-12-20T11:30:00,50,Outbound,Demo,Completed,3,0.53,32,8,True
3504,2282,3,2021-06-20T11:45:00,37,Outbound,Demo,Completed,4,0.36,90,24,True
3505,4886,4,2024-12-06T12:45:00,0,Outbound,Follow-Up,No Show,1,,,0,False
3506,913,1,2024-03-25T15:00:00,0,Outbound,Follow-Up,No Show,1,,,0,False
3507,1352,2,2024-08-05T14:00:00,39,Outbound,Technical Deep Dive,Completed,7,0.44,182,8,True
3508,4598,4,2022-08-08T13:45:00,0,Outbound,Follow-Up,No Show,1,,,0,False
3509,2036,16,2024-12-30T14:00:00,29,Outbound,Check-In,Completed,2,0.61,220,15,False
3510,4027,13,2024-03-27T10:15:00,20,Outbound,Technical Deep Dive,Completed,5,0.6,57,6,False
3511,4917,3,2024-12-01T13:45:00,1,Outbound,QBR,Voicemail,1,,,0,False
3512,4835,14,2030-06-15T10:00:00,,Outbound,Negotiation,Completed,8,0.58,148,3,False
3513,237,13,2024-02-05T12:45:00,47,Outbound,Demo,Completed,2,0.78,269,7,False
3514,3766,11,2024-12-11T14:00:00,51,Outbound,Check-In,Completed,2,0.81,247,11,False
3515,4686,12,2022-04-09T10:00:00,21,Outbound,Discovery,Completed,7,0.66,221,4,False
3516,2432,10,2024-11-22T15:45:00,58,Outbound,Technical Deep Dive,Rescheduled,1,,,0,False
3517,3051,7,2024-09-04T15:45:00,26,Outbound,Check-In,Completed,3,0.79,84,14,True
3518,3888,15,2024-12-08T15:45:00,56,Inbound,Demo,Completed,5,0.47,59,11,True
3519,2580,6,2024-12-12T14:45:00,46,Outbound,Discovery,Rescheduled,1,,,0,False
3520,4353,10,2024-10-01T13:15:00,0,Inbound,Technical Deep Dive,No Show,1,,,0,False
3521,1845,15,2022-06-23T10:00:00,2,Inbound,Follow-Up,Voicemail,1,,,0,False
3522,762,12,2023-07-04T09:15:00,16,Outbound,Follow-Up,Completed,4,0.57,116,16,True
3523,722,13,2024-09-24T14:00:00,21,Outbound,QBR,Completed,8,0.59,78,3,True
3524,261,9,2021-09-04T13:15:00,35,Inbound,Demo,Rescheduled,1,,,0,False
3525,4629,14,2024-10-02T11:45:00,0,Outbound,Check-In,No Show,1,,,0,False
3526,787,10,2024-03-27T10:30:00,25,Outbound,QBR,Completed,7,1.12,55,2,False
3527,458,4,2024-08-05T08:30:00,36,Outbound,Technical Deep Dive,Completed,8,0.45,79,14,False
3528,4869,16,2024-04-11T14:30:00,58,Inbound,Negotiation,Completed,2,0.58,30,4,False
3529,800,9,2024-12-22T09:00:00,0,Outbound,Follow-Up,No Show,1,,,0,False
3530,4936,10,2021-05-23T11:00:00,24,Outbound,Discovery,Completed,5,0.6,163,6,False
3531,3922,15,2024-11-08T10:30:00,2,Inbound,Discovery,Voicemail,1,,,0,False
3532,66,13,2024-03-11T14:00:00,40,Inbound,Negotiation,Completed,3,0.77,115,14,True
3533,3489,10,2021-05-02T10:45:00,35,Outbound,Check-In,Completed,2,0.58,255,7,False
3534,4825,13,2023-10-23T13:45:00,3,Outbound,Negotiation,Voicemail,1,,,0,False
3535,275,4,2023-09-05T08:30:00,32,Inbound,Discovery,Completed,7,0.65,137,11,False
3536,3254,8,2024-08-18T09:30:00,26,Outbound,Technical Deep Dive,Completed,2,0.48,181,5,False
3537,3040,2,2024-12-24T09:15:00,50,Outbound,Negotiation,Completed,6,0.43,69,28,True
3538,2812,7,2024-04-01T14:30:00,56,Outbound,Check-In,Completed,6,0.69,154,18,False
3539,1208,6,2022-12-30T14:45:00,18,Inbound,Negotiation,Completed,7,0.67,186,13,False
3540,1027,16,2024-12-29T12:45:00,47,Inbound,QBR,Completed,8,0.68,226,13,True
3541,2434,6,2023-07-21T12:00:00,26,Outbound,QBR,Completed,6,0.45,171,14,True
3542,4588,1,2024-12-11T09:15:00,38,Outbound,Negotiation,Completed,7,0.45,61,22,False
3543,4027,13,2024-01-15T14:15:00,34,Outbound,QBR,Completed,7,0.7,247,2,True
3544,2271,10,2024-07-17T11:45:00,28,Outbound,Check-In,Completed,5,0.58,169,14,True
3545,1762,7,2023-07-14T09:15:00,51,Outbound,Demo,Completed,8,0.54,156,20,True
3546,1881,11,2024-11-22T10:00:00,40,Outbound,Negotiation,Completed,7,0.71,189,8,False
3547,4246,12,2024-03-13T10:45:00,23,Outbound,Follow-Up,Rescheduled,1,,,0,False
3548,4038,2,2024-12-15T11:15:00,2,Inbound,Technical Deep Dive,Voicemail,1,,,0,False
3549,54,6,2024-06-17T09:00:00,21,Inbound,Negotiation,Completed,8,0.69,85,3,False
3550,242,10,2024-02-13T14:00:00,57,Outbound,Negotiation,Completed,5,0.72,196,6,True
3551,88,10,2024-08-21T14:30:00,60,Inbound,QBR,Completed,5,0.49,170,4,True
3552,649,10,2023-07-06T13:30:00,44,Outbound,Discovery,Completed,8,0.69,39,9,False
3553,3605,2,2024-10-29T12:00:00,54,Inbound,Follow-Up,Rescheduled,1,,,0,False
3554,3555,11,2024-07-14T13:15:00,47,Outbound,Discovery,Completed,7,0.64,130,4,False
3555,2032,1,2023-10-25T17:15:00,0,Inbound,Negotiation,No Show,1,,,0,False
3556,1225,6,2024-01-23T13:30:00,0,Outbound,Follow-Up,No Show,1,,,0,False
3557,2132,4,2024-12-20T12:45:00,55,Outbound,Check-In,Completed,7,0.63,261,9,False
3558,2988,3,2023-10-01T09:15:00,0,Outbound,Follow-Up,No Show,1,,,0,False
3559,3945,4,2024-10-16T12:30:00,2,Outbound,Negotiation,Voicemail,1,,,0,False
3560,1257,10,2023-06-17T15:30:00,40,Inbound,Negotiation,Completed,5,0.57,60,5,False
3561,2749,5,2024-12-14T08:00:00,53,Inbound,Demo,Completed,5,0.68,134,6,True
3562,81,4,2024-04-05T14:45:00,35,Inbound,Negotiation,Completed,7,0.62,194,10,False
3563,22,3,2024-11-28T13:30:00,60,Outbound,Check-In,Completed,5,0.3,220,4,False
3564,1948,15,2024-06-09T16:15:00,,Outbound,Negotiation,Completed,6,0.84,236,5,False
3565,652,2,2023-02-22T16:00:00,27,Outbound,Demo,Completed,6,0.51,173,16,False
3566,2347,11,2023-09-11T10:00:00,40,Outbound,Follow-Up,Completed,6,0.82,263,3,False
3567,248,10,2024-05-16T10:45:00,37,Outbound,Technical Deep Dive,Completed,5,0.57,164,21,True
3568,4730,10,2024-08-14T12:30:00,34,Inbound,Technical Deep Dive,Completed,2,0.69,116,9,False
3569,2651,16,2024-02-17T16:30:00,36,Inbound,Technical Deep Dive,Completed,8,0.48,163,13,False
3570,3807,10,2024-09-04T12:30:00,23,Inbound,QBR,Completed,8,0.55,121,9,True
3571,4825,13,2023-11-08T16:30:00,51,Outbound,QBR,Completed,6,0.89,62,2,False
3572,2085,3,2023-06-21T13:30:00,53,Outbound,Demo,Rescheduled,1,,,0,False
3573,3156,1,2024-12-25T13:45:00,46,Inbound,Check-In,Rescheduled,1,,,0,False
3574,3441,16,2024-12-25T11:15:00,21,Inbound,QBR,Completed,4,0.68,227,12,False
3575,2054,10,2024-10-31T11:45:00,60,Outbound,Negotiation,Completed,7,0.48,93,15,True
3576,1475,9,2024-07-02T14:45:00,22,Outbound,Technical Deep Dive,Completed,6,0.65,112,16,False
3577,3163,5,2024-12-16T14:45:00,23,Outbound,Follow-Up,Completed,3,0.58,136,15,False
3578,1617,4,2024-12-17T16:15:00,1,Inbound,Negotiation,Voicemail,1,,,0,False
3579,370,7,2023-11-17T17:00:00,33,Inbound,Discovery,Completed,2,0.46,73,10,False
3580,2508,3,2022-07-09T12:45:00,24,Outbound,Demo,Completed,8,0.6,138,24,False
3581,3809,5,2023-09-28T13:15:00,46,Outbound,Check-In,Completed,4,0.6,30,9,True
3582,2124,16,2024-12-04T12:30:00,15,Inbound,QBR,Completed,4,0.65,98,16,True
3583,347,9,2024-05-19T12:30:00,43,Outbound,Follow-Up,Rescheduled,1,,,0,False
3584,4762,14,2024-12-07T16:00:00,17,Inbound,Check-In,Completed,6,0.78,134,9,True
3585,4025,11,2024-12-12T12:30:00,36,Outbound,Technical Deep Dive,Completed,7,0.72,147,13,True
3586,1141,11,2024-12-10T14:30:00,,Inbound,Follow-Up,Completed,5,0.41,113,9,True
3587,892,9,2024-08-17T11:15:00,0,Outbound,QBR,No Show,1,,,0,False
3588,1321,7,2030-06-15T10:00:00,55,Inbound,Check-In,Completed,7,0.43,202,17,False
3589,2847,14,2024-08-23T12:45:00,38,Inbound,Technical Deep Dive,Completed,8,0.67,187,13,False
3590,4668,5,2021-11-04T12:00:00,25,Outbound,Discovery,Completed,2,0.58,249,10,False
3591,232,12,2024-02-23T15:30:00,3,Outbound,Check-In,Voicemail,1,,,0,False
3592,1224,7,2024-10-01T12:00:00,3,Outbound,Check-In,Voicemail,1,,,0,False
3593,36,12,2024-04-12T14:30:00,60,Inbound,Discovery,Completed,2,0.42,43,10,False
3594,4779,1,2024-12-25T11:00:00,32,Outbound,Demo,Completed,5,0.52,75,4,True
3595,3075,7,2024-12-09T15:00:00,0,Inbound,Check-In,No Show,1,,,0,False
3596,4321,10,2024-12-02T15:30:00,22,Inbound,Negotiation,Completed,4,0.61,165,11,False
3597,1015,8,2024-03-10T11:30:00,39,Inbound,Discovery,Completed,8,0.44,139,20,True
3598,2575,7,2023-07-13T15:30:00,24,Inbound,QBR,Rescheduled,1,,,0,False
3599,603,5,2024-12-18T16:00:00,32,Inbound,Check-In,Completed,5,0.64,154,16,False
3600,578,4,2021-03-17T16:15:00,19,Outbound,Follow-Up,Completed,5,0.65,210,5,True
3601,932,7,2023-12-09T14:45:00,-21,Outbound,Demo,Rescheduled,1,,,0,False
3602,525,16,2024-09-28T16:30:00,51,Outbound,Check-In,Completed,4,0.6,101,11,True
3603,4473,15,2024-12-12T10:45:00,29,Inbound,Discovery,Completed,8,1.34,157,12,False
3604,1986,13,2024-12-15T12:30:00,2,Outbound,Check-In,Voicemail,1,,,0,False
3605,1401,13,2024-06-12T10:30:00,43,Outbound,Demo,Completed,2,0.5,227,4,True
3606,3324,2,2024-07-09T13:00:00,59,Outbound,Follow-Up,Completed,4,0.55,299,15,False
3607,1812,3,2024-12-28T16:45:00,22,Inbound,Check-In,Completed,8,0.54,152,8,False
3608,506,11,2023-11-20T11:00:00,50,Outbound,Negotiation,Completed,3,0.43,49,9,True
3609,3630,7,2024-10-16T09:30:00,18,Outbound,Discovery,Completed,4,0.65,216,17,False
3610,4770,12,2024-12-06T13:00:00,24,Inbound,Technical Deep Dive,Completed,5,0.58,163,6,False
3611,1938,10,2022-06-15T15:45:00,52,Inbound,Follow-Up,Completed,8,0.39,181,3,True
3612,2399,12,2022-02-12T11:45:00,45,Outbound,Negotiation,Completed,7,0.72,64,6,True
3613,1624,15,2024-12-10T15:00:00,22,Inbound,QBR,Completed,5,0.56,51,13,True
3614,3460,6,2023-07-20T16:45:00,57,Inbound,Technical Deep Dive,Completed,4,0.64,104,6,True
3615,4073,10,2023-01-28T14:00:00,36,Inbound,Discovery,Completed,2,0.41,185,18,False
3616,392,2,2024-06-26T15:30:00,41,Outbound,Negotiation,Completed,8,0.72,195,18,True
3617,877,15,2024-12-30T08:15:00,41,Outbound,Demo,Completed,2,0.81,78,10,True
3618,3168,9,2024-12-22T13:30:00,18,Inbound,Discovery,Completed,7,0.6,199,9,False
3619,2704,11,2024-10-21T13:15:00,56,Inbound,Demo,Completed,2,1.33,107,6,True
3620,1671,1,2023-05-02T09:00:00,43,Outbound,Follow-Up,Completed,4,0.34,112,7,False
3621,1489,10,2024-02-08T16:15:00,49,Inbound,Follow-Up,Completed,5,0.5,173,14,False
3622,4832,1,2024-12-29T10:45:00,59,Outbound,Follow-Up,Completed,5,0.45,126,21,True
3623,4090,11,2021-11-26T09:00:00,22,Outbound,Discovery,Rescheduled,1,,,0,False
3624,3013,6,2024-12-13T13:30:00,47,Inbound,QBR,Completed,7,0.62,59,15,True
3625,1056,7,2024-07-08T12:45:00,38,Inbound,Technical Deep Dive,Completed,7,0.65,116,10,False
3626,3791,1,2024-11-24T13:30:00,52,Outbound,Check-In,Completed,7,0.46,34,9,True
3627,3760,2,2024-12-22T11:45:00,-32,Outbound,Check-In,Completed,7,0.6,197,24,False
3628,4050,5,2024-12-12T12:15:00,59,Outbound,Negotiation,Completed,8,0.78,65,8,True
3629,2952,14,2022-07-19T16:00:00,26,Outbound,Demo,Completed,6,0.59,156,4,False
3630,3722,4,2024-03-23T11:00:00,33,Outbound,Check-In,Completed,4,0.46,156,17,False
3631,2797,2,2023-09-13T16:15:00,32,Outbound,Technical Deep Dive,Completed,4,0.59,167,14,True
3632,3243,12,2021-06-18T16:45:00,48,Outbound,Demo,Completed,7,0.63,172,16,True
3633,429,8,2024-08-06T12:45:00,47,Inbound,Follow-Up,Completed,3,0.67,225,14,True
3634,1504,13,2021-11-17T11:15:00,,Outbound,Demo,Completed,8,0.49,209,12,False
3635,266,1,2024-03-27T15:00:00,,Outbound,Demo,Completed,6,0.4,208,14,True
3636,2652,13,2023-03-08T14:15:00,22,Inbound,Demo,Completed,7,0.7,47,3,False
3637,3914,5,2024-12-10T13:15:00,27,Inbound,QBR,Rescheduled,1,,,0,False
3638,1754,3,2023-09-20T10:30:00,60,Outbound,Technical Deep Dive,Completed,7,0.57,196,2,False
3639,844,7,2024-12-29T13:30:00,60,Outbound,Negotiation,Completed,6,0.48,153,14,False
3640,4485,2,2024-12-05T16:45:00,31,Outbound,Demo,Completed,7,0.6,37,10,True
3641,4691,4,2024-10-25T13:30:00,15,Inbound,Negotiation,Completed,4,0.47,166,7,False
3642,3612,15,2024-12-08T15:15:00,31,Outbound,Discovery,Completed,3,0.75,34,13,True
3643,1252,13,2022-11-27T13:15:00,27,Outbound,Negotiation,Completed,4,0.69,122,10,True
3644,1801,10,2024-12-25T15:00:00,23,Inbound,Check-In,Completed,8,0.53,273,11,False
3645,3544,14,2024-04-25T12:30:00,42,Inbound,Check-In,Completed,3,0.6,177,13,False
3646,3194,2,2024-06-14T16:30:00,0,Inbound,QBR,No Show,1,,,0,False
3647,109,5,2024-05-19T13:15:00,56,Outbound,Negotiation,Completed,4,0.56,182,13,True
3648,829,7,2030-06-15T10:00:00,18,Outbound,Follow-Up,Completed,7,0.41,103,15,False
3649,2541,6,2023-08-06T14:45:00,48,Inbound,Discovery,Completed,4,0.54,42,19,True
3650,1680,7,2024-02-13T10:30:00,34,Inbound,Check-In,Completed,2,0.4,110,9,False
3651,2625,14,2022-12-05T10:00:00,45,Inbound,Discovery,Completed,2,0.6,236,4,True
3652,2989,12,2021-04-25T14:30:00,28,Outbound,Follow-Up,Rescheduled,1,,,0,False
3653,1060,7,2023-10-29T13:15:00,45,Outbound,Discovery,Completed,5,0.76,129,15,False
3654,3462,6,2022-08-24T12:15:00,51,Outbound,Check-In,Completed,5,0.45,197,18,True
3655,372,12,2023-07-16T13:45:00,25,Inbound,QBR,Completed,4,0.85,129,9,True
3656,942,14,2022-01-13T14:30:00,20,Inbound,Negotiation,Completed,8,0.57,225,7,False
3657,2402,11,2024-11-11T10:30:00,17,Outbound,Discovery,Completed,4,0.73,206,8,False
3658,983,14,2024-11-30T13:30:00,3,Inbound,Check-In,Voicemail,1,,,0,False
3659,1634,3,2023-06-20T14:15:00,38,Outbound,Demo,Completed,7,0.46,219,24,False
3660,4079,7,2023-07-07T17:30:00,29,Outbound,QBR,Completed,8,0.43,33,17,False
3661,2338,5,2024-12-03T09:15:00,28,Outbound,Follow-Up,Completed,8,0.67,61,15,False
3662,2313,6,2022-04-11T10:30:00,39,Outbound,Check-In,Completed,5,0.53,121,16,False
3663,2377,2,2023-09-25T15:00:00,47,Inbound,QBR,Completed,8,0.39,165,19,True
3664,1914,6,2024-12-02T12:30:00,3,Inbound,Check-In,Voicemail,1,,,0,False
3665,3743,2,2022-07-19T11:00:00,55,Inbound,Discovery,Completed,2,0.52,215,12,True
3666,2690,14,2023-02-28T11:30:00,44,Outbound,Check-In,Completed,2,0.55,114,6,False
3667,3101,9,2030-06-15T10:00:00,42,Inbound,Demo,Rescheduled,1,,,0,False
3668,4911,13,2024-12-24T16:30:00,51,Outbound,Negotiation,Completed,4,0.46,132,10,False
3669,4846,1,2024-12-04T12:00:00,43,Inbound,Discovery,Completed,5,0.51,69,16,False
3670,590,13,2023-06-07T16:15:00,51,Inbound,Follow-Up,Completed,7,0.77,206,14,False
3671,4702,14,2023-01-23T08:15:00,54,Outbound,QBR,Completed,5,0.64,41,2,False
3672,3217,10,2023-10-01T14:30:00,45,Inbound,Check-In,Completed,8,0.64,55,4,False
3673,3944,9,2024-05-06T15:15:00,2,Inbound,Negotiation,Voicemail,1,,,0,False
3674,3652,3,2024-10-10T09:15:00,24,Outbound,Demo,Completed,2,0.37,36,13,True
3675,813,1,2024-03-19T10:30:00,39,Outbound,Follow-Up,Completed,4,0.61,34,12,True
3676,3723,10,2024-12-14T13:15:00,24,Outbound,QBR,Completed,4,0.47,128,16,False
3677,3607,11,2021-05-27T13:15:00,38,Outbound,Follow-Up,Completed,4,0.39,70,9,False
3678,2016,15,2024-12-27T11:15:00,0,Outbound,Negotiation,No Show,1,,,0,False
3679,3247,14,2024-04-29T14:15:00,48,Outbound,Demo,Completed,5,0.59,49,11,True
3680,2680,14,2022-08-06T10:45:00,33,Outbound,Follow-Up,Completed,8,0.6,194,11,True
3681,4784,13,2022-08-04T10:30:00,53,Outbound,Follow-Up,Completed,8,0.52,218,6,False
3682,3136,11,2022-05-13T13:15:00,0,Inbound,Demo,No Show,1,,,0,False
3683,2953,14,2023-08-10T08:00:00,2,Outbound,Technical Deep Dive,Voicemail,1,,,0,False
3684,79,4,2024-07-31T15:30:00,34,Outbound,Negotiation,Completed,6,0.53,148,8,True
3685,2001,13,2023-06-06T10:45:00,54,Outbound,Demo,Completed,3,0.73,96,9,False
3686,2090,3,2030-06-15T10:00:00,,Inbound,Discovery,Completed,8,1.18,253,6,False
3687,1151,12,2024-08-18T11:45:00,0,Outbound,Technical Deep Dive,No Show,1,,,0,False
3688,3887,2,2024-03-22T15:15:00,55,Inbound,QBR,Completed,8,0.5,158,3,False
3689,4568,8,2024-11-10T14:30:00,32,Inbound,Check-In,Completed,2,1.42,147,8,True
3690,763,12,2024-12-24T09:00:00,30,Outbound,Follow-Up,Rescheduled,1,,,0,False
3691,2338,5,2024-12-08T09:00:00,0,Outbound,Follow-Up,No Show,1,,,0,False
3692,686,13,2024-02-04T12:30:00,16,Outbound,Check-In,Rescheduled,1,,,0,False
3693,380,6,2023-02-18T13:15:00,50,Outbound,Check-In,Completed,7,0.56,83,19,True
3694,3710,4,2024-01-02T14:00:00,2,Inbound,Discovery,Voicemail,1,,,0,False
3695,1618,8,2022-08-22T14:15:00,59,Inbound,Technical Deep Dive,Completed,3,0.69,154,8,False
3696,3473,12,2024-12-02T08:45:00,32,Outbound,Demo,Completed,5,0.61,107,11,False
3697,4074,11,2023-06-24T15:45:00,33,Outbound,Demo,Completed,4,0.67,237,14,False
3698,2130,8,2023-08-10T10:00:00,24,Outbound,Technical Deep Dive,Completed,7,0.68,170,10,True
3699,1303,4,2023-04-06T10:45:00,23,Inbound,Demo,Completed,3,0.54,65,6,False
3700,2520,10,2024-06-14T12:15:00,20,Outbound,Demo,Completed,2,0.85,122,9,False
3701,2916,16,2022-06-12T14:45:00,42,Outbound,Check-In,Completed,7,0.63,40,7,False
3702,284,8,2023-05-29T11:00:00,43,Outbound,Discovery,Completed,6,0.55,174,15,False
3703,1217,12,2024-06-03T11:00:00,41,Outbound,Demo,Completed,6,0.51,78,12,True
3704,2620,3,2030-06-15T10:00:00,,Inbound,Negotiation,Completed,3,0.31,129,22,True
3705,4870,12,2022-03-16T16:45:00,15,Outbound,QBR,Completed,4,0.6,211,4,False
3706,1986,13,2024-12-08T13:00:00,25,Outbound,Check-In,Completed,2,0.76,296,2,False
3707,2156,6,2022-06-27T14:00:00,53,Outbound,Check-In,Completed,5,0.61,130,9,False
3708,983,14,2024-12-11T13:15:00,27,Outbound,Negotiation,Completed,6,0.59,185,12,False
3709,203,11,2024-12-28T12:30:00,36,Outbound,QBR,Completed,5,0.8,260,3,True
3710,188,13,2024-12-02T12:45:00,0,Outbound,Demo,No Show,1,,,0,False
3711,3368,4,2023-07-23T12:15:00,38,Outbound,Demo,Completed,5,0.55,216,7,True
3712,2215,15,2024-12-06T11:30:00,24,Outbound,Negotiation,Rescheduled,1,,,0,False
3713,269,7,2024-12-20T15:30:00,47,Outbound,Technical Deep Dive,Completed,3,0.57,37,12,True
3714,4155,8,2024-07-05T11:00:00,3,Outbound,QBR,Voicemail,1,,,0,False
3715,3639,7,2022-10-17T11:45:00,52,Outbound,QBR,Completed,6,0.65,235,10,False
3716,228,6,2024-12-27T12:30:00,54,Outbound,Check-In,Completed,5,0.6,133,7,True
3717,2823,11,2024-12-17T14:00:00,2,Outbound,Negotiation,Voicemail,1,,,0,False
3718,2615,6,2023-09-04T16:15:00,56,Outbound,Follow-Up,Completed,7,0.81,163,15,True
3719,910,11,2022-10-13T16:45:00,15,Outbound,Demo,Completed,3,0.57,95,16,True
3720,326,4,2023-03-10T11:15:00,24,Outbound,Follow-Up,Completed,3,0.44,99,14,False
3721,2096,5,2023-04-19T10:00:00,60,Outbound,Follow-Up,Completed,3,0.7,181,14,True
3722,4768,11,2024-12-17T12:15:00,25,Outbound,Technical Deep Dive,Completed,5,0.42,215,18,False
3723,97,16,2024-12-12T11:45:00,30,Outbound,Demo,Completed,4,0.69,77,2,False
3724,3478,16,2024-12-16T16:45:00,0,Outbound,Check-In,No Show,1,,,0,False
3725,1002,1,2024-05-23T12:00:00,50,Outbound,Discovery,Completed,4,0.46,35,24,True
3726,2184,6,2024-02-12T14:45:00,,Outbound,Demo,Completed,4,0.5,146,6,True
3727,2070,1,2024-01-01T13:00:00,42,Outbound,Negotiation,Completed,4,0.31,137,18,False
3728,3350,14,2023-02-11T09:00:00,42,Outbound,Negotiation,Completed,5,0.63,180,10,False
3729,1266,14,2023-01-07T15:30:00,32,Inbound,QBR,Completed,7,0.87,84,2,True
3730,763,12,2024-12-12T13:15:00,30,Outbound,Technical Deep Dive,Completed,7,0.78,33,13,False
3731,825,3,2024-10-24T14:30:00,59,Outbound,Technical Deep Dive,Completed,8,0.58,128,2,True
3732,2990,4,2022-09-26T10:30:00,22,Outbound,Discovery,Completed,3,0.67,164,4,True
3733,2686,9,2030-06-15T10:00:00,16,Outbound,Negotiation,Completed,7,0.73,193,8,False
3734,3564,1,2022-09-30T16:45:00,36,Outbound,Check-In,Completed,4,0.48,63,21,False
3735,95,12,2024-12-19T09:45:00,15,Outbound,Demo,Completed,3,0.87,159,9,False
3736,3844,14,2023-09-04T14:45:00,51,Outbound,QBR,Completed,6,0.62,44,9,True
3737,972,5,2022-08-09T08:45:00,0,Inbound,Negotiation,No Show,1,,,0,False
3738,2446,13,2030-06-15T10:00:00,18,Outbound,Follow-Up,Rescheduled,1,,,0,False
3739,3065,2,2023-12-10T15:00:00,28,Outbound,Follow-Up,Completed,4,0.55,165,8,True
3740,3097,6,2022-10-17T13:45:00,0,Outbound,Technical Deep Dive,No Show,1,,,0,False
3741,4554,8,2023-12-09T11:00:00,15,Outbound,Negotiation,Completed,4,0.57,109,3,False
3742,3555,11,2024-03-31T10:15:00,30,Outbound,Follow-Up,Completed,7,0.73,226,4,True
3743,4821,7,2024-12-20T08:45:00,19,Outbound,Follow-Up,Completed,6,0.65,189,20,True
3744,3285,12,2021-10-12T15:15:00,50,Inbound,QBR,Completed,8,0.72,88,12,False
3745,107,1,2023-12-27T13:15:00,60,Outbound,Demo,Completed,7,0.67,128,18,False
3746,1360,7,2024-10-30T10:30:00,18,Outbound,Demo,Completed,6,0.42,226,11,False
3747,1519,7,2024-04-21T16:00:00,3,Inbound,Follow-Up,Voicemail,1,,,0,False
3748,2637,1,2024-06-04T09:45:00,0,Outbound,QBR,No Show,1,,,0,False
3749,167,14,2024-12-03T09:45:00,18,Outbound,Technical Deep Dive,Rescheduled,1,,,0,False
3750,1937,8,2024-12-20T15:00:00,22,Inbound,QBR,Completed,4,0.6,199,14,False
3751,1014,15,2024-12-14T14:30:00,56,Outbound,Technical Deep Dive,Completed,6,0.65,221,3,True
3752,1876,11,2023-03-15T13:45:00,20,Outbound,QBR,Completed,8,0.66,182,13,False
3753,1100,14,2023-04-18T16:30:00,32,Outbound,QBR,Rescheduled,1,,,0,False
3754,3546,2,2023-12-30T11:00:00,25,Outbound,Technical Deep Dive,Completed,3,1.12,216,8,True
3755,92,5,2024-12-24T15:00:00,18,Outbound,Negotiation,Completed,3,0.65,38,12,False
3756,1859,9,2024-05-19T13:45:00,,Outbound,Discovery,Completed,2,0.52,81,9,False
3757,4004,15,2024-10-29T14:45:00,48,Outbound,Follow-Up,Completed,5,1.1,228,12,True
3758,4488,16,2024-07-22T11:45:00,19,Outbound,Discovery,Completed,2,0.62,63,7,True
3759,4312,4,2024-08-02T15:15:00,46,Outbound,Discovery,Completed,3,0.82,212,12,False
3760,2267,11,2024-09-12T15:45:00,0,Inbound,Follow-Up,No Show,1,,,0,False
3761,986,7,2024-12-12T16:00:00,0,Inbound,Follow-Up,No Show,1,,,0,False
3762,3050,7,2022-05-27T17:45:00,32,Inbound,Follow-Up,Completed,2,0.42,67,16,False
3763,3044,6,2023-03-08T11:00:00,0,Outbound,Demo,No Show,1,,,0,False
3764,4983,15,2021-08-06T15:30:00,51,Inbound,Negotiation,Completed,3,0.55,224,12,True
3765,4043,16,2024-06-07T12:45:00,31,Outbound,Negotiation,Completed,4,0.58,99,6,True
3766,2999,14,2024-12-30T08:30:00,43,Outbound,Demo,Completed,2,0.55,106,9,False
3767,1881,11,2024-12-01T15:30:00,16,Outbound,Technical Deep Dive,Completed,7,0.61,129,8,False
3768,2172,10,2024-12-25T13:15:00,45,Outbound,Technical Deep Dive,Completed,7,0.56,284,13,False
3769,1593,12,2024-09-30T10:30:00,27,Inbound,QBR,Completed,7,0.39,187,8,False
3770,2127,12,2024-04-29T12:30:00,37,Outbound,Check-In,Completed,4,0.69,175,4,False
3771,1353,12,2024-02-01T16:30:00,3,Outbound,Discovery,Voicemail,1,,,0,False
3772,3359,7,2024-12-29T17:30:00,42,Outbound,Discovery,Completed,2,0.45,38,16,False
3773,386,11,2024-02-24T11:30:00,30,Outbound,QBR,Rescheduled,1,,,0,False
3774,3309,8,2024-11-03T12:45:00,41,Outbound,Check-In,Completed,7,0.63,185,15,True
3775,1402,11,2024-05-18T11:15:00,44,Outbound,Demo,Rescheduled,1,,,0,False
3776,3207,13,2024-02-28T10:30:00,57,Inbound,QBR,Completed,6,0.59,182,5,False
3777,2994,8,2024-07-15T10:00:00,21,Outbound,Demo,Rescheduled,1,,,0,False
3778,3849,15,2024-12-16T10:45:00,3,Outbound,Discovery,Voicemail,1,,,0,False
3779,3506,5,2024-08-09T11:00:00,18,Inbound,Discovery,Completed,8,0.47,181,13,False
3780,2783,15,2024-05-06T11:15:00,21,Outbound,Technical Deep Dive,Completed,3,0.65,160,16,True
3781,108,6,2024-07-02T15:45:00,22,Inbound,Discovery,Completed,3,0.68,238,19,True
3782,2710,6,2024-11-21T16:30:00,51,Outbound,Discovery,Rescheduled,1,,,0,False
3783,214,7,2024-09-19T13:45:00,26,Inbound,QBR,Completed,8,0.68,71,20,True
3784,2550,14,2024-12-22T13:30:00,20,Outbound,Technical Deep Dive,Completed,7,0.66,109,8,True
3785,2880,6,2024-02-05T12:45:00,40,Inbound,QBR,Completed,5,0.67,98,17,False
3786,1629,5,2024-09-25T15:15:00,16,Inbound,Check-In,Rescheduled,1,,,0,False
3787,4334,7,2023-07-08T15:30:00,44,Outbound,QBR,Completed,4,0.47,150,15,True
3788,3527,6,2030-06-15T10:00:00,59,Inbound,QBR,Completed,7,0.38,120,9,True
3789,447,8,2023-11-21T10:00:00,46,Outbound,QBR,Completed,5,0.34,164,14,True
3790,3487,9,2020-07-29T10:00:00,23,Outbound,QBR,Completed,3,0.87,74,11,True
3791,1602,10,2024-12-05T10:30:00,36,Outbound,Check-In,Completed,8,0.7,240,6,False
3792,2592,8,2024-12-29T10:15:00,31,Inbound,Check-In,Completed,2,0.6,218,4,False
3793,4247,12,2024-07-22T17:45:00,37,Outbound,Technical Deep Dive,Completed,7,0.47,227,16,False
3794,2649,11,2024-01-30T17:00:00,18,Outbound,Demo,Completed,4,0.61,167,12,False
3795,2125,15,2024-10-05T11:15:00,51,Outbound,Negotiation,Completed,2,0.55,59,4,True
3796,312,1,2024-11-08T11:45:00,41,Inbound,Negotiation,Completed,3,0.39,125,12,False
3797,2598,16,2024-04-29T13:15:00,59,Outbound,QBR,Rescheduled,1,,,0,False
3798,2779,2,2023-01-26T13:45:00,48,Inbound,Discovery,Completed,2,0.3,97,9,False
3799,4833,16,2030-06-15T10:00:00,24,Inbound,Check-In,Rescheduled,1,,,0,False
3800,4294,15,2024-06-10T10:45:00,38,Inbound,Follow-Up,Completed,5,0.41,171,7,True
3801,802,2,2023-05-06T11:45:00,50,Outbound,Check-In,Completed,8,0.26,45,25,True
3802,1441,8,2024-12-01T13:30:00,22,Outbound,Follow-Up,Completed,8,0.39,83,10,True
3803,3004,16,2024-10-11T13:30:00,36,Outbound,Demo,Completed,6,0.5,224,3,True
3804,4251,7,2023-01-30T14:30:00,,Outbound,Discovery,Completed,6,0.7,34,11,False
3805,4834,14,2024-03-02T10:30:00,33,Inbound,Follow-Up,Completed,6,0.61,35,7,True
3806,836,7,2023-09-24T15:45:00,58,Inbound,Technical Deep Dive,Completed,7,0.58,152,9,False
3807,2743,4,2022-10-04T16:00:00,28,Outbound,Technical Deep Dive,Completed,4,0.53,80,7,True
3808,3169,5,2023-01-19T15:45:00,55,Outbound,Discovery,Completed,2,0.59,213,10,False
3809,4682,11,2022-12-22T10:00:00,36,Outbound,Negotiation,Completed,6,0.81,45,11,False
3810,3944,9,2024-06-17T16:30:00,25,Outbound,QBR,Rescheduled,1,,,0,False
3811,4843,12,2024-08-26T12:45:00,21,Inbound,Technical Deep Dive,Completed,2,0.72,65,16,False
3812,1186,10,2024-12-20T12:45:00,29,Inbound,Technical Deep Dive,Completed,3,0.82,51,1,False
3813,1911,10,2023-02-05T12:30:00,17,Inbound,Demo,Rescheduled,1,,,0,False
3814,13,1,2023-01-16T14:45:00,54,Outbound,Discovery,Completed,7,0.43,37,15,True
3815,2721,12,2023-03-22T15:30:00,60,Outbound,Demo,Completed,8,0.81,63,1,False
3816,823,2,2024-12-09T12:30:00,29,Inbound,QBR,Completed,2,0.52,89,13,False
3817,3449,5,2024-12-16T13:45:00,56,Outbound,Follow-Up,Completed,3,0.67,52,17,True
3818,4912,11,2022-07-09T11:00:00,29,Outbound,Negotiation,Completed,7,0.52,154,13,True
3819,3178,8,2024-12-11T12:15:00,38,Outbound,Follow-Up,Completed,3,0.6,248,3,False
3820,3104,15,2024-09-13T12:00:00,40,Outbound,Technical Deep Dive,Completed,5,0.45,78,9,True
3821,1795,7,2024-11-05T15:45:00,22,Outbound,Discovery,Completed,8,0.54,222,13,False
3822,4204,2,2024-06-05T09:30:00,1,Outbound,Check-In,Voicemail,1,,,0,False
3823,2359,2,2024-12-28T10:45:00,41,Outbound,QBR,Completed,5,0.56,148,19,True
3824,2216,4,2024-09-06T10:15:00,17,Outbound,Demo,Completed,3,0.52,177,7,True
3825,1937,8,2024-12-10T15:00:00,32,Inbound,Check-In,Completed,8,0.39,82,13,True
3826,1844,2,2024-05-02T16:30:00,16,Inbound,Check-In,Completed,8,0.5,98,18,True
3827,4626,3,2023-11-05T16:45:00,31,Inbound,QBR,Completed,5,0.63,96,8,True
3828,3403,12,2022-02-10T09:30:00,27,Outbound,QBR,Completed,2,0.33,94,18,False
3829,4476,8,2023-10-16T16:30:00,,Outbound,Discovery,Completed,2,1.06,71,14,True
3830,961,7,2024-12-17T14:00:00,37,Outbound,Discovery,Completed,3,0.48,42,12,True
3831,4597,16,2024-05-16T10:45:00,32,Inbound,Demo,Completed,7,0.68,35,14,True
3832,812,13,2023-06-08T11:00:00,20,Outbound,Discovery,Completed,7,0.75,189,9,False
3833,4234,1,2023-08-24T15:30:00,59,Inbound,Check-In,Completed,8,0.45,231,9,False
3834,1117,6,2024-05-29T14:30:00,0,Outbound,Discovery,No Show,1,,,0,False
3835,1356,3,2023-07-17T10:45:00,40,Outbound,Check-In,Completed,2,0.46,75,8,True
3836,2184,6,2022-08-21T09:30:00,26,Outbound,Demo,Completed,5,0.68,193,15,False
3837,4879,15,2024-04-28T16:30:00,30,Outbound,Negotiation,Completed,3,0.66,74,8,False
3838,3232,2,2023-03-02T13:30:00,49,Outbound,Demo,Rescheduled,1,,,0,False
3839,1334,4,2023-10-22T12:15:00,28,Outbound,Demo,Completed,6,0.8,48,14,False
3840,2242,11,2024-07-06T13:30:00,46,Outbound,Technical Deep Dive,Completed,3,0.68,298,1,True
3841,3309,8,2024-12-03T09:45:00,1,Outbound,Demo,Voicemail,1,,,0,False
3842,1774,10,2022-06-02T12:00:00,0,Outbound,Negotiation,No Show,1,,,0,False
3843,885,1,2022-12-20T13:30:00,39,Outbound,Follow-Up,Rescheduled,1,,,0,False
3844,483,3,2024-07-21T15:00:00,32,Outbound,Negotiation,Completed,8,0.72,93,15,False
3845,1719,8,2024-12-19T10:00:00,45,Outbound,QBR,Completed,2,0.45,166,24,True
3846,3741,10,2021-06-25T09:45:00,47,Outbound,Technical Deep Dive,Completed,5,0.71,158,10,True
3847,4503,13,2023-04-01T14:30:00,38,Outbound,Check-In,Rescheduled,1,,,0,False
3848,3700,12,2023-12-26T14:00:00,22,Inbound,QBR,Rescheduled,1,,,0,False
3849,4037,15,2024-10-07T11:00:00,0,Outbound,Follow-Up,No Show,1,,,0,False
3850,1597,5,2024-05-08T13:15:00,20,Outbound,Follow-Up,Completed,2,0.67,130,6,True
3851,4737,16,2024-12-03T14:00:00,49,Outbound,Discovery,Completed,3,0.52,71,9,True
3852,4761,3,2024-12-07T11:30:00,48,Outbound,Check-In,Completed,5,0.34,59,22,True
3853,4098,12,2023-12-29T11:45:00,17,Outbound,Negotiation,Completed,4,0.71,51,14,False
3854,193,5,2022-09-06T17:00:00,16,Outbound,Follow-Up,Completed,8,0.59,52,12,False
3855,303,16,2024-06-16T14:30:00,59,Outbound,Check-In,Completed,5,0.67,33,14,True
3856,4871,14,2022-10-18T10:45:00,53,Inbound,Check-In,Completed,8,0.73,73,4,True
3857,2545,5,2024-12-25T14:45:00,24,Inbound,Negotiation,Rescheduled,1,,,0,False
3858,3080,3,2024-04-18T13:30:00,27,Outbound,Demo,Completed,8,0.33,237,10,True
3859,1668,15,2024-11-13T10:15:00,29,Outbound,Check-In,Completed,5,0.58,91,3,False
3860,3233,13,2023-12-02T09:00:00,17,Inbound,QBR,Completed,5,0.7,52,14,True
3861,1609,3,2023-09-28T11:00:00,31,Inbound,Check-In,Completed,5,0.51,71,16,False
3862,1958,4,2022-11-08T10:45:00,2,Outbound,QBR,Voicemail,1,,,0,False
3863,134,3,2030-06-15T10:00:00,21,Inbound,Follow-Up,Completed,7,0.74,82,7,True
3864,1224,7,2024-12-04T09:00:00,28,Outbound,Negotiation,Completed,3,0.55,41,12,True
3865,2971,9,2024-11-21T14:45:00,51,Outbound,Negotiation,Completed,5,0.41,192,3,False
3866,1808,7,2024-12-20T15:00:00,40,Outbound,Technical Deep Dive,Rescheduled,1,,,0,False
3867,4266,4,2030-06-15T10:00:00,50,Inbound,Discovery,Completed,2,0.55,148,12,False
3868,2960,4,2024-12-07T14:15:00,33,Outbound,Discovery,Completed,2,0.51,65,17,False
3869,4450,3,2024-01-31T12:15:00,57,Outbound,Negotiation,Completed,7,0.37,66,24,False
3870,3332,5,2024-12-20T11:45:00,43,Inbound,Discovery,Completed,6,0.63,42,13,False
3871,4045,2,2024-12-26T08:00:00,24,Outbound,Follow-Up,Completed,4,0.65,206,9,True
3872,4227,12,2023-08-08T12:30:00,34,Outbound,Check-In,Rescheduled,1,,,0,False
3873,2848,5,2023-10-02T14:00:00,20,Outbound,Negotiation,Rescheduled,1,,,0,False
3874,827,3,2024-12-02T10:30:00,60,Outbound,Discovery,Rescheduled,1,,,0,False
3875,4327,16,2024-08-28T13:15:00,58,Outbound,Demo,Rescheduled,1,,,0,False
3876,1392,7,2024-12-08T15:30:00,0,Inbound,Check-In,No Show,1,,,0,False
3877,3370,12,2022-08-15T14:45:00,43,Outbound,Check-In,Completed,6,0.45,211,10,True
3878,1630,14,2023-08-12T13:45:00,53,Inbound,Demo,Completed,4,0.56,90,10,True
3879,4096,7,2030-06-15T10:00:00,52,Inbound,Negotiation,Completed,7,0.79,209,11,False
3880,1448,12,2021-12-04T13:15:00,28,Outbound,Check-In,Completed,7,0.69,80,8,False
3881,3374,15,2024-12-25T14:45:00,2,Outbound,Discovery,Voicemail,1,,,0,False
3882,708,12,2021-08-10T11:15:00,42,Outbound,Demo,Completed,4,0.39,161,13,True
3883,2935,16,2023-06-01T12:30:00,17,Outbound,QBR,Completed,8,0.84,244,4,True
3884,3460,6,2023-10-05T11:00:00,0,Outbound,QBR,No Show,1,,,0,False
3885,2765,16,2024-12-28T11:45:00,2,Outbound,Follow-Up,Voicemail,1,,,0,False
3886,3866,13,2023-07-10T15:45:00,32,Inbound,Negotiation,Rescheduled,1,,,0,False
3887,1881,11,2024-12-30T15:45:00,30,Outbound,Negotiation,Completed,8,0.56,268,12,False
3888,1098,7,2020-08-18T09:30:00,24,Outbound,Negotiation,Completed,5,0.44,52,14,True
3889,325,8,2024-08-07T12:00:00,49,Inbound,Negotiation,Completed,4,0.33,151,20,True
3890,549,16,2024-11-09T15:45:00,52,Inbound,Demo,Completed,6,0.7,77,4,False
3891,3489,10,2030-06-15T10:00:00,30,Inbound,Discovery,Completed,6,0.77,216,6,True
3892,3363,6,2022-08-28T16:15:00,33,Outbound,Discovery,Completed,8,0.46,236,5,False
3893,141,13,2020-08-24T13:15:00,39,Outbound,Technical Deep Dive,Completed,3,1.49,118,7,False
3894,4319,7,2024-06-01T16:30:00,0,Outbound,Follow-Up,No Show,1,,,0,False
3895,3755,16,2024-06-04T12:45:00,40,Outbound,Discovery,Completed,7,0.72,165,9,True
3896,1475,9,2024-07-24T14:45:00,0,Outbound,Check-In,No Show,1,,,0,False
3897,65,3,2024-03-04T15:00:00,34,Outbound,Discovery,Completed,2,0.34,122,13,True
3898,4129,16,2024-12-24T13:00:00,,Outbound,Demo,Completed,7,0.65,183,7,True
3899,3105,4,2023-12-19T12:30:00,59,Outbound,Demo,Completed,4,0.48,125,9,True
3900,2763,10,2024-03-10T14:00:00,2,Outbound,Technical Deep Dive,Voicemail,1,,,0,False
3901,1560,15,2024-10-15T10:15:00,20,Outbound,Check-In,Completed,4,0.46,138,16,False
3902,417,13,2024-08-25T13:45:00,39,Outbound,Check-In,Completed,8,0.85,190,8,True
3903,2383,2,2022-06-29T13:45:00,23,Outbound,Demo,Completed,8,0.65,198,14,False
3904,3603,11,2024-01-12T10:00:00,34,Outbound,Discovery,Completed,2,0.67,96,7,True
3905,4530,16,2024-09-07T12:00:00,27,Outbound,Discovery,Completed,3,0.71,240,5,True
3906,120,15,2024-11-02T10:00:00,0,Outbound,Technical Deep Dive,No Show,1,,,0,False
3907,2378,3,2022-08-05T16:15:00,56,Outbound,Check-In,Completed,7,0.48,179,19,False
3908,2876,3,2024-12-14T14:15:00,21,Outbound,QBR,Completed,4,0.57,166,8,False
3909,234,14,2024-05-01T10:30:00,51,Inbound,Demo,Completed,8,0.7,55,12,False
3910,2857,7,2024-12-08T15:00:00,24,Inbound,Check-In,Completed,7,0.39,212,20,True
3911,4660,4,2023-09-01T11:15:00,0,Outbound,Negotiation,No Show,1,,,0,False
3912,2626,11,2024-12-01T13:00:00,0,Outbound,Discovery,No Show,1,,,0,False
3913,216,16,2024-07-11T14:30:00,0,Outbound,Negotiation,No Show,1,,,0,False
3914,962,10,2023-11-11T10:30:00,0,Outbound,Technical Deep Dive,No Show,1,,,0,False
3915,13,16,2024-12-27T13:45:00,54,Inbound,Discovery,Completed,7,0.54,163,8,False
3916,3546,2,2024-01-21T14:45:00,,Outbound,QBR,Completed,2,0.33,88,22,True
3917,4359,11,2024-06-14T13:15:00,33,Inbound,Check-In,Completed,8,0.7,295,9,False
3918,2504,3,2022-09-03T09:00:00,17,Outbound,Discovery,Completed,6,0.48,163,13,True
3919,4353,10,2024-09-10T09:15:00,45,Outbound,Technical Deep Dive,Completed,2,0.41,88,14,True
3920,458,4,2024-08-06T12:45:00,16,Outbound,Follow-Up,Rescheduled,1,,,0,False
3921,2345,15,2024-12-21T08:15:00,,Outbound,Check-In,Rescheduled,1,,,0,False
3922,2276,8,2023-01-09T13:15:00,46,Outbound,Technical Deep Dive,Completed,2,0.46,166,6,True
3923,1219,3,2024-10-23T11:45:00,49,Inbound,Discovery,Completed,3,0.38,218,18,True
3924,4629,14,2024-07-02T14:00:00,,Outbound,Demo,Rescheduled,1,,,0,False
3925,3085,8,2024-03-31T14:00:00,41,Outbound,QBR,Completed,8,0.61,234,11,False
3926,594,6,2024-06-12T12:45:00,24,Outbound,QBR,Completed,8,0.45,34,5,True
3927,2314,5,2030-06-15T10:00:00,17,Outbound,Follow-Up,Completed,2,0.7,195,8,True
3928,4178,9,2024-05-10T10:00:00,53,Outbound,Negotiation,Rescheduled,1,,,0,False
3929,2140,16,2024-11-16T13:00:00,0,Outbound,Discovery,No Show,1,,,0,False
3930,446,6,2024-08-26T12:00:00,18,Outbound,Follow-Up,Completed,5,0.62,101,13,True
3931,2237,11,2023-02-17T09:45:00,57,Outbound,Discovery,Completed,4,0.47,97,14,False
3932,4889,16,2024-12-14T10:45:00,3,Outbound,Discovery,Voicemail,1,,,0,False
3933,3887,2,2024-04-22T15:15:00,46,Inbound,Negotiation,Completed,6,0.75,243,8,False
3934,3281,7,2024-01-17T09:30:00,0,Outbound,Check-In,No Show,1,,,0,False
3935,223,3,2024-06-04T15:00:00,24,Outbound,Negotiation,Rescheduled,1,,,0,False
3936,2757,14,2024-12-07T16:45:00,46,Outbound,Follow-Up,Completed,2,0.6,136,10,False
3937,4375,4,2024-06-05T16:45:00,18,Outbound,Technical Deep Dive,Rescheduled,1,,,0,False
3938,2694,15,2024-12-10T14:15:00,45,Outbound,Demo,Completed,5,0.62,56,8,False
3939,4922,4,2024-12-09T15:15:00,49,Outbound,Negotiation,Completed,6,0.75,55,8,True
3940,3518,14,2024-12-09T13:15:00,40,Outbound,Check-In,Rescheduled,1,,,0,False
3941,4602,10,2023-03-19T11:00:00,17,Outbound,Negotiation,Completed,3,0.67,154,7,False
3942,2669,15,2024-12-16T12:00:00,42,Outbound,Demo,Completed,4,0.59,104,3,False
3943,2983,12,2024-04-14T12:45:00,51,Outbound,Follow-Up,Completed,2,0.76,81,11,False
3944,4200,4,2024-07-11T14:30:00,2,Inbound,Demo,Voicemail,1,,,0,False
3945,3015,1,2024-10-23T15:15:00,17,Inbound,Demo,Completed,5,0.61,172,8,True
3946,4653,16,2024-12-24T14:45:00,56,Outbound,Technical Deep Dive,Rescheduled,1,,,0,False
3947,4664,10,2024-05-22T10:45:00,43,Inbound,QBR,Completed,8,0.64,122,8,False
3948,2468,13,2022-12-06T12:45:00,40,Inbound,Negotiation,Rescheduled,1,,,0,False
3949,2944,3,2024-04-01T13:45:00,31,Inbound,Demo,Completed,7,0.73,203,14,False
3950,3406,15,2024-07-29T12:30:00,48,Outbound,Negotiation,Completed,8,0.66,156,4,False
3951,209,11,2024-12-10T12:30:00,60,Inbound,Technical Deep Dive,Completed,3,0.75,182,2,False
3952,1507,2,2024-10-10T15:15:00,50,Outbound,Follow-Up,Rescheduled,1,,,0,False
3953,4185,8,2024-11-29T16:45:00,16,Outbound,QBR,Completed,4,0.39,219,11,False
3954,3590,16,2022-11-07T15:30:00,31,Inbound,Discovery,Completed,2,0.55,273,12,True
3955,2231,2,2024-03-03T13:30:00,32,Outbound,Demo,Completed,8,0.51,223,13,False
3956,4596,15,2030-06-15T10:00:00,43,Outbound,QBR,Completed,4,0.55,86,4,False
3957,3360,10,2024-11-13T15:15:00,1,Inbound,Technical Deep Dive,Voicemail,1,,,0,False
3958,2098,6,2021-11-21T12:15:00,15,Outbound,Demo,Completed,5,0.69,122,14,False
3959,3051,7,2024-08-11T12:45:00,51,Outbound,Discovery,Completed,7,0.55,88,5,True
3960,4089,13,2024-08-09T14:45:00,41,Outbound,Follow-Up,Completed,4,0.76,197,9,False
3961,347,9,2024-06-11T16:45:00,2,Outbound,Follow-Up,Voicemail,1,,,0,False
3962,2267,11,2024-09-30T12:00:00,16,Outbound,Check-In,Completed,8,0.52,143,9,False
3963,2481,9,2024-03-02T12:45:00,0,Inbound,Demo,No Show,1,,,0,False
3964,975,3,2021-01-13T16:45:00,43,Outbound,Demo,Completed,5,0.55,220,19,True
3965,2949,10,2021-03-24T15:30:00,0,Outbound,Discovery,No Show,1,,,0,False
3966,1558,9,2024-12-30T17:30:00,3,Inbound,Technical Deep Dive,Voicemail,1,,,0,False
3967,4223,13,2024-12-26T11:30:00,16,Inbound,Discovery,Completed,2,0.55,36,16,False
3968,1072,5,2023-08-29T16:30:00,50,Outbound,Negotiation,Completed,4,0.51,269,13,True
3969,892,9,2030-06-15T10:00:00,48,Inbound,Demo,Completed,8,0.59,115,8,False
3970,4122,15,2024-10-02T10:15:00,19,Outbound,Check-In,Completed,2,0.88,57,6,False
3971,3245,12,2020-10-02T08:15:00,0,Outbound,Demo,No Show,1,,,0,False
3972,419,2,2023-04-23T11:30:00,22,Outbound,Discovery,Completed,2,0.47,141,16,True
3973,1048,14,2024-10-17T15:45:00,59,Inbound,QBR,Rescheduled,1,,,0,False
3974,1182,1,2022-02-01T15:00:00,54,Outbound,Check-In,Completed,4,0.6,164,9,False
3975,3031,15,2023-02-13T11:45:00,32,Outbound,Technical Deep Dive,Completed,3,0.56,63,10,False
3976,3417,11,2024-12-10T10:15:00,36,Outbound,Negotiation,Completed,4,0.44,233,17,False
3977,4513,15,2024-12-30T10:30:00,52,Outbound,Check-In,Completed,6,0.57,114,12,True
3978,2308,14,2030-06-15T10:00:00,18,Inbound,Technical Deep Dive,Completed,7,0.69,107,2,False
3979,3914,5,2024-12-06T13:15:00,52,Inbound,Technical Deep Dive,Rescheduled,1,,,0,False
3980,3598,13,2023-03-19T13:00:00,26,Outbound,Demo,Completed,6,0.77,165,5,True
3981,2282,3,2021-04-28T12:00:00,30,Inbound,Technical Deep Dive,Completed,7,0.53,212,24,False
3982,4604,10,2024-12-26T13:00:00,47,Outbound,Discovery,Completed,6,0.41,219,3,False
3983,2520,10,2024-04-27T09:30:00,,Outbound,Technical Deep Dive,Completed,7,0.82,276,1,True
3984,547,9,2024-05-24T15:15:00,47,Inbound,Follow-Up,Rescheduled,1,,,0,False
3985,4244,12,2022-01-24T14:45:00,37,Outbound,QBR,Rescheduled,1,,,0,False
3986,246,10,2024-12-09T14:15:00,39,Outbound,Check-In,Rescheduled,1,,,0,False
3987,2165,11,2022-01-11T13:15:00,34,Outbound,Technical Deep Dive,Completed,7,0.45,167,18,True
3988,4140,2,2024-09-29T14:00:00,23,Outbound,Negotiation,Completed,4,0.51,106,9,False
3989,3243,12,2021-05-06T12:30:00,29,Inbound,Demo,Rescheduled,1,,,0,False
3990,329,14,2024-07-10T16:15:00,39,Inbound,Demo,Completed,2,0.6,56,3,False
3991,3146,15,2024-10-12T08:30:00,55,Outbound,Demo,Completed,3,1.1,126,7,False
3992,2387,15,2024-12-04T10:00:00,51,Inbound,Discovery,Completed,3,0.48,155,7,False
3993,3130,15,2024-12-18T13:15:00,47,Outbound,Demo,Completed,2,0.6,74,8,True
3994,1274,15,2024-12-04T10:15:00,48,Outbound,Negotiation,Completed,3,0.54,140,11,False
3995,933,13,2022-12-18T12:30:00,33,Inbound,Discovery,Completed,6,0.71,104,9,False
3996,877,8,2024-08-14T14:00:00,58,Outbound,Discovery,Completed,2,0.59,84,8,False
3997,2178,16,2024-12-27T13:00:00,41,Inbound,Check-In,Rescheduled,1,,,0,False
3998,1395,12,2020-05-07T09:45:00,0,Inbound,Technical Deep Dive,No Show,1,,,0,False
3999,715,14,2024-11-08T11:45:00,31,Inbound,Negotiation,Completed,4,0.71,139,13,False
4000,2103,3,2024-05-17T11:45:00,33,Inbound,Follow-Up,Completed,3,0.65,154,4,True
4001,3281,7,2024-01-14T09:30:00,55,Inbound,QBR,Completed,3,0.52,151,13,False
4002,2301,8,2022-09-10T10:45:00,33,Outbound,QBR,Completed,8,0.68,114,17,True
4003,3468,6,2024-06-05T13:30:00,60,Outbound,Negotiation,Completed,2,0.5,156,8,True
4004,3702,4,2024-02-27T16:00:00,17,Outbound,Follow-Up,Completed,4,0.5,119,5,False
4005,145,13,2024-12-13T13:00:00,34,Outbound,Demo,Completed,7,0.84,36,6,True
4006,2565,6,2023-09-20T12:30:00,58,Outbound,Demo,Completed,3,0.62,221,4,True
4007,61,14,2024-04-13T09:15:00,59,Inbound,Technical Deep Dive,Completed,7,0.53,80,4,True
4008,2196,7,2024-05-28T11:00:00,56,Outbound,Demo,Completed,5,0.5,63,12,True
4009,229,13,2023-01-02T14:30:00,28,Inbound,QBR,Rescheduled,1,,,0,False
4010,3020,13,2023-05-01T15:00:00,20,Outbound,Check-In,Completed,8,0.55,225,14,False
4011,4902,9,2024-03-01T11:00:00,47,Outbound,Negotiation,Completed,6,0.55,213,8,True
4012,2267,11,2030-06-15T10:00:00,48,Outbound,Demo,Completed,7,0.49,103,12,True
4013,3659,5,2024-11-03T10:00:00,37,Outbound,Discovery,Completed,6,0.58,93,16,True
4014,3800,8,2024-08-17T13:45:00,49,Inbound,Discovery,Completed,8,0.55,88,4,False
4015,1006,15,2024-10-05T10:45:00,0,Outbound,Discovery,No Show,1,,,0,False
4016,4822,7,2024-10-28T13:00:00,42,Inbound,Technical Deep Dive,Rescheduled,1,,,0,False
4017,3462,6,2022-09-20T10:15:00,47,Outbound,Discovery,Rescheduled,1,,,0,False
4018,3913,16,2024-10-07T09:00:00,42,Inbound,Check-In,Completed,2,0.65,72,14,True
4019,808,3,2024-02-12T17:15:00,0,Inbound,Technical Deep Dive,No Show,1,,,0,False
4020,971,10,2024-12-04T14:15:00,27,Outbound,Follow-Up,Completed,6,0.63,236,8,False
4021,2385,14,2024-08-21T12:45:00,21,Outbound,Discovery,Completed,3,0.59,193,6,False
4022,535,14,2024-12-31T14:15:00,56,Outbound,Demo,Completed,6,0.44,79,13,False
4023,676,16,2024-12-28T09:15:00,3,Inbound,Negotiation,Voicemail,1,,,0,False
4024,2625,14,2023-02-21T09:00:00,23,Inbound,Discovery,Rescheduled,1,,,0,False
4025,4029,1,2024-12-30T09:45:00,15,Outbound,Negotiation,Completed,6,0.51,111,24,True
4026,4308,15,2030-06-15T10:00:00,22,Outbound,Follow-Up,Completed,3,0.54,124,5,False
4027,4763,9,2024-12-28T13:00:00,49,Outbound,QBR,Completed,8,0.61,79,16,False
4028,2080,16,2024-12-24T09:00:00,60,Inbound,Follow-Up,Rescheduled,1,,,0,False
4029,2682,13,2022-11-04T13:30:00,58,Outbound,QBR,Completed,6,0.76,50,6,True
4030,1657,11,2024-03-14T14:30:00,57,Outbound,Demo,Completed,8,0.54,222,7,False
4031,557,8,2023-10-18T15:45:00,31,Outbound,Technical Deep Dive,Completed,7,0.38,124,7,False
4032,1514,11,2024-02-20T09:00:00,43,Outbound,Discovery,Completed,4,0.56,192,13,False
4033,1476,10,2023-08-27T16:30:00,33,Inbound,Discovery,Completed,8,0.54,123,3,False
4034,1382,7,2024-03-08T09:45:00,42,Outbound,Follow-Up,Rescheduled,1,,,0,False
4035,1270,10,2024-04-09T10:00:00,21,Inbound,Negotiation,Completed,5,0.52,194,11,True
4036,3984,9,2024-11-13T09:45:00,42,Inbound,Discovery,Completed,6,0.66,285,6,False
4037,1351,13,2024-12-04T09:00:00,58,Inbound,Check-In,Completed,7,0.78,106,14,False
4038,16,6,2024-12-14T14:30:00,33,Outbound,Negotiation,Completed,6,0.41,204,18,True
4039,4337,7,2023-12-29T13:45:00,48,Outbound,Technical Deep Dive,Completed,6,0.44,127,15,False
4040,4753,9,2023-10-28T11:30:00,54,Inbound,Discovery,Completed,4,0.53,279,1,False
4041,1283,9,2023-12-01T15:30:00,24,Outbound,Check-In,Completed,8,0.42,146,5,True
4042,3822,8,2024-07-31T11:30:00,50,Inbound,Check-In,Completed,3,0.64,65,7,True
4043,3320,4,2024-11-23T08:00:00,44,Outbound,Discovery,Completed,5,0.84,116,10,True
4044,756,3,2024-11-03T17:30:00,19,Inbound,Negotiation,Completed,8,0.43,237,13,False
4045,564,11,2021-10-23T16:45:00,-3,Outbound,QBR,Voicemail,1,,,0,False
4046,4143,16,2024-11-17T10:45:00,31,Outbound,Follow-Up,Completed,4,0.64,144,9,False
4047,4896,16,2024-12-14T11:15:00,0,Inbound,Follow-Up,No Show,1,,,0,False
4048,3596,5,2023-12-10T16:30:00,15,Outbound,Technical Deep Dive,Completed,5,0.53,183,7,False
4049,401,7,2024-09-26T16:15:00,41,Outbound,Follow-Up,Completed,3,0.59,152,16,True
4050,2762,6,2021-12-23T14:45:00,29,Outbound,Technical Deep Dive,Completed,6,0.66,296,11,True
4051,4805,1,2024-07-31T14:00:00,2,Outbound,Follow-Up,Voicemail,1,,,0,False
4052,1755,2,2024-06-28T10:00:00,24,Inbound,Discovery,Rescheduled,1,,,0,False
4053,2010,11,2024-12-15T09:15:00,1,Outbound,Negotiation,Voicemail,1,,,0,False
4054,2386,16,2024-12-09T15:00:00,,Outbound,Check-In,Completed,4,0.71,183,7,False
4055,4212,5,2024-08-15T15:30:00,29,Outbound,Demo,Completed,5,0.68,172,6,False
4056,2871,16,2024-11-15T08:15:00,44,Outbound,QBR,Completed,5,0.51,50,13,False
4057,4388,15,2030-06-15T10:00:00,50,Inbound,Demo,Completed,6,0.68,131,4,True
4058,4926,7,2024-07-15T10:15:00,17,Inbound,Follow-Up,Completed,2,0.65,217,6,True
4059,4213,12,2024-06-14T14:45:00,44,Inbound,Discovery,Completed,4,0.48,35,16,True
4060,3131,10,2024-08-04T15:15:00,3,Outbound,Negotiation,Voicemail,1,,,0,False
4061,128,16,2024-04-19T13:00:00,58,Outbound,Follow-Up,Completed,8,0.53,238,8,False
4062,1672,14,2024-12-30T11:15:00,28,Outbound,Technical Deep Dive,Completed,2,0.61,196,11,False
4063,2511,10,2023-06-11T16:45:00,0,Outbound,Follow-Up,No Show,1,,,0,False
4064,4753,9,2023-12-07T16:30:00,16,Outbound,Technical Deep Dive,Completed,2,0.77,34,11,False
4065,2155,12,2023-12-06T08:15:00,0,Outbound,Demo,No Show,1,,,0,False
4066,4048,3,2024-01-08T09:15:00,55,Outbound,Check-In,Completed,3,0.59,224,14,True
4067,631,13,2024-03-28T09:45:00,52,Inbound,Demo,Completed,5,1.03,58,7,True
4068,2238,14,2024-12-18T16:30:00,27,Outbound,Demo,Completed,8,0.6,212,13,True
4069,265,14,2024-04-09T14:45:00,25,Outbound,Technical Deep Dive,Completed,3,0.63,101,6,False
4070,81,4,2024-04-03T16:45:00,17,Outbound,Negotiation,Completed,5,0.43,222,20,True
4071,3725,13,2022-08-29T09:00:00,17,Outbound,Demo,Completed,6,0.6,141,9,True
4072,3359,7,2024-12-26T12:45:00,0,Inbound,Demo,No Show,1,,,0,False
4073,3502,2,2024-12-27T16:30:00,1,Outbound,Technical Deep Dive,Voicemail,1,,,0,False
4074,2131,9,2024-12-15T11:15:00,16,Outbound,Technical Deep Dive,Rescheduled,1,,,0,False
4075,3972,7,2023-08-22T15:30:00,18,Outbound,Negotiation,Completed,3,0.59,106,19,True
4076,4795,5,2024-11-13T12:30:00,31,Inbound,Negotiation,Completed,7,0.68,242,10,False
4077,4359,11,2024-04-03T11:30:00,44,Inbound,Demo,Completed,8,0.87,144,9,False
4078,924,14,2023-10-11T15:30:00,26,Outbound,QBR,Completed,4,1.11,115,4,False
4079,1651,5,2023-06-29T11:00:00,39,Outbound,Negotiation,Completed,2,0.54,117,10,True
4080,4373,11,2024-05-16T09:45:00,52,Outbound,Follow-Up,Rescheduled,1,,,0,False
4081,2760,11,2024-12-13T13:00:00,0,Outbound,Technical Deep Dive,No Show,1,,,0,False
4082,3844,14,2023-08-19T15:15:00,20,Outbound,Technical Deep Dive,Completed,8,0.5,112,9,True
4083,2581,11,2024-06-17T10:15:00,31,Outbound,Discovery,Completed,4,0.59,300,9,False
4084,1846,2,2024-12-18T10:30:00,50,Outbound,Follow-Up,Rescheduled,1,,,0,False
4085,3815,15,2024-12-08T10:00:00,40,Outbound,QBR,Completed,8,0.59,79,6,False
4086,1755,2,2024-06-06T09:00:00,17,Outbound,QBR,Completed,5,0.59,42,13,True
4087,4480,3,2021-08-01T11:00:00,40,Outbound,Technical Deep Dive,Completed,5,0.64,38,13,False
4088,2840,9,2024-12-02T09:30:00,-35,Outbound,Check-In,Completed,5,0.51,164,16,False
4089,4941,12,2023-12-24T13:15:00,,Outbound,Follow-Up,Completed,6,0.48,183,9,False
4090,3766,11,2024-12-16T10:00:00,50,Outbound,Check-In,Completed,8,0.58,182,5,False
4091,4384,12,2024-12-20T11:45:00,43,Outbound,Check-In,Rescheduled,1,,,0,False
4092,659,6,2023-08-25T13:00:00,40,Outbound,Negotiation,Completed,4,0.42,164,12,True
4093,3950,13,2022-07-27T13:30:00,0,Outbound,QBR,No Show,1,,,0,False
4094,969,2,2024-03-01T11:30:00,43,Outbound,QBR,Completed,7,0.45,61,10,False
4095,2081,4,2024-10-11T09:45:00,34,Inbound,Check-In,Completed,2,0.63,128,18,True
4096,1944,15,2030-06-15T10:00:00,0,Outbound,Discovery,No Show,1,,,0,False
4097,2256,15,2023-06-25T14:30:00,52,Outbound,Demo,Completed,6,0.5,214,14,False
4098,1701,2,2024-12-10T11:30:00,31,Outbound,Technical Deep Dive,Completed,3,0.63,242,6,True
4099,4751,13,2024-12-11T13:00:00,23,Outbound,Technical Deep Dive,Completed,3,0.49,225,9,True
4100,4019,13,2024-11-15T09:15:00,21,Outbound,Follow-Up,Completed,6,0.71,107,9,True
4101,4637,14,2022-01-02T12:30:00,,Inbound,Check-In,Completed,8,0.84,40,8,False
4102,2051,6,2021-11-13T15:15:00,37,Outbound,Follow-Up,Rescheduled,1,,,0,False
4103,3213,13,2024-10-29T09:00:00,2,Outbound,Follow-Up,Voicemail,1,,,0,False
4104,3246,7,2023-08-07T14:00:00,38,Outbound,QBR,Completed,2,0.55,202,9,False
4105,919,11,2022-11-30T15:45:00,1,Inbound,Technical Deep Dive,Voicemail,1,,,0,False
4106,2458,8,2024-09-18T11:15:00,18,Inbound,Discovery,Completed,8,0.56,69,8,False
4107,2999,14,2024-12-18T10:15:00,56,Inbound,Negotiation,Completed,7,0.7,87,6,False
4108,1937,8,2024-12-23T13:15:00,57,Inbound,Discovery,Completed,8,0.55,199,8,False
4109,2623,13,2024-12-17T11:00:00,53,Outbound,Discovery,Rescheduled,1,,,0,False
4110,3687,11,2024-09-14T13:30:00,27,Outbound,Technical Deep Dive,Rescheduled,1,,,0,False
4111,3245,12,2030-06-15T10:00:00,0,Inbound,Check-In,No Show,1,,,0,False
4112,2098,6,2021-12-08T15:00:00,56,Inbound,Check-In,Completed,3,0.65,74,5,False
4113,314,5,2024-03-04T12:15:00,30,Inbound,QBR,Completed,6,0.67,186,6,False
4114,4563,11,2023-07-05T14:00:00,34,Outbound,Demo,Rescheduled,1,,,0,False
4115,585,10,2024-11-20T16:00:00,48,Outbound,Discovery,Completed,7,0.5,71,9,False
4116,1883,2,2024-10-08T10:15:00,53,Outbound,Discovery,Completed,4,1.06,210,9,True
4117,4376,15,2024-10-11T09:30:00,27,Inbound,Technical Deep Dive,Completed,7,0.65,65,5,False
4118,4378,5,2024-12-27T12:30:00,1,Outbound,Follow-Up,Voicemail,1,,,0,False
4119,112,4,2021-05-12T08:30:00,60,Outbound,Check-In,Rescheduled,1,,,0,False
4120,4074,11,2023-07-02T16:15:00,37,Inbound,Demo,Completed,7,1.09,177,10,False
4121,2421,10,2022-12-04T13:45:00,35,Outbound,Demo,Completed,6,0.47,114,5,False
4122,4677,6,2024-05-28T14:30:00,26,Inbound,Follow-Up,Completed,2,0.62,201,20,True
4123,2808,4,2022-11-23T09:15:00,50,Outbound,QBR,Completed,5,0.45,141,11,False
4124,1429,1,2024-12-03T10:15:00,38,Inbound,Demo,Completed,5,0.54,73,24,True
4125,4079,7,2023-06-24T15:45:00,44,Inbound,QBR,Completed,2,0.47,31,8,True
4126,451,15,2024-12-28T14:00:00,59,Outbound,Check-In,Completed,2,0.6,48,13,True
4127,3783,12,2021-05-14T11:30:00,48,Outbound,Discovery,Completed,3,0.64,113,9,False
4128,1512,5,2024-12-20T16:15:00,46,Outbound,Demo,Completed,6,0.68,96,8,False
4129,4174,3,2024-12-18T14:30:00,31,Inbound,Negotiation,Completed,2,0.59,215,20,True
4130,1650,1,2024-12-21T13:15:00,29,Outbound,QBR,Completed,3,0.55,239,18,False
4131,2120,10,2024-09-11T12:15:00,31,Inbound,Negotiation,Completed,8,0.72,224,10,False
4132,1862,5,2020-07-15T16:45:00,60,Outbound,Demo,Completed,6,0.56,151,6,False
4133,660,5,2024-10-15T10:15:00,45,Inbound,QBR,Rescheduled,1,,,0,False
4134,2880,6,2024-01-09T09:30:00,41,Inbound,Discovery,Completed,4,0.4,162,7,False
4135,1211,2,2023-03-02T13:30:00,54,Outbound,Check-In,Completed,2,0.48,117,21,True
4136,1105,13,2024-01-16T15:15:00,38,Outbound,Discovery,Rescheduled,1,,,0,False
4137,2277,6,2024-12-13T15:45:00,19,Inbound,Demo,Completed,4,0.64,31,17,False
4138,2232,16,2024-09-23T09:45:00,0,Inbound,Negotiation,No Show,1,,,0,False
4139,540,16,2024-08-11T13:45:00,15,Outbound,Follow-Up,Completed,4,0.6,59,7,False
4140,2488,7,2022-06-01T16:30:00,40,Outbound,Technical Deep Dive,Completed,7,0.42,54,14,False
4141,3415,13,2024-12-24T14:15:00,53,Outbound,Follow-Up,Completed,3,0.44,131,3,False
4142,245,14,2023-09-24T17:45:00,27,Outbound,Follow-Up,Completed,4,0.53,66,9,False
4143,3912,7,2024-04-07T15:00:00,33,Outbound,Discovery,Completed,3,0.5,60,10,True
4144,3291,16,2024-12-27T15:45:00,22,Inbound,Check-In,Completed,7,0.66,106,10,True
4145,516,15,2024-12-10T12:00:00,27,Inbound,Technical Deep Dive,Completed,8,0.76,233,12,False
4146,767,2,2024-02-22T10:15:00,16,Outbound,Negotiation,Completed,6,0.49,35,15,True
4147,2967,11,2024-12-27T13:30:00,-16,Outbound,Demo,Completed,2,1.07,129,17,True
4148,4798,5,2022-07-16T08:45:00,49,Inbound,Discovery,Completed,4,0.59,163,9,False
4149,4224,3,2024-10-03T17:30:00,18,Inbound,Demo,Completed,7,0.63,45,13,False
4150,4973,7,2022-12-01T15:15:00,0,Outbound,Demo,No Show,1,,,0,False
4151,3257,10,2024-09-08T13:45:00,43,Outbound,Check-In,Completed,4,0.37,142,18,False
4152,4792,11,2024-12-25T10:30:00,56,Inbound,Discovery,Completed,7,0.66,134,6,True
4153,902,3,2024-11-11T11:30:00,,Outbound,Technical Deep Dive,No Show,1,,,0,False
4154,3135,11,2021-03-11T13:45:00,3,Outbound,Discovery,Voicemail,1,,,0,False
4155,3677,1,2024-05-08T10:15:00,49,Inbound,Discovery,Completed,3,0.39,55,16,False
4156,3202,8,2024-12-14T10:30:00,27,Outbound,Check-In,Completed,7,0.54,56,9,False
4157,15,10,2022-11-26T12:45:00,50,Outbound,QBR,Completed,5,0.57,138,13,False
4158,2399,12,2022-02-10T15:45:00,40,Inbound,Discovery,Completed,5,0.74,239,9,False
4159,3795,3,2024-10-09T11:15:00,55,Outbound,Technical Deep Dive,Completed,7,0.61,94,4,True
4160,133,15,2024-12-25T15:15:00,0,Inbound,Follow-Up,No Show,1,,,0,False
4161,2882,4,2021-07-09T16:15:00,49,Outbound,QBR,Completed,7,0.68,105,13,True
4162,1136,12,2024-03-25T11:15:00,22,Outbound,Check-In,Completed,2,0.68,113,10,True
4163,4638,12,2024-12-01T11:30:00,1,Inbound,Check-In,Voicemail,1,,,0,False
4164,3143,6,2024-10-12T13:45:00,,Outbound,QBR,Completed,4,0.69,279,6,False
4165,507,3,2024-10-31T11:30:00,2,Inbound,QBR,Voicemail,1,,,0,False
4166,4440,3,2023-10-14T14:00:00,33,Outbound,Technical Deep Dive,Completed,8,0.54,223,4,True
4167,820,3,2024-05-05T10:45:00,22,Outbound,Technical Deep Dive,Completed,3,0.39,129,16,True
4168,4838,10,2022-12-28T14:45:00,51,Inbound,Technical Deep Dive,Completed,2,0.52,108,6,True
4169,2445,16,2024-11-30T13:45:00,23,Outbound,Technical Deep Dive,Rescheduled,1,,,0,False
4170,2423,1,2023-09-10T09:45:00,32,Outbound,Check-In,Completed,4,0.3,173,20,False
4171,3038,8,2022-07-29T12:15:00,53,Inbound,QBR,Completed,6,0.47,97,11,True
4172,1148,2,2023-07-18T14:30:00,19,Inbound,Demo,Completed,6,0.55,68,14,True
4173,3523,12,2024-08-01T12:15:00,43,Inbound,Follow-Up,Completed,8,0.58,199,8,False
4174,4977,1,2024-10-24T14:30:00,30,Outbound,Negotiation,Completed,2,0.31,178,19,False
4175,4521,14,2024-07-09T16:15:00,2,Outbound,Check-In,Voicemail,1,,,0,False
4176,542,1,2023-09-21T11:30:00,19,Outbound,Technical Deep Dive,Completed,8,0.3,106,7,True
4177,2779,2,2023-02-17T15:00:00,58,Outbound,Discovery,Completed,2,0.52,128,15,True
4178,4499,10,2023-07-23T15:45:00,22,Inbound,Negotiation,Completed,4,0.67,44,1,False
4179,2512,10,2024-03-30T14:00:00,2,Inbound,Demo,Voicemail,1,,,0,False
4180,3745,13,2024-12-12T11:15:00,58,Inbound,QBR,Completed,3,0.66,202,5,True
4181,1490,5,2024-06-05T13:45:00,45,Inbound,Negotiation,Completed,6,0.57,59,10,True
4182,4775,3,2024-11-12T14:00:00,1,Outbound,Negotiation,Voicemail,1,,,0,False
4183,1361,3,2024-11-30T14:30:00,55,Inbound,Discovery,Completed,4,0.34,118,10,True
4184,3118,1,2023-01-09T09:15:00,33,Outbound,Discovery,Completed,5,0.55,128,16,True
4185,1201,10,2023-12-29T12:00:00,2,Outbound,QBR,Voicemail,1,,,0,False
4186,3466,16,2024-12-15T13:30:00,25,Outbound,Discovery,Completed,5,0.47,48,19,True
4187,414,3,2024-09-05T15:00:00,47,Outbound,Check-In,Completed,8,0.25,161,15,True
4188,4161,15,2024-11-24T13:00:00,36,Inbound,Follow-Up,Completed,8,0.67,70,10,False
4189,4173,8,2022-09-03T11:00:00,54,Outbound,Discovery,Completed,6,0.53,221,17,True
4190,2915,13,2023-03-17T08:15:00,,Outbound,Technical Deep Dive,Rescheduled,1,,,0,False
4191,3509,15,2024-07-27T12:30:00,2,Outbound,Technical Deep Dive,Voicemail,1,,,0,False
4192,4757,9,2022-01-26T12:30:00,33,Outbound,Technical Deep Dive,Completed,3,0.52,172,16,True
4193,3639,7,2023-01-07T09:00:00,59,Outbound,Negotiation,Completed,3,0.59,205,6,True
4194,1863,12,2022-10-18T09:30:00,58,Outbound,Check-In,Completed,4,0.59,57,5,False
4195,3181,12,2024-10-20T15:30:00,53,Outbound,Demo,Completed,8,0.64,246,3,True
4196,2927,3,2024-02-19T15:45:00,0,Outbound,Technical Deep Dive,No Show,1,,,0,False
4197,1222,9,2023-06-11T12:45:00,38,Outbound,Negotiation,Completed,5,0.54,80,6,True
4198,4512,8,2021-08-23T12:15:00,52,Outbound,Technical Deep Dive,Completed,2,0.36,85,20,True
4199,4647,16,2024-12-10T13:45:00,19,Outbound,Negotiation,Completed,4,0.54,192,12,True
4200,498,7,2024-08-11T16:45:00,19,Outbound,Technical Deep Dive,Completed,2,0.54,213,11,True
4201,2563,10,2023-05-16T17:00:00,3,Inbound,Negotiation,Voicemail,1,,,0,False
4202,1769,3,2024-11-14T15:45:00,16,Outbound,Negotiation,Completed,6,0.48,254,10,True
4203,688,4,2024-10-07T11:45:00,36,Inbound,Technical Deep Dive,Rescheduled,1,,,0,False
4204,948,2,2022-02-25T16:15:00,3,Outbound,QBR,Voicemail,1,,,0,False
4205,4273,2,2021-10-02T13:30:00,53,Outbound,Negotiation,Completed,7,0.43,210,15,False
4206,15,10,2022-10-28T14:45:00,55,Outbound,Discovery,Completed,7,0.47,130,13,False
4207,2615,6,2023-10-10T09:45:00,47,Outbound,QBR,Completed,3,0.64,51,15,False
4208,2628,11,2024-08-25T15:00:00,51,Outbound,Negotiation,Rescheduled,1,,,0,False
4209,1905,9,2023-08-10T13:45:00,56,Outbound,Negotiation,Rescheduled,1,,,0,False
4210,1730,16,2020-08-11T15:00:00,43,Inbound,Follow-Up,Completed,8,0.48,194,10,False
4211,3212,5,2024-08-29T15:15:00,1,Outbound,Discovery,Voicemail,1,,,0,False
4212,2607,3,2024-02-11T14:00:00,35,Outbound,QBR,Completed,4,0.44,135,19,True
4213,682,15,2024-12-26T13:15:00,33,Inbound,QBR,Rescheduled,1,,,0,False
4214,3067,16,2024-12-06T14:45:00,57,Outbound,Follow-Up,Completed,3,0.69,189,15,False
4215,2481,9,2024-02-21T12:15:00,27,Outbound,Negotiation,Completed,4,0.43,235,14,True
4216,1123,5,2024-03-16T15:15:00,3,Outbound,QBR,Voicemail,1,,,0,False
4217,1492,3,2024-06-27T10:30:00,22,Outbound,Technical Deep Dive,Completed,4,0.52,229,12,True
4218,145,13,2024-12-02T14:00:00,,Outbound,QBR,Completed,4,0.9,126,9,False
4219,4109,4,2021-07-20T10:15:00,36,Outbound,Check-In,Completed,6,0.36,37,10,True
4220,3465,12,2023-07-24T10:30:00,22,Outbound,Discovery,Completed,4,1.09,127,17,True
4221,1398,4,2030-06-15T10:00:00,34,Outbound,Demo,Completed,4,0.5,121,13,False
4222,1253,8,2024-03-09T13:45:00,0,Outbound,QBR,No Show,1,,,0,False
4223,3002,11,2024-11-24T10:30:00,54,Outbound,Demo,Completed,6,0.86,44,10,False
4224,820,3,2024-07-25T10:30:00,34,Inbound,Negotiation,Completed,3,0.31,32,12,True
4225,2836,8,2023-12-16T14:45:00,51,Outbound,Discovery,Completed,8,0.68,32,10,False
4226,2351,10,2024-10-01T16:45:00,15,Outbound,Demo,Completed,5,0.55,70,6,False
4227,754,9,2024-12-31T14:30:00,27,Outbound,Check-In,Completed,7,0.68,33,17,True
4228,580,15,2024-06-28T14:15:00,16,Outbound,Demo,Completed,3,0.72,213,4,False
4229,1890,16,2024-12-16T13:15:00,38,Outbound,Follow-Up,Completed,4,0.73,167,3,True
4230,3836,7,2024-03-15T15:00:00,53,Outbound,Follow-Up,Completed,2,0.47,102,12,False
4231,173,5,2024-03-01T15:15:00,47,Outbound,Discovery,Completed,4,0.51,32,6,False
4232,1250,14,2024-03-11T14:30:00,30,Outbound,Demo,Completed,6,0.89,279,4,False
4233,2055,8,2024-12-17T16:45:00,53,Inbound,Check-In,Completed,4,0.47,36,19,True
4234,881,5,2024-10-13T13:45:00,49,Inbound,Demo,Completed,3,0.5,100,15,False
4235,1791,4,2022-05-18T13:45:00,41,Inbound,Demo,Completed,5,0.55,289,12,False
4236,1019,12,2023-07-06T13:45:00,0,Outbound,Check-In,No Show,1,,,0,False
4237,362,2,2022-10-20T10:00:00,38,Outbound,QBR,Completed,3,0.45,47,18,True
4238,177,2,2024-09-28T10:45:00,24,Inbound,Negotiation,Completed,7,0.5,55,12,True
4239,3506,5,2024-07-13T16:30:00,36,Inbound,Follow-Up,Completed,7,0.56,121,11,True
4240,1050,3,2024-07-02T14:15:00,0,Outbound,Discovery,No Show,1,,,0,False
4241,913,1,2024-05-10T12:30:00,0,Outbound,Demo,No Show,1,,,0,False
4242,3071,3,2024-04-10T14:00:00,41,Inbound,Technical Deep Dive,Completed,7,0.54,177,18,True
4243,2438,6,2024-11-21T12:15:00,27,Outbound,Check-In,Rescheduled,1,,,0,False
4244,67,13,2022-08-22T09:30:00,59,Outbound,Negotiation,Completed,7,0.61,177,9,True
4245,703,8,2023-01-05T12:00:00,49,Outbound,Technical Deep Dive,Rescheduled,1,,,0,False
4246,1470,8,2023-03-20T13:30:00,,Inbound,Negotiation,Completed,3,0.54,161,5,False
4247,3732,6,2024-12-05T12:30:00,39,Outbound,Follow-Up,Completed,8,0.6,247,11,False
4248,3439,7,2024-12-28T13:00:00,0,Outbound,Technical Deep Dive,No Show,1,,,0,False
4249,1828,12,2030-06-15T10:00:00,15,Inbound,Demo,Completed,6,0.59,103,9,True
4250,1253,8,2024-01-09T09:15:00,57,Outbound,Technical Deep Dive,Completed,4,0.58,102,12,False
4251,4517,3,2024-11-05T11:15:00,0,Inbound,Technical Deep Dive,No Show,1,,,0,False
4252,3517,3,2022-06-02T08:00:00,33,Outbound,Follow-Up,Completed,6,0.5,204,10,True
4253,3976,13,2024-06-17T17:00:00,48,Inbound,Technical Deep Dive,Rescheduled,1,,,0,False
4254,3189,5,2024-12-31T13:45:00,50,Outbound,Check-In,Completed,4,0.6,90,20,True
4255,2995,13,2024-12-09T15:30:00,43,Inbound,Discovery,Rescheduled,1,,,0,False
4256,1861,5,2023-06-06T12:30:00,15,Inbound,Negotiation,Completed,2,0.45,119,17,False
4257,4146,10,2024-12-18T09:45:00,37,Outbound,QBR,Completed,8,1.46,165,13,False
4258,4682,11,2022-11-08T09:30:00,18,Outbound,QBR,Completed,8,0.75,231,12,False
4259,2595,9,2024-02-02T14:45:00,45,Outbound,Follow-Up,Completed,7,0.54,134,10,True
4260,3358,4,2023-06-16T11:30:00,54,Outbound,Technical Deep Dive,Completed,2,0.42,161,6,True
4261,115,13,2024-09-05T14:00:00,52,Outbound,Technical Deep Dive,Completed,2,0.58,156,4,False
4262,742,6,2022-08-03T10:45:00,0,Outbound,Check-In,No Show,1,,,0,False
4263,1772,3,2030-06-15T10:00:00,18,Outbound,QBR,Rescheduled,1,,,0,False
4264,1699,6,2024-12-20T14:45:00,30,Inbound,Negotiation,Completed,4,0.42,125,23,True
4265,3123,15,2024-12-08T13:00:00,60,Outbound,QBR,Completed,3,0.65,55,7,True
4266,3104,15,2024-09-30T11:15:00,47,Outbound,Negotiation,Completed,3,1.24,156,8,True
4267,1849,15,2024-07-24T14:30:00,33,Outbound,Discovery,Completed,3,0.7,226,2,False
4268,4047,3,2024-12-24T14:15:00,0,Outbound,Discovery,No Show,1,,,0,False
4269,665,8,2024-09-08T15:15:00,60,Outbound,Follow-Up,Completed,5,0.54,103,15,True
4270,3906,11,2024-03-01T12:45:00,54,Outbound,Technical Deep Dive,Completed,7,0.47,191,12,False
4271,3037,11,2023-03-13T12:00:00,39,Outbound,Negotiation,Completed,5,0.66,224,8,False
4272,2562,16,2024-10-27T13:00:00,28,Outbound,Demo,Completed,5,0.54,230,10,True
4273,2351,10,2024-10-17T15:00:00,50,Outbound,Discovery,Completed,4,0.63,74,11,True
4274,1738,5,2024-09-10T16:15:00,32,Outbound,QBR,Completed,5,0.55,45,17,True
4275,290,7,2023-10-18T14:45:00,0,Inbound,QBR,No Show,1,,,0,False
4276,3546,2,2024-01-28T11:00:00,43,Outbound,Check-In,Rescheduled,1,,,0,False
4277,3669,10,2024-06-14T14:15:00,48,Inbound,Discovery,Completed,5,0.52,183,7,True
4278,3189,5,2024-12-23T12:15:00,27,Outbound,Follow-Up,Completed,3,0.38,183,6,True
4279,2786,3,2024-12-10T12:15:00,48,Outbound,Check-In,Completed,7,0.35,154,9,True
4280,1264,16,2024-12-05T10:45:00,31,Outbound,Technical Deep Dive,Completed,5,0.52,129,4,False
4281,3668,6,2024-12-27T08:15:00,,Inbound,Follow-Up,Completed,4,0.59,280,4,True
4282,4105,2,2024-07-29T15:15:00,52,Outbound,Follow-Up,Completed,5,0.51,71,19,True
4283,487,3,2024-12-23T11:45:00,46,Outbound,QBR,Completed,4,0.6,98,15,True
4284,4006,2,2023-01-04T15:30:00,50,Outbound,Follow-Up,Completed,6,0.43,50,16,True
4285,3084,11,2024-10-10T10:15:00,25,Inbound,Follow-Up,Completed,8,0.43,131,13,False
4286,2841,12,2024-12-08T16:00:00,32,Inbound,Demo,Completed,5,0.56,65,9,True
4287,554,10,2030-06-15T10:00:00,21,Outbound,Demo,Completed,8,0.72,202,9,True
4288,4171,4,2024-04-17T11:45:00,0,Outbound,Check-In,No Show,1,,,0,False
4289,1987,15,2020-11-25T11:00:00,39,Outbound,Technical Deep Dive,Completed,6,0.53,166,16,False
4290,1789,3,2024-11-03T14:45:00,0,Outbound,Negotiation,No Show,1,,,0,False
4291,4815,16,2024-11-08T17:30:00,38,Outbound,Demo,Completed,4,0.46,80,5,True
4292,1888,7,2024-06-28T12:45:00,32,Outbound,Technical Deep Dive,Completed,3,0.79,205,8,True
4293,4110,9,2023-02-16T13:30:00,48,Outbound,Discovery,Rescheduled,1,,,0,False
4294,3287,12,2024-12-19T09:45:00,33,Outbound,Negotiation,Completed,4,1.07,177,4,True
4295,1425,1,2024-12-23T10:45:00,0,Outbound,Discovery,No Show,1,,,0,False
4296,4921,2,2024-12-30T14:15:00,37,Inbound,Follow-Up,Rescheduled,1,,,0,False
4297,256,4,2024-07-19T14:15:00,47,Outbound,Demo,Completed,4,0.58,108,20,False
4298,4855,15,2024-03-02T12:00:00,16,Outbound,QBR,Rescheduled,1,,,0,False
4299,2651,16,2024-03-10T16:45:00,25,Outbound,Check-In,Completed,6,0.57,31,10,False
4300,4397,15,2024-09-04T13:30:00,15,Outbound,Negotiation,Completed,3,1.14,159,14,True
4301,1907,12,2024-12-30T10:45:00,21,Outbound,Follow-Up,Completed,2,0.5,201,5,True
4302,2431,7,2024-02-01T09:15:00,,Outbound,Negotiation,Completed,8,0.45,200,20,True
4303,4386,2,2024-11-15T10:00:00,38,Outbound,Follow-Up,Completed,8,0.48,243,10,False
4304,81,4,2024-02-10T13:00:00,20,Outbound,Demo,Completed,7,0.56,185,11,False
4305,3003,10,2023-04-28T11:00:00,24,Inbound,Technical Deep Dive,Rescheduled,1,,,0,False
4306,569,1,2023-01-20T16:00:00,24,Outbound,Check-In,Completed,8,0.47,150,9,False
4307,1764,7,2024-07-14T13:00:00,47,Outbound,Negotiation,Rescheduled,1,,,0,False
4308,66,13,2023-11-15T12:30:00,,Outbound,QBR,Rescheduled,1,,,0,False
4309,3164,14,2023-04-24T16:30:00,46,Inbound,Follow-Up,Rescheduled,1,,,0,False
4310,1228,7,2024-07-11T16:30:00,33,Outbound,Negotiation,Completed,2,0.7,97,8,False
4311,2957,7,2024-01-05T11:00:00,0,Outbound,Follow-Up,No Show,1,,,0,False
4312,2098,6,2021-11-29T11:00:00,30,Outbound,Follow-Up,Completed,6,0.45,144,20,False
4313,4249,5,2022-10-05T13:15:00,44,Outbound,Technical Deep Dive,Completed,7,0.4,215,14,False
4314,519,8,2024-10-31T09:00:00,0,Outbound,QBR,No Show,1,,,0,False
4315,894,5,2023-02-12T12:00:00,36,Outbound,Demo,Completed,2,0.46,53,20,False
4316,4572,1,2024-10-27T16:30:00,20,Inbound,Follow-Up,Completed,4,0.45,195,15,True
4317,1414,10,2024-12-17T15:15:00,16,Outbound,Check-In,Completed,4,0.53,62,5,False
4318,1327,10,2022-06-23T11:00:00,25,Outbound,Follow-Up,Completed,7,0.65,122,13,True
4319,2050,4,2023-01-29T14:00:00,59,Outbound,Follow-Up,Completed,3,0.54,228,19,True
4320,3448,6,2024-11-29T09:45:00,42,Inbound,Check-In,Rescheduled,1,,,0,False
4321,2148,16,2024-12-03T16:00:00,37,Outbound,QBR,Completed,2,0.49,149,8,True
4322,738,13,2024-06-05T09:30:00,-30,Outbound,Demo,Completed,4,0.67,95,3,True
4323,965,8,2023-01-30T15:15:00,41,Outbound,Discovery,Rescheduled,1,,,0,False
4324,3739,6,2024-09-02T11:15:00,3,Inbound,Negotiation,Voicemail,1,,,0,False
4325,4019,13,2024-12-09T12:15:00,50,Outbound,Demo,Rescheduled,1,,,0,False
4326,446,6,2024-08-08T11:45:00,20,Outbound,Discovery,Completed,6,0.54,41,15,True
4327,1645,4,2024-12-11T10:15:00,41,Outbound,Discovery,Completed,6,0.6,76,12,False
4328,4807,14,2021-12-16T08:30:00,57,Inbound,Check-In,Rescheduled,1,,,0,False
4329,3598,13,2023-05-17T10:15:00,0,Outbound,Technical Deep Dive,No Show,1,,,0,False
4330,1967,15,2024-10-21T10:15:00,43,Inbound,Demo,Completed,6,0.71,126,6,True
4331,567,9,2024-12-19T14:00:00,51,Inbound,Demo,Completed,3,0.48,41,11,False
4332,2640,7,2024-10-10T14:45:00,0,Outbound,Discovery,No Show,1,,,0,False
4333,2797,2,2023-11-28T15:15:00,23,Outbound,Follow-Up,Completed,4,0.41,161,18,False
4334,501,2,2023-12-10T16:15:00,40,Outbound,Demo,Completed,5,0.65,102,3,False
4335,397,7,2024-03-18T17:30:00,15,Outbound,QBR,Completed,6,0.47,111,13,True
4336,322,10,2024-07-26T14:45:00,55,Outbound,Check-In,Completed,5,0.44,70,5,True
4337,4141,3,2024-10-20T16:00:00,16,Outbound,Negotiation,Completed,5,0.42,210,24,False
4338,4118,16,2024-12-16T12:15:00,44,Outbound,Negotiation,Completed,2,1.12,50,5,True
4339,576,9,2024-11-02T11:45:00,15,Inbound,Check-In,Completed,8,0.45,37,5,True
4340,3683,8,2024-09-21T16:15:00,21,Outbound,Demo,Completed,3,0.36,235,19,True
4341,2393,11,2024-12-03T14:00:00,56,Outbound,Check-In,Completed,2,0.59,204,17,False
4342,801,4,2022-11-23T12:15:00,20,Outbound,Demo,Completed,2,0.58,221,7,True
4343,4940,12,2024-12-15T13:15:00,51,Outbound,Demo,Completed,2,0.4,50,7,True
4344,3993,3,2024-03-06T10:30:00,47,Outbound,Negotiation,Completed,6,0.63,129,21,True
4345,4026,2,2024-08-30T11:30:00,31,Outbound,Check-In,Completed,3,0.47,70,15,True
4346,4376,15,2024-10-20T09:45:00,60,Inbound,Demo,Completed,2,0.72,38,13,True
4347,4698,4,2024-03-09T14:00:00,26,Outbound,Discovery,Rescheduled,1,,,0,False
4348,3221,14,2021-08-31T14:00:00,48,Outbound,Negotiation,Completed,2,0.63,134,8,True
4349,1031,5,2024-12-13T15:00:00,15,Outbound,Demo,Completed,6,0.51,247,13,True
4350,127,7,2024-09-30T10:15:00,32,Outbound,Follow-Up,Rescheduled,1,,,0,False
4351,919,11,2022-12-25T12:30:00,28,Outbound,Demo,Completed,4,1.22,191,15,False
4352,1896,4,2024-12-04T15:30:00,30,Outbound,Follow-Up,Completed,6,0.65,30,8,False
4353,4198,4,2024-11-17T15:30:00,54,Outbound,Demo,Completed,5,0.73,296,4,True
4354,3749,15,2024-12-13T11:45:00,18,Inbound,Discovery,Completed,3,0.49,78,8,False
4355,3184,7,2023-05-30T16:30:00,33,Outbound,Discovery,Completed,4,0.85,151,6,True
4356,1934,2,2024-12-10T15:45:00,57,Outbound,Negotiation,Rescheduled,1,,,0,False
4357,4359,11,2024-05-27T11:15:00,1,Outbound,Check-In,Voicemail,1,,,0,False
4358,624,11,2024-12-19T16:30:00,36,Inbound,Check-In,Completed,8,0.73,132,9,False
4359,3773,7,2024-09-01T14:15:00,56,Outbound,QBR,Rescheduled,1,,,0,False
4360,4182,4,2023-03-22T10:30:00,33,Outbound,Negotiation,Rescheduled,1,,,0,False
4361,1331,2,2024-10-18T09:00:00,19,Outbound,Check-In,Completed,8,0.76,91,4,False
4362,1533,3,2023-11-08T15:15:00,50,Inbound,Demo,Completed,6,0.46,65,12,True
4363,834,5,2024-12-31T10:00:00,52,Outbound,Check-In,Completed,7,0.47,92,17,True
4364,3908,13,2024-08-14T17:15:00,41,Outbound,Discovery,Completed,6,0.81,85,9,False
4365,3594,6,2024-06-19T14:00:00,0,Outbound,Check-In,No Show,1,,,0,False
4366,3279,8,2030-06-15T10:00:00,31,Outbound,Follow-Up,Completed,2,0.74,149,4,False
4367,2677,13,2024-11-29T14:30:00,49,Outbound,QBR,Rescheduled,1,,,0,False
4368,3515,3,2024-09-17T10:30:00,3,Outbound,Demo,Voicemail,1,,,0,False
4369,4360,8,2020-12-30T13:15:00,2,Outbound,QBR,Voicemail,1,,,0,False
4370,1625,16,2024-11-22T14:30:00,0,Inbound,Demo,No Show,1,,,0,False
4371,2179,4,2024-12-27T12:00:00,-21,Outbound,Negotiation,Completed,4,0.42,127,13,True
4372,2951,10,2024-09-04T16:00:00,19,Outbound,Technical Deep Dive,Completed,7,0.86,136,7,False
4373,4794,11,2024-11-14T10:00:00,26,Outbound,Negotiation,Completed,7,0.34,173,10,True
4374,4613,3,2024-05-06T10:00:00,55,Outbound,QBR,Completed,7,0.36,84,19,True
4375,4308,15,2023-11-14T10:15:00,46,Outbound,Demo,Completed,7,0.52,221,8,False
4376,951,12,2023-04-08T11:45:00,47,Outbound,QBR,Completed,2,1.36,45,3,True
4377,1593,12,2024-09-27T08:30:00,51,Inbound,Follow-Up,Rescheduled,1,,,0,False
4378,347,9,2024-06-13T13:15:00,20,Inbound,Demo,Completed,7,0.57,134,6,False
4379,1749,14,2030-06-15T10:00:00,60,Outbound,Follow-Up,Completed,3,0.56,221,7,False
4380,3479,10,2021-12-05T14:45:00,42,Outbound,Negotiation,Completed,4,0.52,138,7,True
4381,1666,7,2023-06-18T13:15:00,2,Outbound,Check-In,Voicemail,1,,,0,False
4382,3046,3,2024-07-17T13:15:00,60,Outbound,Follow-Up,Completed,6,0.44,118,9,True
4383,2509,2,2023-05-20T12:00:00,0,Inbound,Check-In,No Show,1,,,0,False
4384,4428,9,2024-05-29T11:45:00,37,Outbound,QBR,Completed,7,1.48,236,11,True
4385,58,15,2024-11-15T15:00:00,19,Inbound,Discovery,Completed,5,0.44,152,4,False
4386,3400,7,2024-07-20T11:30:00,21,Outbound,Technical Deep Dive,Rescheduled,1,,,0,False
4387,2635,10,2024-10-27T14:15:00,50,Outbound,Check-In,Completed,5,0.46,49,16,True
4388,1180,14,2024-12-07T10:00:00,2,Inbound,Check-In,Voicemail,1,,,0,False
4389,1516,6,2024-07-25T13:15:00,53,Outbound,Demo,Rescheduled,1,,,0,False
4390,1416,7,2024-03-10T15:15:00,38,Outbound,Technical Deep Dive,Completed,8,0.69,221,11,False
4391,3247,14,2024-06-01T11:15:00,52,Outbound,Technical Deep Dive,Completed,7,0.62,83,9,False
4392,160,7,2024-08-13T13:00:00,18,Outbound,Discovery,Rescheduled,1,,,0,False
4393,1038,14,2024-12-24T10:15:00,31,Inbound,Demo,Completed,5,0.54,97,11,False
4394,4626,3,2023-10-22T14:45:00,16,Inbound,Discovery,Rescheduled,1,,,0,False
4395,571,7,2024-09-27T15:45:00,51,Inbound,Follow-Up,Completed,5,0.73,219,4,False
4396,3872,12,2023-03-02T09:00:00,3,Outbound,Technical Deep Dive,Voicemail,1,,,0,False
4397,1418,12,2024-11-04T15:00:00,16,Inbound,Discovery,Completed,6,0.53,234,8,False
4398,2248,4,2023-06-26T13:00:00,33,Inbound,Follow-Up,Completed,7,0.58,206,18,False
4399,1016,1,2023-06-23T16:30:00,41,Inbound,Follow-Up,Completed,2,0.7,231,10,True
4400,2043,5,2021-11-26T11:45:00,15,Outbound,Negotiation,Completed,5,0.42,165,17,False
4401,2946,14,2024-09-01T13:00:00,39,Outbound,Demo,Rescheduled,1,,,0,False
4402,2544,7,2024-12-07T15:30:00,27,Outbound,Follow-Up,Completed,4,0.6,131,5,True
4403,996,3,2023-02-06T14:45:00,48,Outbound,Follow-Up,Completed,5,0.59,163,4,False
4404,4808,2,2023-12-19T15:30:00,50,Inbound,Negotiation,Completed,5,0.29,115,14,True
4405,302,15,2024-10-08T09:45:00,0,Outbound,Follow-Up,No Show,1,,,0,False
4406,467,14,2024-03-07T15:15:00,0,Outbound,Check-In,No Show,1,,,0,False
4407,1460,8,2024-12-30T10:45:00,19,Outbound,Technical Deep Dive,Completed,6,0.51,82,19,True
4408,1413,3,2024-11-08T13:45:00,40,Outbound,Discovery,Rescheduled,1,,,0,False
4409,688,4,2024-10-28T12:15:00,,Outbound,Technical Deep Dive,Completed,2,0.58,223,15,False
4410,935,3,2030-06-15T10:00:00,60,Inbound,Check-In,Completed,4,0.6,228,10,True
4411,143,8,2024-07-14T09:45:00,23,Outbound,Check-In,Completed,5,0.58,126,16,False
4412,4146,10,2024-11-24T12:30:00,2,Inbound,QBR,Voicemail,1,,,0,False
4413,4141,3,2024-10-11T09:30:00,22,Inbound,Follow-Up,Completed,3,0.33,64,4,True
4414,3016,11,2024-12-23T10:15:00,0,Outbound,Discovery,No Show,1,,,0,False
4415,2063,10,2024-12-14T12:45:00,38,Outbound,Follow-Up,Completed,7,0.72,134,15,True
4416,2412,11,2024-10-10T11:00:00,54,Outbound,Negotiation,Completed,3,0.55,95,12,False
4417,2096,5,2030-06-15T10:00:00,60,Outbound,QBR,Completed,3,0.4,227,15,True
4418,164,3,2024-07-07T16:00:00,60,Outbound,Follow-Up,Completed,4,0.42,33,20,False
4419,2199,9,2024-12-09T17:00:00,28,Outbound,Demo,Completed,4,0.52,42,11,True
4420,2522,12,2024-12-19T12:15:00,38,Inbound,Check-In,Completed,7,1.34,229,4,False
4421,4444,3,2023-08-01T14:15:00,0,Inbound,Discovery,No Show,1,,,0,False
4422,2010,11,2024-12-29T13:00:00,-60,Outbound,QBR,Completed,5,0.39,142,5,False
4423,2384,16,2024-01-21T15:15:00,46,Inbound,Negotiation,Completed,4,0.86,48,4,False
4424,2483,16,2024-12-16T13:30:00,49,Outbound,Negotiation,Completed,2,0.57,133,15,True
4425,1986,13,2030-06-15T10:00:00,-60,Outbound,Discovery,Completed,6,0.59,189,4,False
4426,2671,13,2022-12-15T13:00:00,50,Outbound,Demo,Rescheduled,1,,,0,False
4427,1584,9,2024-08-26T09:00:00,36,Outbound,Negotiation,Completed,8,0.47,165,18,True
4428,4405,8,2021-01-05T14:45:00,57,Outbound,Follow-Up,Rescheduled,1,,,0,False
4429,3148,9,2024-10-09T11:15:00,17,Outbound,Technical Deep Dive,Completed,3,0.46,109,4,True
4430,1349,9,2024-12-27T15:15:00,0,Outbound,Follow-Up,No Show,1,,,0,False
4431,4283,13,2022-05-12T15:30:00,31,Outbound,Demo,Completed,8,0.53,215,11,True
4432,4375,4,2024-07-29T14:45:00,37,Outbound,Demo,Completed,8,0.47,172,10,False
4433,2162,2,2022-11-11T14:00:00,32,Outbound,Discovery,Completed,7,0.34,84,24,True
4434,249,7,2024-05-22T09:45:00,21,Inbound,Negotiation,Rescheduled,1,,,0,False
4435,653,15,2024-10-18T14:15:00,23,Inbound,Discovery,Completed,3,0.64,79,4,False
4436,4598,4,2022-09-10T12:15:00,44,Outbound,Technical Deep Dive,Completed,8,0.69,200,16,True
4437,1527,5,2024-12-16T12:30:00,52,Outbound,Negotiation,Completed,4,0.67,78,16,False
4438,4604,10,2024-12-06T15:45:00,3,Outbound,Demo,Voicemail,1,,,0,False
4439,3587,8,2024-04-06T13:00:00,60,Outbound,QBR,Completed,6,0.64,239,15,True
4440,3546,2,2023-10-18T09:30:00,55,Outbound,Technical Deep Dive,Completed,4,0.46,103,7,True
4441,3538,16,2024-12-02T10:15:00,33,Outbound,Follow-Up,Completed,7,1.43,75,6,False
4442,4895,9,2024-03-23T11:15:00,22,Inbound,QBR,Completed,7,0.39,87,9,False
4443,804,4,2022-03-24T11:00:00,3,Inbound,QBR,Voicemail,1,,,0,False
4444,400,14,2024-09-21T12:15:00,45,Outbound,Check-In,Completed,7,0.57,112,14,True
4445,3334,11,2024-08-25T11:30:00,,Outbound,QBR,No Show,1,,,0,False
4446,2756,2,2024-05-27T10:15:00,21,Inbound,Negotiation,Completed,6,0.59,154,3,True
4447,3404,11,2030-06-15T10:00:00,0,Outbound,Demo,No Show,1,,,0,False
4448,2571,5,2023-09-29T15:00:00,0,Outbound,Demo,No Show,1,,,0,False
4449,2182,5,2022-03-07T11:30:00,52,Outbound,Technical Deep Dive,Rescheduled,1,,,0,False
4450,1074,6,2022-04-05T16:15:00,52,Inbound,Demo,Completed,2,0.63,113,20,False
4451,198,12,2021-08-14T15:15:00,38,Outbound,Discovery,Completed,7,0.47,124,12,True
4452,1688,15,2024-12-05T16:15:00,30,Outbound,Technical Deep Dive,Completed,7,0.54,91,7,False
4453,2707,6,2021-08-26T10:45:00,32,Outbound,QBR,Completed,2,0.63,155,12,False
4454,2220,13,2024-02-22T12:30:00,-34,Outbound,Check-In,Completed,5,0.65,190,2,False
4455,3210,5,2023-09-19T15:15:00,30,Outbound,Discovery,Completed,4,0.78,166,13,True
4456,4001,16,2024-11-09T13:30:00,59,Outbound,Discovery,Completed,7,0.65,103,11,False
4457,4766,14,2023-05-10T12:00:00,0,Outbound,Demo,No Show,1,,,0,False
4458,2250,7,2023-03-18T14:00:00,50,Inbound,Demo,Completed,5,0.46,78,9,False
4459,3485,2,2022-12-17T13:15:00,26,Inbound,QBR,Completed,2,0.31,99,24,True
4460,50,4,2024-10-15T15:45:00,22,Outbound,Technical Deep Dive,Completed,2,0.54,97,16,False
4461,1561,12,2024-12-08T10:15:00,0,Outbound,Check-In,No Show,1,,,0,False
4462,373,8,2024-01-30T16:45:00,59,Outbound,Discovery,Completed,4,0.58,54,16,True
4463,166,13,2022-09-22T16:00:00,20,Outbound,Negotiation,Completed,6,0.71,137,9,False
4464,1217,12,2024-06-03T13:45:00,52,Outbound,Follow-Up,Completed,6,0.43,70,13,True
4465,2152,6,2024-03-31T13:15:00,37,Outbound,Follow-Up,Completed,2,0.53,49,10,False
4466,2744,7,2024-04-20T12:00:00,20,Inbound,QBR,Completed,2,0.39,110,19,False
4467,3098,8,2023-07-26T10:30:00,56,Outbound,Demo,Completed,6,0.81,33,6,False
4468,446,6,2024-10-15T08:45:00,29,Inbound,Discovery,Completed,4,0.41,95,10,True
4469,60,8,2024-09-17T09:45:00,,Outbound,Check-In,No Show,1,,,0,False
4470,1199,14,2024-10-17T16:45:00,24,Outbound,Check-In,Completed,5,0.87,163,3,False
4471,4498,5,2022-03-20T14:30:00,53,Outbound,Demo,Completed,4,0.56,81,8,False
4472,4526,10,2023-11-12T11:15:00,36,Outbound,QBR,Completed,2,0.83,293,4,False
4473,127,7,2030-06-15T10:00:00,31,Inbound,Demo,Rescheduled,1,,,0,False
4474,1222,9,2023-08-26T09:00:00,45,Inbound,Discovery,Completed,2,0.68,239,8,True
4475,4232,1,2024-08-03T16:15:00,57,Outbound,Demo,Rescheduled,1,,,0,False
4476,4041,7,2023-02-15T13:00:00,46,Inbound,Follow-Up,Rescheduled,1,,,0,False
4477,1584,9,2024-08-03T16:30:00,0,Inbound,QBR,No Show,1,,,0,False
4478,4364,9,2023-10-29T11:45:00,0,Inbound,Technical Deep Dive,No Show,1,,,0,False
4479,1882,10,2021-01-10T14:15:00,55,Inbound,Negotiation,Completed,2,0.38,40,14,False
4480,1643,14,2022-03-02T11:00:00,0,Outbound,Negotiation,No Show,1,,,0,False
4481,4109,4,2021-08-03T16:15:00,,Outbound,Check-In,Completed,5,0.69,92,10,True
4482,3258,15,2024-10-01T15:00:00,45,Outbound,Discovery,Completed,3,0.47,216,4,False
4483,2369,14,2024-08-13T11:00:00,56,Outbound,Check-In,Completed,2,0.88,283,3,True
4484,3697,2,2024-12-10T13:15:00,41,Outbound,Negotiation,Completed,5,0.62,125,8,True
4485,1497,13,2022-01-15T13:45:00,25,Inbound,Follow-Up,Completed,6,0.52,224,11,False
4486,2000,10,2022-06-23T10:45:00,0,Outbound,Technical Deep Dive,No Show,1,,,0,False
4487,2402,11,2024-10-27T13:00:00,43,Outbound,Demo,Completed,7,0.49,132,11,True
4488,2449,2,2024-05-04T10:45:00,46,Inbound,Negotiation,Completed,2,0.8,270,9,False
4489,3887,2,2024-04-02T16:45:00,-43,Outbound,QBR,Completed,3,0.64,36,8,False
4490,1055,8,2023-04-27T10:15:00,37,Outbound,Demo,Completed,4,0.51,234,10,False
4491,66,13,2024-01-09T15:00:00,36,Outbound,QBR,Completed,6,0.53,30,2,True
4492,4950,9,2023-08-17T12:45:00,27,Outbound,Check-In,Completed,4,0.66,38,9,False
4493,3401,8,2024-03-23T16:15:00,-34,Outbound,QBR,Completed,2,0.49,155,9,True
4494,1927,10,2022-01-12T09:00:00,-49,Outbound,Negotiation,Completed,4,0.46,113,6,True
4495,739,2,2023-06-30T12:45:00,0,Outbound,QBR,No Show,1,,,0,False
4496,4144,12,2024-12-11T12:30:00,42,Outbound,Technical Deep Dive,Completed,2,0.45,170,14,True
4497,2019,6,2023-06-20T15:15:00,32,Outbound,Negotiation,Completed,5,0.4,101,9,True
4498,3277,13,2023-12-17T14:30:00,27,Outbound,Follow-Up,Completed,8,0.73,189,14,False
4499,2864,2,2024-08-11T08:00:00,54,Inbound,Technical Deep Dive,Completed,8,0.48,165,14,True
4500,2197,1,2023-11-29T12:45:00,0,Outbound,QBR,No Show,1,,,0,False
4501,206,8,2030-06-15T10:00:00,19,Outbound,QBR,Completed,3,0.69,55,5,False
4502,2159,3,2024-11-25T15:45:00,31,Outbound,Negotiation,Completed,2,0.47,135,12,True
4503,3239,10,2024-12-10T10:00:00,49,Outbound,Follow-Up,Completed,5,0.52,64,12,False
4504,1530,5,2024-12-15T14:30:00,58,Outbound,Demo,Completed,5,0.63,200,19,False
4505,2502,10,2022-10-14T14:15:00,59,Outbound,Negotiation,Completed,8,0.6,202,2,False
4506,3000,15,2022-04-25T09:45:00,35,Inbound,Technical Deep Dive,Completed,4,0.68,133,3,True
4507,973,3,2024-12-15T13:00:00,59,Outbound,Technical Deep Dive,Completed,7,0.49,195,16,False
4508,2576,8,2023-04-22T14:00:00,49,Inbound,Follow-Up,Completed,7,0.57,41,19,True
4509,4106,9,2024-12-25T09:45:00,49,Outbound,Discovery,Completed,4,0.56,102,9,False
4510,4896,16,2024-12-12T15:30:00,0,Outbound,Demo,No Show,1,,,0,False
4511,3853,4,2023-03-11T11:15:00,33,Inbound,Check-In,Completed,7,0.68,82,5,False
4512,3282,3,2021-03-03T16:45:00,37,Outbound,Discovery,Completed,2,0.62,169,4,False
4513,3753,10,2030-06-15T10:00:00,,Outbound,QBR,Completed,3,0.48,52,14,False
4514,2321,10,2024-12-17T09:45:00,16,Outbound,Check-In,Completed,8,0.73,144,8,True
4515,3331,8,2024-08-06T13:15:00,60,Inbound,QBR,Completed,2,0.8,192,13,True
4516,2629,6,2023-04-17T12:15:00,29,Inbound,Negotiation,Completed,4,0.66,237,11,True
4517,2150,13,2023-03-05T13:15:00,51,Inbound,Check-In,Completed,7,0.72,193,7,False
4518,1035,16,2024-12-14T15:30:00,37,Outbound,Demo,Completed,4,0.7,68,8,True
4519,2780,15,2024-12-14T14:45:00,31,Inbound,Follow-Up,Rescheduled,1,,,0,False
4520,3593,14,2024-02-20T13:15:00,22,Outbound,Negotiation,Completed,2,0.7,178,11,True
4521,3235,5,2024-12-23T15:45:00,0,Outbound,Follow-Up,No Show,1,,,0,False
4522,173,5,2024-03-25T17:45:00,33,Inbound,Technical Deep Dive,Completed,8,0.75,230,4,True
4523,165,8,2024-12-16T15:00:00,19,Outbound,Check-In,Completed,2,0.58,163,7,False
4524,29,1,2023-07-06T15:00:00,25,Outbound,Check-In,Completed,3,0.36,115,22,False
4525,155,6,2024-08-22T15:45:00,,Inbound,Technical Deep Dive,Completed,3,0.36,201,15,False
4526,2110,13,2024-12-16T12:15:00,38,Inbound,Discovery,Completed,8,0.47,188,8,False
4527,2715,7,2024-09-08T13:30:00,56,Inbound,Check-In,Completed,7,0.57,206,4,True
4528,4857,16,2022-10-04T10:30:00,50,Outbound,Follow-Up,Completed,2,0.59,149,14,False
4529,1232,2,2024-11-13T12:00:00,31,Outbound,Check-In,Completed,6,0.53,254,12,False
4530,2963,9,2024-10-06T14:15:00,23,Outbound,Check-In,Completed,6,0.52,239,4,False
4531,3486,13,2024-12-12T11:30:00,,Outbound,Follow-Up,Completed,8,0.51,111,7,True
4532,2446,13,2024-11-04T16:30:00,27,Outbound,Follow-Up,Rescheduled,1,,,0,False
4533,4226,9,2024-12-08T16:00:00,45,Outbound,Follow-Up,Completed,3,0.62,214,5,True
4534,2617,4,2023-08-18T12:00:00,44,Outbound,Technical Deep Dive,Completed,3,0.51,61,6,True
4535,1398,4,2024-12-10T16:30:00,,Outbound,Check-In,Voicemail,1,,,0,False
4536,2169,13,2024-08-18T10:15:00,,Outbound,Discovery,Completed,8,0.68,137,13,True
4537,40,3,2024-01-20T14:00:00,,Outbound,Follow-Up,Completed,4,0.34,144,14,False
4538,3478,16,2024-11-10T09:45:00,42,Inbound,Technical Deep Dive,Completed,8,0.7,150,15,False
4539,179,6,2023-04-02T10:00:00,0,Inbound,Check-In,No Show,1,,,0,False
4540,921,14,2024-12-23T17:45:00,22,Outbound,Demo,Completed,3,0.46,79,4,False
4541,2376,3,2021-08-28T14:45:00,20,Outbound,Technical Deep Dive,Rescheduled,1,,,0,False
4542,3646,8,2024-11-16T17:45:00,20,Outbound,QBR,Rescheduled,1,,,0,False
4543,12,16,2024-12-05T11:00:00,3,Outbound,Negotiation,Voicemail,1,,,0,False
4544,3307,1,2024-09-29T11:00:00,24,Outbound,Check-In,Completed,7,0.4,37,24,True
4545,2613,4,2024-12-08T16:45:00,35,Inbound,Technical Deep Dive,Completed,7,0.66,40,19,False
4546,2402,11,2024-12-29T09:15:00,35,Outbound,Check-In,Completed,5,1.26,44,3,False
4547,3390,3,2024-08-26T14:45:00,0,Outbound,Discovery,No Show,1,,,0,False
4548,1150,2,2024-05-09T13:15:00,29,Inbound,Discovery,Completed,5,0.38,100,7,True
4549,3369,7,2024-11-29T15:30:00,0,Outbound,Negotiation,No Show,1,,,0,False
4550,1266,14,2022-12-27T11:00:00,30,Outbound,Demo,Rescheduled,1,,,0,False
4551,1984,5,2024-10-08T10:30:00,45,Outbound,Technical Deep Dive,Completed,6,0.37,110,5,True
4552,3097,6,2022-11-17T14:30:00,0,Outbound,QBR,No Show,1,,,0,False
4553,3482,12,2022-06-29T10:30:00,25,Inbound,Negotiation,Completed,7,0.63,90,5,True
4554,241,10,2023-02-22T14:15:00,0,Outbound,Technical Deep Dive,No Show,1,,,0,False
4555,2928,12,2021-04-10T15:00:00,41,Outbound,Demo,Completed,8,1.22,33,11,False
4556,3061,7,2024-12-04T10:00:00,36,Outbound,Check-In,Completed,3,0.53,294,13,True
4557,3541,11,2024-03-16T13:00:00,59,Inbound,Check-In,Completed,2,1.2,132,9,True
4558,2859,6,2022-01-15T11:00:00,32,Outbound,QBR,Completed,2,0.54,209,18,False
4559,1481,2,2023-09-22T10:00:00,35,Outbound,Check-In,Completed,5,0.75,140,15,False
4560,1838,1,2024-12-26T12:00:00,58,Outbound,Follow-Up,Completed,8,0.54,213,10,True
4561,2961,8,2024-12-12T12:15:00,0,Outbound,Demo,No Show,1,,,0,False
4562,3981,12,2024-07-09T08:45:00,53,Outbound,Check-In,Completed,4,0.54,87,9,False
4563,974,15,2024-12-18T13:00:00,36,Inbound,Discovery,Completed,3,0.44,47,10,True
4564,4294,15,2024-07-14T14:30:00,40,Outbound,Negotiation,Completed,8,1.26,101,8,False
4565,1673,5,2024-11-26T13:30:00,0,Outbound,Negotiation,No Show,1,,,0,False
4566,3935,7,2024-12-09T13:45:00,0,Outbound,Follow-Up,No Show,1,,,0,False
4567,2927,3,2023-12-22T10:00:00,29,Outbound,QBR,Completed,6,0.31,196,16,True
4568,2494,2,2021-06-01T11:45:00,23,Outbound,Follow-Up,Completed,7,0.56,145,10,False
4569,3670,4,2024-03-28T11:00:00,52,Outbound,QBR,Completed,2,0.54,60,13,False
4570,2634,13,2021-10-25T09:30:00,42,Inbound,Check-In,Completed,8,0.46,74,8,True
4571,4744,16,2024-08-24T15:45:00,56,Inbound,Technical Deep Dive,Completed,7,0.57,205,12,False
4572,3626,7,2024-08-25T10:15:00,16,Inbound,Check-In,Completed,4,0.44,68,17,False
4573,2158,8,2023-06-12T12:45:00,36,Inbound,Negotiation,Completed,3,0.58,149,12,True
4574,4687,10,2024-07-16T09:00:00,16,Inbound,Demo,Completed,4,0.53,177,9,True
4575,1188,14,2023-01-11T11:45:00,46,Inbound,Negotiation,Completed,3,0.51,180,7,True
4576,191,13,2023-04-23T14:00:00,43,Inbound,Check-In,Completed,3,0.7,106,6,False
4577,719,4,2024-08-19T14:00:00,33,Outbound,Negotiation,Completed,6,0.53,118,8,True
4578,3291,16,2024-12-20T15:30:00,43,Outbound,Follow-Up,Completed,6,0.49,180,11,False
4579,2715,7,2024-09-22T10:30:00,37,Outbound,QBR,Completed,5,0.62,113,17,True
4580,878,3,2023-06-10T08:15:00,34,Inbound,Technical Deep Dive,Completed,6,0.41,193,16,False
4581,13,1,2022-10-24T11:15:00,33,Inbound,Follow-Up,Completed,7,0.43,124,20,False
4582,4725,6,2024-05-15T13:00:00,0,Inbound,Negotiation,No Show,1,,,0,False
4583,3377,3,2024-09-26T15:15:00,,Outbound,Negotiation,Completed,6,0.32,214,20,True
4584,2888,14,2024-12-02T12:00:00,,Outbound,QBR,Voicemail,1,,,0,False
4585,383,15,2024-12-16T14:45:00,57,Outbound,Negotiation,Rescheduled,1,,,0,False
4586,3921,13,2024-10-09T11:45:00,36,Outbound,Negotiation,Completed,8,0.68,200,9,False
4587,887,4,2024-04-06T15:30:00,55,Outbound,Demo,Completed,4,0.45,39,9,False
4588,3842,11,2024-11-04T16:30:00,36,Outbound,Discovery,Completed,3,0.53,194,7,False
4589,3468,6,2024-08-22T13:45:00,29,Outbound,Follow-Up,Completed,5,0.48,183,11,True
4590,1282,2,2021-12-19T11:45:00,15,Inbound,Technical Deep Dive,Completed,8,0.46,171,4,False
4591,666,4,2024-07-30T14:30:00,53,Outbound,Follow-Up,Completed,6,1.31,170,6,False
4592,881,5,2024-08-27T13:30:00,39,Outbound,Discovery,Completed,6,0.69,39,7,False
4593,661,4,2024-07-20T11:45:00,30,Outbound,Technical Deep Dive,Completed,5,0.46,110,10,True
4594,2941,5,2024-11-21T10:15:00,42,Inbound,Check-In,Completed,7,0.51,155,4,True
4595,151,4,2024-12-12T11:45:00,53,Outbound,Follow-Up,Completed,3,0.6,96,8,False
4596,3620,1,2024-02-19T09:45:00,0,Outbound,Discovery,No Show,1,,,0,False
4597,3383,2,2024-02-26T12:30:00,16,Inbound,Check-In,Completed,3,0.49,47,19,True
4598,4697,8,2022-06-04T14:15:00,16,Inbound,Demo,Completed,8,0.39,82,20,True
4599,3525,11,2024-03-24T12:00:00,36,Inbound,Technical Deep Dive,Rescheduled,1,,,0,False
4600,3353,16,2024-10-28T14:00:00,19,Outbound,Follow-Up,Completed,8,0.88,95,6,False
4601,4540,12,2022-03-05T13:30:00,51,Outbound,Technical Deep Dive,Completed,5,0.71,204,13,False
4602,2499,2,2024-04-22T10:30:00,37,Outbound,Follow-Up,Completed,8,0.58,214,4,True
4603,3252,8,2024-11-04T15:00:00,47,Inbound,Negotiation,Completed,3,0.41,195,14,True
4604,4188,6,2023-08-16T08:30:00,29,Outbound,Check-In,Completed,6,0.66,216,5,False
4605,1073,5,2023-04-16T11:30:00,35,Outbound,Follow-Up,Completed,7,0.78,103,12,True
4606,5000,10,2024-09-28T12:15:00,0,Outbound,QBR,No Show,1,,,0,False
4607,600,16,2023-06-18T14:30:00,33,Outbound,Negotiation,Completed,6,1.34,136,4,True
4608,2278,6,2021-10-24T12:45:00,32,Inbound,QBR,Rescheduled,1,,,0,False
4609,1636,7,2024-09-04T13:00:00,57,Outbound,Demo,Completed,5,1.05,95,8,False
4610,3205,13,2024-12-29T12:15:00,0,Outbound,Technical Deep Dive,No Show,1,,,0,False
4611,1321,7,2022-01-05T13:00:00,48,Outbound,Negotiation,Completed,5,0.45,67,9,True
4612,3574,4,2024-07-20T15:00:00,50,Outbound,QBR,Completed,4,0.49,165,19,True
4613,4544,3,2024-12-03T15:00:00,51,Outbound,Discovery,Completed,3,0.49,96,16,False
4614,3764,11,2024-08-28T10:15:00,27,Outbound,Technical Deep Dive,Completed,3,0.6,226,6,True
4615,4876,9,2024-12-17T15:15:00,49,Inbound,Follow-Up,Completed,3,0.67,62,3,True
4616,4764,13,2024-06-11T09:30:00,18,Inbound,Follow-Up,Completed,6,1.49,33,14,False
4617,731,5,2030-06-15T10:00:00,0,Outbound,Follow-Up,No Show,1,,,0,False
4618,4564,5,2024-08-04T13:00:00,19,Inbound,QBR,Completed,6,0.52,189,10,True
4619,867,3,2020-07-11T12:15:00,22,Inbound,Technical Deep Dive,Completed,7,0.45,163,7,True
4620,1642,6,2024-12-28T14:15:00,31,Outbound,Technical Deep Dive,Completed,4,0.39,168,16,False
4621,1491,2,2023-09-22T12:15:00,20,Outbound,Discovery,Completed,7,0.32,146,15,False
4622,3288,11,2020-12-18T11:00:00,33,Outbound,Discovery,Completed,4,0.75,239,9,False
4623,1718,1,2024-04-02T16:15:00,0,Outbound,Follow-Up,No Show,1,,,0,False
4624,2031,10,2024-01-08T17:15:00,0,Outbound,Check-In,No Show,1,,,0,False
4625,2222,4,2020-08-08T14:00:00,23,Outbound,Follow-Up,Completed,4,0.36,161,18,False
4626,3869,5,2023-06-20T15:30:00,41,Outbound,Negotiation,Rescheduled,1,,,0,False
4627,4521,14,2024-07-12T13:30:00,52,Inbound,Technical Deep Dive,Completed,7,0.52,174,3,False
4628,2267,11,2024-12-05T13:15:00,34,Outbound,Technical Deep Dive,Rescheduled,1,,,0,False
4629,3621,10,2024-12-18T17:30:00,27,Inbound,Technical Deep Dive,Completed,7,0.4,223,13,True
4630,2369,14,2030-06-15T10:00:00,28,Inbound,Demo,Completed,3,0.59,231,9,False
4631,1414,10,2024-09-17T15:30:00,44,Outbound,Negotiation,Completed,7,0.63,140,10,False
4632,190,2,2021-12-04T16:45:00,40,Outbound,Demo,Rescheduled,1,,,0,False
4633,3333,2,2024-12-16T15:15:00,46,Inbound,Discovery,Completed,5,0.64,223,12,False
4634,686,13,2024-05-05T16:00:00,43,Outbound,Demo,Completed,4,0.72,194,13,False
4635,4444,3,2023-07-29T15:15:00,31,Outbound,Negotiation,Completed,4,0.57,122,4,False
4636,738,13,2024-02-27T13:45:00,20,Outbound,Check-In,Completed,6,0.53,200,2,False
4637,1860,3,2023-11-11T15:30:00,31,Outbound,Negotiation,Rescheduled,1,,,0,False
4638,3518,14,2024-12-01T10:00:00,35,Outbound,Negotiation,Rescheduled,1,,,0,False
4639,438,12,2024-01-08T10:30:00,41,Inbound,Demo,Completed,6,0.67,59,17,True
4640,4087,4,2022-07-30T10:30:00,16,Outbound,QBR,Completed,4,0.71,59,10,False
4641,3280,10,2023-08-15T10:00:00,26,Outbound,Check-In,Completed,6,0.39,129,4,False
4642,3469,11,2024-12-17T09:00:00,2,Outbound,Discovery,Voicemail,1,,,0,False
4643,4869,16,2030-06-15T10:00:00,40,Inbound,Check-In,Completed,8,0.66,206,11,True
4644,2921,5,2021-04-01T09:00:00,17,Outbound,Technical Deep Dive,Completed,4,0.38,170,19,False
4645,3735,1,2024-10-31T17:15:00,3,Outbound,Check-In,Voicemail,1,,,0,False
4646,4105,2,2024-09-19T14:30:00,51,Outbound,Check-In,Completed,7,0.42,180,6,False
4647,3860,7,2021-02-18T12:00:00,23,Inbound,Check-In,Completed,3,0.61,234,10,False
4648,4644,6,2023-01-01T11:15:00,36,Outbound,Negotiation,Completed,2,1.29,215,18,False
4649,1320,2,2023-12-04T12:45:00,0,Outbound,QBR,No Show,1,,,0,False
4650,2805,3,2020-09-06T17:00:00,23,Inbound,Check-In,Completed,4,0.62,194,10,True
4651,2352,13,2023-03-14T10:45:00,42,Outbound,Check-In,Completed,4,0.63,291,6,False
4652,2825,12,2022-03-31T09:15:00,38,Inbound,Demo,Completed,4,0.58,168,13,True
4653,4715,15,2024-11-22T12:45:00,19,Outbound,Demo,Completed,3,0.58,36,17,True
4654,2735,13,2021-09-01T10:30:00,16,Outbound,Check-In,Completed,5,0.47,150,3,False
4655,3239,10,2024-12-06T13:15:00,0,Outbound,Demo,No Show,1,,,0,False
4656,2939,8,2024-07-10T14:30:00,47,Outbound,Discovery,Completed,5,0.47,110,9,True
4657,834,5,2024-12-31T16:00:00,49,Inbound,Check-In,Completed,4,1.02,125,20,True
4658,2249,3,2024-12-12T14:15:00,48,Outbound,QBR,Completed,5,0.45,198,16,True
4659,893,1,2022-03-27T15:00:00,49,Outbound,Technical Deep Dive,Completed,4,0.32,79,9,True
4660,1880,3,2024-09-28T11:30:00,38,Outbound,Negotiation,Completed,2,0.61,111,8,False
4661,2117,7,2024-11-17T13:45:00,15,Outbound,QBR,Completed,2,0.52,150,10,False
4662,3062,12,2024-08-23T13:45:00,58,Outbound,Check-In,Completed,5,0.52,125,5,False
4663,4977,1,2024-08-18T12:30:00,15,Inbound,Follow-Up,Completed,2,0.33,158,14,False
4664,1285,16,2024-08-25T11:45:00,3,Outbound,Follow-Up,Voicemail,1,,,0,False
4665,536,11,2024-06-14T15:15:00,0,Outbound,Demo,No Show,1,,,0,False
4666,2548,5,2024-01-01T17:00:00,19,Outbound,Negotiation,Completed,3,0.63,88,3,False
4667,382,1,2024-05-13T16:30:00,0,Inbound,Follow-Up,No Show,1,,,0,False
4668,1398,4,2024-12-23T12:45:00,0,Outbound,Discovery,No Show,1,,,0,False
4669,89,14,2020-11-10T10:45:00,35,Outbound,Demo,Rescheduled,1,,,0,False
4670,3956,1,2024-01-11T15:45:00,48,Outbound,Negotiation,Completed,2,0.44,239,8,False
4671,946,3,2022-09-04T11:45:00,48,Inbound,Discovery,Rescheduled,1,,,0,False
4672,4406,9,2024-12-15T12:45:00,21,Outbound,Check-In,Completed,2,0.4,107,6,False
4673,3278,11,2023-10-15T10:00:00,35,Inbound,Demo,Completed,2,0.69,72,5,False
4674,3337,6,2023-11-11T11:15:00,52,Outbound,Discovery,Completed,5,0.56,79,7,True
4675,1005,5,2024-12-04T12:45:00,36,Inbound,QBR,Completed,3,0.51,202,11,False
4676,3994,11,2022-12-23T12:00:00,0,Outbound,Discovery,No Show,1,,,0,False
4677,2680,14,2022-07-21T15:15:00,20,Inbound,Demo,Completed,3,0.72,217,13,False
4678,1494,14,2024-12-02T11:00:00,22,Inbound,Demo,Completed,3,0.59,61,7,False
4679,3199,1,2024-04-30T12:45:00,25,Inbound,Technical Deep Dive,Completed,8,0.3,215,19,True
4680,3195,2,2024-07-31T13:45:00,18,Outbound,QBR,Completed,2,0.37,80,4,True
4681,4572,1,2024-09-25T11:15:00,41,Inbound,Demo,Completed,8,0.63,87,14,False
4682,3368,4,2023-07-11T11:15:00,55,Inbound,QBR,Completed,3,0.38,218,17,False
4683,4662,10,2023-07-15T12:15:00,25,Outbound,QBR,Completed,6,0.44,192,16,False
4684,3863,6,2023-06-05T11:00:00,56,Inbound,Follow-Up,Completed,8,0.36,209,9,True
4685,60,8,2024-08-24T10:00:00,44,Outbound,QBR,Completed,6,0.49,205,17,False
4686,4967,6,2024-11-03T14:45:00,45,Outbound,QBR,Completed,7,0.71,117,4,False
4687,3523,12,2030-06-15T10:00:00,45,Outbound,QBR,Completed,2,0.55,160,16,False
4688,4489,10,2024-06-10T15:30:00,50,Inbound,Follow-Up,Rescheduled,1,,,0,False
4689,2473,2,2030-06-15T10:00:00,25,Outbound,Negotiation,Completed,2,0.52,211,14,False
4690,2358,11,2024-09-18T10:15:00,51,Inbound,Technical Deep Dive,Completed,8,0.47,68,9,False
4691,539,5,2023-03-19T13:15:00,44,Outbound,Follow-Up,Rescheduled,1,,,0,False
4692,3663,16,2023-12-06T13:30:00,44,Outbound,Negotiation,Rescheduled,1,,,0,False
4693,18,16,2024-08-02T13:15:00,17,Outbound,Follow-Up,Completed,6,0.68,88,5,True
4694,1906,5,2024-11-28T11:00:00,27,Outbound,Check-In,Completed,5,0.63,176,10,False
4695,284,8,2023-07-22T09:15:00,22,Outbound,Negotiation,Completed,4,0.75,56,15,True
4696,248,10,2024-05-22T14:30:00,45,Outbound,Discovery,Completed,4,0.36,99,16,True
4697,2267,11,2024-12-12T08:45:00,57,Inbound,Technical Deep Dive,Completed,6,0.79,105,12,False
4698,4934,1,2024-12-01T16:15:00,43,Outbound,Technical Deep Dive,Rescheduled,1,,,0,False
4699,4736,6,2024-12-31T16:45:00,46,Outbound,Discovery,Completed,7,0.66,138,14,True
4700,492,13,2021-08-10T13:30:00,24,Inbound,Demo,Completed,8,1.5,167,14,True
4701,276,16,2024-12-07T11:30:00,30,Inbound,Follow-Up,Completed,6,0.63,50,8,False
4702,3322,11,2024-03-23T16:15:00,3,Inbound,QBR,Voicemail,1,,,0,False
4703,479,10,2024-12-17T09:00:00,18,Outbound,Negotiation,Completed,8,0.43,34,17,True
4704,686,13,2024-05-04T13:00:00,37,Inbound,QBR,Rescheduled,1,,,0,False
4705,882,14,2022-11-15T14:30:00,38,Outbound,Check-In,Completed,4,0.56,233,8,False
4706,1414,10,2024-09-07T09:45:00,20,Inbound,Negotiation,Completed,2,0.47,93,6,False
4707,3627,16,2021-11-03T12:30:00,50,Inbound,QBR,Completed,7,0.49,129,12,True
4708,2849,13,2024-04-29T10:45:00,0,Outbound,Check-In,No Show,1,,,0,False
4709,375,7,2022-07-04T13:30:00,51,Outbound,Discovery,Completed,6,0.59,180,4,True
4710,4405,8,2020-11-18T10:15:00,1,Inbound,Follow-Up,Voicemail,1,,,0,False
4711,3458,10,2024-12-01T09:15:00,19,Outbound,Negotiation,Completed,7,0.58,41,6,False
4712,4517,3,2024-12-23T15:00:00,39,Outbound,Technical Deep Dive,Completed,8,1.46,40,10,False
4713,2547,12,2024-08-16T13:45:00,15,Outbound,QBR,Completed,8,0.65,101,15,False
4714,2215,15,2024-12-18T14:30:00,34,Outbound,QBR,Completed,8,0.48,178,16,False
4715,2352,13,2023-02-07T08:15:00,42,Outbound,Demo,Completed,3,0.59,126,2,False
4716,1482,6,2024-10-03T14:15:00,36,Outbound,Check-In,Completed,2,0.56,90,5,False
4717,432,15,2024-12-20T15:15:00,0,Outbound,Negotiation,No Show,1,,,0,False
4718,2928,12,2021-02-16T14:15:00,45,Inbound,Check-In,Completed,2,0.4,193,13,False
4719,3781,13,2022-07-22T14:45:00,55,Outbound,Negotiation,Completed,2,0.78,187,11,True
4720,830,16,2021-11-16T14:15:00,18,Inbound,Technical Deep Dive,Completed,3,1.04,159,14,False
4721,4254,4,2021-01-28T16:00:00,17,Inbound,Demo,Completed,8,0.76,56,3,False
4722,4760,16,2024-02-10T10:00:00,51,Outbound,Technical Deep Dive,Completed,8,0.88,46,3,False
4723,1629,5,2024-09-24T11:15:00,50,Inbound,Negotiation,Completed,5,0.51,48,4,True
4724,4622,5,2023-01-17T12:15:00,39,Outbound,Demo,Completed,3,1.25,162,10,True
4725,2846,8,2024-12-02T17:00:00,17,Outbound,Follow-Up,Completed,4,0.5,42,12,False
4726,3569,15,2024-08-28T12:15:00,20,Inbound,Negotiation,Completed,5,0.42,66,12,True
4727,435,11,2024-12-31T12:45:00,23,Inbound,Negotiation,Completed,8,0.55,46,6,False
4728,145,13,2024-12-25T11:00:00,-3,Outbound,Technical Deep Dive,Voicemail,1,,,0,False
4729,4576,2,2021-08-24T12:45:00,29,Inbound,QBR,Completed,4,0.59,189,12,False
4730,3997,9,2024-01-25T12:30:00,18,Outbound,Negotiation,Completed,6,0.47,177,12,True
4731,1,3,2023-11-03T11:30:00,3,Inbound,Technical Deep Dive,Voicemail,1,,,0,False
4732,2417,8,2024-12-24T13:15:00,42,Inbound,Check-In,Completed,6,0.62,155,12,False
4733,1347,7,2022-01-02T16:15:00,31,Outbound,Technical Deep Dive,Rescheduled,1,,,0,False
4734,1154,12,2024-02-19T15:15:00,0,Outbound,Demo,No Show,1,,,0,False
4735,4106,9,2024-12-21T11:30:00,44,Outbound,Technical Deep Dive,Completed,8,0.67,168,14,False
4736,3505,10,2023-10-06T11:30:00,30,Outbound,Check-In,Completed,5,0.69,93,13,False
4737,3331,8,2024-09-15T12:45:00,53,Outbound,Discovery,Completed,4,0.8,257,6,False
4738,2123,10,2024-12-14T13:15:00,45,Outbound,Check-In,Completed,7,0.81,298,9,False
4739,199,3,2024-12-24T17:15:00,56,Outbound,QBR,Completed,3,0.48,223,24,True
4740,4898,1,2022-05-07T12:00:00,3,Outbound,QBR,Voicemail,1,,,0,False
4741,2237,11,2023-05-14T13:45:00,49,Outbound,Negotiation,Completed,2,0.44,33,3,True
4742,3001,4,2022-11-30T14:15:00,27,Outbound,QBR,Completed,6,0.39,48,5,True
4743,3169,5,2023-01-25T14:15:00,16,Inbound,QBR,Completed,6,0.49,49,16,True
4744,3267,2,2024-04-13T10:00:00,52,Outbound,Technical Deep Dive,Rescheduled,1,,,0,False
4745,2456,12,2022-02-13T16:00:00,16,Inbound,Demo,Completed,8,0.5,102,5,True
4746,3451,15,2024-12-09T11:15:00,15,Inbound,Negotiation,Completed,4,0.46,136,4,False
4747,3002,11,2024-12-11T14:45:00,0,Outbound,Technical Deep Dive,No Show,1,,,0,False
4748,4605,5,2021-10-30T10:00:00,42,Outbound,Follow-Up,Completed,7,0.58,194,11,False
4749,3598,13,2023-04-18T09:45:00,55,Inbound,Check-In,Rescheduled,1,,,0,False
4750,1072,5,2023-06-29T16:45:00,55,Outbound,QBR,Completed,6,0.64,136,15,False
4751,1311,8,2021-09-29T14:00:00,31,Outbound,Discovery,Completed,7,0.63,124,20,False
4752,508,11,2022-06-06T15:45:00,51,Inbound,Follow-Up,Completed,4,0.42,50,5,False
4753,2701,11,2022-12-18T13:15:00,53,Inbound,Negotiation,Completed,5,0.45,206,17,False
4754,1820,3,2022-07-01T14:15:00,47,Inbound,Check-In,Completed,8,0.59,230,2,False
4755,2659,6,2024-07-30T12:45:00,0,Outbound,QBR,No Show,1,,,0,False
4756,4660,4,2023-10-20T13:15:00,16,Inbound,Technical Deep Dive,Completed,7,0.59,238,5,True
4757,3182,1,2024-12-23T15:00:00,24,Outbound,Negotiation,Completed,4,0.62,44,4,True
4758,2426,3,2024-06-07T09:00:00,-55,Outbound,Technical Deep Dive,Completed,5,0.49,44,16,True
4759,890,1,2022-06-20T10:00:00,56,Inbound,Demo,Completed,4,0.51,101,13,True
4760,3125,6,2024-12-27T16:30:00,21,Outbound,Check-In,Completed,2,0.53,114,7,True
4761,2246,1,2023-12-31T15:00:00,27,Inbound,Follow-Up,Completed,6,0.39,234,19,False
4762,1207,14,2024-12-24T10:45:00,15,Inbound,Technical Deep Dive,Completed,2,0.62,115,14,False
4763,3952,1,2022-01-02T15:00:00,15,Inbound,Discovery,Completed,8,0.46,172,14,False
4764,2567,15,2024-03-24T12:45:00,56,Outbound,Demo,Completed,4,0.75,55,8,False
4765,3964,16,2024-12-13T13:15:00,54,Inbound,Follow-Up,Completed,7,0.59,208,10,False
4766,2567,15,2024-02-25T10:45:00,22,Inbound,Demo,Completed,8,0.7,114,15,True
4767,2396,12,2021-03-26T13:15:00,47,Outbound,Technical Deep Dive,Completed,6,0.7,210,18,True
4768,293,6,2024-12-01T11:45:00,48,Outbound,Follow-Up,Completed,3,0.39,76,18,True
4769,3062,12,2024-09-20T09:30:00,35,Outbound,Check-In,Completed,4,0.41,168,11,False
4770,4519,11,2024-08-11T11:30:00,39,Inbound,Technical Deep Dive,Completed,3,0.71,218,17,False
4771,2587,1,2021-11-09T10:30:00,50,Outbound,Follow-Up,Completed,3,0.52,184,21,False
4772,2721,12,2023-02-06T15:45:00,59,Inbound,Follow-Up,Completed,8,0.8,177,9,False
4773,519,8,2024-11-01T16:00:00,52,Inbound,QBR,Completed,2,0.67,201,14,True
4774,2127,12,2024-07-23T12:45:00,52,Outbound,QBR,Completed,2,0.62,205,18,False
4775,3298,11,2024-12-28T12:30:00,3,Outbound,Follow-Up,Voicemail,1,,,0,False
4776,1043,6,2023-01-23T15:15:00,39,Outbound,Follow-Up,Completed,7,0.63,125,20,False
4777,4882,10,2022-09-29T11:00:00,,Inbound,Follow-Up,Rescheduled,1,,,0,False
4778,1831,3,2022-05-27T12:00:00,50,Inbound,Follow-Up,Completed,2,0.63,32,19,False
4779,3962,2,2024-12-05T13:00:00,37,Inbound,Follow-Up,Completed,6,0.53,164,12,True
4780,3783,12,2021-02-15T13:00:00,16,Inbound,QBR,Completed,2,0.43,230,15,True
4781,384,8,2022-06-09T14:00:00,25,Outbound,QBR,Rescheduled,1,,,0,False
4782,1038,14,2024-12-07T09:15:00,0,Outbound,Follow-Up,No Show,1,,,0,False
4783,3239,10,2024-12-04T10:15:00,0,Inbound,Discovery,No Show,1,,,0,False
4784,3089,11,2024-10-02T11:15:00,58,Outbound,Technical Deep Dive,Completed,8,0.39,79,9,False
4785,3257,10,2024-05-13T13:15:00,42,Outbound,QBR,Completed,4,0.39,89,12,True
4786,2153,5,2023-08-09T12:00:00,41,Outbound,Negotiation,Rescheduled,1,,,0,False
4787,3262,15,2024-12-17T12:00:00,-37,Outbound,Discovery,Completed,3,0.45,138,11,False
4788,3591,2,2024-12-13T12:00:00,41,Outbound,Follow-Up,Completed,4,0.49,138,19,True
4789,4671,4,2024-07-28T14:00:00,51,Outbound,Follow-Up,Completed,3,0.73,245,11,False
4790,2404,4,2023-12-24T10:15:00,43,Inbound,Negotiation,Completed,4,0.53,280,3,False
4791,49,5,2023-07-16T10:00:00,37,Inbound,QBR,Completed,2,0.44,60,4,True
4792,1603,1,2024-12-25T15:00:00,39,Outbound,Technical Deep Dive,Completed,3,1.23,108,9,True
4793,1318,8,2024-05-22T10:45:00,54,Outbound,Negotiation,Completed,8,1.4,57,5,False
4794,3917,4,2024-05-17T11:15:00,50,Inbound,Discovery,Completed,8,0.7,157,15,False
4795,4704,15,2024-12-06T15:30:00,43,Outbound,Technical Deep Dive,Completed,4,0.71,89,11,True
4796,312,1,2024-08-10T12:00:00,0,Outbound,Check-In,No Show,1,,,0,False
4797,126,2,2024-01-11T10:00:00,21,Outbound,Discovery,Completed,4,0.52,177,18,True
4798,3660,7,2024-10-26T15:30:00,,Outbound,Demo,Completed,6,0.45,182,12,True
4799,3498,8,2024-12-20T11:30:00,46,Outbound,Technical Deep Dive,Completed,4,0.68,150,11,True
4800,4819,15,2024-12-22T16:00:00,23,Outbound,Demo,Completed,8,0.43,32,5,True
4801,1684,1,2023-04-20T11:00:00,35,Inbound,Technical Deep Dive,Completed,6,0.38,214,13,False
4802,4968,4,2023-12-22T13:30:00,49,Outbound,Follow-Up,Completed,2,0.71,166,2,True
4803,4899,13,2023-12-17T10:15:00,16,Outbound,Demo,Completed,2,0.87,74,4,False
4804,2921,5,2021-04-28T10:15:00,19,Inbound,Technical Deep Dive,Rescheduled,1,,,0,False
4805,4925,4,2023-10-12T15:30:00,39,Outbound,Check-In,Completed,4,0.43,202,6,True
4806,2390,12,2024-12-13T11:00:00,31,Outbound,Discovery,Completed,4,0.48,158,17,True
4807,1740,10,2023-06-21T13:15:00,3,Outbound,Check-In,Voicemail,1,,,0,False
4808,4697,8,2022-09-06T13:15:00,41,Inbound,Negotiation,Completed,8,0.46,130,21,True
4809,1635,15,2024-12-06T11:30:00,20,Outbound,Negotiation,Completed,7,0.49,61,12,True
4810,2492,7,2024-03-27T10:15:00,0,Outbound,Check-In,No Show,1,,,0,False
4811,2466,11,2024-06-13T14:45:00,55,Outbound,Follow-Up,Completed,7,0.41,104,7,False
4812,3185,8,2024-12-23T17:45:00,51,Outbound,Discovery,Completed,2,0.7,185,7,False
4813,3696,13,2020-12-31T11:15:00,24,Inbound,Demo,Completed,7,0.78,193,10,True
4814,4479,5,2024-12-14T10:45:00,0,Inbound,Demo,No Show,1,,,0,False
4815,1264,16,2024-12-31T13:15:00,38,Outbound,Demo,Completed,6,0.73,221,7,True
4816,1552,4,2024-04-19T10:30:00,25,Outbound,Demo,Completed,2,0.43,74,11,True
4817,4753,9,2023-11-20T14:00:00,58,Outbound,Technical Deep Dive,Completed,5,0.72,224,8,False
4818,4004,15,2024-12-09T14:15:00,3,Inbound,Negotiation,Voicemail,1,,,0,False
4819,3012,13,2024-12-24T16:30:00,51,Inbound,Negotiation,Completed,2,0.6,175,4,False
4820,3565,8,2023-09-24T12:15:00,1,Outbound,Discovery,Voicemail,1,,,0,False
4821,970,15,2024-06-19T12:15:00,0,Outbound,Negotiation,No Show,1,,,0,False
4822,1538,5,2021-03-06T10:00:00,57,Outbound,Check-In,Completed,6,0.39,139,6,True
4823,4821,7,2024-12-04T17:15:00,0,Inbound,Follow-Up,No Show,1,,,0,False
4824,3683,8,2024-12-23T15:00:00,22,Outbound,Demo,Completed,4,0.66,80,16,True
4825,4083,8,2021-09-08T13:30:00,23,Outbound,Negotiation,Completed,2,0.54,134,12,True
4826,2479,13,2024-12-27T14:00:00,0,Outbound,Follow-Up,No Show,1,,,0,False
4827,1683,1,2024-04-25T13:45:00,38,Outbound,Follow-Up,Completed,3,0.52,181,12,True
4828,4525,5,2024-10-20T14:45:00,0,Outbound,Check-In,No Show,1,,,0,False
4829,4643,3,2024-09-02T12:00:00,0,Outbound,Check-In,No Show,1,,,0,False
4830,2258,15,2024-09-12T14:15:00,18,Outbound,Demo,Completed,3,0.65,53,4,True
4831,3148,9,2024-12-27T11:45:00,19,Outbound,Demo,Completed,4,0.68,78,3,False
4832,4683,14,2030-06-15T10:00:00,24,Inbound,Technical Deep Dive,Completed,5,0.55,35,8,False
4833,108,6,2024-05-21T16:45:00,47,Outbound,Discovery,Rescheduled,1,,,0,False
4834,1077,4,2024-09-05T16:45:00,45,Outbound,Demo,Completed,7,0.5,202,19,True
4835,4977,1,2024-07-25T09:15:00,56,Outbound,QBR,Completed,7,0.38,66,14,False
4836,3080,3,2024-05-30T12:45:00,44,Outbound,Follow-Up,Completed,8,0.38,73,21,True
4837,2294,6,2023-01-14T14:00:00,51,Inbound,Demo,Completed,5,0.61,108,14,False
4838,3114,14,2024-08-30T12:15:00,,Outbound,Discovery,Rescheduled,1,,,0,False
4839,3333,2,2024-12-29T15:30:00,31,Outbound,Discovery,Completed,5,0.42,40,12,True
4840,338,15,2024-11-08T12:00:00,60,Outbound,Demo,Rescheduled,1,,,0,False
4841,4336,16,2024-05-18T16:00:00,40,Outbound,Check-In,Completed,6,0.74,184,4,True
4842,1587,13,2024-07-13T14:30:00,15,Inbound,QBR,Completed,5,0.57,106,11,False
4843,337,12,2024-07-04T09:30:00,42,Outbound,Technical Deep Dive,Completed,2,0.56,56,4,False
4844,4034,15,2024-12-17T11:30:00,47,Inbound,Check-In,Completed,8,0.75,149,15,True
4845,252,15,2024-04-13T14:00:00,0,Inbound,Follow-Up,No Show,1,,,0,False
4846,3149,15,2024-05-24T15:00:00,59,Outbound,Demo,Completed,4,0.41,193,14,True
4847,418,14,2024-08-15T11:00:00,21,Inbound,Discovery,Completed,6,0.39,51,8,True
4848,1098,7,2020-06-13T15:15:00,0,Inbound,Follow-Up,No Show,1,,,0,False
4849,4460,1,2024-12-02T15:30:00,0,Outbound,Technical Deep Dive,No Show,1,,,0,False
4850,982,16,2024-12-08T15:30:00,1,Outbound,Demo,Voicemail,1,,,0,False
4851,1855,16,2024-12-10T16:45:00,42,Outbound,Technical Deep Dive,Completed,6,0.65,80,10,False
4852,1404,11,2023-10-03T14:00:00,0,Inbound,Negotiation,No Show,1,,,0,False
4853,4674,5,2021-10-20T11:15:00,16,Outbound,Follow-Up,Completed,4,0.38,39,22,True
4854,3244,15,2024-11-29T14:15:00,0,Inbound,Negotiation,No Show,1,,,0,False
4855,123,10,2022-11-14T09:00:00,,Inbound,Technical Deep Dive,Completed,3,0.62,203,15,False
4856,4136,5,2024-12-10T14:15:00,26,Outbound,Technical Deep Dive,Rescheduled,1,,,0,False
4857,2232,16,2024-07-21T15:45:00,-45,Inbound,Demo,Completed,4,0.47,174,19,True
4858,3957,2,2030-06-15T10:00:00,32,Inbound,Follow-Up,Completed,8,0.38,34,15,True
4859,3283,9,2024-04-12T13:30:00,0,Inbound,Technical Deep Dive,No Show,1,,,0,False
4860,4718,2,2024-01-29T10:30:00,42,Inbound,Check-In,Completed,6,0.6,250,8,False
4861,1309,6,2021-06-17T10:15:00,51,Outbound,Follow-Up,Completed,3,0.34,32,14,False
4862,3715,3,2023-12-31T13:45:00,2,Outbound,Demo,Voicemail,1,,,0,False
4863,1598,14,2022-09-21T16:30:00,26,Outbound,Check-In,Completed,4,0.63,54,10,False
4864,3899,15,2024-08-28T16:15:00,35,Outbound,Discovery,Completed,3,0.8,46,5,False
4865,3031,15,2023-05-28T17:45:00,29,Outbound,Technical Deep Dive,Completed,3,0.66,30,4,True
4866,4640,5,2030-06-15T10:00:00,50,Outbound,Technical Deep Dive,Rescheduled,1,,,0,False
4867,1783,11,2030-06-15T10:00:00,-46,Outbound,Follow-Up,Rescheduled,1,,,0,False
4868,1240,7,2023-09-20T11:15:00,34,Inbound,Demo,Completed,8,0.75,163,10,False
4869,2065,15,2024-12-23T09:00:00,23,Outbound,Demo,Rescheduled,1,,,0,False
4870,1324,15,2024-12-26T09:15:00,53,Outbound,Follow-Up,Completed,8,0.53,208,12,True
4871,749,1,2022-06-14T11:15:00,41,Outbound,QBR,Completed,7,0.46,167,21,True
4872,4244,12,2022-04-05T15:00:00,-33,Outbound,Follow-Up,Completed,3,0.45,66,15,False
4873,1587,13,2024-07-27T16:45:00,17,Inbound,QBR,Completed,6,1.49,144,8,False
4874,2833,3,2023-08-20T11:30:00,60,Outbound,Follow-Up,Completed,4,0.63,43,18,True
4875,2166,15,2024-08-27T13:30:00,43,Outbound,Check-In,Completed,3,1.18,169,8,False
4876,4588,1,2024-12-02T10:00:00,46,Inbound,QBR,Completed,6,0.54,142,24,True
4877,2041,1,2024-12-11T11:15:00,21,Outbound,Discovery,Completed,7,0.45,66,8,True
4878,1628,1,2030-06-15T10:00:00,17,Outbound,QBR,Completed,8,0.37,105,14,False
4879,3397,10,2024-11-08T14:00:00,60,Inbound,Discovery,Rescheduled,1,,,0,False
4880,3034,1,2023-06-24T15:30:00,56,Outbound,Check-In,Completed,7,1.43,210,4,True
4881,1156,16,2030-06-15T10:00:00,45,Outbound,Discovery,Completed,5,0.51,198,8,True
4882,2672,6,2024-12-20T11:45:00,57,Inbound,Follow-Up,Completed,8,0.37,41,10,True
4883,1077,4,2030-06-15T10:00:00,60,Outbound,Technical Deep Dive,Completed,4,0.58,33,7,True
4884,1303,4,2023-02-24T12:30:00,33,Outbound,Demo,Completed,7,0.68,58,3,False
4885,2734,5,2023-05-07T12:00:00,19,Inbound,Negotiation,Completed,3,0.43,95,18,True
4886,354,3,2024-12-05T13:45:00,44,Outbound,Negotiation,Completed,7,0.42,57,22,True
4887,2710,6,2024-11-19T12:00:00,46,Inbound,Demo,Completed,2,1.34,61,13,False
4888,3356,6,2023-05-30T15:15:00,0,Inbound,Technical Deep Dive,No Show,1,,,0,False
4889,671,6,2023-11-05T17:30:00,54,Outbound,Negotiation,Rescheduled,1,,,0,False
4890,781,15,2024-05-30T16:30:00,39,Outbound,Follow-Up,Completed,6,0.49,31,16,False
4891,2978,3,2024-08-10T12:45:00,41,Outbound,Negotiation,Completed,4,0.42,177,28,True
4892,526,6,2022-07-25T11:15:00,52,Outbound,Discovery,Completed,6,0.6,125,18,False
4893,1093,16,2024-12-15T14:45:00,51,Outbound,Discovery,Completed,8,0.46,233,6,True
4894,1052,4,2023-06-16T15:30:00,3,Outbound,Follow-Up,Voicemail,1,,,0,False
4895,1434,12,2024-12-11T09:15:00,44,Outbound,Discovery,Completed,6,0.57,36,3,False
4896,1004,8,2024-11-08T11:15:00,29,Outbound,QBR,Rescheduled,1,,,0,False
4897,27,4,2024-08-16T15:45:00,22,Outbound,QBR,Completed,4,0.57,87,20,False
4898,2245,6,2030-06-15T10:00:00,26,Inbound,QBR,Completed,8,1.17,290,12,False
4899,617,2,2024-11-01T11:45:00,37,Outbound,Follow-Up,Completed,4,0.69,74,10,True
4900,4506,7,2024-12-11T13:15:00,26,Outbound,Demo,Completed,8,0.58,48,19,False
4901,4449,10,2023-11-13T09:15:00,0,Outbound,QBR,No Show,1,,,0,False
4902,2951,10,2024-09-14T12:30:00,51,Outbound,QBR,Completed,6,0.71,112,6,False
4903,3021,11,2022-09-09T11:45:00,0,Outbound,Follow-Up,No Show,1,,,0,False
4904,609,6,2024-11-15T15:15:00,25,Outbound,QBR,Completed,6,0.44,64,7,True
4905,3080,3,2024-05-23T12:45:00,59,Outbound,Check-In,Completed,8,0.51,156,10,False
4906,161,12,2024-12-07T15:00:00,55,Outbound,Check-In,Completed,8,0.7,249,5,False
4907,2918,15,2024-11-20T14:45:00,15,Outbound,Follow-Up,Completed,5,0.59,178,13,True
4908,1554,7,2022-09-08T12:00:00,46,Inbound,Check-In,Rescheduled,1,,,0,False
4909,4313,9,2024-12-11T14:30:00,16,Outbound,Demo,Completed,6,0.61,68,15,False
4910,4965,15,2022-09-17T14:45:00,55,Inbound,QBR,Completed,8,0.55,64,12,False
4911,4766,14,2023-04-22T11:15:00,60,Outbound,Negotiation,Completed,5,0.52,92,4,False
4912,1987,15,2020-11-11T09:45:00,31,Inbound,Negotiation,Completed,3,0.51,100,7,False
4913,4385,11,2024-12-21T15:45:00,19,Outbound,Check-In,Completed,2,0.57,201,3,False
4914,2786,3,2024-12-09T11:30:00,53,Outbound,Check-In,Completed,2,0.36,55,26,True
4915,4966,4,2024-11-02T13:30:00,28,Outbound,Check-In,Completed,7,0.42,182,19,False
4916,65,3,2024-02-23T11:15:00,31,Outbound,Demo,Completed,2,0.36,155,18,True
4917,1506,12,2023-08-10T10:30:00,1,Inbound,Check-In,Voicemail,1,,,0,False
4918,2240,10,2024-09-10T13:15:00,48,Outbound,Negotiation,Completed,6,0.58,190,9,True
4919,1216,3,2024-09-11T14:15:00,26,Outbound,Discovery,Completed,7,0.42,171,6,False
4920,1042,8,2024-12-04T12:30:00,33,Outbound,Demo,Completed,6,0.79,34,10,False
4921,1527,5,2024-12-11T12:00:00,52,Outbound,Negotiation,Completed,4,0.4,236,12,False
4922,3151,7,2024-12-20T13:15:00,30,Inbound,Technical Deep Dive,Completed,5,0.75,209,10,True
4923,4970,9,2020-08-12T11:15:00,1,Outbound,QBR,Voicemail,1,,,0,False
4924,723,11,2024-10-10T09:15:00,45,Outbound,Check-In,Completed,4,0.63,109,14,True
4925,1046,8,2022-07-18T10:00:00,31,Outbound,Follow-Up,Completed,3,0.51,180,6,False
4926,4108,2,2024-04-18T08:30:00,0,Outbound,Technical Deep Dive,No Show,1,,,0,False
4927,2881,2,2022-12-04T13:30:00,54,Outbound,Technical Deep Dive,Rescheduled,1,,,0,False
4928,3745,13,2024-12-25T14:00:00,0,Outbound,Technical Deep Dive,No Show,1,,,0,False
4929,45,3,2023-12-24T15:45:00,39,Outbound,QBR,Completed,2,0.54,39,9,False
4930,1345,4,2020-02-02T11:15:00,0,Outbound,Check-In,No Show,1,,,0,False
4931,3446,2,2024-12-22T11:00:00,,Outbound,Technical Deep Dive,Completed,2,0.7,80,8,True
4932,2979,16,2024-12-31T10:30:00,45,Inbound,Discovery,Completed,2,0.87,125,11,False
4933,4136,5,2024-12-05T10:30:00,44,Inbound,QBR,Completed,2,0.53,103,12,False
4934,2257,7,2024-03-09T12:30:00,3,Outbound,Check-In,Voicemail,1,,,0,False
4935,2991,6,2023-08-24T16:30:00,24,Outbound,QBR,Completed,8,0.42,75,5,True
4936,610,16,2024-12-15T16:30:00,26,Outbound,Demo,Completed,2,0.59,95,15,True
4937,4384,12,2024-11-25T10:00:00,45,Outbound,Follow-Up,Rescheduled,1,,,0,False
4938,2568,9,2021-12-31T09:00:00,48,Outbound,Discovery,Completed,8,0.51,36,7,True
4939,591,12,2023-05-29T10:30:00,56,Outbound,QBR,Completed,4,0.81,280,11,False
4940,2956,11,2024-12-01T10:45:00,25,Outbound,Follow-Up,Completed,4,0.63,132,9,False
4941,2165,11,2021-11-28T14:15:00,38,Inbound,Technical Deep Dive,Completed,8,0.71,221,6,True
4942,11,6,2023-07-14T13:45:00,17,Inbound,Technical Deep Dive,Completed,3,0.5,162,6,False
4943,2011,13,2023-04-09T12:15:00,20,Outbound,Follow-Up,Completed,5,0.59,183,7,False
4944,1192,3,2023-05-22T10:45:00,58,Inbound,Follow-Up,Rescheduled,1,,,0,False
4945,378,11,2024-12-14T15:15:00,2,Outbound,Discovery,Voicemail,1,,,0,False
4946,488,16,2024-08-18T16:45:00,44,Outbound,Demo,Completed,8,0.56,56,18,True
4947,967,4,2023-07-24T12:30:00,17,Outbound,Follow-Up,Completed,3,0.46,226,20,True
4948,1150,2,2024-06-08T16:45:00,59,Outbound,Follow-Up,Completed,7,0.33,143,6,False
4949,3357,9,2024-03-31T13:45:00,44,Outbound,Negotiation,Completed,6,0.64,70,7,True
4950,2607,3,2024-03-09T15:15:00,53,Outbound,Check-In,Completed,7,0.42,154,12,True
4951,1722,7,2023-03-10T11:15:00,24,Inbound,Discovery,Rescheduled,1,,,0,False
4952,394,13,2024-12-23T15:45:00,54,Outbound,Demo,Completed,8,0.71,269,5,True
4953,1753,7,2024-01-21T11:15:00,43,Outbound,Technical Deep Dive,Completed,8,0.51,134,13,False
4954,2783,15,2024-02-24T15:45:00,35,Outbound,Demo,Completed,5,0.61,206,4,False
4955,4645,3,2024-09-20T16:00:00,0,Inbound,Check-In,No Show,1,,,0,False
4956,731,5,2024-05-20T13:00:00,45,Inbound,Check-In,Completed,5,0.81,87,4,True
4957,3460,6,2023-10-03T10:00:00,0,Outbound,Negotiation,No Show,1,,,0,False
4958,426,13,2023-01-03T16:30:00,41,Inbound,QBR,Rescheduled,1,,,0,False
4959,2369,14,2024-08-27T11:45:00,49,Inbound,Negotiation,Completed,6,0.76,202,7,False
4960,868,9,2024-12-31T14:45:00,53,Outbound,Discovery,Completed,6,0.67,196,1,False
4961,1835,8,2023-06-14T10:15:00,19,Outbound,Check-In,Rescheduled,1,,,0,False
4962,4555,14,2023-04-12T12:00:00,43,Outbound,Check-In,Completed,5,0.47,183,12,False
4963,2542,3,2024-06-12T16:45:00,0,Outbound,Negotiation,No Show,1,,,0,False
4964,4079,7,2023-07-29T12:00:00,53,Inbound,Technical Deep Dive,Completed,4,0.44,72,13,True
4965,2308,14,2024-12-10T17:15:00,47,Outbound,QBR,Completed,6,0.54,239,9,True
4966,1865,1,2024-04-26T15:15:00,32,Outbound,Follow-Up,Completed,6,0.3,86,16,False
4967,2280,7,2024-08-15T13:30:00,,Outbound,Demo,Voicemail,1,,,0,False
4968,70,9,2024-04-26T10:15:00,2,Outbound,Demo,Voicemail,1,,,0,False
4969,1416,7,2024-03-14T15:30:00,42,Outbound,Demo,Completed,8,0.47,121,14,False
4970,1557,10,2024-10-18T13:30:00,15,Outbound,Demo,Completed,8,0.33,87,21,True
4971,2731,10,2023-08-23T11:15:00,51,Outbound,Demo,Completed,5,0.53,105,11,False
4972,4295,4,2023-04-28T15:30:00,27,Inbound,Demo,Completed,8,0.35,131,6,True
4973,4766,14,2023-03-27T13:15:00,22,Outbound,Discovery,Completed,4,0.63,182,3,False
4974,4739,1,2024-03-10T11:15:00,24,Outbound,Check-In,Completed,6,0.59,174,6,False
4975,735,11,2024-10-17T08:00:00,38,Outbound,Technical Deep Dive,Completed,6,0.45,123,11,False
4976,2238,14,2024-11-21T15:00:00,58,Outbound,Technical Deep Dive,Completed,6,0.73,105,9,False
4977,2316,9,2024-05-28T11:45:00,56,Outbound,Check-In,Rescheduled,1,,,0,False
4978,1155,6,2024-12-13T10:00:00,17,Outbound,Check-In,Completed,4,0.74,155,4,False
4979,3881,12,2023-11-20T12:45:00,26,Inbound,Check-In,Completed,3,0.66,237,17,False
4980,4794,11,2024-10-30T16:00:00,34,Inbound,Discovery,Completed,3,0.42,168,11,True
4981,3373,7,2024-10-28T16:45:00,39,Outbound,Negotiation,Completed,3,0.37,229,5,False
4982,2488,7,2022-04-23T12:15:00,20,Outbound,Negotiation,Completed,4,0.49,50,8,False
4983,99,9,2024-12-01T14:45:00,0,Outbound,QBR,No Show,1,,,0,False
4984,3647,2,2024-07-21T13:45:00,26,Inbound,Technical Deep Dive,Completed,7,0.35,102,8,True
4985,3576,16,2024-12-08T12:30:00,18,Outbound,Check-In,Completed,3,0.7,284,6,False
4986,4792,11,2024-12-06T14:45:00,59,Outbound,Check-In,Completed,6,0.45,138,4,True
4987,3244,15,2024-11-17T12:15:00,1,Outbound,Demo,Voicemail,1,,,0,False
4988,363,11,2024-07-13T09:30:00,26,Outbound,Technical Deep Dive,Rescheduled,1,,,0,False
4989,3506,5,2030-06-15T10:00:00,15,Inbound,Follow-Up,Completed,7,0.47,178,6,True
4990,4258,4,2023-01-23T11:30:00,19,Outbound,Follow-Up,Completed,6,0.64,119,17,False
4991,2317,16,2024-12-31T10:00:00,30,Outbound,Demo,Completed,8,0.72,136,13,False
4992,118,3,2024-10-29T14:45:00,50,Outbound,QBR,Completed,8,0.41,142,10,False
4993,4119,3,2024-10-22T09:45:00,25,Inbound,Demo,Completed,4,0.56,202,7,False
4994,4825,13,2023-12-10T13:00:00,1,Outbound,Demo,Voicemail,1,,,0,False
4995,283,12,2024-10-24T15:00:00,20,Inbound,Demo,Completed,6,0.59,225,9,True
4996,1816,6,2022-06-11T14:15:00,52,Outbound,Discovery,Completed,6,0.61,206,11,False
4997,2330,4,2021-11-04T14:30:00,55,Outbound,QBR,Completed,6,0.54,66,8,True
4998,2783,9,2024-12-03T14:15:00,0,Inbound,Demo,No Show,1,,,0,False
4999,2184,6,2024-04-13T13:30:00,44,Outbound,Technical Deep Dive,Completed,3,0.5,221,11,True
5000,389,5,2024-11-21T13:30:00,41,Outbound,Negotiation,Completed,3,0.53,92,21,True
5001,4241,5,2024-12-06T11:30:00,2,Outbound,QBR,Voicemail,1,,,0,False
5002,2314,5,2024-06-23T13:45:00,29,Outbound,Negotiation,Completed,3,0.56,71,19,True
5003,3423,9,2024-05-19T15:30:00,52,Outbound,QBR,Rescheduled,1,,,0,False
5004,963,12,2023-11-05T10:45:00,16,Outbound,Technical Deep Dive,Completed,8,0.62,144,18,False
5005,1347,7,2022-09-01T11:45:00,45,Outbound,QBR,Completed,4,0.5,171,10,True
5006,536,11,2024-05-27T15:30:00,42,Inbound,Demo,Completed,5,0.7,215,16,False
5007,4189,9,2024-07-09T10:00:00,27,Outbound,Technical Deep Dive,Completed,7,0.48,112,9,False
5008,872,10,2021-01-16T11:00:00,39,Outbound,Negotiation,Rescheduled,1,,,0,False
5009,3684,15,2024-11-10T15:00:00,58,Inbound,Check-In,Completed,4,0.51,144,16,False
5010,3642,5,2030-06-15T10:00:00,29,Inbound,Follow-Up,Completed,7,0.38,105,9,False
5011,3622,4,2021-02-18T11:00:00,-15,Inbound,Follow-Up,Completed,4,0.52,231,20,False
5012,4341,14,2024-08-12T08:45:00,33,Outbound,Follow-Up,Completed,7,0.67,143,11,False
5013,910,11,2022-08-15T11:15:00,43,Outbound,Negotiation,Completed,5,0.6,131,6,True
5014,1104,12,2024-09-29T14:30:00,35,Inbound,Technical Deep Dive,Completed,5,0.64,92,16,False
5015,4072,6,2030-06-15T10:00:00,60,Inbound,Discovery,Completed,8,0.57,191,16,False
5016,4581,8,2024-09-22T11:30:00,42,Outbound,Demo,Completed,6,0.49,217,15,False
5017,4725,6,2024-07-14T15:15:00,29,Inbound,Technical Deep Dive,Rescheduled,1,,,0,False
5018,201,11,2024-11-21T12:15:00,53,Outbound,QBR,Completed,3,0.57,197,9,True
5019,1779,6,2022-08-20T15:30:00,0,Outbound,Demo,No Show,1,,,0,False
5020,2090,3,2024-12-19T17:30:00,44,Inbound,Follow-Up,Completed,3,0.62,68,10,False
5021,3304,14,2023-12-09T14:15:00,53,Inbound,Discovery,Completed,2,0.61,99,9,False
5022,1278,2,2024-12-25T16:30:00,-3,Inbound,Technical Deep Dive,Voicemail,1,,,0,False
5023,4885,3,2022-09-19T13:15:00,40,Outbound,QBR,Completed,5,0.63,229,9,True
5024,2018,13,2024-09-29T14:00:00,22,Outbound,Follow-Up,Completed,8,0.54,131,5,True
5025,1801,10,2024-12-09T10:15:00,43,Outbound,Demo,Completed,5,0.73,207,8,True
5026,4592,15,2024-12-01T16:45:00,38,Outbound,Check-In,Completed,5,0.56,175,4,True
5027,1179,10,2024-03-13T16:15:00,0,Inbound,Discovery,No Show,1,,,0,False
5028,4860,6,2024-12-16T12:30:00,3,Outbound,QBR,Voicemail,1,,,0,False
5029,3402,2,2024-12-02T11:30:00,57,Outbound,Follow-Up,Completed,6,0.45,134,24,True
5030,1426,11,2024-11-18T14:45:00,28,Outbound,Check-In,Rescheduled,1,,,0,False
5031,280,3,2023-12-17T10:30:00,39,Inbound,Demo,Completed,4,0.53,233,10,False
5032,1483,2,2024-05-05T13:15:00,-52,Inbound,Check-In,Completed,4,0.65,164,20,False
5033,905,12,2024-12-16T09:30:00,19,Inbound,Negotiation,Completed,2,0.64,165,4,False
5034,3040,2,2030-06-15T10:00:00,47,Inbound,Negotiation,Completed,5,0.45,117,13,True
5035,125,13,2024-11-16T12:15:00,41,Outbound,QBR,Completed,3,0.56,240,9,False
5036,819,2,2024-09-18T13:15:00,-18,Inbound,Check-In,Completed,6,0.25,166,13,True
5037,362,2,2022-11-03T09:30:00,18,Inbound,Demo,Completed,4,0.31,188,15,False
5038,3246,7,2023-09-13T11:45:00,38,Inbound,Discovery,Completed,2,0.62,208,7,True
5039,814,12,2024-12-24T12:00:00,0,Inbound,Negotiation,No Show,1,,,0,False
5040,1117,6,2024-08-11T12:45:00,25,Outbound,Demo,Completed,2,0.72,271,6,True
5041,4448,1,2024-11-02T12:30:00,16,Outbound,Negotiation,Completed,6,1.26,120,24,True
5042,3462,6,2022-09-22T14:15:00,35,Inbound,Discovery,Completed,2,1.36,158,13,True
5043,4188,6,2023-10-29T16:45:00,15,Inbound,Check-In,Completed,7,0.58,54,12,True
5044,636,9,2024-12-07T13:30:00,16,Outbound,Demo,Completed,7,0.39,222,9,False
5045,912,16,2024-12-21T15:30:00,34,Outbound,QBR,Completed,4,0.89,78,12,False
5046,320,1,2024-12-21T10:30:00,49,Inbound,QBR,Completed,5,0.47,175,24,True
5047,1764,7,2024-09-10T14:00:00,32,Outbound,Follow-Up,Completed,7,0.64,229,6,False
5048,1016,1,2023-08-14T10:30:00,38,Outbound,Technical Deep Dive,Completed,6,1.36,246,4,False
5049,1923,12,2024-04-21T11:45:00,20,Inbound,Demo,Completed,3,0.5,160,5,True
5050,975,3,2021-03-01T11:00:00,58,Inbound,Demo,Completed,6,1.4,110,8,False
5051,108,6,2024-05-24T15:30:00,42,Outbound,Discovery,Rescheduled,1,,,0,False
5052,215,15,2024-10-02T08:30:00,60,Inbound,Discovery,Completed,3,1.11,89,2,False
5053,4191,11,2024-12-01T12:45:00,32,Inbound,Follow-Up,Completed,3,0.51,34,9,False
5054,4194,1,2024-12-02T13:45:00,32,Outbound,Discovery,Completed,5,0.64,65,10,True
5055,3543,7,2023-03-28T14:45:00,26,Outbound,Check-In,Completed,5,0.56,168,14,False
5056,3144,9,2022-03-15T10:15:00,31,Outbound,Follow-Up,Completed,7,0.58,244,4,False
5057,872,10,2020-11-09T13:30:00,0,Outbound,Discovery,No Show,1,,,0,False
5058,3556,11,2024-12-25T11:00:00,19,Inbound,QBR,Completed,4,0.54,137,1,False
5059,2535,12,2022-11-20T15:00:00,2,Outbound,QBR,Voicemail,1,,,0,False
5060,4708,4,2022-10-17T16:45:00,46,Outbound,Technical Deep Dive,Completed,6,1.45,223,8,False
5061,4894,8,2022-06-08T14:15:00,45,Inbound,Follow-Up,Completed,2,0.72,99,6,False
5062,2574,16,2024-12-20T16:15:00,55,Outbound,Check-In,Completed,5,0.72,47,15,True
5063,1387,9,2021-05-16T09:30:00,0,Inbound,QBR,No Show,1,,,0,False
5064,4299,6,2024-02-20T16:00:00,1,Inbound,Check-In,Voicemail,1,,,0,False
5065,1695,8,2024-12-02T09:00:00,0,Outbound,Demo,No Show,1,,,0,False
5066,3753,10,2024-12-18T09:45:00,34,Outbound,Technical Deep Dive,Rescheduled,1,,,0,False
5067,2277,6,2024-12-14T15:15:00,46,Outbound,QBR,Completed,4,0.49,224,16,True
5068,3363,6,2022-09-11T17:30:00,2,Outbound,Check-In,Voicemail,1,,,0,False
5069,2371,10,2024-12-27T15:30:00,3,Inbound,Discovery,Voicemail,1,,,0,False
5070,589,5,2024-06-01T15:00:00,50,Inbound,Discovery,Completed,8,1.35,208,19,True
5071,412,8,2021-05-11T13:30:00,22,Outbound,Negotiation,Completed,4,0.68,54,9,False
5072,449,13,2022-09-01T16:15:00,0,Inbound,Follow-Up,No Show,1,,,0,False
5073,1309,6,2021-04-23T08:15:00,0,Outbound,Follow-Up,No Show,1,,,0,False
5074,1803,3,2023-05-15T11:45:00,31,Outbound,Follow-Up,Completed,4,0.6,139,14,False
5075,129,12,2024-06-06T12:45:00,30,Outbound,Negotiation,Completed,4,0.67,251,10,False
5076,3838,6,2022-07-26T09:15:00,3,Outbound,Check-In,Voicemail,1,,,0,False
5077,2122,9,2023-06-15T12:30:00,26,Outbound,Discovery,Completed,3,0.62,165,13,True
5078,3490,10,2024-10-02T15:45:00,1,Outbound,Technical Deep Dive,Voicemail,1,,,0,False
5079,4339,10,2023-08-12T10:30:00,29,Outbound,Discovery,Completed,7,0.4,240,3,True
5080,4969,9,2030-06-15T10:00:00,35,Outbound,Demo,Completed,8,0.73,71,7,False
5081,2851,7,2024-11-27T15:00:00,26,Inbound,QBR,Completed,2,0.37,68,6,False
5082,2592,8,2024-12-05T09:45:00,51,Inbound,Check-In,Completed,2,0.59,156,10,True
5083,1862,5,2020-07-19T10:30:00,54,Inbound,QBR,Completed,8,0.62,166,16,False
5084,1780,16,2024-10-29T14:45:00,0,Outbound,Discovery,No Show,1,,,0,False
5085,606,10,2024-01-06T15:00:00,16,Outbound,Check-In,Completed,3,0.36,122,7,True
5086,2193,7,2024-09-12T13:15:00,29,Outbound,Negotiation,Completed,7,0.61,93,20,False
5087,40,3,2023-12-28T16:30:00,55,Outbound,Check-In,Completed,8,0.47,131,20,True
5088,1119,3,2030-06-15T10:00:00,34,Inbound,Discovery,Completed,3,0.33,173,14,True
5089,3911,16,2024-11-27T09:30:00,0,Outbound,Technical Deep Dive,No Show,1,,,0,False
5090,1264,16,2024-12-16T12:30:00,47,Inbound,Check-In,Completed,2,0.4,214,12,True
5091,3600,3,2024-12-20T12:15:00,28,Inbound,Demo,Completed,3,0.6,200,15,True
5092,4272,11,2023-07-09T15:00:00,18,Outbound,Demo,Completed,7,0.54,150,7,False
5093,4489,10,2030-06-15T10:00:00,29,Outbound,Discovery,Completed,4,0.63,128,12,False
5094,4600,16,2024-10-02T10:00:00,44,Outbound,Discovery,Completed,6,0.79,218,1,True
5095,3225,10,2030-06-15T10:00:00,30,Outbound,Check-In,Completed,3,0.51,121,14,True
5096,4306,4,2024-04-06T14:45:00,27,Outbound,Negotiation,Completed,2,0.59,189,8,False
5097,4741,16,2024-12-24T14:45:00,25,Outbound,Follow-Up,Completed,7,0.43,109,16,False
5098,1638,8,2023-02-01T17:00:00,57,Outbound,Demo,Rescheduled,1,,,0,False
5099,4752,11,2023-11-06T11:45:00,29,Inbound,Technical Deep Dive,Completed,5,0.56,104,12,False
5100,4014,3,2022-12-19T12:45:00,27,Outbound,Negotiation,Completed,5,0.53,141,7,True
5101,188,13,2024-09-07T13:45:00,34,Inbound,Follow-Up,Completed,2,0.45,133,14,True
5102,4331,14,2024-08-06T09:15:00,60,Inbound,QBR,Completed,8,0.48,45,11,False
5103,2358,11,2024-09-06T13:00:00,56,Inbound,Follow-Up,Completed,3,0.73,224,8,False
5104,1862,5,2020-07-02T14:30:00,22,Outbound,Discovery,Completed,3,0.44,80,11,False
5105,3407,2,2024-11-26T16:45:00,37,Outbound,Check-In,Completed,5,0.34,172,25,True
5106,2165,11,2021-12-06T15:45:00,29,Outbound,Check-In,Completed,4,0.41,31,15,True
5107,1473,9,2024-12-16T12:15:00,30,Outbound,QBR,Completed,2,0.64,217,16,False
5108,134,3,2022-12-11T15:00:00,33,Outbound,Technical Deep Dive,Completed,4,0.52,296,6,True
5109,2330,4,2021-11-08T08:00:00,60,Outbound,Negotiation,Completed,4,0.5,162,18,False
5110,1895,8,2024-12-23T08:45:00,33,Outbound,Negotiation,Completed,6,0.54,92,24,False
5111,2445,16,2024-09-18T11:30:00,0,Outbound,Technical Deep Dive,No Show,1,,,0,False
5112,4420,16,2024-11-06T08:45:00,20,Outbound,Check-In,Completed,5,0.58,184,10,False
5113,3133,6,2024-01-16T09:45:00,34,Outbound,Demo,Completed,8,0.49,115,15,False
5114,2863,13,2023-04-26T12:00:00,18,Outbound,Negotiation,Rescheduled,1,,,0,False
5115,2410,4,2024-12-30T13:45:00,30,Outbound,Check-In,Rescheduled,1,,,0,False
5116,3406,15,2024-08-08T11:00:00,38,Outbound,QBR,Completed,5,0.78,231,4,False
5117,359,5,2023-06-14T16:15:00,50,Outbound,Check-In,Completed,4,0.63,75,6,True
5118,3999,15,2024-09-27T11:45:00,30,Outbound,Negotiation,Rescheduled,1,,,0,False
5119,2914,4,2023-06-07T13:45:00,36,Outbound,Discovery,Completed,5,0.5,86,11,True
5120,1489,10,2024-05-23T14:00:00,41,Inbound,QBR,Completed,5,0.64,31,13,False
5121,3641,9,2024-12-22T13:00:00,3,Inbound,Discovery,Voicemail,1,,,0,False
5122,4583,5,2024-12-27T12:00:00,30,Inbound,Check-In,Completed,6,0.57,50,9,False
5123,4134,14,2022-02-09T15:30:00,16,Outbound,Technical Deep Dive,Completed,8,0.45,106,13,False
5124,2146,11,2022-01-13T09:00:00,15,Outbound,QBR,Completed,2,0.63,62,8,True
5125,936,10,2022-12-01T12:15:00,50,Outbound,Technical Deep Dive,Completed,3,0.6,214,8,False
5126,1176,13,2023-01-23T13:45:00,15,Outbound,Check-In,Completed,2,0.7,197,11,True
5127,4481,10,2023-01-30T09:45:00,0,Inbound,Follow-Up,No Show,1,,,0,False
5128,1006,15,2024-08-16T16:30:00,35,Outbound,Follow-Up,Completed,7,0.67,65,8,True
5129,1883,8,2024-11-21T14:00:00,57,Outbound,Check-In,Completed,8,0.37,118,13,False
5130,3275,13,2024-12-17T16:45:00,34,Outbound,Follow-Up,Completed,3,0.9,243,4,False
5131,1630,14,2023-10-05T14:45:00,15,Outbound,QBR,Completed,4,0.52,81,7,False
5132,4799,11,2024-05-29T12:00:00,0,Outbound,QBR,No Show,1,,,0,False
5133,1828,12,2023-11-30T10:15:00,26,Outbound,Negotiation,Completed,2,0.77,267,8,False
5134,277,10,2023-01-18T09:00:00,0,Outbound,Demo,No Show,1,,,0,False
5135,3937,5,2021-02-13T12:00:00,29,Outbound,QBR,Rescheduled,1,,,0,False
5136,3986,13,2024-06-19T12:15:00,16,Outbound,Discovery,Completed,6,0.64,112,11,True
5137,4112,13,2022-02-15T13:15:00,54,Inbound,Negotiation,Completed,7,0.56,115,2,False
5138,2541,6,2023-09-26T08:15:00,27,Outbound,Negotiation,Completed,3,1.13,158,20,False
5139,687,12,2024-12-30T09:30:00,29,Outbound,Check-In,Completed,3,0.38,83,16,False
5140,1088,4,2024-12-21T15:00:00,34,Outbound,Demo,Completed,4,0.48,203,7,False
5141,3872,12,2023-02-05T13:15:00,0,Inbound,Follow-Up,No Show,1,,,0,False
5142,2088,8,2024-04-07T12:00:00,28,Inbound,Demo,Completed,4,0.6,102,16,True
5143,2849,13,2024-04-20T13:45:00,43,Inbound,Follow-Up,Completed,7,0.65,262,8,False
5144,2693,3,2024-05-25T10:45:00,28,Inbound,Technical Deep Dive,Completed,8,0.61,227,9,True
5145,3773,7,2024-10-06T16:30:00,43,Inbound,Negotiation,Completed,5,0.47,195,13,False
5146,2459,1,2024-10-04T08:45:00,45,Inbound,Demo,Completed,4,0.52,174,16,True
5147,4777,9,2023-01-16T14:00:00,46,Outbound,Check-In,Completed,7,0.59,181,6,True
5148,224,1,2024-09-16T13:45:00,0,Outbound,Discovery,No Show,1,,,0,False
5149,2204,16,2024-09-26T12:15:00,28,Outbound,Demo,Completed,5,0.65,41,7,False
5150,4457,16,2024-10-10T13:30:00,46,Outbound,Technical Deep Dive,Rescheduled,1,,,0,False
5151,1838,1,2024-12-29T09:00:00,42,Outbound,Follow-Up,Completed,7,0.44,200,7,False
5152,720,7,2024-12-30T09:30:00,29,Inbound,Check-In,Completed,4,0.41,140,20,True
5153,810,4,2023-12-04T14:00:00,44,Inbound,Negotiation,Completed,6,0.65,264,3,False
5154,2547,7,2023-12-18T12:30:00,45,Inbound,Check-In,Completed,3,0.4,165,18,True
5155,187,9,2030-06-15T10:00:00,48,Outbound,Check-In,Completed,8,0.44,45,4,False
5156,1625,16,2024-11-15T10:00:00,20,Inbound,Technical Deep Dive,Completed,8,0.7,104,5,False
5157,1833,3,2021-11-23T16:00:00,30,Inbound,Check-In,Completed,6,0.52,150,24,False
5158,1490,5,2024-06-18T12:30:00,31,Inbound,Technical Deep Dive,Completed,2,0.38,46,11,False
5159,3407,2,2024-10-30T09:15:00,46,Outbound,Discovery,Completed,4,0.29,128,30,False
5160,4966,4,2024-12-28T14:15:00,51,Inbound,Follow-Up,Completed,2,0.54,126,15,False
5161,423,4,2024-05-27T11:15:00,-60,Outbound,Discovery,Completed,2,0.39,106,10,True
5162,3274,16,2024-12-28T08:30:00,59,Outbound,Check-In,Completed,5,0.48,208,3,True
5163,1068,14,2024-12-16T14:45:00,17,Outbound,Negotiation,Completed,4,0.54,90,8,False
5164,1371,2,2024-02-29T10:00:00,40,Inbound,Discovery,Rescheduled,1,,,0,False
5165,573,14,2023-09-23T14:45:00,2,Inbound,Technical Deep Dive,Voicemail,1,,,0,False
5166,2920,7,2022-07-19T14:00:00,43,Inbound,QBR,Completed,2,0.44,180,25,True
5167,4281,4,2024-09-27T12:30:00,0,Inbound,QBR,No Show,1,,,0,False
5168,1843,2,2022-06-06T11:45:00,,Outbound,Technical Deep Dive,No Show,1,,,0,False
5169,4009,12,2023-10-13T14:15:00,19,Outbound,Negotiation,Completed,3,0.84,197,3,False
5170,3498,8,2024-12-14T16:45:00,55,Outbound,Follow-Up,Completed,7,0.39,179,15,True
5171,4897,15,2024-08-30T12:30:00,56,Inbound,QBR,Completed,7,0.61,32,5,True
5172,2606,10,2024-03-24T13:00:00,42,Outbound,Check-In,Rescheduled,1,,,0,False
5173,4140,2,2024-07-20T14:15:00,19,Outbound,QBR,Completed,2,0.53,139,7,False
5174,4318,15,2024-04-28T14:00:00,37,Outbound,Negotiation,Completed,6,0.66,85,9,False
5175,3792,11,2024-12-12T11:45:00,58,Outbound,Technical Deep Dive,Completed,3,0.62,240,6,False
5176,4440,3,2023-12-30T09:30:00,25,Inbound,Check-In,Completed,3,0.6,209,20,True
5177,33,12,2022-06-08T13:00:00,23,Outbound,Demo,Completed,5,0.72,120,3,False
5178,2508,3,2022-05-16T12:45:00,2,Outbound,Negotiation,Voicemail,1,,,0,False
5179,3402,2,2024-12-29T17:15:00,39,Outbound,QBR,Completed,7,0.43,80,7,True
5180,1061,1,2024-12-25T15:30:00,59,Outbound,Demo,Completed,2,0.39,94,26,True
5181,95,12,2024-12-16T12:30:00,59,Outbound,Demo,Completed,7,0.69,245,4,False
5182,3472,16,2024-12-09T09:45:00,0,Outbound,Negotiation,No Show,1,,,0,False
5183,301,4,2023-08-09T14:30:00,33,Outbound,Follow-Up,Completed,8,0.45,36,7,False
5184,4671,4,2024-09-17T14:15:00,0,Inbound,Technical Deep Dive,No Show,1,,,0,False
5185,1986,13,2024-12-13T16:45:00,0,Inbound,QBR,No Show,1,,,0,False
5186,1117,6,2024-07-17T15:15:00,38,Outbound,Follow-Up,Completed,6,0.73,55,7,False
5187,4721,14,2024-12-09T12:00:00,41,Outbound,Demo,Completed,4,0.56,94,8,False
5188,4675,7,2024-10-01T13:15:00,34,Outbound,Discovery,Completed,2,0.7,67,11,True
5189,1391,6,2024-12-19T14:45:00,43,Outbound,Demo,Completed,2,0.51,150,21,True
5190,4581,8,2024-07-29T08:00:00,18,Inbound,Discovery,Completed,8,0.69,56,7,False
5191,3695,14,2030-06-15T10:00:00,53,Outbound,Check-In,Completed,8,0.66,204,11,False
5192,2883,4,2024-01-22T13:30:00,19,Outbound,Technical Deep Dive,Completed,4,0.65,126,8,False
5193,2013,11,2023-11-21T14:00:00,,Outbound,Discovery,Completed,8,0.49,106,7,True
5194,176,9,2024-07-17T10:30:00,32,Outbound,Demo,Completed,4,0.63,108,18,False
5195,862,5,2024-05-12T17:15:00,0,Inbound,Check-In,No Show,1,,,0,False
5196,2869,4,2021-12-15T13:30:00,44,Inbound,Check-In,Completed,7,0.67,201,10,False
5197,2625,14,2030-06-15T10:00:00,32,Outbound,Technical Deep Dive,Completed,8,0.69,138,12,False
5198,1780,16,2024-09-26T11:30:00,31,Outbound,Technical Deep Dive,Completed,6,0.48,237,12,True
5199,4182,4,2023-03-06T11:45:00,29,Outbound,Negotiation,Rescheduled,1,,,0,False
5200,2437,5,2023-07-18T14:00:00,27,Outbound,Demo,Completed,6,0.62,157,16,False
5201,4373,11,2024-09-09T09:30:00,59,Outbound,Check-In,Rescheduled,1,,,0,False
5202,4913,12,2024-03-01T11:30:00,29,Inbound,Follow-Up,Completed,5,0.66,137,3,True
5203,4328,16,2024-11-03T14:00:00,0,Outbound,Discovery,No Show,1,,,0,False
5204,4279,7,2023-08-09T08:15:00,39,Outbound,Check-In,Completed,8,0.45,34,19,True
5205,837,3,2023-09-01T14:30:00,26,Inbound,Check-In,Completed,7,0.6,143,13,True
5206,1337,11,2024-09-17T11:15:00,37,Outbound,Technical Deep Dive,Completed,8,0.59,175,4,True
5207,431,1,2022-12-18T11:45:00,0,Outbound,Discovery,No Show,1,,,0,False
5208,3647,2,2024-08-22T10:30:00,46,Inbound,QBR,Completed,6,0.51,127,10,True
5209,3257,10,2024-05-25T17:30:00,-36,Inbound,Follow-Up,Completed,3,0.39,143,9,False
5210,4919,3,2024-12-15T14:15:00,53,Outbound,Technical Deep Dive,Completed,2,0.48,91,22,False
5211,1556,8,2024-02-08T12:15:00,17,Outbound,Check-In,Completed,6,1.35,77,8,False
5212,266,1,2024-01-30T13:45:00,3,Outbound,Discovery,Voicemail,1,,,0,False
5213,4799,11,2024-04-29T13:15:00,53,Outbound,Demo,Completed,3,0.52,189,14,True
5214,2181,9,2024-06-26T11:00:00,22,Outbound,Discovery,Completed,4,0.53,151,5,False
5215,1342,11,2020-09-08T12:15:00,22,Outbound,Demo,Completed,8,0.44,41,9,True
5216,1279,2,2024-12-30T16:45:00,0,Outbound,Discovery,No Show,1,,,0,False
5217,4186,2,2024-12-27T13:30:00,1,Outbound,Technical Deep Dive,Voicemail,1,,,0,False
5218,2759,7,2023-09-17T13:00:00,46,Inbound,Demo,Completed,3,0.4,123,11,True
5219,3738,10,2021-11-12T10:15:00,55,Inbound,Technical Deep Dive,Completed,4,0.45,231,8,False
5220,689,16,2024-12-16T12:00:00,49,Outbound,Technical Deep Dive,Completed,2,0.5,131,16,True
5221,1425,1,2024-12-01T13:15:00,60,Outbound,Technical Deep Dive,Completed,2,0.47,220,9,False
5222,3961,7,2024-12-28T13:15:00,22,Outbound,Check-In,Completed,5,0.65,216,17,True
5223,2156,6,2022-08-15T12:30:00,45,Outbound,Check-In,Completed,7,0.58,72,7,False
5224,1014,11,2022-02-28T16:15:00,43,Inbound,Check-In,Completed,3,0.65,179,9,True
5225,1846,2,2024-12-07T10:15:00,49,Outbound,Discovery,Rescheduled,1,,,0,False
5226,363,11,2024-06-30T14:45:00,0,Inbound,Negotiation,No Show,1,,,0,False
5227,1068,14,2024-12-18T13:45:00,35,Outbound,QBR,Rescheduled,1,,,0,False
5228,2069,12,2023-07-19T11:45:00,51,Outbound,Technical Deep Dive,Rescheduled,1,,,0,False
5229,1164,5,2030-06-15T10:00:00,30,Outbound,Discovery,Completed,6,0.49,128,14,True
5230,4140,2,2024-09-14T15:45:00,22,Outbound,Demo,Rescheduled,1,,,0,False
5231,1370,8,2024-12-03T15:30:00,17,Outbound,Discovery,Completed,4,0.57,127,12,False
5232,1823,7,2024-05-01T10:15:00,39,Outbound,Discovery,Completed,5,0.61,134,13,True
5233,1257,10,2023-04-16T12:15:00,19,Outbound,QBR,Completed,8,0.62,204,4,True
5234,3467,16,2023-04-01T13:30:00,54,Outbound,Technical Deep Dive,Completed,5,0.62,182,3,True
5235,443,7,2024-09-07T13:00:00,3,Outbound,Check-In,Voicemail,1,,,0,False
5236,586,12,2023-12-24T11:15:00,57,Outbound,Demo,Completed,7,0.67,261,9,False
5237,4877,8,2023-04-15T14:15:00,37,Outbound,Demo,Rescheduled,1,,,0,False
5238,1453,14,2024-12-20T15:15:00,37,Outbound,QBR,Completed,3,0.72,40,5,True
5239,1551,3,2024-04-14T14:45:00,27,Inbound,Negotiation,Rescheduled,1,,,0,False
5240,3318,9,2024-10-21T12:45:00,27,Inbound,QBR,Completed,7,0.47,228,18,False
5241,4475,16,2024-10-05T09:15:00,19,Inbound,QBR,Completed,2,0.73,133,13,True
5242,3662,15,2024-12-07T14:00:00,23,Inbound,QBR,Completed,2,0.6,121,4,False
5243,4300,13,2024-11-15T12:45:00,34,Inbound,Negotiation,Completed,6,0.75,224,7,False
5244,4456,1,2023-05-07T14:30:00,16,Outbound,QBR,Completed,6,0.48,146,21,True
5245,2196,7,2024-05-30T12:15:00,38,Inbound,Follow-Up,Rescheduled,1,,,0,False
5246,1167,10,2021-10-29T14:30:00,25,Outbound,Discovery,Completed,4,0.54,92,11,False
5247,3397,10,2024-12-18T16:00:00,25,Outbound,Demo,Completed,2,0.72,233,11,True
5248,379,3,2021-03-24T12:15:00,19,Inbound,Demo,Completed,8,0.61,224,18,True
5249,3550,15,2024-07-01T15:15:00,54,Inbound,Demo,Completed,6,0.58,178,4,True
5250,3954,15,2024-12-28T15:30:00,22,Outbound,Discovery,Completed,6,0.45,215,6,True
5251,2384,16,2024-03-08T10:00:00,51,Outbound,Discovery,Completed,4,0.84,71,10,False
5252,4073,10,2023-02-01T16:00:00,46,Outbound,QBR,Completed,8,0.53,145,12,True
5253,4577,10,2023-05-29T12:30:00,38,Inbound,Discovery,Completed,7,0.53,141,15,True
5254,2981,7,2024-12-26T15:45:00,32,Outbound,Discovery,Rescheduled,1,,,0,False
5255,1627,3,2024-02-15T15:45:00,33,Inbound,Check-In,Completed,4,0.63,167,21,False
5256,3544,12,2021-12-20T16:30:00,52,Inbound,Follow-Up,Completed,2,0.62,192,15,False
5257,4132,9,2024-07-16T09:00:00,20,Outbound,Negotiation,Completed,5,0.62,68,8,False
5258,645,5,2024-12-05T13:00:00,15,Outbound,QBR,Completed,3,0.39,237,4,True
5259,4081,10,2030-06-15T10:00:00,27,Outbound,Technical Deep Dive,Completed,8,0.45,134,13,True
5260,1448,12,2021-12-12T10:00:00,45,Inbound,Negotiation,Completed,6,0.53,118,13,False
5261,3722,4,2024-01-30T11:30:00,54,Outbound,Technical Deep Dive,Completed,7,0.51,45,4,False
5262,3193,12,2021-10-09T09:30:00,44,Inbound,Check-In,Completed,3,0.52,55,11,True
5263,3878,10,2021-10-03T15:30:00,42,Outbound,Negotiation,Rescheduled,1,,,0,False
5264,2257,7,2030-06-15T10:00:00,32,Outbound,Follow-Up,Completed,5,0.57,112,13,False
5265,280,3,2024-01-20T15:30:00,29,Outbound,Technical Deep Dive,Completed,4,0.57,69,14,False
5266,594,6,2024-04-24T12:15:00,53,Inbound,QBR,Completed,5,0.56,93,14,False
5267,3338,5,2023-01-05T16:30:00,36,Outbound,QBR,Completed,2,0.67,141,20,False
5268,1124,16,2024-07-27T12:30:00,17,Outbound,Demo,Completed,2,0.6,50,9,False
5269,3670,4,2030-06-15T10:00:00,-35,Outbound,Technical Deep Dive,Completed,5,0.58,113,12,True
5270,2902,14,2023-12-03T15:30:00,55,Inbound,Discovery,Completed,3,0.69,136,11,True
5271,2823,11,2024-12-25T16:30:00,21,Outbound,Check-In,Completed,4,0.45,96,18,True
5272,2281,1,2022-05-30T13:15:00,,Outbound,Technical Deep Dive,Voicemail,1,,,0,False
5273,2617,4,2023-08-30T13:30:00,53,Outbound,Check-In,Completed,7,0.6,203,12,False
5274,3761,1,2021-06-13T11:30:00,25,Inbound,Negotiation,Completed,7,0.32,61,10,True
5275,3678,11,2024-04-01T12:15:00,15,Inbound,Discovery,Completed,3,0.41,66,18,True
5276,4094,8,2024-07-03T15:30:00,22,Inbound,Check-In,Completed,5,0.36,235,11,True
5277,4287,8,2023-08-24T14:15:00,26,Outbound,Check-In,Completed,5,0.67,47,20,False
5278,4025,11,2024-12-23T14:30:00,,Inbound,Demo,Completed,4,0.64,67,16,True
5279,4384,12,2030-06-15T10:00:00,45,Outbound,QBR,Completed,7,0.63,158,7,False
5280,1987,15,2020-10-21T15:15:00,54,Outbound,Discovery,Rescheduled,1,,,0,False
5281,2192,3,2030-06-15T10:00:00,0,Inbound,Discovery,No Show,1,,,0,False
5282,3289,12,2023-09-04T15:45:00,37,Inbound,Technical Deep Dive,Completed,8,0.39,48,17,False
5283,3785,7,2024-06-18T15:45:00,53,Inbound,Follow-Up,Completed,6,1.38,275,5,True
5284,3450,4,2020-10-11T11:45:00,21,Outbound,Negotiation,Completed,2,0.67,100,7,False
5285,571,7,2030-06-15T10:00:00,39,Outbound,Discovery,Completed,4,0.83,37,14,False
5286,3877,2,2023-02-22T11:45:00,37,Inbound,Technical Deep Dive,Rescheduled,1,,,0,False
5287,1737,6,2023-09-09T10:15:00,31,Outbound,Technical Deep Dive,Completed,2,0.57,82,6,False
5288,2191,6,2024-09-07T14:45:00,53,Outbound,Check-In,Completed,6,1.24,124,12,False
5289,849,7,2024-03-09T11:15:00,28,Inbound,Demo,Completed,7,0.62,146,12,True
5290,4146,10,2024-11-30T11:30:00,0,Inbound,Technical Deep Dive,No Show,1,,,0,False
5291,2066,10,2024-12-28T14:15:00,23,Outbound,Demo,Completed,3,0.6,225,6,False
5292,764,12,2024-08-01T11:00:00,,Outbound,Technical Deep Dive,Rescheduled,1,,,0,False
5293,4194,1,2024-11-28T13:15:00,53,Outbound,QBR,Completed,3,0.48,101,20,True
5294,2441,15,2024-12-08T13:00:00,41,Inbound,Discovery,Completed,8,0.47,47,13,False
5295,2114,16,2024-12-23T13:45:00,33,Inbound,Discovery,Completed,8,0.66,96,5,False
5296,2504,3,2022-09-21T17:30:00,28,Outbound,Negotiation,Completed,3,0.59,234,9,False
5297,2505,15,2024-11-10T08:15:00,,Outbound,Demo,No Show,1,,,0,False
5298,546,12,2023-12-25T12:45:00,2,Outbound,Technical Deep Dive,Voicemail,1,,,0,False
5299,144,6,2021-02-26T14:15:00,0,Outbound,Discovery,No Show,1,,,0,False
5300,4208,14,2024-11-18T09:30:00,,Outbound,Check-In,Completed,5,0.65,239,4,True
5301,4,1,2024-10-25T15:30:00,15,Outbound,Negotiation,Completed,2,0.39,219,19,True
5302,2713,2,2024-12-03T15:45:00,38,Outbound,Negotiation,Completed,7,0.56,56,16,True
5303,1786,4,2024-12-15T10:00:00,,Inbound,Follow-Up,Completed,4,0.55,33,7,False
5304,1540,9,2024-12-26T08:15:00,31,Outbound,Check-In,Rescheduled,1,,,0,False
5305,3544,14,2024-05-02T14:45:00,42,Inbound,QBR,Completed,6,0.65,154,14,False
5306,3679,2,2024-12-31T12:30:00,0,Outbound,QBR,No Show,1,,,0,False
5307,341,3,2023-05-21T13:00:00,51,Outbound,Demo,Completed,5,0.52,236,24,False
5308,4908,2,2024-06-06T11:00:00,32,Inbound,Check-In,Completed,6,0.57,134,6,True
5309,206,8,2023-12-18T14:30:00,19,Inbound,Discovery,Completed,3,0.66,138,20,True
5310,2687,14,2024-12-27T11:00:00,0,Outbound,Negotiation,No Show,1,,,0,False
5311,3956,1,2024-02-23T11:00:00,38,Outbound,Demo,Completed,4,0.39,182,22,True
5312,189,2,2024-05-28T12:45:00,45,Outbound,Discovery,Completed,6,0.3,101,12,True
5313,2026,5,2024-12-20T12:15:00,35,Outbound,Negotiation,Completed,5,0.78,31,10,True
5314,506,11,2023-12-28T11:30:00,22,Outbound,Discovery,Completed,8,0.45,118,14,False
5315,4945,2,2022-02-04T09:00:00,27,Outbound,Negotiation,Completed,3,0.34,199,20,False
5316,660,5,2024-10-13T13:15:00,50,Outbound,Negotiation,Completed,8,0.46,174,5,True
5317,69,12,2023-08-25T11:45:00,33,Outbound,Demo,Completed,2,0.48,208,3,True
5318,4299,6,2023-11-28T12:45:00,23,Outbound,Follow-Up,Rescheduled,1,,,0,False
5319,3901,13,2024-04-26T12:15:00,46,Outbound,Follow-Up,Completed,2,0.77,149,13,False
5320,878,3,2023-07-24T13:15:00,45,Inbound,QBR,Completed,8,0.64,65,4,True
5321,3913,16,2024-11-13T17:30:00,0,Inbound,Technical Deep Dive,No Show,1,,,0,False
5322,3394,16,2024-11-25T11:45:00,20,Outbound,Negotiation,Completed,7,0.42,55,12,False
5323,48,11,2024-01-26T10:15:00,26,Outbound,Discovery,Completed,2,0.84,81,8,False
5324,604,6,2024-12-28T09:45:00,48,Outbound,Check-In,Completed,7,0.68,230,8,False
5325,2896,8,2024-12-23T13:45:00,17,Outbound,Demo,Completed,7,0.37,85,12,False
5326,1789,3,2024-10-30T15:15:00,0,Outbound,QBR,No Show,1,,,0,False
5327,3455,11,2030-06-15T10:00:00,17,Outbound,Technical Deep Dive,Completed,3,0.82,228,8,True
5328,1856,2,2024-09-23T10:45:00,19,Inbound,Discovery,Completed,4,0.55,49,14,False
5329,3386,5,2024-12-19T15:30:00,0,Outbound,Discovery,No Show,1,,,0,False
5330,4052,10,2024-11-18T10:45:00,25,Outbound,Technical Deep Dive,Rescheduled,1,,,0,False
5331,499,9,2024-09-12T13:00:00,44,Outbound,Discovery,Rescheduled,1,,,0,False
5332,972,5,2022-07-22T10:15:00,0,Outbound,QBR,No Show,1,,,0,False
5333,2065,15,2024-12-22T11:30:00,60,Outbound,Negotiation,Completed,3,0.68,140,8,False
5334,546,12,2023-12-17T14:15:00,30,Outbound,Check-In,Completed,8,0.38,89,10,True
5335,2685,15,2024-04-21T12:45:00,58,Outbound,Follow-Up,Completed,3,0.55,240,7,False
5336,720,7,2024-12-31T12:15:00,20,Inbound,Follow-Up,Completed,2,0.52,231,4,True
5337,3297,2,2021-11-29T11:45:00,30,Outbound,Demo,Completed,6,0.64,118,9,True
5338,1466,16,2024-12-08T17:00:00,45,Outbound,Follow-Up,Completed,5,0.59,100,4,True
5339,2782,11,2024-12-04T14:30:00,30,Outbound,Discovery,Rescheduled,1,,,0,False
5340,1278,2,2024-12-31T10:15:00,43,Inbound,Check-In,Completed,7,0.32,103,24,True
5341,4840,15,2024-12-08T12:45:00,34,Outbound,Negotiation,Completed,2,0.44,124,7,False
5342,4372,4,2024-07-07T15:15:00,44,Outbound,Check-In,Completed,7,0.43,67,18,True
5343,4288,3,2024-10-05T14:45:00,1,Outbound,Demo,Voicemail,1,,,0,False
5344,4391,14,2023-05-19T16:15:00,17,Outbound,Technical Deep Dive,Completed,5,0.73,65,14,False
5345,325,8,2024-07-27T09:15:00,2,Outbound,Follow-Up,Voicemail,1,,,0,False
5346,214,7,2024-10-04T10:30:00,-31,Outbound,Demo,Completed,6,0.37,122,11,False
5347,3358,4,2023-05-25T14:00:00,32,Outbound,Negotiation,Completed,6,0.63,166,19,True
5348,1827,4,2024-11-10T15:00:00,24,Inbound,Demo,Rescheduled,1,,,0,False
5349,2808,4,2023-02-08T13:30:00,2,Outbound,Negotiation,Voicemail,1,,,0,False
5350,3529,8,2024-12-09T11:45:00,42,Outbound,Negotiation,Rescheduled,1,,,0,False
5351,3273,16,2024-03-04T09:15:00,,Outbound,Technical Deep Dive,Completed,6,0.7,210,16,False
5352,3871,11,2024-12-28T11:45:00,33,Outbound,Follow-Up,Completed,6,0.61,65,11,False
5353,2148,16,2024-10-09T10:45:00,18,Inbound,Check-In,Completed,6,0.69,199,4,False
5354,2356,11,2024-09-12T11:30:00,46,Outbound,Discovery,Completed,6,0.38,91,16,True
5355,1040,14,2022-05-17T11:00:00,22,Outbound,Follow-Up,Completed,7,0.52,199,11,True
5356,3361,2,2024-11-05T11:15:00,37,Outbound,QBR,Completed,4,0.42,145,13,True
5357,4677,6,2024-03-08T13:45:00,29,Inbound,Negotiation,Completed,7,1.38,204,17,True
5358,2632,8,2021-05-24T13:00:00,31,Outbound,Demo,Completed,7,0.47,129,4,False
5359,105,3,2024-06-09T15:45:00,31,Inbound,Negotiation,Completed,7,1.47,75,4,False
5360,4259,14,2024-12-16T15:15:00,0,Outbound,Technical Deep Dive,No Show,1,,,0,False
5361,359,5,2023-07-07T08:30:00,20,Outbound,Negotiation,Completed,3,0.65,31,20,True
5362,1713,5,2024-12-17T16:15:00,36,Outbound,Demo,Rescheduled,1,,,0,False
5363,1010,1,2021-12-19T16:45:00,56,Outbound,Discovery,Completed,7,0.67,224,3,True
5364,1972,10,2024-12-30T15:30:00,38,Outbound,Demo,Completed,3,0.43,59,7,False
5365,2138,16,2024-07-14T10:30:00,,Inbound,Negotiation,Rescheduled,1,,,0,False
5366,3027,4,2024-12-17T17:45:00,51,Outbound,Discovery,Completed,4,1.34,233,12,False
5367,390,6,2023-04-18T16:30:00,37,Outbound,Discovery,Completed,4,0.59,218,15,True
5368,589,5,2024-05-23T11:15:00,0,Outbound,Follow-Up,No Show,1,,,0,False
5369,1171,14,2024-12-06T11:00:00,15,Outbound,Check-In,Completed,7,0.64,66,8,False
5370,1311,8,2021-09-01T08:00:00,24,Inbound,QBR,Completed,3,0.42,120,19,True
5371,187,9,2024-11-19T14:15:00,0,Outbound,Discovery,No Show,1,,,0,False
5372,2465,15,2024-09-14T14:00:00,48,Inbound,QBR,Completed,7,0.6,109,4,True
5373,4064,7,2021-04-09T12:15:00,27,Outbound,Check-In,Rescheduled,1,,,0,False
5374,3574,4,2024-09-12T16:00:00,45,Inbound,Technical Deep Dive,Rescheduled,1,,,0,False
5375,2094,11,2030-06-15T10:00:00,37,Outbound,Discovery,Completed,2,0.51,197,4,True
5376,1746,4,2024-10-28T11:30:00,31,Outbound,Negotiation,Completed,6,0.52,139,11,True
5377,3692,12,2023-01-19T13:30:00,0,Outbound,Technical Deep Dive,No Show,1,,,0,False
5378,721,5,2023-11-20T16:15:00,37,Inbound,Check-In,Completed,4,1.15,76,4,False
5379,1290,13,2024-12-04T11:00:00,20,Inbound,Discovery,Completed,2,0.71,134,6,False
5380,4225,2,2023-09-02T15:00:00,38,Outbound,Technical Deep Dive,Completed,7,0.34,73,24,True
5381,3643,4,2022-07-23T10:00:00,18,Inbound,Follow-Up,Rescheduled,1,,,0,False
5382,2184,6,2024-02-02T15:00:00,-50,Inbound,Check-In,Completed,6,0.39,100,4,False
5383,4014,3,2022-09-30T13:30:00,42,Inbound,Discovery,Completed,7,0.51,222,4,False
5384,2234,6,2030-06-15T10:00:00,24,Inbound,Negotiation,Completed,4,1.14,110,7,False
5385,3337,6,2023-12-12T14:30:00,0,Outbound,Negotiation,No Show,1,,,0,False
5386,358,14,2022-03-18T12:15:00,27,Inbound,Discovery,Completed,4,0.74,44,14,False
5387,982,16,2024-12-27T10:15:00,1,Outbound,Technical Deep Dive,Voicemail,1,,,0,False
5388,3771,15,2023-05-20T13:15:00,50,Inbound,QBR,Completed,7,0.45,117,13,True
5389,328,10,2024-12-30T17:45:00,38,Inbound,Discovery,Completed,2,0.38,49,9,False
5390,3941,11,2024-09-27T14:00:00,21,Outbound,Demo,Completed,3,0.47,42,3,False
5391,4173,8,2022-10-27T15:15:00,57,Outbound,QBR,Completed,5,0.55,75,12,True
5392,1964,4,2024-11-30T16:30:00,47,Outbound,QBR,Completed,6,0.56,129,4,False
5393,650,15,2024-12-04T10:00:00,3,Outbound,QBR,Voicemail,1,,,0,False
5394,1591,8,2022-12-26T13:30:00,31,Outbound,Follow-Up,Completed,8,1.43,113,17,False
5395,558,8,2024-12-23T12:45:00,21,Inbound,QBR,Rescheduled,1,,,0,False
5396,889,2,2024-12-02T11:00:00,49,Inbound,Negotiation,Completed,5,0.61,234,12,True
5397,4778,15,2030-06-15T10:00:00,15,Outbound,Check-In,Completed,7,0.41,94,6,True
5398,2471,14,2022-07-16T11:00:00,0,Outbound,QBR,No Show,1,,,0,False
5399,4839,4,2023-11-13T09:00:00,16,Inbound,Discovery,Completed,5,0.54,111,13,True
5400,4216,8,2024-02-28T14:00:00,-21,Outbound,Check-In,Rescheduled,1,,,0,False
5401,2850,11,2024-09-10T10:00:00,58,Outbound,Negotiation,Completed,7,0.49,219,3,True
5402,4704,15,2024-12-26T11:45:00,17,Inbound,Technical Deep Dive,Completed,5,0.69,175,7,True
5403,4203,14,2024-09-15T10:15:00,45,Outbound,Follow-Up,Completed,8,0.78,120,11,False
5404,1063,10,2023-06-24T15:45:00,44,Outbound,Follow-Up,Rescheduled,1,,,0,False
5405,3944,9,2024-07-13T09:30:00,0,Outbound,Discovery,No Show,1,,,0,False
5406,2925,7,2023-12-06T14:15:00,17,Inbound,Technical Deep Dive,Completed,8,0.42,207,5,False
5407,2184,6,2022-06-14T15:15:00,33,Outbound,QBR,Completed,5,0.76,207,10,True
5408,2580,6,2024-12-25T14:30:00,15,Outbound,QBR,Completed,6,0.57,133,19,False
5409,4848,3,2023-01-11T12:15:00,36,Outbound,Check-In,Completed,4,0.46,54,16,True
5410,4455,12,2024-09-11T14:00:00,35,Outbound,Discovery,Completed,3,0.4,225,17,False
5411,2116,11,2022-09-08T10:00:00,55,Outbound,Negotiation,Completed,5,0.41,111,3,True
5412,827,3,2024-12-25T17:15:00,28,Outbound,Discovery,Completed,5,0.53,131,18,True
5413,489,9,2020-07-24T13:30:00,39,Outbound,QBR,Completed,4,0.81,75,7,False
5414,721,5,2023-11-12T10:30:00,3,Outbound,Demo,Voicemail,1,,,0,False
5415,1654,7,2022-09-04T14:45:00,44,Outbound,Demo,Rescheduled,1,,,0,False
5416,2488,7,2022-03-25T10:30:00,46,Outbound,QBR,Completed,6,0.61,224,8,False
5417,4725,6,2024-08-30T17:15:00,20,Outbound,Demo,Completed,8,0.74,107,7,True
5418,106,15,2024-07-26T13:15:00,,Outbound,Negotiation,Rescheduled,1,,,0,False
5419,382,1,2024-04-16T13:30:00,54,Outbound,Discovery,Completed,8,0.62,105,16,False
5420,1301,12,2024-08-23T16:45:00,38,Outbound,Negotiation,Completed,7,1.11,48,15,False
5421,1671,1,2023-03-30T15:45:00,52,Outbound,Demo,Completed,5,0.31,136,7,False
5422,3773,7,2024-09-12T12:00:00,24,Outbound,Discovery,Completed,5,0.7,177,8,True
5423,852,1,2024-10-04T13:15:00,50,Inbound,Demo,Completed,2,0.44,163,6,True
5424,265,14,2024-03-02T13:00:00,44,Outbound,Check-In,Completed,8,0.51,90,9,True
5425,679,12,2022-04-20T14:45:00,44,Outbound,QBR,Completed,6,0.61,275,8,False
5426,3294,10,2024-12-17T16:30:00,55,Outbound,Technical Deep Dive,Completed,2,0.61,167,10,False
5427,789,7,2022-07-23T10:00:00,42,Inbound,Negotiation,Rescheduled,1,,,0,False
5428,3765,15,2023-03-09T15:30:00,44,Outbound,QBR,Completed,6,0.7,121,8,False
5429,4050,5,2024-12-14T10:00:00,55,Outbound,Discovery,Completed,4,0.68,254,9,False
5430,819,2,2024-08-25T11:15:00,24,Outbound,QBR,Completed,5,0.31,107,10,True
5431,3859,2,2023-05-07T14:45:00,57,Outbound,Follow-Up,Completed,4,0.59,47,7,True
5432,302,15,2024-09-10T11:15:00,42,Outbound,Negotiation,Completed,4,0.45,186,15,True
5433,4811,4,2023-03-18T16:30:00,34,Outbound,Discovery,Completed,7,0.37,106,11,False
5434,202,15,2024-11-01T11:30:00,60,Outbound,Check-In,Completed,7,0.56,80,1,False
5435,2107,6,2024-03-05T14:00:00,31,Inbound,Negotiation,Completed,2,0.5,102,17,True
5436,4616,15,2024-12-30T11:00:00,1,Outbound,QBR,Voicemail,1,,,0,False
5437,2835,13,2022-11-02T11:15:00,40,Inbound,Negotiation,Completed,8,0.46,90,10,False
5438,2004,8,2030-06-15T10:00:00,39,Outbound,QBR,Completed,8,0.54,138,6,False
5439,1014,15,2024-12-04T10:45:00,18,Outbound,Follow-Up,Completed,4,0.41,31,7,True
5440,850,11,2024-02-24T15:30:00,37,Inbound,Check-In,Completed,3,0.6,184,16,False
5441,4907,16,2024-07-25T15:45:00,42,Inbound,Discovery,Completed,3,0.59,165,12,False
5442,944,4,2022-10-27T15:00:00,44,Inbound,Discovery,Completed,3,0.62,95,18,True
5443,2331,15,2024-09-30T10:45:00,0,Inbound,Negotiation,No Show,1,,,0,False
5444,1718,1,2024-01-05T15:15:00,0,Outbound,Negotiation,No Show,1,,,0,False
5445,3416,15,2024-09-12T12:00:00,28,Inbound,Discovery,Completed,2,0.55,211,6,True
5446,1358,10,2022-02-14T15:15:00,32,Inbound,Check-In,Completed,7,0.74,201,12,True
5447,798,8,2023-08-31T16:00:00,42,Inbound,Follow-Up,Completed,8,0.64,50,18,True
5448,591,12,2023-05-29T12:00:00,46,Inbound,Follow-Up,Rescheduled,1,,,0,False
5449,962,10,2024-01-05T13:45:00,51,Inbound,QBR,Completed,2,0.56,84,6,False
5450,4442,5,2024-11-10T11:15:00,20,Outbound,QBR,Completed,7,0.55,37,24,False
5451,232,12,2024-02-05T15:30:00,56,Inbound,Follow-Up,Completed,5,0.66,31,9,True
5452,2771,8,2024-10-13T10:45:00,50,Inbound,QBR,Rescheduled,1,,,0,False
5453,3145,8,2024-12-30T15:15:00,58,Inbound,Follow-Up,Completed,8,0.72,282,10,False
5454,967,4,2030-06-15T10:00:00,24,Inbound,Negotiation,Completed,4,0.61,191,7,True
5455,3052,14,2024-05-16T11:45:00,35,Outbound,Check-In,Completed,5,0.7,53,2,False
5456,2038,7,2024-11-15T15:15:00,0,Inbound,Discovery,No Show,1,,,0,False
5457,4388,15,2024-12-28T13:15:00,47,Outbound,Discovery,Completed,5,0.65,60,11,True
5458,3997,9,2024-01-09T13:00:00,19,Inbound,Demo,Completed,7,0.72,186,17,False
5459,3412,10,2023-12-22T12:00:00,49,Inbound,Follow-Up,Completed,8,0.55,268,6,True
5460,520,1,2030-06-15T10:00:00,37,Outbound,Demo,Completed,7,0.43,140,22,True
5461,2642,10,2022-12-29T10:45:00,45,Inbound,Negotiation,Completed,4,0.75,44,7,True
5462,3611,10,2024-01-02T16:15:00,52,Outbound,Demo,Completed,4,0.51,53,17,True
5463,2827,10,2022-04-20T12:00:00,0,Outbound,Technical Deep Dive,No Show,1,,,0,False
5464,254,3,2021-01-29T13:15:00,0,Inbound,QBR,No Show,1,,,0,False
5465,1000,8,2024-11-04T12:45:00,50,Outbound,Demo,Rescheduled,1,,,0,False
5466,2657,8,2023-05-20T09:30:00,38,Inbound,Technical Deep Dive,Completed,6,0.82,197,3,False
5467,42,1,2023-10-09T14:15:00,37,Outbound,Discovery,Completed,5,0.68,226,18,True
5468,1826,7,2024-12-21T11:30:00,26,Outbound,Check-In,Completed,6,0.46,153,10,False
5469,3347,15,2024-12-24T16:45:00,3,Outbound,Discovery,Voicemail,1,,,0,False
5470,1072,5,2023-06-25T10:45:00,15,Outbound,Follow-Up,Completed,4,0.58,37,7,True
5471,3361,2,2024-10-07T15:45:00,-35,Outbound,Follow-Up,Rescheduled,1,,,0,False
5472,3407,2,2024-12-01T08:30:00,43,Outbound,QBR,Completed,2,0.4,159,13,True
5473,4905,14,2023-09-29T12:45:00,28,Outbound,Demo,Completed,7,0.46,80,10,False
5474,1852,11,2024-06-02T13:00:00,0,Outbound,Follow-Up,No Show,1,,,0,False
5475,3543,7,2022-12-24T15:30:00,53,Outbound,QBR,Completed,8,0.56,203,11,False
5476,4586,9,2024-12-27T12:00:00,42,Outbound,Check-In,Rescheduled,1,,,0,False
5477,1407,15,2024-12-18T12:45:00,,Outbound,Technical Deep Dive,Completed,3,0.54,38,17,True
5478,2138,16,2024-05-29T14:45:00,48,Outbound,Negotiation,Completed,5,0.52,102,4,False
5479,4152,6,2024-09-02T15:15:00,59,Outbound,Discovery,Completed,2,0.59,165,7,False
5480,3434,2,2024-12-07T14:45:00,16,Outbound,Technical Deep Dive,Completed,5,0.41,55,16,True
5481,1559,4,2024-12-01T10:00:00,46,Inbound,Technical Deep Dive,Completed,8,0.52,66,5,False
5482,3560,4,2024-01-16T08:15:00,42,Inbound,Negotiation,Completed,2,0.36,139,22,True
5483,64,3,2023-07-31T09:00:00,58,Outbound,Check-In,Completed,8,0.37,46,24,True
5484,2657,8,2023-06-04T13:15:00,29,Outbound,Negotiation,Rescheduled,1,,,0,False
5485,2795,10,2024-12-18T13:30:00,0,Outbound,Negotiation,No Show,1,,,0,False
5486,679,12,2022-01-24T16:30:00,43,Outbound,Discovery,Completed,6,0.8,255,7,False
5487,2040,6,2024-12-12T14:15:00,18,Inbound,Discovery,Completed,7,0.58,249,4,True
5488,1332,15,2024-08-14T16:00:00,24,Inbound,QBR,Rescheduled,1,,,0,False
5489,1535,9,2021-03-27T11:30:00,28,Inbound,Technical Deep Dive,Completed,8,0.65,237,3,False
5490,4514,7,2024-12-29T16:15:00,45,Outbound,Follow-Up,Completed,4,0.49,85,20,True
5491,3308,3,2024-11-27T12:45:00,3,Outbound,Discovery,Voicemail,1,,,0,False
5492,986,7,2024-11-29T13:15:00,0,Outbound,Discovery,No Show,1,,,0,False
5493,122,15,2024-03-30T16:00:00,28,Outbound,Demo,Completed,4,0.4,187,12,False
5494,1771,16,2024-12-26T15:00:00,17,Inbound,Negotiation,Completed,7,0.68,169,4,False
5495,4728,2,2024-12-08T10:45:00,17,Outbound,Negotiation,Completed,2,1.11,39,24,True
5496,1894,15,2024-10-10T11:15:00,17,Outbound,Follow-Up,Completed,2,0.68,186,9,False
5497,497,10,2022-02-11T14:15:00,0,Inbound,QBR,No Show,1,,,0,False
5498,787,10,2024-03-23T13:00:00,58,Inbound,QBR,Completed,6,0.71,253,9,True
5499,4655,6,2023-05-18T16:30:00,18,Outbound,QBR,Completed,7,0.73,149,9,False
5500,550,4,2024-04-20T10:45:00,43,Outbound,QBR,Completed,2,0.44,61,13,True
5501,4353,10,2024-11-05T11:15:00,0,Outbound,Discovery,No Show,1,,,0,False
5502,212,5,2024-07-23T16:45:00,38,Inbound,QBR,Completed,4,0.65,189,14,True
5503,1259,9,2023-08-12T11:00:00,27,Outbound,Demo,Completed,8,0.62,105,15,True
5504,4555,14,2023-04-20T12:15:00,,Outbound,Follow-Up,Completed,5,0.51,47,14,False
5505,3892,9,2023-01-07T12:00:00,50,Outbound,Follow-Up,Completed,6,0.55,33,22,False
5506,913,1,2024-03-23T10:15:00,42,Inbound,Negotiation,Completed,6,0.48,113,4,False
5507,1222,9,2023-05-15T12:15:00,36,Inbound,Discovery,Completed,3,0.45,231,12,True
5508,2273,4,2024-08-12T11:30:00,,Inbound,Follow-Up,Completed,4,0.67,214,13,True
5509,605,11,2024-11-28T12:30:00,55,Outbound,Discovery,Completed,5,0.44,143,3,True
5510,1951,15,2024-12-23T08:15:00,17,Outbound,Negotiation,Completed,4,0.66,146,16,False
5511,4674,5,2022-01-06T13:00:00,15,Outbound,Technical Deep Dive,Completed,5,0.42,47,8,True
5512,911,5,2024-12-31T12:30:00,35,Outbound,QBR,Completed,8,0.51,169,10,True
5513,362,2,2022-08-24T13:00:00,36,Outbound,QBR,Completed,4,0.62,177,9,True
5514,569,1,2023-02-09T16:15:00,46,Outbound,QBR,Completed,2,0.51,153,8,False
5515,1503,7,2023-10-01T12:00:00,29,Outbound,QBR,Completed,8,0.65,181,4,False
5516,4359,11,2024-04-20T12:15:00,,Outbound,Discovery,Completed,6,0.69,281,13,False
5517,4434,11,2024-03-17T13:45:00,44,Outbound,QBR,Completed,8,0.51,200,3,True
5518,3157,13,2024-11-03T13:45:00,31,Inbound,Check-In,Completed,8,0.48,105,7,True
5519,3409,6,2024-10-28T12:45:00,44,Inbound,Check-In,Completed,7,0.59,85,12,False
5520,1850,10,2024-12-01T10:15:00,45,Outbound,Check-In,Completed,4,0.42,44,15,False
5521,1544,2,2024-12-03T12:15:00,51,Outbound,Check-In,Completed,2,0.73,109,12,False
5522,75,11,2022-03-02T13:45:00,29,Outbound,Check-In,Completed,8,0.59,179,13,False
5523,482,12,2024-12-18T13:00:00,0,Outbound,QBR,No Show,1,,,0,False
5524,4201,15,2024-12-22T09:00:00,56,Inbound,Discovery,Completed,8,0.46,114,8,True
5525,2777,8,2024-11-07T09:45:00,57,Inbound,Demo,Completed,7,0.6,105,17,False
5526,4556,7,2023-12-20T10:30:00,19,Outbound,QBR,Completed,4,0.67,181,12,False
5527,1906,5,2024-12-31T12:45:00,28,Outbound,Follow-Up,Completed,2,0.6,94,7,True
5528,1507,2,2024-10-20T10:15:00,23,Inbound,Technical Deep Dive,Completed,6,0.41,32,4,True
5529,2341,10,2022-02-04T13:45:00,,Inbound,QBR,No Show,1,,,0,False
5530,1954,7,2024-12-07T13:30:00,45,Inbound,Discovery,Rescheduled,1,,,0,False
5531,1429,1,2024-12-27T14:15:00,29,Inbound,QBR,Completed,5,0.58,234,20,False
5532,2261,8,2024-12-06T14:00:00,19,Inbound,Demo,Completed,2,0.37,208,20,False
5533,3261,2,2021-01-25T11:45:00,44,Inbound,Demo,Completed,6,0.54,126,7,False
5534,1735,10,2024-03-17T14:00:00,31,Outbound,QBR,Completed,6,0.69,143,9,False
5535,2615,6,2023-11-09T17:30:00,21,Outbound,Technical Deep Dive,Rescheduled,1,,,0,False
5536,2525,3,2023-01-12T09:30:00,24,Inbound,QBR,Completed,4,0.28,123,13,True
5537,1947,2,2024-12-12T16:30:00,56,Outbound,Discovery,Completed,7,0.39,152,20,True
5538,157,1,2024-04-20T10:30:00,48,Outbound,QBR,Completed,7,0.48,158,15,True
5539,2056,7,2023-06-08T13:45:00,0,Inbound,Negotiation,No Show,1,,,0,False
5540,3784,8,2023-01-22T12:00:00,46,Outbound,Technical Deep Dive,Completed,3,0.43,161,10,False
5541,4190,1,2024-02-22T10:00:00,24,Outbound,Discovery,Completed,8,0.61,195,15,False
5542,1389,4,2021-01-20T16:30:00,21,Outbound,Demo,Completed,5,0.52,150,7,False
5543,2571,5,2023-09-21T11:45:00,31,Inbound,Check-In,Completed,7,0.68,40,9,False
5544,4296,5,2021-02-01T13:30:00,44,Outbound,Follow-Up,Completed,2,0.56,158,18,False
5545,1181,5,2023-12-10T10:00:00,53,Inbound,Demo,Completed,7,0.51,183,4,False
5546,762,12,2023-06-19T16:45:00,0,Inbound,Discovery,No Show,1,,,0,False
5547,1087,6,2023-04-24T11:00:00,18,Outbound,Technical Deep Dive,Completed,5,0.67,170,14,False
5548,2150,13,2023-01-13T15:45:00,33,Outbound,Demo,Completed,8,0.81,287,6,False
5549,3983,8,2022-12-21T09:30:00,54,Outbound,Demo,Completed,4,0.37,156,14,True
5550,4013,4,2024-11-12T13:45:00,0,Outbound,Check-In,No Show,1,,,0,False
5551,3100,6,2021-11-05T11:00:00,49,Outbound,Follow-Up,Completed,8,0.84,34,6,False
5552,1258,7,2023-10-06T16:45:00,16,Outbound,Discovery,Rescheduled,1,,,0,False
5553,3050,7,2022-03-20T16:00:00,0,Inbound,Negotiation,No Show,1,,,0,False
5554,3447,7,2024-11-19T10:00:00,21,Inbound,Technical Deep Dive,Completed,8,0.48,235,5,False
5555,1501,14,2024-10-19T16:00:00,42,Outbound,Demo,Completed,6,0.68,89,9,True
5556,14,6,2024-09-14T16:45:00,60,Outbound,Check-In,Completed,4,0.42,178,17,True
5557,3607,11,2021-04-29T12:00:00,43,Outbound,Negotiation,Completed,2,0.7,181,12,False
5558,1315,10,2024-12-15T13:45:00,19,Outbound,QBR,Completed,4,0.57,150,10,True
5559,2640,7,2024-12-01T11:30:00,27,Inbound,Negotiation,Completed,7,0.69,89,15,True
5560,1728,8,2024-12-12T14:30:00,46,Outbound,Follow-Up,Completed,5,1.09,244,6,False
5561,3369,7,2024-12-18T16:15:00,55,Outbound,Follow-Up,Completed,5,0.56,157,20,True
5562,1126,14,2023-01-01T13:30:00,46,Inbound,QBR,Completed,2,0.67,123,4,False
5563,2747,2,2030-06-15T10:00:00,59,Outbound,Demo,Completed,2,0.57,160,15,False
5564,1676,16,2024-12-29T09:00:00,0,Inbound,Demo,No Show,1,,,0,False
5565,1829,15,2024-12-28T16:00:00,32,Outbound,Discovery,Completed,3,0.45,215,9,True
5566,158,15,2024-08-02T13:30:00,15,Outbound,Follow-Up,Completed,3,0.7,155,12,False
5567,4770,12,2024-12-04T13:30:00,50,Outbound,Negotiation,Completed,8,0.55,78,15,True
5568,1951,15,2024-12-07T14:15:00,34,Outbound,Demo,Completed,8,0.68,226,7,False
5569,758,7,2024-06-24T10:30:00,27,Inbound,Technical Deep Dive,Completed,7,0.35,190,8,False
5570,1175,16,2024-12-07T11:45:00,50,Outbound,Discovery,Completed,4,0.88,98,8,True
5571,4434,11,2024-04-09T09:00:00,47,Outbound,Demo,Completed,5,0.71,150,17,False
5572,2387,15,2024-12-02T10:45:00,35,Outbound,Demo,Completed,2,0.52,182,6,True
5573,3171,5,2022-07-10T12:15:00,1,Outbound,Negotiation,Voicemail,1,,,0,False
5574,3915,9,2023-12-17T11:00:00,2,Inbound,Technical Deep Dive,Voicemail,1,,,0,False
5575,3014,4,2024-12-26T09:15:00,31,Outbound,Discovery,Completed,3,0.5,81,20,False
5576,1972,10,2024-12-14T17:00:00,20,Outbound,Follow-Up,Completed,6,0.45,69,13,False
5577,3958,1,2024-11-23T15:00:00,31,Outbound,Technical Deep Dive,Completed,6,0.35,156,20,True
5578,1688,15,2024-12-02T11:15:00,30,Outbound,Technical Deep Dive,Completed,2,0.48,83,15,False
5579,3380,6,2024-07-24T12:30:00,15,Inbound,Discovery,Completed,6,0.44,240,14,False
5580,2206,12,2023-01-29T13:15:00,0,Outbound,Technical Deep Dive,No Show,1,,,0,False
5581,3595,16,2024-12-29T10:15:00,29,Outbound,Discovery,Completed,8,0.68,201,13,False
5582,4417,15,2024-05-07T14:00:00,34,Inbound,Check-In,Completed,3,0.6,227,4,True
5583,2135,4,2024-09-30T12:15:00,42,Outbound,Negotiation,Completed,5,0.6,83,3,False
5584,983,14,2024-12-16T14:30:00,20,Outbound,Check-In,Completed,7,0.47,149,4,False
5585,3058,14,2024-11-05T15:45:00,33,Outbound,Discovery,Completed,8,0.88,164,7,True
5586,370,7,2023-08-27T13:45:00,17,Outbound,QBR,Completed,7,0.59,53,9,True
5587,4157,13,2023-03-21T15:00:00,40,Outbound,Follow-Up,Completed,7,0.85,54,2,False
5588,2423,1,2023-09-06T11:30:00,58,Outbound,Negotiation,Rescheduled,1,,,0,False
5589,2873,15,2024-12-08T14:00:00,46,Outbound,Technical Deep Dive,Completed,6,0.49,41,15,False
5590,2995,13,2024-12-24T11:00:00,16,Outbound,Check-In,Completed,5,0.45,236,12,False
5591,3816,16,2024-11-10T10:30:00,0,Outbound,Technical Deep Dive,No Show,1,,,0,False
5592,3048,4,2022-02-27T14:30:00,42,Outbound,Check-In,Completed,7,0.63,86,8,False
5593,55,9,2024-01-29T12:45:00,25,Inbound,Negotiation,Completed,3,0.71,175,11,True
5594,2921,5,2021-04-12T10:30:00,22,Inbound,Discovery,Completed,8,0.38,169,10,False
5595,2141,5,2023-04-16T14:30:00,57,Outbound,Check-In,Completed,4,0.51,133,10,False
5596,208,5,2023-04-23T10:45:00,17,Outbound,QBR,Completed,3,0.53,110,18,True
5597,581,12,2023-09-01T10:30:00,51,Outbound,QBR,Completed,6,0.72,37,6,True
5598,2790,2,2022-08-28T16:15:00,22,Outbound,Follow-Up,Completed,3,0.32,209,22,False
5599,2112,4,2024-12-11T11:15:00,39,Outbound,Follow-Up,Completed,7,0.39,110,15,True
5600,2786,3,2024-12-08T14:30:00,40,Outbound,QBR,Completed,7,0.38,77,27,True
5601,2141,5,2023-06-02T14:15:00,48,Outbound,QBR,Completed,5,0.45,73,25,False
5602,4241,5,2024-12-30T17:45:00,0,Outbound,Discovery,No Show,1,,,0,False
5603,3265,8,2024-05-09T16:15:00,52,Outbound,Check-In,Completed,8,0.6,255,5,False
5604,2377,2,2023-10-30T14:30:00,24,Outbound,Discovery,Completed,4,0.44,88,25,True
5605,2591,14,2024-02-23T11:00:00,32,Outbound,Discovery,Rescheduled,1,,,0,False
5606,1676,16,2024-12-31T16:15:00,50,Outbound,Negotiation,Completed,6,0.61,234,12,False
5607,254,3,2021-03-15T10:00:00,27,Inbound,Check-In,Rescheduled,1,,,0,False
5608,1210,6,2024-12-05T09:00:00,47,Inbound,Technical Deep Dive,Completed,3,0.56,36,19,False
5609,3886,7,2024-10-26T12:15:00,32,Outbound,QBR,Completed,3,0.55,210,19,True
5610,3156,1,2024-11-07T11:45:00,52,Outbound,Negotiation,Rescheduled,1,,,0,False
5611,474,16,2024-09-29T15:30:00,19,Outbound,Technical Deep Dive,Completed,3,0.55,44,6,False
5612,1698,1,2023-06-03T11:15:00,33,Outbound,Technical Deep Dive,Completed,8,0.61,35,9,True
5613,1820,3,2022-07-25T13:30:00,38,Outbound,Check-In,Completed,7,0.49,219,6,False
5614,1836,11,2024-12-27T11:30:00,15,Inbound,Technical Deep Dive,Completed,6,0.41,219,3,False
5615,4956,5,2024-03-30T09:45:00,60,Outbound,Follow-Up,Rescheduled,1,,,0,False
5616,3071,3,2024-06-13T11:00:00,57,Inbound,Discovery,Completed,4,0.47,135,6,False
5617,3480,12,2024-11-18T08:45:00,20,Outbound,Discovery,Completed,5,0.54,142,18,False
5618,1360,7,2024-11-08T13:45:00,56,Outbound,Discovery,Completed,7,0.58,127,9,False
5619,815,16,2024-07-13T16:30:00,59,Inbound,Negotiation,Completed,3,0.68,54,7,False
5620,2806,4,2024-12-26T15:45:00,49,Outbound,Technical Deep Dive,Rescheduled,1,,,0,False
5621,1686,2,2023-06-02T16:45:00,59,Outbound,Demo,Completed,5,0.57,152,6,True
5622,4068,5,2024-05-04T10:45:00,18,Inbound,Technical Deep Dive,Completed,7,0.57,198,8,True
5623,4059,4,2021-08-21T12:00:00,25,Inbound,Technical Deep Dive,Completed,2,0.38,235,9,False
5624,2586,2,2023-11-25T15:45:00,54,Outbound,Check-In,Completed,6,0.31,110,9,True
5625,95,12,2024-12-01T15:45:00,0,Inbound,Check-In,No Show,1,,,0,False
5626,783,16,2024-12-27T12:45:00,59,Outbound,Follow-Up,Completed,3,0.72,64,5,True
5627,568,2,2024-11-18T16:15:00,60,Outbound,Negotiation,Completed,8,0.63,36,13,True
5628,2476,16,2024-12-05T15:00:00,27,Inbound,QBR,Rescheduled,1,,,0,False
5629,3434,2,2024-12-31T15:15:00,0,Outbound,QBR,No Show,1,,,0,False
5630,4402,8,2024-08-13T14:00:00,2,Inbound,Negotiation,Voicemail,1,,,0,False
5631,2122,9,2023-08-13T15:30:00,51,Outbound,Negotiation,Rescheduled,1,,,0,False
5632,265,14,2024-03-27T11:00:00,52,Outbound,Follow-Up,Completed,2,0.71,114,13,False
5633,3345,2,2024-04-18T10:15:00,37,Outbound,Check-In,Completed,4,0.6,169,10,True
5634,2282,13,2024-10-02T11:15:00,34,Outbound,Discovery,Completed,5,0.8,82,8,False
5635,3523,12,2024-07-19T13:45:00,29,Outbound,Negotiation,Completed,2,0.52,221,9,True
5636,3321,9,2024-11-30T08:30:00,53,Inbound,Technical Deep Dive,Completed,3,0.38,117,5,False
5637,3386,5,2024-12-24T13:30:00,35,Outbound,Follow-Up,Completed,4,0.64,265,11,True
5638,771,9,2022-07-14T15:00:00,29,Outbound,QBR,Completed,8,0.41,203,9,True
5639,4620,16,2024-12-12T16:30:00,39,Outbound,Demo,Completed,7,0.78,259,1,True
5640,1090,16,2021-04-02T10:15:00,24,Outbound,Negotiation,Completed,7,0.45,38,13,False
5641,1321,7,2022-01-22T14:00:00,43,Outbound,Technical Deep Dive,Completed,8,0.69,51,7,False
5642,1916,8,2023-07-29T09:15:00,33,Inbound,Follow-Up,Completed,5,0.45,221,16,True
5643,3799,13,2021-12-05T14:30:00,36,Outbound,QBR,Completed,4,0.47,192,11,False
5644,2393,11,2024-12-11T17:30:00,55,Outbound,Discovery,Completed,4,0.55,67,16,False
5645,3765,15,2023-05-28T15:00:00,23,Outbound,Demo,Completed,7,0.65,204,5,True
5646,4592,15,2024-12-01T12:00:00,23,Outbound,QBR,Completed,7,0.7,122,10,False
5647,2533,12,2023-02-14T16:00:00,56,Outbound,Demo,Completed,6,0.39,184,13,False
5648,661,4,2024-05-30T12:00:00,49,Outbound,QBR,Completed,2,0.49,234,19,True
5649,2334,9,2021-06-24T14:00:00,21,Outbound,Discovery,Completed,8,0.55,82,16,False
5650,762,12,2030-06-15T10:00:00,23,Outbound,Technical Deep Dive,Completed,2,0.68,191,16,True
5651,4221,1,2023-12-07T13:00:00,35,Outbound,Check-In,Completed,8,0.62,78,19,True
5652,2531,2,2024-11-14T16:45:00,21,Inbound,Demo,Completed,4,0.51,139,16,True
5653,4356,9,2023-02-13T13:15:00,17,Outbound,QBR,Completed,2,0.71,202,12,False
5654,3561,15,2024-08-20T16:15:00,30,Inbound,Discovery,Completed,8,0.58,188,12,False
5655,2459,1,2024-08-29T16:45:00,16,Outbound,Technical Deep Dive,Rescheduled,1,,,0,False
5656,521,9,2023-03-11T11:00:00,50,Outbound,Discovery,Completed,4,0.7,39,10,True
5657,654,2,2024-12-28T10:30:00,39,Outbound,QBR,Completed,3,0.71,271,6,True
5658,3387,9,2024-07-22T10:30:00,56,Inbound,Technical Deep Dive,Completed,3,0.71,73,11,True
5659,2723,2,2024-11-15T16:15:00,25,Outbound,Discovery,Completed,2,0.59,224,21,False
5660,909,15,2024-12-12T11:45:00,17,Outbound,Check-In,Completed,7,0.47,90,9,False
5661,4358,4,2022-07-19T12:15:00,55,Inbound,Check-In,Completed,8,0.57,121,6,False
5662,984,3,2022-11-21T11:00:00,22,Inbound,Check-In,Completed,8,0.31,226,7,True
5663,3584,12,2021-07-28T12:00:00,1,Outbound,QBR,Voicemail,1,,,0,False
5664,2900,2,2022-08-13T10:45:00,34,Outbound,Check-In,Rescheduled,1,,,0,False
5665,1371,2,2024-02-26T17:45:00,34,Outbound,Check-In,Completed,8,0.4,117,13,True
5666,376,6,2024-08-07T14:15:00,23,Outbound,Technical Deep Dive,Completed,3,0.65,195,15,False
5667,4537,1,2024-09-10T14:30:00,55,Outbound,Technical Deep Dive,Completed,5,0.26,99,21,False
5668,1145,11,2022-07-30T15:45:00,48,Outbound,Follow-Up,Completed,6,0.67,207,14,True
5669,1683,1,2024-01-30T15:45:00,41,Outbound,Negotiation,Completed,4,0.34,35,24,False
5670,1055,8,2023-04-05T11:15:00,25,Inbound,Follow-Up,Completed,8,0.66,207,7,True
5671,347,9,2024-05-21T11:45:00,51,Outbound,QBR,Rescheduled,1,,,0,False
5672,2611,10,2023-06-08T11:00:00,59,Outbound,QBR,Rescheduled,1,,,0,False
5673,2749,5,2024-12-01T12:00:00,0,Outbound,Check-In,No Show,1,,,0,False
5674,194,2,2022-05-18T14:00:00,31,Outbound,Check-In,Completed,4,0.64,181,15,True
5675,1935,13,2024-12-19T15:00:00,35,Outbound,Discovery,Completed,8,0.48,99,13,False
5676,2743,4,2022-09-24T14:30:00,0,Outbound,Discovery,No Show,1,,,0,False
5677,2873,15,2024-12-29T08:45:00,36,Outbound,QBR,Completed,7,0.44,54,4,False
5678,2898,14,2024-12-04T16:00:00,24,Outbound,Discovery,Completed,6,0.54,174,5,False
5679,3420,2,2024-11-14T12:00:00,56,Outbound,QBR,Completed,5,0.46,129,24,True
5680,243,15,2024-10-25T13:45:00,26,Outbound,Negotiation,Completed,3,0.69,88,12,True
5681,1010,1,2022-01-09T15:30:00,17,Outbound,Technical Deep Dive,Completed,3,0.53,184,18,False
5682,2955,2,2024-12-28T14:45:00,36,Outbound,Follow-Up,Completed,3,0.35,171,15,False
5683,531,12,2023-10-30T12:30:00,20,Inbound,QBR,Rescheduled,1,,,0,False
5684,1257,10,2023-06-03T11:00:00,19,Inbound,QBR,Completed,5,0.57,85,17,True
5685,3364,8,2024-07-20T12:45:00,47,Inbound,Discovery,Completed,8,0.5,181,15,False
5686,2058,3,2024-09-04T14:45:00,50,Inbound,QBR,Completed,2,0.54,128,16,True
5687,2548,5,2023-11-30T15:00:00,53,Inbound,Follow-Up,Completed,8,1.04,241,3,True
5688,2810,13,2024-11-22T14:45:00,57,Outbound,QBR,Completed,6,0.73,195,4,True
5689,3263,7,2023-03-08T14:00:00,18,Outbound,Follow-Up,Completed,7,0.73,213,9,False
5690,649,10,2023-07-07T12:15:00,15,Outbound,Check-In,Completed,6,0.54,125,11,False
5691,957,6,2023-08-02T09:00:00,16,Inbound,Discovery,Completed,6,0.35,191,10,False
5692,2972,9,2030-06-15T10:00:00,,Inbound,Follow-Up,Completed,6,0.86,59,9,False
5693,3687,11,2024-09-29T11:45:00,0,Inbound,Follow-Up,No Show,1,,,0,False
5694,2838,14,2024-12-09T11:45:00,24,Inbound,Technical Deep Dive,Completed,8,0.66,44,3,True
5695,3970,9,2024-08-01T14:30:00,46,Outbound,Check-In,Completed,2,0.42,159,12,True
5696,2400,16,2024-07-17T17:30:00,22,Outbound,Negotiation,Completed,8,0.61,46,10,False
5697,1233,7,2024-09-20T13:00:00,53,Inbound,Negotiation,Completed,6,0.67,135,12,True
5698,2679,7,2024-09-19T13:30:00,28,Outbound,Discovery,Completed,6,0.53,217,20,False
5699,537,12,2030-06-15T10:00:00,0,Outbound,Negotiation,No Show,1,,,0,False
5700,801,4,2023-01-29T14:00:00,55,Inbound,Discovery,Completed,3,0.68,141,19,True
5701,2286,16,2022-05-08T14:00:00,57,Outbound,Demo,Completed,6,0.5,159,3,True
5702,1934,2,2024-11-02T15:15:00,59,Outbound,Follow-Up,Rescheduled,1,,,0,False
5703,4107,11,2024-12-21T12:15:00,44,Outbound,Demo,Completed,7,0.6,94,10,False
5704,3559,16,2024-12-25T13:15:00,23,Outbound,Negotiation,Completed,3,0.61,104,12,False
5705,2077,5,2024-07-06T15:45:00,20,Outbound,Technical Deep Dive,Completed,5,0.52,111,18,False
5706,4934,1,2030-06-15T10:00:00,55,Outbound,Technical Deep Dive,Completed,5,0.62,201,6,False
5707,4451,3,2022-01-15T12:00:00,38,Inbound,Negotiation,Completed,2,0.42,219,14,True
5708,1889,10,2023-09-27T11:00:00,25,Inbound,QBR,Rescheduled,1,,,0,False
5709,4948,13,2024-09-09T09:45:00,34,Outbound,Negotiation,Completed,7,0.66,218,13,True
5710,85,5,2023-06-04T11:00:00,19,Outbound,Technical Deep Dive,Rescheduled,1,,,0,False
5711,2712,7,2024-12-09T11:45:00,19,Outbound,QBR,Completed,3,0.69,149,10,False
5712,390,6,2023-06-22T15:15:00,56,Outbound,Discovery,Completed,5,0.65,195,8,False
5713,1901,13,2024-01-08T09:30:00,30,Outbound,Technical Deep Dive,Completed,5,0.45,121,14,True
5714,875,2,2024-02-29T12:00:00,46,Outbound,Negotiation,Completed,2,0.74,95,15,False
5715,165,8,2024-12-19T15:30:00,56,Outbound,Negotiation,Rescheduled,1,,,0,False
5716,2914,4,2023-08-31T12:30:00,17,Outbound,Demo,Completed,2,0.34,133,12,True
5717,1744,8,2023-01-11T13:30:00,18,Inbound,Demo,Completed,3,0.82,143,3,False
5718,1855,2,2023-07-03T09:00:00,0,Inbound,Negotiation,No Show,1,,,0,False
5719,3954,15,2024-12-14T12:45:00,44,Outbound,Technical Deep Dive,Completed,5,0.7,200,7,True
5720,425,5,2024-12-31T13:30:00,28,Outbound,QBR,Completed,4,0.57,55,13,True
5721,3464,4,2023-10-28T12:30:00,43,Outbound,Follow-Up,Completed,3,0.71,181,3,False
5722,3465,12,2023-06-02T10:45:00,53,Outbound,Technical Deep Dive,Completed,7,0.66,66,7,True
5723,2839,11,2024-12-17T16:30:00,38,Outbound,Negotiation,Completed,8,0.81,288,10,True
5724,1919,8,2023-10-22T12:15:00,38,Outbound,Demo,Completed,2,1.29,38,10,False
5725,1551,3,2024-06-28T11:15:00,49,Inbound,Technical Deep Dive,Completed,3,0.63,210,6,True
5726,2485,3,2024-09-05T13:00:00,2,Inbound,Technical Deep Dive,Voicemail,1,,,0,False
5727,4541,9,2023-11-06T09:45:00,31,Inbound,QBR,Completed,4,0.44,50,6,True
5728,4404,12,2024-10-10T17:30:00,42,Inbound,Technical Deep Dive,Completed,3,0.44,144,18,False
5729,400,14,2024-10-17T09:00:00,28,Inbound,Negotiation,Completed,7,0.43,150,11,False
5730,577,3,2024-01-17T14:15:00,28,Outbound,Follow-Up,Completed,3,0.59,187,16,False
5731,1466,16,2024-12-01T11:00:00,0,Inbound,Technical Deep Dive,No Show,1,,,0,False
5732,4864,14,2024-12-25T15:15:00,0,Outbound,Discovery,No Show,1,,,0,False
5733,3187,5,2023-07-01T15:30:00,24,Inbound,Check-In,Completed,5,0.48,233,12,False
5734,2677,13,2024-10-13T16:45:00,20,Outbound,Check-In,Completed,6,0.38,103,17,True
5735,2483,16,2024-12-24T13:15:00,41,Inbound,Follow-Up,Completed,4,0.36,63,6,False
5736,2617,4,2023-09-04T12:30:00,46,Inbound,Check-In,Completed,7,0.67,117,18,False
5737,4129,16,2024-12-06T09:00:00,29,Outbound,Negotiation,Completed,6,0.48,56,12,False
5738,3532,16,2024-12-18T15:15:00,1,Outbound,Check-In,Voicemail,1,,,0,False
5739,1235,1,2024-05-13T11:30:00,50,Inbound,Check-In,Completed,7,0.36,136,9,False
5740,1422,7,2024-12-03T13:00:00,33,Outbound,Negotiation,Completed,6,0.57,70,5,True
5741,2475,5,2030-06-15T10:00:00,52,Inbound,Demo,Completed,3,0.7,70,9,False
5742,4642,6,2022-07-07T11:45:00,33,Outbound,Demo,Completed,8,0.37,67,8,True
5743,4246,12,2024-03-12T12:15:00,56,Outbound,Discovery,Completed,2,1.43,172,15,False
5744,2121,5,2024-11-12T10:15:00,15,Outbound,Technical Deep Dive,Completed,4,0.42,105,16,True
5745,4965,15,2022-07-17T14:30:00,18,Outbound,Follow-Up,Completed,3,0.69,225,3,True
5746,2943,7,2024-12-12T15:45:00,35,Outbound,Check-In,Completed,4,0.69,162,5,True
5747,2647,15,2024-10-31T15:30:00,40,Inbound,Discovery,Completed,5,0.8,284,8,False
5748,4366,7,2024-12-08T15:15:00,55,Outbound,Demo,Completed,7,0.47,210,10,False
5749,1106,10,2023-01-27T13:30:00,53,Outbound,Technical Deep Dive,Completed,3,0.61,99,16,False
5750,1745,7,2024-08-30T16:00:00,21,Outbound,Demo,Completed,2,0.4,102,11,True
5751,4167,6,2024-07-10T14:00:00,40,Outbound,Demo,Rescheduled,1,,,0,False
5752,4413,7,2023-10-08T12:45:00,23,Outbound,Technical Deep Dive,Completed,5,0.52,59,9,True
5753,2210,15,2024-02-16T14:45:00,56,Inbound,Check-In,Rescheduled,1,,,0,False
5754,42,1,2023-08-17T08:45:00,3,Outbound,Demo,Voicemail,1,,,0,False
5755,2015,16,2024-12-17T12:45:00,0,Outbound,QBR,No Show,1,,,0,False
5756,3254,8,2024-08-14T16:00:00,48,Inbound,Technical Deep Dive,Completed,5,0.44,84,6,True
5757,16,10,2024-03-19T09:45:00,58,Outbound,Technical Deep Dive,Completed,7,0.68,59,8,False
5758,2912,10,2024-05-29T10:15:00,0,Inbound,Check-In,No Show,1,,,0,False
5759,4085,2,2023-04-07T08:30:00,44,Inbound,Negotiation,Completed,8,0.62,180,24,True
5760,2840,9,2024-12-11T15:30:00,0,Outbound,Discovery,No Show,1,,,0,False
5761,3057,16,2024-12-16T14:45:00,57,Outbound,Check-In,Completed,7,0.63,36,10,False
5762,4992,7,2023-02-24T13:45:00,35,Inbound,QBR,Completed,4,0.44,82,7,True
5763,4531,4,2024-05-18T10:30:00,0,Outbound,Negotiation,No Show,1,,,0,False
5764,145,13,2024-12-04T12:00:00,48,Outbound,Follow-Up,Completed,8,0.89,115,9,False
5765,1214,3,2021-09-04T13:15:00,19,Outbound,QBR,Completed,2,0.64,56,12,False
5766,576,9,2024-11-03T12:00:00,28,Outbound,QBR,Rescheduled,1,,,0,False
5767,1623,8,2024-12-24T13:15:00,17,Inbound,Demo,Completed,3,0.48,44,4,False
5768,2906,3,2030-06-15T10:00:00,19,Outbound,QBR,Completed,5,0.58,232,15,True
5769,1048,14,2024-11-07T10:45:00,16,Outbound,Technical Deep Dive,Completed,8,0.71,138,12,False
5770,2588,11,2024-03-02T12:00:00,30,Outbound,Follow-Up,Completed,3,0.54,257,9,False
5771,482,12,2024-12-05T10:15:00,53,Inbound,Negotiation,Completed,6,0.48,63,11,False
5772,195,13,2024-12-06T14:00:00,26,Outbound,Discovery,Completed,4,0.48,167,5,False
5773,1354,15,2024-12-23T16:00:00,40,Outbound,Check-In,Completed,2,0.66,68,4,True
5774,360,16,2030-06-15T10:00:00,36,Outbound,Technical Deep Dive,Completed,8,0.81,86,1,False
5775,1262,10,2022-11-20T17:00:00,38,Outbound,Technical Deep Dive,Completed,6,0.88,37,7,True
5776,4853,15,2024-12-26T10:15:00,2,Outbound,Discovery,Voicemail,1,,,0,False
5777,3149,15,2024-06-14T12:45:00,16,Outbound,Discovery,Completed,7,0.42,200,7,True
5778,2925,7,2023-09-21T09:00:00,3,Outbound,QBR,Voicemail,1,,,0,False
5779,2063,10,2024-12-04T10:15:00,0,Outbound,Discovery,No Show,1,,,0,False
5780,3706,3,2024-10-25T10:00:00,32,Outbound,QBR,Completed,8,0.4,162,18,False
5781,3622,4,2021-04-28T14:45:00,47,Outbound,Technical Deep Dive,Rescheduled,1,,,0,False
5782,4288,3,2030-06-15T10:00:00,40,Inbound,Follow-Up,Rescheduled,1,,,0,False
5783,4316,8,2023-06-17T11:15:00,0,Inbound,Discovery,No Show,1,,,0,False
5784,3868,2,2024-12-11T12:15:00,54,Outbound,Check-In,Completed,4,0.58,162,9,True
5785,1289,6,2024-06-30T15:45:00,57,Inbound,Check-In,Completed,2,0.56,120,14,True
5786,3600,3,2024-12-10T10:15:00,30,Outbound,Technical Deep Dive,Completed,2,0.44,76,12,True
5787,3931,8,2024-11-30T10:45:00,56,Outbound,Negotiation,Completed,8,0.33,47,24,True
5788,595,11,2023-08-03T13:15:00,32,Outbound,Follow-Up,Completed,5,0.73,90,16,True
5789,1246,3,2023-03-23T15:00:00,45,Inbound,QBR,Completed,6,0.34,59,26,True
5790,820,3,2024-06-22T12:00:00,24,Inbound,Negotiation,Rescheduled,1,,,0,False
5791,1972,10,2024-12-02T08:45:00,55,Outbound,Discovery,Completed,4,0.64,129,6,False
5792,2015,16,2024-12-27T08:30:00,35,Outbound,Check-In,Completed,5,0.72,38,9,True
5793,3716,10,2024-12-10T14:15:00,56,Outbound,Technical Deep Dive,Completed,4,0.65,101,10,True
5794,2495,8,2030-06-15T10:00:00,56,Inbound,Follow-Up,Rescheduled,1,,,0,False
5795,2798,14,2024-09-06T11:45:00,21,Outbound,Discovery,Completed,3,0.5,42,9,True
5796,4504,14,2024-08-28T13:00:00,53,Outbound,Demo,Completed,4,0.44,118,3,True
5797,3175,7,2024-12-16T15:45:00,56,Outbound,Technical Deep Dive,Completed,5,0.44,124,17,False
5798,907,4,2023-07-10T13:30:00,0,Outbound,QBR,No Show,1,,,0,False
5799,172,1,2023-09-23T10:45:00,60,Outbound,Discovery,Completed,2,0.58,165,20,True
5800,1322,8,2024-12-08T11:45:00,45,Outbound,Demo,Completed,2,0.37,73,18,False
5801,1951,15,2024-12-15T12:00:00,0,Inbound,QBR,No Show,1,,,0,False
5802,3530,10,2024-07-03T15:15:00,-41,Inbound,Check-In,Completed,3,0.68,214,9,False
5803,3622,4,2021-03-12T15:30:00,59,Inbound,Follow-Up,Completed,7,0.45,221,4,True
5804,1469,16,2024-12-05T09:45:00,0,Outbound,Technical Deep Dive,No Show,1,,,0,False
5805,1118,11,2022-05-20T13:45:00,0,Outbound,Check-In,No Show,1,,,0,False
5806,3677,1,2030-06-15T10:00:00,28,Outbound,Technical Deep Dive,Completed,3,0.3,149,14,False
5807,3361,2,2024-12-19T10:30:00,45,Inbound,Follow-Up,Completed,3,0.58,111,24,True
5808,2759,7,2023-08-17T10:00:00,42,Outbound,Check-In,Completed,3,0.67,208,15,False
5809,3594,6,2024-09-03T13:15:00,0,Inbound,Discovery,No Show,1,,,0,False
5810,4708,4,2022-10-09T13:45:00,0,Outbound,Technical Deep Dive,No Show,1,,,0,False
5811,2076,3,2020-12-23T17:30:00,22,Outbound,Follow-Up,Completed,3,1.32,237,24,False
5812,2244,1,2030-06-15T10:00:00,17,Inbound,Negotiation,Completed,3,0.48,216,3,False
5813,1248,15,2024-12-28T12:45:00,25,Outbound,Technical Deep Dive,Completed,3,0.55,110,7,True
5814,1647,10,2022-09-19T13:45:00,47,Inbound,Check-In,Completed,3,0.47,109,20,True
5815,2049,14,2024-04-11T14:45:00,57,Inbound,Demo,Completed,8,0.78,66,10,False
5816,1139,2,2023-09-24T14:45:00,19,Outbound,Follow-Up,Completed,8,0.37,174,15,True
5817,4310,3,2024-04-24T11:15:00,35,Outbound,Negotiation,Rescheduled,1,,,0,False
5818,4689,15,2024-05-13T15:45:00,47,Outbound,Demo,Completed,2,0.6,169,4,False
5819,4491,11,2024-07-09T14:15:00,23,Outbound,QBR,Completed,6,0.4,207,9,True
5820,4426,16,2024-12-06T15:15:00,29,Inbound,Follow-Up,Completed,3,0.4,45,5,True
5821,2414,1,2022-10-13T15:00:00,43,Inbound,QBR,Completed,8,0.41,104,27,True
5822,802,2,2023-06-25T12:45:00,51,Outbound,Check-In,Rescheduled,1,,,0,False
5823,3953,16,2024-12-23T12:15:00,27,Outbound,Demo,Completed,4,0.5,160,11,True
5824,4266,4,2024-11-23T11:30:00,44,Outbound,Discovery,Completed,4,0.8,91,4,False
5825,2528,16,2024-12-20T09:45:00,41,Outbound,Discovery,Completed,7,0.38,125,13,True
5826,3801,14,2030-06-15T10:00:00,16,Outbound,Discovery,Completed,5,0.76,88,3,False
5827,2910,16,2024-12-25T11:30:00,41,Outbound,Demo,Completed,8,0.61,64,12,True
5828,1336,3,2024-06-14T12:00:00,20,Inbound,QBR,Completed,5,0.62,94,9,True
5829,1268,3,2022-09-29T13:30:00,0,Outbound,Negotiation,No Show,1,,,0,False
5830,4068,5,2024-03-02T12:30:00,40,Inbound,QBR,Completed,8,0.68,162,5,True
5831,137,12,2024-01-26T11:30:00,42,Outbound,Technical Deep Dive,Completed,7,0.58,203,8,False
5832,1150,2,2024-06-12T14:45:00,28,Outbound,QBR,Completed,8,0.34,185,24,True
5833,2979,16,2024-12-19T14:30:00,22,Outbound,Technical Deep Dive,Completed,3,0.75,177,2,False
5834,356,4,2024-12-24T16:15:00,31,Outbound,Check-In,Completed,5,0.78,81,15,False
5835,1773,11,2024-05-09T14:30:00,57,Outbound,Follow-Up,Completed,7,0.49,208,6,True
5836,1676,16,2024-12-25T10:45:00,35,Outbound,Technical Deep Dive,Rescheduled,1,,,0,False
5837,3414,3,2023-09-08T11:00:00,21,Inbound,Technical Deep Dive,Completed,2,0.32,210,10,True
5838,936,10,2023-01-19T15:30:00,29,Inbound,QBR,Completed,7,0.54,219,10,False
5839,3957,2,2024-02-16T15:00:00,57,Inbound,Negotiation,Completed,5,0.39,90,27,False
5840,2459,1,2024-07-24T11:00:00,52,Inbound,Check-In,Completed,8,0.5,219,12,True
5841,1623,8,2024-11-23T09:00:00,59,Inbound,QBR,Completed,3,0.61,123,12,False
5842,3873,13,2021-08-05T15:30:00,19,Inbound,Negotiation,Completed,7,0.53,221,9,True
5843,2473,2,2024-12-30T10:30:00,2,Inbound,Demo,Voicemail,1,,,0,False
5844,2966,12,2022-12-15T11:00:00,22,Outbound,Discovery,Completed,2,0.55,143,22,True
5845,1723,8,2024-12-28T13:15:00,48,Inbound,Negotiation,Completed,8,0.73,138,4,False
5846,2453,16,2024-12-26T10:00:00,44,Outbound,Demo,Completed,3,0.58,78,11,True
5847,3331,8,2024-08-27T11:00:00,59,Inbound,QBR,Completed,3,0.82,38,10,False
5848,886,10,2024-12-10T17:15:00,58,Outbound,Check-In,Completed,3,0.61,47,2,False
5849,4710,13,2024-04-30T10:00:00,55,Outbound,Discovery,Completed,2,0.77,125,6,False
5850,3310,8,2022-05-23T11:45:00,33,Outbound,QBR,Completed,8,0.68,176,15,False
5851,1596,16,2023-12-07T13:15:00,26,Inbound,Demo,Completed,5,0.86,213,10,True
5852,1025,4,2022-12-18T15:45:00,17,Inbound,Technical Deep Dive,Completed,5,0.51,88,2,False
5853,1682,4,2024-10-27T11:00:00,0,Outbound,Check-In,No Show,1,,,0,False
5854,4472,14,2023-06-24T15:00:00,16,Outbound,Follow-Up,Completed,7,0.83,46,2,False
5855,3692,12,2023-01-29T15:15:00,37,Outbound,Demo,Completed,3,0.77,238,12,False
5856,1304,6,2024-06-02T17:45:00,57,Outbound,Check-In,Completed,7,0.36,174,19,False
5857,2892,5,2024-11-20T14:15:00,0,Outbound,QBR,No Show,1,,,0,False
5858,3579,13,2024-12-24T14:45:00,48,Inbound,Demo,Completed,7,0.9,118,1,True
5859,2403,10,2023-07-07T10:00:00,22,Inbound,Follow-Up,Completed,2,0.64,235,16,False
5860,1360,7,2024-12-23T13:00:00,58,Outbound,Negotiation,Completed,4,0.55,206,20,False
5861,653,15,2024-09-23T11:45:00,54,Outbound,Demo,Completed,2,0.62,120,4,True
5862,918,11,2024-09-14T13:00:00,59,Inbound,Follow-Up,Completed,3,0.67,55,1,True
5863,3741,10,2021-08-07T12:45:00,51,Outbound,QBR,Completed,8,0.4,163,5,False
5864,889,11,2024-12-07T15:15:00,26,Inbound,Discovery,Completed,4,0.46,178,3,True
5865,3945,4,2024-11-25T14:45:00,47,Outbound,Check-In,Completed,3,0.59,150,14,False
5866,4847,3,2022-11-26T16:15:00,21,Outbound,Discovery,Completed,3,0.37,110,7,False
5867,4478,14,2024-11-20T10:45:00,0,Outbound,Negotiation,No Show,1,,,0,False
5868,169,14,2024-11-14T13:45:00,36,Outbound,Discovery,Completed,2,0.49,115,7,True
5869,1733,11,2023-02-07T15:15:00,20,Outbound,QBR,Completed,7,0.6,220,3,False
5870,2982,9,2023-07-17T12:15:00,53,Outbound,Discovery,Completed,6,0.56,86,17,False
5871,296,1,2024-03-22T13:15:00,59,Outbound,Check-In,Completed,2,0.59,219,8,True
5872,1630,14,2023-09-14T15:15:00,1,Outbound,Demo,Voicemail,1,,,0,False
5873,2159,3,2024-08-25T15:30:00,49,Outbound,Check-In,Completed,5,0.32,155,12,True
5874,3512,14,2023-02-09T16:30:00,21,Inbound,Discovery,Completed,2,0.63,76,4,True
5875,2197,1,2024-01-19T16:00:00,31,Inbound,Check-In,Completed,4,1.1,75,21,True
5876,3729,6,2024-12-05T14:00:00,37,Outbound,Technical Deep Dive,Completed,3,0.64,194,11,True
5877,2562,16,2024-12-10T11:15:00,38,Outbound,Follow-Up,Completed,2,0.41,99,13,False
5878,1203,3,2024-03-05T16:15:00,46,Inbound,Negotiation,Completed,8,0.39,153,9,True
5879,2305,9,2024-07-13T11:30:00,35,Inbound,Check-In,Completed,7,0.82,178,11,False
5880,2269,13,2024-12-01T16:15:00,53,Outbound,Demo,Completed,8,0.49,194,7,False
5881,1669,15,2024-12-10T16:15:00,50,Outbound,Discovery,Rescheduled,1,,,0,False
5882,4488,16,2024-06-16T12:00:00,42,Outbound,Negotiation,Completed,3,0.44,172,5,False
5883,4518,9,2024-06-10T16:30:00,20,Outbound,Technical Deep Dive,Completed,8,0.42,141,16,False
5884,327,12,2024-10-13T13:00:00,30,Inbound,Check-In,Completed,4,1.41,64,6,False
5885,334,14,2023-07-25T10:00:00,16,Outbound,QBR,Completed,6,0.47,93,7,False
5886,3959,13,2024-04-19T13:15:00,24,Inbound,Technical Deep Dive,Completed,4,0.7,209,14,False
5887,2735,13,2021-05-24T14:30:00,35,Inbound,Technical Deep Dive,Completed,2,0.54,66,7,False
5888,2929,5,2024-05-03T11:00:00,30,Outbound,Technical Deep Dive,Completed,5,0.61,170,6,True
5889,4514,7,2024-12-22T15:30:00,58,Outbound,Follow-Up,Completed,6,0.38,206,14,False
5890,2622,15,2024-09-27T16:30:00,29,Outbound,Technical Deep Dive,Completed,3,0.43,223,16,False
5891,134,3,2023-01-20T16:45:00,57,Outbound,Technical Deep Dive,Completed,5,0.69,104,9,True
5892,164,3,2024-09-09T15:30:00,16,Inbound,Check-In,Completed,7,0.29,76,30,True
5893,4888,4,2022-11-07T12:45:00,51,Outbound,Follow-Up,Completed,6,0.41,234,13,False
5894,3676,3,2020-06-10T13:30:00,49,Inbound,Check-In,Completed,4,0.42,51,20,True
5895,3921,13,2024-12-14T16:15:00,30,Outbound,Discovery,Completed,5,0.76,239,2,False
5896,1327,10,2022-08-03T13:15:00,22,Outbound,QBR,Completed,3,0.67,144,9,True
5897,3903,7,2022-03-18T14:15:00,20,Outbound,Discovery,Completed,6,1.22,229,6,False
5898,973,3,2024-11-24T12:30:00,39,Outbound,Follow-Up,Completed,3,0.32,228,19,True
5899,4583,5,2024-12-13T11:45:00,32,Inbound,Technical Deep Dive,Completed,3,0.71,40,13,True
5900,3136,11,2022-07-08T10:30:00,29,Outbound,Technical Deep Dive,Completed,3,1.15,203,16,False
5901,4086,8,2022-09-26T14:15:00,17,Outbound,Check-In,Completed,3,0.45,48,18,True
5902,1334,4,2023-11-22T11:00:00,0,Outbound,Negotiation,No Show,1,,,0,False
5903,205,10,2024-12-25T13:30:00,50,Inbound,QBR,Completed,4,0.65,220,18,True
5904,1505,8,2024-12-11T10:15:00,18,Outbound,Technical Deep Dive,Completed,4,0.54,82,22,True
5905,405,9,2024-12-23T09:45:00,0,Inbound,Technical Deep Dive,No Show,1,,,0,False
5906,903,7,2024-12-07T15:15:00,23,Outbound,Follow-Up,Completed,2,0.53,287,7,False
5907,259,2,2022-12-11T16:15:00,26,Outbound,Discovery,Completed,3,0.34,61,20,True
5908,872,10,2021-02-22T10:45:00,22,Outbound,Check-In,Completed,2,0.5,121,6,False
5909,129,12,2024-04-26T15:15:00,16,Outbound,Follow-Up,Completed,2,0.85,209,8,False
5910,1532,9,2024-10-06T10:15:00,49,Outbound,Discovery,Rescheduled,1,,,0,False
5911,105,3,2024-04-28T14:00:00,37,Inbound,QBR,Completed,2,0.77,133,13,True
5912,4367,16,2024-12-30T10:45:00,17,Outbound,Follow-Up,Rescheduled,1,,,0,False
5913,3888,15,2024-12-26T10:00:00,22,Inbound,Negotiation,Completed,2,0.61,189,4,False
5914,97,16,2024-11-29T12:45:00,,Outbound,QBR,Completed,5,0.78,235,10,True
5915,249,7,2024-05-03T13:30:00,26,Outbound,Negotiation,Completed,7,0.66,148,13,True
5916,2261,8,2024-12-03T12:45:00,49,Inbound,Technical Deep Dive,Completed,6,0.36,34,15,False
5917,2795,10,2024-12-01T09:30:00,28,Outbound,Technical Deep Dive,Completed,6,0.65,152,16,True
5918,213,12,2024-03-16T11:00:00,54,Outbound,QBR,Completed,2,0.64,121,18,True
5919,4064,7,2021-07-30T15:15:00,0,Outbound,Technical Deep Dive,No Show,1,,,0,False
5920,801,4,2023-03-14T09:45:00,34,Outbound,Negotiation,Rescheduled,1,,,0,False
5921,2526,3,2024-12-25T14:15:00,29,Outbound,QBR,Completed,7,0.4,200,19,True
5922,3177,13,2024-12-03T13:00:00,42,Outbound,Demo,Completed,7,0.44,41,11,False
5923,118,3,2024-08-27T14:45:00,0,Outbound,Follow-Up,No Show,1,,,0,False
5924,4085,2,2023-01-27T17:15:00,3,Outbound,QBR,Voicemail,1,,,0,False
5925,2887,8,2021-02-07T15:30:00,54,Outbound,Negotiation,Completed,6,0.66,140,14,False
5926,4074,11,2023-06-26T08:30:00,29,Outbound,QBR,Completed,3,0.42,150,11,False
5927,2111,16,2024-07-14T13:30:00,22,Outbound,Negotiation,Rescheduled,1,,,0,False
5928,2560,15,2024-12-08T16:45:00,21,Inbound,Discovery,Completed,7,0.56,65,6,True
5929,4345,11,2023-12-30T14:30:00,53,Inbound,Follow-Up,Completed,8,0.66,86,4,True
5930,2899,6,2024-04-29T11:30:00,20,Inbound,Check-In,Completed,3,0.65,197,15,False
5931,3353,16,2024-10-03T11:15:00,38,Outbound,Negotiation,Completed,6,0.82,235,7,True
5932,4961,1,2023-12-08T11:30:00,40,Outbound,Follow-Up,Completed,6,0.72,112,3,False
5933,4560,5,2024-07-30T10:30:00,59,Inbound,Demo,Completed,7,0.41,92,4,False
5934,3604,2,2023-03-04T15:30:00,19,Outbound,Technical Deep Dive,Rescheduled,1,,,0,False
5935,1381,7,2023-10-17T10:00:00,20,Outbound,Follow-Up,Completed,3,0.39,196,13,True
5936,2640,7,2024-10-07T09:00:00,,Outbound,Negotiation,Completed,2,0.56,177,8,False
5937,633,8,2023-12-28T13:30:00,53,Inbound,Demo,Completed,2,1.41,205,10,False
5938,1253,8,2024-03-14T13:15:00,37,Outbound,Follow-Up,Completed,2,0.36,106,15,False
5939,2960,4,2024-12-12T14:00:00,-1,Outbound,Demo,Voicemail,1,,,0,False
5940,72,7,2024-08-20T12:00:00,16,Outbound,Discovery,Completed,2,0.52,129,5,True
5941,696,9,2023-01-20T11:30:00,48,Inbound,QBR,Completed,4,1.1,129,15,False
5942,4893,12,2024-12-21T14:45:00,48,Inbound,Negotiation,Completed,8,1.21,194,7,False
5943,3190,1,2024-12-13T09:15:00,29,Outbound,Negotiation,Completed,7,0.4,215,22,True
5944,4520,15,2024-12-02T12:30:00,36,Inbound,Technical Deep Dive,Completed,8,0.48,63,12,True
5945,2780,15,2024-12-04T13:00:00,48,Outbound,Negotiation,Completed,4,0.42,205,4,False
5946,2152,6,2024-07-10T13:15:00,47,Outbound,Check-In,Completed,4,0.62,284,13,True
5947,2471,14,2022-06-28T10:00:00,45,Outbound,Negotiation,Rescheduled,1,,,0,False
5948,1033,2,2024-11-23T14:30:00,-58,Outbound,Follow-Up,Completed,3,0.57,140,15,False
5949,1496,10,2024-09-25T14:30:00,40,Outbound,Demo,Completed,2,0.65,221,2,False
5950,4013,4,2024-12-12T11:15:00,-25,Outbound,QBR,Completed,8,0.83,157,12,True
5951,4649,6,2023-08-08T12:15:00,56,Inbound,Follow-Up,Completed,3,0.4,163,12,True
5952,2619,8,2023-08-26T10:45:00,49,Outbound,Follow-Up,Completed,5,0.67,129,14,True
5953,4308,15,2023-09-01T09:30:00,,Outbound,Demo,Rescheduled,1,,,0,False
5954,3169,5,2023-02-25T10:00:00,59,Outbound,Demo,Completed,2,0.4,99,15,True
5955,4241,5,2024-12-15T13:45:00,52,Outbound,Demo,Completed,5,0.46,84,6,True
5956,4106,9,2024-12-30T11:15:00,0,Outbound,Demo,No Show,1,,,0,False
5957,430,7,2024-05-05T14:00:00,19,Outbound,Follow-Up,Completed,8,1.06,161,5,False
5958,3175,7,2024-12-22T12:00:00,52,Outbound,Discovery,Completed,3,0.42,196,14,False
5959,489,9,2020-07-31T12:45:00,0,Inbound,Check-In,No Show,1,,,0,False
5960,413,1,2024-03-30T09:30:00,0,Inbound,Technical Deep Dive,No Show,1,,,0,False
5961,2209,2,2021-12-29T09:45:00,20,Inbound,Discovery,Rescheduled,1,,,0,False
5962,934,3,2024-12-10T10:00:00,39,Inbound,QBR,Completed,2,0.37,101,26,True
5963,1435,6,2024-03-11T12:45:00,52,Outbound,QBR,Completed,4,0.5,160,13,True
5964,665,8,2024-06-19T12:45:00,22,Outbound,Demo,Completed,5,0.64,149,10,True
5965,486,15,2024-12-13T13:15:00,42,Outbound,Follow-Up,Completed,5,0.5,63,15,False
5966,4622,5,2022-12-31T12:45:00,0,Outbound,Check-In,No Show,1,,,0,False
5967,3550,15,2024-04-09T16:00:00,56,Inbound,QBR,Completed,7,0.69,219,8,False
5968,132,9,2023-04-22T11:45:00,2,Outbound,Technical Deep Dive,Voicemail,1,,,0,False
5969,912,16,2024-10-01T11:30:00,49,Outbound,Negotiation,Completed,8,0.86,48,7,False
5970,3452,16,2024-12-09T14:30:00,17,Inbound,Negotiation,Rescheduled,1,,,0,False
5971,3146,15,2024-11-19T11:45:00,2,Outbound,Check-In,Voicemail,1,,,0,False
5972,3067,16,2024-12-21T13:30:00,37,Outbound,Discovery,Completed,8,0.52,233,10,False
5973,3322,11,2024-03-19T11:30:00,,Outbound,QBR,Completed,8,0.39,225,5,True
5974,1055,8,2023-03-24T16:00:00,17,Outbound,Check-In,Completed,2,0.4,188,16,False
5975,3081,9,2024-05-20T10:00:00,26,Outbound,Follow-Up,Completed,5,1.28,175,2,False
5976,2098,6,2021-11-30T09:15:00,20,Outbound,QBR,Completed,8,0.57,134,14,True
5977,880,5,2024-12-02T12:15:00,58,Inbound,Demo,Completed,7,0.38,90,9,True
5978,3792,11,2024-12-12T13:15:00,18,Outbound,QBR,Completed,8,0.52,132,18,True
5979,2238,14,2024-12-11T14:45:00,26,Inbound,QBR,Completed,4,1.06,240,10,True
5980,143,8,2024-08-05T12:15:00,58,Outbound,Demo,Completed,8,0.36,162,16,True
5981,1345,4,2020-05-03T13:30:00,0,Outbound,Check-In,No Show,1,,,0,False
5982,3040,2,2024-12-20T15:45:00,36,Outbound,QBR,Completed,5,0.35,157,18,True
5983,371,10,2022-12-29T13:15:00,-42,Inbound,Check-In,Completed,5,0.61,172,6,False
5984,977,12,2024-06-23T17:30:00,37,Inbound,Negotiation,Completed,5,0.78,219,11,True
5985,852,1,2024-10-01T08:45:00,58,Outbound,QBR,Completed,8,0.43,161,22,True
5986,2018,13,2024-12-23T09:00:00,52,Outbound,Demo,Completed,4,0.65,219,7,False
5987,355,2,2021-11-09T08:15:00,0,Outbound,Technical Deep Dive,No Show,1,,,0,False
5988,2226,13,2023-06-22T16:15:00,0,Outbound,Discovery,No Show,1,,,0,False
5989,899,9,2024-04-06T10:00:00,44,Outbound,Check-In,Completed,5,0.41,203,16,True
5990,2198,15,2024-12-23T14:45:00,29,Inbound,Follow-Up,Completed,7,0.71,116,14,False
5991,1420,16,2024-12-04T16:30:00,0,Outbound,Discovery,No Show,1,,,0,False
5992,752,6,2024-12-06T11:00:00,31,Inbound,QBR,Rescheduled,1,,,0,False
5993,593,15,2024-10-12T08:00:00,40,Outbound,Negotiation,Rescheduled,1,,,0,False
5994,3733,13,2023-11-10T16:00:00,16,Outbound,Discovery,Completed,2,0.59,187,11,True
5995,4485,2,2024-12-14T13:30:00,37,Outbound,QBR,Completed,7,0.34,37,18,True
5996,523,14,2024-07-30T11:00:00,36,Outbound,Technical Deep Dive,Rescheduled,1,,,0,False
5997,2660,7,2024-09-20T14:30:00,20,Outbound,Negotiation,Completed,7,0.53,230,17,False
5998,4032,8,2024-08-03T14:15:00,16,Outbound,Demo,Completed,6,0.52,53,4,False
5999,3024,2,2024-12-06T15:00:00,44,Outbound,Check-In,Completed,8,0.59,75,13,False
6000,1074,6,2022-07-08T09:00:00,31,Outbound,Follow-Up,Rescheduled,1,,,0,False
6001,86,15,2024-08-30T16:30:00,52,Inbound,Check-In,Completed,5,0.58,46,12,True
6002,4782,15,2023-05-24T15:00:00,35,Inbound,Demo,Completed,8,0.59,160,4,True
6003,3147,11,2022-10-03T15:30:00,17,Inbound,QBR,Completed,4,0.58,52,14,False
6004,2810,13,2024-12-31T13:30:00,21,Outbound,Discovery,Completed,2,0.66,96,7,False
6005,4019,13,2024-12-22T11:00:00,44,Outbound,Follow-Up,Completed,5,0.77,204,6,False
6006,4460,1,2024-12-08T15:00:00,-60,Outbound,Demo,Completed,5,0.56,99,10,True
6007,3700,12,2024-01-12T11:15:00,47,Outbound,Demo,Completed,5,0.61,42,9,True
6008,4588,1,2024-12-31T10:30:00,44,Inbound,Discovery,Completed,7,0.42,231,10,True
6009,1834,3,2023-07-27T09:45:00,24,Outbound,Discovery,Completed,3,0.62,136,22,True
6010,3406,15,2024-10-17T10:15:00,48,Inbound,QBR,Completed,2,0.55,189,4,True
6011,1656,12,2024-03-20T10:15:00,0,Outbound,QBR,No Show,1,,,0,False
6012,3726,8,2024-09-14T14:30:00,40,Outbound,Technical Deep Dive,Completed,8,0.64,221,4,False
6013,1315,10,2024-12-28T11:45:00,3,Outbound,QBR,Voicemail,1,,,0,False
6014,845,8,2024-12-11T09:15:00,60,Outbound,Follow-Up,Completed,8,0.4,47,7,False
6015,4369,2,2021-06-28T14:30:00,,Outbound,Negotiation,Completed,5,0.52,176,12,True
6016,418,14,2024-08-14T11:30:00,0,Outbound,Discovery,No Show,1,,,0,False
6017,1932,5,2022-12-10T12:00:00,53,Outbound,QBR,Completed,4,0.48,194,5,False
6018,954,10,2023-09-04T13:00:00,28,Inbound,Discovery,Completed,5,0.45,33,14,True
6019,210,15,2024-12-23T14:15:00,3,Outbound,Follow-Up,Voicemail,1,,,0,False
6020,193,5,2022-07-30T16:15:00,17,Outbound,Follow-Up,Completed,8,0.51,192,15,True
6021,2637,1,2024-07-07T14:45:00,49,Outbound,Check-In,Completed,2,0.31,134,15,True
6022,3021,11,2022-08-02T09:15:00,17,Outbound,Discovery,Completed,5,0.33,167,15,True
6023,2211,10,2024-01-10T12:45:00,60,Outbound,QBR,Completed,7,0.65,64,9,False
6024,1205,13,2024-11-29T11:15:00,34,Outbound,QBR,Completed,7,0.7,47,6,False
6025,1224,7,2024-12-01T11:45:00,52,Outbound,Discovery,Completed,6,0.44,211,11,True
6026,2432,10,2024-11-25T12:00:00,15,Inbound,Negotiation,Completed,7,0.49,162,15,False
6027,3076,9,2024-02-22T09:45:00,41,Inbound,Check-In,Completed,2,0.37,121,13,True
6028,4867,11,2024-03-18T16:30:00,52,Outbound,Check-In,Completed,8,0.66,87,18,False
6029,649,10,2023-06-08T14:00:00,40,Outbound,Follow-Up,Completed,4,0.55,264,6,False
6030,3261,2,2020-11-09T16:15:00,49,Outbound,Technical Deep Dive,Completed,8,0.45,42,14,True
6031,1338,12,2023-09-24T11:45:00,46,Inbound,Check-In,Completed,3,0.61,89,12,False
6032,4933,6,2022-11-06T11:15:00,32,Inbound,Negotiation,Completed,6,0.61,215,11,True
6033,4576,2,2021-08-15T11:30:00,46,Inbound,Follow-Up,Completed,7,0.6,139,16,True
6034,2676,2,2022-07-24T11:00:00,56,Inbound,Technical Deep Dive,Completed,7,0.53,194,24,True
6035,2268,11,2024-07-26T16:30:00,27,Outbound,Demo,Completed,7,0.64,137,9,False
6036,4023,16,2024-12-16T16:15:00,28,Outbound,Follow-Up,Completed,3,0.59,236,6,True
6037,3487,9,2020-05-03T12:30:00,15,Inbound,Follow-Up,Completed,7,0.87,99,3,False
6038,2185,1,2023-01-08T15:45:00,48,Outbound,QBR,Rescheduled,1,,,0,False
6039,4169,16,2024-10-06T11:00:00,16,Outbound,Check-In,Rescheduled,1,,,0,False
6040,405,13,2023-11-17T11:30:00,45,Inbound,Check-In,Completed,3,0.75,106,7,False
6041,794,9,2024-05-13T10:45:00,21,Inbound,Discovery,Completed,3,0.46,96,14,True
6042,1199,14,2023-09-01T11:30:00,16,Inbound,Technical Deep Dive,Completed,5,0.45,57,11,False
6043,483,3,2024-06-03T13:45:00,19,Inbound,Technical Deep Dive,Completed,3,0.46,168,8,True
6044,203,11,2024-12-20T17:15:00,47,Inbound,Demo,Completed,5,0.87,280,10,False
6045,3113,1,2024-04-28T12:45:00,36,Outbound,Technical Deep Dive,Completed,2,0.4,38,18,False
6046,2106,3,2023-03-28T12:15:00,37,Outbound,QBR,Rescheduled,1,,,0,False
6047,1360,7,2024-11-11T14:15:00,2,Outbound,Technical Deep Dive,Voicemail,1,,,0,False
6048,2628,11,2024-06-11T15:30:00,52,Outbound,Discovery,Completed,8,0.64,55,6,False
6049,3162,11,2023-06-24T12:45:00,57,Outbound,Discovery,Rescheduled,1,,,0,False
6050,4250,14,2023-11-08T12:15:00,42,Outbound,Demo,Completed,6,0.58,79,4,False
6051,211,1,2024-06-29T14:15:00,58,Inbound,Demo,Completed,4,0.53,139,24,False
6052,1876,11,2023-04-02T11:15:00,30,Inbound,Follow-Up,Completed,7,0.86,95,9,False
6053,4965,15,2022-07-29T11:15:00,33,Inbound,Follow-Up,Completed,7,0.5,41,15,True
6054,4182,4,2030-06-15T10:00:00,50,Outbound,Demo,Completed,4,0.48,204,17,True
6055,1702,8,2023-12-28T12:00:00,0,Outbound,Negotiation,No Show,1,,,0,False
6056,1668,15,2024-09-22T10:15:00,0,Outbound,QBR,No Show,1,,,0,False
6057,2565,6,2023-09-22T09:00:00,-60,Inbound,Demo,Completed,8,0.43,164,12,False
6058,3495,10,2023-06-16T12:00:00,41,Outbound,Negotiation,Completed,7,0.58,240,9,False
6059,823,16,2022-04-16T11:00:00,42,Inbound,Follow-Up,Rescheduled,1,,,0,False
6060,1846,2,2024-12-13T09:15:00,0,Inbound,Demo,No Show,1,,,0,False
6061,1355,7,2024-10-05T16:45:00,53,Inbound,Negotiation,Completed,7,0.48,33,22,True
6062,1357,3,2024-02-13T12:15:00,48,Outbound,Demo,Completed,6,0.44,213,15,True
6063,1119,3,2024-09-07T10:45:00,24,Inbound,Technical Deep Dive,Completed,6,0.52,219,10,True
6064,4948,13,2024-07-17T10:15:00,32,Outbound,Discovery,Completed,8,0.48,103,14,False
6065,4282,13,2024-01-18T12:45:00,31,Outbound,QBR,Completed,2,0.83,61,7,False
6066,2140,16,2024-12-30T11:30:00,31,Outbound,Check-In,Completed,2,0.48,84,7,True
6067,4863,7,2022-10-28T12:15:00,42,Inbound,Discovery,Completed,2,0.54,162,20,False
6068,3780,12,2024-12-18T08:00:00,49,Inbound,Follow-Up,Completed,2,0.82,209,11,False
6069,4019,13,2024-12-20T11:00:00,35,Inbound,Negotiation,Completed,4,0.69,94,2,False
6070,1434,12,2024-12-27T12:30:00,0,Inbound,QBR,No Show,1,,,0,False
6071,4573,8,2024-04-10T14:00:00,0,Outbound,Follow-Up,No Show,1,,,0,False
6072,2305,9,2024-09-28T12:45:00,38,Outbound,Technical Deep Dive,Completed,4,0.76,177,13,False
6073,4407,13,2024-12-18T10:30:00,-33,Outbound,Demo,Rescheduled,1,,,0,False
6074,1619,11,2030-06-15T10:00:00,41,Outbound,Demo,Completed,2,0.43,49,18,True
6075,3432,5,2020-07-07T12:00:00,44,Outbound,QBR,Completed,6,0.68,105,17,True
6076,971,10,2024-12-05T10:00:00,33,Outbound,QBR,Completed,6,0.38,39,15,False
6077,2695,13,2024-03-10T17:00:00,26,Outbound,Negotiation,Rescheduled,1,,,0,False
6078,3996,11,2024-09-22T16:00:00,36,Inbound,Discovery,Completed,6,0.5,49,16,False
6079,3904,7,2023-06-21T13:45:00,22,Outbound,Demo,Completed,7,0.62,230,5,True
6080,4207,16,2024-12-13T11:15:00,33,Outbound,QBR,Completed,4,0.69,135,5,True
6081,1797,9,2023-12-04T12:30:00,22,Inbound,Follow-Up,Completed,4,0.54,32,18,True
6082,2357,4,2024-01-27T09:45:00,15,Outbound,Demo,Completed,7,0.69,146,15,False
6083,3698,7,2023-09-06T13:30:00,37,Inbound,QBR,Completed,6,0.46,239,11,True
6084,4103,6,2023-10-28T12:00:00,44,Outbound,Discovery,Completed,8,0.48,187,18,False
6085,4783,13,2024-12-01T10:30:00,0,Outbound,Negotiation,No Show,1,,,0,False
6086,4279,7,2023-10-23T10:30:00,49,Inbound,Technical Deep Dive,Completed,8,0.38,191,19,True
6087,4794,11,2024-08-28T11:45:00,37,Outbound,Technical Deep Dive,Completed,6,0.46,95,17,False
6088,2415,3,2022-02-13T12:45:00,60,Outbound,Follow-Up,Completed,4,0.43,234,16,True
6089,1118,11,2022-03-16T12:15:00,29,Outbound,Check-In,Rescheduled,1,,,0,False
6090,2402,11,2024-11-22T16:15:00,45,Outbound,Check-In,Completed,5,0.41,235,4,True
6091,1247,7,2023-02-13T15:00:00,50,Outbound,Follow-Up,Completed,3,0.45,55,20,False
6092,1055,8,2023-02-21T15:30:00,52,Outbound,Demo,Completed,4,0.49,180,5,False
6093,290,7,2023-11-20T09:30:00,48,Inbound,Demo,Completed,5,0.66,102,11,True
6094,979,14,2024-02-04T11:00:00,-22,Inbound,Technical Deep Dive,Completed,2,0.78,187,9,False
6095,4359,11,2024-04-04T10:45:00,32,Outbound,Negotiation,Completed,4,0.81,113,3,True
6096,1205,13,2024-11-22T15:00:00,24,Inbound,Demo,Completed,2,0.46,124,12,True
6097,3658,11,2024-05-15T15:30:00,0,Outbound,Check-In,No Show,1,,,0,False
6098,3097,6,2022-11-07T12:30:00,32,Inbound,Demo,Completed,5,0.53,191,4,False
6099,3949,3,2024-12-24T16:30:00,60,Outbound,QBR,Rescheduled,1,,,0,False
6100,4991,8,2024-12-09T14:15:00,22,Outbound,Technical Deep Dive,Completed,4,0.65,83,11,False
6101,346,7,2024-12-05T10:00:00,41,Outbound,Discovery,Completed,6,0.31,47,17,False
6102,4911,13,2024-12-27T10:45:00,38,Outbound,Check-In,Completed,7,0.64,157,11,True
6103,4358,4,2022-05-11T14:00:00,25,Outbound,Discovery,Completed,5,0.64,51,11,False
6104,1261,9,2021-09-28T17:45:00,22,Outbound,Negotiation,Completed,8,0.5,56,17,False
6105,162,6,2022-01-28T10:15:00,44,Inbound,Demo,Completed,3,0.6,113,20,False
6106,4807,14,2022-02-17T17:30:00,51,Inbound,Discovery,Completed,6,0.54,85,4,False
6107,2557,14,2021-11-28T15:15:00,22,Outbound,Negotiation,Completed,8,0.63,151,3,False
6108,846,1,2024-05-10T15:15:00,56,Outbound,Negotiation,Completed,2,0.47,97,12,False
6109,2578,7,2023-09-19T16:00:00,0,Outbound,Discovery,No Show,1,,,0,False
6110,4769,15,2024-11-20T13:15:00,35,Outbound,Follow-Up,Completed,6,0.89,257,4,True
6111,832,13,2024-11-14T13:45:00,0,Outbound,Check-In,No Show,1,,,0,False
6112,3097,6,2023-01-14T11:15:00,44,Outbound,Technical Deep Dive,Rescheduled,1,,,0,False
6113,2854,16,2024-04-12T12:00:00,27,Inbound,Demo,Completed,6,0.6,148,11,False
6114,1093,16,2024-12-28T13:45:00,25,Outbound,Follow-Up,Completed,3,0.7,41,12,False
6115,4020,12,2022-10-12T13:00:00,,Outbound,Demo,Completed,2,0.44,72,11,True
6116,1039,15,2023-09-12T15:30:00,0,Outbound,Technical Deep Dive,No Show,1,,,0,False
6117,3502,2,2024-12-31T12:15:00,54,Outbound,Discovery,Completed,3,0.48,149,15,True
6118,4931,9,2024-03-08T15:15:00,53,Outbound,Follow-Up,Completed,2,0.7,130,13,True
6119,1952,12,2023-09-02T16:00:00,50,Outbound,Discovery,Completed,6,0.63,30,9,False
6120,1951,15,2024-12-30T09:45:00,49,Outbound,Discovery,Completed,2,0.46,139,6,False
6121,834,5,2024-12-07T10:45:00,51,Outbound,Follow-Up,Completed,8,0.4,95,25,True
6122,667,5,2024-12-19T15:30:00,60,Outbound,Follow-Up,Completed,2,0.44,70,11,False
6123,4208,14,2024-11-29T12:45:00,53,Outbound,Discovery,Completed,2,0.6,236,12,False
6124,957,6,2023-10-22T12:45:00,28,Inbound,Demo,Completed,7,0.6,171,9,False
6125,2983,12,2024-04-24T11:30:00,24,Inbound,Demo,Completed,5,0.79,273,10,False
6126,2043,5,2022-01-24T15:15:00,29,Outbound,Discovery,Completed,8,0.53,142,14,False
6127,2717,1,2022-07-28T13:15:00,0,Inbound,Demo,No Show,1,,,0,False
6128,2770,4,2022-06-26T10:15:00,0,Inbound,Follow-Up,No Show,1,,,0,False
6129,3121,2,2023-06-28T14:30:00,36,Outbound,Demo,Completed,7,0.64,74,19,True
6130,640,6,2022-08-13T09:30:00,56,Outbound,Follow-Up,Completed,7,0.56,101,17,True
6131,3079,10,2023-10-09T13:45:00,15,Inbound,Check-In,Completed,7,0.41,124,15,False
6132,4397,15,2024-11-03T10:15:00,41,Inbound,Demo,Completed,4,1.18,71,13,False
6133,2408,6,2024-03-04T14:00:00,50,Outbound,Follow-Up,Completed,8,0.48,171,17,True
6134,837,3,2023-09-12T14:30:00,44,Outbound,Discovery,Completed,8,0.63,192,6,True
6135,2526,3,2024-12-01T10:45:00,0,Outbound,Negotiation,No Show,1,,,0,False
6136,4039,1,2023-12-19T13:45:00,39,Inbound,QBR,Completed,7,0.54,159,14,False
6137,1954,7,2024-09-27T12:15:00,41,Inbound,Follow-Up,Completed,8,0.38,50,17,True
6138,434,10,2024-12-30T16:45:00,24,Outbound,Demo,Rescheduled,1,,,0,False
6139,488,16,2024-08-08T10:30:00,33,Inbound,Check-In,Rescheduled,1,,,0,False
6140,2838,14,2024-11-27T15:45:00,55,Inbound,Negotiation,Completed,6,0.64,190,9,True
6141,1845,15,2022-04-16T09:15:00,0,Inbound,QBR,No Show,1,,,0,False
6142,3822,8,2024-08-29T10:15:00,32,Outbound,Check-In,Completed,2,0.68,97,15,True
6143,4970,9,2020-10-21T12:45:00,20,Outbound,Demo,Completed,3,0.5,56,3,False
6144,3451,15,2024-12-06T11:00:00,24,Inbound,Negotiation,Completed,8,0.41,79,15,True
6145,164,3,2024-07-21T15:15:00,0,Outbound,Follow-Up,No Show,1,,,0,False
6146,2292,9,2024-07-16T10:45:00,54,Inbound,Negotiation,Rescheduled,1,,,0,False
6147,2271,10,2024-07-30T14:30:00,51,Outbound,Discovery,Completed,6,0.38,140,8,False
6148,4196,13,2022-11-27T12:30:00,55,Outbound,Discovery,Rescheduled,1,,,0,False
6149,1645,4,2024-12-01T14:45:00,17,Outbound,QBR,Completed,5,0.54,106,12,False
6150,4617,13,2024-09-29T16:00:00,39,Outbound,Demo,Rescheduled,1,,,0,False
6151,191,13,2023-07-18T13:15:00,54,Outbound,Technical Deep Dive,Completed,7,0.57,80,13,False
6152,1090,16,2021-04-08T09:30:00,42,Inbound,Follow-Up,Rescheduled,1,,,0,False
6153,1771,16,2024-12-31T09:15:00,36,Outbound,QBR,Completed,3,0.45,117,4,False
6154,3420,2,2024-11-30T10:30:00,59,Outbound,Negotiation,Completed,6,0.43,113,7,False
6155,3471,7,2024-12-05T15:00:00,46,Outbound,Demo,Rescheduled,1,,,0,False
6156,280,3,2024-01-22T14:15:00,,Outbound,Negotiation,Rescheduled,1,,,0,False
6157,4414,1,2022-08-09T10:15:00,52,Inbound,Negotiation,Completed,8,0.61,195,8,False
6158,1000,8,2024-12-01T10:30:00,0,Outbound,Discovery,No Show,1,,,0,False
6159,310,11,2022-12-02T12:30:00,3,Outbound,QBR,Voicemail,1,,,0,False
6160,4390,16,2024-12-19T13:15:00,2,Outbound,QBR,Voicemail,1,,,0,False
6161,4685,13,2024-12-05T17:15:00,26,Outbound,Demo,Completed,8,0.81,36,2,True
6162,967,4,2023-08-01T14:45:00,33,Outbound,Check-In,Completed,5,0.43,206,16,True
6163,988,15,2024-12-26T10:15:00,,Inbound,QBR,No Show,1,,,0,False
6164,587,8,2022-11-11T11:45:00,2,Outbound,Follow-Up,Voicemail,1,,,0,False
6165,1503,7,2023-07-21T15:30:00,0,Outbound,Demo,No Show,1,,,0,False
6166,724,12,2023-04-03T15:15:00,0,Outbound,Follow-Up,No Show,1,,,0,False
6167,4401,7,2024-10-17T10:15:00,34,Outbound,Technical Deep Dive,Completed,7,0.62,157,5,True
6168,859,11,2020-09-23T12:15:00,24,Inbound,Negotiation,Completed,2,1.3,65,11,False
6169,2585,3,2024-04-11T11:45:00,18,Outbound,Technical Deep Dive,Completed,8,0.63,140,12,False
6170,4962,13,2024-04-08T14:45:00,26,Outbound,Demo,Completed,2,0.47,58,9,False
6171,1451,14,2024-12-28T15:00:00,40,Inbound,Check-In,Completed,8,0.5,107,6,False
6172,1226,6,2023-01-26T13:30:00,44,Outbound,Follow-Up,Completed,8,0.39,81,12,False
6173,1805,9,2024-12-28T15:15:00,37,Outbound,Follow-Up,Rescheduled,1,,,0,False
6174,1994,9,2024-12-04T12:45:00,0,Outbound,Follow-Up,No Show,1,,,0,False
6175,164,4,2024-05-01T14:15:00,48,Outbound,Follow-Up,Completed,4,0.62,258,9,False
6176,4215,6,2021-01-17T11:15:00,0,Inbound,Technical Deep Dive,No Show,1,,,0,False
6177,3179,3,2023-07-14T08:00:00,1,Inbound,Negotiation,Voicemail,1,,,0,False
6178,1696,6,2023-07-01T16:45:00,32,Outbound,Technical Deep Dive,Rescheduled,1,,,0,False
6179,856,9,2024-12-04T10:00:00,49,Inbound,Demo,Completed,7,0.41,131,10,False
6180,4064,7,2021-06-07T14:15:00,,Outbound,Discovery,Completed,3,0.7,210,11,False
6181,2450,7,2024-12-30T15:45:00,40,Inbound,Follow-Up,Completed,4,0.63,65,11,False
6182,4507,2,2024-12-15T13:15:00,15,Outbound,Discovery,Completed,7,0.55,88,9,True
6183,1835,8,2023-07-14T16:00:00,16,Outbound,Follow-Up,Completed,8,1.29,229,8,False
6184,1633,16,2023-04-10T14:45:00,34,Outbound,Follow-Up,Completed,4,0.78,145,4,True
6185,4851,5,2024-08-07T12:30:00,41,Inbound,Check-In,Completed,4,0.69,53,15,False
6186,2204,16,2024-10-13T16:45:00,52,Outbound,QBR,Rescheduled,1,,,0,False
6187,2027,1,2024-06-21T12:30:00,55,Inbound,Technical Deep Dive,Completed,8,0.65,58,19,True
6188,1727,15,2024-11-28T14:15:00,41,Inbound,Discovery,Completed,4,0.63,143,7,True
6189,2756,2,2024-07-27T10:30:00,0,Inbound,Technical Deep Dive,No Show,1,,,0,False
6190,4185,8,2024-11-24T15:30:00,17,Outbound,Demo,Completed,8,0.61,39,16,False
6191,2572,12,2023-10-02T14:15:00,22,Outbound,Demo,Rescheduled,1,,,0,False
6192,390,6,2023-05-13T16:45:00,59,Inbound,Discovery,Completed,5,0.49,155,13,True
6193,1854,12,2024-12-28T13:45:00,,Inbound,Discovery,Completed,2,0.69,38,17,True
6194,3037,11,2023-02-27T13:15:00,28,Inbound,Discovery,Completed,6,0.44,89,6,False
6195,3241,8,2023-10-07T09:45:00,26,Inbound,Discovery,Rescheduled,1,,,0,False
6196,2426,3,2024-02-20T17:15:00,32,Outbound,Check-In,Completed,4,0.5,107,14,False
6197,126,2,2023-12-21T14:30:00,19,Outbound,QBR,Completed,4,0.48,90,4,True
6198,4707,10,2023-08-04T15:30:00,53,Outbound,QBR,Completed,5,0.57,44,12,False
6199,2517,15,2024-12-03T15:30:00,57,Outbound,Discovery,Completed,8,0.54,111,16,True
6200,2475,5,2024-12-29T14:15:00,29,Inbound,Negotiation,Completed,4,0.63,63,16,False
6201,157,1,2024-05-18T14:00:00,0,Outbound,Check-In,No Show,1,,,0,False
6202,363,11,2024-07-15T13:15:00,50,Outbound,Follow-Up,Completed,3,0.63,209,6,False
6203,387,11,2024-11-20T08:45:00,52,Inbound,Demo,Completed,4,1.27,223,7,False
6204,4245,6,2021-03-12T13:45:00,3,Outbound,Technical Deep Dive,Voicemail,1,,,0,False
6205,458,4,2024-09-09T15:45:00,2,Inbound,Negotiation,Voicemail,1,,,0,False
6206,3952,13,2024-11-12T08:30:00,28,Outbound,Discovery,Completed,7,0.76,102,12,True
6207,2218,10,2024-04-05T14:15:00,45,Outbound,Discovery,Completed,5,0.64,211,17,False
6208,94,8,2024-08-02T12:15:00,48,Outbound,Negotiation,Completed,8,0.61,172,15,True
6209,3114,14,2024-07-04T13:15:00,58,Outbound,Discovery,Completed,8,0.87,61,3,True
6210,1894,15,2024-12-06T10:00:00,41,Outbound,Technical Deep Dive,Completed,6,0.62,76,15,True
6211,3998,7,2021-06-28T09:45:00,32,Outbound,Demo,Completed,5,0.49,81,9,True
6212,4479,5,2024-12-26T10:00:00,32,Outbound,Technical Deep Dive,Completed,4,0.38,230,20,True
6213,4248,8,2023-01-13T09:45:00,39,Inbound,Demo,Completed,3,0.57,238,20,True
6214,1550,15,2022-10-27T13:00:00,0,Inbound,Check-In,No Show,1,,,0,False
6215,428,13,2024-12-26T13:45:00,37,Inbound,Check-In,Completed,6,0.44,94,16,True
6216,513,12,2023-12-14T13:45:00,34,Inbound,Demo,Completed,8,0.62,100,9,False
6217,263,10,2024-06-06T09:15:00,47,Outbound,Demo,Completed,3,0.61,269,12,False
6218,3150,10,2024-09-21T11:30:00,27,Outbound,Negotiation,Completed,8,0.39,126,6,True
6219,2182,5,2022-02-07T12:00:00,20,Outbound,QBR,Completed,5,0.53,86,15,False
6220,4588,1,2024-12-17T10:15:00,18,Outbound,Follow-Up,Completed,7,0.39,33,20,False
6221,1671,1,2023-05-08T14:00:00,0,Inbound,Follow-Up,No Show,1,,,0,False
6222,3093,16,2024-12-27T15:15:00,17,Outbound,QBR,Completed,2,0.55,57,16,True
6223,2941,5,2024-12-15T10:45:00,59,Outbound,QBR,Completed,5,0.6,179,11,True
6224,3628,14,2023-01-26T12:15:00,29,Outbound,Follow-Up,Completed,8,0.52,141,4,False
6225,1361,3,2024-11-17T16:30:00,45,Inbound,Check-In,Completed,4,0.3,86,6,True
6226,309,2,2022-10-28T13:45:00,60,Outbound,Check-In,Completed,6,0.61,88,16,False
6227,4774,2,2024-07-18T14:00:00,18,Inbound,QBR,Completed,4,0.56,78,9,True
6228,4736,6,2024-12-26T09:15:00,-17,Outbound,Demo,Completed,6,0.39,74,7,False
6229,2357,4,2024-04-15T08:45:00,47,Outbound,QBR,Completed,8,0.63,157,4,True
6230,426,13,2023-02-18T11:00:00,35,Outbound,Technical Deep Dive,Rescheduled,1,,,0,False
6231,4981,14,2024-02-01T12:15:00,55,Outbound,QBR,Completed,7,0.89,100,1,True
6232,1917,14,2024-12-21T15:15:00,38,Outbound,QBR,Completed,3,1.26,270,7,False
6233,2898,14,2024-12-25T13:00:00,0,Inbound,Follow-Up,No Show,1,,,0,False
6234,1011,9,2024-10-16T16:30:00,45,Outbound,QBR,Completed,4,0.64,288,3,False
6235,3092,12,2023-09-28T11:00:00,18,Inbound,Follow-Up,Completed,4,0.48,111,7,False
6236,4844,10,2022-05-12T11:00:00,53,Outbound,Follow-Up,Completed,6,0.73,101,4,False
6237,1651,5,2023-07-27T14:15:00,2,Outbound,Discovery,Voicemail,1,,,0,False
6238,355,2,2021-10-21T09:00:00,41,Outbound,Technical Deep Dive,Completed,8,0.41,40,12,False
6239,4781,10,2021-10-29T15:45:00,48,Outbound,Check-In,Completed,8,0.65,142,5,True
6240,914,4,2024-01-26T11:30:00,0,Outbound,Demo,No Show,1,,,0,False
6241,1546,5,2023-12-18T16:15:00,41,Outbound,QBR,Rescheduled,1,,,0,False
6242,1690,15,2024-12-20T15:15:00,18,Inbound,Discovery,Rescheduled,1,,,0,False
6243,2590,15,2024-10-12T14:00:00,45,Inbound,QBR,Completed,8,0.67,93,11,True
6244,271,6,2024-08-02T13:15:00,59,Inbound,Demo,Completed,7,0.56,184,10,False
6245,2583,7,2024-07-14T16:45:00,0,Outbound,Check-In,No Show,1,,,0,False
6246,960,5,2024-11-15T11:15:00,-22,Inbound,Negotiation,Rescheduled,1,,,0,False
6247,818,11,2024-12-07T14:30:00,19,Inbound,QBR,Completed,8,0.4,113,16,False
6248,3914,5,2024-12-14T09:30:00,20,Outbound,Check-In,Completed,7,0.36,100,16,False
6249,892,9,2024-08-08T12:45:00,16,Inbound,Technical Deep Dive,Completed,3,0.6,109,3,False
6250,1285,16,2030-06-15T10:00:00,46,Outbound,Negotiation,Completed,4,0.54,159,15,True
6251,2078,1,2023-08-19T12:15:00,,Outbound,Technical Deep Dive,Completed,4,0.54,56,8,True
6252,3580,4,2023-09-05T11:30:00,57,Outbound,Negotiation,Rescheduled,1,,,0,False
6253,1210,6,2024-11-07T15:00:00,23,Outbound,Follow-Up,Completed,4,0.55,71,11,True
6254,3916,6,2024-10-19T10:00:00,30,Outbound,Technical Deep Dive,Completed,8,0.52,155,18,True
6255,1556,8,2024-01-09T12:45:00,25,Inbound,Negotiation,Completed,3,0.69,151,19,True
6256,2745,10,2024-12-02T11:45:00,57,Outbound,QBR,Rescheduled,1,,,0,False
6257,1174,14,2024-09-24T13:15:00,56,Outbound,Technical Deep Dive,Completed,3,0.65,255,10,False
6258,3013,6,2024-12-31T09:00:00,19,Inbound,Demo,Completed,3,0.67,195,5,True
6259,712,4,2023-05-11T11:45:00,25,Inbound,Follow-Up,Completed,4,0.45,90,20,True
6260,976,2,2022-01-07T11:15:00,38,Outbound,Negotiation,Completed,3,0.52,112,14,True
6261,1184,10,2024-12-20T11:00:00,49,Outbound,QBR,Completed,3,0.68,130,9,False
6262,541,7,2024-09-21T14:30:00,38,Inbound,Discovery,Completed,6,0.55,188,14,False
6263,1971,7,2021-02-18T13:15:00,18,Inbound,Check-In,Rescheduled,1,,,0,False
6264,2541,6,2023-08-04T16:15:00,1,Inbound,Negotiation,Voicemail,1,,,0,False
6265,1007,11,2024-10-25T15:00:00,0,Outbound,Follow-Up,No Show,1,,,0,False
6266,4773,11,2024-12-22T14:45:00,37,Outbound,Technical Deep Dive,Completed,7,0.41,211,5,False
6267,901,2,2024-07-29T11:00:00,-41,Outbound,Follow-Up,Completed,6,0.44,198,6,False
6268,1607,4,2024-12-06T09:30:00,51,Outbound,Demo,Completed,4,0.36,117,10,True
6269,290,7,2023-11-18T14:15:00,45,Outbound,Discovery,Completed,4,1.35,169,16,True
6270,937,11,2024-12-23T09:30:00,52,Inbound,Technical Deep Dive,Completed,3,0.64,173,5,True
6271,2640,7,2024-12-15T12:00:00,53,Outbound,Technical Deep Dive,Completed,2,0.61,209,13,False
6272,1330,9,2024-08-08T13:00:00,55,Outbound,Discovery,Completed,5,0.51,152,17,False
6273,4133,1,2022-01-13T11:45:00,43,Outbound,Technical Deep Dive,Completed,3,0.47,210,22,True
6274,3283,9,2024-06-04T09:45:00,,Outbound,Follow-Up,No Show,1,,,0,False
6275,3186,15,2024-12-11T13:00:00,59,Inbound,Follow-Up,Completed,6,0.63,229,16,True
6276,3322,11,2024-02-27T10:45:00,24,Outbound,QBR,Rescheduled,1,,,0,False
6277,2104,2,2024-09-15T13:45:00,29,Outbound,Demo,Completed,3,0.41,116,8,True
6278,4380,7,2024-12-06T13:45:00,,Outbound,Technical Deep Dive,Completed,6,0.66,43,8,False
6279,4126,7,2030-06-15T10:00:00,46,Inbound,Negotiation,Completed,3,0.44,141,6,False
6280,3559,16,2024-12-09T15:15:00,52,Outbound,Follow-Up,Completed,4,0.67,224,8,False
6281,2059,12,2022-01-20T14:30:00,0,Inbound,Follow-Up,No Show,1,,,0,False
6282,3470,9,2030-06-15T10:00:00,2,Outbound,Follow-Up,Voicemail,1,,,0,False
6283,3580,4,2023-12-22T13:30:00,-48,Outbound,Follow-Up,Completed,8,0.38,144,17,False
6284,2715,7,2024-08-01T15:15:00,1,Outbound,Negotiation,Voicemail,1,,,0,False
6285,818,11,2024-12-04T15:30:00,0,Inbound,Check-In,No Show,1,,,0,False
6286,690,11,2022-04-26T10:00:00,52,Outbound,Technical Deep Dive,Completed,7,0.64,53,8,False
6287,3629,3,2024-04-24T15:30:00,29,Outbound,Technical Deep Dive,Completed,5,0.67,55,18,False
6288,2149,15,2024-10-06T13:30:00,0,Outbound,Technical Deep Dive,No Show,1,,,0,False
6289,1975,2,2024-12-10T11:00:00,47,Outbound,Discovery,Rescheduled,1,,,0,False
6290,1416,7,2024-05-24T15:45:00,46,Outbound,Technical Deep Dive,Completed,6,0.68,110,13,True
6291,3509,15,2024-06-07T15:45:00,0,Outbound,QBR,No Show,1,,,0,False
6292,1427,9,2022-12-09T16:45:00,,Inbound,Technical Deep Dive,Completed,8,0.6,52,16,False
6293,601,9,2024-12-12T15:15:00,15,Inbound,Follow-Up,Completed,8,0.6,71,3,True
6294,2355,1,2023-10-08T12:45:00,24,Inbound,Demo,Completed,4,0.64,136,16,False
6295,4532,6,2030-06-15T10:00:00,15,Inbound,Demo,Completed,8,0.53,153,4,False
6296,2585,3,2024-04-19T15:00:00,24,Outbound,Demo,Completed,5,0.43,166,21,True
6297,1549,13,2024-06-02T15:00:00,19,Outbound,Discovery,Completed,8,1.22,181,11,False
6298,2227,11,2024-12-01T10:15:00,42,Outbound,Follow-Up,Completed,8,0.71,177,8,True
6299,1387,9,2021-04-15T08:00:00,21,Outbound,Check-In,Completed,7,0.81,222,2,False
6300,2431,7,2023-12-30T12:30:00,20,Inbound,Negotiation,Completed,7,0.53,49,16,False
6301,3247,14,2024-06-02T14:00:00,0,Inbound,Follow-Up,No Show,1,,,0,False
6302,1402,11,2024-06-20T13:45:00,56,Outbound,Follow-Up,Completed,6,0.38,37,7,True
6303,2769,14,2024-02-13T15:30:00,58,Outbound,QBR,Completed,3,0.8,293,1,True
6304,2334,9,2021-07-31T15:15:00,0,Outbound,Negotiation,No Show,1,,,0,False
6305,1765,14,2023-04-29T15:15:00,34,Outbound,Negotiation,Completed,5,0.63,72,5,False
6306,2869,4,2022-01-08T15:30:00,33,Outbound,Check-In,Completed,6,0.64,209,9,True
6307,4550,2,2024-02-16T14:30:00,26,Outbound,Negotiation,Completed,2,0.58,113,15,False
6308,3687,11,2024-08-20T14:30:00,0,Inbound,Discovery,No Show,1,,,0,False
6309,3367,13,2022-01-11T09:45:00,20,Inbound,Technical Deep Dive,Completed,4,0.6,297,10,True
6310,946,3,2022-10-02T12:15:00,57,Outbound,Check-In,Completed,3,0.75,35,6,True
6311,2846,8,2024-12-15T14:15:00,17,Inbound,Demo,Completed,8,0.45,86,14,True
6312,2433,6,2023-09-21T13:45:00,-43,Outbound,Check-In,Completed,5,0.69,56,15,False
6313,3494,13,2024-02-07T14:00:00,48,Outbound,Technical Deep Dive,Completed,3,0.58,38,4,False
6314,143,8,2024-10-19T12:00:00,30,Outbound,Negotiation,Completed,8,0.44,118,12,False
6315,4392,9,2024-08-18T08:30:00,47,Inbound,Check-In,Completed,3,0.65,77,6,True
6316,2798,14,2024-09-27T17:30:00,3,Inbound,Discovery,Voicemail,1,,,0,False
6317,2459,1,2024-11-09T10:30:00,15,Outbound,QBR,Completed,4,0.63,240,10,False
6318,1961,14,2024-10-21T11:15:00,23,Outbound,Check-In,Completed,7,0.54,192,14,True
6319,3716,16,2022-11-27T17:00:00,24,Inbound,Discovery,Completed,3,0.6,96,3,False
6320,3072,14,2024-06-07T12:45:00,27,Inbound,QBR,Completed,3,0.69,81,7,True
6321,2058,3,2030-06-15T10:00:00,23,Outbound,Technical Deep Dive,Rescheduled,1,,,0,False
6322,4660,4,2023-10-16T14:15:00,60,Inbound,Check-In,Completed,6,0.43,120,17,False
6323,3916,6,2024-10-28T14:15:00,46,Outbound,Demo,Completed,3,0.5,153,17,True
6324,2660,7,2024-10-12T12:15:00,60,Outbound,Demo,Completed,8,0.52,143,13,True
6325,3476,15,2030-06-15T10:00:00,18,Outbound,Follow-Up,Completed,4,0.51,95,5,False
6326,383,15,2024-12-27T10:15:00,49,Outbound,Check-In,Completed,6,1.08,48,7,True
6327,1695,8,2024-12-06T15:30:00,0,Inbound,Discovery,No Show,1,,,0,False
6328,4663,15,2024-02-18T11:00:00,55,Outbound,Check-In,Completed,2,0.73,73,12,True
6329,3042,4,2022-12-21T11:45:00,50,Inbound,Discovery,Completed,5,0.66,72,13,True
6330,1828,12,2023-12-25T13:30:00,20,Inbound,QBR,Completed,3,0.7,278,8,True
6331,3286,3,2021-01-03T10:30:00,60,Inbound,Follow-Up,Completed,6,0.35,90,14,True
6332,2238,14,2024-10-17T12:30:00,30,Outbound,Discovery,Rescheduled,1,,,0,False
6333,2922,6,2023-11-22T16:00:00,58,Inbound,Negotiation,Completed,6,0.46,203,5,True
6334,894,5,2023-02-19T08:00:00,53,Inbound,Demo,Completed,6,0.52,148,9,False
6335,3157,13,2024-09-14T16:45:00,21,Outbound,QBR,Completed,5,0.48,240,12,True
6336,3440,1,2023-09-24T11:15:00,21,Outbound,Technical Deep Dive,Completed,4,0.62,203,7,False
6337,3700,12,2024-01-02T14:15:00,22,Inbound,Technical Deep Dive,Completed,6,0.57,227,12,True
6338,3121,2,2023-08-14T12:00:00,54,Inbound,Negotiation,Completed,6,0.64,201,22,True
6339,4023,16,2024-12-14T14:15:00,49,Outbound,Negotiation,Completed,2,0.43,45,5,True
6340,1464,12,2021-10-31T10:00:00,1,Outbound,Negotiation,Voicemail,1,,,0,False
6341,4144,12,2024-09-26T13:15:00,26,Outbound,Negotiation,Completed,6,0.7,199,15,True
6342,1019,12,2023-06-09T16:45:00,20,Outbound,Negotiation,Completed,6,0.76,157,5,True
6343,2192,3,2022-11-30T13:15:00,52,Inbound,Check-In,Completed,7,0.6,214,21,True
6344,409,14,2024-12-02T15:00:00,46,Outbound,Technical Deep Dive,Completed,5,0.74,37,14,False
6345,1577,3,2023-01-06T14:30:00,47,Inbound,Negotiation,Completed,2,0.46,78,16,True
6346,4425,5,2024-12-27T17:00:00,46,Inbound,Demo,Completed,7,0.56,189,11,False
6347,2301,8,2022-05-30T14:15:00,39,Outbound,Technical Deep Dive,Completed,5,0.53,61,19,False
6348,2421,10,2022-11-24T11:30:00,19,Inbound,Negotiation,Completed,7,0.54,174,9,True
6349,329,14,2024-07-28T15:00:00,50,Inbound,Follow-Up,Completed,8,0.55,111,14,False
6350,4804,6,2024-12-27T13:45:00,41,Inbound,Check-In,Completed,4,0.52,115,19,False
6351,1478,9,2023-04-08T12:30:00,0,Outbound,QBR,No Show,1,,,0,False
6352,3509,15,2024-07-03T08:45:00,23,Outbound,Negotiation,Completed,5,0.69,59,8,False
6353,213,12,2024-04-23T11:00:00,38,Outbound,Technical Deep Dive,Completed,6,0.41,79,4,False
6354,1723,8,2024-10-25T14:00:00,3,Outbound,Negotiation,Voicemail,1,,,0,False
6355,1690,15,2024-12-04T09:15:00,1,Inbound,Demo,Voicemail,1,,,0,False
6356,1801,10,2024-12-27T13:45:00,22,Outbound,Demo,Completed,6,0.68,96,7,True
6357,4757,9,2022-02-06T09:15:00,41,Inbound,Technical Deep Dive,Completed,2,0.54,121,18,True
6358,4441,12,2024-05-19T13:45:00,41,Inbound,Demo,Completed,8,0.58,52,12,True
6359,4252,1,2022-11-16T13:45:00,47,Outbound,Negotiation,Rescheduled,1,,,0,False
6360,4141,3,2024-11-18T12:15:00,20,Outbound,QBR,Completed,5,0.52,240,4,True
6361,3895,5,2023-02-05T14:00:00,24,Outbound,Demo,Completed,6,0.79,33,5,False
6362,4298,5,2024-06-15T12:00:00,57,Outbound,Technical Deep Dive,Completed,4,0.65,216,19,False
6363,3081,9,2024-07-01T16:45:00,0,Outbound,Demo,No Show,1,,,0,False
6364,3263,7,2023-02-03T13:00:00,0,Inbound,Negotiation,No Show,1,,,0,False
6365,2894,14,2024-08-27T10:45:00,27,Inbound,Check-In,Completed,6,0.73,81,9,False
6366,2228,15,2024-12-25T10:00:00,17,Outbound,Check-In,Completed,3,0.71,135,6,False
6367,1656,12,2024-03-11T14:15:00,20,Outbound,Demo,Completed,4,0.44,169,7,False
6368,4156,16,2024-12-12T09:30:00,41,Inbound,Demo,Completed,5,0.78,196,3,False
6369,2472,5,2024-06-01T14:15:00,17,Outbound,Discovery,Completed,5,0.54,230,11,True
6370,2114,16,2024-12-31T11:45:00,-57,Outbound,QBR,Rescheduled,1,,,0,False
6371,4695,3,2023-12-12T10:45:00,42,Outbound,QBR,Completed,2,0.44,217,18,True
6372,3944,9,2024-06-04T11:00:00,17,Outbound,Discovery,Completed,6,0.73,133,9,False
6373,4910,2,2024-02-07T13:45:00,27,Inbound,Follow-Up,Completed,5,0.55,111,14,True
6374,781,15,2024-05-06T08:00:00,2,Outbound,Demo,Voicemail,1,,,0,False
6375,2898,14,2024-12-21T14:45:00,1,Outbound,Check-In,Voicemail,1,,,0,False
6376,2098,6,2021-12-12T11:00:00,0,Outbound,Demo,No Show,1,,,0,False
6377,2020,3,2022-06-24T15:45:00,0,Outbound,Negotiation,No Show,1,,,0,False
6378,3744,13,2023-02-20T16:45:00,21,Inbound,QBR,Completed,2,0.55,45,6,False
6379,2102,8,2024-12-08T15:00:00,54,Inbound,Discovery,Completed,3,0.37,228,10,False
6380,1764,7,2024-06-11T12:00:00,49,Outbound,Discovery,Completed,7,0.54,73,7,True
6381,273,13,2024-09-05T08:15:00,29,Outbound,QBR,Completed,7,0.67,210,6,False
6382,4763,9,2024-12-21T17:30:00,0,Outbound,Demo,No Show,1,,,0,False
6383,4342,5,2023-08-05T09:45:00,0,Outbound,Follow-Up,No Show,1,,,0,False
6384,3769,4,2024-12-25T14:00:00,29,Inbound,Technical Deep Dive,Completed,8,0.69,174,6,True
6385,456,10,2024-08-22T13:45:00,31,Outbound,Check-In,Completed,8,0.61,200,6,False
6386,2718,10,2024-11-14T15:45:00,59,Outbound,Discovery,Completed,5,0.72,289,13,False
6387,3437,5,2024-10-05T12:45:00,55,Outbound,QBR,Completed,6,0.65,143,10,True
6388,939,7,2024-02-04T15:00:00,51,Outbound,QBR,Completed,8,1.41,185,6,True
6389,4689,15,2024-07-19T09:00:00,58,Inbound,Demo,Rescheduled,1,,,0,False
6390,1910,3,2023-02-17T15:15:00,59,Outbound,Follow-Up,Completed,3,0.25,30,9,True
6391,4281,4,2024-09-07T13:00:00,44,Outbound,Follow-Up,Completed,2,0.63,101,3,False
6392,4244,12,2022-03-04T10:15:00,41,Outbound,Discovery,Completed,4,0.4,206,10,False
6393,1886,7,2024-04-23T12:30:00,3,Outbound,Demo,Voicemail,1,,,0,False
6394,4137,13,2023-01-25T09:30:00,0,Outbound,Discovery,No Show,1,,,0,False
6395,2692,15,2024-12-23T12:45:00,60,Outbound,Follow-Up,Completed,3,0.57,158,15,False
6396,3710,4,2023-12-09T11:15:00,23,Outbound,Demo,Completed,3,0.49,134,5,False
6397,2593,5,2023-09-03T13:45:00,32,Outbound,Demo,Completed,4,0.61,278,15,False
6398,4356,9,2022-11-07T11:00:00,16,Inbound,QBR,Completed,5,0.45,75,4,True
6399,366,5,2024-12-17T15:45:00,0,Outbound,Negotiation,No Show,1,,,0,False
6400,2771,8,2024-11-04T09:00:00,22,Outbound,Demo,Completed,6,0.68,106,7,True
6401,4436,8,2024-12-10T13:15:00,0,Outbound,Negotiation,No Show,1,,,0,False
6402,3800,8,2024-08-18T12:45:00,46,Outbound,Check-In,Completed,3,0.54,92,12,False
6403,3368,4,2023-07-04T16:00:00,53,Outbound,Technical Deep Dive,Completed,4,0.51,234,8,False
6404,4582,14,2022-02-12T11:30:00,19,Inbound,Follow-Up,Completed,3,0.49,68,14,False
6405,3120,6,2022-01-27T17:45:00,0,Inbound,Negotiation,No Show,1,,,0,False
6406,2547,12,2024-08-11T14:45:00,19,Inbound,Demo,Completed,8,0.41,126,3,True
6407,183,14,2024-06-20T09:00:00,31,Inbound,Demo,Completed,4,0.76,42,3,True
6408,2993,7,2024-03-30T14:30:00,34,Outbound,Check-In,Completed,4,0.45,220,15,True
6409,37,1,2021-03-02T15:30:00,1,Outbound,Discovery,Voicemail,1,,,0,False
6410,4682,11,2022-12-14T11:00:00,21,Inbound,Follow-Up,Rescheduled,1,,,0,False
6411,821,5,2024-12-12T09:15:00,44,Outbound,Technical Deep Dive,Completed,4,0.39,54,6,True
6412,4393,16,2024-12-01T09:15:00,21,Inbound,Discovery,Completed,7,0.88,110,10,False
6413,1641,7,2022-07-25T10:00:00,28,Outbound,Follow-Up,Completed,4,0.57,73,8,True
6414,2494,2,2021-07-04T14:30:00,17,Outbound,Follow-Up,Completed,7,0.59,192,20,True
6415,279,10,2024-12-11T10:00:00,27,Outbound,Check-In,Completed,5,0.85,220,6,False
6416,1368,14,2024-12-29T11:30:00,23,Outbound,Follow-Up,Completed,5,0.63,155,9,False
6417,4232,1,2024-08-24T15:30:00,46,Outbound,QBR,Completed,2,0.62,114,15,False
6418,2355,1,2023-10-29T09:45:00,32,Outbound,QBR,Completed,7,0.57,126,9,True
6419,1462,12,2022-02-17T11:30:00,45,Inbound,Demo,Completed,7,0.47,196,15,True
6420,1979,12,2024-06-12T15:15:00,-21,Outbound,Check-In,Completed,4,0.5,160,13,True
6421,468,2,2024-10-01T15:00:00,29,Outbound,Discovery,Completed,3,0.58,71,21,False
6422,4078,10,2024-08-07T16:30:00,45,Outbound,QBR,Completed,8,0.62,165,10,True
6423,1641,7,2022-06-25T12:15:00,24,Inbound,Discovery,Rescheduled,1,,,0,False
6424,3874,3,2023-08-03T12:00:00,49,Outbound,Follow-Up,Completed,5,0.45,47,20,True
6425,1921,2,2021-02-11T13:45:00,36,Inbound,Technical Deep Dive,Completed,5,0.61,266,8,False
6426,3414,3,2023-10-15T13:15:00,0,Outbound,QBR,No Show,1,,,0,False
6427,4572,1,2024-11-28T16:30:00,33,Outbound,Check-In,Completed,6,0.32,230,10,True
6428,1429,1,2024-12-09T11:15:00,54,Outbound,Demo,Rescheduled,1,,,0,False
6429,550,4,2024-06-04T15:45:00,31,Inbound,Technical Deep Dive,Completed,7,0.4,188,15,False
6430,3249,9,2022-04-26T11:15:00,54,Outbound,Discovery,Completed,7,0.67,59,10,False
6431,3076,9,2024-01-08T10:00:00,41,Outbound,Discovery,Completed,2,0.42,63,14,True
6432,2199,11,2024-09-15T11:15:00,46,Outbound,Discovery,Completed,5,0.61,232,16,False
6433,2098,4,2022-05-18T17:00:00,45,Outbound,Negotiation,Completed,5,0.5,176,8,True
6434,1153,16,2024-12-10T15:15:00,36,Outbound,Technical Deep Dive,Completed,4,1.23,164,4,False
6435,235,5,2023-11-21T08:45:00,38,Outbound,Demo,Completed,7,0.5,210,8,False
6436,4045,2,2024-12-09T11:45:00,24,Outbound,Technical Deep Dive,Completed,4,0.6,175,14,True
6437,521,12,2024-10-24T16:45:00,38,Outbound,Technical Deep Dive,Rescheduled,1,,,0,False
6438,4678,7,2021-11-17T11:45:00,40,Outbound,Follow-Up,Completed,6,0.66,169,20,False
6439,669,11,2024-03-05T15:15:00,52,Outbound,QBR,Rescheduled,1,,,0,False
6440,1283,9,2023-12-14T13:00:00,0,Outbound,Discovery,No Show,1,,,0,False
6441,434,10,2024-12-19T12:00:00,49,Inbound,Technical Deep Dive,Completed,8,0.74,185,10,True
6442,1369,3,2023-09-26T10:45:00,26,Outbound,Negotiation,Completed,2,0.56,203,19,True
6443,2974,3,2024-01-08T12:15:00,20,Outbound,QBR,Completed,5,0.64,67,4,False
6444,1801,10,2024-12-24T11:45:00,53,Inbound,Demo,Completed,2,0.78,80,9,False
6445,4606,9,2024-12-22T17:15:00,27,Inbound,Technical Deep Dive,Completed,7,0.5,154,8,True
6446,3366,7,2024-11-11T10:45:00,27,Inbound,Technical Deep Dive,Completed,4,0.58,139,18,True
6447,1880,3,2024-09-10T13:15:00,-26,Inbound,Check-In,Completed,2,0.58,178,19,True
6448,3316,1,2023-07-06T09:45:00,3,Inbound,Follow-Up,Voicemail,1,,,0,False
6449,2382,8,2024-01-18T14:45:00,0,Outbound,Demo,No Show,1,,,0,False
6450,2336,9,2022-07-15T13:15:00,,Outbound,Technical Deep Dive,Completed,3,1.26,107,1,True
6451,3168,9,2024-12-27T09:15:00,35,Outbound,Check-In,Completed,7,0.65,180,13,False
6452,4288,3,2024-08-21T15:30:00,29,Inbound,QBR,Completed,2,0.45,124,13,True
6453,4509,3,2023-07-19T12:15:00,39,Inbound,Check-In,Completed,4,0.43,146,30,True
6454,2745,10,2024-12-21T09:30:00,2,Outbound,Check-In,Voicemail,1,,,0,False
6455,2079,4,2024-05-09T12:45:00,30,Outbound,Discovery,Rescheduled,1,,,0,False
6456,81,4,2024-02-15T11:15:00,0,Outbound,Check-In,No Show,1,,,0,False
6457,954,10,2023-08-05T15:45:00,38,Outbound,Technical Deep Dive,Rescheduled,1,,,0,False
6458,3078,9,2024-12-03T13:45:00,15,Outbound,Technical Deep Dive,Completed,6,0.66,223,3,True
6459,1200,2,2022-08-01T08:45:00,18,Outbound,Follow-Up,Completed,2,0.35,87,6,False
6460,4691,4,2024-07-22T10:15:00,20,Inbound,Follow-Up,Completed,5,0.55,195,12,True
6461,3902,7,2024-12-15T14:45:00,0,Inbound,Follow-Up,No Show,1,,,0,False
6462,937,11,2024-12-07T08:30:00,30,Outbound,Negotiation,Completed,5,0.55,196,2,False
6463,4184,13,2023-08-24T13:15:00,45,Outbound,Check-In,Completed,6,0.62,178,10,False
6464,4907,16,2024-07-28T10:15:00,48,Outbound,QBR,Completed,4,0.53,74,11,True
6465,2208,14,2024-01-23T14:15:00,43,Inbound,Discovery,Completed,2,0.73,261,6,False
6466,3474,11,2024-12-13T10:00:00,18,Outbound,Follow-Up,Completed,5,0.57,38,10,True
6467,2085,3,2023-05-22T09:00:00,45,Outbound,Check-In,Completed,3,0.4,31,12,True
6468,837,16,2024-09-05T11:15:00,46,Outbound,Negotiation,Completed,6,0.56,183,11,True
6469,752,6,2024-12-02T13:30:00,59,Outbound,Demo,Completed,6,0.74,205,8,False
6470,1344,12,2024-12-23T10:00:00,22,Inbound,Demo,Completed,4,0.71,83,3,False
6471,5,5,2023-01-01T11:30:00,3,Outbound,Follow-Up,Voicemail,1,,,0,False
6472,2252,5,2023-09-03T15:00:00,35,Outbound,Check-In,Rescheduled,1,,,0,False
6473,479,13,2030-06-15T10:00:00,2,Inbound,Negotiation,Voicemail,1,,,0,False
6474,4146,10,2024-12-19T12:15:00,0,Outbound,Follow-Up,No Show,1,,,0,False
6475,3313,9,2024-08-21T09:00:00,57,Inbound,Follow-Up,Completed,3,0.45,214,9,True
6476,1536,5,2024-05-04T13:45:00,20,Outbound,Check-In,Completed,8,0.72,282,9,False
6477,4169,16,2024-09-13T14:45:00,48,Inbound,Demo,Completed,8,0.39,141,8,True
6478,731,5,2024-08-03T12:15:00,50,Inbound,Demo,Completed,5,0.83,33,10,True
6479,1001,6,2022-04-09T10:45:00,0,Outbound,Follow-Up,No Show,1,,,0,False
6480,835,14,2022-02-26T15:15:00,23,Inbound,Follow-Up,Completed,4,0.65,56,13,True
6481,2226,13,2030-06-15T10:00:00,3,Outbound,QBR,Voicemail,1,,,0,False
6482,465,9,2024-05-07T15:45:00,,Outbound,Check-In,Rescheduled,1,,,0,False
6483,2421,10,2022-12-12T09:30:00,3,Outbound,Follow-Up,Voicemail,1,,,0,False
6484,4414,1,2022-08-22T14:45:00,0,Outbound,Follow-Up,No Show,1,,,0,False
6485,3527,6,2023-05-27T10:45:00,56,Outbound,Technical Deep Dive,Completed,6,0.5,83,5,False
6486,875,2,2024-02-26T14:00:00,56,Outbound,Follow-Up,Completed,2,0.64,50,16,False
6487,2047,2,2023-08-27T13:30:00,51,Outbound,Negotiation,Completed,7,0.38,113,21,True
6488,3372,7,2023-12-13T11:45:00,,Outbound,Discovery,Completed,7,0.67,68,11,False
6489,3846,11,2022-04-27T10:15:00,18,Outbound,Negotiation,Completed,4,0.71,212,3,True
6490,887,4,2024-05-17T14:30:00,56,Outbound,Check-In,Completed,8,0.46,30,4,True
6491,3645,3,2024-11-15T16:15:00,26,Outbound,Check-In,Completed,5,1.43,129,10,True
6492,855,16,2022-10-17T10:45:00,46,Inbound,Check-In,Completed,3,0.51,85,10,False
6493,2858,7,2024-06-04T13:15:00,35,Inbound,Discovery,Completed,2,1.35,200,11,True
6494,877,15,2024-12-23T16:45:00,26,Outbound,Follow-Up,Completed,6,0.7,92,8,False
6495,3222,15,2024-12-09T15:45:00,43,Outbound,QBR,Completed,3,0.74,45,12,True
6496,3999,15,2024-12-13T12:30:00,57,Inbound,Technical Deep Dive,Rescheduled,1,,,0,False
6497,1523,7,2023-09-11T15:00:00,55,Outbound,Check-In,Completed,8,0.67,44,17,False
6498,647,8,2024-11-27T15:15:00,0,Outbound,Discovery,No Show,1,,,0,False
6499,1520,5,2024-12-31T14:15:00,33,Outbound,Demo,Completed,4,0.51,55,15,False
6500,3562,3,2021-02-06T10:45:00,37,Inbound,Technical Deep Dive,Rescheduled,1,,,0,False
6501,1020,6,2030-06-15T10:00:00,2,Inbound,Follow-Up,Voicemail,1,,,0,False
6502,717,6,2024-12-03T09:00:00,35,Outbound,Check-In,Completed,2,0.52,51,16,False
6503,2756,2,2024-04-21T12:30:00,20,Outbound,QBR,Completed,2,0.73,263,2,False
6504,1831,3,2022-06-22T09:00:00,15,Outbound,Discovery,Completed,5,0.41,53,9,True
6505,1367,12,2022-10-28T15:00:00,37,Outbound,QBR,Completed,2,0.64,158,13,True
6506,1897,11,2024-05-07T12:45:00,59,Outbound,Technical Deep Dive,Completed,7,0.45,79,15,False
6507,2628,11,2024-07-20T14:30:00,55,Outbound,Negotiation,Completed,6,0.49,43,5,False
6508,1569,1,2024-04-01T12:45:00,60,Outbound,Follow-Up,Completed,2,0.37,202,9,False
6509,1837,11,2022-05-02T09:00:00,40,Outbound,Negotiation,Completed,4,0.59,78,15,False
6510,554,10,2023-07-06T12:00:00,19,Outbound,Check-In,Completed,5,0.47,202,6,False
6511,630,5,2023-05-14T14:15:00,21,Inbound,QBR,Completed,4,0.58,202,12,True
6512,1436,1,2024-07-25T10:00:00,31,Outbound,Follow-Up,Completed,7,1.13,215,10,True
6513,1357,3,2024-05-25T15:15:00,19,Outbound,Discovery,Completed,3,0.51,109,10,True
6514,2822,15,2024-12-05T17:45:00,46,Outbound,Discovery,Completed,7,0.66,127,6,True
6515,3107,12,2022-09-08T11:45:00,1,Outbound,QBR,Voicemail,1,,,0,False
6516,667,5,2024-12-30T08:15:00,19,Inbound,Technical Deep Dive,Completed,5,0.44,57,10,False
6517,2457,6,2024-08-23T16:15:00,15,Outbound,Discovery,Completed,3,0.67,142,20,False
6518,3681,1,2024-08-09T15:00:00,16,Outbound,Negotiation,Completed,7,0.35,64,6,False
6519,4925,4,2023-09-14T15:45:00,52,Inbound,Discovery,Completed,6,0.39,177,15,True
6520,3595,16,2024-12-09T13:15:00,55,Inbound,Follow-Up,Completed,2,0.44,112,13,False
6521,4042,4,2024-12-07T13:00:00,41,Outbound,Technical Deep Dive,Completed,5,0.42,177,4,False
6522,2274,14,2024-12-27T15:30:00,0,Outbound,Negotiation,No Show,1,,,0,False
6523,188,13,2024-09-15T16:30:00,22,Outbound,Discovery,Completed,4,0.6,233,7,False
6524,3713,1,2023-06-28T14:30:00,1,Inbound,QBR,Voicemail,1,,,0,False
6525,228,6,2024-12-26T12:30:00,22,Outbound,Discovery,Completed,8,0.51,144,16,False
6526,4913,12,2023-12-04T11:45:00,53,Outbound,Follow-Up,Completed,8,0.41,233,15,True
6527,2994,8,2024-07-05T12:45:00,0,Outbound,Demo,No Show,1,,,0,False
6528,172,1,2023-11-12T10:45:00,20,Inbound,Discovery,Completed,8,0.46,122,21,True
6529,4906,10,2022-11-11T09:30:00,57,Outbound,Check-In,Completed,7,1.12,42,14,True
6530,3885,15,2024-10-05T13:15:00,42,Outbound,QBR,Completed,2,0.8,201,3,False
6531,816,16,2030-06-15T10:00:00,56,Outbound,Technical Deep Dive,Completed,7,0.65,249,4,False
6532,2547,12,2024-10-15T15:00:00,0,Inbound,Check-In,No Show,1,,,0,False
6533,2806,4,2024-12-22T15:00:00,48,Outbound,Check-In,Completed,6,0.49,187,14,False
6534,2536,6,2023-01-28T09:30:00,55,Outbound,Discovery,Completed,5,0.64,106,14,False
6535,3919,11,2024-12-27T15:30:00,23,Outbound,Technical Deep Dive,Completed,2,0.63,83,3,False
6536,4031,8,2024-08-17T11:30:00,54,Outbound,Follow-Up,Completed,5,0.57,216,20,False
6537,4249,5,2022-08-16T13:45:00,30,Inbound,Discovery,Completed,7,0.6,167,20,True
6538,3004,16,2024-08-26T12:45:00,28,Outbound,Demo,Rescheduled,1,,,0,False
6539,4090,11,2021-12-17T16:30:00,48,Inbound,Follow-Up,Rescheduled,1,,,0,False
6540,1199,14,2024-08-07T17:45:00,0,Inbound,Negotiation,No Show,1,,,0,False
6541,236,14,2024-11-12T10:30:00,42,Outbound,QBR,Completed,8,0.49,80,7,False
6542,3931,8,2024-10-28T13:45:00,37,Outbound,Negotiation,Completed,5,0.4,155,23,True
6543,416,6,2024-07-12T15:00:00,34,Outbound,Negotiation,Completed,5,0.35,122,11,True
6544,3513,9,2024-04-26T10:45:00,39,Outbound,QBR,Completed,6,0.63,76,13,False
6545,2617,4,2023-06-08T10:15:00,40,Outbound,Demo,Completed,8,0.43,157,4,False
6546,709,14,2024-04-24T15:30:00,23,Outbound,Check-In,Completed,7,1.4,208,7,True
6547,1412,2,2022-09-21T11:00:00,20,Outbound,Negotiation,Completed,4,0.72,168,16,False
6548,4119,3,2024-10-17T14:00:00,,Outbound,QBR,Completed,7,0.53,164,20,True
6549,2506,11,2023-02-26T13:15:00,30,Inbound,Discovery,Completed,2,0.63,169,15,False
6550,1302,4,2024-12-11T12:15:00,55,Outbound,Negotiation,Completed,6,0.35,87,13,False
6551,1409,12,2024-10-31T15:00:00,33,Inbound,Check-In,Completed,7,0.47,205,9,False
6552,3146,15,2024-12-11T16:15:00,50,Inbound,Technical Deep Dive,Completed,7,0.58,156,7,True
6553,1772,3,2024-09-23T10:15:00,30,Outbound,Demo,Completed,5,0.54,37,24,False
6554,3367,13,2021-10-16T11:00:00,,Outbound,Demo,Completed,2,0.71,74,8,False
6555,850,11,2023-12-10T10:45:00,-19,Inbound,Negotiation,Rescheduled,1,,,0,False
6556,3953,16,2024-12-01T11:00:00,17,Inbound,Demo,Completed,2,0.64,74,6,False
6557,796,5,2024-02-16T11:30:00,16,Outbound,Demo,Rescheduled,1,,,0,False
6558,3243,12,2021-06-14T13:15:00,25,Inbound,Check-In,Completed,5,0.69,121,9,True
6559,1579,9,2024-10-11T14:15:00,25,Outbound,Check-In,Completed,2,0.59,67,14,True
6560,2568,9,2022-02-28T12:00:00,44,Outbound,Check-In,Completed,4,0.69,60,12,True
6561,4829,14,2023-06-22T12:00:00,47,Inbound,Technical Deep Dive,Completed,8,0.73,109,9,False
6562,774,11,2024-04-26T16:00:00,38,Inbound,Discovery,Rescheduled,1,,,0,False
6563,139,7,2024-09-05T12:45:00,-55,Outbound,Technical Deep Dive,Completed,3,0.43,64,13,False
6564,2472,5,2024-05-08T13:30:00,2,Inbound,Follow-Up,Voicemail,1,,,0,False
6565,4753,9,2023-11-20T09:45:00,56,Outbound,QBR,Completed,4,0.72,147,5,False
6566,1158,10,2022-02-06T11:45:00,0,Outbound,Negotiation,No Show,1,,,0,False
6567,1359,15,2024-12-16T13:45:00,37,Outbound,Discovery,Completed,5,0.87,160,7,False
6568,3707,8,2022-05-30T10:00:00,0,Inbound,QBR,No Show,1,,,0,False
6569,497,10,2022-06-10T13:30:00,0,Outbound,Follow-Up,No Show,1,,,0,False
6570,4676,7,2024-10-11T10:15:00,31,Outbound,Negotiation,Completed,4,0.57,195,5,False
6571,2234,6,2024-04-25T15:45:00,51,Inbound,Technical Deep Dive,Completed,4,0.85,198,2,False
6572,1455,5,2024-12-10T10:45:00,35,Outbound,Negotiation,Completed,4,0.51,203,5,True
6573,2857,7,2024-12-30T15:00:00,0,Outbound,Demo,No Show,1,,,0,False
6574,2172,10,2024-12-09T11:45:00,34,Outbound,Follow-Up,Completed,5,0.88,296,9,True
6575,4802,8,2022-03-07T08:45:00,51,Outbound,Demo,Completed,6,0.62,121,13,True
6576,2636,12,2022-07-05T14:30:00,19,Outbound,Negotiation,Completed,8,0.68,105,12,False
6577,2025,15,2024-10-01T10:15:00,32,Outbound,Negotiation,Completed,4,0.49,179,19,True
6578,4679,1,2022-10-31T13:45:00,52,Outbound,Discovery,Completed,5,0.71,135,2,True
6579,2520,10,2024-06-25T16:00:00,20,Outbound,QBR,Completed,8,0.83,228,4,True
6580,4290,14,2024-12-26T11:00:00,0,Outbound,QBR,No Show,1,,,0,False
6581,3002,11,2024-12-10T10:30:00,34,Outbound,Negotiation,Completed,2,0.68,76,3,False
6582,1914,6,2024-11-23T09:45:00,53,Outbound,QBR,Completed,3,0.64,235,12,False
6583,4902,9,2024-05-03T11:45:00,50,Outbound,Demo,Rescheduled,1,,,0,False
6584,4582,14,2022-03-05T11:45:00,26,Outbound,Negotiation,Completed,3,0.73,227,7,True
6585,2907,15,2024-02-22T15:15:00,19,Inbound,QBR,Rescheduled,1,,,0,False
6586,4050,5,2024-10-14T11:30:00,46,Outbound,Technical Deep Dive,Completed,6,0.7,63,9,True
6587,3616,13,2024-04-24T10:15:00,41,Outbound,Discovery,Rescheduled,1,,,0,False
6588,2973,14,2024-07-12T13:45:00,52,Outbound,Discovery,Completed,4,0.84,163,10,False
6589,1373,7,2022-01-08T11:30:00,46,Outbound,Check-In,Completed,5,0.63,65,20,True
6590,2379,14,2023-10-08T15:00:00,56,Inbound,Negotiation,Completed,5,0.65,225,1,False
6591,958,13,2024-12-18T10:45:00,30,Outbound,Negotiation,Completed,3,0.66,69,13,False
6592,49,5,2030-06-15T10:00:00,34,Outbound,Negotiation,Completed,2,0.5,86,18,True
6593,4319,7,2024-05-29T10:15:00,0,Outbound,Check-In,No Show,1,,,0,False
6594,4162,13,2024-12-21T09:30:00,50,Outbound,Demo,Completed,6,0.56,208,4,False
6595,4637,14,2022-01-18T15:15:00,23,Inbound,Follow-Up,Completed,6,0.67,145,7,True
6596,387,11,2024-11-24T11:30:00,41,Outbound,Discovery,Completed,5,0.6,190,15,True
6597,3620,1,2030-06-15T10:00:00,60,Outbound,Discovery,Completed,4,0.62,243,6,False
6598,4073,10,2023-05-11T13:45:00,0,Outbound,Discovery,No Show,1,,,0,False
6599,3354,1,2024-12-09T10:00:00,0,Outbound,Demo,No Show,1,,,0,False
6600,241,10,2022-12-07T10:45:00,22,Outbound,Check-In,Completed,2,0.4,87,16,False
6601,753,6,2024-09-20T09:45:00,18,Outbound,Demo,Completed,2,0.61,155,20,False
6602,3570,5,2030-06-15T10:00:00,26,Outbound,Technical Deep Dive,Completed,2,0.69,149,18,True
6603,3108,14,2023-03-26T10:45:00,0,Outbound,Discovery,No Show,1,,,0,False
6604,4754,8,2024-08-20T16:45:00,28,Inbound,Follow-Up,Completed,6,0.45,208,10,False
6605,766,1,2023-11-21T11:15:00,21,Outbound,Negotiation,Completed,2,0.43,234,8,False
6606,3735,1,2024-11-04T12:45:00,0,Outbound,Technical Deep Dive,No Show,1,,,0,False
6607,4597,16,2024-06-08T16:00:00,58,Inbound,Technical Deep Dive,Completed,4,0.47,168,4,False
6608,4124,4,2023-04-11T13:15:00,24,Outbound,Technical Deep Dive,Rescheduled,1,,,0,False
6609,957,6,2023-09-18T13:15:00,56,Inbound,Check-In,Completed,2,0.36,101,6,True
6610,3447,7,2024-11-15T15:30:00,50,Outbound,Negotiation,Completed,2,0.45,130,5,False
6611,2230,13,2030-06-15T10:00:00,20,Outbound,Demo,Completed,5,0.53,61,14,False
6612,181,8,2024-10-21T13:30:00,27,Outbound,Check-In,Completed,8,0.5,146,14,False
6613,3104,15,2024-11-10T09:00:00,27,Outbound,QBR,Completed,3,0.51,125,12,True
6614,329,14,2024-05-18T09:00:00,3,Inbound,Negotiation,Voicemail,1,,,0,False
6615,3154,11,2023-01-17T12:45:00,25,Outbound,Negotiation,Completed,7,0.68,111,8,False
6616,3346,13,2024-12-17T15:45:00,36,Outbound,Negotiation,Completed,3,0.54,227,6,True
6617,4085,2,2023-02-06T16:45:00,35,Outbound,QBR,Completed,6,0.49,72,13,False
6618,2837,10,2024-02-21T13:45:00,21,Outbound,Follow-Up,Rescheduled,1,,,0,False
6619,764,12,2024-08-19T11:30:00,36,Outbound,Technical Deep Dive,Completed,8,0.53,65,9,True
6620,3458,10,2024-12-25T11:30:00,-35,Outbound,QBR,Completed,7,0.63,236,5,False
6621,1299,6,2022-06-02T15:00:00,23,Outbound,Technical Deep Dive,Completed,5,0.49,62,17,True
6622,2748,11,2024-12-08T15:30:00,41,Outbound,Technical Deep Dive,Completed,2,0.58,56,6,True
6623,1503,7,2023-08-13T16:00:00,50,Outbound,QBR,Completed,7,0.52,37,19,False
6624,4652,5,2024-12-24T09:45:00,0,Outbound,Discovery,No Show,1,,,0,False
6625,1110,5,2024-12-31T11:30:00,39,Outbound,Follow-Up,Completed,4,0.49,130,9,True
6626,3817,8,2021-03-29T12:15:00,40,Outbound,Discovery,Completed,4,0.72,175,12,True
6627,2122,9,2023-06-29T11:00:00,51,Outbound,QBR,Completed,7,0.65,123,6,False
6628,3306,5,2022-07-01T11:45:00,59,Outbound,Technical Deep Dive,Completed,7,0.83,135,10,False
6629,3176,9,2024-12-10T10:00:00,26,Outbound,Technical Deep Dive,Completed,3,0.52,72,10,False
6630,3934,10,2024-11-04T11:15:00,1,Outbound,Discovery,Voicemail,1,,,0,False
6631,690,11,2022-03-09T13:45:00,51,Outbound,Technical Deep Dive,Completed,7,0.47,237,18,False
6632,4644,6,2022-12-06T09:30:00,54,Inbound,Check-In,Completed,5,0.59,173,6,False
6633,215,15,2024-08-24T15:30:00,54,Inbound,Technical Deep Dive,Completed,6,0.77,86,3,True
6634,2019,6,2023-07-14T11:15:00,25,Outbound,Negotiation,Completed,4,0.47,86,7,False
6635,2520,10,2024-06-24T16:30:00,36,Outbound,Demo,Rescheduled,1,,,0,False
6636,572,8,2024-12-20T10:00:00,25,Inbound,Discovery,Completed,6,0.54,124,19,False
6637,216,16,2024-06-29T12:15:00,33,Outbound,Check-In,Completed,3,0.79,234,6,False
6638,1958,4,2023-01-16T12:30:00,40,Inbound,QBR,Completed,7,1.12,72,8,True
6639,359,5,2023-04-30T14:00:00,0,Outbound,Follow-Up,No Show,1,,,0,False
6640,583,8,2024-05-03T15:45:00,25,Outbound,Discovery,Completed,4,0.36,235,8,True
6641,3782,8,2024-02-04T13:45:00,22,Outbound,QBR,Completed,7,0.52,125,8,True
6642,3126,6,2021-02-20T13:00:00,47,Inbound,Technical Deep Dive,Rescheduled,1,,,0,False
6643,733,16,2024-04-09T13:45:00,25,Outbound,Follow-Up,Rescheduled,1,,,0,False
6644,4501,8,2024-12-17T15:45:00,60,Outbound,Follow-Up,Completed,6,0.43,56,15,False
6645,838,10,2023-09-08T15:30:00,60,Inbound,Technical Deep Dive,Completed,3,0.66,130,11,True
6646,324,12,2024-02-16T15:15:00,31,Outbound,Check-In,Completed,2,0.6,70,17,False
6647,4065,4,2024-08-19T14:15:00,56,Outbound,QBR,Rescheduled,1,,,0,False
6648,3143,6,2024-12-28T15:00:00,37,Outbound,Discovery,Rescheduled,1,,,0,False
6649,2215,15,2024-12-27T11:45:00,41,Outbound,Discovery,Completed,6,1.43,45,9,True
6650,4946,4,2024-06-03T11:00:00,30,Inbound,Demo,Rescheduled,1,,,0,False
6651,4560,5,2024-07-04T16:45:00,38,Inbound,Negotiation,Completed,4,0.61,33,6,True
6652,1509,14,2024-04-27T11:30:00,21,Inbound,Technical Deep Dive,Completed,5,0.69,194,2,False
6653,1354,15,2024-12-08T14:30:00,53,Outbound,Technical Deep Dive,Completed,4,0.61,226,10,False
6654,3301,12,2024-12-03T14:15:00,0,Inbound,Negotiation,No Show,1,,,0,False
6655,3552,15,2024-12-05T17:15:00,36,Outbound,QBR,Completed,5,0.56,134,12,True
6656,4900,7,2024-03-19T12:30:00,28,Outbound,Demo,Completed,7,0.66,209,8,False
6657,3821,15,2024-11-11T10:30:00,32,Inbound,QBR,Completed,7,0.69,46,10,True
6658,1088,4,2024-12-23T11:30:00,53,Outbound,Discovery,Rescheduled,1,,,0,False
6659,3174,11,2022-09-20T13:45:00,58,Outbound,Demo,Completed,4,0.51,219,8,False
6660,3599,10,2024-12-13T12:00:00,2,Outbound,QBR,Voicemail,1,,,0,False
6661,1294,4,2023-02-13T14:45:00,1,Outbound,Check-In,Voicemail,1,,,0,False
6662,1995,4,2022-10-05T15:30:00,54,Outbound,Negotiation,Completed,2,0.67,160,5,True
6663,4993,3,2023-09-17T11:30:00,56,Outbound,Check-In,Completed,5,0.36,169,4,True
6664,607,3,2024-12-12T16:30:00,59,Inbound,Discovery,Completed,7,0.34,84,18,False
6665,1865,1,2024-06-13T11:30:00,26,Outbound,Follow-Up,Completed,5,0.57,196,16,True
6666,164,3,2024-08-03T14:30:00,3,Outbound,Discovery,Voicemail,1,,,0,False
6667,2564,16,2024-11-07T12:30:00,0,Outbound,Discovery,No Show,1,,,0,False
6668,915,8,2022-06-05T10:15:00,0,Inbound,Technical Deep Dive,No Show,1,,,0,False
6669,3905,2,2024-01-24T11:30:00,,Outbound,Check-In,Completed,7,0.65,286,10,True
6670,4997,13,2024-09-19T11:45:00,,Outbound,Check-In,Rescheduled,1,,,0,False
6671,3862,6,2024-12-16T15:30:00,52,Outbound,Technical Deep Dive,Rescheduled,1,,,0,False
6672,2112,4,2024-12-27T16:45:00,43,Outbound,Follow-Up,Completed,7,0.41,141,5,False
6673,486,5,2020-08-31T11:30:00,38,Outbound,Negotiation,Completed,5,0.47,73,8,True
6674,4695,3,2023-08-18T15:30:00,53,Inbound,Demo,Completed,5,0.48,145,18,False
6675,4743,13,2023-12-20T10:45:00,30,Outbound,Technical Deep Dive,Completed,3,0.78,117,9,False
6676,794,9,2024-07-03T13:30:00,24,Outbound,Negotiation,Completed,4,1.03,99,12,False
6677,648,4,2020-10-15T14:15:00,50,Outbound,Demo,Completed,2,0.49,77,6,True
6678,1952,12,2023-08-21T08:00:00,24,Outbound,Negotiation,Completed,2,0.85,120,13,False
6679,984,3,2022-12-09T13:45:00,55,Outbound,Follow-Up,Completed,6,0.33,30,7,True
6680,3373,7,2024-12-13T09:45:00,3,Outbound,Discovery,Voicemail,1,,,0,False
6681,854,14,2024-10-16T12:45:00,0,Inbound,Technical Deep Dive,No Show,1,,,0,False
6682,4243,1,2023-10-28T10:00:00,18,Outbound,Check-In,Completed,7,0.47,84,6,False
6683,3643,4,2022-09-22T13:00:00,53,Outbound,QBR,Completed,2,0.65,66,10,True
6684,2216,4,2024-10-08T15:15:00,56,Outbound,QBR,Completed,7,0.68,71,13,False
6685,3866,13,2023-08-09T08:45:00,3,Outbound,QBR,Voicemail,1,,,0,False
6686,2856,3,2020-12-17T12:30:00,48,Inbound,Discovery,Completed,2,0.62,99,9,False
6687,2051,6,2021-09-10T13:45:00,30,Outbound,Check-In,Completed,3,0.59,193,16,False
6688,7,6,2021-11-17T10:00:00,1,Outbound,Demo,Voicemail,1,,,0,False
6689,4556,7,2030-06-15T10:00:00,55,Outbound,QBR,Rescheduled,1,,,0,False
6690,2602,1,2024-11-28T12:30:00,59,Outbound,Negotiation,Completed,6,0.4,54,22,False
6691,3789,6,2024-12-22T09:45:00,40,Outbound,Check-In,Completed,4,0.82,90,12,False
6692,103,10,2023-02-03T10:30:00,50,Outbound,Demo,Completed,8,0.65,52,6,True
6693,3848,10,2023-10-24T15:00:00,37,Outbound,Follow-Up,Rescheduled,1,,,0,False
6694,2421,10,2022-11-07T14:45:00,28,Outbound,Demo,Completed,3,0.53,154,11,False
6695,155,6,2030-06-15T10:00:00,22,Inbound,Follow-Up,Rescheduled,1,,,0,False
6696,1458,3,2024-12-09T14:30:00,45,Outbound,Technical Deep Dive,Completed,5,0.42,105,19,True
6697,536,11,2024-07-12T08:45:00,57,Outbound,Discovery,Completed,8,0.44,60,5,True
6698,3434,2,2024-12-02T12:30:00,36,Outbound,Negotiation,Completed,2,0.5,191,6,False
6699,694,10,2023-09-27T12:45:00,36,Outbound,Check-In,Completed,8,0.86,282,2,False
6700,1828,12,2023-11-16T14:30:00,39,Inbound,Discovery,Completed,3,0.56,175,3,True
6701,3007,13,2022-03-16T16:00:00,38,Outbound,QBR,Completed,7,0.67,112,4,False
6702,3961,7,2024-12-16T15:30:00,60,Outbound,Follow-Up,Completed,5,0.41,120,4,True
6703,4556,7,2024-01-01T17:30:00,,Outbound,Technical Deep Dive,Completed,4,0.4,190,17,False
6704,2910,11,2024-06-23T16:15:00,20,Inbound,Demo,Completed,3,0.57,74,9,True
6705,258,11,2024-11-22T13:15:00,48,Outbound,Technical Deep Dive,Completed,3,1.47,211,9,False
6706,1459,5,2023-10-29T14:30:00,60,Inbound,Check-In,Completed,3,0.65,167,8,False
6707,887,4,2024-06-10T13:00:00,43,Outbound,Follow-Up,Completed,7,0.62,188,17,True
6708,914,4,2024-02-04T10:00:00,31,Outbound,Negotiation,Completed,4,0.53,91,18,False
6709,1503,7,2023-09-29T10:30:00,18,Inbound,QBR,Completed,3,0.41,105,20,True
6710,1723,8,2024-12-27T12:30:00,,Inbound,Technical Deep Dive,Rescheduled,1,,,0,False
6711,1338,3,2024-12-06T14:45:00,33,Inbound,Check-In,Completed,7,0.45,93,10,True
6712,2419,13,2022-12-28T13:15:00,60,Outbound,Follow-Up,Rescheduled,1,,,0,False
6713,1239,15,2024-08-24T10:00:00,56,Outbound,Negotiation,Completed,8,0.66,65,3,False
6714,259,2,2022-10-30T14:00:00,23,Outbound,Demo,Completed,5,0.47,86,19,True
6715,1131,9,2021-12-18T14:15:00,41,Inbound,Technical Deep Dive,Completed,8,0.8,180,1,True
6716,838,10,2023-12-15T17:45:00,21,Outbound,Technical Deep Dive,Completed,5,0.59,50,3,False
6717,2226,13,2023-06-02T11:45:00,17,Inbound,Check-In,Completed,5,0.51,32,14,True
6718,2138,16,2024-04-15T16:15:00,,Outbound,Discovery,Completed,8,0.54,167,12,False
6719,3687,11,2024-12-03T10:15:00,60,Outbound,QBR,Completed,6,1.32,198,15,False
6720,3052,14,2024-06-27T15:45:00,25,Outbound,Demo,Completed,3,0.88,218,9,False
6721,3185,8,2024-12-15T10:00:00,39,Outbound,Negotiation,Completed,4,0.42,126,9,True
6722,2312,7,2022-06-29T11:00:00,40,Outbound,QBR,Completed,8,0.7,99,15,False
6723,492,2,2023-04-08T16:45:00,47,Inbound,Technical Deep Dive,Completed,5,0.57,228,24,False
6724,4010,1,2024-06-15T15:30:00,2,Outbound,QBR,Voicemail,1,,,0,False
6725,1945,5,2024-10-29T14:45:00,23,Outbound,Check-In,Rescheduled,1,,,0,False
6726,1351,13,2024-12-07T10:45:00,16,Outbound,Discovery,Rescheduled,1,,,0,False
6727,1668,15,2024-12-12T13:45:00,28,Outbound,Discovery,Completed,3,0.71,165,8,False
6728,4336,16,2024-08-24T13:15:00,32,Outbound,Technical Deep Dive,Completed,7,0.71,232,5,True
6729,3158,9,2023-03-09T08:00:00,47,Outbound,Check-In,Completed,5,0.58,137,18,True
6730,4630,7,2024-12-10T11:00:00,51,Inbound,QBR,Completed,3,0.41,147,13,False
6731,1271,3,2024-11-04T15:30:00,1,Inbound,Demo,Voicemail,1,,,0,False
6732,2874,1,2024-10-11T16:30:00,52,Inbound,Negotiation,Rescheduled,1,,,0,False
6733,2696,8,2024-12-07T12:00:00,23,Outbound,Check-In,Rescheduled,1,,,0,False
6734,1065,4,2022-12-07T12:45:00,0,Outbound,Demo,No Show,1,,,0,False
6735,2234,6,2024-05-29T11:00:00,17,Outbound,Technical Deep Dive,Completed,2,0.7,232,9,False
6736,2405,3,2030-06-15T10:00:00,15,Inbound,Demo,Completed,6,0.56,200,18,True
6737,1631,8,2022-11-25T14:00:00,40,Outbound,Technical Deep Dive,Completed,4,0.61,216,18,False
6738,343,11,2024-01-11T10:00:00,47,Outbound,Technical Deep Dive,Completed,3,1.19,206,13,False
6739,3550,15,2024-04-22T15:45:00,1,Outbound,QBR,Voicemail,1,,,0,False
6740,820,3,2024-07-02T16:45:00,41,Outbound,Check-In,Rescheduled,1,,,0,False
6741,4197,5,2024-12-08T12:30:00,3,Outbound,Discovery,Voicemail,1,,,0,False
6742,4549,3,2022-11-24T09:30:00,48,Inbound,Negotiation,Rescheduled,1,,,0,False
6743,816,16,2024-09-25T10:45:00,45,Inbound,Negotiation,Completed,8,0.83,96,11,False
6744,4777,9,2023-04-19T15:00:00,32,Outbound,Demo,Completed,2,0.38,30,6,False
6745,3360,10,2024-11-26T11:15:00,52,Outbound,QBR,Completed,5,0.48,165,17,False
6746,1749,14,2024-07-28T14:45:00,51,Outbound,Demo,Completed,3,0.65,170,14,True
6747,22,3,2024-11-08T13:00:00,40,Inbound,Check-In,Completed,3,0.53,115,22,False
6748,1845,15,2022-03-08T15:45:00,42,Outbound,Check-In,Completed,6,0.69,219,10,False
6749,4839,4,2030-06-15T10:00:00,47,Outbound,Negotiation,Completed,4,0.55,57,13,False
6750,429,8,2024-06-07T14:30:00,32,Outbound,Discovery,Completed,3,0.65,84,4,True
6751,201,11,2024-09-18T11:15:00,41,Inbound,Technical Deep Dive,Completed,7,0.43,142,9,True
6752,56,1,2023-11-29T16:00:00,19,Outbound,Demo,Completed,3,0.43,150,20,True
6753,2567,15,2024-01-23T11:15:00,0,Outbound,Technical Deep Dive,No Show,1,,,0,False
6754,4744,16,2024-09-02T13:30:00,54,Outbound,Check-In,Completed,6,0.64,193,9,False
6755,1657,11,2024-01-17T14:00:00,16,Outbound,Follow-Up,Rescheduled,1,,,0,False
6756,324,12,2024-01-31T13:00:00,20,Inbound,QBR,Completed,7,0.72,201,6,False
6757,1449,6,2024-12-04T11:00:00,36,Outbound,Follow-Up,Completed,8,0.55,165,6,True
6758,4201,15,2024-12-03T12:45:00,49,Inbound,Check-In,Rescheduled,1,,,0,False
6759,59,12,2024-03-13T12:00:00,42,Outbound,Follow-Up,Completed,5,0.42,102,7,True
6760,3687,11,2024-12-12T09:30:00,28,Outbound,Follow-Up,Completed,5,0.6,107,9,True
6761,3311,5,2024-11-14T11:30:00,47,Inbound,Negotiation,Completed,2,0.56,189,6,True
6762,562,7,2022-11-16T15:30:00,21,Outbound,Discovery,Completed,2,0.53,229,10,False
6763,2003,6,2022-04-16T13:00:00,0,Outbound,Negotiation,No Show,1,,,0,False
6764,4007,14,2024-10-23T15:45:00,47,Outbound,Check-In,Completed,6,0.77,89,11,False
6765,1948,15,2024-08-16T09:30:00,-43,Inbound,QBR,Rescheduled,1,,,0,False
6766,3163,5,2024-12-24T10:00:00,37,Inbound,Discovery,Completed,8,0.83,137,7,True
6767,740,14,2024-02-12T15:15:00,27,Outbound,Technical Deep Dive,Completed,3,0.76,184,9,False
6768,3386,5,2024-12-07T11:30:00,22,Outbound,Negotiation,Completed,6,0.63,165,14,False
6769,3971,5,2023-10-24T11:30:00,47,Outbound,Negotiation,Completed,4,0.46,208,19,True
6770,3402,2,2024-12-23T13:00:00,22,Outbound,Discovery,Completed,8,0.34,208,24,False
6771,3720,3,2022-06-20T11:30:00,0,Outbound,Technical Deep Dive,No Show,1,,,0,False
6772,2148,16,2024-11-16T14:30:00,15,Outbound,Demo,Completed,3,0.43,151,12,True
6773,3370,12,2022-05-31T09:00:00,3,Outbound,Demo,Voicemail,1,,,0,False
6774,4942,14,2022-02-24T13:15:00,3,Inbound,QBR,Voicemail,1,,,0,False
6775,4507,2,2024-11-03T15:15:00,50,Inbound,Demo,Completed,3,0.55,216,18,True
6776,4898,1,2022-05-13T12:15:00,18,Outbound,Negotiation,Completed,3,0.53,175,16,True
6777,4385,11,2024-12-11T14:30:00,37,Outbound,Discovery,Completed,5,0.53,236,18,False
6778,2013,11,2023-08-25T11:00:00,38,Outbound,QBR,Completed,3,0.44,153,10,True
6779,4548,2,2023-06-20T15:45:00,25,Inbound,Follow-Up,Completed,8,0.31,76,14,True
6780,3928,4,2024-05-22T12:45:00,3,Inbound,Technical Deep Dive,Voicemail,1,,,0,False
6781,1633,16,2023-04-21T11:30:00,30,Outbound,Demo,Rescheduled,1,,,0,False
6782,2664,10,2022-01-16T10:15:00,16,Outbound,Follow-Up,Completed,7,0.41,189,11,False
6783,2320,12,2023-09-14T16:15:00,42,Outbound,QBR,Completed,5,0.4,134,4,False
6784,3693,16,2023-12-26T11:15:00,54,Outbound,Check-In,Rescheduled,1,,,0,False
6785,374,3,2023-06-29T11:00:00,,Outbound,Check-In,Completed,5,0.47,233,16,True
6786,4211,7,2021-08-20T15:45:00,44,Inbound,Discovery,Rescheduled,1,,,0,False
6787,3957,2,2023-12-11T14:00:00,0,Outbound,Negotiation,No Show,1,,,0,False
6788,1990,5,2024-07-13T14:45:00,0,Inbound,QBR,No Show,1,,,0,False
6789,2510,8,2024-06-24T13:00:00,3,Outbound,Discovery,Voicemail,1,,,0,False
6790,2860,13,2024-10-21T16:30:00,51,Outbound,QBR,Completed,4,0.62,167,13,False
6791,3189,5,2024-12-07T10:00:00,48,Outbound,Demo,Completed,8,0.4,212,9,False
6792,3415,13,2024-12-17T14:00:00,60,Outbound,Follow-Up,Completed,3,0.48,67,4,True
6793,2006,7,2024-08-04T13:30:00,0,Outbound,Check-In,No Show,1,,,0,False
6794,4212,5,2024-09-18T15:15:00,31,Outbound,Technical Deep Dive,Rescheduled,1,,,0,False
6795,4981,14,2024-01-28T10:30:00,57,Inbound,Follow-Up,Completed,4,0.88,249,7,False
6796,1885,2,2024-12-17T12:15:00,24,Outbound,Demo,Completed,2,0.52,225,21,True
6797,2709,2,2021-06-17T10:30:00,46,Outbound,Demo,Rescheduled,1,,,0,False
6798,3718,15,2024-12-05T15:45:00,25,Outbound,Demo,Completed,7,0.64,75,3,False
6799,2708,16,2024-04-22T13:45:00,39,Outbound,Demo,Completed,5,0.68,211,12,False
6800,667,5,2024-12-10T15:45:00,0,Outbound,Technical Deep Dive,No Show,1,,,0,False
6801,4780,15,2024-04-02T13:00:00,50,Outbound,Follow-Up,Rescheduled,1,,,0,False
6802,2415,3,2022-03-01T10:45:00,,Inbound,Technical Deep Dive,Completed,8,0.64,162,20,False
6803,1835,8,2030-06-15T10:00:00,54,Outbound,Negotiation,Completed,3,0.78,269,7,False
6804,3363,6,2022-10-06T14:45:00,59,Outbound,Demo,Completed,7,0.61,225,18,False
6805,2666,15,2024-12-19T13:45:00,31,Outbound,Discovery,Completed,6,0.75,139,5,False
6806,1534,14,2024-10-31T16:00:00,48,Outbound,Technical Deep Dive,Completed,6,0.57,169,4,True
6807,3842,11,2024-11-30T13:45:00,,Outbound,Technical Deep Dive,Rescheduled,1,,,0,False
6808,4364,9,2023-11-15T15:30:00,29,Outbound,Follow-Up,Completed,3,0.57,75,16,False
6809,1646,1,2022-07-25T17:45:00,44,Outbound,Demo,Completed,7,0.63,176,12,True
6810,2541,6,2023-07-12T17:45:00,50,Outbound,Demo,Completed,8,0.4,142,20,False
6811,321,5,2024-07-23T09:30:00,25,Outbound,Check-In,Completed,5,0.53,65,7,True
6812,4397,15,2024-10-23T15:00:00,30,Outbound,Technical Deep Dive,Completed,6,0.43,111,16,False
6813,756,3,2024-08-11T16:00:00,49,Outbound,Check-In,Completed,4,0.43,234,6,True
6814,1772,3,2024-09-24T14:45:00,-31,Outbound,Demo,Rescheduled,1,,,0,False
6815,1312,7,2023-04-17T13:45:00,0,Inbound,Follow-Up,No Show,1,,,0,False
6816,3190,1,2024-12-31T15:15:00,2,Outbound,Technical Deep Dive,Voicemail,1,,,0,False
6817,4259,14,2024-12-17T10:00:00,37,Inbound,QBR,Completed,2,0.6,68,2,False
6818,3250,15,2024-04-29T11:45:00,40,Inbound,Technical Deep Dive,Completed,7,0.4,225,9,True
6819,300,15,2024-12-30T15:15:00,32,Outbound,Check-In,Completed,4,0.42,227,8,False
6820,4776,3,2024-06-22T11:30:00,29,Outbound,Negotiation,Completed,4,0.49,80,19,True
6821,52,16,2024-12-05T10:30:00,24,Outbound,Discovery,Completed,7,0.89,41,6,False
6822,3067,16,2024-12-28T10:30:00,23,Outbound,Demo,Completed,6,1.41,159,7,True
6823,7,6,2021-12-11T08:15:00,34,Inbound,Negotiation,Rescheduled,1,,,0,False
6824,515,8,2024-08-03T15:30:00,17,Outbound,Check-In,Completed,4,0.64,127,12,False
6825,1743,15,2024-12-29T09:45:00,24,Outbound,Negotiation,Completed,5,0.43,135,4,True
6826,2096,5,2023-04-03T08:15:00,29,Outbound,Follow-Up,Completed,8,0.35,86,20,True
6827,3767,3,2024-07-27T09:15:00,3,Inbound,QBR,Voicemail,1,,,0,False
6828,194,2,2022-03-10T09:00:00,42,Outbound,Follow-Up,Completed,3,0.43,205,10,False
6829,4519,11,2024-08-22T12:45:00,52,Outbound,Negotiation,Rescheduled,1,,,0,False
6830,2462,5,2024-12-30T11:30:00,,Outbound,Discovery,Completed,5,0.42,139,8,True
6831,3045,8,2024-01-10T12:30:00,56,Inbound,Negotiation,Completed,2,0.51,102,9,True
6832,757,6,2024-10-22T11:45:00,23,Inbound,Discovery,Completed,4,1.06,92,5,False
6833,3858,10,2024-01-25T09:15:00,0,Inbound,Demo,No Show,1,,,0,False
6834,366,5,2024-12-19T12:15:00,56,Inbound,QBR,Completed,5,0.61,130,20,False
6835,4807,14,2021-11-21T14:00:00,,Outbound,Technical Deep Dive,Completed,4,0.62,118,14,False
6836,872,10,2021-02-19T10:30:00,0,Inbound,Negotiation,No Show,1,,,0,False
6837,1665,9,2023-06-26T15:45:00,16,Inbound,Negotiation,Completed,4,0.54,31,9,False
6838,2256,15,2030-06-15T10:00:00,26,Outbound,Negotiation,Completed,5,0.65,78,9,True
6839,609,6,2024-12-06T16:30:00,2,Outbound,Negotiation,Voicemail,1,,,0,False
6840,2002,5,2023-10-19T10:15:00,50,Inbound,QBR,Completed,8,0.37,111,5,True
6841,3459,9,2024-12-04T09:15:00,44,Inbound,QBR,Rescheduled,1,,,0,False
6842,3054,1,2030-06-15T10:00:00,16,Outbound,Demo,Completed,2,0.48,35,6,True
6843,1949,5,2024-03-25T14:45:00,50,Outbound,Technical Deep Dive,Completed,3,0.44,32,13,True
6844,2110,13,2024-12-22T14:00:00,21,Inbound,QBR,Completed,8,0.63,239,14,True
6845,1862,5,2020-07-05T12:45:00,31,Outbound,Check-In,Completed,5,0.45,43,8,False
6846,2042,2,2024-03-20T11:30:00,54,Inbound,Technical Deep Dive,Completed,4,0.51,48,18,True
6847,4946,4,2024-06-30T10:15:00,1,Outbound,QBR,Voicemail,1,,,0,False
6848,4382,8,2022-02-24T11:15:00,46,Outbound,Demo,Completed,7,0.84,186,6,True
6849,1205,13,2030-06-15T10:00:00,42,Outbound,Follow-Up,Completed,6,0.71,163,8,True
6850,87,6,2024-09-25T14:30:00,51,Outbound,Check-In,Completed,5,0.49,143,9,True
6851,1070,6,2023-07-23T09:00:00,25,Outbound,Technical Deep Dive,Completed,2,0.62,163,12,True
6852,1039,15,2023-10-10T10:15:00,17,Inbound,Follow-Up,Completed,3,0.65,110,11,False
6853,4193,3,2024-12-12T16:30:00,19,Inbound,Discovery,Completed,4,0.51,81,12,True
6854,4319,7,2030-06-15T10:00:00,20,Outbound,Demo,Completed,3,0.59,68,9,True
6855,4329,1,2024-12-02T11:45:00,16,Outbound,Negotiation,Completed,7,0.32,217,4,True
6856,4706,2,2024-09-03T09:30:00,45,Outbound,QBR,Completed,5,0.34,42,20,True
6857,4007,14,2024-10-01T16:00:00,22,Outbound,QBR,Completed,4,0.63,235,2,False
6858,950,11,2024-12-13T14:45:00,15,Inbound,Technical Deep Dive,Completed,5,0.59,220,18,True
6859,1164,5,2023-06-21T13:00:00,59,Outbound,Technical Deep Dive,Completed,4,0.42,61,12,False
6860,4346,13,2024-12-20T12:45:00,35,Outbound,Follow-Up,Completed,5,0.47,141,13,False
6861,2061,12,2024-11-20T09:45:00,48,Outbound,Negotiation,Completed,3,0.48,32,5,True
6862,1925,1,2022-09-11T11:15:00,47,Outbound,QBR,Completed,5,0.47,199,14,True
6863,2751,1,2024-05-21T15:30:00,19,Outbound,Discovery,Completed,5,0.43,185,16,True
6864,4765,6,2023-08-04T12:15:00,3,Inbound,Technical Deep Dive,Voicemail,1,,,0,False
6865,975,3,2020-11-19T10:30:00,40,Outbound,Negotiation,Completed,5,0.62,191,13,False
6866,3835,2,2024-02-11T16:30:00,,Outbound,QBR,Completed,2,1.04,197,7,True
6867,468,2,2024-11-16T14:45:00,34,Outbound,Discovery,Completed,3,0.5,174,10,True
6868,847,1,2024-12-24T12:15:00,2,Outbound,Negotiation,Voicemail,1,,,0,False
6869,4303,8,2024-12-16T15:30:00,1,Inbound,Demo,Voicemail,1,,,0,False
6870,3235,5,2024-12-31T16:45:00,21,Outbound,Discovery,Completed,4,0.5,118,5,True
6871,2833,3,2023-07-16T15:15:00,18,Outbound,Check-In,Completed,7,0.4,145,8,True
6872,3954,15,2024-12-18T15:45:00,59,Inbound,Negotiation,Completed,6,0.71,50,6,True
6873,1305,3,2024-12-03T15:30:00,46,Outbound,Follow-Up,Completed,4,0.78,239,4,True
6874,21,1,2023-12-30T14:30:00,35,Outbound,QBR,Completed,4,0.58,106,16,False
6875,1158,10,2022-04-02T11:15:00,30,Outbound,Check-In,Completed,6,0.45,68,6,False
6876,2170,2,2024-09-29T11:15:00,21,Outbound,QBR,Completed,7,0.64,205,12,False
6877,1155,6,2030-06-15T10:00:00,38,Outbound,QBR,Completed,5,0.59,45,12,False
6878,4804,6,2024-12-02T12:45:00,42,Outbound,QBR,Completed,8,1.31,48,18,True
6879,1138,1,2022-10-29T16:30:00,33,Inbound,Follow-Up,Completed,4,0.44,153,15,True
6880,3044,6,2023-03-10T17:45:00,59,Outbound,Technical Deep Dive,Completed,8,0.63,40,8,True
6881,2318,3,2024-11-09T10:15:00,30,Outbound,Technical Deep Dive,Completed,4,0.57,127,14,False
6882,644,14,2024-12-06T10:45:00,56,Outbound,Negotiation,Completed,5,0.76,124,5,False
6883,1530,5,2024-12-18T08:00:00,26,Inbound,Discovery,Completed,4,0.56,223,16,True
6884,4421,7,2024-09-12T14:45:00,36,Inbound,QBR,Completed,7,0.7,112,13,False
6885,2134,15,2024-12-09T10:45:00,36,Outbound,Discovery,Completed,6,0.63,62,5,True
6886,4282,13,2024-02-24T11:15:00,57,Inbound,QBR,Completed,6,0.74,42,9,False
6887,973,3,2024-10-21T14:15:00,37,Outbound,Discovery,Completed,3,0.45,38,6,False
6888,607,3,2024-12-03T16:00:00,29,Inbound,Check-In,Completed,2,0.64,169,18,False
6889,2360,5,2021-06-02T16:00:00,30,Outbound,Check-In,Completed,5,0.51,226,7,True
6890,4584,10,2024-01-14T10:45:00,37,Inbound,QBR,Completed,4,0.57,42,9,False
6891,1505,8,2024-12-21T16:30:00,50,Outbound,QBR,Rescheduled,1,,,0,False
6892,4311,16,2024-11-26T09:30:00,25,Outbound,Negotiation,Completed,4,0.49,63,4,True
6893,376,6,2024-09-13T12:15:00,25,Outbound,QBR,Completed,5,0.6,155,9,False
6894,532,2,2024-12-30T09:00:00,59,Inbound,Discovery,Completed,7,0.38,223,14,True
6895,2634,13,2022-01-10T11:00:00,24,Outbound,Check-In,Completed,4,0.47,109,13,False
6896,351,15,2024-12-21T12:15:00,2,Inbound,Follow-Up,Voicemail,1,,,0,False
6897,1897,11,2024-05-30T09:45:00,24,Inbound,QBR,Completed,2,0.68,35,7,False
6898,859,11,2020-07-07T13:00:00,27,Outbound,QBR,Completed,8,0.7,212,5,False
6899,3461,4,2022-04-18T11:00:00,26,Outbound,Negotiation,Completed,6,0.48,214,4,False
6900,3767,3,2024-07-21T13:45:00,43,Outbound,Negotiation,Completed,4,0.59,40,24,False
6901,4041,7,2022-11-04T17:30:00,0,Outbound,Check-In,No Show,1,,,0,False
6902,4098,12,2024-03-08T12:15:00,39,Inbound,QBR,Completed,2,0.71,80,14,False
6903,1187,14,2024-08-11T08:30:00,57,Inbound,Negotiation,Rescheduled,1,,,0,False
6904,1094,1,2021-06-16T11:00:00,22,Outbound,QBR,Completed,6,0.26,121,15,True
6905,2902,14,2023-09-01T14:30:00,0,Outbound,Discovery,No Show,1,,,0,False
6906,4873,6,2024-05-25T10:45:00,28,Outbound,Demo,Completed,6,0.43,190,19,False
6907,2541,6,2023-06-21T14:30:00,23,Outbound,Discovery,Completed,7,0.35,210,19,True
6908,3653,4,2024-11-14T16:00:00,30,Inbound,Technical Deep Dive,Completed,2,0.75,42,13,True
6909,3053,7,2022-07-27T15:30:00,51,Outbound,Follow-Up,Rescheduled,1,,,0,False
6910,2071,10,2023-01-15T16:00:00,38,Outbound,Negotiation,Completed,4,0.79,68,8,False
6911,4410,6,2024-12-16T13:30:00,32,Outbound,Negotiation,Completed,4,0.47,55,14,True
6912,2843,2,2024-03-26T13:30:00,-27,Outbound,Follow-Up,Rescheduled,1,,,0,False
6913,3030,15,2030-06-15T10:00:00,48,Outbound,Check-In,Rescheduled,1,,,0,False
6914,2501,4,2023-02-06T13:45:00,41,Inbound,Negotiation,Completed,8,0.63,122,8,True
6915,2755,12,2024-08-21T16:00:00,,Inbound,Follow-Up,Completed,2,0.7,60,5,False
6916,4333,2,2030-06-15T10:00:00,36,Outbound,Follow-Up,Completed,7,1.49,154,22,False
6917,1982,7,2024-12-25T16:00:00,0,Outbound,Negotiation,No Show,1,,,0,False
6918,4833,16,2024-12-08T11:45:00,50,Inbound,Demo,Completed,7,0.77,288,7,False
6919,1410,3,2024-12-30T10:15:00,26,Outbound,Technical Deep Dive,Completed,2,0.56,214,15,False
6920,710,10,2024-12-03T11:15:00,59,Inbound,Technical Deep Dive,Completed,8,0.51,192,11,False
6921,4298,5,2024-08-07T17:00:00,54,Inbound,Discovery,Completed,4,0.36,167,8,True
6922,451,15,2024-12-01T14:30:00,48,Outbound,QBR,Completed,4,0.69,130,16,True
6923,2628,11,2024-05-15T14:30:00,51,Outbound,Follow-Up,Completed,3,0.68,161,5,True
6924,1385,11,2023-09-29T15:45:00,32,Outbound,QBR,Completed,7,0.6,169,3,False
6925,405,9,2024-12-01T12:45:00,,Outbound,Technical Deep Dive,Rescheduled,1,,,0,False
6926,2441,15,2024-12-03T12:45:00,19,Outbound,Demo,Completed,8,0.53,35,16,False
6927,1462,12,2022-01-24T12:15:00,31,Outbound,Demo,Completed,6,0.48,226,8,False
6928,3916,6,2024-10-21T14:00:00,16,Inbound,Check-In,Completed,3,0.55,172,12,False
6929,1429,1,2024-12-27T12:00:00,27,Outbound,QBR,Completed,5,0.61,176,21,True
6930,2467,6,2022-05-23T10:00:00,34,Outbound,Negotiation,Rescheduled,1,,,0,False
6931,2472,5,2024-02-13T13:15:00,56,Inbound,Technical Deep Dive,Completed,3,0.55,54,15,False
6932,4038,2,2024-12-23T15:00:00,38,Outbound,Technical Deep Dive,Completed,5,0.47,178,12,False
6933,3487,9,2020-07-23T09:00:00,55,Outbound,Negotiation,Completed,5,0.82,104,13,False
6934,981,9,2023-07-24T09:45:00,48,Outbound,Discovery,Completed,6,0.49,32,14,False
6935,981,9,2023-07-10T12:15:00,34,Outbound,Technical Deep Dive,Completed,7,0.51,157,8,True
6936,3641,9,2024-12-21T14:15:00,60,Inbound,Check-In,Completed,5,0.59,138,18,True
6937,1973,3,2023-08-12T10:15:00,35,Outbound,QBR,Completed,7,0.61,51,6,False
6938,875,2,2024-01-14T16:45:00,30,Inbound,Technical Deep Dive,Completed,2,0.67,254,9,False
6939,4376,15,2024-10-20T11:45:00,40,Outbound,Negotiation,Completed,5,0.58,144,5,False
6940,2963,9,2024-09-28T14:45:00,39,Inbound,Check-In,Completed,4,0.7,170,3,False
6941,4258,4,2023-01-31T16:15:00,,Outbound,Follow-Up,Completed,3,0.45,64,7,False
6942,2882,4,2021-07-21T12:45:00,15,Inbound,Discovery,Completed,6,0.66,90,6,True
6943,3420,2,2024-12-28T12:00:00,21,Outbound,Negotiation,Completed,8,0.61,114,10,True
6944,407,10,2024-10-31T16:30:00,16,Outbound,Negotiation,Completed,2,0.54,74,12,False
6945,1733,11,2022-11-30T11:30:00,15,Outbound,Negotiation,Completed,7,0.57,273,5,True
6946,3046,13,2024-12-19T13:30:00,55,Inbound,Negotiation,Completed,2,0.75,213,5,True
6947,2732,9,2024-10-31T14:15:00,54,Inbound,Technical Deep Dive,Completed,5,0.72,115,5,False
6948,1737,6,2023-10-26T17:15:00,49,Outbound,Negotiation,Completed,7,1.09,147,11,True
6949,842,3,2023-06-15T16:15:00,18,Outbound,Technical Deep Dive,Completed,8,0.55,47,21,False
6950,129,12,2024-04-25T16:15:00,21,Inbound,Technical Deep Dive,Rescheduled,1,,,0,False
6951,3658,11,2024-07-04T09:45:00,42,Outbound,Technical Deep Dive,Completed,5,0.43,181,12,True
6952,683,16,2024-12-01T11:15:00,55,Inbound,Follow-Up,Completed,3,0.72,189,12,False
6953,1358,10,2022-04-12T13:45:00,25,Outbound,Demo,Completed,3,0.56,102,5,False
6954,2520,10,2024-06-16T08:30:00,59,Outbound,QBR,Rescheduled,1,,,0,False
6955,1317,5,2030-06-15T10:00:00,25,Outbound,Negotiation,Rescheduled,1,,,0,False
6956,2624,2,2023-06-15T10:30:00,21,Outbound,Check-In,Completed,6,0.63,31,8,False
6957,4528,1,2024-11-12T10:45:00,41,Inbound,Demo,Completed,3,1.25,83,18,True
6958,399,8,2024-12-10T15:15:00,21,Outbound,Discovery,Completed,6,0.84,98,6,False
6959,3056,4,2024-12-13T12:15:00,51,Outbound,QBR,Completed,3,0.61,233,10,True
6960,1939,12,2024-11-14T09:45:00,37,Outbound,QBR,Completed,6,0.6,161,10,True
6961,4703,14,2024-09-28T12:30:00,60,Outbound,Demo,Completed,2,0.69,259,2,False
6962,930,16,2024-05-30T12:30:00,25,Outbound,QBR,Completed,3,0.49,63,6,True
6963,2822,15,2024-12-21T13:00:00,60,Outbound,QBR,Completed,6,0.5,36,12,False
6964,3436,5,2024-12-06T17:00:00,60,Inbound,QBR,Completed,3,0.66,111,16,True
6965,1767,5,2021-05-10T11:30:00,52,Outbound,Follow-Up,Completed,6,0.68,130,15,False
6966,4986,3,2030-06-15T10:00:00,35,Outbound,Follow-Up,Completed,2,0.56,201,13,True
6967,4761,3,2024-12-22T09:15:00,35,Outbound,Demo,Completed,4,0.44,149,24,True
6968,1225,6,2024-01-03T13:15:00,3,Outbound,Follow-Up,Voicemail,1,,,0,False
6969,4508,3,2024-03-29T15:30:00,51,Outbound,QBR,Rescheduled,1,,,0,False
6970,2415,3,2022-01-24T14:30:00,54,Inbound,Technical Deep Dive,Rescheduled,1,,,0,False
6971,1837,11,2022-06-14T11:30:00,21,Outbound,QBR,Completed,3,0.73,67,11,True
6972,3614,13,2024-10-13T09:15:00,17,Outbound,Discovery,Completed,6,1.09,120,13,True
6973,462,7,2024-03-24T16:30:00,60,Inbound,Demo,Completed,5,0.82,162,12,False
6974,1576,1,2024-01-17T14:30:00,43,Outbound,Demo,Completed,4,0.33,59,30,True
6975,3859,2,2023-02-24T10:30:00,0,Outbound,QBR,No Show,1,,,0,False
6976,2779,2,2023-02-25T16:30:00,18,Inbound,Discovery,Completed,8,0.37,234,8,False
6977,3329,15,2024-04-21T10:00:00,43,Inbound,Discovery,Completed,5,0.42,133,9,True
6978,310,8,2024-02-03T11:15:00,19,Inbound,Negotiation,Completed,2,0.46,202,18,True
6979,3953,16,2024-12-31T09:00:00,36,Inbound,Negotiation,Completed,6,0.56,213,14,False
6980,2109,14,2022-01-31T13:15:00,18,Outbound,Negotiation,Rescheduled,1,,,0,False
6981,2358,11,2024-11-08T14:45:00,44,Inbound,Technical Deep Dive,Completed,3,0.65,43,3,True
6982,4298,5,2024-08-05T09:30:00,,Outbound,Follow-Up,Completed,4,0.51,220,13,True
6983,2721,12,2023-04-18T16:00:00,0,Inbound,Discovery,No Show,1,,,0,False
6984,2538,8,2023-08-05T13:15:00,57,Outbound,Demo,Completed,6,0.79,162,8,True
6985,605,11,2024-12-03T13:45:00,0,Outbound,Technical Deep Dive,No Show,1,,,0,False
6986,4254,4,2021-05-02T15:45:00,46,Inbound,Follow-Up,Completed,2,0.62,87,14,False
6987,157,1,2024-04-20T15:00:00,0,Outbound,Follow-Up,No Show,1,,,0,False
6988,3035,15,2024-12-07T14:15:00,29,Outbound,Follow-Up,Completed,3,0.53,87,8,True
6989,533,15,2024-12-24T10:15:00,19,Outbound,Demo,Completed,6,0.65,150,8,True
6990,670,12,2023-03-18T14:30:00,23,Outbound,QBR,Completed,8,1.25,124,16,True
6991,658,9,2024-10-23T16:00:00,40,Inbound,Follow-Up,Completed,6,0.39,158,7,True
6992,2620,3,2024-12-22T10:00:00,16,Outbound,Follow-Up,Completed,8,0.55,186,14,True
6993,4370,15,2024-09-12T12:15:00,3,Outbound,QBR,Voicemail,1,,,0,False
6994,2450,7,2024-12-17T08:45:00,0,Inbound,Demo,No Show,1,,,0,False
6995,2271,10,2024-08-17T08:30:00,29,Outbound,Technical Deep Dive,Completed,2,0.69,158,15,True
6996,75,15,2024-12-12T12:45:00,19,Outbound,Technical Deep Dive,Rescheduled,1,,,0,False
6997,4281,4,2024-12-20T15:00:00,0,Outbound,Negotiation,No Show,1,,,0,False
6998,1647,10,2022-08-13T12:30:00,41,Outbound,Follow-Up,Completed,6,0.34,136,13,False
6999,2044,8,2023-04-27T12:30:00,,Outbound,QBR,Voicemail,1,,,0,False
7000,2267,11,2024-12-03T11:30:00,30,Inbound,Demo,Completed,6,0.79,90,4,False
7001,2563,10,2030-06-15T10:00:00,15,Inbound,Follow-Up,Completed,2,0.71,74,6,True
7002,366,5,2024-12-26T11:30:00,24,Outbound,Technical Deep Dive,Completed,2,0.67,111,4,False
7003,558,8,2024-11-06T11:45:00,59,Outbound,QBR,Completed,2,0.7,246,14,False
7004,102,7,2024-12-26T14:30:00,55,Outbound,Discovery,Completed,3,0.56,30,17,False
7005,757,6,2030-06-15T10:00:00,,Outbound,Follow-Up,Completed,2,0.58,187,8,True
7006,2040,6,2024-12-29T17:00:00,47,Inbound,Technical Deep Dive,Completed,2,0.68,133,3,True
7007,4751,13,2024-12-01T11:15:00,57,Outbound,Technical Deep Dive,Completed,7,0.63,231,11,False
7008,3424,11,2021-09-11T16:45:00,59,Outbound,Follow-Up,Completed,7,0.35,79,14,True
7009,511,15,2020-12-29T15:30:00,53,Outbound,Follow-Up,Completed,6,0.55,126,7,True
7010,4898,1,2022-05-23T11:45:00,43,Inbound,Discovery,Completed,4,0.63,184,9,True
7011,2631,16,2023-07-16T16:30:00,53,Outbound,Negotiation,Completed,7,0.76,259,11,False
7012,2016,15,2024-12-31T12:45:00,36,Outbound,Check-In,Completed,5,0.45,43,3,True
7013,2006,7,2024-11-22T15:00:00,,Outbound,Check-In,Completed,2,0.55,166,14,False
7014,941,11,2024-12-05T14:00:00,33,Outbound,Demo,Rescheduled,1,,,0,False
7015,3894,6,2022-06-23T13:15:00,0,Outbound,Discovery,No Show,1,,,0,False
7016,2647,15,2024-10-12T15:00:00,59,Outbound,Technical Deep Dive,Rescheduled,1,,,0,False
7017,544,2,2024-05-31T13:15:00,0,Outbound,Technical Deep Dive,No Show,1,,,0,False
7018,3399,16,2024-09-14T11:00:00,60,Inbound,Technical Deep Dive,Completed,8,0.74,55,12,False
7019,4968,4,2023-12-12T11:00:00,59,Outbound,Negotiation,Completed,8,0.55,93,12,False
7020,1611,11,2024-06-14T16:30:00,42,Outbound,Discovery,Completed,8,0.57,228,14,False
7021,4789,15,2024-12-07T14:15:00,37,Outbound,QBR,Completed,4,0.85,241,3,False
7022,1135,6,2024-05-28T12:00:00,26,Outbound,Discovery,Completed,8,0.57,47,2,False
7023,4882,10,2022-09-21T12:30:00,37,Inbound,Negotiation,Rescheduled,1,,,0,False
7024,2308,14,2024-12-29T16:45:00,0,Outbound,Technical Deep Dive,No Show,1,,,0,False
7025,1516,6,2024-05-29T10:30:00,41,Outbound,Discovery,Completed,7,0.71,276,8,False
7026,554,10,2023-07-02T13:15:00,2,Outbound,Follow-Up,Voicemail,1,,,0,False
7027,4320,9,2024-10-03T15:15:00,15,Inbound,Negotiation,Completed,3,0.39,197,7,True
7028,2267,11,2024-12-23T12:45:00,50,Outbound,Discovery,Completed,7,1.42,273,3,False
7029,4311,16,2024-12-23T16:30:00,51,Inbound,Demo,Completed,3,0.53,150,6,False
7030,3406,15,2024-09-17T11:15:00,,Inbound,Technical Deep Dive,Rescheduled,1,,,0,False
7031,3884,8,2023-10-18T13:45:00,3,Inbound,Check-In,Voicemail,1,,,0,False
7032,953,11,2024-12-11T16:30:00,32,Inbound,QBR,Completed,4,0.45,204,6,True
7033,677,1,2024-11-18T14:45:00,41,Outbound,Discovery,Completed,2,0.59,188,21,True
7034,1758,11,2024-08-22T08:00:00,32,Outbound,Technical Deep Dive,Completed,2,0.54,154,4,True
7035,2783,15,2024-03-02T17:30:00,3,Inbound,Demo,Voicemail,1,,,0,False
7036,4514,7,2024-12-07T13:45:00,34,Inbound,Discovery,Completed,2,0.57,164,19,False
7037,438,12,2024-01-31T11:30:00,18,Outbound,Demo,Completed,8,0.69,106,14,False
7038,4680,6,2030-06-15T10:00:00,28,Outbound,Negotiation,Completed,4,0.7,80,19,False
7039,1083,3,2024-09-09T13:45:00,44,Outbound,Demo,Completed,6,0.59,83,18,True
7040,1412,2,2022-07-19T16:30:00,48,Inbound,Technical Deep Dive,Completed,2,0.68,43,14,False
7041,4407,13,2024-12-21T12:15:00,57,Outbound,Demo,Completed,2,0.9,292,7,True
7042,211,1,2024-07-25T15:45:00,41,Outbound,Follow-Up,Completed,4,0.64,149,24,True
7043,3946,15,2024-11-03T12:15:00,33,Outbound,Follow-Up,Completed,7,0.47,44,7,False
7044,539,5,2023-05-05T17:45:00,33,Outbound,Check-In,Completed,5,0.77,285,2,True
7045,3751,12,2024-12-18T15:45:00,3,Inbound,Demo,Voicemail,1,,,0,False
7046,4097,15,2022-09-16T14:15:00,17,Inbound,Discovery,Completed,5,0.64,138,5,False
7047,255,13,2024-12-27T14:45:00,0,Outbound,Negotiation,No Show,1,,,0,False
7048,3609,10,2024-12-24T13:30:00,50,Outbound,Negotiation,Completed,6,0.53,111,9,False
7049,3460,6,2023-08-09T10:00:00,36,Inbound,Negotiation,Completed,4,0.48,104,9,True
7050,1867,14,2024-11-23T14:45:00,,Outbound,Check-In,Voicemail,1,,,0,False
7051,3057,16,2024-11-04T16:30:00,1,Outbound,Demo,Voicemail,1,,,0,False
7052,3412,10,2024-01-13T13:45:00,25,Outbound,Check-In,Completed,5,0.54,88,11,True
7053,598,16,2024-12-04T15:30:00,2,Outbound,Check-In,Voicemail,1,,,0,False
7054,449,13,2022-08-02T15:00:00,35,Outbound,QBR,Completed,5,0.5,64,4,False
7055,4174,3,2024-11-30T11:15:00,1,Outbound,Follow-Up,Voicemail,1,,,0,False
7056,1620,9,2024-12-14T12:15:00,,Outbound,Technical Deep Dive,Completed,8,0.56,197,4,False
7057,1212,2,2023-08-10T14:00:00,37,Outbound,Demo,Completed,7,0.6,166,6,True
7058,207,12,2023-06-20T15:15:00,2,Inbound,Technical Deep Dive,Voicemail,1,,,0,False
7059,3728,11,2024-12-22T13:30:00,51,Inbound,Follow-Up,Completed,8,0.54,163,11,True
7060,3342,1,2023-03-04T11:30:00,45,Outbound,Check-In,Completed,6,0.79,100,12,True
7061,1034,7,2024-03-06T15:30:00,51,Inbound,QBR,Completed,4,0.58,152,19,True
7062,4435,6,2024-03-07T14:30:00,0,Outbound,Negotiation,No Show,1,,,0,False
7063,401,7,2024-08-31T14:00:00,54,Outbound,Discovery,Rescheduled,1,,,0,False
7064,542,1,2023-11-21T15:15:00,24,Outbound,Negotiation,Completed,7,0.63,125,9,True
7065,339,2,2021-02-25T13:00:00,29,Inbound,Check-In,Completed,6,0.63,77,13,True
7066,3184,7,2023-05-22T10:00:00,56,Outbound,QBR,Completed,7,0.69,252,10,True
7067,4446,5,2024-10-25T13:45:00,25,Outbound,Discovery,Completed,5,0.52,233,6,False
7068,4603,12,2021-10-27T13:30:00,16,Outbound,Technical Deep Dive,Completed,5,0.8,260,4,False
7069,2006,7,2024-09-20T13:30:00,47,Outbound,Negotiation,Completed,2,0.66,165,5,False
7070,1666,7,2023-06-13T10:15:00,1,Outbound,Negotiation,Voicemail,1,,,0,False
7071,4422,7,2024-12-22T15:15:00,19,Inbound,Negotiation,Completed,7,0.53,100,14,False
7072,3333,2,2024-12-29T17:30:00,0,Outbound,Technical Deep Dive,No Show,1,,,0,False
7073,1791,4,2022-04-29T13:15:00,44,Inbound,Demo,Completed,6,0.55,85,8,False
7074,4169,16,2024-09-17T14:00:00,45,Outbound,QBR,Completed,8,0.44,180,7,True
7075,2573,9,2024-12-11T15:30:00,41,Inbound,Negotiation,Rescheduled,1,,,0,False
7076,4302,16,2024-12-26T09:45:00,32,Outbound,Discovery,Completed,5,0.68,176,12,True
7077,4499,10,2023-10-10T14:15:00,26,Outbound,Follow-Up,Completed,2,0.86,138,3,False
7078,1135,6,2024-05-30T14:30:00,22,Outbound,Check-In,Completed,3,0.84,98,9,False
7079,47,8,2024-03-18T14:45:00,17,Inbound,Negotiation,Rescheduled,1,,,0,False
7080,2708,16,2024-05-27T10:15:00,16,Inbound,Check-In,Completed,2,0.74,39,8,False
7081,3,11,2024-12-22T10:00:00,60,Outbound,Discovery,Completed,4,0.58,174,17,False
7082,3165,12,2024-12-11T09:15:00,18,Outbound,Negotiation,Completed,5,0.87,79,13,True
7083,1754,3,2023-09-25T12:30:00,39,Inbound,QBR,Completed,5,0.67,66,9,False
7084,4946,4,2024-08-27T09:30:00,31,Inbound,Demo,Completed,5,0.46,227,18,True
7085,627,4,2024-12-31T14:45:00,56,Outbound,QBR,Rescheduled,1,,,0,False
7086,2936,6,2024-12-24T17:45:00,16,Outbound,Check-In,Completed,2,0.81,76,6,True
7087,1408,11,2023-03-09T11:30:00,38,Inbound,Follow-Up,Completed,4,0.55,229,11,False
7088,4847,3,2023-02-06T11:00:00,54,Outbound,Check-In,Rescheduled,1,,,0,False
7089,4245,6,2021-06-12T09:15:00,51,Outbound,Discovery,Completed,4,0.38,164,14,True
7090,4250,14,2023-11-14T14:30:00,49,Inbound,Discovery,Completed,7,0.73,232,9,False
7091,1623,8,2024-12-21T11:00:00,42,Inbound,Negotiation,Completed,6,0.53,211,8,True
7092,4022,11,2024-04-17T13:15:00,2,Inbound,Demo,Voicemail,1,,,0,False
7093,683,16,2024-11-27T15:15:00,24,Outbound,Follow-Up,Completed,3,0.82,68,12,False
7094,2142,8,2030-06-15T10:00:00,0,Outbound,Follow-Up,No Show,1,,,0,False
7095,1548,13,2023-01-02T12:30:00,45,Outbound,Demo,Rescheduled,1,,,0,False
7096,4117,6,2024-12-03T14:45:00,54,Inbound,QBR,Completed,6,0.5,31,8,False
7097,27,4,2024-06-21T13:30:00,,Outbound,Demo,Completed,2,0.61,77,12,False
7098,205,8,2030-06-15T10:00:00,15,Outbound,Negotiation,Completed,6,0.46,129,17,True
7099,2232,16,2024-10-01T10:15:00,28,Outbound,Negotiation,Completed,3,0.48,95,15,False
7100,341,3,2023-06-26T16:15:00,15,Inbound,Discovery,Completed,8,0.54,66,6,False
7101,3562,3,2021-02-24T13:30:00,17,Outbound,Follow-Up,Completed,6,0.65,143,16,False
7102,1951,15,2024-12-19T14:15:00,0,Inbound,Follow-Up,No Show,1,,,0,False
7103,4177,1,2024-12-13T16:30:00,53,Inbound,Negotiation,Completed,8,0.39,189,8,False
7104,1651,5,2023-09-13T11:45:00,45,Inbound,QBR,Completed,3,0.42,118,9,True
7105,1887,15,2024-12-01T14:15:00,21,Outbound,Follow-Up,Completed,5,0.42,140,4,True
7106,2994,8,2024-06-22T16:15:00,20,Outbound,Discovery,Completed,3,0.72,171,8,False
7107,214,7,2024-08-04T10:00:00,51,Outbound,Demo,Completed,6,0.59,70,4,True
7108,3285,12,2021-08-27T10:45:00,32,Inbound,Check-In,Completed,5,1.47,80,18,True
7109,3674,2,2024-12-27T10:45:00,57,Inbound,QBR,Completed,2,0.48,163,16,True
7110,859,11,2020-07-30T15:15:00,25,Inbound,Check-In,Completed,7,0.62,103,4,False
7111,504,10,2024-12-02T11:45:00,51,Inbound,Negotiation,Completed,8,0.62,148,5,True
7112,4290,14,2024-12-29T11:45:00,57,Outbound,Negotiation,Rescheduled,1,,,0,False
7113,4464,11,2023-06-03T16:30:00,58,Outbound,Negotiation,Completed,7,0.4,215,6,False
7114,2917,7,2022-11-18T10:00:00,21,Outbound,Demo,Completed,5,0.38,188,11,False
7115,3004,16,2024-11-26T11:45:00,15,Outbound,Discovery,Completed,7,0.67,30,5,False
7116,4259,14,2024-12-04T13:00:00,58,Outbound,Discovery,Completed,2,0.89,78,6,False
7117,4172,15,2024-10-22T12:30:00,43,Outbound,Follow-Up,Completed,7,0.45,37,13,True
7118,3683,8,2024-10-22T09:15:00,37,Outbound,Discovery,Completed,8,0.64,232,11,True
7119,1,10,2024-05-11T16:30:00,30,Outbound,Follow-Up,Completed,5,1.09,294,12,True
7120,612,6,2024-12-18T16:15:00,0,Outbound,Demo,No Show,1,,,0,False
7121,350,2,2024-05-15T12:30:00,31,Outbound,Technical Deep Dive,Completed,7,0.32,130,24,True
7122,2630,11,2024-09-18T13:00:00,57,Outbound,Technical Deep Dive,Completed,6,0.51,222,16,True
7123,1657,11,2024-03-31T10:30:00,0,Outbound,Discovery,No Show,1,,,0,False
7124,4296,5,2021-01-16T15:00:00,44,Outbound,Discovery,Completed,2,0.45,208,7,True
7125,2076,3,2020-12-22T10:45:00,16,Inbound,Discovery,Completed,4,0.43,136,21,True
7126,1598,14,2022-10-23T09:15:00,19,Outbound,Demo,Completed,7,0.55,166,2,False
7127,4448,1,2024-11-17T16:00:00,34,Outbound,Technical Deep Dive,Rescheduled,1,,,0,False
7128,3214,7,2024-01-27T11:15:00,23,Outbound,Follow-Up,Completed,4,0.61,204,5,False
7129,3826,9,2023-06-17T15:30:00,44,Inbound,Check-In,Completed,3,0.6,227,11,True
7130,79,10,2022-10-21T10:15:00,0,Outbound,Demo,No Show,1,,,0,False
7131,4525,5,2024-12-23T15:00:00,53,Outbound,Demo,Rescheduled,1,,,0,False
7132,4215,6,2030-06-15T10:00:00,29,Inbound,Technical Deep Dive,Completed,4,0.5,100,19,False
7133,3780,12,2030-06-15T10:00:00,0,Outbound,Technical Deep Dive,No Show,1,,,0,False
7134,3840,10,2023-05-15T14:15:00,18,Outbound,Demo,Rescheduled,1,,,0,False
7135,340,11,2024-05-14T14:00:00,52,Outbound,Technical Deep Dive,Completed,7,0.59,164,18,False
7136,173,5,2030-06-15T10:00:00,35,Outbound,Technical Deep Dive,Completed,6,0.83,266,14,False
7137,4730,10,2024-09-18T09:45:00,0,Outbound,QBR,No Show,1,,,0,False
7138,3066,16,2023-03-04T16:30:00,37,Outbound,Check-In,Completed,5,0.69,106,11,False
7139,879,3,2024-03-11T15:15:00,52,Inbound,Follow-Up,Completed,4,0.6,159,10,False
7140,107,1,2024-01-02T11:30:00,60,Outbound,Discovery,Completed,2,0.75,102,7,False
7141,4048,3,2024-02-09T10:30:00,1,Inbound,Technical Deep Dive,Voicemail,1,,,0,False
7142,4235,1,2024-12-24T12:15:00,56,Outbound,QBR,Completed,5,0.45,136,13,True
7143,2880,6,2024-03-11T14:45:00,27,Outbound,Check-In,Completed,6,0.54,37,8,True
7144,3247,14,2024-04-24T11:30:00,23,Inbound,Demo,Completed,6,0.45,71,7,False
7145,4870,12,2022-02-23T14:45:00,60,Outbound,Discovery,Rescheduled,1,,,0,False
7146,3540,15,2024-07-24T10:15:00,40,Outbound,QBR,Completed,2,0.8,255,7,False
7147,3047,1,2024-05-12T12:30:00,58,Outbound,Negotiation,Completed,4,0.31,60,22,False
7148,481,1,2024-12-10T16:30:00,40,Outbound,Demo,Completed,2,0.38,163,20,True
7149,924,14,2030-06-15T10:00:00,29,Outbound,Follow-Up,Completed,7,0.66,152,9,False
7150,4228,1,2023-07-24T10:30:00,39,Inbound,Demo,Completed,7,0.32,151,6,True
7151,747,15,2024-12-13T13:30:00,3,Inbound,Follow-Up,Voicemail,1,,,0,False
7152,1312,7,2023-04-16T15:00:00,33,Inbound,Check-In,Completed,8,0.53,220,16,True
7153,4973,7,2022-11-30T10:45:00,59,Inbound,Demo,Completed,7,0.69,61,17,True
7154,2576,8,2023-03-29T16:15:00,43,Outbound,QBR,Completed,4,0.53,175,17,False
7155,3800,8,2024-09-27T14:00:00,0,Outbound,Check-In,No Show,1,,,0,False
7156,432,15,2024-12-16T16:30:00,40,Outbound,Negotiation,Completed,2,0.44,158,8,True
7157,4526,10,2030-06-15T10:00:00,30,Outbound,Demo,Completed,2,0.56,296,13,False
7158,3084,11,2024-09-18T16:30:00,56,Inbound,Check-In,Completed,7,0.62,126,7,False
7159,412,8,2021-06-07T14:30:00,57,Inbound,Check-In,Completed,4,0.53,142,20,False
7160,2006,7,2024-09-18T12:45:00,51,Outbound,Demo,Completed,3,0.84,272,15,True
7161,655,4,2022-09-14T11:00:00,53,Outbound,Follow-Up,Completed,5,0.35,184,13,False
7162,2445,16,2024-12-05T12:30:00,0,Inbound,Demo,No Show,1,,,0,False
7163,1845,15,2022-05-31T13:15:00,59,Outbound,Negotiation,Completed,6,0.57,51,4,False
7164,1639,9,2023-06-06T14:45:00,0,Outbound,Discovery,No Show,1,,,0,False
7165,4591,3,2024-10-12T13:45:00,0,Outbound,Follow-Up,No Show,1,,,0,False
7166,4062,13,2022-04-29T10:45:00,24,Outbound,Check-In,Completed,7,0.44,38,13,False
7167,65,3,2024-02-20T12:00:00,37,Inbound,Discovery,Completed,5,0.39,84,14,False
7168,2575,7,2023-06-21T13:30:00,2,Outbound,Demo,Voicemail,1,,,0,False
7169,194,2,2022-05-10T10:00:00,0,Outbound,Discovery,No Show,1,,,0,False
7170,2837,10,2023-12-21T17:30:00,40,Inbound,Negotiation,Completed,6,0.54,104,15,False
7171,3078,9,2024-12-12T16:45:00,38,Outbound,Follow-Up,Completed,5,0.71,184,16,False
7172,987,13,2024-01-02T09:45:00,0,Outbound,Demo,No Show,1,,,0,False
7173,2659,6,2024-08-10T13:45:00,23,Outbound,QBR,Completed,4,0.74,140,12,False
7174,3058,14,2024-09-01T15:30:00,26,Outbound,Negotiation,Completed,2,0.64,248,9,False
7175,3513,9,2024-06-21T12:45:00,59,Inbound,Technical Deep Dive,Completed,7,0.86,59,1,False
7176,4370,15,2024-11-09T14:15:00,32,Outbound,Discovery,Completed,2,0.45,156,12,False
7177,2407,10,2023-10-19T15:45:00,0,Outbound,Discovery,No Show,1,,,0,False
7178,2729,16,2023-04-25T14:45:00,37,Outbound,Check-In,Completed,6,0.83,80,6,True
7179,1906,5,2030-06-15T10:00:00,0,Inbound,Technical Deep Dive,No Show,1,,,0,False
7180,3869,5,2023-09-09T13:15:00,35,Inbound,Discovery,Completed,6,0.58,93,5,False
7181,3778,10,2023-11-26T16:15:00,20,Outbound,Technical Deep Dive,Completed,4,0.68,145,17,True
7182,2844,11,2024-07-14T11:00:00,0,Inbound,QBR,No Show,1,,,0,False
7183,2121,5,2024-12-09T13:30:00,53,Outbound,Discovery,Completed,3,0.6,69,7,False
7184,984,3,2022-12-14T14:00:00,22,Outbound,Negotiation,Completed,5,0.53,236,20,False
7185,170,14,2024-12-05T15:15:00,-31,Inbound,Follow-Up,Completed,4,0.46,185,11,False
7186,1255,7,2024-07-26T15:45:00,57,Outbound,Negotiation,Completed,6,0.36,108,20,False
7187,4177,1,2024-12-09T13:00:00,35,Outbound,Discovery,Rescheduled,1,,,0,False
7188,3920,13,2024-12-02T17:15:00,59,Inbound,Check-In,Completed,7,0.73,204,14,False
7189,1688,15,2024-12-17T10:15:00,53,Inbound,Demo,Completed,8,0.72,232,6,True
7190,2701,11,2023-01-22T15:30:00,55,Outbound,Negotiation,Completed,6,0.4,181,14,True
7191,1814,6,2022-01-30T11:15:00,53,Inbound,Follow-Up,Completed,3,0.52,165,16,True
7192,1894,15,2024-10-31T15:30:00,47,Outbound,Negotiation,Completed,4,1.07,222,8,False
7193,1292,6,2023-11-08T16:30:00,50,Inbound,Follow-Up,Completed,5,0.61,221,6,True
7194,1800,5,2024-11-12T14:45:00,58,Outbound,Negotiation,Completed,6,0.36,51,19,False
7195,3540,15,2024-08-22T14:45:00,46,Outbound,Negotiation,Completed,3,0.69,66,10,False
7196,173,5,2024-03-29T12:15:00,56,Outbound,QBR,Completed,2,0.55,89,9,False
7197,2982,9,2023-06-13T14:00:00,20,Outbound,Negotiation,Completed,7,1.37,155,6,True
7198,2162,2,2023-01-31T15:00:00,58,Outbound,Check-In,Completed,8,0.44,80,14,True
7199,2735,13,2021-08-21T10:15:00,,Outbound,QBR,Voicemail,1,,,0,False
7200,2232,16,2024-08-26T10:30:00,44,Outbound,Check-In,Completed,7,0.5,171,19,False
7201,4141,3,2024-11-12T14:00:00,19,Outbound,Negotiation,Completed,8,0.31,76,20,False
7202,1512,5,2024-12-07T10:00:00,28,Outbound,QBR,Completed,4,0.68,204,14,False
7203,882,14,2022-09-25T09:30:00,53,Outbound,Follow-Up,Completed,5,0.66,93,4,True
7204,486,5,2020-06-17T08:30:00,,Inbound,Follow-Up,Completed,3,0.58,131,6,False
7205,3773,7,2024-11-28T09:15:00,24,Outbound,Demo,Completed,3,0.36,82,9,True
7206,998,14,2024-12-18T14:30:00,20,Outbound,QBR,Completed,4,0.47,67,13,False
7207,278,15,2022-11-03T10:15:00,0,Outbound,Discovery,No Show,1,,,0,False
7208,3919,11,2024-12-03T13:15:00,0,Outbound,Follow-Up,No Show,1,,,0,False
7209,3175,7,2024-12-27T14:45:00,58,Outbound,Technical Deep Dive,Completed,5,0.47,120,18,True
7210,3747,7,2020-10-10T14:45:00,17,Outbound,QBR,Completed,7,0.5,35,18,False
7211,3541,6,2020-09-13T14:15:00,41,Inbound,Discovery,Completed,6,0.62,130,4,True
7212,4968,4,2023-12-18T12:30:00,0,Outbound,Technical Deep Dive,No Show,1,,,0,False
7213,3944,9,2024-07-16T11:30:00,41,Inbound,Negotiation,Rescheduled,1,,,0,False
7214,1274,15,2024-12-07T14:45:00,52,Inbound,Negotiation,Completed,8,0.56,62,13,True
7215,24,4,2023-02-20T12:00:00,18,Outbound,Negotiation,Completed,4,0.36,96,18,False
7216,4538,12,2024-05-13T13:30:00,35,Outbound,Technical Deep Dive,Completed,8,0.64,103,6,False
7217,578,4,2021-02-21T11:00:00,41,Inbound,Follow-Up,Completed,2,1.19,237,13,False
7218,914,4,2023-10-25T08:45:00,34,Inbound,Check-In,Completed,5,0.41,170,4,False
7219,1466,16,2024-10-13T12:30:00,0,Outbound,Demo,No Show,1,,,0,False
7220,1672,14,2024-12-31T16:45:00,24,Outbound,Technical Deep Dive,Rescheduled,1,,,0,False
7221,2507,1,2022-08-16T12:00:00,37,Outbound,Discovery,Rescheduled,1,,,0,False
7222,1616,10,2024-12-31T08:45:00,59,Outbound,Discovery,Rescheduled,1,,,0,False
7223,382,1,2024-04-17T13:15:00,17,Outbound,Follow-Up,Completed,8,0.59,146,13,True
7224,2124,16,2024-12-16T14:45:00,0,Outbound,Check-In,No Show,1,,,0,False
7225,2816,10,2022-09-07T16:45:00,53,Inbound,Negotiation,Completed,7,0.72,234,12,True
7226,4643,3,2024-10-04T14:45:00,24,Outbound,Check-In,Completed,2,1.41,92,19,False
7227,4938,7,2024-02-16T10:45:00,39,Outbound,Discovery,Completed,3,0.37,199,12,True
7228,3683,8,2030-06-15T10:00:00,60,Inbound,Discovery,Completed,5,0.64,153,10,True
7229,1814,6,2021-12-23T10:30:00,1,Inbound,Demo,Voicemail,1,,,0,False
7230,1255,7,2024-09-09T15:00:00,43,Outbound,Demo,Completed,5,0.35,56,14,True
7231,2224,10,2024-12-08T08:15:00,,Outbound,Demo,No Show,1,,,0,False
7232,138,4,2024-12-05T15:15:00,54,Outbound,Demo,Completed,5,0.5,58,20,False
7233,1023,4,2024-12-23T12:15:00,58,Outbound,Negotiation,Completed,6,0.57,153,15,True
7234,4484,15,2024-12-29T15:30:00,1,Outbound,Technical Deep Dive,Voicemail,1,,,0,False
7235,4361,7,2024-12-03T14:30:00,22,Inbound,Follow-Up,Completed,8,0.61,238,8,True
7236,2586,2,2023-10-31T15:45:00,20,Inbound,Check-In,Completed,8,0.35,165,20,True
7237,3309,8,2024-10-17T14:30:00,3,Outbound,Technical Deep Dive,Voicemail,1,,,0,False
7238,376,16,2024-12-12T10:00:00,58,Outbound,Discovery,Rescheduled,1,,,0,False
7239,3463,11,2024-10-05T15:00:00,21,Inbound,Technical Deep Dive,Completed,8,0.86,274,9,True
7240,1638,8,2023-05-13T12:45:00,44,Inbound,Technical Deep Dive,Completed,7,0.7,161,3,False
7241,3066,16,2023-03-15T09:00:00,19,Outbound,Negotiation,Completed,5,0.6,49,9,True
7242,4971,4,2024-05-17T12:45:00,27,Outbound,Negotiation,Completed,8,0.51,115,18,True
7243,2923,9,2023-10-28T11:30:00,45,Inbound,QBR,Completed,8,0.63,39,3,True
7244,2441,15,2024-12-01T11:15:00,18,Inbound,Follow-Up,Rescheduled,1,,,0,False
7245,2132,4,2024-12-06T09:00:00,44,Inbound,Check-In,Rescheduled,1,,,0,False
7246,4336,16,2024-07-31T10:00:00,0,Outbound,Discovery,No Show,1,,,0,False
7247,2697,5,2023-09-03T11:30:00,56,Outbound,Follow-Up,Completed,6,0.62,75,12,True
7248,4066,5,2024-12-07T12:00:00,52,Outbound,Follow-Up,Rescheduled,1,,,0,False
7249,325,8,2024-07-18T10:45:00,37,Outbound,Negotiation,Completed,2,0.47,102,14,False
7250,2516,5,2024-12-25T15:00:00,28,Outbound,Follow-Up,Completed,8,0.67,30,9,False
7251,824,4,2024-08-09T11:00:00,58,Outbound,Discovery,Completed,6,0.57,31,12,False
7252,1356,3,2023-09-13T12:45:00,,Outbound,Negotiation,Completed,8,0.33,81,10,True
7253,2854,16,2024-03-02T11:00:00,19,Inbound,Demo,Completed,5,0.65,61,13,False
7254,4800,6,2024-03-27T12:45:00,42,Outbound,Follow-Up,Completed,7,0.83,65,4,False
7255,1845,15,2022-06-10T14:15:00,37,Outbound,Demo,Rescheduled,1,,,0,False
7256,4244,12,2022-02-28T14:15:00,28,Inbound,Demo,Completed,8,0.4,198,8,True
7257,4986,3,2024-12-06T11:45:00,1,Outbound,Discovery,Voicemail,1,,,0,False
7258,320,1,2024-12-03T15:15:00,31,Outbound,Discovery,Completed,6,0.41,103,13,False
7259,2940,16,2024-07-07T15:15:00,50,Outbound,Demo,Rescheduled,1,,,0,False
7260,4581,8,2024-10-18T10:15:00,46,Inbound,Negotiation,Completed,6,0.4,106,7,True
7261,229,13,2022-09-22T15:15:00,58,Outbound,QBR,Completed,6,0.58,176,10,False
7262,1416,7,2024-03-30T09:00:00,54,Outbound,Demo,Completed,8,0.58,71,18,True
7263,904,12,2023-09-28T14:15:00,31,Outbound,Check-In,Completed,3,0.44,102,15,True
7264,1206,1,2020-11-28T10:30:00,35,Outbound,Negotiation,Completed,7,0.44,81,15,False
7265,4230,16,2024-12-07T14:45:00,39,Outbound,Negotiation,Completed,8,0.49,99,4,False
7266,4740,15,2024-10-26T14:00:00,39,Outbound,Negotiation,Completed,6,0.57,105,8,True
7267,4695,3,2023-08-22T16:15:00,38,Outbound,Check-In,Completed,5,0.42,65,4,True
7268,1113,1,2024-11-01T12:30:00,33,Outbound,Demo,Completed,6,0.5,243,7,False
7269,4733,4,2024-05-19T15:45:00,45,Outbound,Discovery,Completed,4,0.62,226,20,True
7270,3550,9,2024-11-17T14:30:00,2,Inbound,Check-In,Voicemail,1,,,0,False
7271,484,6,2024-12-19T09:30:00,60,Outbound,Technical Deep Dive,Completed,3,0.57,178,17,True
7272,1951,15,2024-12-28T11:00:00,54,Outbound,Discovery,Completed,8,0.68,80,7,True
7273,2485,3,2024-07-19T11:45:00,47,Inbound,Check-In,Completed,3,0.46,31,22,True
7274,425,5,2024-11-21T16:15:00,45,Outbound,QBR,Completed,6,0.58,56,4,False
7275,5,5,2023-01-05T13:00:00,23,Inbound,Check-In,Completed,6,0.37,69,19,False
7276,2914,4,2023-09-17T14:00:00,15,Outbound,Check-In,Completed,5,0.39,142,21,True
7277,3761,1,2021-03-08T13:30:00,15,Outbound,Technical Deep Dive,Completed,6,0.44,30,21,True
7278,431,1,2022-12-26T14:00:00,28,Inbound,Check-In,Completed,7,0.79,145,13,False
7279,2221,2,2024-11-08T16:15:00,16,Inbound,Technical Deep Dive,Completed,4,0.63,100,18,True
7280,2078,1,2023-08-07T10:30:00,25,Inbound,Negotiation,Completed,5,0.32,51,24,False
7281,3425,14,2024-11-12T11:45:00,2,Outbound,Technical Deep Dive,Voicemail,1,,,0,False
7282,2729,16,2023-04-10T10:45:00,60,Outbound,Negotiation,Completed,7,0.56,241,8,True
7283,3082,4,2024-03-16T15:30:00,28,Inbound,QBR,Completed,6,0.64,63,20,True
7284,3964,16,2024-12-27T14:15:00,41,Outbound,Demo,Completed,8,0.79,100,2,True
7285,1137,2,2024-12-29T14:15:00,53,Inbound,Follow-Up,Completed,8,0.41,155,22,True
7286,2193,7,2024-08-18T10:00:00,37,Outbound,Technical Deep Dive,Rescheduled,1,,,0,False
7287,2007,16,2024-10-05T15:30:00,19,Outbound,Discovery,Completed,4,0.57,134,16,False
7288,3113,1,2024-07-24T13:00:00,41,Inbound,Discovery,Completed,7,0.56,153,18,True
7289,3584,12,2021-06-23T11:00:00,28,Inbound,Follow-Up,Rescheduled,1,,,0,False
7290,2939,8,2024-06-01T12:30:00,50,Outbound,Technical Deep Dive,Completed,8,0.39,85,13,True
7291,930,16,2024-07-21T16:15:00,36,Outbound,QBR,Completed,8,0.58,180,5,True
7292,4214,5,2024-11-21T11:30:00,26,Outbound,Discovery,Completed,3,0.44,118,18,False
7293,3191,2,2024-12-19T10:30:00,0,Inbound,Demo,No Show,1,,,0,False
7294,817,16,2024-12-25T09:15:00,0,Outbound,Demo,No Show,1,,,0,False
7295,2103,3,2024-03-27T09:30:00,22,Inbound,Technical Deep Dive,Completed,8,0.62,43,16,True
7296,68,13,2023-03-12T15:45:00,26,Inbound,QBR,Rescheduled,1,,,0,False
7297,2574,16,2024-12-21T10:00:00,38,Outbound,Follow-Up,Rescheduled,1,,,0,False
7298,324,12,2024-01-09T15:30:00,26,Outbound,Negotiation,Completed,4,0.39,211,11,False
7299,4437,8,2022-05-04T13:30:00,19,Outbound,Demo,Completed,3,0.48,148,22,True
7300,1246,3,2023-05-01T11:30:00,0,Outbound,Technical Deep Dive,No Show,1,,,0,False
7301,4024,5,2024-12-24T16:45:00,41,Outbound,Demo,Completed,6,0.4,89,20,True
7302,1812,3,2024-12-12T12:15:00,0,Outbound,Demo,No Show,1,,,0,False
7303,4131,12,2023-07-10T12:00:00,38,Outbound,Check-In,Completed,3,0.52,167,14,False
7304,3441,16,2024-12-17T12:15:00,31,Outbound,QBR,Completed,3,0.7,162,12,True
7305,3311,5,2030-06-15T10:00:00,52,Outbound,QBR,Completed,7,0.5,134,15,False
7306,404,9,2024-12-27T09:45:00,56,Outbound,QBR,Completed,3,0.45,199,7,False
7307,4896,16,2024-12-24T12:00:00,2,Outbound,QBR,Voicemail,1,,,0,False
7308,4457,16,2024-11-15T10:30:00,29,Inbound,Check-In,Completed,8,0.64,232,11,False
7309,2833,3,2023-09-11T15:15:00,2,Outbound,Follow-Up,Voicemail,1,,,0,False
7310,4467,11,2023-04-25T10:30:00,21,Outbound,QBR,Completed,7,0.7,171,10,True
7311,4560,5,2024-06-27T16:15:00,36,Inbound,Follow-Up,Completed,7,0.44,239,14,False
7312,1256,8,2024-12-01T14:15:00,31,Outbound,Negotiation,Completed,5,0.71,133,2,True
7313,193,5,2022-06-10T14:30:00,57,Inbound,Negotiation,Completed,8,0.67,153,18,True
7314,2291,1,2024-10-30T16:15:00,21,Outbound,Technical Deep Dive,Completed,3,0.41,93,16,True
7315,4955,5,2024-12-12T11:45:00,0,Outbound,Negotiation,No Show,1,,,0,False
7316,4226,9,2024-12-16T15:00:00,,Outbound,Technical Deep Dive,No Show,1,,,0,False
7317,563,5,2024-08-31T09:15:00,54,Outbound,Check-In,Completed,8,0.52,84,11,False
7318,4323,8,2024-08-20T11:45:00,45,Outbound,Check-In,Rescheduled,1,,,0,False
7319,2184,6,2022-07-05T15:30:00,30,Outbound,Demo,Completed,4,0.72,191,9,False
7320,1464,12,2021-10-02T14:45:00,1,Outbound,Follow-Up,Voicemail,1,,,0,False
7321,405,13,2023-12-11T14:30:00,30,Outbound,Discovery,Completed,5,0.71,256,10,False
7322,4367,16,2024-12-17T14:00:00,35,Outbound,Discovery,Completed,4,0.44,60,5,True
7323,2975,12,2024-06-20T16:30:00,45,Inbound,Follow-Up,Rescheduled,1,,,0,False
7324,431,1,2022-12-04T08:15:00,32,Outbound,Discovery,Completed,3,1.36,194,15,False
7325,586,12,2023-12-19T12:30:00,48,Inbound,Demo,Completed,7,0.72,123,5,False
7326,2567,15,2024-03-02T10:00:00,27,Outbound,Check-In,Rescheduled,1,,,0,False
7327,1259,9,2023-08-24T09:30:00,28,Outbound,Follow-Up,Completed,5,1.13,169,8,False
7328,2848,5,2023-10-26T10:15:00,40,Outbound,Demo,Completed,3,0.66,149,5,False
7329,3427,8,2020-12-31T11:15:00,16,Outbound,Negotiation,Completed,8,0.44,91,9,True
7330,1777,7,2024-03-14T16:30:00,2,Outbound,Discovery,Voicemail,1,,,0,False
7331,338,15,2024-12-21T10:45:00,49,Inbound,Discovery,Completed,6,0.42,236,13,True
7332,3584,12,2021-05-19T15:15:00,23,Outbound,QBR,Completed,3,0.41,108,7,False
7333,4273,2,2030-06-15T10:00:00,51,Outbound,Technical Deep Dive,Completed,7,0.37,198,15,False
7334,102,7,2024-12-24T16:15:00,46,Outbound,Negotiation,Completed,3,0.53,139,20,False
7335,1533,3,2023-10-02T14:30:00,20,Inbound,QBR,Completed,8,0.54,120,21,True
7336,389,5,2024-12-30T12:00:00,42,Outbound,Negotiation,Completed,4,0.55,180,21,True
7337,4516,3,2024-08-15T12:00:00,36,Outbound,Check-In,Completed,2,1.28,186,24,True
7338,1761,7,2022-05-16T12:15:00,52,Outbound,Negotiation,Completed,7,0.65,205,19,True
7339,3900,12,2022-10-19T13:30:00,41,Outbound,Follow-Up,Completed,7,0.56,161,4,False
7340,1697,13,2024-09-19T09:45:00,41,Inbound,Technical Deep Dive,Completed,2,0.87,38,8,False
7341,4982,11,2024-12-23T14:45:00,16,Outbound,Technical Deep Dive,Completed,3,0.55,249,4,False
7342,3647,2,2024-06-27T13:30:00,53,Inbound,Negotiation,Completed,3,0.45,32,19,True
7343,829,7,2024-12-17T11:15:00,42,Outbound,Demo,Completed,7,0.47,49,20,True
7344,734,15,2024-10-30T16:45:00,22,Inbound,QBR,Completed,6,0.65,210,8,False
7345,3480,12,2024-12-02T10:45:00,49,Outbound,Discovery,Completed,4,0.51,147,12,False
7346,3732,6,2024-12-21T13:00:00,25,Inbound,Follow-Up,Completed,7,1.13,271,7,False
7347,4716,1,2024-06-14T14:15:00,0,Inbound,Negotiation,No Show,1,,,0,False
7348,3915,9,2023-12-25T11:45:00,43,Outbound,Demo,Rescheduled,1,,,0,False
7349,3086,11,2024-12-25T15:15:00,60,Outbound,Demo,Completed,4,0.51,96,13,True
7350,3443,9,2021-11-15T12:15:00,56,Inbound,Demo,Completed,7,0.72,218,14,False
7351,4954,6,2024-11-06T15:45:00,56,Outbound,Follow-Up,Completed,7,0.46,43,19,True
7352,3771,15,2023-08-28T10:15:00,53,Outbound,Technical Deep Dive,Completed,7,0.47,138,13,False
7353,2242,11,2024-07-06T13:45:00,0,Outbound,QBR,No Show,1,,,0,False
7354,4180,5,2024-06-27T10:45:00,40,Outbound,Discovery,Completed,7,0.58,163,5,False
7355,3840,10,2023-08-09T16:30:00,49,Outbound,Negotiation,Completed,8,0.58,151,13,True
7356,240,8,2024-10-29T09:15:00,17,Outbound,Check-In,Completed,5,0.48,199,18,True
7357,3063,7,2024-12-18T16:15:00,50,Outbound,Negotiation,Completed,3,0.66,234,6,False
7358,2601,13,2023-02-16T16:45:00,55,Outbound,QBR,Completed,7,0.5,112,5,False
7359,354,3,2024-11-01T16:45:00,32,Inbound,Technical Deep Dive,Rescheduled,1,,,0,False
7360,371,10,2022-11-28T16:30:00,57,Outbound,Check-In,Completed,6,0.64,229,5,False
7361,3465,12,2023-07-27T12:45:00,49,Outbound,Technical Deep Dive,Completed,2,0.5,135,4,False
7362,3355,4,2024-11-03T16:00:00,0,Outbound,Check-In,No Show,1,,,0,False
7363,4172,16,2024-12-20T11:00:00,33,Outbound,Technical Deep Dive,Completed,3,0.5,163,5,True
7364,3316,1,2023-07-13T14:00:00,34,Inbound,Negotiation,Completed,3,0.3,97,10,True
7365,355,2,2021-12-29T12:15:00,0,Inbound,Follow-Up,No Show,1,,,0,False
7366,4201,15,2024-12-16T08:30:00,26,Outbound,QBR,Completed,2,0.74,69,8,False
7367,2537,16,2024-09-17T12:15:00,0,Outbound,Negotiation,No Show,1,,,0,False
7368,339,2,2021-02-04T12:00:00,29,Outbound,Negotiation,Completed,2,0.34,107,20,True
7369,963,12,2023-12-11T15:45:00,33,Outbound,Check-In,Completed,6,0.5,47,4,False
7370,4646,5,2023-11-23T14:30:00,16,Outbound,Follow-Up,Rescheduled,1,,,0,False
7371,2900,2,2022-11-09T14:15:00,56,Inbound,QBR,Completed,4,0.65,52,14,False
7372,4902,9,2024-05-05T11:30:00,18,Outbound,Discovery,Completed,6,0.82,290,13,True
7373,2840,9,2024-12-12T13:45:00,35,Outbound,Discovery,Completed,3,0.5,113,15,True
7374,3931,8,2024-12-27T11:30:00,,Outbound,Check-In,Completed,8,0.37,96,20,True
7375,4040,11,2022-08-20T09:45:00,3,Inbound,Follow-Up,Voicemail,1,,,0,False
7376,417,13,2030-06-15T10:00:00,24,Outbound,Follow-Up,Completed,5,0.7,210,9,False
7377,1663,13,2023-08-30T16:30:00,51,Outbound,Negotiation,Completed,8,1.24,198,9,True
7378,2786,3,2024-12-06T14:45:00,35,Outbound,Negotiation,Completed,5,0.28,146,22,True
7379,1521,6,2024-12-13T15:30:00,22,Inbound,Negotiation,Completed,3,0.42,82,10,True
7380,3208,2,2023-09-29T13:00:00,20,Outbound,Demo,Completed,2,0.48,176,13,True
7381,3510,13,2024-01-19T16:15:00,32,Outbound,Negotiation,Completed,2,0.61,111,7,False
7382,4097,15,2022-09-28T12:00:00,3,Outbound,Negotiation,Voicemail,1,,,0,False
7383,3314,3,2024-12-18T09:00:00,30,Inbound,Discovery,Completed,3,0.47,164,15,True
7384,1968,2,2024-12-31T16:00:00,3,Inbound,Follow-Up,Voicemail,1,,,0,False
7385,3553,1,2024-11-24T15:45:00,23,Outbound,Negotiation,Completed,6,0.31,176,22,True
7386,4388,15,2024-10-29T12:30:00,60,Inbound,Demo,Completed,6,0.63,74,10,True
7387,3134,5,2023-01-30T13:45:00,43,Outbound,Follow-Up,Completed,2,0.37,86,25,False
7388,860,13,2024-12-08T13:30:00,23,Outbound,Discovery,Rescheduled,1,,,0,False
7389,433,5,2024-11-18T12:15:00,53,Outbound,Demo,Completed,4,0.61,186,20,True
7390,4217,5,2023-04-23T13:00:00,58,Outbound,Technical Deep Dive,Completed,6,0.46,39,4,False
7391,1557,10,2024-10-21T16:45:00,23,Inbound,QBR,Completed,3,0.39,115,18,True
7392,1942,16,2024-12-06T16:15:00,23,Outbound,Negotiation,Completed,8,0.51,37,7,False
7393,3584,12,2021-06-06T14:30:00,16,Outbound,QBR,Completed,7,0.54,61,16,True
7394,4145,3,2024-12-13T10:45:00,54,Outbound,Discovery,Completed,2,0.58,173,13,True
7395,4462,13,2024-12-09T13:00:00,58,Inbound,Check-In,Completed,6,0.69,168,14,False
7396,1897,11,2024-04-22T10:15:00,22,Outbound,Discovery,Completed,8,0.71,50,7,True
7397,2229,16,2024-12-16T11:00:00,43,Outbound,Check-In,Completed,4,0.64,234,3,False
7398,1273,7,2021-12-24T14:30:00,37,Outbound,Negotiation,Completed,4,0.47,73,4,True
7399,3408,12,2024-04-12T15:15:00,1,Outbound,Demo,Voicemail,1,,,0,False
7400,2718,10,2024-12-10T13:15:00,2,Inbound,Negotiation,Voicemail,1,,,0,False
7401,3718,15,2024-11-21T14:15:00,23,Outbound,QBR,Completed,2,0.45,45,13,False
7402,4397,15,2024-09-28T12:00:00,45,Inbound,Demo,Completed,3,0.5,121,10,True
7403,653,15,2024-11-01T08:45:00,47,Outbound,QBR,Completed,8,0.53,46,12,False
7404,4735,12,2024-06-03T14:00:00,3,Inbound,Technical Deep Dive,Voicemail,1,,,0,False
7405,4259,14,2024-12-18T13:15:00,0,Outbound,Check-In,No Show,1,,,0,False
7406,3154,11,2023-04-10T14:30:00,35,Outbound,Discovery,Rescheduled,1,,,0,False
7407,2114,16,2024-12-26T16:45:00,26,Outbound,QBR,Completed,7,0.45,108,15,True
7408,3211,11,2024-12-23T15:30:00,42,Outbound,QBR,Completed,8,1.14,47,3,False
7409,4251,7,2023-03-12T09:15:00,36,Inbound,QBR,Completed,5,0.57,147,18,True
7410,2919,6,2024-04-20T11:15:00,41,Inbound,Negotiation,Completed,3,0.75,162,7,False
7411,2834,4,2024-12-03T12:30:00,0,Inbound,Technical Deep Dive,No Show,1,,,0,False
7412,3050,7,2022-04-20T10:00:00,34,Outbound,Technical Deep Dive,Completed,7,0.65,130,8,False
7413,1511,8,2024-02-29T13:00:00,3,Outbound,Technical Deep Dive,Voicemail,1,,,0,False
7414,4278,2,2021-09-21T10:15:00,26,Inbound,Technical Deep Dive,Completed,6,0.44,196,13,True
7415,1553,4,2024-12-20T12:45:00,45,Outbound,QBR,Rescheduled,1,,,0,False
7416,1553,4,2024-10-26T12:00:00,38,Inbound,Negotiation,Completed,8,0.59,204,20,False
7417,256,13,2024-06-26T15:30:00,49,Outbound,Demo,Completed,6,0.68,225,6,True
7418,111,9,2024-06-30T14:30:00,53,Inbound,Demo,Completed,2,0.72,100,16,False
7419,2894,14,2024-06-05T12:45:00,45,Inbound,Demo,Completed,3,0.7,73,4,False
7420,538,6,2024-12-03T11:00:00,57,Outbound,Technical Deep Dive,Completed,4,0.72,138,14,False
7421,4025,11,2024-12-05T10:45:00,33,Outbound,Demo,Completed,8,0.54,196,7,False
7422,4751,13,2024-12-13T13:30:00,28,Outbound,Technical Deep Dive,Completed,8,0.51,145,3,False
7423,4238,4,2021-07-04T14:15:00,24,Outbound,Discovery,Completed,5,0.36,159,19,True
7424,3461,4,2022-04-20T14:15:00,17,Outbound,Discovery,Completed,8,0.59,92,16,True
7425,4269,16,2024-12-03T15:45:00,54,Outbound,Technical Deep Dive,Completed,7,0.58,194,8,False
7426,81,9,2023-05-01T14:30:00,19,Outbound,Follow-Up,Completed,4,0.41,231,10,True
7427,3397,10,2024-12-20T15:00:00,52,Outbound,Check-In,Completed,3,0.59,104,18,True
7428,2403,10,2023-07-24T08:45:00,37,Outbound,Negotiation,Completed,6,0.71,205,3,False
7429,991,12,2023-08-15T16:00:00,42,Inbound,Follow-Up,Completed,6,0.49,80,7,False
7430,2257,2,2024-06-07T15:15:00,1,Outbound,Technical Deep Dive,Voicemail,1,,,0,False
7431,1223,11,2024-12-12T15:15:00,35,Outbound,Demo,Completed,6,0.65,97,5,False
7432,1297,10,2024-12-21T09:45:00,38,Outbound,QBR,Rescheduled,1,,,0,False
7433,1668,15,2024-11-14T14:00:00,45,Outbound,Follow-Up,Completed,2,0.71,122,15,True
7434,4606,9,2024-12-07T09:15:00,44,Outbound,Negotiation,Completed,6,0.44,185,9,True
7435,895,11,2024-02-08T14:00:00,40,Outbound,Check-In,Completed,8,0.41,57,17,True
7436,937,11,2024-10-17T15:30:00,27,Inbound,Follow-Up,Completed,7,0.58,287,7,True
7437,1968,2,2024-12-31T12:45:00,0,Outbound,Follow-Up,No Show,1,,,0,False
7438,2701,11,2022-11-30T17:30:00,0,Outbound,Check-In,No Show,1,,,0,False
7439,3272,5,2024-04-28T15:30:00,28,Inbound,Discovery,Completed,8,0.61,53,10,False
7440,3517,3,2022-07-03T10:30:00,,Inbound,Demo,Rescheduled,1,,,0,False
7441,4978,5,2024-12-15T12:45:00,39,Outbound,Negotiation,Completed,7,0.42,186,16,False
7442,2528,16,2024-12-18T11:00:00,0,Outbound,Discovery,No Show,1,,,0,False
7443,1071,4,2024-01-29T14:00:00,44,Outbound,Follow-Up,Rescheduled,1,,,0,False
7444,3817,8,2021-04-10T08:00:00,60,Outbound,Follow-Up,Completed,3,0.64,297,12,False
7445,4287,8,2023-10-27T15:00:00,28,Outbound,Check-In,Completed,4,0.53,66,16,True
7446,2638,12,2023-10-02T13:15:00,38,Inbound,QBR,Completed,5,0.68,50,15,False
7447,2035,12,2024-12-17T13:30:00,56,Inbound,Follow-Up,Rescheduled,1,,,0,False
7448,3696,13,2020-09-23T13:45:00,42,Inbound,Follow-Up,Completed,3,0.77,150,10,False
7449,3695,14,2024-12-17T11:15:00,39,Inbound,Follow-Up,Completed,7,0.53,49,6,False
7450,4681,7,2023-10-24T13:45:00,20,Outbound,Follow-Up,Completed,6,0.63,182,16,False
7451,3084,11,2024-08-06T12:00:00,3,Outbound,Discovery,Voicemail,1,,,0,False
7452,4070,1,2023-06-21T15:15:00,,Outbound,QBR,Completed,6,0.38,84,12,False
7453,3541,11,2024-04-09T10:30:00,0,Inbound,Technical Deep Dive,No Show,1,,,0,False
7454,13,1,2023-02-04T12:45:00,56,Inbound,Technical Deep Dive,Completed,2,0.53,212,19,True
7455,3842,11,2024-12-17T11:15:00,23,Outbound,QBR,Completed,7,0.52,196,9,False
7456,1946,9,2024-12-26T11:45:00,0,Outbound,Demo,No Show,1,,,0,False
7457,3455,11,2024-08-08T10:30:00,27,Inbound,Demo,Completed,6,0.56,202,4,False
7458,2314,5,2024-08-30T16:30:00,-46,Outbound,Negotiation,Completed,6,0.66,54,15,True
7459,3980,14,2024-12-16T13:30:00,34,Outbound,Follow-Up,Completed,3,1.18,250,3,True
7460,358,14,2022-01-05T12:15:00,41,Inbound,QBR,Completed,5,0.73,201,7,True
7461,4297,16,2024-12-26T17:15:00,41,Inbound,Negotiation,Rescheduled,1,,,0,False
7462,4261,13,2023-12-27T13:30:00,3,Outbound,Negotiation,Voicemail,1,,,0,False
7463,2384,16,2024-02-19T12:45:00,19,Outbound,Demo,Completed,8,0.87,55,8,False
7464,2535,12,2022-11-09T15:30:00,31,Inbound,Discovery,Completed,2,0.76,266,2,False
7465,488,16,2024-09-05T13:30:00,-53,Outbound,Negotiation,Completed,2,0.44,105,14,True
7466,3052,14,2024-05-15T10:45:00,53,Inbound,Demo,Completed,2,0.65,135,9,False
7467,1606,12,2024-12-24T09:00:00,0,Outbound,Follow-Up,No Show,1,,,0,False
7468,1860,3,2024-03-02T11:45:00,34,Outbound,Negotiation,Completed,7,0.59,131,16,True
7469,1133,8,2024-02-01T12:45:00,39,Outbound,Follow-Up,Completed,2,0.49,191,17,False
7470,3117,8,2024-09-20T13:00:00,17,Outbound,Technical Deep Dive,Completed,8,0.69,168,9,True
7471,3952,1,2021-10-02T16:30:00,,Outbound,Demo,Completed,6,0.8,128,7,True
7472,1819,6,2024-11-01T12:15:00,56,Inbound,Follow-Up,Completed,4,0.69,128,4,False
7473,2644,5,2024-08-29T16:00:00,22,Outbound,Technical Deep Dive,Completed,8,0.64,107,8,True
7474,2737,6,2023-08-07T12:30:00,57,Outbound,Negotiation,Completed,2,0.53,189,15,False
7475,4804,6,2024-12-29T10:45:00,59,Inbound,Follow-Up,Completed,3,0.44,99,7,True
7476,3054,1,2023-03-31T13:45:00,29,Inbound,QBR,Completed,5,0.35,211,20,True
7477,2943,7,2024-10-04T17:45:00,19,Outbound,Demo,Completed,7,0.6,186,7,True
7478,3157,13,2024-10-04T08:15:00,57,Outbound,Technical Deep Dive,Completed,2,0.58,139,13,False
7479,878,3,2023-07-02T16:45:00,42,Inbound,QBR,Completed,7,0.52,217,24,True
7480,4937,8,2022-04-25T13:00:00,-32,Outbound,Discovery,Completed,2,0.54,56,7,False
7481,4870,12,2022-02-27T10:15:00,25,Outbound,Check-In,Completed,6,0.45,123,8,True
7482,460,2,2023-05-21T09:00:00,26,Outbound,Technical Deep Dive,Completed,2,0.46,65,12,False
7483,4348,15,2024-12-13T17:30:00,52,Inbound,Follow-Up,Completed,3,0.43,128,4,False
7484,704,14,2024-07-06T08:30:00,44,Inbound,Discovery,Rescheduled,1,,,0,False
7485,2941,5,2024-12-27T09:00:00,0,Inbound,Follow-Up,No Show,1,,,0,False
7486,2484,3,2022-10-23T16:00:00,44,Outbound,Discovery,Completed,7,0.43,148,20,True
7487,3737,9,2024-12-13T10:15:00,23,Outbound,Technical Deep Dive,Completed,4,0.54,95,9,False
7488,2939,8,2024-07-16T11:00:00,20,Inbound,Demo,Completed,4,0.31,72,13,False
7489,2910,16,2024-12-27T08:30:00,21,Inbound,Negotiation,Completed,4,0.43,49,3,False
7490,1085,9,2024-12-14T13:45:00,36,Inbound,Demo,Completed,8,0.63,189,12,False
7491,3491,3,2024-11-16T15:45:00,59,Outbound,Check-In,Completed,7,0.6,298,18,False
7492,2859,6,2022-01-20T10:15:00,33,Inbound,Follow-Up,Completed,6,0.53,150,18,False
7493,4401,7,2024-11-10T09:30:00,50,Outbound,Discovery,Completed,7,0.49,120,4,True
7494,2805,3,2020-10-01T12:30:00,24,Outbound,Demo,Rescheduled,1,,,0,False
7495,4786,9,2024-05-13T15:00:00,56,Inbound,QBR,Completed,2,0.59,142,7,False
7496,4732,5,2024-11-27T10:15:00,34,Outbound,QBR,Completed,6,0.44,202,5,False
7497,2382,8,2023-12-19T11:30:00,26,Outbound,Demo,Completed,5,0.42,127,23,True
7498,1420,16,2024-12-14T12:00:00,,Outbound,Check-In,Completed,8,0.57,157,12,False
7499,1329,7,2023-12-23T09:00:00,47,Inbound,Technical Deep Dive,Rescheduled,1,,,0,False
7500,3134,5,2023-05-16T11:45:00,51,Inbound,Demo,Completed,6,0.38,87,10,True
7501,3623,11,2030-06-15T10:00:00,3,Outbound,Technical Deep Dive,Voicemail,1,,,0,False
7502,4765,6,2023-04-20T13:00:00,44,Inbound,Check-In,Completed,3,0.48,164,14,True
7503,4243,1,2023-11-24T14:00:00,44,Outbound,Technical Deep Dive,Completed,7,0.39,188,15,True
7504,299,3,2024-10-09T12:00:00,0,Outbound,Check-In,No Show,1,,,0,False
7505,377,15,2024-12-19T13:00:00,,Outbound,Negotiation,Completed,3,0.89,109,9,False
7506,4710,13,2024-02-19T15:45:00,41,Inbound,Negotiation,Completed,3,0.46,52,9,False
7507,2728,9,2024-07-30T15:30:00,51,Outbound,Check-In,Completed,2,1.06,219,9,False
7508,2861,5,2023-03-06T12:30:00,52,Outbound,Negotiation,Completed,6,0.62,100,20,True
7509,306,13,2030-06-15T10:00:00,46,Inbound,Check-In,Completed,8,0.66,258,4,False
7510,729,8,2024-10-25T13:00:00,47,Outbound,Demo,Completed,6,0.66,53,20,True
7511,3553,1,2024-12-16T16:45:00,,Outbound,Demo,No Show,1,,,0,False
7512,1394,8,2023-09-04T14:00:00,3,Outbound,Negotiation,Voicemail,1,,,0,False
7513,4917,3,2024-12-14T13:30:00,15,Outbound,Follow-Up,Completed,6,0.58,167,15,True
7514,3469,11,2024-12-05T13:00:00,54,Outbound,Discovery,Completed,7,0.75,44,4,True
7515,4085,2,2023-02-05T14:00:00,55,Outbound,Discovery,Completed,5,0.38,229,6,True
7516,470,15,2024-09-26T13:45:00,19,Outbound,Negotiation,Completed,2,0.76,169,1,False
7517,1368,14,2024-12-05T15:00:00,45,Outbound,QBR,Rescheduled,1,,,0,False
7518,4482,11,2030-06-15T10:00:00,36,Inbound,Check-In,Completed,2,0.53,119,6,True
7519,2479,13,2024-12-02T11:30:00,39,Inbound,QBR,Completed,2,0.49,233,10,False
7520,1480,2,2024-05-07T13:30:00,59,Outbound,Demo,Completed,2,0.49,214,4,True
7521,1895,8,2024-12-28T09:30:00,0,Inbound,Discovery,No Show,1,,,0,False
7522,1135,6,2024-05-31T14:00:00,3,Outbound,QBR,Voicemail,1,,,0,False
7523,1582,2,2024-12-29T09:45:00,,Inbound,QBR,Completed,8,0.46,115,8,True
7524,2445,16,2024-10-10T10:00:00,0,Inbound,Discovery,No Show,1,,,0,False
7525,1500,7,2024-08-16T10:00:00,54,Inbound,Technical Deep Dive,Completed,5,0.63,190,6,False
7526,1828,12,2023-10-23T12:15:00,33,Outbound,Negotiation,Completed,2,0.82,276,5,False
7527,3559,16,2024-12-29T11:15:00,46,Outbound,Check-In,Completed,5,0.46,199,3,False
7528,3594,6,2024-09-02T12:30:00,32,Outbound,QBR,Rescheduled,1,,,0,False
7529,2070,1,2023-11-22T13:00:00,38,Outbound,QBR,Completed,6,0.41,166,9,True
7530,1663,13,2023-08-26T13:30:00,28,Outbound,Negotiation,Completed,5,0.46,38,9,False
7531,139,7,2024-10-02T13:00:00,19,Outbound,QBR,Completed,8,0.39,93,25,False
7532,2550,14,2024-12-13T16:15:00,59,Inbound,Negotiation,Completed,8,1.03,129,9,False
7533,3764,11,2024-09-28T13:30:00,35,Outbound,Demo,Completed,6,0.51,142,10,False
7534,4235,1,2024-12-08T17:15:00,42,Outbound,Technical Deep Dive,Completed,2,0.63,217,16,False
7535,1011,9,2024-09-24T13:15:00,0,Outbound,Check-In,No Show,1,,,0,False
7536,854,14,2024-12-21T12:00:00,43,Outbound,Negotiation,Completed,6,0.54,30,13,True
7537,4734,4,2024-12-30T11:00:00,32,Outbound,Discovery,Completed,8,0.39,90,12,True
7538,2307,3,2024-07-27T11:15:00,3,Inbound,Technical Deep Dive,Voicemail,1,,,0,False
7539,4158,15,2024-07-06T14:15:00,35,Inbound,Demo,Completed,8,0.61,125,8,True
7540,4315,8,2023-12-11T15:30:00,37,Inbound,QBR,Completed,7,0.52,197,14,False
7541,963,12,2023-12-30T11:15:00,27,Inbound,Demo,Completed,8,0.47,133,10,False
7542,918,11,2024-08-18T12:15:00,0,Outbound,QBR,No Show,1,,,0,False
7543,355,2,2022-01-06T09:15:00,37,Outbound,QBR,Completed,7,0.47,33,12,True
7544,4873,6,2024-03-18T13:15:00,37,Outbound,Negotiation,Completed,4,0.48,75,12,True
7545,4977,1,2024-10-05T11:30:00,43,Outbound,Technical Deep Dive,Completed,4,0.29,71,12,True
7546,4103,6,2023-11-28T11:45:00,46,Outbound,Demo,Completed,2,0.68,119,10,False
7547,4590,14,2022-07-29T08:30:00,24,Inbound,Technical Deep Dive,Completed,7,0.59,168,2,False
7548,4809,8,2024-04-02T09:30:00,22,Inbound,Technical Deep Dive,Rescheduled,1,,,0,False
7549,4876,9,2024-12-29T16:00:00,22,Outbound,Check-In,Completed,5,0.55,96,2,False
7550,551,3,2024-09-23T13:15:00,31,Outbound,Technical Deep Dive,Completed,4,0.55,219,6,False
7551,1750,10,2024-12-06T09:00:00,43,Inbound,Check-In,Completed,2,0.63,178,4,True
7552,1437,13,2022-04-24T13:15:00,46,Inbound,Demo,Rescheduled,1,,,0,False
7553,4020,12,2022-10-21T15:15:00,26,Outbound,Technical Deep Dive,Completed,4,1.05,83,3,False
7554,1631,8,2022-12-12T17:15:00,30,Outbound,Technical Deep Dive,Completed,4,0.59,87,11,True
7555,4349,7,2024-12-23T09:00:00,0,Outbound,Technical Deep Dive,No Show,1,,,0,False
7556,4530,16,2024-12-04T14:30:00,41,Inbound,Check-In,Completed,3,0.54,153,5,True
7557,2422,10,2024-11-18T08:00:00,23,Outbound,Discovery,Completed,3,0.67,149,12,False
7558,3540,15,2024-06-27T12:30:00,55,Outbound,Technical Deep Dive,Rescheduled,1,,,0,False
7559,2608,15,2024-12-29T09:00:00,29,Inbound,Technical Deep Dive,Completed,5,0.7,185,4,False
7560,2638,12,2023-09-20T11:45:00,32,Outbound,Discovery,Completed,5,0.67,56,14,True
7561,1864,5,2024-06-26T13:30:00,-58,Outbound,Negotiation,Completed,2,0.38,164,9,True
7562,3118,1,2030-06-15T10:00:00,54,Inbound,Check-In,Rescheduled,1,,,0,False
7563,2112,4,2024-12-28T15:30:00,0,Outbound,Technical Deep Dive,No Show,1,,,0,False
7564,3676,3,2020-08-04T13:30:00,18,Inbound,Check-In,Completed,3,0.59,47,21,True
7565,3275,13,2024-12-18T15:30:00,36,Inbound,Follow-Up,Completed,8,0.62,58,2,False
7566,2020,3,2022-07-04T11:15:00,0,Outbound,Discovery,No Show,1,,,0,False
7567,3200,12,2023-03-13T12:15:00,51,Outbound,Follow-Up,Completed,6,0.74,176,12,False
7568,637,1,2023-07-08T15:30:00,42,Outbound,Follow-Up,Completed,2,0.4,92,18,True
7569,4193,3,2024-12-26T14:30:00,25,Inbound,Follow-Up,Completed,3,0.62,120,4,True
7570,1928,7,2024-10-15T16:15:00,28,Inbound,Follow-Up,Completed,3,0.49,55,18,False
7571,220,4,2030-06-15T10:00:00,-52,Inbound,Technical Deep Dive,Completed,3,0.38,94,15,True
7572,2769,14,2023-11-07T14:00:00,50,Inbound,Follow-Up,Completed,3,0.68,67,7,True
7573,124,7,2023-08-22T14:30:00,59,Inbound,Discovery,Rescheduled,1,,,0,False
7574,2796,13,2023-07-01T10:30:00,,Inbound,QBR,Completed,8,0.49,132,8,False
7575,2231,2,2024-02-25T17:15:00,31,Inbound,QBR,Completed,8,0.46,43,15,True
7576,2728,9,2024-09-13T12:00:00,,Outbound,Negotiation,Rescheduled,1,,,0,False
7577,1022,9,2022-04-28T12:15:00,52,Outbound,Demo,Completed,3,0.61,61,5,False
7578,2146,11,2022-01-16T16:15:00,46,Inbound,Negotiation,Completed,3,0.39,104,9,False
7579,547,9,2024-04-05T16:00:00,21,Inbound,QBR,Completed,7,0.46,39,8,False
7580,2938,12,2024-10-25T12:00:00,3,Inbound,QBR,Voicemail,1,,,0,False
7581,2540,6,2024-03-20T08:00:00,36,Outbound,Negotiation,Completed,2,0.75,100,14,False
7582,320,16,2030-06-15T10:00:00,27,Inbound,Demo,Completed,4,0.73,168,8,False
7583,2112,4,2024-12-13T13:30:00,36,Outbound,Technical Deep Dive,Completed,6,1.33,225,19,False
7584,453,10,2024-12-25T14:15:00,44,Outbound,Negotiation,Completed,2,0.66,138,10,True
7585,599,6,2024-10-25T10:30:00,46,Outbound,Negotiation,Completed,2,1.05,143,19,False
7586,4656,12,2024-01-03T12:30:00,47,Outbound,Technical Deep Dive,Completed,4,0.65,122,9,True
7587,528,8,2023-11-08T11:30:00,60,Outbound,Check-In,Completed,7,0.63,50,6,False
7588,3014,4,2024-12-06T11:00:00,35,Outbound,Follow-Up,Completed,3,0.46,200,4,True
7589,3537,1,2024-11-10T15:00:00,17,Outbound,Check-In,Completed,2,0.58,235,9,False
7590,4705,3,2024-12-17T16:45:00,30,Outbound,Follow-Up,Completed,5,0.72,183,18,False
7591,1729,8,2024-12-13T15:30:00,37,Outbound,Technical Deep Dive,Completed,4,0.65,204,15,False
7592,2801,14,2024-04-07T13:15:00,54,Outbound,Negotiation,Rescheduled,1,,,0,False
7593,366,5,2024-12-10T15:45:00,58,Outbound,Check-In,Completed,8,0.54,66,8,True
7594,2676,2,2022-08-21T13:15:00,54,Outbound,Demo,Completed,8,0.56,135,24,True
7595,661,4,2024-05-22T11:45:00,57,Outbound,Negotiation,Completed,3,0.67,155,11,False
7596,4774,2,2024-07-04T14:15:00,0,Outbound,QBR,No Show,1,,,0,False
7597,376,6,2024-06-16T16:15:00,21,Inbound,Negotiation,Completed,6,0.54,158,19,False
7598,1486,13,2024-12-22T09:15:00,0,Inbound,Check-In,No Show,1,,,0,False
7599,2648,15,2024-11-15T08:45:00,3,Inbound,Check-In,Voicemail,1,,,0,False
7600,4110,9,2023-04-05T15:00:00,37,Inbound,Technical Deep Dive,Completed,4,0.7,140,9,False
7601,102,7,2024-12-15T12:15:00,,Outbound,Technical Deep Dive,Completed,7,0.69,48,13,True
7602,4258,4,2023-02-02T13:00:00,27,Inbound,Negotiation,Completed,3,0.63,221,10,False
7603,4137,13,2023-01-19T16:15:00,45,Outbound,Check-In,Completed,3,0.54,60,6,True
7604,4147,7,2022-06-17T11:45:00,38,Outbound,QBR,Completed,2,0.47,88,15,True
7605,474,16,2024-12-13T15:00:00,3,Inbound,Technical Deep Dive,Voicemail,1,,,0,False
7606,1747,4,2024-12-05T09:15:00,36,Inbound,QBR,Completed,8,0.61,50,18,True
7607,1643,14,2022-04-24T13:00:00,53,Outbound,Check-In,Completed,5,0.49,100,4,False
7608,2226,13,2023-05-15T10:00:00,48,Outbound,Negotiation,Completed,5,0.71,167,14,False
7609,4379,15,2024-09-06T11:00:00,2,Inbound,Check-In,Voicemail,1,,,0,False
7610,3920,13,2024-12-28T12:30:00,40,Outbound,QBR,Completed,5,0.64,36,2,True
7611,828,2,2030-06-15T10:00:00,40,Outbound,Technical Deep Dive,Completed,7,0.4,113,25,True
7612,4232,1,2024-10-11T11:45:00,45,Outbound,Negotiation,Completed,7,0.55,142,9,False
7613,3900,12,2023-01-07T10:30:00,43,Outbound,QBR,Completed,4,0.85,279,11,False
7614,1655,4,2022-05-20T13:30:00,56,Outbound,Negotiation,Rescheduled,1,,,0,False
7615,313,12,2023-11-19T12:30:00,3,Outbound,Demo,Voicemail,1,,,0,False
7616,2880,6,2024-02-13T12:30:00,24,Outbound,Negotiation,Completed,3,0.47,145,14,True
7617,1941,7,2023-04-30T15:45:00,39,Inbound,Demo,Completed,4,0.59,275,5,False
7618,3354,1,2024-12-05T12:30:00,59,Inbound,Technical Deep Dive,Completed,7,0.65,167,21,False
7619,3013,6,2024-12-28T13:45:00,52,Outbound,Discovery,Completed,5,0.46,140,15,False
7620,2343,8,2024-12-21T10:30:00,44,Outbound,QBR,Completed,6,0.55,143,4,True
7621,4991,8,2024-12-15T14:00:00,58,Inbound,QBR,Completed,3,0.37,213,18,True
7622,4559,13,2024-03-03T15:00:00,0,Inbound,Demo,No Show,1,,,0,False
7623,4779,1,2024-12-13T15:00:00,58,Outbound,Follow-Up,Completed,2,0.41,199,10,True
7624,3800,8,2024-08-29T09:00:00,54,Inbound,Technical Deep Dive,Completed,7,0.76,177,15,True
7625,1116,8,2024-04-13T17:00:00,21,Inbound,Negotiation,Completed,2,0.73,296,12,True
7626,1574,5,2024-09-20T10:00:00,49,Outbound,Check-In,Completed,6,0.5,49,16,False
7627,3016,11,2024-12-06T11:15:00,39,Outbound,Discovery,Completed,2,0.49,74,9,False
7628,670,12,2023-01-19T10:45:00,55,Inbound,QBR,Completed,3,0.7,165,18,False
7629,895,7,2024-12-20T09:00:00,53,Outbound,QBR,Completed,5,0.45,71,13,True
7630,979,14,2024-02-15T16:15:00,,Outbound,Discovery,Completed,8,0.57,46,10,False
7631,1975,2,2024-11-12T10:45:00,44,Inbound,Technical Deep Dive,Completed,7,0.41,154,9,True
7632,3759,6,2021-11-16T15:00:00,0,Inbound,Discovery,No Show,1,,,0,False
7633,522,2,2024-02-16T10:45:00,44,Inbound,Technical Deep Dive,Rescheduled,1,,,0,False
7634,1174,14,2024-12-20T12:00:00,-29,Inbound,QBR,Completed,3,0.58,43,2,True
7635,2327,7,2023-06-15T16:15:00,35,Outbound,Follow-Up,Completed,6,0.58,114,10,False
7636,4570,12,2024-02-29T13:45:00,21,Outbound,Technical Deep Dive,Completed,6,0.71,206,10,False
7637,2108,7,2024-12-03T11:30:00,27,Inbound,Technical Deep Dive,Completed,2,0.47,91,5,False
7638,3423,9,2024-03-23T12:30:00,1,Outbound,Check-In,Voicemail,1,,,0,False
7639,3222,15,2024-12-22T15:15:00,49,Outbound,QBR,Completed,7,0.68,86,11,False
7640,2406,3,2024-07-04T11:15:00,,Outbound,Negotiation,Completed,2,0.3,185,14,True
7641,2259,14,2023-02-19T10:15:00,26,Outbound,Follow-Up,Completed,7,0.72,241,7,False
7642,3751,12,2024-12-28T09:00:00,19,Inbound,Demo,Completed,2,0.59,229,12,True
7643,1623,8,2024-12-11T15:00:00,31,Outbound,Follow-Up,Completed,4,0.47,176,10,False
7644,4166,15,2024-10-27T14:00:00,31,Outbound,Follow-Up,Completed,8,0.74,247,4,False
7645,1617,4,2024-12-31T10:15:00,55,Outbound,Demo,Completed,8,0.38,147,16,True
7646,4572,1,2024-10-03T16:30:00,35,Outbound,Discovery,Rescheduled,1,,,0,False
7647,4697,8,2022-08-19T08:45:00,26,Outbound,Follow-Up,Completed,5,0.39,117,19,True
7648,325,8,2024-05-03T12:45:00,53,Outbound,Demo,Completed,5,0.34,44,23,False
7649,2657,8,2023-08-25T16:00:00,0,Outbound,QBR,No Show,1,,,0,False
7650,2772,6,2023-11-11T11:00:00,,Outbound,Discovery,No Show,1,,,0,False
7651,3935,7,2024-11-03T08:00:00,23,Inbound,Technical Deep Dive,Completed,6,0.45,39,8,True
7652,2834,4,2024-10-07T10:15:00,60,Outbound,Follow-Up,Completed,7,0.38,79,5,False
7653,1540,9,2024-11-14T09:00:00,35,Outbound,Negotiation,Rescheduled,1,,,0,False
7654,3024,2,2024-12-26T09:00:00,21,Inbound,Technical Deep Dive,Completed,7,0.39,160,20,True
7655,3699,14,2024-12-16T14:45:00,0,Outbound,Demo,No Show,1,,,0,False
7656,1894,15,2024-12-13T12:30:00,24,Outbound,Negotiation,Completed,2,0.69,105,5,False
7657,4169,16,2024-10-20T12:15:00,46,Inbound,Negotiation,Completed,2,0.4,93,6,True
7658,3858,10,2024-02-03T14:30:00,,Outbound,Follow-Up,No Show,1,,,0,False
7659,832,13,2024-10-24T17:00:00,55,Outbound,Negotiation,Completed,5,0.69,165,7,False
7660,2913,12,2024-12-22T10:30:00,29,Outbound,Demo,Completed,4,0.58,59,17,False
7661,4216,8,2024-04-24T16:30:00,17,Outbound,Discovery,Completed,2,0.51,59,4,True
7662,4533,4,2022-12-06T12:30:00,60,Outbound,Demo,Completed,6,0.51,134,9,True
7663,3417,11,2024-12-31T16:00:00,19,Outbound,Demo,Rescheduled,1,,,0,False
7664,3551,16,2024-11-09T16:15:00,2,Outbound,Demo,Voicemail,1,,,0,False
7665,2801,14,2024-02-24T08:45:00,58,Inbound,Negotiation,Rescheduled,1,,,0,False
7666,3506,5,2024-05-01T11:30:00,57,Outbound,QBR,Completed,6,0.35,47,17,False
7667,1260,9,2024-06-07T12:00:00,25,Inbound,Follow-Up,Completed,5,0.55,102,10,False
7668,1382,7,2024-05-18T13:30:00,35,Outbound,QBR,Completed,2,0.69,65,13,False
7669,117,6,2023-12-07T10:00:00,21,Outbound,Technical Deep Dive,Completed,7,0.65,159,5,False
7670,809,16,2024-12-09T14:30:00,37,Outbound,Negotiation,Completed,7,0.5,226,10,True
7671,2926,15,2024-01-17T10:15:00,36,Outbound,Discovery,Completed,4,0.4,112,15,True
7672,219,13,2022-07-01T13:45:00,43,Outbound,QBR,Completed,5,0.8,145,7,True
7673,3195,2,2024-07-30T15:00:00,16,Outbound,Technical Deep Dive,Completed,8,0.58,106,6,True
7674,3264,12,2023-03-18T08:00:00,33,Inbound,Discovery,Completed,4,0.5,189,7,False
7675,3597,8,2021-12-17T14:15:00,37,Outbound,Negotiation,Completed,7,0.53,193,14,False
7676,680,15,2024-12-23T15:30:00,51,Outbound,Negotiation,Completed,6,0.62,74,16,True
7677,774,11,2024-03-12T09:15:00,24,Inbound,Check-In,Completed,4,0.6,221,12,False
7678,1924,1,2024-01-26T13:45:00,0,Inbound,Discovery,No Show,1,,,0,False
7679,316,16,2023-07-20T11:45:00,21,Outbound,Follow-Up,Completed,8,0.64,183,12,False
7680,3188,15,2022-10-30T08:30:00,53,Outbound,QBR,Completed,4,0.66,33,11,False
7681,187,9,2024-12-27T12:30:00,19,Inbound,Check-In,Completed,6,0.41,224,18,False
7682,4457,16,2024-11-07T15:45:00,0,Outbound,Follow-Up,No Show,1,,,0,False
7683,2962,4,2024-09-04T14:30:00,49,Outbound,Technical Deep Dive,Completed,7,0.34,179,20,False
7684,1200,2,2022-08-26T10:45:00,32,Outbound,Demo,Completed,4,0.39,208,9,True
7685,943,4,2023-01-19T12:00:00,54,Outbound,QBR,Rescheduled,1,,,0,False
7686,4378,5,2024-12-22T14:45:00,60,Inbound,Technical Deep Dive,Completed,3,0.56,113,7,False
7687,4612,6,2024-01-07T10:00:00,58,Outbound,Demo,Rescheduled,1,,,0,False
7688,3367,13,2022-01-29T13:15:00,20,Outbound,Demo,Completed,5,0.65,180,2,False
7689,4267,3,2023-01-01T09:15:00,22,Outbound,Technical Deep Dive,Completed,2,0.47,190,7,True
7690,4673,1,2022-07-15T13:30:00,45,Outbound,Check-In,Completed,2,0.33,215,15,True
7691,4413,7,2023-11-25T13:15:00,51,Outbound,QBR,Completed,7,0.5,58,12,True
7692,775,15,2024-12-03T15:00:00,56,Outbound,Discovery,Completed,3,1.01,91,8,True
7693,3613,8,2023-10-23T13:45:00,60,Outbound,Demo,Completed,7,0.5,93,17,True
7694,4915,10,2024-12-20T11:30:00,51,Outbound,QBR,Completed,3,0.66,87,9,True
7695,2256,15,2023-06-27T16:15:00,0,Inbound,Check-In,No Show,1,,,0,False
7696,3860,7,2021-03-18T10:30:00,31,Inbound,Technical Deep Dive,Completed,2,0.55,238,11,False
7697,3098,8,2023-06-10T12:15:00,36,Outbound,Check-In,Completed,8,0.83,80,11,True
7698,734,15,2024-12-12T09:15:00,42,Outbound,Negotiation,Completed,6,0.45,93,4,True
7699,1635,15,2024-12-06T13:15:00,60,Inbound,Follow-Up,Completed,5,0.51,162,12,False
7700,3336,14,2024-08-30T10:00:00,56,Outbound,Negotiation,Rescheduled,1,,,0,False
7701,3669,10,2024-06-29T10:15:00,25,Outbound,Negotiation,Completed,6,0.53,78,9,True
7702,3626,7,2024-08-06T09:45:00,58,Outbound,Follow-Up,Completed,7,0.65,127,18,True
7703,4605,5,2021-11-12T14:15:00,44,Inbound,Technical Deep Dive,Completed,6,0.53,142,14,False
7704,3740,4,2024-12-24T12:30:00,35,Outbound,Technical Deep Dive,Completed,6,0.51,235,7,False
7705,2898,14,2024-12-22T08:45:00,38,Outbound,QBR,Completed,6,0.62,92,13,True
7706,1521,6,2024-12-09T10:45:00,51,Outbound,Negotiation,Completed,5,0.39,222,9,True
7707,1479,3,2023-01-15T12:45:00,32,Outbound,Demo,Completed,3,0.41,65,20,False
7708,1708,7,2022-08-24T14:00:00,16,Outbound,Follow-Up,Rescheduled,1,,,0,False
7709,1360,8,2021-06-09T09:00:00,20,Outbound,Negotiation,Completed,4,0.55,89,7,True
7710,874,6,2022-08-09T12:45:00,44,Outbound,Discovery,Completed,4,0.63,93,12,False
7711,4395,16,2023-07-29T11:30:00,48,Inbound,QBR,Completed,7,0.41,73,12,False
7712,2606,10,2024-04-15T12:00:00,41,Outbound,Negotiation,Completed,2,0.56,190,7,True
7713,749,1,2022-05-01T13:30:00,30,Inbound,Follow-Up,Completed,2,0.46,113,14,False
7714,2937,14,2024-12-12T15:15:00,54,Outbound,Negotiation,Completed,4,0.85,127,4,False
7715,2916,16,2022-05-19T16:30:00,18,Inbound,QBR,Completed,5,0.42,66,11,False
7716,4551,3,2024-12-14T11:45:00,29,Outbound,Check-In,Completed,6,0.51,220,13,True
7717,3477,15,2024-12-30T15:45:00,55,Inbound,Check-In,Completed,2,0.49,108,6,True
7718,792,4,2022-05-21T09:45:00,54,Inbound,Negotiation,Completed,5,0.56,103,5,True
7719,3072,14,2024-06-06T15:00:00,23,Outbound,QBR,Completed,2,0.56,144,3,False
7720,2664,10,2022-01-17T08:30:00,44,Outbound,Demo,Completed,5,0.61,83,7,True
7721,2549,14,2024-07-11T11:00:00,29,Outbound,QBR,Completed,2,0.51,195,4,False
7722,4215,6,2021-02-08T10:30:00,33,Outbound,Follow-Up,Completed,7,1.24,157,14,False
7723,2959,13,2024-03-04T16:30:00,22,Outbound,Follow-Up,Completed,2,0.65,168,4,False
7724,2772,6,2024-01-16T11:15:00,28,Outbound,Technical Deep Dive,Completed,6,0.5,66,9,True
7725,2572,12,2023-12-23T11:45:00,3,Outbound,Check-In,Voicemail,1,,,0,False
7726,1341,1,2023-01-06T13:15:00,15,Outbound,Discovery,Completed,2,0.54,238,6,False
7727,154,5,2024-10-22T14:00:00,2,Outbound,Discovery,Voicemail,1,,,0,False
7728,4828,2,2024-12-06T13:15:00,42,Outbound,Negotiation,Completed,3,0.75,184,3,False
7729,3513,9,2024-05-13T10:45:00,35,Outbound,Demo,Completed,2,0.58,270,11,False
7730,4036,4,2023-03-07T15:00:00,,Outbound,QBR,Completed,5,0.77,31,12,False
7731,2590,15,2024-12-04T15:45:00,0,Inbound,Technical Deep Dive,No Show,1,,,0,False
7732,1484,4,2023-07-17T13:00:00,0,Outbound,Negotiation,No Show,1,,,0,False
7733,1270,10,2024-04-28T11:30:00,60,Inbound,QBR,Completed,5,0.44,147,8,False
7734,4073,10,2023-03-28T10:00:00,31,Inbound,Demo,Completed,3,0.53,211,8,True
7735,4395,16,2023-07-11T16:45:00,36,Inbound,Discovery,Completed,3,0.47,104,4,True
7736,4973,7,2023-01-11T11:45:00,49,Inbound,Discovery,Completed,8,0.37,113,12,True
7737,2669,15,2030-06-15T10:00:00,,Inbound,Discovery,Completed,6,0.56,78,10,True
7738,4713,9,2024-11-03T11:15:00,56,Outbound,Check-In,Completed,7,0.69,131,5,False
7739,3783,12,2021-04-19T11:15:00,50,Inbound,Demo,Completed,2,0.7,172,15,False
7740,2478,8,2030-06-15T10:00:00,31,Outbound,QBR,Completed,3,0.44,176,6,False
7741,2629,6,2023-03-01T15:00:00,0,Outbound,Technical Deep Dive,No Show,1,,,0,False
7742,2130,8,2023-07-22T14:45:00,0,Inbound,Check-In,No Show,1,,,0,False
7743,4943,11,2024-08-21T12:45:00,31,Outbound,Negotiation,Completed,7,0.68,33,15,False
7744,3030,15,2024-10-14T10:15:00,2,Inbound,Follow-Up,Voicemail,1,,,0,False
7745,3596,5,2024-02-28T16:45:00,0,Outbound,Follow-Up,No Show,1,,,0,False
7746,1014,15,2024-11-06T14:15:00,25,Outbound,QBR,Completed,2,0.65,143,7,False
7747,2106,3,2023-06-24T16:00:00,42,Outbound,Discovery,Completed,7,0.58,121,12,True
7748,4684,3,2023-02-12T17:30:00,21,Inbound,Demo,Rescheduled,1,,,0,False
7749,4345,11,2024-02-24T09:00:00,53,Outbound,Follow-Up,Completed,5,0.49,72,11,False
7750,2216,4,2024-09-28T14:00:00,16,Outbound,QBR,Completed,4,0.52,228,11,False
7751,2814,10,2021-11-21T13:30:00,3,Outbound,Check-In,Voicemail,1,,,0,False
7752,4809,8,2024-04-16T14:45:00,23,Outbound,Follow-Up,Completed,6,0.31,77,10,True
7753,1107,3,2023-09-01T16:00:00,51,Inbound,Check-In,Completed,5,0.62,170,7,False
7754,3722,4,2030-06-15T10:00:00,18,Inbound,Negotiation,Completed,4,0.36,42,8,True
7755,2244,1,2024-08-14T14:15:00,20,Inbound,Demo,Completed,2,0.48,218,15,False
7756,638,13,2022-12-30T12:45:00,15,Inbound,Follow-Up,Completed,6,0.78,84,10,False
7757,4189,9,2024-05-18T11:15:00,22,Outbound,Discovery,Completed,3,0.43,115,6,False
7758,4913,12,2024-02-27T09:30:00,34,Outbound,Negotiation,Completed,4,0.49,30,16,False
7759,1554,7,2022-08-24T15:15:00,50,Outbound,Follow-Up,Completed,4,0.61,235,16,True
7760,272,6,2023-07-29T14:00:00,38,Outbound,Discovery,Completed,7,0.58,166,6,False
7761,2849,13,2024-04-13T11:00:00,40,Outbound,Technical Deep Dive,Completed,2,0.78,40,7,False
7762,3445,13,2024-04-29T15:30:00,35,Outbound,Discovery,Completed,7,0.51,99,6,False
7763,2079,4,2024-08-10T15:45:00,22,Outbound,QBR,Rescheduled,1,,,0,False
7764,3898,15,2024-12-06T12:15:00,58,Inbound,Discovery,Completed,2,0.6,230,14,True
7765,2409,5,2021-08-09T11:00:00,3,Outbound,QBR,Voicemail,1,,,0,False
7766,463,11,2024-12-20T14:45:00,56,Outbound,Negotiation,Completed,7,0.46,205,3,False
7767,3408,12,2024-06-18T11:15:00,53,Outbound,Check-In,Completed,8,0.49,216,7,False
7768,2159,3,2024-08-28T09:45:00,37,Inbound,Discovery,Completed,4,0.35,176,15,True
7769,568,2,2024-12-25T15:15:00,18,Outbound,Negotiation,Completed,2,0.42,191,15,False
7770,2194,15,2024-10-26T11:00:00,22,Outbound,Demo,Completed,3,0.57,147,9,False
7771,1479,3,2023-01-18T14:45:00,24,Inbound,QBR,Completed,2,0.5,234,4,True
7772,4793,5,2024-08-21T16:15:00,3,Outbound,Technical Deep Dive,Voicemail,1,,,0,False
7773,738,13,2024-02-16T10:30:00,31,Outbound,Negotiation,Completed,3,0.44,103,8,False
7774,3896,16,2024-03-05T15:45:00,27,Inbound,Discovery,Completed,6,0.43,115,12,True
7775,2559,8,2024-10-11T12:45:00,29,Outbound,Follow-Up,Completed,7,0.65,72,9,True
7776,4512,8,2021-10-09T11:15:00,53,Outbound,Check-In,Completed,6,0.32,70,14,True
7777,4833,16,2024-12-30T13:30:00,36,Outbound,Negotiation,Completed,4,0.78,66,12,False
7778,1971,7,2021-02-03T10:30:00,,Outbound,Check-In,Completed,3,1.29,103,13,False
7779,26,5,2023-04-05T10:15:00,47,Outbound,Negotiation,Completed,8,0.56,236,13,True
7780,2146,11,2021-11-23T10:15:00,0,Inbound,Follow-Up,No Show,1,,,0,False
7781,3208,2,2023-10-05T14:30:00,25,Outbound,Discovery,Completed,7,1.13,130,26,True
7782,4157,13,2023-04-24T16:30:00,23,Outbound,QBR,Completed,5,1.04,120,2,False
7783,1345,4,2020-04-28T09:45:00,59,Outbound,QBR,Completed,3,0.59,46,10,False
7784,4378,5,2024-11-21T14:45:00,15,Inbound,Discovery,Completed,5,0.6,186,8,False
7785,2929,5,2024-04-13T11:00:00,58,Outbound,Follow-Up,Completed,4,0.42,69,12,True
7786,738,13,2024-05-15T10:30:00,24,Outbound,Negotiation,Completed,2,0.76,205,14,False
7787,2385,14,2024-07-06T16:30:00,15,Outbound,QBR,Completed,5,0.69,230,7,False
7788,379,3,2021-01-06T16:45:00,47,Outbound,Follow-Up,Completed,7,0.58,122,10,True
7789,2984,11,2024-07-16T08:30:00,0,Outbound,QBR,No Show,1,,,0,False
7790,3497,4,2024-11-21T15:45:00,0,Outbound,Discovery,No Show,1,,,0,False
7791,3997,9,2024-03-09T09:30:00,55,Inbound,Demo,Completed,2,0.48,54,14,False
7792,3036,9,2024-12-02T14:30:00,58,Outbound,Technical Deep Dive,Completed,8,0.62,42,7,False
7793,321,5,2024-08-27T12:15:00,25,Outbound,Technical Deep Dive,Completed,7,0.83,224,13,False
7794,3535,14,2024-09-12T13:00:00,49,Inbound,Check-In,Completed,7,0.67,80,2,False
7795,4624,2,2024-12-28T15:00:00,55,Outbound,Discovery,Completed,8,0.55,236,20,False
7796,2747,2,2024-08-09T09:45:00,29,Outbound,Discovery,Completed,5,0.35,61,24,False
7797,2879,3,2024-10-07T08:30:00,28,Outbound,Discovery,Completed,7,0.71,206,7,True
7798,4968,4,2023-12-08T13:30:00,-19,Outbound,Check-In,Completed,8,0.73,78,4,False
7799,2474,11,2030-06-15T10:00:00,45,Outbound,Negotiation,Completed,5,0.46,63,8,True
7800,4856,1,2024-12-23T09:15:00,0,Outbound,Check-In,No Show,1,,,0,False
7801,1640,13,2023-02-27T12:45:00,57,Inbound,Demo,Completed,5,0.45,137,4,False
7802,4594,1,2022-02-26T15:30:00,0,Inbound,Discovery,No Show,1,,,0,False
7803,2672,6,2024-12-03T11:45:00,35,Inbound,QBR,Completed,7,0.46,92,18,True
7804,279,10,2024-12-31T15:45:00,60,Outbound,QBR,Completed,7,0.78,233,11,False
7805,4235,1,2024-12-08T12:15:00,0,Outbound,Demo,No Show,1,,,0,False
7806,4587,8,2023-05-13T15:00:00,37,Outbound,Check-In,Completed,7,0.57,148,15,True
7807,4828,2,2024-09-10T09:00:00,15,Outbound,Demo,Completed,6,0.78,211,6,False
7808,69,12,2023-08-19T11:30:00,50,Inbound,Negotiation,Completed,6,0.64,208,10,False
7809,3711,1,2024-07-08T12:00:00,53,Outbound,Technical Deep Dive,Completed,2,0.62,175,18,True
7810,497,10,2022-03-10T14:00:00,47,Inbound,Follow-Up,Completed,7,0.72,40,5,True
7811,1919,8,2023-10-28T17:15:00,-23,Outbound,Discovery,Rescheduled,1,,,0,False
7812,1303,4,2023-05-09T10:45:00,1,Outbound,Demo,Voicemail,1,,,0,False
7813,4169,16,2024-09-02T17:45:00,0,Outbound,Technical Deep Dive,No Show,1,,,0,False
7814,906,15,2024-12-27T17:30:00,,Outbound,Technical Deep Dive,Completed,5,0.59,115,9,True
7815,187,9,2024-11-25T12:30:00,40,Outbound,Demo,Completed,6,0.64,122,11,False
7816,1561,12,2024-12-18T11:30:00,,Outbound,Negotiation,Completed,5,0.56,113,8,False
7817,2079,4,2024-05-12T14:15:00,33,Outbound,Negotiation,Completed,3,0.58,61,14,False
7818,2347,11,2023-12-06T12:45:00,16,Outbound,Technical Deep Dive,Completed,7,0.65,256,12,False
7819,35,2,2024-10-23T13:45:00,51,Inbound,Technical Deep Dive,Completed,2,0.62,208,21,True
7820,304,16,2024-10-01T15:45:00,0,Outbound,Check-In,No Show,1,,,0,False
7821,164,4,2024-03-05T11:30:00,47,Inbound,Check-In,Completed,4,0.58,198,14,True
7822,4875,5,2023-08-31T14:00:00,27,Outbound,Discovery,Completed,7,0.45,39,6,False
7823,3880,6,2022-02-23T16:00:00,53,Outbound,Technical Deep Dive,Completed,4,0.5,286,15,False
7824,218,11,2024-12-30T12:00:00,57,Inbound,QBR,Completed,5,0.62,83,9,False
7825,3668,6,2024-12-19T14:45:00,48,Outbound,Negotiation,Completed,2,0.69,207,10,False
7826,3252,8,2024-10-30T12:15:00,29,Inbound,Discovery,Rescheduled,1,,,0,False
7827,917,13,2020-05-17T10:45:00,43,Outbound,Check-In,Completed,3,0.59,80,11,False
7828,2940,16,2030-06-15T10:00:00,28,Outbound,Follow-Up,Completed,3,0.53,230,16,False
7829,1152,12,2024-07-28T15:30:00,26,Inbound,Check-In,Completed,7,0.58,127,16,True
7830,1683,1,2024-04-25T12:30:00,51,Inbound,Demo,Completed,7,0.61,41,7,True
7831,1253,8,2024-01-02T14:45:00,16,Inbound,Technical Deep Dive,Completed,8,0.48,237,20,False
7832,2886,12,2024-09-19T11:30:00,26,Outbound,Negotiation,Completed,4,0.6,235,11,True
7833,2698,5,2020-01-28T16:30:00,16,Outbound,QBR,Completed,3,0.45,230,16,True
7834,3797,10,2023-01-13T11:15:00,56,Outbound,Demo,Completed,7,0.57,186,6,True
7835,428,13,2024-12-24T13:00:00,17,Outbound,Negotiation,Completed,3,0.46,140,11,True
7836,4937,8,2022-01-14T13:45:00,0,Inbound,Negotiation,No Show,1,,,0,False
7837,180,11,2024-10-19T15:15:00,0,Outbound,QBR,No Show,1,,,0,False
7838,2824,13,2024-05-08T13:45:00,26,Outbound,Technical Deep Dive,Completed,6,0.82,174,9,False
7839,3302,6,2024-10-10T13:00:00,38,Inbound,Follow-Up,Completed,6,0.67,239,11,False
7840,2196,7,2024-07-19T10:15:00,37,Inbound,Follow-Up,Rescheduled,1,,,0,False
7841,3310,8,2022-06-15T14:00:00,52,Outbound,Technical Deep Dive,Completed,3,0.69,182,14,False
7842,4348,15,2024-10-13T12:00:00,44,Outbound,Follow-Up,Completed,5,0.74,216,11,True
7843,3723,10,2024-12-21T12:00:00,17,Outbound,Technical Deep Dive,Completed,3,0.58,162,9,False
7844,20,6,2024-06-14T13:15:00,0,Outbound,Discovery,No Show,1,,,0,False
7845,1141,11,2024-12-13T16:00:00,0,Outbound,Demo,No Show,1,,,0,False
7846,753,6,2024-07-09T14:30:00,15,Outbound,Discovery,Completed,4,0.7,93,11,False
7847,3732,6,2024-12-24T10:15:00,40,Outbound,Check-In,Completed,7,0.56,173,14,False
7848,1994,9,2024-12-30T10:30:00,33,Inbound,Check-In,Rescheduled,1,,,0,False
7849,3192,9,2024-10-06T09:30:00,42,Outbound,Check-In,Rescheduled,1,,,0,False
7850,1971,7,2020-11-18T11:15:00,25,Inbound,Demo,Completed,2,0.63,55,13,True
7851,4756,2,2024-03-31T16:45:00,46,Inbound,Follow-Up,Completed,8,0.46,105,4,True
7852,4586,9,2024-12-12T16:00:00,52,Outbound,Demo,Completed,4,0.46,206,5,False
7853,2999,14,2024-12-08T09:00:00,49,Outbound,Check-In,Completed,4,0.47,137,3,False
7854,1224,7,2024-10-02T09:30:00,45,Outbound,QBR,Completed,8,0.42,197,8,True
7855,1031,5,2024-12-03T10:15:00,58,Outbound,Follow-Up,Completed,7,0.81,249,14,True
7856,2653,14,2024-12-25T15:00:00,57,Outbound,QBR,Completed,2,0.79,159,1,False
7857,89,14,2020-10-31T12:15:00,16,Inbound,QBR,Completed,5,0.72,209,7,False
7858,3054,1,2023-01-04T13:30:00,52,Inbound,Check-In,Completed,3,0.35,150,22,False
7859,2556,5,2024-03-13T09:15:00,18,Outbound,Discovery,Completed,7,0.47,225,12,False
7860,2733,5,2024-12-21T09:15:00,23,Inbound,Discovery,Completed,7,0.42,100,13,True
7861,4187,13,2023-11-24T09:15:00,21,Inbound,Follow-Up,Completed,4,0.72,159,1,False
7862,1814,6,2022-02-05T16:00:00,48,Inbound,Check-In,Completed,2,1.46,37,20,False
7863,2862,11,2024-04-13T10:15:00,18,Outbound,Negotiation,Completed,3,0.56,46,16,True
7864,2286,15,2024-07-30T14:00:00,22,Inbound,Discovery,Completed,3,0.71,46,11,True
7865,4997,13,2024-11-07T14:00:00,45,Outbound,Check-In,Completed,4,0.48,181,10,False
7866,310,11,2022-11-21T13:30:00,20,Outbound,QBR,Completed,2,0.39,103,15,False
7867,4756,2,2024-02-02T12:00:00,57,Outbound,Discovery,Completed,2,0.32,67,20,False
7868,4419,7,2024-12-09T14:15:00,31,Outbound,Discovery,Completed,8,0.66,215,13,True
7869,4961,1,2023-12-29T10:15:00,43,Outbound,QBR,Completed,2,0.51,233,12,True
7870,4904,4,2024-06-02T10:15:00,0,Outbound,Check-In,No Show,1,,,0,False
7871,1877,16,2024-06-19T13:00:00,51,Outbound,Follow-Up,Completed,4,0.44,60,8,True
7872,3013,6,2030-06-15T10:00:00,36,Outbound,Check-In,Completed,7,0.48,99,10,False
7873,1352,2,2024-08-25T13:00:00,0,Inbound,Check-In,No Show,1,,,0,False
7874,21,1,2023-11-21T10:45:00,36,Outbound,Technical Deep Dive,Completed,5,0.67,131,3,False
7875,2985,16,2024-12-29T09:15:00,0,Outbound,Follow-Up,No Show,1,,,0,False
7876,4779,1,2024-12-27T13:15:00,1,Outbound,Discovery,Voicemail,1,,,0,False
7877,4287,8,2023-08-10T13:45:00,20,Outbound,QBR,Completed,4,0.54,191,5,False
7878,1278,2,2024-12-13T14:45:00,1,Outbound,Technical Deep Dive,Voicemail,1,,,0,False
7879,1493,6,2024-12-23T15:30:00,18,Outbound,Check-In,Completed,3,0.44,196,20,True
7880,4830,13,2024-09-14T15:30:00,24,Inbound,Negotiation,Completed,6,0.8,231,7,True
7881,4630,7,2024-12-24T15:00:00,22,Inbound,Check-In,Completed,5,0.61,59,4,False
7882,1229,1,2022-12-03T11:00:00,55,Inbound,QBR,Completed,4,0.58,75,18,False
7883,2421,10,2023-02-04T14:00:00,47,Inbound,Discovery,Rescheduled,1,,,0,False
7884,3868,2,2024-12-07T10:30:00,46,Outbound,Technical Deep Dive,Rescheduled,1,,,0,False
7885,2190,5,2024-10-17T15:00:00,22,Outbound,Demo,Completed,6,1.33,118,12,False
7886,2703,16,2024-11-11T14:15:00,31,Outbound,Discovery,Completed,2,0.69,88,8,False
7887,3268,15,2024-12-19T15:00:00,,Outbound,Check-In,Completed,2,1.15,166,16,False
7888,2138,16,2024-05-12T11:30:00,,Inbound,QBR,Rescheduled,1,,,0,False
7889,4576,2,2021-07-10T11:15:00,3,Outbound,QBR,Voicemail,1,,,0,False
7890,484,6,2024-12-16T13:00:00,-53,Outbound,Demo,Completed,2,0.42,151,10,True
7891,3848,10,2024-01-20T14:45:00,51,Outbound,QBR,Completed,8,0.57,169,12,True
7892,115,13,2024-12-10T14:15:00,,Inbound,Check-In,Completed,7,0.86,55,7,True
7893,3493,1,2023-09-21T11:30:00,0,Inbound,QBR,No Show,1,,,0,False
7894,877,15,2030-06-15T10:00:00,0,Outbound,Demo,No Show,1,,,0,False
7895,2474,11,2022-07-05T08:45:00,56,Outbound,Negotiation,Completed,4,0.59,97,9,True
7896,3497,4,2024-12-24T10:00:00,,Outbound,Technical Deep Dive,Completed,7,0.59,150,19,False
7897,1431,13,2023-12-14T09:45:00,47,Outbound,Check-In,Completed,4,0.49,112,12,False
7898,904,12,2023-10-28T08:00:00,47,Outbound,Negotiation,Completed,5,0.49,205,15,True
7899,3835,2,2023-11-26T14:00:00,46,Inbound,Check-In,Completed,2,0.4,230,14,False
7900,1688,15,2024-11-16T11:15:00,-51,Outbound,QBR,Completed,7,0.51,134,14,False
7901,3338,5,2022-10-16T15:45:00,34,Outbound,Technical Deep Dive,Completed,7,0.59,130,13,True
7902,3098,8,2023-06-18T15:15:00,45,Outbound,Follow-Up,Completed,6,0.83,43,5,False
7903,140,4,2024-12-18T11:30:00,38,Outbound,QBR,Completed,4,0.58,137,20,True
7904,3441,16,2024-12-10T13:45:00,32,Inbound,QBR,Completed,6,0.54,174,14,False
7905,3537,1,2024-12-05T14:00:00,46,Outbound,Demo,Completed,4,0.44,103,8,True
7906,4552,10,2023-06-09T10:00:00,0,Inbound,Demo,No Show,1,,,0,False
7907,2743,4,2022-11-06T13:15:00,20,Inbound,Follow-Up,Rescheduled,1,,,0,False
7908,246,10,2024-12-07T11:15:00,0,Outbound,Technical Deep Dive,No Show,1,,,0,False
7909,3536,3,2024-02-03T13:00:00,22,Outbound,Demo,Completed,3,0.37,141,19,True
7910,2334,9,2021-06-15T11:15:00,54,Outbound,Demo,Completed,4,0.57,120,15,False
7911,2171,6,2023-07-11T10:15:00,43,Inbound,Follow-Up,Completed,8,0.66,214,18,True
7912,3104,15,2024-12-04T17:45:00,45,Outbound,Check-In,Completed,6,0.43,176,14,False
7913,1608,1,2023-05-20T10:15:00,50,Outbound,Technical Deep Dive,Completed,4,0.59,55,6,False
7914,1986,13,2024-12-20T14:00:00,-36,Outbound,Check-In,Completed,2,0.63,231,6,False
7915,284,8,2023-05-29T15:00:00,38,Outbound,Technical Deep Dive,Completed,3,0.74,35,3,False
7916,4515,15,2024-12-15T13:45:00,54,Inbound,Technical Deep Dive,Completed,7,0.47,212,12,False
7917,4916,15,2024-10-26T11:00:00,36,Outbound,Demo,Rescheduled,1,,,0,False
7918,596,1,2023-08-21T12:00:00,27,Outbound,Follow-Up,Completed,3,0.36,62,22,False
7919,3655,3,2024-10-15T13:30:00,23,Outbound,QBR,Completed,8,1.06,43,15,True
7920,2097,4,2024-01-05T10:30:00,15,Outbound,Check-In,Completed,7,0.38,174,19,True
7921,972,5,2022-08-18T17:15:00,34,Inbound,QBR,Completed,6,0.66,100,8,False
7922,3404,11,2024-04-07T14:30:00,38,Inbound,Negotiation,Completed,4,0.61,98,5,False
7923,1197,8,2022-07-12T14:45:00,48,Inbound,Follow-Up,Completed,5,0.44,85,9,False
7924,4027,13,2024-04-18T15:00:00,,Outbound,Check-In,Completed,7,0.69,112,7,False
7925,2653,14,2024-12-31T15:30:00,28,Inbound,Demo,Completed,3,0.6,275,9,False
7926,3617,9,2020-12-27T10:15:00,0,Outbound,Check-In,No Show,1,,,0,False
7927,308,15,2030-06-15T10:00:00,,Outbound,Demo,Completed,3,0.65,235,6,False
7928,2483,16,2024-12-21T15:00:00,24,Inbound,Discovery,Completed,3,0.41,127,16,True
7929,3517,3,2022-06-04T14:30:00,41,Outbound,Follow-Up,Completed,4,0.31,104,12,True
7930,152,14,2024-01-19T08:15:00,52,Outbound,Negotiation,Completed,6,0.53,39,6,True
7931,4258,4,2022-12-24T17:45:00,53,Outbound,Technical Deep Dive,Completed,5,0.56,55,8,False
7932,4727,1,2023-07-18T13:15:00,2,Outbound,Negotiation,Voicemail,1,,,0,False
7933,4204,2,2024-05-23T15:45:00,1,Outbound,Check-In,Voicemail,1,,,0,False
7934,715,14,2024-10-18T15:30:00,57,Outbound,Technical Deep Dive,Completed,2,0.61,166,9,False
7935,2821,1,2023-03-25T13:30:00,35,Inbound,QBR,Completed,7,0.56,103,10,False
7936,2273,4,2024-08-02T15:15:00,0,Inbound,Discovery,No Show,1,,,0,False
7937,4805,1,2024-05-31T10:00:00,18,Outbound,Negotiation,Completed,7,0.46,243,2,False
7938,2070,1,2024-01-01T09:15:00,51,Inbound,Negotiation,Completed,8,0.6,110,22,False
7939,4784,13,2022-10-26T08:15:00,30,Outbound,Follow-Up,Completed,2,0.62,173,6,True
7940,2711,16,2030-06-15T10:00:00,43,Outbound,QBR,Completed,3,0.68,132,13,True
7941,503,2,2024-01-01T09:30:00,40,Inbound,Negotiation,Completed,3,0.49,154,13,True
7942,81,9,2023-04-13T15:15:00,2,Inbound,Negotiation,Voicemail,1,,,0,False
7943,1825,10,2024-07-28T10:30:00,2,Inbound,QBR,Voicemail,1,,,0,False
7944,433,5,2024-10-30T12:45:00,39,Inbound,Negotiation,Rescheduled,1,,,0,False
7945,2107,6,2024-01-18T13:00:00,22,Outbound,Check-In,Completed,8,0.69,158,6,True
7946,1217,7,2023-05-15T10:00:00,29,Outbound,Negotiation,Completed,2,0.66,150,13,False
7947,4658,8,2022-08-11T11:45:00,52,Outbound,QBR,Completed,8,0.54,35,8,False
7948,3404,11,2024-01-02T15:15:00,58,Outbound,Technical Deep Dive,Completed,5,0.56,240,1,True
7949,3329,15,2024-06-21T13:30:00,18,Inbound,Follow-Up,Rescheduled,1,,,0,False
7950,3267,2,2024-05-07T12:45:00,3,Outbound,Demo,Voicemail,1,,,0,False
7951,3486,13,2024-10-28T10:45:00,50,Outbound,Follow-Up,Rescheduled,1,,,0,False
7952,558,8,2024-10-13T12:30:00,23,Inbound,Follow-Up,Completed,3,0.67,205,9,False
7953,1370,8,2024-12-05T11:30:00,0,Outbound,Technical Deep Dive,No Show,1,,,0,False
7954,2304,11,2024-01-02T13:30:00,54,Inbound,Check-In,Completed,6,0.68,154,12,False
7955,1897,11,2024-05-23T09:30:00,38,Inbound,Negotiation,Completed,6,0.69,33,9,False
7956,1063,10,2023-04-15T11:00:00,37,Outbound,Demo,Rescheduled,1,,,0,False
7957,2486,6,2021-12-29T15:00:00,16,Outbound,QBR,Rescheduled,1,,,0,False
7958,788,12,2022-11-12T16:15:00,48,Outbound,Negotiation,Completed,8,0.44,162,14,False
7959,389,5,2024-12-11T15:15:00,60,Outbound,QBR,Completed,7,0.48,42,8,True
7960,4638,12,2024-12-31T09:30:00,51,Inbound,Demo,Completed,2,0.85,176,10,False
7961,4224,3,2024-08-21T13:30:00,3,Outbound,Demo,Voicemail,1,,,0,False
7962,4284,3,2022-04-30T09:30:00,0,Outbound,Follow-Up,No Show,1,,,0,False
7963,3275,13,2024-12-09T10:15:00,49,Inbound,Discovery,Completed,6,0.77,74,9,False
7964,4961,1,2024-01-28T13:45:00,17,Outbound,Follow-Up,Completed,3,0.58,93,6,True
7965,2980,6,2023-06-18T14:00:00,60,Outbound,Demo,Completed,8,0.67,225,17,True
7966,4334,7,2023-05-05T09:15:00,41,Inbound,Demo,Completed,8,0.62,201,5,False
7967,4463,1,2024-03-12T13:00:00,0,Outbound,Technical Deep Dive,No Show,1,,,0,False
7968,2719,4,2022-03-10T09:30:00,16,Outbound,Follow-Up,Completed,3,0.64,245,4,False
7969,3797,10,2030-06-15T10:00:00,33,Outbound,QBR,Completed,8,0.45,178,4,False
7970,1687,14,2024-12-05T10:45:00,38,Outbound,Check-In,Completed,6,0.47,90,11,True
7971,4889,16,2024-12-11T10:45:00,52,Outbound,Discovery,Completed,7,0.51,233,14,False
7972,4396,12,2021-07-03T12:15:00,47,Outbound,Technical Deep Dive,Completed,2,0.61,38,11,False
7973,3245,12,2020-08-05T14:00:00,0,Outbound,QBR,No Show,1,,,0,False
7974,456,10,2024-09-01T09:45:00,33,Outbound,Check-In,Completed,8,0.66,77,17,False
7975,1301,12,2024-11-20T10:45:00,43,Outbound,Follow-Up,Completed,8,0.62,206,15,True
7976,4911,13,2024-12-28T10:45:00,41,Inbound,QBR,Rescheduled,1,,,0,False
7977,3852,10,2024-12-29T12:00:00,55,Outbound,Technical Deep Dive,Completed,3,0.61,159,6,False
7978,3638,7,2024-12-22T12:30:00,,Inbound,Negotiation,Completed,7,0.39,50,20,True
7979,2757,14,2024-09-30T13:15:00,39,Outbound,Check-In,Completed,3,0.92,82,7,False
7980,2113,16,2024-12-12T16:00:00,26,Outbound,QBR,Completed,8,0.66,61,14,True
7981,3791,1,2024-09-28T13:00:00,,Outbound,Negotiation,Completed,2,0.64,80,22,True
7982,2079,4,2024-04-21T14:45:00,3,Outbound,Negotiation,Voicemail,1,,,0,False
7983,3528,4,2022-08-21T11:45:00,26,Inbound,Negotiation,Completed,8,0.66,118,15,False
7984,821,14,2022-08-04T15:00:00,37,Outbound,Negotiation,Completed,6,0.48,146,14,True
7985,2101,8,2023-04-25T11:00:00,27,Outbound,Check-In,Completed,4,0.54,30,12,True
7986,1623,8,2024-12-20T09:30:00,55,Outbound,Demo,Completed,4,0.43,226,16,False
7987,971,10,2024-12-21T12:15:00,0,Outbound,Demo,No Show,1,,,0,False
7988,2768,16,2024-12-22T09:15:00,28,Outbound,Negotiation,Completed,6,0.71,207,11,False
7989,2300,4,2023-12-16T11:45:00,0,Inbound,Technical Deep Dive,No Show,1,,,0,False
7990,808,3,2024-01-28T13:00:00,0,Inbound,Negotiation,No Show,1,,,0,False
7991,4644,6,2023-03-04T11:45:00,50,Outbound,QBR,Completed,3,0.48,168,4,False
7992,4758,15,2024-07-29T15:00:00,59,Outbound,Discovery,Completed,2,0.58,139,3,False
7993,4214,5,2024-10-31T14:00:00,29,Inbound,Discovery,Completed,7,0.54,216,19,True
7994,2566,14,2023-03-20T15:45:00,36,Inbound,Follow-Up,Rescheduled,1,,,0,False
7995,4561,8,2024-12-02T12:15:00,49,Outbound,Discovery,Completed,2,1.13,151,19,False
7996,3552,15,2024-11-08T12:30:00,55,Outbound,Check-In,Completed,7,0.65,38,14,True
7997,2614,8,2024-12-12T10:00:00,46,Outbound,Check-In,Completed,4,0.69,199,6,True
7998,1407,15,2024-12-12T15:15:00,0,Outbound,QBR,No Show,1,,,0,False
7999,1386,5,2022-11-03T12:45:00,48,Inbound,Follow-Up,Completed,5,0.55,198,7,True
8000,1104,12,2024-09-22T15:00:00,36,Inbound,QBR,Completed,2,0.38,124,12,False
8001,4306,4,2024-03-26T11:30:00,45,Outbound,Technical Deep Dive,Rescheduled,1,,,0,False
8002,1556,8,2023-11-24T10:15:00,29,Outbound,Negotiation,Completed,2,0.6,129,10,False
8003,1926,10,2024-03-07T09:45:00,38,Outbound,Negotiation,Completed,8,0.67,262,11,False
8004,2154,11,2024-02-27T09:00:00,3,Outbound,QBR,Voicemail,1,,,0,False
8005,834,5,2024-12-30T10:15:00,37,Outbound,Technical Deep Dive,Completed,8,0.46,140,8,True
8006,3088,1,2021-10-16T11:15:00,34,Outbound,Negotiation,Rescheduled,1,,,0,False
8007,2827,10,2022-04-15T14:15:00,0,Outbound,Technical Deep Dive,No Show,1,,,0,False
8008,1826,7,2024-11-10T14:00:00,18,Inbound,Negotiation,Completed,8,0.55,163,12,False
8009,877,15,2024-12-10T11:00:00,0,Inbound,Negotiation,No Show,1,,,0,False
8010,2100,8,2022-10-14T12:15:00,25,Outbound,Check-In,Completed,4,0.53,127,6,True
8011,1807,8,2024-08-22T16:45:00,0,Outbound,Negotiation,No Show,1,,,0,False
8012,4123,6,2024-12-24T10:30:00,0,Outbound,Demo,No Show,1,,,0,False
8013,2717,1,2022-06-01T16:45:00,22,Inbound,Follow-Up,Completed,3,0.64,145,7,False
8014,3140,13,2023-11-05T14:15:00,0,Outbound,Demo,No Show,1,,,0,False
8015,1708,7,2022-10-22T09:45:00,57,Inbound,Follow-Up,Completed,2,0.57,165,14,True
8016,370,7,2023-10-08T12:30:00,41,Outbound,QBR,Completed,8,0.38,117,11,True
8017,1278,2,2024-12-02T12:15:00,52,Inbound,Demo,Completed,2,0.3,69,21,True
8018,1257,10,2023-04-14T15:00:00,36,Inbound,Demo,Completed,6,0.51,149,14,True
8019,7,6,2021-12-01T12:30:00,3,Outbound,Technical Deep Dive,Voicemail,1,,,0,False
8020,1977,6,2023-12-22T13:00:00,57,Inbound,QBR,Completed,8,0.65,104,7,False
8021,1789,3,2024-11-06T09:00:00,39,Outbound,Check-In,Completed,4,0.53,199,20,True
8022,998,14,2024-12-14T12:00:00,1,Inbound,Follow-Up,Voicemail,1,,,0,False
8023,2962,4,2024-09-14T17:30:00,0,Outbound,Follow-Up,No Show,1,,,0,False
8024,1973,3,2023-10-04T12:45:00,33,Outbound,Follow-Up,Completed,3,0.65,211,21,True
8025,2984,11,2024-09-01T13:45:00,1,Outbound,Discovery,Voicemail,1,,,0,False
8026,4814,11,2024-10-19T13:15:00,55,Inbound,Demo,Completed,2,0.7,69,13,False
8027,4687,10,2024-08-16T08:45:00,54,Outbound,Negotiation,Rescheduled,1,,,0,False
8028,4098,12,2023-12-16T11:30:00,46,Outbound,Technical Deep Dive,Completed,4,0.54,233,16,True
8029,2050,4,2022-11-26T16:45:00,0,Inbound,QBR,No Show,1,,,0,False
8030,1270,10,2030-06-15T10:00:00,23,Outbound,Discovery,Completed,8,0.44,211,12,True
8031,2310,4,2023-12-03T14:45:00,25,Inbound,QBR,Completed,2,0.66,103,17,False
8032,353,4,2024-12-08T10:00:00,24,Outbound,Follow-Up,Completed,3,0.72,78,14,True
8033,2264,16,2024-09-07T12:00:00,49,Outbound,Technical Deep Dive,Completed,2,0.64,42,10,True
8034,3525,11,2024-03-07T15:00:00,0,Outbound,Check-In,No Show,1,,,0,False
8035,3751,12,2024-12-10T16:45:00,21,Outbound,Demo,Completed,8,0.68,154,13,False
8036,364,16,2024-12-30T16:30:00,56,Outbound,Technical Deep Dive,Completed,6,0.54,147,8,True
8037,3174,11,2022-12-14T14:15:00,0,Outbound,Technical Deep Dive,No Show,1,,,0,False
8038,4572,1,2024-10-29T15:45:00,1,Outbound,QBR,Voicemail,1,,,0,False
8039,4055,3,2024-03-29T10:15:00,21,Inbound,Negotiation,Completed,8,0.35,68,22,True
8040,1090,16,2021-06-24T15:00:00,56,Outbound,Follow-Up,Rescheduled,1,,,0,False
8041,4208,14,2024-12-26T15:15:00,16,Inbound,Demo,Completed,5,0.43,44,4,False
8042,3324,2,2024-07-17T12:00:00,1,Outbound,Check-In,Voicemail,1,,,0,False
8043,4259,14,2024-12-05T11:15:00,44,Outbound,Technical Deep Dive,Completed,6,0.63,168,4,False
8044,663,5,2024-07-10T12:15:00,0,Outbound,Discovery,No Show,1,,,0,False
8045,2547,12,2024-09-10T14:45:00,15,Outbound,Demo,Completed,5,0.4,39,14,True
8046,3241,8,2023-11-04T10:15:00,49,Outbound,Negotiation,Rescheduled,1,,,0,False
8047,3072,14,2024-05-11T14:15:00,48,Inbound,Negotiation,Completed,4,0.56,184,8,False
8048,3561,15,2024-10-10T12:45:00,50,Inbound,Discovery,Completed,6,0.64,70,4,True
8049,2758,14,2023-04-12T12:15:00,55,Outbound,Demo,Completed,2,0.49,169,4,False
8050,3907,16,2024-11-10T13:15:00,51,Outbound,QBR,Completed,5,0.72,184,6,False
8051,1080,1,2024-09-20T09:15:00,29,Outbound,Check-In,Completed,5,0.52,216,15,True
8052,1316,13,2024-01-27T16:15:00,56,Outbound,Follow-Up,Completed,2,0.56,70,4,True
8053,601,9,2024-12-17T15:00:00,15,Inbound,Technical Deep Dive,Completed,5,0.55,148,17,False
8054,4017,10,2024-12-16T12:15:00,36,Inbound,Follow-Up,Completed,7,0.54,59,12,False
8055,3473,12,2024-12-18T11:00:00,25,Outbound,QBR,Completed,6,0.85,211,9,False
8056,4189,9,2024-05-04T15:45:00,45,Outbound,Discovery,Completed,2,0.61,205,11,True
8057,765,3,2023-06-25T12:45:00,0,Outbound,Discovery,No Show,1,,,0,False
8058,20,6,2024-04-19T16:30:00,32,Inbound,Demo,Completed,7,0.59,43,16,False
8059,4889,16,2024-12-31T11:00:00,20,Inbound,Technical Deep Dive,Completed,8,0.59,41,12,False
8060,3068,14,2024-08-29T11:45:00,22,Inbound,QBR,Completed,5,0.49,80,9,True
8061,427,4,2024-12-08T13:45:00,49,Outbound,Discovery,Completed,6,0.49,64,17,True
8062,3667,12,2024-07-25T16:45:00,31,Inbound,Demo,Completed,4,0.72,219,18,True
8063,514,3,2023-07-13T10:15:00,29,Inbound,QBR,Completed,7,0.63,171,20,True
8064,2938,12,2024-07-21T11:00:00,-16,Inbound,Technical Deep Dive,Completed,4,0.55,60,5,False
8065,2114,16,2024-12-20T13:30:00,20,Inbound,QBR,Completed,2,0.7,100,6,False
8066,4171,4,2024-05-14T11:00:00,50,Outbound,Discovery,Rescheduled,1,,,0,False
8067,65,3,2023-12-20T14:30:00,49,Inbound,Discovery,Completed,7,0.61,71,16,True
8068,3103,1,2021-12-29T11:45:00,52,Outbound,Discovery,Rescheduled,1,,,0,False
8069,398,13,2024-05-18T15:45:00,35,Inbound,Technical Deep Dive,Completed,3,0.62,55,13,False
8070,2722,3,2024-12-06T15:45:00,59,Outbound,Technical Deep Dive,Rescheduled,1,,,0,False
8071,713,2,2024-09-07T14:00:00,18,Outbound,Demo,Completed,3,0.39,100,12,True
8072,2140,16,2024-12-04T11:45:00,24,Inbound,Demo,Rescheduled,1,,,0,False
8073,3796,3,2024-07-20T09:45:00,0,Inbound,Follow-Up,No Show,1,,,0,False
8074,3898,15,2024-12-16T16:30:00,47,Inbound,Negotiation,Completed,6,0.66,145,7,False
8075,78,2,2024-09-20T12:45:00,38,Inbound,Discovery,Completed,8,0.48,163,26,True
8076,404,9,2024-12-18T16:30:00,19,Inbound,QBR,Completed,2,0.63,124,14,False
8077,136,5,2024-12-12T12:15:00,41,Outbound,Follow-Up,Completed,7,0.66,197,6,True
8078,2171,6,2023-08-27T14:30:00,45,Outbound,QBR,Completed,8,0.48,129,19,True
8079,3641,9,2024-12-03T08:15:00,40,Outbound,Check-In,Completed,4,0.38,123,5,True
8080,3687,11,2024-08-23T15:30:00,60,Outbound,Check-In,Completed,7,0.5,221,13,False
8081,525,16,2024-11-15T10:30:00,58,Inbound,QBR,Completed,8,0.56,141,7,True
8082,2507,1,2022-05-30T13:00:00,36,Outbound,QBR,Rescheduled,1,,,0,False
8083,1288,7,2024-12-24T10:00:00,52,Outbound,QBR,Completed,3,0.79,141,3,False
8084,3991,10,2021-05-10T09:00:00,-37,Outbound,Check-In,Completed,4,0.38,223,17,False
8085,3992,7,2024-09-17T11:00:00,32,Outbound,Discovery,Completed,4,0.58,180,7,False
8086,409,14,2024-12-08T10:45:00,24,Inbound,Demo,Completed,5,0.48,59,12,True
8087,1606,12,2024-11-12T11:45:00,27,Inbound,Technical Deep Dive,Completed,4,0.54,201,16,True
8088,4670,4,2023-09-28T13:45:00,38,Outbound,QBR,Completed,8,0.55,201,5,True
8089,420,13,2023-10-31T11:00:00,21,Outbound,Technical Deep Dive,Completed,4,0.56,42,7,True
8090,4386,2,2024-10-19T13:45:00,59,Outbound,Discovery,Completed,6,0.78,247,12,False
8091,4772,8,2024-07-24T14:15:00,50,Outbound,Technical Deep Dive,Completed,5,0.69,74,13,True
8092,3639,7,2022-11-29T16:15:00,28,Outbound,Negotiation,Completed,2,0.46,143,6,False
8093,1320,2,2023-12-13T17:45:00,33,Inbound,Negotiation,Completed,6,1.16,131,14,True
8094,3541,6,2020-09-22T10:30:00,45,Inbound,QBR,Completed,4,0.39,103,7,False
8095,3714,3,2024-12-25T13:00:00,37,Outbound,Discovery,Completed,3,0.67,46,3,True
8096,786,8,2030-06-15T10:00:00,24,Outbound,QBR,Rescheduled,1,,,0,False
8097,318,15,2024-12-09T10:15:00,17,Inbound,Technical Deep Dive,Completed,3,0.41,86,13,True
8098,1237,7,2024-05-02T16:15:00,51,Outbound,QBR,Completed,2,0.61,46,14,True
8099,3952,1,2021-10-10T15:30:00,15,Outbound,Follow-Up,Completed,5,0.48,199,15,False
8100,1959,1,2024-11-26T13:15:00,0,Inbound,Demo,No Show,1,,,0,False
8101,3697,2,2024-12-27T11:00:00,3,Outbound,Follow-Up,Voicemail,1,,,0,False
8102,2702,14,2023-12-13T09:15:00,52,Inbound,Follow-Up,Rescheduled,1,,,0,False
8103,733,16,2024-04-13T13:00:00,42,Inbound,Demo,Completed,6,0.57,130,12,False
8104,2065,15,2024-12-12T16:15:00,-3,Outbound,QBR,Voicemail,1,,,0,False
8105,1747,4,2024-10-02T14:45:00,0,Outbound,Follow-Up,No Show,1,,,0,False
8106,1655,4,2022-04-18T11:00:00,,Outbound,Negotiation,No Show,1,,,0,False
8107,1945,5,2024-08-15T14:30:00,35,Outbound,Demo,Completed,8,0.39,154,15,False
8108,3571,14,2024-09-12T10:45:00,58,Outbound,Demo,Rescheduled,1,,,0,False
8109,4516,3,2024-08-07T13:00:00,38,Outbound,Demo,Completed,7,0.49,169,9,True
8110,4271,6,2023-05-01T11:45:00,50,Outbound,Negotiation,Completed,7,0.57,116,9,False
8111,376,6,2024-07-30T15:15:00,21,Outbound,Demo,Rescheduled,1,,,0,False
8112,194,16,2024-12-08T10:00:00,42,Inbound,Follow-Up,Completed,2,0.53,170,12,False
8113,4382,8,2022-03-17T12:00:00,60,Inbound,Demo,Completed,6,0.52,90,5,False
8114,3981,12,2024-03-22T14:00:00,,Outbound,Check-In,Voicemail,1,,,0,False
8115,2759,7,2023-09-04T14:30:00,60,Outbound,QBR,Completed,2,0.68,220,13,True
8116,1358,10,2022-02-28T14:45:00,-51,Inbound,QBR,Completed,4,0.68,102,10,False
8117,4586,9,2024-11-08T13:15:00,21,Outbound,Follow-Up,Completed,3,0.7,240,12,True
8118,4801,15,2024-12-20T10:30:00,50,Outbound,Discovery,Rescheduled,1,,,0,False
8119,2216,4,2024-08-24T12:15:00,23,Inbound,Demo,Completed,7,0.66,107,13,False
8120,178,9,2023-09-09T12:00:00,47,Outbound,Discovery,Completed,5,0.61,226,13,False
8121,1617,4,2024-12-27T11:30:00,0,Outbound,Check-In,No Show,1,,,0,False
8122,4004,15,2030-06-15T10:00:00,20,Inbound,Demo,Rescheduled,1,,,0,False
8123,4963,16,2024-12-14T16:00:00,0,Outbound,Technical Deep Dive,No Show,1,,,0,False
8124,400,14,2024-12-31T10:00:00,57,Inbound,Discovery,Completed,3,0.49,164,16,False
8125,4573,8,2024-06-17T13:30:00,24,Outbound,Negotiation,Rescheduled,1,,,0,False
8126,3519,11,2024-12-21T11:00:00,43,Outbound,Negotiation,Completed,2,0.54,221,17,False
8127,2357,4,2024-01-19T13:30:00,58,Outbound,Follow-Up,Completed,2,0.53,41,11,False
8128,4027,13,2024-04-28T10:45:00,39,Outbound,Demo,Completed,4,0.65,278,7,False
8129,449,13,2022-09-09T14:15:00,33,Outbound,Follow-Up,Completed,6,0.71,206,11,False
8130,4306,4,2024-05-26T15:45:00,2,Outbound,Demo,Voicemail,1,,,0,False
8131,1469,16,2024-12-17T10:30:00,18,Outbound,Technical Deep Dive,Completed,8,0.57,44,14,True
8132,2772,6,2024-02-14T10:00:00,51,Outbound,Technical Deep Dive,Completed,7,0.63,201,17,False
8133,3723,10,2024-12-18T08:15:00,17,Outbound,Discovery,Completed,7,0.58,131,9,False
8134,1380,11,2024-12-09T15:45:00,22,Inbound,Check-In,Completed,5,0.72,38,13,True
8135,3678,11,2024-04-23T08:00:00,35,Inbound,Technical Deep Dive,Completed,2,1.43,94,9,False
8136,1346,7,2024-12-10T11:45:00,-39,Outbound,Technical Deep Dive,Completed,8,0.5,226,17,True
8137,2924,8,2024-10-06T11:45:00,,Inbound,Follow-Up,Completed,5,0.54,189,14,True
8138,3034,1,2023-05-26T10:30:00,35,Outbound,Discovery,Completed,3,0.53,195,2,False
8139,4171,4,2024-04-29T14:15:00,46,Outbound,Technical Deep Dive,Completed,4,0.68,190,8,True
8140,2377,2,2023-09-12T12:15:00,49,Outbound,Check-In,Completed,8,0.47,70,30,False
8141,2572,12,2023-09-22T15:00:00,30,Outbound,Discovery,Completed,2,0.4,37,8,False
8142,141,13,2020-06-26T10:00:00,59,Outbound,Discovery,Rescheduled,1,,,0,False
8143,3328,16,2024-12-21T12:15:00,21,Inbound,Follow-Up,Completed,8,0.49,158,4,True
8144,912,16,2024-09-14T10:15:00,15,Inbound,Discovery,Completed,6,0.81,240,2,True
8145,4048,3,2024-01-17T13:30:00,44,Outbound,Technical Deep Dive,Completed,5,0.65,107,21,True
8146,3528,4,2022-06-22T15:15:00,30,Inbound,Negotiation,Completed,2,1.44,209,19,True
8147,2595,9,2024-02-02T15:30:00,1,Outbound,Demo,Voicemail,1,,,0,False
8148,3002,11,2024-12-18T16:30:00,23,Outbound,QBR,Completed,8,0.55,174,13,False
8149,4160,1,2024-12-19T11:45:00,31,Outbound,Check-In,Completed,5,0.51,158,15,True
8150,3369,7,2024-12-25T16:30:00,52,Outbound,Negotiation,Completed,6,0.57,61,18,False
8151,3270,9,2024-12-19T16:15:00,48,Inbound,Discovery,Rescheduled,1,,,0,False
8152,4489,10,2024-08-15T12:45:00,42,Inbound,Technical Deep Dive,Completed,7,0.66,166,8,True
8153,4729,5,2024-01-08T13:30:00,46,Inbound,Demo,Completed,3,0.4,84,19,False
8154,893,1,2022-01-24T14:00:00,34,Outbound,QBR,Rescheduled,1,,,0,False
8155,3027,4,2024-12-04T16:45:00,31,Outbound,QBR,Rescheduled,1,,,0,False
8156,4077,3,2023-05-12T13:15:00,0,Outbound,Negotiation,No Show,1,,,0,False
8157,1234,11,2024-12-09T12:30:00,58,Outbound,Technical Deep Dive,Completed,2,0.59,207,16,True
8158,3590,16,2022-11-01T11:15:00,46,Outbound,Technical Deep Dive,Completed,8,0.56,291,4,True
8159,275,4,2023-10-08T11:15:00,0,Outbound,Negotiation,No Show,1,,,0,False
8160,4595,6,2030-06-15T10:00:00,59,Outbound,QBR,Completed,3,0.7,41,11,True
8161,2676,2,2022-08-18T10:45:00,16,Outbound,Check-In,Completed,5,0.47,168,18,True
8162,1244,5,2022-05-15T13:30:00,23,Inbound,Demo,Completed,5,0.69,57,18,False
8163,2903,13,2024-09-17T11:15:00,0,Outbound,Discovery,No Show,1,,,0,False
8164,4615,9,2024-02-02T08:30:00,27,Outbound,Demo,Completed,6,0.52,234,5,True
8165,2712,7,2024-12-03T17:15:00,38,Inbound,QBR,Completed,6,0.36,32,17,False
8166,114,6,2022-02-10T11:15:00,44,Inbound,Negotiation,Completed,5,0.43,176,9,False
8167,3956,1,2024-02-10T14:45:00,35,Inbound,QBR,Rescheduled,1,,,0,False
8168,2227,11,2024-12-21T10:15:00,31,Outbound,Technical Deep Dive,Completed,3,0.49,228,8,True
8169,3277,13,2023-11-07T10:30:00,-42,Inbound,Technical Deep Dive,Rescheduled,1,,,0,False
8170,4657,5,2024-04-16T13:45:00,0,Outbound,Technical Deep Dive,No Show,1,,,0,False
8171,1351,13,2024-12-05T11:45:00,0,Outbound,Discovery,No Show,1,,,0,False
8172,1843,2,2022-07-21T11:00:00,44,Outbound,QBR,Completed,2,0.48,174,24,False
8173,3159,8,2024-12-17T13:45:00,56,Inbound,Follow-Up,Completed,4,0.59,89,4,False
8174,3803,15,2024-12-19T16:30:00,56,Outbound,QBR,Completed,2,0.7,64,4,False
8175,2504,3,2022-08-21T15:15:00,0,Outbound,Check-In,No Show,1,,,0,False
8176,1419,1,2024-11-17T11:00:00,15,Inbound,Negotiation,Completed,4,0.47,121,24,False
8177,2122,9,2023-08-06T15:30:00,38,Inbound,Follow-Up,Rescheduled,1,,,0,False
8178,2178,16,2024-12-25T15:30:00,49,Outbound,Negotiation,Completed,3,1.37,232,1,False
8179,247,4,2024-07-09T11:45:00,2,Outbound,Negotiation,Voicemail,1,,,0,False
8180,908,4,2024-03-21T11:15:00,3,Outbound,Demo,Voicemail,1,,,0,False
8181,4912,11,2022-09-10T13:00:00,49,Outbound,Follow-Up,Completed,6,0.36,75,17,True
8182,4049,5,2024-12-28T09:45:00,54,Inbound,QBR,Completed,5,0.55,58,12,True
8183,4168,7,2023-11-30T13:30:00,15,Outbound,Discovery,Completed,2,0.57,208,13,True
8184,3455,11,2024-08-14T14:45:00,46,Outbound,Negotiation,Completed,4,0.86,223,9,True
8185,4752,11,2023-12-02T13:45:00,45,Outbound,Follow-Up,Completed,2,0.68,153,16,True
8186,3279,8,2024-02-28T09:00:00,0,Outbound,Demo,No Show,1,,,0,False
8187,3683,8,2024-10-01T14:15:00,18,Inbound,Technical Deep Dive,Completed,6,0.35,179,18,True
8188,4398,9,2022-12-01T15:15:00,19,Inbound,Negotiation,Completed,4,0.7,166,6,True
8189,623,16,2024-12-30T15:30:00,28,Outbound,Technical Deep Dive,Completed,7,0.64,46,3,False
8190,3488,6,2024-10-10T14:45:00,18,Outbound,Follow-Up,Completed,5,0.55,102,6,True
8191,3636,14,2024-01-30T09:30:00,53,Outbound,Check-In,Completed,7,0.6,235,9,True
8192,2235,9,2024-05-27T14:45:00,44,Outbound,QBR,Rescheduled,1,,,0,False
8193,2314,5,2024-07-09T14:45:00,37,Outbound,QBR,Completed,8,0.5,91,19,False
8194,4932,16,2024-12-28T15:15:00,53,Outbound,Negotiation,Completed,2,0.75,293,4,False
8195,2325,3,2023-08-03T14:00:00,0,Inbound,QBR,No Show,1,,,0,False
8196,2918,15,2024-11-26T16:15:00,0,Outbound,Technical Deep Dive,No Show,1,,,0,False
8197,3248,16,2024-05-24T10:30:00,29,Outbound,Technical Deep Dive,Rescheduled,1,,,0,False
8198,2274,14,2024-12-19T14:45:00,33,Outbound,Check-In,Completed,3,0.62,183,9,True
8199,1915,11,2024-12-25T13:45:00,41,Outbound,Negotiation,Rescheduled,1,,,0,False
8200,672,5,2024-11-15T16:00:00,35,Inbound,Follow-Up,Rescheduled,1,,,0,False
8201,1471,10,2024-11-24T09:00:00,24,Outbound,Negotiation,Completed,6,1.33,90,4,False
8202,2233,8,2024-10-16T15:15:00,18,Outbound,Technical Deep Dive,Completed,5,0.49,217,17,True
8203,251,11,2030-06-15T10:00:00,32,Inbound,Follow-Up,Completed,5,0.6,155,2,False
8204,3711,1,2024-07-25T12:30:00,49,Outbound,Demo,Completed,4,0.57,287,15,False
8205,1884,14,2024-11-28T10:30:00,29,Outbound,QBR,Completed,7,0.58,42,10,True
8206,4371,6,2023-01-04T10:30:00,0,Outbound,Discovery,No Show,1,,,0,False
8207,747,15,2024-12-17T10:30:00,0,Outbound,Technical Deep Dive,No Show,1,,,0,False
8208,4639,9,2023-10-08T14:15:00,22,Outbound,Demo,Completed,5,0.55,242,10,True
8209,3159,8,2024-12-14T10:00:00,54,Inbound,Check-In,Completed,7,0.71,219,14,False
8210,4748,4,2023-08-18T14:00:00,28,Inbound,Demo,Completed,3,0.68,225,5,False
8211,575,1,2023-03-13T10:30:00,33,Outbound,Negotiation,Completed,6,0.42,211,6,True
8212,3665,3,2024-07-25T15:45:00,0,Outbound,Technical Deep Dive,No Show,1,,,0,False
8213,2992,3,2024-11-12T13:30:00,15,Inbound,Technical Deep Dive,Completed,5,0.34,149,13,False
8214,1306,6,2023-06-21T17:00:00,29,Outbound,Demo,Rescheduled,1,,,0,False
8215,3009,1,2030-06-15T10:00:00,37,Outbound,Follow-Up,Completed,3,0.61,203,16,False
8216,2343,8,2024-12-20T16:00:00,2,Inbound,Demo,Voicemail,1,,,0,False
8217,4830,13,2024-12-27T14:00:00,55,Outbound,Check-In,Completed,7,0.87,194,2,False
8218,205,10,2024-12-09T16:45:00,0,Outbound,Demo,No Show,1,,,0,False
8219,2082,13,2024-11-10T09:15:00,24,Inbound,Negotiation,Completed,4,0.52,77,4,True
8220,320,1,2024-12-10T13:00:00,57,Outbound,Negotiation,Completed,4,0.55,68,10,False
8221,4381,15,2024-12-17T10:15:00,29,Outbound,Discovery,Completed,8,0.69,181,12,True
8222,2137,5,2023-08-20T09:15:00,20,Inbound,Demo,Completed,3,0.5,161,7,False
8223,2702,14,2023-12-12T16:00:00,23,Inbound,Technical Deep Dive,Completed,8,0.61,211,12,False
8224,4488,16,2024-07-07T12:45:00,17,Inbound,Follow-Up,Completed,4,0.68,75,11,True
8225,310,8,2024-03-13T10:30:00,41,Outbound,Check-In,Completed,6,0.38,215,19,False
8226,2844,11,2024-08-18T16:45:00,20,Outbound,Follow-Up,Completed,4,0.39,185,12,True
8227,273,13,2024-08-08T15:15:00,35,Outbound,Technical Deep Dive,Completed,7,0.53,174,9,False
8228,2977,3,2024-12-10T09:45:00,52,Outbound,Technical Deep Dive,Completed,5,0.55,45,15,False
8229,1309,6,2021-03-21T10:45:00,33,Outbound,Demo,Completed,2,0.44,114,12,True
8230,560,9,2022-11-27T13:45:00,20,Outbound,Follow-Up,Completed,6,0.56,67,11,True
8231,3899,15,2024-07-24T13:45:00,43,Outbound,Check-In,Completed,8,0.76,210,8,False
8232,3908,13,2024-09-10T11:45:00,34,Inbound,Follow-Up,Completed,7,0.68,227,3,False
8233,4166,14,2024-08-15T08:15:00,21,Outbound,Discovery,Completed,5,0.61,83,11,False
8234,569,1,2023-02-01T14:00:00,1,Outbound,QBR,Voicemail,1,,,0,False
8235,1536,5,2024-01-13T11:30:00,17,Outbound,Discovery,Completed,7,0.74,94,6,False
8236,460,2,2023-04-19T13:15:00,19,Outbound,Discovery,Completed,6,0.49,170,10,True
8237,4133,1,2022-02-02T11:00:00,19,Inbound,Discovery,Completed,4,0.45,232,21,False
8238,3256,10,2024-09-17T14:15:00,56,Outbound,QBR,Completed,2,0.49,115,8,True
8239,1928,7,2024-11-03T13:00:00,0,Inbound,Technical Deep Dive,No Show,1,,,0,False
8240,3712,5,2022-11-20T14:15:00,0,Outbound,Negotiation,No Show,1,,,0,False
8241,4580,12,2023-06-16T12:00:00,21,Outbound,Technical Deep Dive,Completed,3,0.64,221,10,True
8242,2800,8,2024-12-05T11:45:00,44,Outbound,Follow-Up,Completed,6,0.35,48,9,True
8243,3853,4,2023-04-10T11:30:00,29,Outbound,Follow-Up,Completed,3,0.65,151,9,False
8244,244,13,2023-08-16T15:00:00,60,Outbound,Check-In,Completed,6,0.78,157,3,False
8245,4590,14,2022-08-13T12:30:00,58,Inbound,Discovery,Completed,4,0.48,121,4,False
8246,751,12,2024-08-02T14:45:00,56,Outbound,QBR,Completed,3,0.46,156,13,True
8247,3972,7,2023-09-25T12:15:00,16,Outbound,QBR,Completed,4,0.44,39,13,True
8248,4009,12,2023-10-15T10:30:00,55,Outbound,Negotiation,Completed,5,0.66,80,12,False
8249,3385,8,2021-08-01T14:30:00,56,Outbound,Technical Deep Dive,Completed,4,0.78,255,4,False
8250,2995,13,2024-12-12T08:00:00,18,Outbound,Demo,Completed,5,0.55,163,4,False
8251,3455,11,2024-09-07T15:45:00,37,Outbound,Technical Deep Dive,Completed,5,0.67,222,6,True
8252,3883,16,2024-12-18T15:15:00,35,Outbound,Discovery,Completed,2,0.66,148,8,False
8253,1545,5,2022-04-04T15:30:00,1,Outbound,Demo,Voicemail,1,,,0,False
8254,1090,16,2030-06-15T10:00:00,45,Inbound,Follow-Up,Rescheduled,1,,,0,False
8255,601,9,2024-12-19T10:15:00,28,Inbound,Check-In,Completed,4,0.6,203,13,True
8256,785,5,2024-12-08T11:15:00,,Outbound,Technical Deep Dive,Completed,5,0.62,226,5,False
8257,2473,2,2024-12-29T15:15:00,58,Inbound,Discovery,Completed,3,0.42,40,16,True
8258,3768,4,2024-12-23T13:00:00,,Outbound,Demo,Completed,8,0.55,198,6,False
8259,2134,15,2024-12-10T14:45:00,0,Outbound,QBR,No Show,1,,,0,False
8260,3095,7,2023-06-28T12:30:00,28,Inbound,Discovery,Completed,6,0.44,73,13,True
8261,3918,7,2023-04-10T11:00:00,56,Outbound,Check-In,Rescheduled,1,,,0,False
8262,3426,7,2024-02-02T11:30:00,27,Outbound,Check-In,Rescheduled,1,,,0,False
8263,2175,7,2024-04-10T11:45:00,38,Outbound,QBR,Completed,8,0.55,113,14,True
8264,1826,7,2024-11-01T17:15:00,36,Outbound,Check-In,Completed,2,0.57,214,17,False
8265,4788,5,2024-12-09T13:00:00,58,Inbound,Check-In,Completed,6,0.42,214,6,True
8266,2564,16,2024-10-18T10:15:00,2,Outbound,Follow-Up,Voicemail,1,,,0,False
8267,4104,15,2024-12-17T11:30:00,33,Outbound,QBR,Completed,6,0.6,172,15,False
8268,2198,15,2024-12-30T14:45:00,37,Outbound,Demo,Rescheduled,1,,,0,False
8269,276,16,2024-12-31T11:30:00,19,Inbound,Technical Deep Dive,Completed,7,0.64,88,11,False
8270,2715,7,2024-07-07T14:30:00,2,Outbound,Follow-Up,Voicemail,1,,,0,False
8271,4737,16,2024-12-14T13:15:00,0,Outbound,Check-In,No Show,1,,,0,False
8272,2349,2,2024-12-16T14:00:00,59,Outbound,Negotiation,Rescheduled,1,,,0,False
8273,1345,4,2020-04-16T11:45:00,54,Inbound,Technical Deep Dive,Completed,4,0.4,209,7,False
8274,1147,11,2024-12-05T09:00:00,17,Outbound,Follow-Up,Completed,8,0.5,95,19,False
8275,4254,4,2021-03-09T14:00:00,17,Outbound,Demo,Completed,5,0.53,123,6,False
8276,3371,11,2024-12-22T13:15:00,44,Outbound,Technical Deep Dive,Completed,5,0.63,62,15,True
8277,681,8,2024-05-31T09:45:00,0,Outbound,Follow-Up,No Show,1,,,0,False
8278,2784,10,2024-12-03T08:45:00,0,Outbound,QBR,No Show,1,,,0,False
8279,355,2,2021-11-20T10:30:00,34,Outbound,Follow-Up,Completed,3,0.3,193,6,False
8280,2988,3,2023-08-21T11:45:00,15,Outbound,Demo,Completed,4,0.46,220,19,True
8281,3959,13,2030-06-15T10:00:00,57,Outbound,Check-In,Completed,8,0.72,37,11,False
8282,474,16,2024-11-07T13:00:00,41,Outbound,Technical Deep Dive,Completed,7,0.41,54,15,True
8283,1355,7,2024-11-10T15:30:00,44,Outbound,QBR,Completed,7,0.35,50,25,True
8284,1436,1,2024-09-01T15:00:00,20,Inbound,Follow-Up,Completed,7,0.43,67,12,False
8285,2431,7,2024-02-03T10:30:00,42,Inbound,Follow-Up,Completed,7,0.56,70,18,False
8286,35,2,2030-06-15T10:00:00,59,Outbound,QBR,Completed,7,0.44,36,10,True
8287,4818,3,2024-12-16T15:30:00,15,Outbound,Technical Deep Dive,Completed,3,0.34,229,8,True
8288,1334,4,2023-11-30T15:00:00,49,Inbound,Demo,Completed,5,0.69,105,2,False
8289,2112,4,2024-12-20T11:00:00,-60,Inbound,Discovery,Completed,7,0.67,110,19,True
8290,765,3,2023-04-13T10:45:00,38,Outbound,QBR,Rescheduled,1,,,0,False
8291,3776,11,2024-12-30T09:30:00,1,Outbound,Follow-Up,Voicemail,1,,,0,False
8292,729,8,2024-09-12T12:00:00,30,Outbound,Negotiation,Completed,8,0.65,224,14,True
8293,218,11,2024-12-16T14:45:00,31,Inbound,Demo,Completed,6,0.51,99,13,False
8294,2865,6,2024-12-15T11:45:00,,Outbound,Check-In,Completed,7,0.37,47,13,True
8295,779,3,2021-04-07T12:15:00,32,Outbound,Demo,Completed,2,0.35,237,22,False
8296,1673,5,2024-12-15T14:30:00,0,Inbound,Technical Deep Dive,No Show,1,,,0,False
8297,16,10,2024-03-24T10:15:00,,Outbound,Negotiation,Completed,2,0.8,227,4,False
8298,4837,10,2022-05-16T12:15:00,52,Inbound,Demo,Completed,6,0.46,114,11,True
8299,1212,2,2023-06-26T14:30:00,18,Outbound,Negotiation,Completed,7,0.5,149,9,False
8300,3529,8,2024-10-27T12:15:00,59,Outbound,Demo,Completed,7,0.79,125,7,False
8301,1930,4,2024-11-16T09:00:00,23,Outbound,Technical Deep Dive,Completed,7,0.54,63,18,True
8302,50,4,2024-11-19T10:45:00,21,Inbound,QBR,Completed,3,0.37,142,18,True
8303,3002,11,2024-12-13T10:30:00,-27,Outbound,Discovery,Completed,7,0.73,71,13,True
8304,1806,3,2022-11-17T14:30:00,40,Outbound,Follow-Up,Completed,5,0.58,84,13,False
8305,349,4,2024-03-11T13:30:00,,Outbound,Discovery,Completed,8,0.35,75,21,True
8306,2735,13,2021-06-05T13:15:00,43,Outbound,Technical Deep Dive,Completed,8,0.72,113,4,True
8307,4425,5,2024-11-11T17:15:00,47,Outbound,QBR,Completed,7,0.68,171,18,True
8308,1391,6,2030-06-15T10:00:00,,Outbound,Negotiation,Completed,7,0.52,62,13,True
8309,3022,8,2024-08-29T12:00:00,22,Outbound,Negotiation,Completed,4,0.31,167,23,True
8310,4219,13,2030-06-15T10:00:00,29,Inbound,Negotiation,Completed,3,0.73,78,10,False
8311,2064,11,2024-01-05T13:15:00,29,Outbound,Demo,Completed,5,0.56,86,9,False
8312,4565,1,2023-11-07T10:15:00,29,Outbound,Follow-Up,Rescheduled,1,,,0,False
8313,4512,8,2030-06-15T10:00:00,0,Outbound,Demo,No Show,1,,,0,False
8314,3120,6,2022-03-27T14:00:00,,Outbound,Follow-Up,Completed,6,0.49,32,4,True
8315,1049,1,2023-02-15T12:15:00,28,Outbound,QBR,Completed,6,0.31,200,24,True
8316,4956,5,2024-03-22T10:30:00,31,Outbound,Discovery,Completed,2,0.3,76,8,True
8317,4904,4,2024-08-20T10:30:00,25,Outbound,Discovery,Completed,5,0.63,125,18,False
8318,608,11,2024-06-19T16:15:00,31,Outbound,Follow-Up,Completed,4,0.7,201,3,False
8319,1447,15,2024-09-30T11:45:00,52,Outbound,Demo,Rescheduled,1,,,0,False
8320,1973,3,2023-08-24T16:30:00,17,Outbound,Technical Deep Dive,Completed,4,0.54,153,22,True
8321,4965,15,2022-10-26T13:45:00,52,Outbound,Technical Deep Dive,Completed,8,0.67,46,3,True
8322,2162,2,2023-02-10T12:45:00,46,Inbound,Demo,Completed,2,0.25,101,13,True
8323,4798,5,2022-07-21T17:45:00,55,Inbound,Discovery,Completed,8,0.49,213,6,False
8324,619,3,2022-01-22T14:30:00,36,Inbound,Technical Deep Dive,Completed,3,0.64,170,15,False
8325,3254,8,2024-07-23T12:15:00,51,Outbound,Demo,Completed,8,0.66,92,4,False
8326,3410,15,2024-12-10T11:00:00,47,Outbound,QBR,Completed,4,0.54,183,8,False
8327,1617,4,2030-06-15T10:00:00,19,Outbound,Technical Deep Dive,Rescheduled,1,,,0,False
8328,2011,13,2023-04-20T09:45:00,1,Outbound,QBR,Voicemail,1,,,0,False
8329,4516,3,2024-07-11T16:45:00,45,Inbound,Technical Deep Dive,Rescheduled,1,,,0,False
8330,4876,9,2024-12-21T14:45:00,37,Outbound,QBR,Completed,6,0.69,120,5,False
8331,4817,10,2023-10-26T14:30:00,43,Outbound,Follow-Up,Rescheduled,1,,,0,False
8332,2020,3,2022-08-02T14:00:00,19,Outbound,Technical Deep Dive,Completed,2,0.47,69,15,True
8333,2205,14,2022-04-16T12:00:00,28,Outbound,Follow-Up,Rescheduled,1,,,0,False
8334,2052,14,2024-12-13T09:00:00,24,Inbound,Negotiation,Rescheduled,1,,,0,False
8335,228,6,2024-11-21T13:30:00,19,Outbound,Discovery,Completed,5,0.53,227,15,True
8336,3120,6,2022-04-23T10:15:00,58,Outbound,Discovery,Rescheduled,1,,,0,False
8337,2120,10,2024-08-30T12:30:00,50,Outbound,Follow-Up,Completed,4,0.7,185,3,False
8338,1517,5,2024-10-24T08:45:00,15,Inbound,QBR,Completed,8,0.65,154,19,False
8339,862,5,2024-05-18T11:30:00,52,Outbound,Demo,Completed,5,0.67,199,15,True
8340,4829,14,2023-08-19T10:30:00,44,Inbound,Follow-Up,Completed,3,0.79,168,5,False
8341,1469,16,2024-12-05T11:00:00,16,Inbound,Follow-Up,Rescheduled,1,,,0,False
8342,1911,10,2023-01-30T12:45:00,52,Inbound,Technical Deep Dive,Completed,8,0.56,201,7,False
8343,2700,11,2021-10-29T13:30:00,34,Outbound,Negotiation,Completed,5,0.45,99,4,False
8344,4900,7,2024-05-30T11:00:00,0,Outbound,Follow-Up,No Show,1,,,0,False
8345,3335,3,2024-11-18T12:15:00,17,Outbound,Negotiation,Completed,3,0.28,177,25,True
8346,3910,12,2023-03-27T15:45:00,46,Outbound,Check-In,Rescheduled,1,,,0,False
8347,1208,6,2022-11-04T13:30:00,2,Outbound,Demo,Voicemail,1,,,0,False
8348,2909,14,2023-10-03T09:45:00,,Inbound,Technical Deep Dive,Completed,7,0.47,95,8,False
8349,3386,5,2024-12-20T14:15:00,53,Outbound,QBR,Rescheduled,1,,,0,False
8350,210,15,2030-06-15T10:00:00,58,Inbound,Follow-Up,Completed,7,0.66,140,14,True
8351,603,5,2024-12-09T10:15:00,23,Outbound,Discovery,Rescheduled,1,,,0,False
8352,4528,1,2024-09-23T12:30:00,0,Inbound,Follow-Up,No Show,1,,,0,False
8353,840,16,2024-12-06T13:45:00,21,Inbound,Check-In,Completed,6,0.67,116,15,False
8354,4148,2,2023-07-14T08:30:00,55,Outbound,Demo,Completed,6,0.51,124,13,False
8355,3490,10,2024-09-23T12:45:00,23,Outbound,Negotiation,Completed,2,0.8,162,4,False
8356,4172,15,2024-09-03T15:45:00,34,Outbound,QBR,Completed,3,0.44,95,10,True
8357,3709,14,2023-11-07T15:00:00,46,Outbound,Negotiation,Completed,3,0.78,79,9,True
8358,1999,6,2024-07-26T12:00:00,27,Outbound,Follow-Up,Completed,3,0.49,186,20,True
8359,2247,9,2024-03-23T12:15:00,29,Inbound,Discovery,Completed,6,1.23,118,12,False
8360,2732,9,2024-12-03T12:30:00,48,Inbound,Demo,Completed,7,0.54,174,13,True
8361,2893,13,2023-04-24T15:00:00,24,Outbound,QBR,Rescheduled,1,,,0,False
8362,1173,15,2023-09-17T14:45:00,36,Inbound,Technical Deep Dive,Completed,6,0.59,154,3,False
8363,1327,10,2022-05-30T15:00:00,19,Inbound,Discovery,Completed,4,0.69,215,14,False
8364,799,13,2024-03-15T10:45:00,29,Inbound,Check-In,Completed,7,0.53,232,11,True
8365,3389,6,2023-11-16T13:00:00,58,Inbound,QBR,Completed,4,0.44,34,19,False
8366,4708,4,2022-11-09T15:00:00,24,Inbound,Demo,Rescheduled,1,,,0,False
8367,1001,6,2022-03-02T14:30:00,0,Outbound,Check-In,No Show,1,,,0,False
8368,1128,8,2024-09-08T14:45:00,47,Outbound,Discovery,Completed,4,0.4,104,6,True
8369,113,16,2024-10-16T13:15:00,27,Outbound,Discovery,Completed,6,0.79,146,8,False
8370,523,14,2024-05-11T09:45:00,25,Outbound,Discovery,Completed,2,0.59,201,11,True
8371,4799,11,2024-06-03T14:30:00,28,Outbound,Technical Deep Dive,Completed,4,0.56,86,12,True
8372,1250,14,2024-02-16T16:15:00,31,Outbound,Check-In,Completed,2,0.85,161,9,True
8373,4456,1,2023-08-20T10:45:00,33,Outbound,Negotiation,Completed,8,0.45,168,28,True
8374,1016,1,2023-08-29T08:45:00,46,Inbound,Negotiation,Completed,3,0.56,294,4,True
8375,3095,7,2023-05-17T14:45:00,51,Inbound,QBR,Completed,8,0.41,129,20,False
8376,1321,7,2022-01-22T10:00:00,58,Inbound,Demo,Completed,8,0.54,140,5,False
8377,1174,14,2024-10-24T09:15:00,48,Inbound,Technical Deep Dive,Completed,8,0.85,132,9,False
8378,1465,4,2024-12-21T12:30:00,57,Outbound,Check-In,Completed,5,0.62,142,16,True
8379,3731,6,2024-12-23T16:30:00,0,Inbound,Demo,No Show,1,,,0,False
8380,1494,14,2024-12-05T11:30:00,58,Inbound,Discovery,Completed,3,0.69,200,12,False
8381,3177,13,2024-09-25T09:00:00,-59,Outbound,Check-In,Completed,8,0.69,222,12,True
8382,3205,13,2024-12-26T08:00:00,17,Inbound,Demo,Rescheduled,1,,,0,False
8383,1396,8,2024-12-06T12:15:00,59,Outbound,Demo,Completed,4,0.61,58,17,False
8384,402,16,2023-12-19T10:45:00,0,Outbound,Demo,No Show,1,,,0,False
8385,305,11,2024-10-25T15:45:00,24,Outbound,Technical Deep Dive,Completed,2,0.4,79,12,True
8386,977,12,2024-05-04T11:00:00,42,Inbound,Check-In,Completed,3,0.71,250,10,False
8387,3455,11,2024-10-24T15:00:00,28,Outbound,QBR,Completed,4,0.62,244,9,False
8388,2084,4,2024-11-26T13:30:00,30,Outbound,Discovery,Completed,5,0.53,50,15,False
8389,4022,11,2024-06-17T10:00:00,51,Outbound,Discovery,Completed,4,0.68,228,8,False
8390,3705,1,2024-12-12T10:45:00,17,Inbound,Negotiation,Completed,8,0.4,145,13,True
8391,674,12,2024-09-01T13:30:00,0,Outbound,Check-In,No Show,1,,,0,False
8392,2770,4,2022-05-03T14:30:00,46,Outbound,Discovery,Completed,8,0.52,88,14,True
8393,1687,14,2024-12-01T12:45:00,0,Outbound,Demo,No Show,1,,,0,False
8394,1977,6,2023-11-13T13:00:00,0,Outbound,Discovery,No Show,1,,,0,False
8395,3742,9,2030-06-15T10:00:00,51,Outbound,Check-In,Completed,2,0.4,91,13,True
8396,45,3,2023-12-23T15:00:00,58,Outbound,Discovery,Completed,5,0.37,120,9,True
8397,842,3,2023-07-23T10:45:00,26,Outbound,Negotiation,Completed,6,0.58,154,14,True
8398,2125,15,2024-09-11T14:15:00,57,Outbound,Negotiation,Completed,8,0.67,208,15,False
8399,3303,10,2024-12-23T15:45:00,58,Inbound,Demo,Rescheduled,1,,,0,False
8400,131,16,2024-10-13T12:15:00,42,Outbound,Discovery,Completed,5,0.85,119,1,False
8401,4753,9,2023-11-03T10:30:00,18,Outbound,Technical Deep Dive,Completed,5,0.73,97,3,True
8402,358,14,2030-06-15T10:00:00,21,Outbound,Demo,Completed,8,0.5,202,4,True
8403,409,14,2024-12-26T09:45:00,3,Outbound,Discovery,Voicemail,1,,,0,False
8404,1186,10,2024-12-02T11:15:00,46,Inbound,Check-In,Completed,6,0.7,122,13,False
8405,3004,16,2024-08-29T15:00:00,18,Outbound,Follow-Up,Completed,7,0.52,96,8,False
8406,754,9,2024-12-19T15:45:00,27,Outbound,QBR,Completed,7,1.31,87,10,False
8407,4866,3,2021-03-02T16:30:00,19,Outbound,Technical Deep Dive,Completed,3,0.52,217,9,True
8408,4846,1,2024-11-01T13:15:00,17,Outbound,Demo,Rescheduled,1,,,0,False
8409,4632,12,2024-06-01T11:30:00,34,Outbound,Negotiation,Completed,7,0.64,144,15,True
8410,1728,8,2024-12-22T13:15:00,0,Outbound,Follow-Up,No Show,1,,,0,False
8411,800,9,2024-12-19T13:00:00,45,Inbound,Discovery,Completed,5,0.65,197,5,False
8412,2971,9,2024-12-08T11:15:00,31,Outbound,Negotiation,Completed,6,0.71,102,17,False
8413,3229,13,2024-06-13T12:15:00,47,Outbound,QBR,Completed,8,0.6,157,10,False
8414,3276,1,2024-07-12T15:15:00,,Inbound,Negotiation,Completed,2,0.65,212,2,False
8415,383,15,2024-12-31T09:00:00,44,Outbound,Negotiation,Completed,6,0.74,77,5,False
8416,4793,5,2024-05-28T09:00:00,18,Outbound,Demo,Completed,2,0.59,60,11,True
8417,2791,6,2023-10-23T09:00:00,54,Outbound,QBR,Completed,5,0.36,180,9,False
8418,3729,6,2024-11-28T15:00:00,39,Outbound,Follow-Up,Completed,8,0.43,39,4,False
8419,3924,7,2021-09-25T10:45:00,39,Outbound,Discovery,Completed,7,0.39,54,12,True
8420,3056,4,2024-10-03T11:30:00,60,Outbound,Discovery,Completed,4,0.38,189,5,True
8421,4326,16,2024-12-30T12:00:00,32,Inbound,QBR,Completed,7,1.19,157,8,True
8422,2741,10,2023-03-06T15:30:00,30,Inbound,Demo,Completed,8,0.56,171,9,False
8423,3196,7,2024-12-25T15:00:00,0,Outbound,Negotiation,No Show,1,,,0,False
8424,3992,7,2024-08-13T16:00:00,31,Outbound,Follow-Up,Completed,2,0.39,112,6,True
8425,3821,15,2024-12-15T11:00:00,49,Outbound,Demo,Completed,6,0.68,176,14,True
8426,363,11,2024-04-30T14:00:00,20,Outbound,Check-In,Completed,4,0.67,42,15,True
8427,4287,8,2023-09-19T11:15:00,16,Inbound,QBR,Rescheduled,1,,,0,False
8428,2146,11,2022-01-25T10:00:00,51,Outbound,Follow-Up,Completed,6,0.51,60,18,True
8429,763,12,2024-12-22T12:30:00,48,Outbound,Follow-Up,Completed,7,0.62,141,2,False
8430,4398,9,2022-10-07T10:30:00,36,Outbound,Negotiation,Completed,6,0.41,54,18,False
8431,4535,15,2024-08-11T11:15:00,52,Outbound,Follow-Up,Completed,7,0.88,177,11,False
8432,4774,2,2024-09-29T15:45:00,3,Inbound,Demo,Voicemail,1,,,0,False
8433,1036,11,2024-11-10T14:15:00,33,Outbound,Check-In,Completed,4,0.63,145,7,False
8434,3636,14,2024-01-27T15:45:00,38,Outbound,Follow-Up,Completed,2,0.54,183,9,False
8435,1684,1,2023-03-09T12:00:00,48,Inbound,Follow-Up,Completed,8,0.43,70,19,False
8436,2930,15,2024-12-08T14:45:00,35,Outbound,Discovery,Completed,4,0.71,113,12,False
8437,1915,11,2024-12-22T11:15:00,16,Inbound,Demo,Rescheduled,1,,,0,False
8438,3704,5,2024-10-21T11:30:00,54,Outbound,Negotiation,Rescheduled,1,,,0,False
8439,1659,6,2024-12-31T12:15:00,56,Outbound,Check-In,Completed,4,0.72,245,6,False
8440,3966,10,2024-05-20T09:30:00,36,Outbound,Technical Deep Dive,Completed,5,0.48,147,12,True
8441,2796,13,2023-07-16T11:00:00,16,Inbound,Follow-Up,Completed,5,0.7,173,7,False
8442,4043,16,2024-07-16T09:15:00,55,Outbound,Discovery,Completed,5,0.82,295,3,False
8443,167,14,2024-12-29T14:45:00,47,Inbound,Discovery,Completed,3,1.13,200,5,True
8444,705,10,2024-04-23T14:15:00,45,Outbound,Demo,Completed,8,0.68,204,8,True
8445,490,15,2024-11-20T17:30:00,36,Inbound,Check-In,Completed,3,0.42,138,5,True
8446,3065,2,2024-04-01T09:00:00,38,Outbound,QBR,Completed,2,0.57,82,15,False
8447,463,11,2024-12-06T13:45:00,49,Outbound,Follow-Up,Completed,6,0.42,199,13,True
8448,86,15,2024-05-19T12:45:00,54,Inbound,Technical Deep Dive,Completed,7,0.73,98,5,True
8449,2252,5,2023-10-24T08:30:00,39,Outbound,Discovery,Completed,4,0.52,229,7,False
8450,2917,7,2022-10-30T12:15:00,19,Outbound,Check-In,Rescheduled,1,,,0,False
8451,4668,5,2021-10-08T12:00:00,-51,Inbound,Discovery,Completed,3,0.71,233,3,True
8452,3513,9,2024-04-17T13:15:00,31,Outbound,Demo,Completed,5,0.76,156,10,False
8453,4465,3,2023-09-29T12:45:00,22,Outbound,Follow-Up,Completed,3,0.38,211,12,False
8454,1054,4,2024-02-10T14:15:00,32,Outbound,Check-In,Completed,3,0.37,188,9,True
8455,3934,10,2030-06-15T10:00:00,34,Outbound,Demo,Rescheduled,1,,,0,False
8456,4004,15,2024-12-02T15:30:00,39,Outbound,Demo,Completed,5,1.44,177,16,False
8457,703,8,2023-01-23T15:30:00,41,Outbound,Follow-Up,Completed,8,0.51,180,8,True
8458,4384,12,2024-12-19T12:45:00,31,Outbound,Negotiation,Completed,7,0.59,88,9,False
8459,3892,9,2022-12-05T15:15:00,16,Outbound,Follow-Up,Rescheduled,1,,,0,False
8460,3526,11,2024-06-29T13:00:00,21,Outbound,Follow-Up,Completed,6,0.67,67,3,False
8461,4507,2,2024-12-22T08:00:00,42,Outbound,Follow-Up,Completed,3,0.34,222,24,True
8462,2083,8,2024-05-09T12:45:00,33,Outbound,Follow-Up,Completed,8,0.6,32,7,True
8463,2121,5,2024-10-10T14:00:00,18,Outbound,Check-In,Completed,2,0.47,194,7,False
8464,1602,10,2024-12-18T13:45:00,49,Outbound,Follow-Up,Completed,3,0.61,212,11,True
8465,1414,10,2024-12-02T11:15:00,40,Inbound,Demo,Completed,4,0.68,75,7,False
8466,4364,9,2023-12-09T12:30:00,0,Outbound,Demo,No Show,1,,,0,False
8467,2327,7,2023-06-27T10:15:00,48,Outbound,Negotiation,Completed,7,0.68,152,2,False
8468,4922,4,2024-12-22T12:00:00,0,Outbound,Discovery,No Show,1,,,0,False
8469,2269,13,2024-12-26T14:30:00,27,Outbound,Negotiation,Completed,8,0.69,198,6,True
8470,766,1,2023-12-14T16:45:00,57,Outbound,Follow-Up,Rescheduled,1,,,0,False
8471,3671,7,2024-05-11T13:00:00,41,Outbound,QBR,Completed,5,0.76,207,5,False
8472,4087,4,2022-10-12T15:00:00,44,Outbound,Demo,Completed,6,0.71,114,10,False
8473,2254,14,2024-02-08T14:30:00,52,Outbound,Follow-Up,Completed,4,0.66,157,7,False
8474,1211,2,2023-01-21T10:00:00,48,Outbound,Negotiation,Completed,4,0.56,218,12,True
8475,211,1,2024-08-25T17:45:00,22,Outbound,QBR,Completed,7,0.4,36,18,False
8476,3576,16,2030-06-15T10:00:00,15,Outbound,Check-In,Completed,4,0.69,108,6,False
8477,4724,7,2024-12-08T09:30:00,0,Inbound,Follow-Up,No Show,1,,,0,False
8478,998,14,2024-12-17T10:00:00,0,Inbound,Discovery,No Show,1,,,0,False
8479,599,6,2024-08-19T12:45:00,20,Outbound,Discovery,Completed,6,0.44,232,5,False
8480,1502,9,2024-10-26T10:00:00,15,Inbound,Negotiation,Completed,6,0.59,61,9,False
8481,325,8,2024-07-07T12:45:00,23,Inbound,Technical Deep Dive,Completed,2,1.13,81,12,True
8482,3146,15,2024-11-20T10:30:00,46,Outbound,Discovery,Completed,6,0.5,103,13,False
8483,3151,7,2024-12-30T13:00:00,34,Outbound,Check-In,Completed,6,1.2,210,9,False
8484,58,15,2024-12-09T15:15:00,18,Outbound,Technical Deep Dive,Completed,3,0.41,83,15,True
8485,127,7,2024-12-18T10:00:00,26,Outbound,Technical Deep Dive,Completed,2,0.37,211,9,False
8486,4586,9,2024-11-17T16:15:00,48,Outbound,QBR,Completed,2,0.48,53,12,False
8487,4135,13,2023-03-21T12:45:00,56,Outbound,Discovery,Completed,2,0.44,38,6,False
8488,1738,5,2024-09-29T15:30:00,1,Outbound,Negotiation,Voicemail,1,,,0,False
8489,3101,9,2023-12-09T12:30:00,24,Inbound,Follow-Up,Completed,2,0.79,59,10,False
8490,3721,2,2030-06-15T10:00:00,37,Outbound,Check-In,Completed,4,0.59,39,16,True
8491,181,8,2024-12-17T10:15:00,40,Inbound,Demo,Completed,5,0.44,213,4,False
8492,2247,9,2024-04-09T11:00:00,21,Outbound,Follow-Up,Completed,5,0.6,146,13,True
8493,3530,10,2024-07-03T09:15:00,27,Outbound,Check-In,Completed,3,0.5,102,8,False
8494,726,11,2024-12-27T09:15:00,0,Inbound,QBR,No Show,1,,,0,False
8495,2855,8,2024-04-02T16:15:00,22,Outbound,Follow-Up,Rescheduled,1,,,0,False
8496,1766,11,2030-06-15T10:00:00,53,Outbound,Discovery,Completed,7,0.41,227,12,True
8497,3864,11,2023-10-10T08:15:00,19,Inbound,Demo,Rescheduled,1,,,0,False
8498,1904,16,2023-09-30T15:45:00,54,Outbound,QBR,Completed,2,0.57,90,11,True
8499,1645,4,2030-06-15T10:00:00,16,Outbound,Discovery,Rescheduled,1,,,0,False
8500,2860,13,2024-10-31T08:45:00,0,Outbound,QBR,No Show,1,,,0,False
8501,4541,9,2023-10-26T12:15:00,0,Outbound,Check-In,No Show,1,,,0,False
8502,2886,12,2024-10-18T16:00:00,45,Outbound,Negotiation,Completed,6,0.52,41,9,True
8503,2673,10,2024-09-27T11:00:00,22,Outbound,Check-In,Completed,6,0.55,70,10,False
8504,342,7,2023-07-25T12:00:00,0,Outbound,Discovery,No Show,1,,,0,False
8505,2588,11,2024-04-26T12:45:00,0,Outbound,Check-In,No Show,1,,,0,False
8506,1489,10,2024-05-09T12:00:00,35,Outbound,Discovery,Completed,8,0.51,64,11,False
8507,3618,12,2022-09-10T13:15:00,28,Outbound,Negotiation,Completed,7,0.45,196,6,True
8508,4307,14,2021-06-22T11:00:00,36,Inbound,Check-In,Completed,8,0.77,169,9,False
8509,3704,5,2024-11-30T14:45:00,0,Inbound,Follow-Up,No Show,1,,,0,False
8510,572,8,2024-12-27T13:30:00,26,Inbound,QBR,Completed,4,0.57,57,5,True
8511,89,14,2020-11-27T13:30:00,25,Outbound,Check-In,Completed,7,1.11,198,3,False
8512,1513,2,2022-11-10T12:00:00,52,Outbound,Discovery,Completed,8,0.62,127,14,False
8513,4652,5,2024-12-29T08:15:00,16,Outbound,Follow-Up,Completed,6,0.66,232,10,False
8514,2053,11,2022-12-22T14:45:00,2,Outbound,Check-In,Voicemail,1,,,0,False
8515,3056,4,2024-12-02T11:15:00,24,Outbound,Technical Deep Dive,Completed,5,0.43,85,12,False
8516,2585,3,2024-03-14T10:45:00,21,Outbound,Discovery,Completed,8,0.36,102,19,True
8517,2493,8,2023-11-20T16:15:00,37,Outbound,Negotiation,Completed,5,0.53,106,11,False
8518,4256,14,2023-12-14T11:30:00,58,Outbound,Negotiation,Completed,6,0.58,124,10,False
8519,2049,14,2024-06-11T13:45:00,56,Outbound,Discovery,Completed,3,0.47,127,4,False
8520,2462,5,2024-10-19T10:45:00,29,Outbound,Check-In,Completed,7,0.63,108,5,True
8521,4375,4,2024-07-08T15:00:00,21,Outbound,Demo,Completed,3,0.64,145,8,False
8522,1621,2,2024-04-20T09:00:00,48,Outbound,QBR,Rescheduled,1,,,0,False
8523,3671,7,2024-07-05T12:00:00,0,Inbound,Follow-Up,No Show,1,,,0,False
8524,2032,1,2023-09-20T09:15:00,36,Outbound,Discovery,Rescheduled,1,,,0,False
8525,4023,16,2024-12-03T15:45:00,17,Outbound,Follow-Up,Completed,8,0.7,96,12,False
8526,4786,9,2024-05-11T14:15:00,29,Outbound,Negotiation,Completed,3,0.51,135,14,False
8527,1014,11,2022-04-11T15:30:00,33,Outbound,Demo,Completed,4,0.68,175,6,False
8528,1347,7,2022-07-28T10:00:00,,Outbound,QBR,Completed,5,0.68,80,18,True
8529,2100,8,2022-08-09T16:00:00,34,Outbound,Discovery,Completed,4,0.4,93,17,True
8530,1009,11,2024-12-12T15:30:00,50,Outbound,QBR,Rescheduled,1,,,0,False
8531,4989,11,2024-04-17T14:00:00,3,Outbound,Technical Deep Dive,Voicemail,1,,,0,False
8532,2042,2,2024-05-30T15:15:00,,Outbound,Technical Deep Dive,Completed,5,0.34,108,21,True
8533,4252,1,2022-09-14T12:00:00,,Outbound,Technical Deep Dive,No Show,1,,,0,False
8534,1783,11,2024-08-19T16:00:00,25,Inbound,QBR,Completed,5,0.69,59,15,False
8535,1184,10,2024-12-25T14:30:00,39,Outbound,Discovery,Completed,3,0.68,34,11,False
8536,1227,8,2024-11-13T12:30:00,34,Outbound,Discovery,Completed,7,0.67,59,20,True
8537,4658,8,2022-06-24T11:45:00,0,Outbound,Discovery,No Show,1,,,0,False
8538,3877,2,2023-01-20T11:45:00,37,Inbound,Demo,Completed,5,0.62,131,14,True
8539,3117,8,2024-06-26T12:45:00,20,Outbound,Check-In,Completed,6,0.57,157,17,False
8540,2008,3,2024-12-28T14:30:00,37,Inbound,Technical Deep Dive,Rescheduled,1,,,0,False
8541,1267,13,2024-12-21T13:00:00,0,Outbound,Check-In,No Show,1,,,0,False
8542,1926,10,2024-04-08T13:30:00,50,Inbound,Negotiation,Rescheduled,1,,,0,False
8543,3484,14,2024-12-29T10:45:00,38,Outbound,Technical Deep Dive,Completed,7,0.43,165,6,False
8544,2926,15,2024-02-25T15:30:00,21,Outbound,Demo,Completed,4,0.69,175,4,False
8545,4281,4,2024-10-13T14:45:00,26,Outbound,Discovery,Completed,6,0.75,237,9,False
8546,4890,11,2023-12-02T15:15:00,25,Outbound,Check-In,Completed,3,0.73,240,9,False
8547,632,11,2024-08-06T16:15:00,29,Outbound,Discovery,Completed,3,0.53,75,5,True
8548,3339,1,2024-12-31T10:15:00,25,Outbound,Negotiation,Rescheduled,1,,,0,False
8549,4332,10,2024-02-11T16:45:00,22,Outbound,Discovery,Completed,6,0.76,82,10,False
8550,3096,4,2024-12-19T13:15:00,44,Outbound,Discovery,Completed,3,0.45,36,6,False
8551,432,15,2024-12-24T09:00:00,44,Inbound,Negotiation,Completed,2,0.41,136,12,True
8552,3613,8,2023-10-09T08:30:00,32,Inbound,Discovery,Completed,6,0.37,58,6,False
8553,3054,1,2022-12-17T13:30:00,44,Outbound,QBR,Completed,3,0.63,225,19,False
8554,1169,15,2024-12-12T10:15:00,23,Outbound,Check-In,Completed,6,0.87,35,2,False
8555,4922,4,2024-12-30T12:15:00,0,Inbound,QBR,No Show,1,,,0,False
8556,3525,11,2024-06-11T14:30:00,,Inbound,Follow-Up,Completed,4,0.45,55,9,True
8557,3785,7,2024-07-08T15:00:00,31,Inbound,Technical Deep Dive,Completed,3,0.77,131,12,False
8558,4547,2,2023-05-14T15:45:00,49,Outbound,Check-In,Completed,3,1.35,201,19,False
8559,3149,15,2024-05-27T14:00:00,41,Outbound,Follow-Up,Completed,6,0.6,136,5,False
8560,513,12,2024-02-19T13:00:00,,Outbound,Discovery,Rescheduled,1,,,0,False
8561,4601,11,2023-05-05T11:30:00,58,Outbound,Demo,Completed,6,0.43,226,14,False
8562,4070,1,2023-09-19T13:30:00,34,Outbound,Negotiation,Completed,4,0.56,134,14,True
8563,561,3,2024-12-15T16:30:00,59,Outbound,Negotiation,Rescheduled,1,,,0,False
8564,1250,14,2024-01-27T14:45:00,,Outbound,QBR,Completed,2,0.79,112,9,False
8565,4709,8,2024-12-30T12:45:00,39,Outbound,Follow-Up,Rescheduled,1,,,0,False
8566,1718,1,2024-01-23T09:45:00,0,Inbound,Discovery,No Show,1,,,0,False
8567,4297,16,2024-12-05T15:45:00,2,Inbound,Discovery,Voicemail,1,,,0,False
8568,4290,14,2024-12-20T12:45:00,0,Outbound,Follow-Up,No Show,1,,,0,False
8569,1874,11,2023-04-23T14:00:00,3,Outbound,Discovery,Voicemail,1,,,0,False
8570,1841,4,2024-09-21T11:30:00,0,Outbound,Technical Deep Dive,No Show,1,,,0,False
8571,3788,4,2024-12-23T10:30:00,60,Outbound,Check-In,Completed,8,0.68,168,9,True
8572,4960,3,2023-10-01T10:15:00,48,Inbound,QBR,Completed,8,0.52,75,12,True
8573,2456,12,2022-01-31T15:45:00,23,Outbound,Technical Deep Dive,Completed,4,0.39,182,17,False
8574,215,15,2024-10-16T12:15:00,0,Outbound,Check-In,No Show,1,,,0,False
8575,2913,12,2024-12-05T15:30:00,51,Outbound,QBR,Completed,5,0.59,45,3,True
8576,4665,16,2022-03-15T16:30:00,0,Outbound,Negotiation,No Show,1,,,0,False
8577,2426,3,2024-03-04T13:15:00,35,Inbound,Check-In,Completed,7,0.57,116,18,True
8578,1701,2,2024-12-16T12:00:00,0,Outbound,Check-In,No Show,1,,,0,False
8579,3122,10,2024-12-23T13:45:00,28,Outbound,Check-In,Completed,7,0.42,160,7,False
8580,338,15,2024-09-27T16:00:00,37,Outbound,Follow-Up,Completed,6,1.24,152,13,True
8581,121,2,2024-10-16T14:30:00,54,Outbound,Follow-Up,Completed,5,0.37,52,15,True
8582,1975,2,2024-12-08T09:45:00,20,Outbound,Follow-Up,Completed,2,0.39,51,7,True
8583,3342,1,2023-02-03T15:15:00,25,Outbound,Follow-Up,Completed,7,0.5,199,7,False
8584,4268,11,2021-05-04T16:15:00,49,Inbound,Demo,Completed,3,0.61,175,11,False
8585,585,10,2024-11-01T15:45:00,,Outbound,QBR,Completed,7,0.52,111,13,True
8586,3919,11,2024-12-15T10:45:00,21,Inbound,Discovery,Completed,6,0.57,215,3,True
8587,1033,2,2024-12-30T11:15:00,22,Outbound,Follow-Up,Completed,4,0.63,100,14,False
8588,3104,15,2024-10-16T11:15:00,38,Outbound,QBR,Completed,3,0.67,201,10,True
8589,3160,5,2024-12-27T13:30:00,38,Outbound,Negotiation,Completed,8,0.62,156,6,False
8590,4458,13,2024-02-11T13:00:00,28,Inbound,Discovery,Rescheduled,1,,,0,False
8591,3461,4,2022-03-28T12:30:00,0,Outbound,Demo,No Show,1,,,0,False
8592,3466,16,2024-12-05T10:45:00,58,Outbound,Technical Deep Dive,Rescheduled,1,,,0,False
8593,3996,11,2024-08-15T16:00:00,0,Outbound,Demo,No Show,1,,,0,False
8594,3958,1,2024-12-04T13:45:00,51,Inbound,Demo,Completed,3,0.57,192,7,True
8595,3349,5,2024-07-14T09:15:00,36,Outbound,QBR,Completed,3,0.37,65,17,True
8596,2703,16,2024-12-11T11:00:00,47,Outbound,QBR,Completed,6,0.47,171,13,False
8597,3611,10,2024-01-17T11:15:00,53,Outbound,Follow-Up,Completed,4,0.38,52,19,False
8598,3725,13,2022-05-30T13:30:00,41,Outbound,Follow-Up,Completed,3,0.47,58,11,True
8599,3655,3,2024-11-19T10:30:00,36,Outbound,Demo,Completed,2,1.3,176,10,False
8600,2504,3,2022-08-20T12:00:00,56,Inbound,Demo,Rescheduled,1,,,0,False
8601,1393,12,2024-06-19T12:30:00,21,Inbound,Demo,Completed,2,0.78,117,6,False
8602,3403,12,2022-01-11T12:45:00,19,Outbound,QBR,Completed,4,0.39,67,13,True
8603,855,16,2022-10-06T13:00:00,55,Outbound,Demo,Completed,3,0.51,160,4,True
8604,2410,4,2024-12-05T10:45:00,51,Outbound,Discovery,Completed,4,0.46,87,6,False
8605,3997,9,2024-01-22T13:15:00,32,Outbound,Demo,Completed,2,0.42,101,7,True
8606,1479,3,2022-10-19T09:45:00,-21,Outbound,Discovery,Completed,7,0.42,133,13,True
8607,1604,8,2021-08-13T17:45:00,3,Inbound,Demo,Voicemail,1,,,0,False
8608,1254,9,2024-11-19T13:45:00,43,Outbound,QBR,Completed,7,0.52,80,18,True
8609,2332,12,2024-12-05T13:45:00,37,Outbound,Technical Deep Dive,Completed,5,0.86,256,4,False
8610,220,4,2024-05-24T13:00:00,57,Outbound,QBR,Completed,5,0.52,37,7,True
8611,3226,9,2024-01-11T14:30:00,25,Outbound,Check-In,Completed,4,0.46,184,5,True
8612,4333,2,2024-12-15T16:00:00,,Outbound,Technical Deep Dive,Voicemail,1,,,0,False
8613,4757,9,2022-01-17T14:45:00,,Outbound,Negotiation,Completed,2,0.56,174,11,True
8614,3480,12,2024-11-27T15:45:00,32,Inbound,QBR,Completed,5,0.72,126,9,False
8615,2345,15,2024-12-08T10:00:00,16,Inbound,QBR,Rescheduled,1,,,0,False
8616,2341,10,2022-01-10T15:45:00,36,Outbound,Demo,Completed,3,0.4,89,15,True
8617,3811,1,2022-12-25T14:30:00,49,Inbound,Follow-Up,Completed,7,0.44,66,19,True
8618,4951,9,2024-11-22T12:00:00,51,Outbound,Check-In,Completed,3,0.73,198,1,False
8619,2840,9,2024-12-14T15:00:00,47,Outbound,QBR,Completed,2,0.58,55,15,True
8620,1210,6,2024-12-09T11:30:00,35,Outbound,Discovery,Completed,8,0.56,102,7,True
8621,3015,15,2024-11-18T11:15:00,50,Inbound,Discovery,Completed,3,0.48,157,16,True
8622,1061,1,2024-12-26T09:00:00,35,Outbound,Demo,Completed,2,0.36,72,18,True
8623,4131,12,2023-09-20T17:15:00,52,Inbound,Technical Deep Dive,Completed,8,0.4,171,17,False
8624,2680,14,2022-08-17T10:45:00,22,Inbound,Follow-Up,Completed,5,0.47,199,8,True
8625,1793,14,2023-12-06T12:30:00,52,Outbound,Discovery,Completed,6,0.63,48,13,False
8626,535,14,2024-12-27T16:30:00,43,Outbound,QBR,Rescheduled,1,,,0,False
8627,454,8,2024-10-30T10:00:00,0,Outbound,Negotiation,No Show,1,,,0,False
8628,3803,15,2024-12-13T10:30:00,30,Inbound,Discovery,Completed,2,0.87,265,3,False
8629,4920,6,2023-04-28T15:30:00,58,Outbound,Demo,Rescheduled,1,,,0,False
8630,3322,11,2024-05-27T15:00:00,41,Outbound,Follow-Up,Completed,4,0.59,114,9,False
8631,1633,16,2023-07-08T10:30:00,1,Inbound,Discovery,Voicemail,1,,,0,False
8632,3357,9,2024-05-12T10:45:00,36,Inbound,Technical Deep Dive,Completed,4,0.7,136,6,True
8633,109,5,2024-03-11T15:30:00,60,Outbound,Demo,Completed,3,0.53,209,5,False
8634,2808,4,2022-12-06T10:00:00,56,Outbound,Demo,Completed,7,0.36,165,20,False
8635,1164,5,2023-07-19T13:15:00,53,Outbound,Demo,Completed,6,0.5,135,17,True
8636,4084,9,2030-06-15T10:00:00,36,Outbound,Demo,Completed,3,0.85,95,1,False
8637,287,11,2022-03-27T14:45:00,20,Inbound,Check-In,Rescheduled,1,,,0,False
8638,2484,3,2022-10-27T16:15:00,32,Outbound,Technical Deep Dive,Completed,7,0.44,166,9,True
8639,4242,10,2024-02-07T10:45:00,39,Inbound,Negotiation,Completed,7,0.37,57,8,True
8640,1162,4,2024-08-20T12:00:00,28,Outbound,Demo,Rescheduled,1,,,0,False
8641,3978,2,2023-03-07T13:15:00,23,Inbound,Discovery,Completed,4,0.74,73,6,True
8642,4382,8,2022-03-13T13:30:00,50,Inbound,Negotiation,Completed,8,0.6,136,7,True
8643,4187,13,2024-03-15T15:00:00,54,Outbound,Negotiation,Completed,3,0.74,84,10,False
8644,3527,6,2023-04-03T14:15:00,23,Outbound,Follow-Up,Completed,2,0.65,49,4,True
8645,2703,16,2024-11-25T11:15:00,50,Outbound,Technical Deep Dive,Completed,7,0.66,114,13,False
8646,3333,2,2024-12-20T14:00:00,37,Inbound,Technical Deep Dive,Completed,4,0.46,173,21,False
8647,2105,13,2024-05-02T09:30:00,58,Outbound,Follow-Up,Completed,8,0.7,231,8,True
8648,451,15,2024-12-06T11:00:00,37,Inbound,Technical Deep Dive,Rescheduled,1,,,0,False
8649,4589,16,2024-12-31T16:30:00,0,Outbound,Negotiation,No Show,1,,,0,False
8650,4300,13,2024-11-07T12:00:00,28,Outbound,Demo,Completed,2,0.75,186,9,True
8651,4444,3,2023-08-08T09:45:00,54,Outbound,Technical Deep Dive,Rescheduled,1,,,0,False
8652,1350,8,2024-10-15T13:00:00,59,Inbound,Discovery,Completed,3,0.51,162,16,True
8653,1671,1,2023-05-22T14:15:00,51,Inbound,Discovery,Completed,5,0.6,112,13,False
8654,2490,12,2024-12-27T09:45:00,24,Outbound,QBR,Completed,8,0.64,75,9,True
8655,4095,7,2023-05-18T11:45:00,17,Inbound,Check-In,Completed,8,0.53,119,13,True
8656,3907,16,2024-12-31T12:15:00,52,Outbound,Discovery,Completed,7,0.69,52,8,True
8657,3774,9,2024-06-26T14:15:00,30,Outbound,Negotiation,Completed,8,0.37,179,11,True
8658,3000,15,2022-04-19T13:15:00,15,Outbound,Technical Deep Dive,Completed,8,0.5,204,3,True
8659,781,15,2024-03-13T09:45:00,3,Outbound,Follow-Up,Voicemail,1,,,0,False
8660,500,7,2024-12-03T15:00:00,-20,Inbound,Check-In,Completed,5,0.49,45,7,True
8661,47,8,2024-06-04T09:00:00,60,Inbound,Check-In,Completed,5,0.37,226,12,False
8662,675,3,2024-05-29T10:00:00,53,Outbound,Negotiation,Completed,4,0.56,63,7,True
8663,4237,13,2021-12-02T13:15:00,22,Outbound,Technical Deep Dive,Completed,3,0.64,56,7,False
8664,3633,14,2030-06-15T10:00:00,3,Outbound,Negotiation,Voicemail,1,,,0,False
8665,1965,7,2024-03-24T12:00:00,31,Outbound,Negotiation,Completed,7,0.46,122,11,False
8666,2710,6,2024-12-21T10:45:00,28,Outbound,Discovery,Completed,2,0.8,128,11,False
8667,4251,7,2022-12-11T15:15:00,22,Outbound,Follow-Up,Completed,6,0.41,238,17,True
8668,307,8,2024-10-01T15:30:00,32,Outbound,QBR,Completed,6,0.72,261,9,False
8669,3019,11,2024-10-08T13:00:00,19,Outbound,Check-In,Completed,5,0.66,226,15,True
8670,1710,10,2024-07-25T13:45:00,23,Outbound,Follow-Up,Completed,7,0.43,156,5,True
8671,958,13,2030-06-15T10:00:00,22,Outbound,Discovery,Completed,2,0.43,104,3,False
8672,3986,13,2024-06-21T09:30:00,33,Inbound,QBR,Completed,4,0.72,46,11,True
8673,357,11,2024-06-07T17:30:00,38,Outbound,Technical Deep Dive,Completed,4,0.66,52,8,False
8674,4174,3,2024-12-06T11:00:00,60,Outbound,QBR,Completed,8,0.61,128,10,True
8675,2314,5,2024-07-23T14:45:00,32,Outbound,Follow-Up,Completed,6,0.51,212,13,False
8676,1817,4,2024-04-02T10:15:00,37,Inbound,Demo,Rescheduled,1,,,0,False
8677,1919,8,2024-01-22T10:00:00,60,Outbound,Discovery,Completed,5,0.52,47,14,True
8678,774,11,2024-04-03T14:45:00,21,Outbound,Follow-Up,Completed,2,0.55,213,17,True
8679,3560,4,2024-01-07T16:15:00,2,Outbound,Negotiation,Voicemail,1,,,0,False
8680,2157,12,2024-10-12T15:45:00,,Outbound,QBR,Completed,8,0.76,180,9,False
8681,499,13,2024-05-04T12:15:00,54,Outbound,Check-In,Completed,7,0.69,99,14,False
8682,1554,7,2022-12-10T15:30:00,20,Outbound,Technical Deep Dive,Rescheduled,1,,,0,False
8683,196,15,2024-12-31T11:15:00,22,Outbound,Demo,Completed,7,0.67,167,15,True
8684,186,5,2024-12-13T11:45:00,57,Outbound,Negotiation,Completed,5,0.45,64,11,True
8685,2151,3,2024-04-21T13:30:00,33,Outbound,Follow-Up,Completed,2,0.54,127,13,True
8686,1983,3,2024-11-06T11:30:00,40,Outbound,Negotiation,Completed,3,0.58,155,10,True
8687,363,11,2024-07-10T10:00:00,0,Outbound,Discovery,No Show,1,,,0,False
8688,2772,6,2024-01-21T15:30:00,37,Outbound,Technical Deep Dive,Completed,8,0.55,221,13,False
8689,52,16,2024-12-26T15:45:00,22,Inbound,Follow-Up,Completed,5,0.89,89,3,False
8690,2943,7,2024-10-23T15:30:00,57,Inbound,Follow-Up,Completed,3,0.59,203,19,False
8691,884,14,2023-05-03T14:00:00,37,Inbound,Discovery,Rescheduled,1,,,0,False
8692,4428,9,2024-04-14T09:30:00,55,Inbound,Follow-Up,Completed,7,0.66,117,7,True
8693,3139,14,2024-12-19T16:30:00,0,Outbound,Follow-Up,No Show,1,,,0,False
8694,1901,13,2024-01-06T13:15:00,33,Outbound,Negotiation,Completed,8,0.62,81,9,True
8695,55,9,2024-02-04T12:45:00,19,Outbound,Follow-Up,Completed,2,0.73,78,13,False
8696,4967,6,2024-12-09T13:00:00,57,Outbound,Discovery,Completed,3,0.73,103,3,True
8697,1483,2,2024-04-18T11:45:00,53,Outbound,Follow-Up,Completed,2,0.37,82,8,True
8698,4536,5,2023-08-13T12:00:00,15,Outbound,Discovery,Completed,3,0.43,34,18,False
8699,2331,15,2024-09-24T13:45:00,52,Inbound,Check-In,Completed,3,0.61,40,5,True
8700,4572,1,2024-10-22T12:15:00,44,Outbound,Follow-Up,Completed,8,0.46,117,22,True
8701,2298,11,2024-12-07T14:00:00,0,Outbound,Negotiation,No Show,1,,,0,False
8702,3627,16,2021-12-30T09:00:00,0,Inbound,QBR,No Show,1,,,0,False
8703,4826,9,2024-03-02T15:15:00,31,Outbound,Negotiation,Completed,4,0.82,40,9,False
8704,4409,10,2024-12-12T11:45:00,48,Inbound,Follow-Up,Completed,5,0.72,221,2,False
8705,1910,3,2023-03-13T16:15:00,52,Outbound,Follow-Up,Completed,8,0.33,179,15,True
8706,4648,8,2022-07-10T11:45:00,43,Outbound,Technical Deep Dive,Rescheduled,1,,,0,False
8707,1235,1,2024-05-26T13:45:00,60,Outbound,Discovery,Completed,2,0.4,156,15,False
8708,1968,2,2024-12-28T14:00:00,26,Outbound,Technical Deep Dive,Completed,6,0.38,130,13,False
8709,3037,11,2023-01-16T14:30:00,36,Inbound,Follow-Up,Completed,5,0.48,66,4,False
8710,3392,7,2024-06-27T14:45:00,22,Outbound,Negotiation,Rescheduled,1,,,0,False
8711,4084,9,2022-09-20T16:30:00,54,Outbound,Negotiation,Completed,2,0.65,241,7,False
8712,229,13,2022-10-09T10:45:00,39,Outbound,Demo,Rescheduled,1,,,0,False
8713,932,7,2023-10-14T10:45:00,19,Outbound,Technical Deep Dive,Completed,2,0.73,37,14,False
8714,488,16,2024-10-08T10:00:00,47,Outbound,Demo,Completed,3,0.49,35,13,True
8715,889,2,2024-12-13T09:00:00,55,Outbound,Negotiation,Completed,4,0.58,110,14,True
8716,4115,15,2024-12-27T14:00:00,15,Outbound,Technical Deep Dive,Completed,2,0.56,67,9,True
8717,4590,14,2022-09-15T12:45:00,27,Inbound,QBR,Rescheduled,1,,,0,False
8718,4647,16,2024-12-11T12:30:00,20,Inbound,Negotiation,Completed,8,0.65,239,9,True
8719,3152,1,2024-04-20T15:45:00,50,Outbound,Technical Deep Dive,Completed,7,0.49,124,15,True
8720,1573,6,2022-01-22T12:30:00,52,Inbound,Negotiation,Completed,8,0.58,33,13,False
8721,2524,6,2024-12-28T15:15:00,57,Inbound,Demo,Rescheduled,1,,,0,False
8722,2866,14,2024-08-22T15:45:00,57,Outbound,QBR,Completed,3,0.88,213,5,False
8723,4049,5,2024-12-02T15:00:00,54,Outbound,Demo,Completed,5,0.53,135,9,True
8724,1678,5,2020-06-10T15:30:00,41,Outbound,Discovery,Completed,8,0.36,182,10,False
8725,1740,10,2023-09-25T13:30:00,0,Outbound,Check-In,No Show,1,,,0,False
8726,2488,7,2030-06-15T10:00:00,0,Outbound,Follow-Up,No Show,1,,,0,False
8727,3809,5,2023-09-15T09:00:00,41,Outbound,Check-In,Completed,7,1.47,93,3,False
8728,4154,1,2023-05-25T09:45:00,59,Outbound,Discovery,Completed,4,0.31,84,15,False
8729,1852,11,2024-03-02T15:45:00,0,Outbound,Discovery,No Show,1,,,0,False
8730,1696,6,2030-06-15T10:00:00,34,Inbound,Negotiation,Completed,6,0.46,103,9,True
8731,3339,1,2024-12-04T15:45:00,0,Inbound,Discovery,No Show,1,,,0,False
8732,4641,12,2024-10-05T12:15:00,38,Inbound,QBR,Completed,2,0.59,216,11,False
8733,4407,13,2024-12-22T14:30:00,17,Outbound,Discovery,Completed,8,0.61,103,9,False
8734,1848,16,2024-12-24T11:00:00,,Outbound,Follow-Up,Voicemail,1,,,0,False
8735,3009,1,2021-03-18T14:30:00,25,Outbound,QBR,Completed,8,0.58,116,22,False
8736,3147,11,2022-10-23T12:00:00,40,Inbound,Demo,Completed,6,0.63,235,17,False
8737,3370,12,2022-07-12T14:30:00,17,Outbound,Check-In,Completed,3,0.4,144,18,False
8738,3430,14,2023-11-05T14:30:00,54,Outbound,Follow-Up,Completed,2,0.47,120,13,True
8739,2654,6,2023-04-03T15:45:00,25,Inbound,Check-In,Completed,4,0.48,215,5,True
8740,3479,10,2022-01-12T12:45:00,0,Outbound,Discovery,No Show,1,,,0,False
8741,3948,12,2022-03-31T10:15:00,55,Outbound,Demo,Completed,8,0.54,62,18,True
8742,3418,10,2024-12-09T12:00:00,34,Outbound,Negotiation,Completed,6,0.69,113,8,True
8743,3264,12,2023-05-08T15:45:00,18,Outbound,QBR,Completed,8,0.54,65,14,False
8744,3166,6,2022-09-29T11:30:00,59,Inbound,Discovery,Completed,4,0.55,53,17,True
8745,3930,15,2024-12-02T09:15:00,20,Outbound,Check-In,Completed,5,0.42,172,8,True
8746,2847,14,2024-08-02T14:15:00,34,Outbound,Technical Deep Dive,Completed,8,0.59,33,13,False
8747,520,13,2024-11-08T13:45:00,54,Outbound,QBR,Completed,5,0.51,117,9,True
8748,4716,1,2024-05-21T09:45:00,43,Outbound,Discovery,Completed,3,0.47,223,16,False
8749,3791,1,2024-12-09T16:30:00,39,Outbound,Demo,Rescheduled,1,,,0,False
8750,136,5,2024-10-08T13:45:00,2,Outbound,Technical Deep Dive,Voicemail,1,,,0,False
8751,711,16,2024-11-21T14:30:00,34,Outbound,Follow-Up,Completed,2,0.73,80,13,False
8752,4709,8,2024-12-03T09:45:00,25,Outbound,Negotiation,Completed,7,0.41,113,9,False
8753,2013,11,2023-09-26T13:15:00,28,Outbound,Technical Deep Dive,Completed,5,0.49,167,18,True
8754,177,2,2024-09-19T17:30:00,41,Outbound,Negotiation,Completed,2,0.38,155,21,False
8755,2404,4,2024-01-20T12:45:00,45,Inbound,QBR,Completed,4,0.59,193,10,True
8756,1298,2,2023-05-19T10:30:00,59,Outbound,Negotiation,Completed,6,0.65,65,9,True
8757,1242,15,2024-10-21T10:15:00,0,Inbound,Discovery,No Show,1,,,0,False
8758,1798,12,2022-04-01T16:45:00,28,Inbound,Negotiation,Completed,2,0.61,53,11,False
8759,4221,1,2024-01-14T13:15:00,29,Outbound,Follow-Up,Completed,6,0.36,207,8,True
8760,295,6,2024-12-24T09:45:00,50,Outbound,Follow-Up,Completed,5,0.55,229,13,False
8761,370,7,2023-08-29T09:00:00,0,Inbound,Discovery,No Show,1,,,0,False
8762,135,3,2024-04-28T16:45:00,28,Inbound,Negotiation,Rescheduled,1,,,0,False
8763,4308,15,2023-11-05T11:45:00,43,Outbound,Check-In,Completed,4,0.5,152,7,False
8764,3288,11,2021-01-13T13:00:00,0,Inbound,Demo,No Show,1,,,0,False
8765,959,11,2023-09-13T11:00:00,60,Outbound,Discovery,Completed,3,0.72,130,16,False
8766,1744,8,2023-03-11T11:30:00,39,Outbound,Negotiation,Completed,7,0.66,213,5,False
8767,4586,9,2024-12-16T08:15:00,51,Outbound,QBR,Completed,3,0.63,210,11,False
8768,3179,3,2023-07-02T15:15:00,40,Outbound,Follow-Up,Rescheduled,1,,,0,False
8769,3013,6,2024-12-06T10:15:00,33,Outbound,Technical Deep Dive,Completed,3,0.45,97,7,False
8770,3158,9,2023-01-09T12:15:00,58,Outbound,Technical Deep Dive,Completed,7,0.51,130,15,True
8771,3193,12,2021-10-15T17:00:00,,Inbound,Discovery,Rescheduled,1,,,0,False
8772,4666,12,2024-12-07T09:30:00,28,Outbound,Discovery,Completed,8,0.52,229,11,False
8773,3386,5,2024-12-14T15:15:00,44,Outbound,Technical Deep Dive,Completed,4,0.51,99,14,False
8774,3945,4,2024-10-07T12:45:00,36,Outbound,Technical Deep Dive,Completed,8,0.45,181,11,False
8775,2367,3,2024-02-18T16:00:00,29,Outbound,Check-In,Completed,8,0.53,222,14,True
8776,3522,15,2024-09-22T08:15:00,56,Outbound,Demo,Completed,3,0.63,105,9,False
8777,3259,15,2024-03-02T14:00:00,34,Outbound,Technical Deep Dive,Completed,5,0.58,61,4,True
8778,1727,15,2024-12-05T12:00:00,26,Outbound,Negotiation,Completed,3,0.53,218,10,False
8779,2091,10,2024-03-07T10:45:00,54,Outbound,Negotiation,Completed,7,0.58,68,4,True
8780,1778,3,2022-06-25T09:30:00,-34,Outbound,Check-In,Rescheduled,1,,,0,False
8781,2665,7,2021-11-21T10:00:00,20,Outbound,Demo,Completed,7,0.48,82,13,True
8782,3190,1,2024-12-09T14:15:00,23,Outbound,QBR,Completed,2,0.42,160,16,True
8783,820,3,2024-05-08T10:45:00,19,Outbound,Technical Deep Dive,Completed,6,0.3,90,9,True
8784,4812,15,2024-08-31T15:30:00,58,Inbound,Discovery,Completed,7,0.61,163,13,False
8785,330,3,2022-07-14T12:00:00,34,Outbound,Technical Deep Dive,Rescheduled,1,,,0,False
8786,4789,15,2024-12-04T15:15:00,25,Inbound,Check-In,Completed,3,0.72,213,3,True
8787,2597,5,2024-03-24T14:30:00,18,Outbound,Check-In,Completed,2,0.48,209,9,False
8788,2668,7,2024-12-07T10:15:00,59,Inbound,Discovery,Rescheduled,1,,,0,False
8789,4476,8,2023-10-13T13:00:00,0,Outbound,Check-In,No Show,1,,,0,False
8790,1350,8,2024-10-20T12:00:00,57,Outbound,QBR,Completed,7,0.41,50,18,True
8791,448,9,2023-09-14T13:45:00,28,Outbound,Technical Deep Dive,Rescheduled,1,,,0,False
8792,143,8,2024-08-28T14:00:00,,Outbound,Technical Deep Dive,Completed,3,0.61,82,17,True
8793,4578,13,2023-10-29T12:00:00,16,Inbound,Follow-Up,Completed,8,0.68,159,6,True
8794,1422,7,2024-10-27T13:15:00,32,Inbound,Technical Deep Dive,Completed,2,0.41,137,14,False
8795,945,14,2024-12-03T14:00:00,0,Inbound,Technical Deep Dive,No Show,1,,,0,False
8796,4925,4,2023-08-21T15:15:00,47,Inbound,Negotiation,Completed,3,0.64,133,9,False
8797,2499,2,2024-03-29T10:00:00,34,Outbound,Technical Deep Dive,Completed,5,0.65,105,14,True
8798,4936,10,2021-05-14T12:30:00,54,Outbound,QBR,Completed,3,0.49,195,12,True
8799,939,7,2024-05-20T11:45:00,47,Outbound,Demo,Completed,4,0.55,172,14,True
8800,3968,7,2022-11-14T14:00:00,43,Outbound,QBR,Completed,3,0.46,190,12,False
8801,1442,10,2024-03-22T16:30:00,27,Outbound,Negotiation,Completed,3,0.5,186,17,True
8802,2159,3,2024-10-15T15:15:00,23,Outbound,Follow-Up,Completed,2,0.41,75,20,True
8803,1696,6,2023-08-11T09:30:00,19,Outbound,Follow-Up,Completed,7,0.66,185,16,False
8804,1066,3,2030-06-15T10:00:00,17,Inbound,Technical Deep Dive,Completed,2,0.57,238,13,True
8805,3038,8,2022-04-17T11:45:00,18,Outbound,Technical Deep Dive,Completed,4,0.48,57,12,False
8806,4236,7,2024-12-14T10:30:00,52,Outbound,Check-In,Completed,4,0.61,297,9,False
8807,3188,15,2022-11-24T14:45:00,37,Inbound,Technical Deep Dive,Rescheduled,1,,,0,False
8808,1039,15,2023-10-18T16:30:00,,Outbound,Check-In,Completed,7,0.46,85,13,True
8809,4235,1,2024-12-06T14:00:00,60,Outbound,Negotiation,Completed,3,0.61,43,24,False
8810,1401,13,2030-06-15T10:00:00,32,Outbound,Technical Deep Dive,Completed,6,0.75,153,7,False
8811,635,13,2024-12-02T12:30:00,30,Outbound,QBR,Completed,8,0.62,91,9,False
8812,2990,4,2022-09-30T10:30:00,0,Outbound,Follow-Up,No Show,1,,,0,False
8813,38,12,2024-12-01T15:30:00,56,Outbound,Negotiation,Completed,8,0.71,264,11,True
8814,4185,8,2024-10-19T11:15:00,52,Inbound,Check-In,Completed,6,0.41,205,15,True
8815,3376,5,2024-10-02T16:45:00,17,Outbound,Discovery,Completed,5,0.61,85,6,True
8816,4388,15,2024-11-29T12:30:00,45,Outbound,Technical Deep Dive,Rescheduled,1,,,0,False
8817,1487,2,2022-06-20T15:30:00,59,Inbound,Negotiation,Completed,8,0.38,215,24,False
8818,231,9,2024-03-11T11:45:00,21,Outbound,QBR,Completed,5,0.5,148,13,False
8819,3415,13,2024-12-12T17:00:00,16,Outbound,Negotiation,Completed,2,0.64,143,10,False
8820,369,6,2024-12-15T14:30:00,26,Outbound,Discovery,Completed,6,0.62,95,10,False
8821,4317,6,2024-02-23T12:30:00,43,Outbound,Discovery,Completed,3,0.45,148,5,True
8822,4799,11,2024-05-08T15:30:00,35,Outbound,Negotiation,Completed,5,0.39,112,13,False
8823,487,3,2024-12-20T11:15:00,46,Outbound,Check-In,Completed,4,0.58,210,21,False
8824,3416,15,2024-10-09T15:30:00,37,Outbound,Check-In,Completed,6,0.43,30,6,True
8825,3113,1,2024-04-16T11:45:00,32,Inbound,Demo,Completed,8,0.44,81,16,False
8826,4640,5,2021-07-07T10:30:00,34,Inbound,QBR,Completed,3,0.52,168,15,True
8827,4083,8,2021-07-26T11:15:00,15,Outbound,Check-In,Rescheduled,1,,,0,False
8828,3350,14,2023-03-14T15:45:00,57,Outbound,QBR,Completed,8,0.67,106,14,False
8829,2119,8,2024-12-25T15:45:00,0,Outbound,Negotiation,No Show,1,,,0,False
8830,1390,6,2024-12-07T12:30:00,58,Outbound,Demo,Completed,2,0.6,34,2,False
8831,487,3,2024-12-28T12:30:00,36,Outbound,Check-In,Completed,2,0.61,44,8,True
8832,180,1,2024-12-29T13:00:00,38,Outbound,Demo,Completed,6,0.73,265,3,True
8833,1450,13,2024-12-20T13:45:00,26,Outbound,Follow-Up,Completed,4,0.73,233,12,False
8834,151,4,2024-12-30T17:15:00,15,Inbound,Negotiation,Completed,4,0.66,163,4,False
8835,1822,5,2024-12-31T11:45:00,41,Outbound,Negotiation,Completed,2,0.72,285,14,False
8836,732,4,2021-10-28T11:00:00,45,Inbound,Negotiation,Rescheduled,1,,,0,False
8837,3639,7,2023-01-10T13:00:00,19,Inbound,Negotiation,Completed,3,0.39,90,10,True
8838,2788,11,2023-12-09T13:00:00,58,Inbound,Follow-Up,Completed,3,0.8,79,7,False
8839,2079,4,2024-05-07T13:00:00,39,Inbound,QBR,Completed,3,0.37,86,6,False
8840,1505,8,2024-12-01T12:30:00,-59,Inbound,Follow-Up,Completed,6,0.51,128,25,True
8841,3323,3,2022-07-20T15:15:00,59,Outbound,Negotiation,Completed,6,0.67,245,12,True
8842,1850,10,2024-12-04T12:00:00,2,Outbound,Technical Deep Dive,Voicemail,1,,,0,False
8843,1088,4,2024-12-05T10:15:00,37,Inbound,QBR,Rescheduled,1,,,0,False
8844,2456,12,2022-02-27T12:00:00,24,Outbound,Negotiation,Completed,3,0.56,195,15,True
8845,87,6,2024-08-31T12:00:00,57,Inbound,Negotiation,Completed,5,0.36,80,17,False
8846,3280,10,2023-11-19T11:30:00,60,Outbound,Negotiation,Completed,5,0.48,96,13,False
8847,4885,3,2022-10-27T11:15:00,58,Outbound,Follow-Up,Completed,3,0.33,175,18,True
8848,138,4,2024-12-26T13:15:00,-30,Outbound,Check-In,Completed,7,0.65,97,14,False
8849,2744,7,2024-02-13T11:45:00,32,Inbound,Follow-Up,Completed,5,0.47,34,4,True
8850,1906,5,2024-12-05T15:45:00,50,Outbound,Technical Deep Dive,Rescheduled,1,,,0,False
8851,1738,5,2024-09-13T08:45:00,50,Outbound,Discovery,Rescheduled,1,,,0,False
8852,320,16,2024-12-30T12:00:00,0,Outbound,Discovery,No Show,1,,,0,False
8853,2269,13,2024-12-16T16:30:00,40,Outbound,Check-In,Completed,2,0.58,67,9,False
8854,4817,10,2023-09-17T13:00:00,25,Outbound,Technical Deep Dive,Completed,4,0.49,195,17,False
8855,537,12,2023-03-16T11:45:00,34,Outbound,Demo,Completed,3,0.6,174,9,False
8856,4862,3,2024-05-24T11:30:00,52,Inbound,Demo,Completed,2,0.64,150,8,True
8857,1419,1,2030-06-15T10:00:00,24,Outbound,QBR,Completed,4,0.43,36,21,True
8858,928,8,2023-07-04T11:45:00,45,Outbound,Negotiation,Completed,6,0.47,167,25,True
8859,3149,15,2024-06-27T12:30:00,21,Outbound,Discovery,Completed,5,0.47,41,12,True
8860,294,6,2030-06-15T10:00:00,20,Outbound,Negotiation,Completed,2,0.64,195,4,True
8861,2962,4,2024-08-16T12:30:00,17,Outbound,Check-In,Completed,3,0.49,180,20,False
8862,3265,8,2024-02-12T12:45:00,0,Outbound,Negotiation,No Show,1,,,0,False
8863,4538,12,2024-07-15T15:45:00,0,Outbound,Technical Deep Dive,No Show,1,,,0,False
8864,1185,3,2024-01-01T08:30:00,24,Outbound,Demo,Completed,4,0.55,229,14,True
8865,1769,3,2024-09-05T12:45:00,15,Outbound,Discovery,Completed,7,0.51,131,9,False
8866,3710,4,2023-11-13T11:15:00,2,Outbound,Follow-Up,Voicemail,1,,,0,False
8867,2614,8,2024-12-27T13:15:00,28,Inbound,Follow-Up,Completed,4,0.46,213,13,False
8868,1966,8,2024-12-24T12:30:00,18,Outbound,Check-In,Completed,7,0.4,39,19,False
8869,1022,9,2022-04-15T15:00:00,59,Outbound,Negotiation,Completed,4,0.47,185,17,False
8870,3586,13,2022-05-11T11:30:00,0,Outbound,Check-In,No Show,1,,,0,False
8871,3871,11,2024-12-13T09:45:00,34,Inbound,Technical Deep Dive,Completed,2,0.53,142,3,False
8872,1635,15,2024-12-24T15:15:00,0,Outbound,Technical Deep Dive,No Show,1,,,0,False
8873,1585,8,2024-10-07T15:30:00,22,Outbound,Check-In,Completed,7,0.61,107,4,False
8874,4627,2,2022-03-07T11:15:00,37,Inbound,QBR,Completed,6,0.57,35,14,True
8875,2116,7,2024-06-02T11:15:00,50,Outbound,Check-In,Completed,4,0.67,66,17,False
8876,2975,12,2024-06-05T12:30:00,31,Inbound,Negotiation,Rescheduled,1,,,0,False
8877,1538,5,2021-06-16T14:30:00,0,Inbound,Demo,No Show,1,,,0,False
8878,507,3,2024-09-04T14:15:00,25,Outbound,Technical Deep Dive,Completed,3,0.36,190,8,True
8879,2314,5,2024-09-10T17:00:00,24,Outbound,Demo,Completed,3,0.43,87,12,False
8880,641,7,2022-01-18T14:00:00,48,Outbound,Demo,Completed,2,0.57,286,5,False
8881,3479,10,2021-11-27T10:45:00,34,Inbound,Demo,Rescheduled,1,,,0,False
8882,1615,12,2024-12-05T12:00:00,54,Outbound,Discovery,Completed,3,0.56,113,11,True
8883,1486,13,2024-12-06T10:30:00,41,Outbound,QBR,Completed,5,0.75,150,1,False
8884,3003,10,2023-07-05T13:45:00,21,Inbound,Technical Deep Dive,Completed,5,0.68,205,9,False
8885,2246,5,2023-10-20T14:30:00,44,Inbound,Negotiation,Completed,4,0.85,223,6,False
8886,2102,8,2024-11-24T12:45:00,0,Outbound,Demo,No Show,1,,,0,False
8887,3146,15,2024-12-27T09:00:00,1,Inbound,Discovery,Voicemail,1,,,0,False
8888,1260,9,2024-04-28T10:15:00,52,Outbound,Check-In,Completed,4,0.6,292,1,True
8889,2770,4,2022-06-24T08:15:00,32,Inbound,QBR,Completed,4,0.55,132,19,True
8890,919,11,2023-01-21T15:15:00,56,Outbound,QBR,Completed,8,0.68,198,12,False
8891,1736,12,2023-05-25T12:30:00,,Outbound,Demo,Completed,2,0.52,229,8,False
8892,3620,1,2024-02-28T09:30:00,60,Outbound,Follow-Up,Completed,6,0.8,184,9,False
8893,413,1,2024-05-29T10:00:00,16,Outbound,Technical Deep Dive,Completed,2,0.55,216,20,False
8894,1118,11,2022-05-16T14:30:00,42,Outbound,QBR,Completed,8,0.48,143,5,True
8895,2085,3,2023-08-05T08:15:00,49,Outbound,QBR,Rescheduled,1,,,0,False
8896,1470,8,2023-05-14T09:45:00,23,Inbound,Follow-Up,Completed,8,0.6,134,8,False
8897,4539,7,2024-10-13T10:15:00,34,Inbound,Discovery,Completed,7,1.44,194,11,False
8898,831,16,2024-12-05T15:30:00,18,Outbound,Demo,Completed,7,0.54,126,12,False
8899,797,6,2021-02-03T17:00:00,22,Outbound,Discovery,Completed,7,0.71,106,13,False
8900,1059,9,2022-03-26T14:15:00,2,Outbound,Demo,Voicemail,1,,,0,False
8901,4956,5,2024-03-19T12:15:00,46,Outbound,Negotiation,Rescheduled,1,,,0,False
8902,2418,9,2024-10-31T09:45:00,60,Outbound,Discovery,Completed,4,0.51,121,12,False
8903,2096,5,2023-06-22T17:15:00,0,Outbound,Demo,No Show,1,,,0,False
8904,4888,4,2022-08-02T15:45:00,0,Outbound,Follow-Up,No Show,1,,,0,False
8905,3977,7,2030-06-15T10:00:00,48,Outbound,Discovery,Completed,5,0.61,95,5,True
8906,4664,10,2024-05-23T17:15:00,0,Outbound,Negotiation,No Show,1,,,0,False
8907,4385,11,2024-12-19T13:15:00,37,Inbound,Discovery,Completed,5,0.53,153,18,True
8908,2910,11,2024-03-06T12:15:00,17,Outbound,Follow-Up,Completed,6,0.72,38,3,False
8909,4233,7,2024-09-23T16:30:00,16,Inbound,Negotiation,Completed,7,0.74,241,12,False
8910,67,13,2022-08-06T14:15:00,33,Inbound,Follow-Up,Completed,6,0.48,85,5,True
8911,4867,11,2024-02-06T13:00:00,30,Outbound,Demo,Completed,6,0.67,38,12,False
8912,4677,6,2024-03-07T11:00:00,16,Outbound,QBR,Completed,7,0.37,91,7,True
8913,1653,16,2024-12-17T15:45:00,29,Outbound,Demo,Rescheduled,1,,,0,False
8914,1932,5,2022-12-17T11:30:00,39,Outbound,Demo,Completed,4,0.64,131,20,True
8915,2155,12,2030-06-15T10:00:00,22,Outbound,Check-In,Rescheduled,1,,,0,False
8916,2720,9,2024-06-05T16:00:00,57,Outbound,Technical Deep Dive,Completed,5,0.45,199,4,False
8917,1557,10,2030-06-15T10:00:00,34,Inbound,Discovery,Completed,8,0.44,155,20,False
8918,2574,16,2024-12-02T12:30:00,21,Outbound,Technical Deep Dive,Rescheduled,1,,,0,False
8919,2620,3,2024-12-12T16:00:00,31,Outbound,Follow-Up,Completed,8,0.31,178,9,False
8920,4275,3,2024-05-14T11:45:00,28,Inbound,Discovery,Completed,8,0.31,112,8,True
8921,1416,7,2024-04-08T17:45:00,-55,Outbound,QBR,Completed,3,0.49,96,15,True
8922,571,7,2024-11-25T15:15:00,24,Outbound,Negotiation,Completed,2,0.63,132,7,False
8923,587,8,2030-06-15T10:00:00,,Outbound,Check-In,Completed,2,0.45,87,14,False
8924,1940,9,2023-04-13T08:30:00,24,Inbound,Technical Deep Dive,Completed,8,0.67,226,9,False
8925,3827,12,2024-11-05T12:45:00,57,Inbound,Demo,Completed,5,0.46,122,9,True
8926,2671,13,2022-10-10T13:15:00,42,Outbound,Follow-Up,Completed,5,0.62,102,4,False
8927,3352,4,2023-11-28T14:30:00,53,Outbound,Demo,Completed,5,0.74,92,2,False
8928,2361,6,2021-09-13T10:30:00,,Outbound,Demo,Completed,7,0.51,229,16,False
8929,328,10,2024-12-30T15:15:00,-39,Outbound,Negotiation,Completed,8,0.6,88,3,True
8930,2299,3,2024-12-20T14:30:00,39,Inbound,Demo,Completed,4,0.37,82,24,False
8931,3311,5,2024-11-07T10:00:00,0,Outbound,Technical Deep Dive,No Show,1,,,0,False
8932,4674,5,2022-01-30T14:30:00,27,Outbound,QBR,Completed,8,0.51,135,20,False
8933,87,6,2024-11-13T11:30:00,15,Inbound,Technical Deep Dive,Completed,3,0.68,143,16,True
8934,1015,8,2024-01-30T12:45:00,0,Outbound,Technical Deep Dive,No Show,1,,,0,False
8935,2264,16,2024-08-18T12:15:00,55,Outbound,QBR,Completed,6,0.5,32,4,True
8936,1696,6,2023-06-26T10:00:00,59,Outbound,QBR,Completed,6,0.61,48,11,True
8937,3711,1,2024-10-15T11:30:00,33,Outbound,Demo,Completed,5,0.56,212,10,False
8938,2539,15,2024-04-11T14:30:00,0,Inbound,Discovery,No Show,1,,,0,False
8939,915,8,2022-06-30T10:15:00,53,Outbound,Check-In,Completed,2,0.46,105,15,True
8940,624,11,2024-12-05T12:00:00,27,Outbound,Negotiation,Completed,5,0.69,229,9,True
8941,4923,4,2024-09-21T11:30:00,47,Outbound,Discovery,Completed,4,0.37,165,16,False
8942,4502,15,2024-12-04T12:15:00,15,Outbound,Discovery,Completed,7,0.44,186,10,False
8943,3474,11,2024-12-27T12:15:00,32,Inbound,Technical Deep Dive,Completed,3,1.44,101,17,True
8944,3410,15,2024-12-17T15:15:00,0,Outbound,Follow-Up,No Show,1,,,0,False
8945,12,16,2024-12-19T10:45:00,15,Outbound,Technical Deep Dive,Completed,4,0.54,113,8,True
8946,4618,15,2024-12-11T10:30:00,51,Outbound,Technical Deep Dive,Completed,2,0.58,173,13,True
8947,1005,5,2024-11-30T10:00:00,16,Outbound,Demo,Completed,6,0.38,125,16,False
8948,295,6,2024-12-01T15:45:00,3,Outbound,Check-In,Voicemail,1,,,0,False
8949,3448,6,2024-12-24T14:00:00,25,Outbound,Negotiation,Completed,5,0.4,204,20,True
8950,3457,3,2022-12-30T15:30:00,0,Outbound,Negotiation,No Show,1,,,0,False
8951,3784,8,2023-02-15T09:30:00,60,Outbound,Negotiation,Completed,7,0.54,100,16,True
8952,4470,4,2024-11-23T12:30:00,48,Outbound,QBR,Completed,5,0.59,190,4,False
8953,3405,13,2024-05-06T12:00:00,27,Outbound,Discovery,Completed,2,0.89,212,2,False
8954,2798,15,2024-12-06T13:45:00,42,Outbound,Technical Deep Dive,Completed,6,0.48,68,11,True
8955,978,4,2024-04-19T16:30:00,55,Outbound,QBR,Completed,4,0.7,254,14,False
8956,2062,14,2024-12-03T14:00:00,0,Outbound,Check-In,No Show,1,,,0,False
8957,3019,11,2024-10-28T14:15:00,0,Inbound,Negotiation,No Show,1,,,0,False
8958,2246,5,2023-12-09T08:15:00,44,Outbound,Demo,Completed,6,0.59,167,11,False
8959,2984,11,2024-08-30T11:15:00,49,Outbound,Check-In,Completed,5,0.39,115,11,False
8960,1590,14,2024-05-12T15:00:00,0,Outbound,Negotiation,No Show,1,,,0,False
8961,4538,12,2024-07-11T13:15:00,23,Inbound,Follow-Up,Rescheduled,1,,,0,False
8962,1170,8,2023-10-23T13:00:00,18,Outbound,Check-In,Completed,5,0.68,94,5,True
8963,4641,12,2024-11-05T11:45:00,40,Outbound,Demo,Rescheduled,1,,,0,False
8964,1034,7,2024-02-02T14:45:00,2,Outbound,Technical Deep Dive,Voicemail,1,,,0,False
8965,4123,6,2024-12-27T15:45:00,30,Outbound,Negotiation,Rescheduled,1,,,0,False
8966,3101,9,2023-11-14T12:30:00,17,Outbound,Technical Deep Dive,Completed,2,0.84,147,4,False
8967,2506,11,2023-01-13T14:30:00,53,Outbound,QBR,Completed,5,0.52,238,17,False
8968,2536,6,2022-11-24T12:45:00,45,Outbound,Demo,Completed,6,0.51,138,13,True
8969,1951,15,2024-12-15T16:00:00,18,Outbound,Discovery,Completed,5,0.44,204,12,True
8970,1795,7,2030-06-15T10:00:00,36,Outbound,QBR,Completed,2,0.77,272,3,True
8971,794,11,2024-12-05T08:30:00,21,Outbound,Negotiation,Completed,4,0.62,166,9,False
8972,2145,11,2024-01-24T13:00:00,53,Inbound,Follow-Up,Completed,6,0.64,127,7,False
8973,4090,11,2022-02-26T14:15:00,37,Outbound,Demo,Completed,7,0.86,128,12,False
8974,3027,4,2024-12-19T15:45:00,52,Outbound,QBR,Completed,5,0.59,206,17,False
8975,3675,5,2024-12-13T09:45:00,22,Inbound,Discovery,Completed,2,0.47,185,15,True
8976,2954,3,2022-12-07T14:45:00,55,Inbound,QBR,Completed,7,0.54,217,16,True
8977,4929,6,2024-09-12T12:30:00,32,Outbound,Discovery,Completed,6,0.43,207,17,True
8978,3023,8,2024-11-08T13:00:00,41,Outbound,Technical Deep Dive,Rescheduled,1,,,0,False
8979,3186,15,2024-12-14T11:15:00,30,Inbound,Technical Deep Dive,Completed,4,0.73,155,8,False
8980,3377,3,2024-06-24T08:00:00,32,Inbound,Check-In,Completed,2,0.49,87,15,True
8981,872,10,2021-01-02T14:30:00,57,Outbound,Negotiation,Completed,7,0.53,85,10,False
8982,2668,7,2024-12-10T13:45:00,42,Inbound,QBR,Completed,3,0.65,106,15,True
8983,3808,2,2030-06-15T10:00:00,48,Inbound,Demo,Completed,4,0.58,228,13,True
8984,224,1,2024-06-27T09:00:00,53,Outbound,Demo,Completed,2,0.34,106,6,False
8985,3573,1,2024-08-16T13:45:00,48,Outbound,Technical Deep Dive,Completed,5,0.52,121,21,True
8986,139,7,2024-09-11T12:45:00,54,Inbound,Technical Deep Dive,Rescheduled,1,,,0,False
8987,2932,14,2024-09-09T13:45:00,57,Outbound,Demo,Completed,3,0.74,233,9,True
8988,1613,10,2023-03-20T10:30:00,21,Outbound,Technical Deep Dive,Completed,5,0.44,223,9,False
8989,1416,7,2030-06-15T10:00:00,44,Outbound,Discovery,Completed,8,0.5,91,16,False
8990,2807,10,2022-01-13T16:45:00,48,Outbound,Technical Deep Dive,Completed,7,0.5,64,15,False
8991,114,6,2022-03-02T10:45:00,20,Outbound,Follow-Up,Completed,2,0.46,46,11,True
8992,2473,2,2024-12-10T12:15:00,29,Outbound,Negotiation,Completed,7,0.49,68,15,False
8993,4060,1,2024-10-21T12:45:00,51,Outbound,Discovery,Completed,6,0.31,92,12,True
8994,1272,14,2022-07-18T13:30:00,,Inbound,Discovery,Completed,2,0.45,183,11,True
8995,502,2,2024-08-19T13:30:00,25,Outbound,Demo,Completed,2,0.44,49,30,False
8996,1607,4,2024-12-21T09:30:00,16,Inbound,Discovery,Completed,5,0.47,83,14,True
8997,2265,1,2024-03-12T10:45:00,27,Outbound,Check-In,Rescheduled,1,,,0,False
8998,1706,16,2024-12-11T12:15:00,0,Outbound,QBR,No Show,1,,,0,False
8999,41,12,2024-12-10T14:30:00,53,Outbound,Discovery,Completed,4,0.46,178,17,False
9000,2116,11,2022-11-12T11:45:00,25,Outbound,Technical Deep Dive,Completed,4,1.43,190,13,False
9001,4103,6,2023-11-05T12:30:00,29,Outbound,QBR,Completed,4,0.5,93,16,False
9002,1633,16,2023-04-07T12:30:00,42,Outbound,Demo,Completed,3,0.6,279,6,False
9003,350,2,2024-05-07T13:00:00,44,Inbound,Negotiation,Rescheduled,1,,,0,False
9004,4651,2,2024-12-01T13:00:00,34,Inbound,Technical Deep Dive,Completed,5,0.41,31,19,True
9005,2890,8,2030-06-15T10:00:00,29,Inbound,Negotiation,Completed,7,0.59,238,20,False
9006,1571,4,2024-07-20T09:30:00,1,Outbound,QBR,Voicemail,1,,,0,False
9007,2471,14,2022-09-16T13:30:00,56,Outbound,Follow-Up,Completed,8,0.44,119,4,False
9008,1812,3,2024-12-30T13:30:00,49,Inbound,Follow-Up,Completed,7,0.55,45,13,False
9009,4613,3,2024-04-25T13:45:00,51,Outbound,Follow-Up,Completed,6,1.16,119,10,True
9010,3498,8,2024-12-26T15:45:00,32,Inbound,Discovery,Completed,2,0.41,178,9,True
9011,741,8,2024-09-08T17:30:00,0,Outbound,Demo,No Show,1,,,0,False
9012,108,6,2024-05-22T14:30:00,26,Inbound,Demo,Completed,6,0.52,63,10,False
9013,744,9,2024-11-25T14:15:00,55,Outbound,Demo,Completed,6,0.55,179,6,True
9014,1016,1,2023-08-26T10:30:00,15,Outbound,QBR,Completed,5,1.27,186,16,False
9015,4985,10,2022-10-03T10:30:00,60,Inbound,Technical Deep Dive,Rescheduled,1,,,0,False
9016,3881,12,2024-01-22T15:45:00,53,Outbound,Demo,Completed,5,0.69,93,12,True
9017,4031,8,2024-08-16T17:15:00,42,Outbound,Check-In,Completed,4,0.46,157,5,False
9018,2748,11,2024-12-13T11:15:00,17,Outbound,Follow-Up,Completed,2,0.48,79,8,True
9019,3124,3,2024-12-11T14:45:00,36,Inbound,Technical Deep Dive,Completed,8,0.43,72,19,True
9020,1360,8,2021-05-28T09:45:00,47,Inbound,Demo,Rescheduled,1,,,0,False
9021,4819,15,2024-12-16T15:15:00,18,Outbound,Follow-Up,Completed,2,0.48,36,14,True
9022,3832,15,2024-12-20T09:00:00,56,Outbound,Follow-Up,Rescheduled,1,,,0,False
9023,4584,10,2024-03-20T11:00:00,19,Outbound,Negotiation,Completed,7,0.5,217,4,False
9024,4521,14,2030-06-15T10:00:00,33,Inbound,Demo,Completed,8,0.73,218,4,True
9025,645,5,2024-12-23T13:15:00,36,Outbound,Technical Deep Dive,Completed,2,0.64,143,9,False
9026,3589,7,2024-12-29T15:45:00,31,Inbound,Technical Deep Dive,Completed,4,0.68,234,13,True
9027,2677,13,2024-10-18T11:30:00,32,Outbound,Check-In,Completed,6,0.39,135,12,False
9028,449,8,2024-08-21T11:15:00,30,Outbound,Demo,Completed,6,0.57,155,6,True
9029,1353,12,2024-02-08T14:30:00,0,Outbound,Follow-Up,No Show,1,,,0,False
9030,456,10,2024-06-28T12:30:00,15,Inbound,Technical Deep Dive,Completed,7,0.66,42,5,False
9031,399,8,2024-11-27T15:00:00,25,Inbound,Check-In,Completed,4,0.76,195,8,False
9032,2240,15,2024-06-30T16:00:00,52,Outbound,Follow-Up,Completed,5,0.79,155,11,True
9033,1158,10,2022-03-23T10:30:00,21,Outbound,Technical Deep Dive,Completed,3,0.44,151,12,True
9034,383,15,2024-12-11T10:45:00,45,Outbound,QBR,Rescheduled,1,,,0,False
9035,2458,8,2024-09-28T09:00:00,26,Outbound,Technical Deep Dive,Completed,7,0.38,97,7,False
9036,4704,15,2024-11-18T12:15:00,16,Outbound,QBR,Completed,2,0.67,239,10,False
9037,3837,5,2024-12-17T15:00:00,55,Outbound,Check-In,Completed,8,0.37,173,12,False
9038,4411,7,2024-12-25T10:15:00,41,Inbound,Technical Deep Dive,Completed,6,0.61,224,10,True
9039,1613,10,2023-04-09T12:45:00,45,Inbound,Negotiation,Completed,5,0.57,41,11,True
9040,4136,5,2024-12-13T14:15:00,22,Inbound,Discovery,Completed,2,0.68,78,6,False
9041,4246,12,2024-01-15T13:45:00,3,Outbound,Technical Deep Dive,Voicemail,1,,,0,False
9042,1263,4,2022-10-23T10:30:00,53,Inbound,Demo,Completed,4,0.66,239,15,True
9043,2900,2,2022-09-29T15:45:00,59,Inbound,Technical Deep Dive,Completed,2,0.34,230,19,True
9044,3925,9,2023-08-10T13:45:00,51,Inbound,Demo,Completed,3,0.63,45,9,True
9045,1329,7,2023-12-06T08:15:00,15,Inbound,Technical Deep Dive,Completed,7,0.45,128,14,False
9046,1121,9,2024-04-27T13:30:00,54,Outbound,Technical Deep Dive,Completed,7,0.49,131,9,False
9047,1545,5,2022-03-06T12:00:00,36,Inbound,Follow-Up,Completed,8,0.44,100,16,False
9048,820,3,2024-06-02T13:30:00,47,Inbound,Check-In,Rescheduled,1,,,0,False
9049,4591,3,2024-09-29T14:45:00,0,Inbound,Technical Deep Dive,No Show,1,,,0,False
9050,1552,4,2024-04-15T14:45:00,27,Inbound,QBR,Completed,2,0.52,75,11,True
9051,2110,13,2024-12-05T11:00:00,19,Outbound,Technical Deep Dive,Completed,5,0.55,93,13,False
9052,1502,9,2024-11-17T15:45:00,1,Outbound,Check-In,Voicemail,1,,,0,False
9053,4028,12,2024-04-21T11:45:00,28,Outbound,Follow-Up,Completed,8,0.56,122,8,False
9054,3157,13,2024-09-20T11:30:00,28,Outbound,Demo,Completed,6,0.72,215,2,False
9055,3751,12,2024-12-14T11:00:00,16,Inbound,Check-In,Completed,4,0.4,129,13,False
9056,2989,12,2021-03-25T10:00:00,29,Outbound,Technical Deep Dive,Completed,4,0.47,220,18,False
9057,1750,10,2024-12-27T09:45:00,49,Inbound,Negotiation,Completed,8,0.6,74,12,True
9058,943,4,2023-03-09T11:00:00,41,Outbound,Negotiation,Completed,4,0.51,227,11,False
9059,173,5,2023-12-21T11:00:00,48,Inbound,Check-In,Completed,4,0.71,174,2,False
9060,3541,11,2024-02-23T11:15:00,58,Outbound,Negotiation,Completed,8,0.6,127,6,False
9061,1862,5,2020-08-27T12:15:00,28,Outbound,Follow-Up,Completed,7,0.45,134,4,False
9062,4835,14,2023-11-20T10:15:00,25,Outbound,Follow-Up,Completed,7,0.9,290,9,False
9063,1338,3,2024-12-04T14:15:00,18,Outbound,Technical Deep Dive,Completed,8,0.45,101,19,False
9064,3682,15,2024-05-22T13:30:00,57,Inbound,Technical Deep Dive,Completed,5,0.44,90,8,True
9065,3115,16,2024-12-24T15:15:00,59,Inbound,Follow-Up,Completed,3,0.68,206,2,False
9066,1951,15,2024-12-30T13:15:00,0,Outbound,QBR,No Show,1,,,0,False
9067,1577,3,2023-03-20T08:00:00,41,Inbound,Follow-Up,Completed,8,0.48,73,14,True
9068,2455,5,2024-11-22T16:00:00,38,Inbound,QBR,Completed,8,0.41,223,17,False
9069,4091,8,2024-12-07T10:00:00,,Inbound,Technical Deep Dive,Voicemail,1,,,0,False
9070,4442,5,2024-10-22T11:00:00,60,Inbound,Follow-Up,Completed,5,0.54,113,18,True
9071,3020,13,2023-04-06T12:30:00,15,Outbound,QBR,Completed,6,0.74,48,3,False
9072,1649,7,2024-06-27T14:30:00,25,Inbound,Follow-Up,Completed,7,0.36,58,16,True
9073,102,7,2024-12-07T14:45:00,56,Outbound,Follow-Up,Completed,2,0.59,112,15,True
9074,1279,2,2024-12-25T10:00:00,43,Outbound,QBR,Completed,2,0.41,119,13,True
9075,3569,15,2024-05-26T11:45:00,,Outbound,Negotiation,No Show,1,,,0,False
9076,2864,2,2024-08-06T14:45:00,34,Outbound,Technical Deep Dive,Completed,3,0.3,97,24,True
9077,1748,7,2022-12-02T08:15:00,54,Outbound,Technical Deep Dive,Completed,7,0.61,48,13,True
9078,1067,4,2024-08-20T13:00:00,-29,Outbound,QBR,Completed,7,0.8,127,7,False
9079,1201,10,2024-03-10T12:00:00,54,Outbound,Technical Deep Dive,Completed,5,0.58,223,8,False
9080,1699,6,2024-12-30T13:15:00,27,Outbound,Demo,Completed,2,0.36,72,25,False
9081,2510,8,2024-08-17T10:30:00,40,Inbound,Technical Deep Dive,Rescheduled,1,,,0,False
9082,301,4,2023-06-20T16:15:00,17,Outbound,Discovery,Completed,5,0.38,182,5,False
9083,4551,3,2024-12-29T11:15:00,37,Inbound,Demo,Rescheduled,1,,,0,False
9084,63,14,2023-07-18T13:15:00,41,Outbound,Follow-Up,Completed,3,1.09,39,6,True
9085,3402,2,2024-12-14T16:30:00,50,Outbound,Negotiation,Completed,6,0.36,42,10,True
9086,1476,10,2023-06-25T11:15:00,43,Inbound,Check-In,Rescheduled,1,,,0,False
9087,4412,10,2022-07-26T15:45:00,21,Outbound,Check-In,Completed,7,0.65,117,12,False
9088,4289,14,2024-03-13T14:15:00,50,Outbound,Follow-Up,Rescheduled,1,,,0,False
9089,1356,3,2023-09-21T09:45:00,49,Outbound,Demo,Completed,3,0.54,88,24,True
9090,3918,7,2023-05-14T09:15:00,0,Inbound,Discovery,No Show,1,,,0,False
9091,3702,4,2024-04-09T14:00:00,31,Inbound,QBR,Rescheduled,1,,,0,False
9092,1379,9,2022-08-15T11:45:00,26,Outbound,Discovery,Completed,5,0.67,126,8,False
9093,336,7,2024-09-08T13:00:00,35,Outbound,Negotiation,Completed,8,0.69,179,15,False
9094,1532,9,2024-11-22T08:00:00,,Outbound,QBR,Completed,4,0.46,69,18,False
9095,3666,8,2022-11-15T13:30:00,26,Outbound,Follow-Up,Completed,3,1.24,112,5,False
9096,1501,14,2024-10-18T11:30:00,47,Outbound,Demo,Completed,7,0.5,117,4,False
9097,2009,15,2024-12-16T15:45:00,19,Outbound,Check-In,Completed,4,0.8,116,11,False
9098,327,12,2024-11-15T15:15:00,19,Inbound,Technical Deep Dive,Completed,6,0.46,169,14,False
9099,496,11,2024-03-24T12:15:00,0,Outbound,Demo,No Show,1,,,0,False
9100,1610,5,2023-05-05T13:30:00,24,Outbound,Demo,Completed,7,0.66,63,5,True
9101,2929,3,2022-08-15T10:45:00,16,Inbound,Discovery,Rescheduled,1,,,0,False
9102,2413,10,2024-05-29T15:00:00,-32,Outbound,Follow-Up,Completed,4,0.57,176,2,True
9103,2323,11,2024-12-30T14:00:00,50,Inbound,Discovery,Completed,6,0.7,88,4,False
9104,596,1,2023-05-24T10:15:00,18,Outbound,Check-In,Completed,3,0.44,86,16,False
9105,1875,16,2024-12-11T10:15:00,20,Inbound,QBR,Completed,6,0.54,123,12,False
9106,3212,5,2024-06-07T10:15:00,19,Inbound,Check-In,Completed,4,0.38,236,7,False
9107,2271,10,2024-07-31T10:45:00,31,Inbound,Discovery,Completed,8,0.61,118,13,False
9108,1373,7,2022-01-02T11:15:00,2,Outbound,Check-In,Voicemail,1,,,0,False
9109,2037,12,2024-02-27T16:00:00,41,Outbound,Negotiation,Completed,5,0.81,170,9,False
9110,1703,4,2022-02-19T11:15:00,1,Outbound,Demo,Voicemail,1,,,0,False
9111,3990,15,2024-06-24T15:45:00,27,Outbound,Discovery,Completed,3,0.87,91,7,False
9112,2360,5,2021-03-30T13:00:00,30,Outbound,Technical Deep Dive,Completed,6,0.45,168,14,False
9113,846,1,2024-02-16T13:00:00,42,Outbound,Follow-Up,Completed,7,0.47,64,14,True
9114,2110,13,2024-12-11T16:15:00,50,Outbound,Discovery,Completed,6,0.67,96,13,False
9115,3405,13,2024-05-31T12:00:00,57,Outbound,Check-In,Completed,2,0.8,97,8,True
9116,4689,15,2024-05-01T11:15:00,0,Outbound,Negotiation,No Show,1,,,0,False
9117,2734,5,2023-05-24T15:00:00,17,Outbound,Technical Deep Dive,Completed,3,0.37,170,18,False
9118,4546,14,2023-03-17T10:45:00,38,Outbound,Discovery,Completed,8,0.87,241,1,False
9119,854,14,2024-12-26T12:00:00,43,Outbound,Negotiation,Completed,2,0.63,127,9,True
9120,1246,3,2023-01-21T14:00:00,0,Inbound,Follow-Up,No Show,1,,,0,False
9121,1450,13,2024-12-18T13:15:00,,Outbound,Technical Deep Dive,No Show,1,,,0,False
9122,1983,3,2024-11-14T13:15:00,0,Outbound,Discovery,No Show,1,,,0,False
9123,1414,10,2024-10-04T15:00:00,23,Outbound,QBR,Completed,5,0.54,166,13,True
9124,1940,9,2023-05-23T11:45:00,22,Inbound,Negotiation,Rescheduled,1,,,0,False
9125,1325,15,2024-08-02T10:30:00,17,Outbound,Discovery,Completed,4,0.58,188,12,False
9126,712,4,2023-05-19T15:30:00,22,Outbound,Follow-Up,Completed,5,0.38,124,14,True
9127,486,15,2024-12-19T12:00:00,38,Inbound,Discovery,Completed,4,0.72,147,6,True
9128,4766,14,2023-05-04T13:45:00,54,Outbound,Follow-Up,Completed,6,0.7,32,14,False
9129,2959,13,2023-11-24T12:15:00,44,Outbound,QBR,Completed,3,0.43,145,6,True
9130,490,15,2024-10-16T15:00:00,52,Outbound,Discovery,Completed,8,0.66,140,16,True
9131,2626,11,2024-12-11T17:30:00,0,Inbound,Follow-Up,No Show,1,,,0,False
9132,1102,2,2024-01-23T09:00:00,48,Outbound,Check-In,Completed,5,0.57,59,15,True
9133,4365,7,2024-02-04T11:00:00,51,Inbound,Negotiation,Completed,6,0.55,207,13,True
9134,4743,13,2030-06-15T10:00:00,0,Inbound,Negotiation,No Show,1,,,0,False
9135,1697,13,2024-10-12T12:15:00,49,Outbound,Check-In,Completed,2,0.62,57,2,False
9136,864,7,2023-08-07T09:45:00,0,Outbound,QBR,No Show,1,,,0,False
9137,684,15,2024-12-31T12:45:00,53,Outbound,Discovery,Rescheduled,1,,,0,False
9138,1653,16,2024-12-27T15:00:00,47,Outbound,Demo,Rescheduled,1,,,0,False
9139,3919,11,2024-12-07T13:15:00,36,Inbound,Demo,Rescheduled,1,,,0,False
9140,4560,5,2024-06-17T11:30:00,45,Outbound,Demo,Rescheduled,1,,,0,False
9141,3604,2,2023-02-04T12:45:00,59,Outbound,Demo,Completed,7,0.48,211,15,True
9142,3163,5,2024-12-24T16:45:00,38,Outbound,QBR,Completed,5,0.56,149,9,False
9143,2921,5,2021-03-23T10:15:00,38,Outbound,QBR,Completed,5,0.55,146,15,False
9144,685,13,2024-01-10T13:45:00,43,Inbound,Technical Deep Dive,Completed,5,0.58,68,7,True
9145,3257,10,2024-07-26T16:45:00,40,Outbound,Check-In,Completed,6,0.47,161,9,False
9146,4649,6,2023-07-28T16:15:00,0,Outbound,Check-In,No Show,1,,,0,False
9147,1308,8,2021-08-25T14:30:00,,Outbound,Negotiation,Completed,8,0.48,95,6,False
9148,3508,1,2024-08-16T13:15:00,60,Outbound,Discovery,Completed,3,0.35,222,10,True
9149,3061,7,2024-10-30T14:45:00,57,Inbound,Follow-Up,Completed,4,0.65,50,5,False
9150,1497,13,2022-03-06T10:45:00,58,Inbound,Check-In,Rescheduled,1,,,0,False
9151,910,11,2022-10-04T14:00:00,46,Outbound,Negotiation,Completed,8,0.51,44,18,True
9152,1840,13,2023-11-12T15:15:00,49,Outbound,Discovery,Completed,4,0.89,89,5,False
9153,3239,10,2024-11-10T14:45:00,32,Outbound,Discovery,Completed,3,0.67,49,14,True
9154,474,16,2024-10-19T11:45:00,0,Outbound,Follow-Up,No Show,1,,,0,False
9155,686,13,2024-01-25T09:30:00,0,Outbound,Discovery,No Show,1,,,0,False
9156,1871,5,2024-07-26T10:30:00,44,Outbound,Discovery,Completed,4,0.63,178,20,True
9157,3895,5,2023-01-30T14:15:00,54,Outbound,Technical Deep Dive,Completed,8,0.63,70,3,True
9158,2065,15,2024-11-06T16:30:00,42,Inbound,QBR,Completed,8,0.46,89,4,True
9159,2022,6,2024-05-30T10:00:00,58,Outbound,Follow-Up,Completed,4,0.61,124,16,True
9160,3903,7,2022-01-26T12:30:00,43,Inbound,Check-In,Completed,2,0.37,174,5,False
9161,642,10,2024-12-09T11:30:00,27,Outbound,QBR,Completed,8,0.6,148,4,True
9162,4651,2,2024-12-02T10:30:00,0,Outbound,Demo,No Show,1,,,0,False
9163,258,11,2024-12-28T12:30:00,41,Outbound,Technical Deep Dive,Rescheduled,1,,,0,False
9164,1856,2,2024-12-14T11:45:00,38,Outbound,Demo,Rescheduled,1,,,0,False
9165,4977,1,2024-09-21T11:15:00,29,Outbound,Check-In,Completed,7,0.29,47,18,True
9166,2411,7,2030-06-15T10:00:00,19,Outbound,Technical Deep Dive,Completed,3,0.7,51,4,False
9167,1224,7,2024-11-17T09:30:00,15,Outbound,Technical Deep Dive,Completed,8,0.59,32,7,False
9168,1719,8,2024-12-02T10:30:00,54,Outbound,Demo,Completed,8,0.35,44,16,True
9169,459,12,2024-05-13T12:30:00,46,Inbound,Follow-Up,Completed,8,0.67,68,7,False
9170,690,11,2022-04-27T12:15:00,47,Outbound,Negotiation,Rescheduled,1,,,0,False
9171,4920,6,2023-01-24T10:15:00,45,Outbound,Discovery,Completed,7,0.55,42,17,True
9172,4456,1,2023-06-08T12:15:00,21,Inbound,Demo,Completed,3,1.41,137,22,True
9173,3881,12,2023-11-05T09:00:00,33,Outbound,Technical Deep Dive,Completed,7,0.5,179,12,True
9174,396,2,2030-06-15T10:00:00,26,Outbound,Check-In,Completed,2,0.65,140,20,True
9175,975,3,2021-01-19T09:00:00,0,Outbound,Negotiation,No Show,1,,,0,False
9176,2817,9,2024-12-29T11:00:00,-36,Outbound,QBR,Completed,5,0.62,193,7,False
9177,3077,13,2023-05-22T12:45:00,37,Outbound,Discovery,Completed,4,0.68,168,8,False
9178,1521,6,2024-12-12T14:15:00,37,Outbound,QBR,Completed,6,0.5,59,10,True
9179,561,3,2024-12-25T10:30:00,48,Inbound,Check-In,Completed,8,0.53,51,16,True
9180,1570,6,2024-10-03T11:45:00,56,Outbound,Negotiation,Completed,4,0.64,234,9,True
9181,1804,4,2022-01-12T09:45:00,0,Inbound,Technical Deep Dive,No Show,1,,,0,False
9182,906,15,2024-12-05T09:45:00,40,Outbound,Negotiation,Completed,4,0.41,60,10,False
9183,2343,8,2024-10-18T15:30:00,3,Outbound,Check-In,Voicemail,1,,,0,False
9184,1115,15,2024-12-02T13:30:00,32,Outbound,Demo,Completed,8,1.04,117,11,True
9185,2142,8,2024-02-14T12:45:00,50,Outbound,Demo,Completed,8,0.68,31,4,False
9186,232,12,2024-03-07T13:15:00,55,Outbound,Check-In,Completed,5,0.65,107,6,False
9187,1622,12,2024-11-13T11:45:00,0,Outbound,Technical Deep Dive,No Show,1,,,0,False
9188,1748,7,2022-11-14T16:45:00,32,Outbound,QBR,Completed,4,0.51,57,16,False
9189,846,1,2024-03-21T11:30:00,0,Outbound,Check-In,No Show,1,,,0,False
9190,2799,13,2024-12-04T14:45:00,45,Inbound,Check-In,Completed,7,0.76,70,4,False
9191,833,6,2024-12-30T13:45:00,31,Outbound,Discovery,Rescheduled,1,,,0,False
9192,4547,2,2023-04-13T11:00:00,-26,Inbound,Negotiation,Completed,6,0.41,192,9,True
9193,360,16,2024-07-27T11:30:00,3,Outbound,Demo,Voicemail,1,,,0,False
9194,31,16,2024-12-08T17:45:00,31,Inbound,Demo,Completed,6,1.29,213,4,True
9195,1460,8,2024-11-14T14:15:00,47,Outbound,Technical Deep Dive,Completed,6,0.32,77,8,False
9196,2047,2,2023-08-03T11:45:00,43,Outbound,Check-In,Completed,6,0.43,66,8,True
9197,1672,14,2024-12-09T13:15:00,39,Outbound,Negotiation,Completed,8,0.77,202,9,False
9198,1666,7,2023-05-18T08:15:00,58,Outbound,QBR,Completed,3,0.49,150,12,True
9199,462,7,2024-03-04T10:30:00,56,Outbound,Check-In,Rescheduled,1,,,0,False
9200,755,9,2024-06-25T13:15:00,19,Outbound,Follow-Up,Completed,5,0.81,157,7,True
9201,1995,4,2023-01-03T11:15:00,49,Outbound,Check-In,Completed,8,1.1,112,12,False
9202,2418,9,2024-09-15T10:45:00,50,Outbound,Check-In,Completed,4,0.58,177,12,True
9203,1816,6,2022-07-05T11:45:00,57,Inbound,Demo,Completed,6,0.66,140,18,True
9204,2473,2,2024-12-30T13:15:00,25,Outbound,Demo,Completed,3,0.63,227,20,True
9205,2001,13,2023-04-06T16:30:00,56,Outbound,Follow-Up,Completed,7,0.72,159,12,True
9206,56,1,2024-01-15T10:00:00,57,Inbound,Check-In,Rescheduled,1,,,0,False
9207,3056,4,2024-12-10T12:00:00,43,Inbound,Negotiation,Completed,6,0.52,187,16,True
9208,1934,2,2024-11-12T16:30:00,55,Outbound,Discovery,Completed,2,0.48,101,18,False
9209,1718,1,2024-02-15T13:30:00,55,Outbound,Follow-Up,Rescheduled,1,,,0,False
9210,3806,4,2024-05-24T10:45:00,17,Outbound,Check-In,Completed,7,0.61,82,5,True
9211,4621,3,2024-06-27T11:30:00,0,Inbound,Demo,No Show,1,,,0,False
9212,2634,13,2022-01-19T12:15:00,46,Outbound,Check-In,Completed,6,0.54,200,2,True
9213,2121,5,2024-10-19T12:15:00,26,Outbound,Negotiation,Completed,8,0.39,191,10,False
9214,3830,4,2024-12-26T13:45:00,34,Outbound,Check-In,Completed,3,1.38,224,18,True
9215,2825,12,2022-02-14T09:15:00,41,Outbound,Follow-Up,Completed,6,0.54,76,17,False
9216,2626,11,2024-12-16T12:00:00,37,Outbound,Check-In,Completed,3,0.52,117,9,True
9217,2174,12,2024-03-24T12:00:00,30,Outbound,Technical Deep Dive,Rescheduled,1,,,0,False
9218,392,2,2024-05-07T11:00:00,33,Outbound,Technical Deep Dive,Completed,7,0.47,204,14,False
9219,3939,9,2022-04-17T11:30:00,34,Inbound,Technical Deep Dive,Rescheduled,1,,,0,False
9220,4798,5,2022-08-15T11:30:00,2,Outbound,Follow-Up,Voicemail,1,,,0,False
9221,3064,7,2022-05-08T13:00:00,0,Outbound,Check-In,No Show,1,,,0,False
9222,119,8,2024-07-26T13:00:00,56,Inbound,Demo,Completed,6,0.42,87,12,False
9223,4675,7,2024-08-20T11:15:00,23,Inbound,QBR,Rescheduled,1,,,0,False
9224,1130,10,2024-01-16T12:30:00,24,Inbound,QBR,Completed,8,0.4,170,13,True
9225,2174,12,2023-12-10T13:15:00,33,Outbound,Discovery,Completed,4,0.4,193,16,True
9226,2175,7,2024-03-31T16:30:00,45,Outbound,Technical Deep Dive,Completed,5,0.68,215,16,False
9227,3960,1,2024-10-04T10:30:00,0,Inbound,Technical Deep Dive,No Show,1,,,0,False
9228,2146,11,2021-11-26T16:15:00,49,Inbound,Follow-Up,Completed,6,0.72,155,7,False
9229,3594,6,2024-05-19T13:45:00,48,Outbound,Negotiation,Completed,4,0.53,197,15,False
9230,3351,15,2023-12-03T11:15:00,41,Inbound,Negotiation,Completed,2,0.56,230,3,True
9231,2441,15,2024-12-03T12:00:00,32,Outbound,Technical Deep Dive,Completed,8,1.33,60,14,False
9232,1801,10,2024-12-23T10:00:00,29,Inbound,QBR,Completed,3,0.56,235,8,False
9233,2963,9,2024-12-08T13:30:00,60,Inbound,Demo,Completed,2,0.71,220,15,True
9234,208,5,2023-02-11T14:45:00,0,Outbound,Negotiation,No Show,1,,,0,False
9235,552,9,2021-12-02T12:30:00,23,Inbound,Discovery,Completed,2,0.53,238,6,False
9236,1683,1,2024-03-05T14:45:00,40,Outbound,Follow-Up,Completed,7,0.56,228,15,True
9237,735,11,2024-08-01T12:15:00,28,Inbound,Discovery,Completed,2,0.55,42,12,False
9238,3140,13,2024-01-06T14:15:00,43,Outbound,QBR,Completed,6,0.67,108,13,False
9239,3226,9,2024-03-08T16:15:00,37,Inbound,QBR,Completed,4,0.72,104,8,True
9240,2762,6,2022-01-19T11:15:00,2,Inbound,QBR,Voicemail,1,,,0,False
9241,3959,13,2024-06-05T12:15:00,59,Outbound,Check-In,Completed,6,0.78,61,4,False
9242,902,3,2024-12-14T08:45:00,32,Inbound,Technical Deep Dive,Completed,2,0.64,189,7,False
9243,1349,9,2024-12-07T11:45:00,0,Outbound,Follow-Up,No Show,1,,,0,False
9244,1386,5,2022-11-01T13:15:00,42,Outbound,Negotiation,Completed,6,0.62,86,18,True
9245,308,15,2024-12-24T10:15:00,27,Outbound,Technical Deep Dive,Completed,8,0.57,145,10,False
9246,1338,3,2024-12-26T10:30:00,43,Outbound,Negotiation,Rescheduled,1,,,0,False
9247,3059,9,2024-07-09T17:45:00,60,Outbound,Check-In,Completed,3,0.56,100,9,True
9248,2769,14,2023-12-10T13:00:00,3,Outbound,Follow-Up,Voicemail,1,,,0,False
9249,4751,13,2024-12-19T13:30:00,30,Inbound,Check-In,Completed,7,0.59,63,14,False
9250,623,16,2024-12-25T09:00:00,41,Outbound,Negotiation,Rescheduled,1,,,0,False
9251,56,11,2021-12-10T12:15:00,34,Outbound,QBR,Completed,7,0.77,102,1,False
9252,4940,12,2024-12-02T13:00:00,35,Outbound,Discovery,Rescheduled,1,,,0,False
9253,873,7,2024-06-13T12:15:00,16,Inbound,Check-In,Completed,8,0.57,126,16,False
9254,3491,3,2024-12-09T14:15:00,15,Inbound,Check-In,Completed,7,0.7,77,10,False
9255,4717,11,2023-09-22T14:45:00,55,Outbound,QBR,Rescheduled,1,,,0,False
9256,249,7,2024-04-21T16:15:00,58,Outbound,Follow-Up,Completed,7,0.6,79,14,True
9257,3893,8,2023-09-18T17:15:00,30,Outbound,QBR,Completed,8,0.57,150,14,False
9258,470,15,2024-10-19T16:30:00,32,Outbound,Technical Deep Dive,Completed,4,0.84,87,9,False
9259,4966,4,2024-12-02T13:15:00,27,Outbound,Demo,Completed,3,0.42,135,9,False
9260,3074,11,2024-12-25T13:00:00,45,Outbound,Check-In,Completed,6,0.71,30,6,False
9261,2385,14,2024-06-20T08:00:00,31,Outbound,Check-In,Completed,3,0.62,101,10,True
9262,3349,5,2024-06-15T10:00:00,37,Outbound,QBR,Completed,2,0.42,81,16,False
9263,4843,12,2024-05-21T10:00:00,46,Inbound,Check-In,Rescheduled,1,,,0,False
9264,216,16,2024-09-30T08:30:00,0,Outbound,Demo,No Show,1,,,0,False
9265,3408,12,2024-06-19T13:00:00,,Outbound,Follow-Up,Completed,5,0.51,53,10,True
9266,75,11,2022-03-09T11:00:00,24,Outbound,Technical Deep Dive,Completed,2,0.7,70,14,False
9267,4680,6,2024-12-30T15:00:00,47,Outbound,Discovery,Completed,6,0.38,140,15,True
9268,4755,1,2024-12-04T14:30:00,59,Inbound,Demo,Completed,3,1.4,208,9,True
9269,133,15,2024-12-18T14:00:00,0,Outbound,Follow-Up,No Show,1,,,0,False
9270,2068,9,2023-02-04T14:00:00,39,Inbound,Technical Deep Dive,Completed,3,0.65,236,3,True
9271,4338,1,2023-06-09T11:00:00,36,Outbound,Technical Deep Dive,Completed,7,0.6,51,13,False
9272,4574,3,2022-12-19T13:45:00,0,Outbound,QBR,No Show,1,,,0,False
9273,155,6,2024-07-05T15:15:00,0,Outbound,Check-In,No Show,1,,,0,False
9274,4875,5,2023-10-08T11:45:00,39,Inbound,QBR,Rescheduled,1,,,0,False
9275,1616,10,2024-12-17T09:45:00,43,Inbound,Follow-Up,Completed,2,0.6,136,6,True
9276,2970,2,2024-09-11T12:45:00,29,Outbound,Demo,Completed,7,0.49,131,10,True
9277,568,2,2024-10-03T09:15:00,48,Inbound,Check-In,Completed,5,0.46,142,14,False
9278,2535,12,2022-09-10T14:30:00,33,Outbound,Negotiation,Completed,2,0.57,272,7,True
9279,4239,12,2024-02-11T11:30:00,2,Outbound,Follow-Up,Voicemail,1,,,0,False
9280,4851,5,2024-08-09T17:30:00,45,Outbound,Discovery,Completed,5,0.6,130,18,False
9281,2580,6,2024-12-31T16:30:00,0,Outbound,Discovery,No Show,1,,,0,False
9282,1447,6,2024-10-12T11:30:00,16,Outbound,Check-In,Completed,7,0.71,89,5,False
9283,4811,4,2023-01-19T13:15:00,0,Outbound,Negotiation,No Show,1,,,0,False
9284,1095,7,2023-04-05T17:00:00,25,Outbound,Check-In,Completed,6,0.47,219,14,False
9285,1408,11,2023-01-27T16:15:00,34,Inbound,Check-In,Completed,2,0.73,155,9,False
9286,4089,13,2024-09-24T10:30:00,51,Inbound,QBR,Completed,7,0.65,135,14,True
9287,1216,3,2024-09-01T14:45:00,43,Outbound,Technical Deep Dive,Rescheduled,1,,,0,False
9288,1912,10,2022-04-10T11:00:00,51,Inbound,Technical Deep Dive,Completed,6,0.43,65,3,False
9289,657,8,2024-11-26T15:30:00,59,Outbound,Check-In,Completed,3,0.6,118,4,True
9290,4694,12,2024-12-29T14:45:00,32,Outbound,Demo,Completed,5,0.52,211,13,True
9291,1321,7,2022-03-11T14:45:00,15,Outbound,QBR,Completed,2,0.37,69,11,False
9292,1448,12,2022-01-19T13:15:00,53,Outbound,Check-In,Completed,2,0.65,190,14,False
9293,3689,15,2024-12-31T15:30:00,42,Inbound,Check-In,Completed,5,0.61,160,12,False
9294,4607,1,2023-03-05T12:30:00,52,Outbound,Demo,Completed,2,0.5,66,18,True
9295,618,12,2024-12-20T15:15:00,60,Outbound,Demo,Rescheduled,1,,,0,False
9296,339,2,2021-04-25T12:45:00,36,Outbound,Technical Deep Dive,Completed,6,0.3,193,19,False
9297,2564,16,2024-12-19T16:00:00,51,Inbound,Follow-Up,Completed,7,0.53,175,7,True
9298,921,14,2024-12-07T15:30:00,26,Outbound,Negotiation,Completed,7,0.5,113,8,False
9299,4230,16,2024-12-21T12:00:00,50,Inbound,Demo,Completed,6,0.67,222,7,False
9300,1686,2,2023-07-20T15:15:00,42,Outbound,Check-In,Rescheduled,1,,,0,False
9301,1246,3,2023-04-02T17:00:00,39,Inbound,Check-In,Completed,6,0.32,59,26,True
9302,1937,8,2024-12-22T11:30:00,46,Outbound,Demo,Completed,2,0.4,54,14,True
9303,2556,5,2024-03-11T10:15:00,45,Outbound,Discovery,Completed,6,0.65,87,14,False
9304,3233,13,2023-12-08T13:45:00,47,Inbound,Discovery,Rescheduled,1,,,0,False
9305,1753,7,2030-06-15T10:00:00,54,Outbound,Check-In,Completed,5,0.74,157,10,True
9306,338,15,2024-11-13T12:30:00,3,Outbound,Negotiation,Voicemail,1,,,0,False
9307,1880,3,2024-09-02T16:15:00,18,Outbound,Negotiation,Completed,8,1.21,238,18,True
9308,3006,6,2023-08-13T15:15:00,31,Inbound,Check-In,Rescheduled,1,,,0,False
9309,956,3,2022-08-26T16:45:00,27,Outbound,Check-In,Completed,4,0.59,133,13,True
9310,3825,12,2024-05-10T12:15:00,27,Outbound,QBR,Completed,4,0.66,106,5,True
9311,4446,5,2024-12-12T11:00:00,39,Outbound,Discovery,Completed,8,0.48,55,17,False
9312,4281,4,2024-12-12T14:15:00,47,Inbound,Discovery,Completed,4,0.83,178,7,True
9313,2564,16,2024-12-18T12:00:00,30,Outbound,Discovery,Completed,3,0.49,176,9,True
9314,3532,16,2024-12-13T10:15:00,47,Inbound,Technical Deep Dive,Completed,4,0.69,53,12,False
9315,4959,10,2024-09-19T09:30:00,,Outbound,Follow-Up,Completed,5,0.57,142,12,False
9316,4394,5,2022-08-20T11:00:00,58,Outbound,Follow-Up,Rescheduled,1,,,0,False
9317,3002,11,2024-12-22T14:45:00,17,Outbound,Negotiation,Rescheduled,1,,,0,False
9318,2991,6,2023-06-25T11:00:00,39,Outbound,Follow-Up,Completed,5,0.65,160,18,False
9319,2901,12,2023-04-29T09:00:00,48,Outbound,QBR,Rescheduled,1,,,0,False
9320,893,1,2022-01-24T11:00:00,41,Outbound,Technical Deep Dive,Completed,6,1.36,145,10,False
9321,73,1,2023-06-09T12:45:00,0,Outbound,Technical Deep Dive,No Show,1,,,0,False
9322,2996,15,2024-07-13T12:00:00,22,Inbound,Discovery,Completed,4,0.46,230,12,True
9323,2968,9,2023-12-22T13:45:00,42,Outbound,Demo,Completed,7,0.68,166,7,False
9324,2145,11,2024-03-03T15:45:00,32,Outbound,Demo,Rescheduled,1,,,0,False
9325,802,2,2023-03-22T15:00:00,1,Outbound,Demo,Voicemail,1,,,0,False
9326,1646,1,2022-09-16T12:00:00,33,Outbound,Follow-Up,Completed,6,0.43,228,10,False
9327,252,15,2024-05-28T09:45:00,34,Outbound,Demo,Completed,8,0.41,100,11,True
9328,790,12,2023-04-30T16:15:00,30,Outbound,Discovery,Completed,5,1.29,230,8,False
9329,3459,9,2024-12-27T14:15:00,0,Inbound,Technical Deep Dive,No Show,1,,,0,False
9330,3091,12,2024-10-08T09:15:00,43,Outbound,Negotiation,Completed,5,0.35,56,16,True
9331,879,3,2024-02-10T15:30:00,2,Outbound,Follow-Up,Voicemail,1,,,0,False
9332,2750,10,2024-09-08T10:30:00,50,Outbound,Follow-Up,Completed,4,0.82,161,5,True
9333,3982,3,2024-11-22T16:15:00,23,Inbound,Demo,Completed,3,0.53,206,9,False
9334,4157,13,2023-04-18T14:30:00,42,Outbound,Negotiation,Completed,7,0.85,142,4,True
9335,2316,9,2024-04-17T11:30:00,38,Outbound,Check-In,Rescheduled,1,,,0,False
9336,4905,14,2023-11-17T15:00:00,33,Inbound,Negotiation,Completed,8,0.64,83,12,True
9337,1120,12,2023-10-02T12:15:00,29,Outbound,QBR,Completed,2,0.69,222,9,False
9338,1725,5,2020-12-04T12:45:00,53,Outbound,Demo,Completed,4,0.54,127,3,False
9339,1447,6,2024-08-23T08:45:00,56,Outbound,Check-In,Completed,5,0.73,243,3,False
9340,2222,4,2020-09-04T14:00:00,48,Inbound,Check-In,Completed,4,0.36,123,11,True
9341,3190,1,2024-12-23T15:00:00,20,Inbound,Demo,Completed,7,0.5,180,15,True
9342,1324,15,2024-12-20T08:15:00,0,Outbound,Demo,No Show,1,,,0,False
9343,487,3,2024-12-17T13:45:00,46,Inbound,Technical Deep Dive,Completed,7,0.5,200,4,False
9344,252,15,2024-07-12T14:30:00,55,Outbound,QBR,Completed,8,0.55,127,8,False
9345,967,4,2023-05-11T15:45:00,47,Outbound,Demo,Completed,2,0.69,47,13,False
9346,2751,1,2024-07-07T11:15:00,19,Outbound,Negotiation,Completed,5,0.49,134,24,True
9347,2156,6,2022-07-28T11:45:00,36,Inbound,Negotiation,Completed,2,0.52,47,5,True
9348,4931,9,2024-02-27T12:45:00,36,Outbound,Follow-Up,Completed,2,0.49,119,18,False
9349,1589,11,2024-08-10T12:45:00,18,Outbound,Demo,Completed,7,0.4,33,10,True
9350,746,11,2024-10-28T13:15:00,19,Outbound,Follow-Up,Completed,7,0.61,247,3,False
9351,4556,7,2024-01-02T15:15:00,35,Outbound,Negotiation,Completed,4,0.38,175,6,True
9352,1713,5,2024-12-01T12:45:00,33,Inbound,Discovery,Completed,3,0.53,143,6,False
9353,777,3,2023-09-13T11:15:00,57,Outbound,Discovery,Completed,5,0.5,218,9,False
9354,925,3,2022-01-11T11:15:00,18,Outbound,Discovery,Completed,4,0.34,78,12,False
9355,2262,15,2022-09-06T12:00:00,49,Outbound,Demo,Completed,7,0.45,59,10,True
9356,3328,16,2024-12-03T14:45:00,37,Inbound,Demo,Rescheduled,1,,,0,False
9357,2362,9,2021-08-18T13:15:00,0,Outbound,Negotiation,No Show,1,,,0,False
9358,1908,15,2024-12-07T14:30:00,19,Outbound,Discovery,Completed,3,0.53,100,9,False
9359,2778,11,2024-12-21T11:15:00,45,Inbound,Technical Deep Dive,Completed,2,0.88,160,9,True
9360,3482,12,2022-07-31T12:00:00,46,Outbound,Negotiation,Completed,2,0.7,129,12,False
9361,1447,15,2024-11-25T17:00:00,26,Outbound,Demo,Completed,8,0.56,89,8,False
9362,508,11,2022-07-01T12:15:00,0,Inbound,Negotiation,No Show,1,,,0,False
9363,4606,9,2024-11-20T12:15:00,,Outbound,Demo,Completed,6,0.44,184,9,False
9364,3257,10,2024-05-28T09:00:00,43,Outbound,Check-In,Completed,6,0.44,143,9,True
9365,4397,15,2024-11-25T13:45:00,,Outbound,Technical Deep Dive,Completed,2,0.5,37,16,False
9366,2903,13,2024-11-30T15:00:00,23,Outbound,QBR,Completed,7,0.51,157,11,False
9367,789,7,2022-06-10T09:45:00,49,Inbound,Demo,Completed,3,0.79,32,4,False
9368,4705,3,2024-10-09T10:00:00,38,Outbound,Discovery,Completed,6,0.66,166,15,False
9369,4828,2,2024-09-16T13:15:00,43,Outbound,Follow-Up,Completed,8,0.69,170,3,True
9370,1110,5,2024-12-11T15:15:00,55,Outbound,QBR,Rescheduled,1,,,0,False
9371,2155,12,2023-12-18T09:15:00,32,Inbound,Check-In,Completed,5,0.73,232,17,True
9372,1326,8,2024-02-06T11:00:00,37,Outbound,QBR,Completed,7,1.07,52,10,False
9373,400,14,2024-12-03T14:45:00,19,Outbound,Discovery,Completed,4,0.58,46,17,False
9374,838,10,2023-10-21T10:00:00,,Inbound,Negotiation,Completed,4,0.88,74,2,False
9375,2264,16,2024-07-03T11:30:00,22,Outbound,Discovery,Completed,5,1.35,88,9,False
9376,2891,6,2024-08-09T15:30:00,26,Outbound,Negotiation,Completed,3,0.81,166,7,True
9377,1340,13,2024-12-15T14:15:00,3,Outbound,Discovery,Voicemail,1,,,0,False
9378,41,12,2024-12-23T09:45:00,0,Outbound,QBR,No Show,1,,,0,False
9379,4289,14,2030-06-15T10:00:00,47,Outbound,QBR,Completed,5,0.62,68,11,False
9380,2464,5,2022-03-03T15:15:00,29,Inbound,Negotiation,Completed,5,0.65,66,13,False
9381,1094,1,2021-08-16T10:45:00,25,Outbound,Demo,Completed,2,0.45,160,21,False
9382,1445,10,2024-10-09T16:15:00,26,Outbound,Demo,Rescheduled,1,,,0,False
9383,2661,16,2024-02-15T09:45:00,16,Inbound,Check-In,Completed,6,0.43,130,11,False
9384,263,10,2024-06-29T09:00:00,15,Outbound,Technical Deep Dive,Completed,7,0.85,233,6,True
9385,3656,8,2021-05-04T14:45:00,39,Outbound,Discovery,Completed,6,0.69,122,20,False
9386,4031,8,2024-07-04T15:30:00,44,Outbound,Negotiation,Completed,6,0.6,141,14,False
9387,1364,13,2024-12-29T12:30:00,54,Inbound,Technical Deep Dive,Completed,2,0.57,122,11,False
9388,1131,9,2021-11-06T15:30:00,0,Outbound,Negotiation,No Show,1,,,0,False
9389,490,15,2024-11-18T13:15:00,37,Inbound,Discovery,Rescheduled,1,,,0,False
9390,4215,6,2021-03-16T14:00:00,0,Outbound,Demo,No Show,1,,,0,False
9391,30,9,2024-12-26T11:30:00,57,Outbound,Follow-Up,Completed,2,0.49,142,8,True
9392,3746,14,2021-02-09T11:30:00,,Inbound,Follow-Up,Completed,4,0.72,138,7,False
9393,4655,6,2023-05-27T14:00:00,47,Outbound,Technical Deep Dive,Rescheduled,1,,,0,False
9394,997,16,2024-11-30T12:30:00,40,Outbound,QBR,Completed,3,0.7,72,4,False
9395,832,13,2024-10-08T10:00:00,3,Inbound,Check-In,Voicemail,1,,,0,False
9396,2691,9,2021-10-23T11:15:00,23,Outbound,Technical Deep Dive,Completed,2,0.45,179,5,True
9397,4774,2,2024-09-30T14:00:00,17,Inbound,Negotiation,Completed,5,0.61,151,21,True
9398,3614,13,2024-11-30T10:15:00,59,Outbound,Demo,Completed,8,0.78,157,5,False
9399,588,14,2024-12-20T13:45:00,15,Inbound,QBR,Completed,4,0.74,191,10,False
9400,1206,1,2020-11-07T14:15:00,47,Outbound,Discovery,Completed,5,0.59,45,22,False
9401,906,15,2024-12-01T11:15:00,47,Outbound,Follow-Up,Completed,4,1.02,35,12,True
9402,829,7,2024-10-08T14:30:00,58,Outbound,Discovery,Rescheduled,1,,,0,False
9403,2547,7,2023-12-11T17:15:00,36,Outbound,Check-In,Completed,7,0.52,90,18,True
9404,939,7,2024-05-01T09:00:00,45,Outbound,Demo,Completed,8,0.54,111,9,True
9405,1601,10,2024-12-22T10:00:00,45,Outbound,Check-In,Completed,8,0.34,44,11,True
9406,4973,7,2022-11-23T14:30:00,26,Outbound,Discovery,Completed,7,0.61,127,8,False
9407,1038,14,2024-12-22T09:30:00,36,Outbound,Technical Deep Dive,Completed,3,0.65,156,7,True
9408,1164,5,2023-05-03T11:15:00,58,Outbound,Check-In,Completed,5,0.63,53,19,True
9409,2897,6,2021-06-28T11:15:00,24,Outbound,QBR,Completed,5,0.63,164,6,True
9410,3336,14,2024-08-16T08:45:00,2,Outbound,Check-In,Voicemail,1,,,0,False
9411,3209,2,2023-05-18T14:00:00,1,Outbound,Negotiation,Voicemail,1,,,0,False
9412,3063,7,2024-12-07T13:00:00,0,Inbound,Follow-Up,No Show,1,,,0,False
9413,1142,3,2024-01-25T10:45:00,3,Outbound,Technical Deep Dive,Voicemail,1,,,0,False
9414,2920,7,2022-05-28T15:00:00,51,Outbound,Follow-Up,Rescheduled,1,,,0,False
9415,479,13,2024-08-20T11:00:00,23,Outbound,Technical Deep Dive,Completed,2,0.45,73,8,False
9416,3061,7,2024-12-22T08:15:00,38,Inbound,Technical Deep Dive,Completed,4,0.68,201,3,False
9417,2081,4,2024-09-22T10:00:00,43,Outbound,Follow-Up,Completed,7,0.5,194,6,True
9418,689,16,2024-12-31T08:45:00,47,Outbound,Follow-Up,Completed,4,0.45,97,10,False
9419,4705,3,2024-11-25T14:30:00,51,Inbound,QBR,Rescheduled,1,,,0,False
9420,1588,4,2024-05-24T11:45:00,56,Inbound,Demo,Completed,8,0.54,215,8,True
9421,4817,10,2023-09-16T10:30:00,35,Outbound,Check-In,Completed,3,0.41,56,14,False
9422,4074,11,2023-09-19T14:00:00,19,Outbound,Discovery,Completed,8,0.47,112,8,False
9423,4767,15,2024-07-22T12:30:00,47,Outbound,Negotiation,Completed,5,0.55,134,9,True
9424,33,12,2022-10-04T14:45:00,60,Outbound,Discovery,Rescheduled,1,,,0,False
9425,3643,4,2022-10-15T11:45:00,41,Outbound,Discovery,Rescheduled,1,,,0,False
9426,2945,16,2024-12-30T09:45:00,58,Outbound,Discovery,Completed,7,0.45,193,13,True
9427,1334,4,2023-11-20T10:45:00,23,Outbound,Technical Deep Dive,Completed,6,0.55,84,10,False
9428,4081,10,2024-12-10T10:15:00,40,Outbound,Technical Deep Dive,Completed,8,0.73,60,4,True
9429,417,13,2024-08-25T15:15:00,56,Outbound,QBR,Completed,3,0.83,45,7,True
9430,1011,9,2024-11-18T09:45:00,54,Outbound,Check-In,Rescheduled,1,,,0,False
9431,3691,13,2023-04-30T12:30:00,38,Outbound,Negotiation,Completed,4,0.39,42,11,False
9432,2024,12,2021-07-21T11:00:00,27,Outbound,QBR,Completed,5,0.73,60,15,True
9433,2750,10,2024-08-06T13:30:00,36,Outbound,Negotiation,Completed,5,0.78,211,9,False
9434,2369,14,2024-09-16T11:45:00,,Outbound,Technical Deep Dive,Rescheduled,1,,,0,False
9435,3102,1,2023-07-23T10:15:00,27,Inbound,Technical Deep Dive,Completed,5,0.58,68,8,False
9436,2244,1,2024-07-09T12:15:00,31,Outbound,Discovery,Completed,8,0.7,128,12,True
9437,139,7,2024-09-29T13:30:00,40,Inbound,Discovery,Completed,6,0.53,158,18,True
9438,3800,8,2024-08-21T13:45:00,,Outbound,Technical Deep Dive,Voicemail,1,,,0,False
9439,4685,13,2024-12-10T11:00:00,38,Outbound,QBR,Completed,4,0.68,222,2,False
9440,2535,12,2022-08-31T16:00:00,0,Outbound,Negotiation,No Show,1,,,0,False
9441,4839,4,2030-06-15T10:00:00,20,Outbound,Follow-Up,Completed,5,0.43,65,8,True
9442,4834,14,2023-12-26T15:45:00,3,Inbound,Technical Deep Dive,Voicemail,1,,,0,False
9443,3280,10,2023-09-02T12:00:00,28,Outbound,Discovery,Completed,6,0.47,144,10,False
9444,2449,2,2024-06-05T16:30:00,27,Outbound,QBR,Completed,8,0.49,275,8,True
9445,4675,7,2024-07-31T14:45:00,49,Outbound,Negotiation,Completed,7,0.72,105,7,True
9446,1596,16,2023-11-20T10:45:00,19,Outbound,Negotiation,Completed,5,0.86,248,7,True
9447,2656,10,2024-12-17T13:45:00,31,Outbound,Negotiation,Completed,6,0.47,79,13,True
9448,668,13,2024-04-26T14:00:00,49,Outbound,Negotiation,Rescheduled,1,,,0,False
9449,188,13,2024-12-06T16:30:00,54,Outbound,Check-In,Completed,4,0.55,186,10,False
9450,2277,6,2024-12-09T15:45:00,0,Inbound,Follow-Up,No Show,1,,,0,False
9451,3590,16,2022-11-22T13:00:00,50,Outbound,Follow-Up,Completed,5,0.86,150,8,False
9452,1910,3,2022-12-23T10:00:00,31,Outbound,Discovery,Completed,2,0.32,33,26,True
9453,3291,16,2024-12-28T13:45:00,54,Outbound,Technical Deep Dive,Completed,3,0.44,202,11,False
9454,2982,9,2023-06-09T11:30:00,52,Outbound,Follow-Up,Completed,2,1.35,165,16,False
9455,2294,6,2022-12-12T12:00:00,17,Outbound,Negotiation,Completed,4,0.72,269,4,False
9456,2018,13,2024-12-09T12:00:00,35,Inbound,Discovery,Rescheduled,1,,,0,False
9457,3185,8,2024-12-31T10:45:00,48,Outbound,Technical Deep Dive,Completed,4,0.63,203,7,False
9458,486,15,2024-12-27T10:00:00,42,Outbound,Check-In,Rescheduled,1,,,0,False
9459,3481,5,2024-12-08T15:15:00,52,Outbound,QBR,Completed,6,0.42,170,18,True
9460,1024,9,2024-06-01T15:00:00,32,Outbound,Negotiation,Completed,6,0.46,167,18,True
9461,1557,10,2024-11-05T10:45:00,43,Outbound,Technical Deep Dive,Completed,5,0.34,151,18,False
9462,1808,7,2024-12-05T08:45:00,49,Outbound,Follow-Up,Completed,3,1.2,173,7,False
9463,2051,6,2021-09-01T10:45:00,19,Outbound,QBR,Completed,3,0.56,172,20,True
9464,4453,7,2024-08-26T16:45:00,17,Outbound,Discovery,Rescheduled,1,,,0,False
9465,1036,11,2024-11-11T16:30:00,36,Outbound,Demo,Completed,6,0.58,179,15,False
9466,3629,3,2024-05-24T12:15:00,28,Outbound,Technical Deep Dive,Completed,6,0.47,138,8,True
9467,719,4,2024-07-27T12:45:00,0,Outbound,Technical Deep Dive,No Show,1,,,0,False
9468,2628,11,2024-04-27T10:30:00,22,Inbound,QBR,Completed,5,0.41,82,15,False
9469,2302,2,2024-12-12T13:00:00,49,Outbound,Check-In,Completed,7,0.31,167,21,False
9470,263,10,2024-08-26T13:15:00,17,Outbound,Discovery,Completed,2,0.75,261,2,False
9471,3423,9,2024-05-27T16:30:00,30,Outbound,Check-In,Completed,7,0.59,57,6,False
9472,2203,8,2030-06-15T10:00:00,45,Outbound,Follow-Up,Completed,8,0.61,112,17,True
9473,4963,16,2024-10-31T09:30:00,25,Outbound,QBR,Rescheduled,1,,,0,False
9474,4696,4,2022-08-08T09:00:00,,Outbound,Negotiation,Completed,4,0.43,121,20,False
9475,1207,14,2024-12-11T17:15:00,18,Outbound,Follow-Up,Completed,8,0.49,78,3,False
9476,4950,9,2023-10-13T12:30:00,57,Outbound,Technical Deep Dive,Rescheduled,1,,,0,False
9477,4496,1,2024-02-02T15:15:00,36,Outbound,Follow-Up,Completed,5,0.61,240,18,False
9478,4687,10,2024-09-02T15:30:00,29,Inbound,Negotiation,Completed,2,0.69,83,6,True
9479,4137,13,2022-11-25T12:45:00,23,Outbound,Demo,Completed,5,0.42,83,10,True
9480,4218,10,2024-06-06T10:30:00,55,Outbound,Demo,Completed,5,0.63,230,17,False
9481,81,9,2023-03-08T14:45:00,22,Outbound,Discovery,Completed,6,0.58,83,14,False
9482,4264,15,2024-11-27T14:00:00,21,Outbound,Follow-Up,Completed,4,0.56,221,14,False
9483,2864,2,2024-08-27T13:00:00,57,Inbound,QBR,Completed,3,0.42,71,13,True
9484,1616,10,2024-12-08T14:45:00,3,Outbound,Technical Deep Dive,Voicemail,1,,,0,False
9485,715,14,2024-08-17T09:45:00,33,Outbound,Check-In,Completed,5,0.65,138,4,True
9486,677,7,2024-12-13T11:15:00,47,Inbound,Negotiation,Completed,6,0.65,146,5,True
9487,3252,8,2024-10-30T13:00:00,29,Inbound,Demo,Completed,8,0.36,66,5,False
9488,3508,1,2024-08-10T08:30:00,58,Outbound,Demo,Completed,7,0.44,116,16,False
9489,4484,15,2024-12-31T09:00:00,45,Outbound,Technical Deep Dive,Completed,8,0.42,178,8,True
9490,2196,7,2024-07-30T14:45:00,31,Outbound,Follow-Up,Completed,8,0.58,218,17,True
9491,2391,12,2024-11-17T08:00:00,36,Outbound,Discovery,Completed,3,0.47,30,17,False
9492,3758,4,2024-09-20T16:00:00,15,Outbound,Technical Deep Dive,Completed,5,0.67,116,16,False
9493,2912,10,2024-06-11T13:00:00,38,Outbound,Check-In,Completed,7,0.58,101,9,True
9494,2326,7,2024-12-09T13:15:00,15,Inbound,Negotiation,Completed,4,0.69,224,15,False
9495,725,2,2024-08-23T12:15:00,31,Inbound,Check-In,Completed,3,0.58,58,7,False
9496,877,15,2024-12-03T08:45:00,34,Outbound,Follow-Up,Completed,2,0.82,204,4,False
9497,2788,11,2024-02-03T14:30:00,0,Inbound,Negotiation,No Show,1,,,0,False
9498,1413,3,2024-12-21T10:00:00,36,Outbound,QBR,Completed,4,0.37,63,6,True
9499,780,11,2023-01-30T10:00:00,24,Outbound,QBR,Completed,8,0.59,72,10,True
9500,2754,12,2030-06-15T10:00:00,0,Inbound,Discovery,No Show,1,,,0,False
9501,2696,8,2024-12-22T10:45:00,59,Outbound,Check-In,Completed,8,0.49,169,8,False
9502,3284,6,2023-11-20T11:45:00,23,Outbound,Discovery,Completed,7,1.09,35,19,True
9503,3682,15,2024-07-03T10:45:00,59,Outbound,Discovery,Completed,4,0.48,67,12,True
9504,814,12,2024-12-30T11:15:00,41,Outbound,Check-In,Completed,7,0.44,32,6,False
9505,4241,5,2024-12-06T16:45:00,52,Outbound,Discovery,Completed,8,0.4,206,20,True
9506,3629,3,2024-07-09T16:15:00,48,Outbound,Discovery,Completed,2,0.57,152,10,False
9507,3192,9,2030-06-15T10:00:00,-49,Outbound,Check-In,Completed,6,0.39,107,8,True
9508,3284,6,2023-12-19T11:00:00,22,Outbound,Follow-Up,Completed,7,0.54,222,5,True
9509,3780,12,2024-12-22T15:15:00,15,Outbound,QBR,Completed,3,0.78,295,10,True
9510,2230,13,2024-01-16T11:00:00,0,Outbound,QBR,No Show,1,,,0,False
9511,3594,6,2024-08-14T14:30:00,32,Inbound,Follow-Up,Completed,4,0.76,287,5,False
9512,4893,12,2024-12-27T13:30:00,48,Outbound,Discovery,Completed,3,0.55,175,5,True
9513,296,1,2024-02-08T15:00:00,37,Inbound,Check-In,Completed,3,0.37,214,12,True
9514,4744,16,2024-06-19T11:45:00,20,Outbound,Negotiation,Completed,4,0.5,140,8,True
9515,222,12,2023-11-15T14:45:00,45,Outbound,Technical Deep Dive,Completed,2,0.61,86,10,False
9516,4911,13,2030-06-15T10:00:00,2,Outbound,Check-In,Voicemail,1,,,0,False
9517,4954,6,2024-09-20T08:00:00,36,Outbound,Negotiation,Completed,6,0.41,192,9,True
9518,1540,9,2024-11-08T14:15:00,-43,Inbound,Technical Deep Dive,Completed,5,0.46,48,11,True
9519,3867,6,2023-07-13T11:00:00,31,Outbound,Discovery,Completed,6,0.54,133,8,False
9520,1075,13,2024-10-18T14:30:00,57,Outbound,Technical Deep Dive,Completed,5,0.81,169,2,False
9521,3097,6,2022-11-29T12:00:00,52,Outbound,Follow-Up,Completed,7,0.4,70,8,False
9522,4038,2,2024-12-21T13:30:00,44,Outbound,Discovery,Completed,5,0.29,128,26,True
9523,2155,12,2023-12-01T13:00:00,51,Outbound,Discovery,Completed,8,0.38,63,11,True
9524,1252,13,2023-02-08T12:45:00,25,Outbound,Negotiation,Rescheduled,1,,,0,False
9525,2427,10,2023-04-22T10:00:00,16,Outbound,Follow-Up,Completed,5,0.55,234,18,False
9526,3059,9,2024-05-22T12:30:00,26,Outbound,Technical Deep Dive,Rescheduled,1,,,0,False
9527,3,12,2030-06-15T10:00:00,30,Outbound,Negotiation,Completed,8,0.41,96,4,False
9528,4259,14,2024-12-11T08:15:00,35,Outbound,Demo,Completed,7,0.59,97,10,False
9529,1755,2,2024-04-18T14:45:00,1,Inbound,Follow-Up,Voicemail,1,,,0,False
9530,3636,14,2024-04-21T15:30:00,36,Outbound,Follow-Up,Completed,2,0.44,122,7,False
9531,3215,10,2024-10-14T12:15:00,0,Inbound,Check-In,No Show,1,,,0,False
9532,3004,16,2024-10-28T10:30:00,51,Outbound,QBR,Completed,4,1.31,156,14,True
9533,1034,7,2024-03-09T14:15:00,57,Inbound,QBR,Rescheduled,1,,,0,False
9534,715,14,2024-08-07T12:00:00,0,Inbound,Check-In,No Show,1,,,0,False
9535,1779,6,2022-06-19T13:15:00,48,Inbound,Check-In,Completed,2,0.43,149,19,True
9536,4337,7,2024-01-29T10:15:00,54,Outbound,Demo,Completed,6,0.38,209,6,True
9537,1606,12,2024-12-31T10:30:00,41,Outbound,Follow-Up,Rescheduled,1,,,0,False
9538,4418,2,2024-12-27T08:30:00,28,Inbound,Discovery,Completed,6,0.53,45,9,True
9539,962,10,2024-01-12T09:00:00,48,Inbound,Negotiation,Completed,6,0.85,136,11,False
9540,3887,2,2024-04-19T15:45:00,41,Outbound,Discovery,Completed,7,0.47,239,14,True
9541,952,1,2021-12-02T09:45:00,24,Inbound,Follow-Up,Completed,5,0.34,238,16,True
9542,1010,1,2022-01-07T14:15:00,-18,Outbound,Check-In,Completed,2,0.56,41,16,False
9543,3570,5,2021-09-18T12:00:00,33,Inbound,Technical Deep Dive,Completed,4,0.48,33,15,True
9544,658,9,2024-12-19T13:15:00,23,Outbound,Follow-Up,Rescheduled,1,,,0,False
9545,4326,16,2024-12-05T10:45:00,56,Outbound,Discovery,Completed,8,0.5,88,12,False
9546,863,1,2022-03-13T08:45:00,19,Outbound,Demo,Completed,2,0.6,110,16,True
9547,2579,10,2024-02-18T09:45:00,51,Outbound,Discovery,Completed,8,0.57,217,4,False
9548,3599,10,2024-11-29T10:00:00,53,Inbound,Follow-Up,Completed,5,0.56,191,5,True
9549,79,4,2024-08-02T12:30:00,28,Inbound,Check-In,Completed,6,0.49,97,7,True
9550,2580,6,2024-12-24T08:00:00,0,Inbound,Technical Deep Dive,No Show,1,,,0,False
9551,4551,3,2024-12-08T14:45:00,45,Outbound,Follow-Up,Completed,2,0.32,98,7,False
9552,4798,5,2022-11-03T12:45:00,55,Outbound,Technical Deep Dive,Completed,3,0.42,65,12,False
9553,1239,15,2024-08-13T16:30:00,57,Inbound,Discovery,Completed,7,0.47,237,15,False
9554,27,4,2024-06-10T10:00:00,59,Outbound,Follow-Up,Completed,7,0.36,56,9,True
9555,2647,15,2024-12-04T16:15:00,46,Inbound,Follow-Up,Completed,8,1.47,185,1,False
9556,336,7,2024-11-09T14:45:00,26,Outbound,Follow-Up,Completed,3,0.68,141,6,True
9557,4226,9,2030-06-15T10:00:00,39,Outbound,Negotiation,Completed,6,0.83,245,2,False
9558,1415,8,2024-03-31T10:15:00,56,Outbound,Check-In,Completed,5,0.57,46,11,True
9559,3891,1,2024-06-25T11:30:00,59,Outbound,Check-In,Completed,5,0.43,107,18,False
9560,1758,11,2024-09-28T10:45:00,47,Outbound,Follow-Up,Completed,8,0.44,159,9,False
9561,761,5,2023-11-04T10:45:00,27,Outbound,Technical Deep Dive,Completed,8,0.47,129,18,False
9562,1203,3,2024-03-23T10:00:00,33,Outbound,Follow-Up,Completed,3,0.42,221,13,True
9563,3177,13,2024-12-15T15:30:00,16,Inbound,Check-In,Completed,3,0.59,219,7,False
9564,4461,9,2024-12-17T10:00:00,53,Outbound,Discovery,Completed,6,0.5,122,13,False
9565,1198,3,2020-05-31T13:45:00,21,Inbound,Demo,Completed,8,0.61,227,8,False
9566,877,15,2024-12-20T11:30:00,,Inbound,Negotiation,Completed,8,0.89,64,10,False
9567,2637,1,2024-08-03T12:00:00,25,Inbound,Discovery,Completed,6,0.52,158,6,False
9568,1610,5,2023-07-22T16:30:00,0,Outbound,Follow-Up,No Show,1,,,0,False
9569,1137,2,2024-11-04T14:30:00,49,Inbound,Negotiation,Completed,4,0.57,213,6,True
9570,1377,14,2024-12-16T13:00:00,0,Inbound,Negotiation,No Show,1,,,0,False
9571,3888,15,2024-12-16T16:00:00,,Inbound,Follow-Up,Completed,5,0.42,152,16,True
9572,126,2,2023-12-23T12:15:00,51,Inbound,Negotiation,Completed,5,0.47,52,16,False
9573,4668,5,2021-12-12T13:00:00,43,Outbound,Check-In,Completed,5,0.71,134,14,False
9574,3834,1,2024-05-13T11:00:00,2,Inbound,Negotiation,Voicemail,1,,,0,False
9575,692,15,2024-12-26T16:30:00,48,Outbound,Discovery,Rescheduled,1,,,0,False
9576,1497,13,2022-01-05T12:30:00,33,Outbound,Negotiation,Completed,7,0.65,176,12,False
9577,1593,12,2024-09-11T11:15:00,32,Inbound,QBR,Completed,3,0.72,221,5,False
9578,1011,9,2024-11-23T10:45:00,57,Outbound,Check-In,Completed,7,0.58,256,10,False
9579,1979,12,2024-08-06T10:15:00,22,Outbound,Demo,Completed,3,0.47,155,3,True
9580,2998,1,2024-12-12T11:15:00,22,Outbound,Discovery,Completed,5,0.44,71,21,True
9581,2539,15,2024-02-13T17:00:00,36,Inbound,QBR,Completed,5,0.73,132,3,False
9582,1253,8,2024-01-25T12:45:00,52,Outbound,Check-In,Completed,6,0.64,118,8,False
9583,4871,14,2022-10-17T10:45:00,,Inbound,QBR,Completed,4,0.73,169,9,True
9584,599,6,2024-09-11T10:45:00,34,Inbound,Follow-Up,Completed,4,1.43,105,4,False
9585,1378,6,2024-09-09T11:45:00,55,Outbound,Follow-Up,Completed,7,0.66,142,20,False
9586,4171,4,2024-03-10T10:30:00,48,Outbound,Check-In,Completed,2,0.63,71,6,False
9587,3985,7,2030-06-15T10:00:00,0,Outbound,Check-In,No Show,1,,,0,False
9588,1696,6,2023-07-06T12:00:00,0,Outbound,Follow-Up,No Show,1,,,0,False
9589,3471,7,2024-12-16T15:30:00,47,Outbound,Follow-Up,Completed,2,0.63,267,4,False
9590,3769,4,2024-12-17T13:45:00,0,Outbound,QBR,No Show,1,,,0,False
9591,3647,2,2024-09-10T11:45:00,42,Inbound,QBR,Completed,8,0.56,132,9,True
9592,2572,12,2023-12-05T13:00:00,44,Outbound,Check-In,Rescheduled,1,,,0,False
9593,2301,8,2022-09-01T15:30:00,39,Outbound,QBR,Completed,6,1.11,176,6,True
9594,3233,13,2024-02-10T12:45:00,42,Outbound,Negotiation,Rescheduled,1,,,0,False
9595,2347,11,2023-09-05T14:00:00,0,Outbound,Negotiation,No Show,1,,,0,False
9596,1428,2,2030-06-15T10:00:00,15,Outbound,QBR,Completed,8,0.53,163,21,True
9597,886,10,2024-12-30T11:00:00,51,Outbound,Technical Deep Dive,Completed,6,0.57,166,10,False
9598,3373,7,2030-06-15T10:00:00,18,Outbound,Demo,Completed,7,0.68,68,7,True
9599,443,7,2024-06-05T11:15:00,-36,Inbound,QBR,Completed,3,0.68,194,5,False
9600,147,13,2024-12-10T16:45:00,30,Outbound,Demo,Rescheduled,1,,,0,False
9601,3684,15,2024-12-21T12:15:00,0,Outbound,Technical Deep Dive,No Show,1,,,0,False
9602,2210,15,2024-04-02T13:00:00,26,Inbound,Technical Deep Dive,Completed,7,0.69,124,6,False
9603,3989,2,2024-05-03T12:00:00,16,Outbound,Technical Deep Dive,Completed,6,0.62,31,4,False
9604,4164,1,2021-07-09T14:00:00,,Outbound,QBR,Completed,4,0.46,157,7,True
9605,2102,8,2024-12-13T10:15:00,17,Outbound,Negotiation,Completed,5,0.58,195,14,True
9606,3249,9,2022-05-10T16:45:00,44,Inbound,Demo,Completed,4,1.27,128,15,False
9607,1803,3,2023-04-11T16:00:00,16,Outbound,Demo,Completed,8,0.47,101,6,True
9608,523,14,2024-07-03T15:15:00,0,Outbound,Discovery,No Show,1,,,0,False
9609,1672,14,2024-12-18T11:15:00,38,Outbound,Demo,Rescheduled,1,,,0,False
9610,3700,12,2023-12-12T11:15:00,38,Outbound,Discovery,Completed,4,0.56,138,9,True
9611,4309,12,2024-12-04T12:45:00,16,Outbound,Demo,Completed,6,0.48,122,12,False
9612,2007,16,2024-07-14T11:15:00,32,Outbound,Technical Deep Dive,Completed,2,0.57,81,8,True
9613,1669,15,2024-12-07T15:45:00,34,Inbound,Check-In,Completed,5,0.69,218,15,True
9614,309,2,2022-09-10T14:00:00,58,Inbound,Discovery,Completed,7,0.35,91,18,True
9615,4809,8,2024-04-06T09:45:00,37,Inbound,Negotiation,Completed,7,0.35,124,15,False
9616,4495,3,2024-05-05T15:15:00,2,Outbound,Technical Deep Dive,Voicemail,1,,,0,False
9617,3093,16,2024-12-25T11:45:00,24,Outbound,QBR,Completed,4,0.47,45,16,False
9618,387,11,2024-11-29T14:15:00,16,Outbound,QBR,Completed,7,0.73,213,18,True
9619,407,15,2024-08-30T17:45:00,51,Outbound,Demo,Rescheduled,1,,,0,False
9620,2039,10,2023-12-26T11:30:00,26,Outbound,Check-In,Rescheduled,1,,,0,False
9621,2580,6,2024-12-13T11:30:00,37,Inbound,Check-In,Completed,5,0.62,219,20,False
9622,3272,5,2024-05-02T11:00:00,15,Outbound,Demo,Completed,2,0.84,268,3,False
9623,1408,11,2023-01-15T17:30:00,53,Outbound,Check-In,Rescheduled,1,,,0,False
9624,4646,5,2023-12-06T14:15:00,55,Outbound,Demo,Completed,8,0.64,119,10,False
9625,4747,10,2023-03-09T14:30:00,2,Outbound,Technical Deep Dive,Voicemail,1,,,0,False
9626,4493,7,2030-06-15T10:00:00,38,Inbound,Technical Deep Dive,Completed,5,0.31,90,19,False
9627,4711,14,2024-12-16T09:15:00,42,Outbound,Follow-Up,Completed,3,0.52,50,12,False
9628,2658,14,2024-10-15T09:00:00,54,Outbound,Negotiation,Completed,5,0.55,212,3,False
9629,3995,10,2024-12-22T14:15:00,24,Outbound,Demo,Completed,6,0.71,228,17,False
9630,4199,5,2023-03-08T14:30:00,38,Outbound,Technical Deep Dive,Completed,4,0.76,149,15,True
9631,729,8,2024-10-26T10:30:00,44,Outbound,Check-In,Completed,5,0.52,42,15,True
9632,2897,6,2021-07-28T15:15:00,45,Outbound,Follow-Up,Completed,5,0.68,197,12,False
9633,4337,7,2024-01-26T08:15:00,0,Inbound,Check-In,No Show,1,,,0,False
9634,171,1,2022-04-17T15:00:00,21,Outbound,Technical Deep Dive,Completed,5,0.54,234,24,False
9635,4054,11,2023-05-02T15:45:00,0,Outbound,Discovery,No Show,1,,,0,False
9636,2119,8,2024-12-28T12:45:00,,Outbound,Check-In,No Show,1,,,0,False
9637,1495,12,2021-06-07T13:00:00,3,Inbound,Discovery,Voicemail,1,,,0,False
9638,4953,11,2024-10-09T12:00:00,27,Outbound,Follow-Up,Completed,3,0.69,216,3,True
9639,3628,14,2022-10-27T15:45:00,0,Outbound,Technical Deep Dive,No Show,1,,,0,False
9640,1207,14,2024-12-17T15:00:00,34,Inbound,Demo,Completed,5,0.58,84,11,False
9641,4220,14,2024-10-28T13:00:00,59,Inbound,Demo,Rescheduled,1,,,0,False
9642,1955,3,2024-02-14T09:45:00,24,Inbound,Technical Deep Dive,Completed,6,0.56,197,20,False
9643,714,11,2024-06-24T15:00:00,43,Outbound,Negotiation,Completed,8,0.55,74,15,False
9644,2940,16,2024-04-17T11:30:00,41,Outbound,Discovery,Completed,2,0.59,196,4,False
9645,1906,5,2024-11-05T12:00:00,56,Outbound,Demo,Completed,6,0.75,91,13,False
9646,883,7,2024-10-10T09:45:00,27,Outbound,Demo,Completed,2,0.62,147,17,True
9647,3480,12,2024-10-27T12:00:00,24,Inbound,Technical Deep Dive,Completed,2,0.45,42,4,True
9648,4657,5,2024-02-29T10:45:00,56,Outbound,Follow-Up,Completed,2,0.43,179,22,True
9649,4008,10,2023-03-24T10:15:00,35,Outbound,QBR,Completed,7,0.47,91,15,False
9650,3967,11,2024-05-29T12:00:00,25,Outbound,QBR,Rescheduled,1,,,0,False
9651,599,6,2024-10-26T16:45:00,1,Outbound,Technical Deep Dive,Voicemail,1,,,0,False
9652,3806,4,2024-05-27T09:45:00,39,Outbound,Negotiation,Completed,6,0.58,104,12,True
9653,631,13,2024-03-27T15:00:00,47,Inbound,Negotiation,Completed,8,0.43,233,11,True
9654,1317,5,2024-02-22T14:15:00,0,Outbound,Check-In,No Show,1,,,0,False
9655,4374,15,2024-07-21T11:00:00,19,Outbound,QBR,Completed,3,0.5,80,10,False
9656,1278,2,2024-12-04T13:00:00,0,Inbound,Check-In,No Show,1,,,0,False
9657,4541,9,2023-10-31T15:00:00,37,Inbound,QBR,Completed,7,0.72,163,13,True
9658,1996,6,2024-11-08T09:15:00,37,Inbound,Check-In,Completed,4,0.41,92,4,False
9659,4492,12,2024-06-10T10:30:00,25,Inbound,Negotiation,Completed,8,0.62,133,4,True
9660,3075,7,2024-11-21T11:45:00,46,Outbound,Demo,Completed,6,0.44,150,13,True
9661,1896,4,2030-06-15T10:00:00,22,Inbound,Follow-Up,Completed,6,0.41,69,11,False
9662,4206,14,2024-12-22T12:15:00,0,Outbound,Negotiation,No Show,1,,,0,False
9663,3430,14,2023-08-09T12:15:00,24,Outbound,Check-In,Completed,4,0.58,173,4,True
9664,1953,9,2022-08-30T15:45:00,28,Outbound,Check-In,Completed,2,0.68,94,15,True
9665,3490,10,2024-09-12T08:45:00,2,Outbound,Demo,Voicemail,1,,,0,False
9666,1259,9,2023-08-16T12:15:00,58,Outbound,QBR,Completed,3,0.54,73,8,True
9667,55,9,2024-04-26T15:45:00,26,Inbound,Check-In,Completed,5,0.64,33,12,True
9668,1472,9,2023-05-10T14:45:00,49,Outbound,Technical Deep Dive,Completed,2,0.4,146,17,False
9669,4312,4,2024-06-12T14:45:00,32,Outbound,Technical Deep Dive,Completed,2,0.62,210,2,True
9670,3037,11,2023-01-28T12:30:00,37,Inbound,Discovery,Rescheduled,1,,,0,False
9671,2905,13,2024-03-28T09:30:00,50,Outbound,Follow-Up,Completed,2,0.75,136,6,False
9672,4675,7,2024-07-30T10:00:00,0,Outbound,Follow-Up,No Show,1,,,0,False
9673,2719,4,2022-02-11T12:00:00,52,Inbound,Negotiation,Completed,2,0.72,97,4,True
9674,2872,13,2024-02-17T14:45:00,44,Outbound,Technical Deep Dive,Completed,4,0.57,177,8,False
9675,2654,6,2023-04-18T14:15:00,-45,Outbound,Follow-Up,Completed,6,1.03,123,4,True
9676,251,11,2024-06-20T14:00:00,59,Inbound,Demo,Completed,3,0.68,265,13,False
9677,532,2,2024-12-24T09:00:00,,Outbound,Technical Deep Dive,Voicemail,1,,,0,False
9678,1423,1,2022-08-06T09:15:00,45,Outbound,Demo,Completed,5,0.46,153,26,True
9679,3348,6,2022-11-19T15:30:00,2,Inbound,Follow-Up,Voicemail,1,,,0,False
9680,683,16,2024-11-28T12:30:00,44,Outbound,Demo,Completed,3,0.8,175,6,True
9681,2859,6,2021-12-15T15:45:00,17,Outbound,Demo,Completed,2,0.36,203,17,True
9682,1642,6,2024-12-17T11:00:00,17,Outbound,QBR,Completed,5,0.52,180,10,False
9683,3679,2,2024-12-10T09:30:00,,Inbound,Negotiation,Completed,3,0.71,92,14,False
9684,4975,3,2023-03-02T10:00:00,17,Outbound,Negotiation,Completed,8,0.39,145,8,True
9685,2570,11,2024-06-16T12:45:00,37,Outbound,QBR,Completed,8,1.29,151,3,False
9686,3066,16,2023-04-09T13:45:00,42,Outbound,Follow-Up,Completed,7,0.58,91,16,False
9687,3765,15,2023-03-29T14:45:00,45,Inbound,Follow-Up,Completed,7,0.63,119,6,True
9688,3350,14,2023-04-20T10:30:00,21,Outbound,Discovery,Rescheduled,1,,,0,False
9689,1089,5,2022-08-20T11:45:00,25,Inbound,Demo,Completed,6,0.65,96,18,False
9690,4935,12,2024-06-17T09:15:00,43,Outbound,Check-In,Completed,3,0.54,35,4,True
9691,1197,14,2024-10-13T13:00:00,44,Inbound,Discovery,Completed,6,0.83,113,1,False
9692,4149,5,2023-11-28T10:45:00,31,Outbound,QBR,Completed,6,0.61,165,5,False
9693,952,1,2021-11-19T09:30:00,42,Outbound,Follow-Up,Completed,2,0.46,177,24,False
9694,4276,12,2023-09-11T10:30:00,0,Outbound,Demo,No Show,1,,,0,False
9695,1836,11,2024-10-30T10:00:00,39,Outbound,Follow-Up,Completed,5,1.32,233,15,False
9696,3856,16,2022-11-14T16:15:00,51,Inbound,Technical Deep Dive,Completed,6,0.42,179,14,True
9697,3460,6,2023-11-04T10:30:00,53,Inbound,Demo,Completed,4,0.65,208,20,False
9698,3233,13,2023-12-01T16:45:00,36,Inbound,Follow-Up,Completed,7,0.75,134,14,False
9699,1559,4,2024-11-15T10:45:00,52,Inbound,Discovery,Completed,2,0.7,217,5,True
9700,3404,11,2024-02-08T10:30:00,47,Outbound,Technical Deep Dive,Completed,3,0.75,226,4,False
9701,1367,12,2022-09-10T12:45:00,22,Inbound,Negotiation,Completed,5,1.3,226,5,False
9702,4859,6,2022-12-05T13:45:00,22,Outbound,Discovery,Completed,4,0.39,81,15,True
9703,764,12,2024-10-02T14:30:00,-18,Inbound,QBR,Completed,3,0.39,63,17,True
9704,2148,16,2024-12-08T10:15:00,47,Inbound,Discovery,Completed,2,0.56,179,11,False
9705,3300,5,2023-11-12T15:00:00,17,Outbound,Technical Deep Dive,Completed,2,0.44,80,8,False
9706,2051,6,2030-06-15T10:00:00,29,Outbound,Discovery,Completed,4,0.4,83,13,True
9707,2450,7,2024-12-20T12:00:00,43,Inbound,Technical Deep Dive,Completed,3,0.51,50,13,False
9708,905,12,2024-12-21T11:30:00,39,Outbound,Technical Deep Dive,Completed,3,0.55,190,3,False
9709,3819,11,2024-12-13T13:00:00,42,Outbound,Negotiation,Completed,7,0.59,220,3,False
9710,3836,7,2024-05-29T15:00:00,53,Outbound,Negotiation,Completed,4,0.58,221,15,False
9711,3591,2,2024-11-06T11:30:00,16,Inbound,Follow-Up,Completed,6,0.4,149,15,False
9712,325,8,2024-08-09T15:45:00,27,Inbound,Technical Deep Dive,Completed,3,0.49,152,17,True
9713,2190,5,2024-11-22T11:45:00,0,Outbound,Demo,No Show,1,,,0,False
9714,4262,5,2024-12-17T09:30:00,0,Inbound,Check-In,No Show,1,,,0,False
9715,3258,15,2024-09-17T14:00:00,51,Outbound,Follow-Up,Completed,4,0.71,104,12,False
9716,751,12,2030-06-15T10:00:00,29,Outbound,Demo,Completed,8,0.46,177,4,True
9717,850,11,2024-03-21T09:15:00,60,Inbound,Follow-Up,Rescheduled,1,,,0,False
9718,2361,6,2021-08-14T13:45:00,24,Outbound,Check-In,Completed,8,0.64,143,9,True
9719,2978,3,2024-09-20T14:00:00,39,Outbound,Negotiation,Rescheduled,1,,,0,False
9720,1501,14,2024-11-22T11:00:00,41,Outbound,QBR,Completed,6,0.48,125,4,False
9721,2241,16,2024-12-23T16:00:00,47,Outbound,Discovery,Rescheduled,1,,,0,False
9722,300,15,2024-12-06T12:00:00,51,Inbound,Discovery,Completed,8,0.59,79,8,True
9723,4829,14,2023-07-15T13:45:00,19,Outbound,Discovery,Completed,3,0.71,262,7,False
9724,1957,8,2024-02-28T14:00:00,25,Outbound,Demo,Completed,8,0.55,38,9,True
9725,1911,10,2023-01-16T10:15:00,48,Outbound,Discovery,Rescheduled,1,,,0,False
9726,4022,11,2024-05-11T16:30:00,0,Outbound,QBR,No Show,1,,,0,False
9727,4385,11,2030-06-15T10:00:00,40,Outbound,Demo,Completed,7,0.58,55,12,True
9728,2643,14,2024-02-27T15:30:00,26,Inbound,Technical Deep Dive,Rescheduled,1,,,0,False
9729,726,11,2024-12-22T14:30:00,57,Outbound,Negotiation,Completed,2,0.71,86,16,True
9730,1078,8,2024-08-10T13:45:00,41,Outbound,QBR,Rescheduled,1,,,0,False
9731,1253,8,2024-01-01T11:00:00,-22,Inbound,Demo,Completed,8,0.5,85,14,True
9732,2774,16,2023-12-08T09:15:00,46,Inbound,QBR,Completed,3,0.36,139,14,True
9733,3738,10,2021-11-13T12:30:00,0,Outbound,Technical Deep Dive,No Show,1,,,0,False
9734,4383,15,2024-12-12T16:15:00,2,Outbound,Check-In,Voicemail,1,,,0,False
9735,4683,14,2024-03-24T09:45:00,45,Outbound,Follow-Up,Completed,7,1.34,92,11,True
9736,3516,16,2024-12-12T15:45:00,-36,Outbound,Discovery,Completed,6,0.42,171,6,True
9737,1876,11,2023-04-21T12:30:00,52,Outbound,Demo,Completed,4,0.58,296,1,False
9738,2382,8,2023-11-02T09:45:00,21,Inbound,Follow-Up,Completed,4,0.34,158,16,True
9739,1859,9,2024-06-07T10:30:00,53,Outbound,Demo,Rescheduled,1,,,0,False
9740,374,3,2023-05-12T16:30:00,20,Outbound,Check-In,Completed,5,1.13,134,12,True
9741,3336,14,2024-07-06T11:00:00,56,Outbound,QBR,Completed,6,0.86,175,10,False
9742,559,10,2024-05-14T11:45:00,48,Outbound,Negotiation,Completed,4,0.69,31,10,False
9743,3837,5,2024-12-26T11:15:00,36,Outbound,Technical Deep Dive,Completed,2,0.44,177,7,False
9744,3176,9,2024-12-13T14:00:00,39,Outbound,Technical Deep Dive,Completed,4,0.43,87,9,True
9745,2348,10,2024-11-03T15:15:00,48,Inbound,Technical Deep Dive,Completed,6,0.61,61,3,True
9746,159,6,2020-08-23T15:45:00,19,Outbound,Discovery,Completed,6,0.42,107,14,True
9747,1063,10,2023-06-23T12:15:00,2,Inbound,Negotiation,Voicemail,1,,,0,False
9748,2385,14,2024-06-30T13:15:00,2,Outbound,Check-In,Voicemail,1,,,0,False
9749,1627,3,2023-11-15T10:45:00,0,Outbound,Demo,No Show,1,,,0,False
9750,802,2,2030-06-15T10:00:00,38,Outbound,QBR,Rescheduled,1,,,0,False
9751,1240,7,2030-06-15T10:00:00,54,Outbound,Check-In,Completed,6,0.7,285,9,False
9752,2641,8,2024-07-19T15:15:00,3,Outbound,Demo,Voicemail,1,,,0,False
9753,2548,5,2023-09-20T12:00:00,1,Outbound,Follow-Up,Voicemail,1,,,0,False
9754,2402,11,2024-10-02T15:45:00,42,Outbound,Demo,Rescheduled,1,,,0,False
9755,1303,4,2023-02-06T12:45:00,53,Outbound,QBR,Completed,8,0.77,150,8,False
9756,3863,6,2030-06-15T10:00:00,33,Outbound,QBR,Completed,3,0.43,109,14,True
9757,2159,3,2024-11-19T08:00:00,44,Outbound,Check-In,Rescheduled,1,,,0,False
9758,2704,11,2024-10-10T09:00:00,23,Outbound,Discovery,Completed,2,0.5,180,9,False
9759,1476,10,2023-07-09T15:30:00,30,Outbound,Demo,Completed,8,0.63,128,3,False
9760,1778,3,2022-08-04T12:00:00,47,Inbound,Negotiation,Completed,3,0.61,299,2,False
9761,3003,10,2023-03-29T13:45:00,29,Outbound,Demo,Rescheduled,1,,,0,False
9762,2301,8,2022-08-03T15:15:00,25,Outbound,Follow-Up,Completed,7,0.4,52,14,True
9763,2882,4,2021-06-06T13:15:00,59,Outbound,Demo,Completed,8,0.48,42,8,False
9764,2929,3,2022-09-20T16:00:00,2,Inbound,Follow-Up,Voicemail,1,,,0,False
9765,4993,3,2023-08-26T16:45:00,52,Inbound,Discovery,Completed,6,0.62,215,6,False
9766,2321,10,2024-12-29T12:00:00,23,Inbound,Check-In,Completed,4,0.5,86,3,False
9767,3344,4,2022-07-17T16:15:00,0,Inbound,QBR,No Show,1,,,0,False
9768,2799,13,2024-12-27T11:00:00,18,Inbound,Negotiation,Completed,2,0.64,186,7,False
9769,4013,4,2024-11-02T11:15:00,45,Outbound,Technical Deep Dive,Completed,5,0.53,72,6,False
9770,2900,2,2022-08-26T11:00:00,32,Inbound,QBR,Completed,5,0.42,147,8,True
9771,3474,11,2024-12-14T12:45:00,55,Outbound,QBR,Completed,7,0.38,56,8,True
9772,4493,7,2024-08-10T11:30:00,48,Outbound,Negotiation,Completed,3,0.52,129,9,True
9773,2989,12,2021-04-21T14:30:00,,Outbound,Follow-Up,Completed,8,1.25,143,5,False
9774,997,16,2024-12-21T09:00:00,29,Outbound,Follow-Up,Completed,7,0.84,218,7,False
9775,860,13,2024-10-07T14:00:00,48,Outbound,Technical Deep Dive,Completed,8,0.88,83,1,False
9776,4119,3,2024-10-16T10:00:00,21,Inbound,Discovery,Completed,7,0.44,91,16,False
9777,48,11,2023-11-18T11:45:00,58,Outbound,QBR,Completed,5,0.75,151,8,False
9778,3030,15,2024-09-27T12:45:00,18,Outbound,Negotiation,Completed,7,0.74,212,13,True
9779,3084,11,2024-10-28T09:45:00,16,Outbound,Negotiation,Completed,6,0.67,232,9,False
9780,736,2,2023-04-11T11:30:00,41,Inbound,Negotiation,Completed,6,0.78,243,7,True
9781,3560,4,2024-02-17T09:15:00,33,Outbound,Discovery,Completed,3,0.34,142,22,False
9782,4645,3,2024-09-01T13:30:00,23,Outbound,Discovery,Completed,5,0.61,52,19,True
9783,4626,3,2023-11-15T13:15:00,,Outbound,Discovery,Completed,7,0.55,75,21,True
9784,1484,4,2023-10-16T10:15:00,33,Outbound,Follow-Up,Completed,8,0.38,97,8,False
9785,1881,11,2024-12-09T11:15:00,43,Outbound,Technical Deep Dive,Completed,3,0.76,50,1,False
9786,3917,4,2024-05-09T13:00:00,27,Outbound,Discovery,Completed,3,0.43,174,15,True
9787,2575,7,2023-06-17T13:30:00,53,Outbound,Demo,Completed,6,0.54,222,13,False
9788,3809,5,2023-09-26T14:45:00,32,Inbound,Check-In,Completed,7,0.73,35,14,False
9789,2492,7,2024-03-17T11:00:00,39,Outbound,Technical Deep Dive,Completed,5,0.56,74,12,False
9790,4905,14,2023-10-12T10:15:00,53,Inbound,Demo,Rescheduled,1,,,0,False
9791,4941,12,2023-12-24T12:45:00,31,Outbound,Demo,Completed,3,0.46,53,10,False
9792,612,6,2024-12-08T12:00:00,31,Outbound,Discovery,Completed,6,0.54,91,7,False
9793,1842,15,2024-08-12T13:00:00,53,Outbound,Check-In,Completed,6,0.6,109,7,False
9794,1337,11,2024-10-21T14:15:00,,Outbound,Demo,Completed,2,0.7,238,9,True
9795,1219,3,2024-11-10T13:15:00,55,Outbound,Technical Deep Dive,Completed,5,0.53,141,21,False
9796,3454,15,2024-12-14T15:15:00,3,Outbound,Technical Deep Dive,Voicemail,1,,,0,False
9797,383,15,2024-12-31T09:30:00,17,Outbound,Negotiation,Completed,5,0.59,147,9,False
9798,3287,12,2024-12-02T11:00:00,39,Inbound,Negotiation,Completed,6,0.64,72,13,False
9799,1852,11,2024-05-05T11:45:00,47,Inbound,Check-In,Completed,6,0.59,216,7,False
9800,3075,7,2024-12-10T12:30:00,2,Outbound,Technical Deep Dive,Voicemail,1,,,0,False
9801,973,3,2024-10-28T14:30:00,46,Inbound,Follow-Up,Completed,2,0.47,184,22,False
9802,2319,5,2024-12-12T10:00:00,23,Outbound,Discovery,Completed,4,0.42,43,22,True
9803,1121,9,2024-03-26T09:30:00,27,Inbound,Demo,Completed,4,0.58,179,8,False
9804,176,9,2024-08-27T12:00:00,39,Outbound,Demo,Completed,7,0.39,191,10,True
9805,950,11,2024-12-14T13:45:00,45,Outbound,QBR,Completed,8,0.71,94,5,True
9806,1922,15,2024-12-23T11:15:00,20,Outbound,Follow-Up,Completed,5,0.59,222,4,True
9807,446,6,2024-11-01T12:45:00,15,Outbound,Follow-Up,Completed,3,0.39,148,15,True
9808,383,15,2024-12-18T13:30:00,43,Outbound,Negotiation,Completed,7,0.83,116,8,False
9809,484,6,2024-12-01T10:45:00,45,Inbound,Discovery,Completed,7,0.44,39,5,False
9810,1271,3,2024-11-08T09:30:00,23,Outbound,Discovery,Completed,3,0.41,179,19,True
9811,4248,8,2022-10-11T10:30:00,37,Outbound,Follow-Up,Completed,5,0.5,207,4,False
9812,396,2,2023-02-18T14:30:00,35,Outbound,Demo,Completed,4,0.54,35,10,True
9813,4993,3,2023-10-20T15:30:00,2,Outbound,Demo,Voicemail,1,,,0,False
9814,1415,8,2024-07-01T15:30:00,24,Outbound,Technical Deep Dive,Rescheduled,1,,,0,False
9815,3744,13,2023-03-17T14:15:00,0,Outbound,QBR,No Show,1,,,0,False
9816,4989,11,2024-01-28T14:15:00,54,Outbound,Negotiation,Completed,8,0.64,188,4,False
9817,2044,8,2023-05-12T15:30:00,0,Outbound,Negotiation,No Show,1,,,0,False
9818,3650,16,2024-11-05T13:15:00,34,Outbound,Negotiation,Completed,6,0.69,90,15,False
9819,267,10,2024-12-23T12:45:00,0,Outbound,QBR,No Show,1,,,0,False
9820,2444,6,2024-10-14T09:45:00,48,Inbound,Check-In,Completed,7,0.68,114,18,True
9821,485,13,2024-12-16T12:45:00,28,Outbound,Demo,Completed,3,0.61,179,7,False
9822,1379,9,2022-07-06T13:45:00,3,Inbound,Follow-Up,Voicemail,1,,,0,False
9823,3424,11,2021-11-06T15:45:00,15,Inbound,Negotiation,Completed,3,0.36,120,18,True
9824,1772,3,2024-09-21T13:00:00,27,Outbound,Negotiation,Completed,3,1.16,55,12,False
9825,1745,7,2024-09-27T11:45:00,21,Outbound,Demo,Completed,8,1.15,135,17,False
9826,1110,5,2024-12-23T14:00:00,43,Outbound,Discovery,Completed,3,0.43,36,7,False
9827,4772,8,2024-10-10T12:45:00,47,Inbound,Check-In,Completed,7,0.83,242,4,False
9828,639,16,2022-08-13T15:00:00,27,Outbound,Discovery,Completed,2,0.49,230,8,True
9829,4300,13,2024-10-20T12:30:00,59,Outbound,QBR,Completed,3,0.85,171,3,True
9830,3471,7,2024-12-07T09:15:00,15,Outbound,Technical Deep Dive,Completed,8,0.71,295,6,True
9831,4049,5,2024-12-28T17:30:00,41,Inbound,Demo,Completed,3,0.52,86,9,False
9832,1611,11,2024-07-07T13:00:00,27,Outbound,Check-In,Completed,4,0.63,102,13,False
9833,4556,7,2024-01-20T10:00:00,39,Outbound,Discovery,Completed,5,0.7,83,18,False
9834,3543,7,2023-01-12T09:30:00,34,Outbound,Follow-Up,Completed,7,0.48,111,5,False
9835,4394,5,2022-10-19T15:30:00,,Inbound,Negotiation,Completed,3,0.68,45,10,True
9836,1451,14,2024-12-06T12:15:00,47,Inbound,Discovery,Completed,8,0.76,123,4,True
9837,3544,12,2022-02-13T15:15:00,26,Outbound,QBR,Completed,4,0.62,45,6,True
9838,4413,7,2023-09-20T11:00:00,17,Outbound,QBR,Completed,5,0.69,40,11,True
9839,3879,15,2023-10-04T08:00:00,17,Outbound,Technical Deep Dive,Completed,6,0.43,237,3,False
9840,2928,12,2021-05-06T15:00:00,,Outbound,Technical Deep Dive,Completed,4,0.66,216,3,False
9841,1665,9,2023-06-27T12:45:00,34,Outbound,Check-In,Completed,3,1.27,144,12,False
9842,4763,9,2024-12-30T13:00:00,37,Outbound,Demo,Rescheduled,1,,,0,False
9843,2157,12,2024-12-23T11:45:00,0,Inbound,Negotiation,No Show,1,,,0,False
9844,4978,5,2024-12-26T16:15:00,50,Outbound,Discovery,Completed,5,0.57,85,8,False
9845,4896,16,2024-12-05T09:30:00,58,Outbound,Follow-Up,Completed,2,0.89,149,8,False
9846,3579,13,2024-12-24T09:15:00,22,Outbound,Follow-Up,Completed,3,0.85,186,9,False
9847,3783,12,2021-06-02T11:15:00,51,Inbound,QBR,Completed,5,0.46,128,13,True
9848,2136,1,2024-08-22T10:30:00,0,Outbound,Discovery,No Show,1,,,0,False
9849,679,12,2022-04-18T13:15:00,18,Outbound,Demo,Completed,2,0.84,220,1,True
9850,2241,16,2024-12-03T14:45:00,52,Outbound,Check-In,Rescheduled,1,,,0,False
9851,1132,4,2024-06-09T12:00:00,18,Inbound,Follow-Up,Completed,3,1.05,165,17,False
9852,1857,11,2023-11-28T10:15:00,0,Outbound,Discovery,No Show,1,,,0,False
9853,2620,3,2024-12-23T11:30:00,22,Outbound,Discovery,Completed,4,0.61,182,19,True
9854,2687,14,2024-12-07T15:00:00,33,Inbound,QBR,Completed,4,0.7,190,9,False
9855,4149,5,2024-02-29T14:30:00,48,Outbound,Demo,Completed,4,0.4,155,20,True
9856,2304,11,2023-10-08T15:15:00,54,Outbound,Negotiation,Completed,8,0.79,231,6,True
9857,2872,13,2024-05-28T11:45:00,34,Outbound,Technical Deep Dive,Completed,8,0.6,134,10,True
9858,1756,12,2023-07-12T12:15:00,40,Outbound,Negotiation,Completed,6,0.68,135,9,True
9859,586,12,2023-11-30T08:45:00,1,Outbound,Demo,Voicemail,1,,,0,False
9860,1049,1,2022-11-17T13:00:00,52,Outbound,Demo,Completed,2,0.57,128,10,False
9861,1683,1,2024-01-24T08:00:00,18,Outbound,Negotiation,Completed,5,0.32,120,8,True
9862,62,4,2024-03-14T14:15:00,0,Outbound,Technical Deep Dive,No Show,1,,,0,False
9863,59,12,2024-04-12T14:15:00,49,Outbound,QBR,Completed,3,0.48,68,9,False
9864,4293,12,2022-07-20T09:30:00,35,Inbound,QBR,Completed,3,0.64,202,7,False
9865,2158,8,2023-05-06T13:30:00,27,Inbound,Discovery,Completed,6,0.41,111,10,True
9866,539,5,2023-04-06T13:30:00,36,Outbound,Check-In,Rescheduled,1,,,0,False
9867,1341,1,2022-11-22T08:45:00,44,Inbound,Follow-Up,Completed,4,0.38,108,4,True
9868,4463,1,2024-01-03T14:15:00,18,Outbound,Discovery,Completed,2,0.49,36,19,True
9869,3225,10,2022-05-16T12:00:00,59,Inbound,Demo,Completed,4,0.41,56,21,False
9870,2173,13,2024-08-26T10:15:00,20,Outbound,Technical Deep Dive,Completed,4,0.71,210,11,False
9871,1205,13,2024-10-31T10:30:00,42,Outbound,Check-In,Rescheduled,1,,,0,False
9872,4874,3,2022-12-27T15:15:00,34,Outbound,Check-In,Completed,2,0.47,85,24,True
9873,1531,5,2020-03-05T12:15:00,29,Outbound,Discovery,Completed,4,0.7,113,12,False
9874,446,6,2024-09-23T08:45:00,,Outbound,Negotiation,Completed,5,0.42,97,4,True
9875,4157,13,2023-06-05T13:15:00,22,Outbound,Check-In,Completed,5,0.69,215,1,False
9876,2825,12,2022-02-23T15:30:00,22,Outbound,Negotiation,Completed,3,0.48,57,17,True
9877,4551,3,2024-12-05T12:00:00,35,Outbound,QBR,Completed,8,0.46,149,13,True
9878,1778,3,2022-08-26T10:45:00,22,Inbound,Follow-Up,Completed,3,0.67,80,7,False
9879,2316,9,2024-03-25T11:30:00,26,Outbound,Follow-Up,Completed,5,0.58,120,18,True
9880,3190,1,2024-12-01T13:45:00,16,Outbound,Demo,Rescheduled,1,,,0,False
9881,4115,15,2024-12-14T13:45:00,43,Inbound,Discovery,Completed,4,0.51,117,16,True
9882,1352,2,2024-05-10T16:00:00,47,Inbound,Check-In,Completed,3,0.37,170,6,True
9883,1091,7,2022-09-30T16:30:00,60,Outbound,Technical Deep Dive,Completed,8,0.55,227,12,True
9884,2130,8,2023-05-22T14:00:00,41,Outbound,Follow-Up,Completed,5,0.56,250,14,True
9885,1821,13,2024-12-29T12:45:00,51,Outbound,Discovery,Completed,8,0.48,157,6,False
9886,136,5,2024-09-19T13:00:00,3,Outbound,Check-In,Voicemail,1,,,0,False
9887,2576,8,2023-03-03T09:00:00,0,Inbound,QBR,No Show,1,,,0,False
9888,2193,7,2024-09-29T14:00:00,44,Outbound,QBR,Completed,2,0.42,227,20,True
9889,2763,10,2024-03-24T14:30:00,41,Outbound,Check-In,Completed,5,0.63,67,17,True
9890,3380,6,2024-09-08T10:15:00,22,Outbound,Check-In,Completed,8,0.44,83,17,False
9891,3071,3,2024-06-20T13:30:00,21,Outbound,Negotiation,Completed,6,0.57,80,8,True
9892,1628,1,2024-10-23T13:45:00,36,Inbound,QBR,Completed,4,0.42,219,6,True
9893,2256,15,2023-08-19T12:30:00,29,Outbound,Check-In,Completed,7,0.42,152,11,True
9894,3820,8,2024-02-03T09:45:00,52,Inbound,Check-In,Completed,4,0.61,36,18,False
9895,4867,11,2024-04-14T14:00:00,48,Outbound,Technical Deep Dive,Completed,3,0.45,210,15,False
9896,1614,14,2030-06-15T10:00:00,26,Inbound,Technical Deep Dive,Completed,3,0.5,74,11,False
9897,3169,5,2023-02-27T15:30:00,44,Inbound,Demo,Rescheduled,1,,,0,False
9898,660,5,2024-09-04T12:45:00,25,Inbound,Discovery,Completed,3,0.37,126,20,False
9899,1576,8,2024-12-30T09:30:00,58,Inbound,Follow-Up,Completed,6,0.47,187,19,True
9900,2135,4,2024-10-03T15:30:00,30,Outbound,Technical Deep Dive,Completed,4,0.67,233,8,True
9901,2803,12,2024-12-20T15:30:00,45,Inbound,Demo,Completed,5,0.47,117,9,False
9902,1872,10,2024-07-21T10:45:00,34,Outbound,Discovery,Completed,3,0.68,165,15,False
9903,4389,4,2024-06-04T16:30:00,32,Outbound,Demo,Completed,5,0.39,167,23,True
9904,1829,15,2024-10-17T13:15:00,33,Outbound,QBR,Completed,8,0.44,173,13,False
9905,2620,3,2024-12-20T14:00:00,25,Outbound,Follow-Up,Completed,5,0.52,205,14,False
9906,2528,16,2024-12-18T14:30:00,34,Outbound,Follow-Up,Completed,5,0.39,121,17,True
9907,2932,14,2024-05-30T09:15:00,60,Outbound,QBR,Rescheduled,1,,,0,False
9908,3926,13,2021-12-22T12:00:00,60,Outbound,Negotiation,Rescheduled,1,,,0,False
9909,4005,12,2024-01-10T13:15:00,16,Outbound,Negotiation,Completed,7,1.48,152,16,True
9910,2828,9,2024-05-16T14:00:00,44,Outbound,Check-In,Rescheduled,1,,,0,False
9911,1136,12,2024-05-11T10:30:00,49,Outbound,Check-In,Completed,5,0.43,78,13,False
9912,4187,13,2024-02-04T14:00:00,18,Outbound,Technical Deep Dive,Completed,6,0.7,289,9,True
9913,544,2,2024-05-09T10:45:00,15,Outbound,Discovery,Completed,8,0.34,112,22,False
9914,1315,10,2024-10-24T14:00:00,22,Inbound,Demo,Rescheduled,1,,,0,False
9915,4678,7,2022-01-19T13:45:00,36,Outbound,Check-In,Rescheduled,1,,,0,False
9916,1855,2,2023-09-15T12:45:00,45,Inbound,Demo,Completed,5,0.51,233,21,False
9917,911,5,2024-12-21T09:00:00,57,Outbound,Technical Deep Dive,Completed,3,0.6,173,15,False
9918,1210,6,2024-12-29T12:30:00,44,Inbound,Discovery,Completed,3,0.51,231,12,True
9919,3054,1,2023-01-01T10:00:00,0,Outbound,QBR,No Show,1,,,0,False
9920,1653,16,2024-12-17T08:00:00,26,Inbound,QBR,Completed,5,0.46,177,15,True
9921,1924,1,2024-05-08T14:00:00,47,Outbound,Negotiation,Completed,6,0.45,107,15,False
9922,4225,2,2023-08-29T14:00:00,37,Outbound,Negotiation,Completed,6,0.47,183,18,True
9923,1957,8,2024-02-16T15:30:00,56,Outbound,Negotiation,Completed,3,0.65,132,6,True
9924,2524,6,2024-12-28T09:15:00,17,Outbound,QBR,Completed,7,0.64,152,12,True
9925,4442,5,2024-12-04T11:45:00,31,Outbound,Technical Deep Dive,Completed,2,0.42,129,19,False
9926,3836,7,2024-04-22T12:00:00,60,Outbound,Negotiation,Completed,7,0.39,107,10,False
9927,518,10,2024-11-23T13:00:00,2,Inbound,Negotiation,Voicemail,1,,,0,False
9928,3199,1,2024-03-31T12:45:00,53,Inbound,Demo,Completed,7,1.46,224,22,False
9929,329,14,2024-07-09T11:15:00,45,Outbound,Technical Deep Dive,Completed,2,0.71,103,12,False
9930,109,5,2024-03-08T15:00:00,37,Outbound,Check-In,Completed,4,0.66,73,10,False
9931,2872,13,2024-05-19T15:30:00,35,Inbound,Demo,Completed,5,0.61,164,9,True
9932,1716,6,2024-10-20T15:30:00,38,Outbound,Check-In,Completed,5,0.49,88,8,True
9933,3464,4,2023-10-28T10:15:00,,Outbound,Negotiation,Completed,3,0.79,124,7,True
9934,2791,6,2023-08-26T11:15:00,39,Outbound,Check-In,Completed,2,0.56,101,20,True
9935,3758,4,2024-08-22T10:15:00,29,Outbound,Negotiation,Completed,5,0.59,157,19,False
9936,4267,3,2022-10-18T15:00:00,,Inbound,Demo,Completed,2,0.35,94,7,True
9937,909,15,2030-06-15T10:00:00,17,Outbound,Follow-Up,Completed,5,0.45,94,14,True
9938,1179,10,2024-03-28T10:15:00,58,Inbound,Follow-Up,Completed,3,0.87,61,11,False
9939,2749,5,2024-12-27T12:45:00,57,Outbound,Follow-Up,Completed,5,0.67,112,6,False
9940,1049,1,2022-11-20T15:15:00,21,Outbound,Discovery,Rescheduled,1,,,0,False
9941,2694,15,2024-12-13T11:00:00,54,Inbound,Follow-Up,Completed,2,0.62,119,6,False
9942,4670,4,2024-01-19T12:30:00,28,Outbound,Check-In,Completed,2,0.77,49,13,False
9943,3952,1,2021-10-31T14:45:00,51,Outbound,QBR,Completed,3,0.45,162,12,True
9944,2840,9,2024-10-22T12:00:00,53,Inbound,Discovery,Completed,8,0.41,48,17,True
9945,1363,5,2024-12-06T16:15:00,45,Outbound,Check-In,Completed,3,0.39,40,19,False
9946,1544,2,2024-12-09T11:30:00,53,Outbound,QBR,Completed,2,0.58,122,6,False
9947,61,8,2023-03-13T15:15:00,39,Inbound,Demo,Completed,6,0.71,38,7,False
9948,1379,9,2022-10-29T09:00:00,0,Outbound,Discovery,No Show,1,,,0,False
9949,245,14,2023-10-17T14:15:00,0,Inbound,Demo,No Show,1,,,0,False
9950,3246,7,2023-08-25T16:45:00,25,Outbound,QBR,Completed,6,0.53,44,9,False
9951,913,1,2024-03-05T15:45:00,0,Inbound,Technical Deep Dive,No Show,1,,,0,False
9952,2046,7,2023-06-11T12:15:00,1,Outbound,Technical Deep Dive,Voicemail,1,,,0,False
9953,2209,2,2021-11-08T11:30:00,45,Outbound,Demo,Completed,3,0.47,229,7,True
9954,2829,12,2024-08-30T11:30:00,25,Inbound,Negotiation,Completed,5,0.41,75,17,True
9955,4601,11,2023-03-20T15:30:00,34,Outbound,Check-In,Completed,8,0.69,204,7,False
9956,792,4,2022-06-21T13:00:00,25,Outbound,Follow-Up,Completed,6,0.56,40,18,True
9957,1014,15,2024-12-14T14:30:00,23,Inbound,Discovery,Rescheduled,1,,,0,False
9958,2133,10,2023-12-06T11:45:00,59,Inbound,Discovery,Completed,7,0.42,54,5,True
9959,2768,16,2024-12-12T08:15:00,15,Inbound,Check-In,Completed,8,0.72,188,11,False
9960,2082,13,2024-10-27T10:00:00,22,Inbound,QBR,Completed,8,0.43,30,14,False
9961,1557,10,2030-06-15T10:00:00,42,Outbound,Technical Deep Dive,Completed,8,0.52,40,15,True
9962,3246,7,2023-08-14T12:15:00,25,Outbound,Negotiation,Completed,7,0.81,105,10,True
9963,3117,8,2024-10-10T14:30:00,0,Outbound,Technical Deep Dive,No Show,1,,,0,False
9964,3212,5,2024-09-09T12:45:00,0,Inbound,QBR,No Show,1,,,0,False
9965,1622,12,2024-11-27T13:45:00,22,Outbound,Check-In,Completed,4,0.71,77,11,False
9966,4969,9,2020-11-04T12:45:00,53,Inbound,Negotiation,Completed,5,0.46,151,10,False
9967,1504,13,2021-11-12T13:15:00,57,Outbound,Follow-Up,Rescheduled,1,,,0,False
9968,2619,8,2023-11-06T11:30:00,0,Inbound,Discovery,No Show,1,,,0,False
9969,4810,11,2024-12-06T08:30:00,0,Outbound,Check-In,No Show,1,,,0,False
9970,1634,3,2023-09-08T13:45:00,36,Outbound,Discovery,Rescheduled,1,,,0,False
9971,4329,1,2024-12-08T08:45:00,43,Inbound,QBR,Completed,8,0.43,140,21,False
9972,1400,8,2021-09-30T10:45:00,0,Outbound,Negotiation,No Show,1,,,0,False
9973,3049,15,2024-09-11T12:00:00,41,Inbound,QBR,Completed,3,0.61,112,7,False
9974,2196,7,2024-06-19T11:00:00,0,Outbound,Technical Deep Dive,No Show,1,,,0,False
9975,4529,12,2024-05-08T08:15:00,0,Outbound,Follow-Up,No Show,1,,,0,False
9976,1995,4,2023-01-02T11:00:00,40,Outbound,QBR,Completed,8,1.07,161,14,True
9977,1185,3,2024-02-13T16:30:00,53,Outbound,QBR,Completed,4,0.46,162,4,False
9978,4729,5,2024-01-12T09:45:00,0,Outbound,Check-In,No Show,1,,,0,False
9979,3190,1,2024-12-08T10:15:00,27,Outbound,Check-In,Completed,4,0.62,98,13,True
9980,3132,6,2024-03-31T11:15:00,36,Outbound,QBR,Completed,3,0.66,80,17,False
9981,3338,5,2022-09-21T14:15:00,35,Outbound,Negotiation,Completed,5,0.5,169,16,True
9982,4260,9,2024-12-31T10:15:00,15,Inbound,Technical Deep Dive,Completed,7,0.48,66,6,False
9983,4830,13,2024-09-15T14:00:00,29,Outbound,Check-In,Completed,6,0.79,82,2,False
9984,894,5,2023-02-07T16:30:00,26,Inbound,Discovery,Completed,4,0.51,61,19,True
9985,586,12,2024-01-19T12:15:00,54,Outbound,Discovery,Rescheduled,1,,,0,False
9986,670,12,2023-03-22T12:45:00,0,Inbound,Check-In,No Show,1,,,0,False
9987,2334,16,2024-12-06T12:45:00,60,Outbound,QBR,Completed,8,0.59,42,4,True
9988,3450,4,2020-11-05T10:45:00,23,Outbound,Discovery,Rescheduled,1,,,0,False
9989,4922,4,2024-11-26T16:15:00,48,Outbound,QBR,Completed,6,0.82,88,4,True
9990,2691,9,2021-09-22T10:30:00,60,Outbound,Follow-Up,Completed,3,0.68,201,16,False
9991,2333,10,2023-01-05T14:00:00,56,Outbound,Check-In,Completed,4,0.52,167,17,False
9992,1651,5,2023-07-21T11:15:00,29,Outbound,Check-In,Completed,7,0.52,77,16,True
9993,1960,8,2023-04-28T15:30:00,57,Inbound,Technical Deep Dive,Completed,3,0.81,69,9,False
9994,2771,8,2024-12-27T14:00:00,29,Outbound,Check-In,Completed,7,0.37,52,18,True
9995,352,6,2023-11-05T17:45:00,24,Outbound,Follow-Up,Completed,3,0.52,203,17,False
9996,2978,1,2023-10-20T12:45:00,21,Outbound,Technical Deep Dive,Completed,8,0.65,210,9,False
9997,2308,14,2024-12-24T16:00:00,43,Outbound,Negotiation,Completed,5,0.6,124,12,True
9998,157,1,2024-05-23T09:45:00,1,Outbound,Negotiation,Voicemail,1,,,0,False
9999,1513,2,2022-09-22T10:15:00,,Inbound,QBR,Completed,6,0.37,92,6,True
10000,1033,2,2024-12-06T11:15:00,51,Outbound,Follow-Up,Completed,3,1.07,203,9,False
