contact_id,account_id,first_name,last_name,email,phone,title,role,created_at
1,687,Steven,Anderson,steven.anderson@piedpiper.com,+1-301-937-3186,CTO,Blocker,2024-06-04T00:00:00
2,187,Donna,Wilson,donna.wilson@piedpiper.com,+1-438-175-3436,VP of Infrastructure,Technical Evaluator,2024-06-01T00:00:00
3,466,Nancy,White,nancy.white,+1-813-592-3430,Director of Operations,End User,2024-06-01T00:00:00
4,333,Sandra,Moore,sandra.moore@waystar.io,+1-433-514-7298,CTO,End User,2023-08-16T00:00:00
5,768,John,Moore,john.moore@umbrella.co,+1-786-795-3958,,Technical Evaluator,2024-05-09T00:00:00
6,116,Lisa,Martin,lisa.martin@waystar.io,+1-266-680-5352,Product Manager,Coach,2023-06-22T00:00:00
7,42,Kimberly,Thompson,kimberly.thompson@initech.com,+1-987-364-9334,IT Manager,Economic Buyer,2024-12-15T00:00:00
8,805,Barbara,Thomas,barbara.thomas@initech.com,+1-201-106-6881,Head of Security,Technical Evaluator,2024-01-04T00:00:00
9,858,Joshua,Walker,joshua.walker@globex.com,+1-289-307-2380,Director of Operations,End User,2024-05-29T00:00:00
10,408,William,Taylor,william.taylor@initech.com,+1-300-592-7756,Data Engineer,Coach,2024-12-26T00:00:00
11,950,Anthony,Jones,anthony.jones@piedpiper.com,,Director of Marketing,Economic Buyer,2023-10-12T00:00:00
12,575,Kimberly,Martinez,kimberly.martinez@piedpiper.com,+1-964-402-5167,VP of Engineering,Economic Buyer,2024-10-04T00:00:00
13,120,Nancy,Walker,nancy.walker@piedpiper.com,+1-623-626-7058,VP of Product,Champion,2024-12-08T00:00:00
14,953,Barbara,Brown,barbara.brown@piedpiper.com,+1-726-415-1496,CTO,Champion,2023-09-26T00:00:00
15,364,Donna,Harris,donna.harris@piedpiper.com,+1-921-656-5173,Head of Data,Technical Evaluator,2024-08-18T00:00:00
16,673,Donald,Williams,donald.williams@umbrella.co,+1-825-426-5537,VP of Engineering,Economic Buyer,2024-07-16T00:00:00
17,294,Kimberly,Gonzalez,kimberly.gonzalez@piedpiper.com,+1-250-244-7961,Head of Data,Economic Buyer,2024-10-10T00:00:00
18,393,Robert,Lewis,robert.lewis@umbrella.co,+1-455-302-6653,Chief Revenue Officer,End User,2023-03-03T00:00:00
19,985,Patricia,Johnson,patricia.johnson@umbrella.co,+1-499-596-9433,COO,End User,2021-04-30T00:00:00
20,853,Mary,White,mary.white@acme.com,+1-597-843-5978,DevOps Lead,Technical Evaluator,2024-12-24T00:00:00
21,720,James,Smith,james.smith@globex.com,+1-932-689-6964,CTO,Technical Evaluator,2022-12-01T00:00:00
22,368,Nancy,Lee,nancy.lee@initech.com,+1-312-838-3046,VP of Sales,Champion,2024-11-24T00:00:00
23,889,Linda,White,linda.white@initech.com,+1-538-712-3817,Director of IT,Blocker,2024-12-22T00:00:00
24,613,Elizabeth,Perez,elizabeth.perez@acme.com,+1-613-819-4606,Head of Data,Blocker,2024-09-30T00:00:00
25,969,Patricia,Thomas,patricia.thomas@acme.com,+1-536-820-4104,Solutions Architect,Champion,2024-04-13T00:00:00
26,489,Sarah,Jones,sarah.jones@umbrella.co,+1-304-600-5744,Head of Data,Technical Evaluator,2022-09-08T00:00:00
27,246,Andrew,Clark,andrew.clark@globex.com,+1-789-562-4512,Director of Operations,End User,2024-04-15T00:00:00
28,370,Richard,Thompson,richard.thompson@globex.com,+1-827-542-9520,VP of Infrastructure,Economic Buyer,2024-12-13T00:00:00
29,980,Michael,Perez,michael.perez,+1-757-485-8512,VP of Sales,Coach,2024-07-19T00:00:00
30,431,William,Gonzalez,william.gonzalez@waystar.io,+1-588-973-5716,Director of Operations,Champion,2024-12-01T00:00:00
31,584,Jennifer,Martin,jennifer.martin@acme.com,,IT Manager,Economic Buyer,2024-06-02T00:00:00
32,45,Nancy,Miller,nancy.miller@piedpiper.com,+1-458-883-3958,Engineering Manager,Economic Buyer,2023-03-22T00:00:00
33,148,Ashley,Anderson,ashley.anderson@umbrella.co,+1-842-718-2271,VP of Product,Champion,2024-06-22T00:00:00
34,514,Jessica,Thomas,jessica.thomas@initech.com,+1-988-868-5821,VP of Engineering,Champion,2023-12-14T00:00:00
35,112,Anthony,Martinez,anthony.martinez@waystar.io,+1-886-592-3543,,Economic Buyer,2024-06-11T00:00:00
36,903,Betty,Thomas,betty.thomas@piedpiper.com,+1-593-591-2491,VP of Sales,Champion,2024-09-11T00:00:00
37,343,Jennifer,Brown,jennifer.brown@umbrella.co,+1-930-652-8715,VP of Infrastructure,Champion,2024-05-05T00:00:00
38,294,Jennifer,Lopez,jennifer.lopez@piedpiper.com,+1-639-807-8815,Head of Security,Technical Evaluator,2024-09-04T00:00:00
39,26,Linda,Wilson,linda.wilson@acme.com,+1-415-874-2270,DevOps Lead,Champion,2024-08-01T00:00:00
40,750,Sarah,Anderson,sarah.anderson@waystar.io,+1-308-274-7459,CEO,Champion,2024-06-20T00:00:00
41,476,Richard,Anderson,richard.anderson@piedpiper.com,+1-996-330-5421,CTO,Economic Buyer,2024-10-25T00:00:00
42,35,Mark,Davis,mark.davis@acme.com,+1-323-764-1902,COO,Champion,2023-08-24T00:00:00
43,440,Margaret,Perez,margaret.perez@umbrella.co,+1-993-357-6417,Director of IT,End User,2024-12-20T00:00:00
44,53,Christopher,Moore,christopher.moore@acme.com,+1-621-232-7039,CFO,End User,2024-05-19T00:00:00
45,772,Richard,White,,+1-260-127-3155,VP of Product,Blocker,2024-05-11T00:00:00
46,963,Kimberly,Lee,kimberly.lee@waystar.io,+1-611-103-5516,Chief Revenue Officer,Economic Buyer,2024-09-07T00:00:00
47,311,Mark,Walker,mark.walker@globex.com,+1-705-813-8925,Head of Security,Technical Evaluator,2023-12-01T00:00:00
48,757,Susan,Garcia,susan.garcia@initech.com,+1-613-519-8177,Director of Marketing,Blocker,2024-06-25T00:00:00
49,308,Kimberly,Martin,kimberly.martin@piedpiper.com,+1-530-374-9029,VP of Sales,End User,2023-10-20T00:00:00
50,693,Nancy,Thompson,nancy.thompson,,Solutions Architect,Coach,2024-06-23T00:00:00
51,610,Mary,Martinez,mary.martinez@globex.com,+1-976-599-5177,VP of Sales,End User,2024-08-29T00:00:00
52,229,Anthony,Davis,anthony.davis@acme.com,+1-571-524-1320,VP of Sales,Blocker,2022-01-29T00:00:00
53,554,Ashley,Taylor,ashley.taylor@waystar.io,+1-376-558-8637,VP of Sales,Technical Evaluator,2024-12-10T00:00:00
54,312,Linda,Robinson,linda.robinson@piedpiper.com,+1-859-905-1239,CEO,End User,2024-02-13T00:00:00
55,608,Karen,Brown,karen.brown@acme.com,+1-723-267-5880,CTO,Economic Buyer,2024-10-15T00:00:00
56,71,Robert,Lee,robert.lee@initech.com,,CTO,Technical Evaluator,2024-10-19T00:00:00
57,67,James,Miller,james.miller@globex.com,+1-765-109-1526,Data Engineer,Champion,2024-12-23T00:00:00
58,598,Daniel,Lee,daniel.lee@acme.com,+1-416-834-5306,CEO,End User,2024-08-20T00:00:00
59,814,Steven,Hernandez,steven.hernandez@umbrella.co,+1-858-783-3255,VP of Infrastructure,Technical Evaluator,2022-05-24T00:00:00
60,125,John,Sanchez,john.sanchez@acme.com,+1-863-318-5187,VP of Engineering,End User,2022-03-15T00:00:00
61,846,Daniel,Lewis,daniel.lewis@umbrella.co,+1-940-435-1283,VP of Infrastructure,Technical Evaluator,2024-08-09T00:00:00
62,818,Michelle,Taylor,michelle.taylor@globex.com,+1-278-792-1896,CTO,Technical Evaluator,2024-09-01T00:00:00
63,849,James,Anderson,james.anderson@waystar.io,+1-730-346-1964,Director of IT,Technical Evaluator,2024-05-22T00:00:00
64,587,Barbara,Perez,barbara.perez@acme.com,+1-633-749-6967,Director of IT,Economic Buyer,2022-01-09T00:00:00
65,580,Joseph,Martinez,joseph.martinez@globex.com,+1-370-205-1416,VP of Sales,End User,2023-01-29T00:00:00
66,581,Michelle,Robinson,michelle.robinson@initech.com,+1-368-385-1230,DevOps Lead,Economic Buyer,2022-05-21T00:00:00
67,513,Betty,Jackson,betty.jackson@globex.com,+1-984-655-1241,CFO,End User,2024-05-03T00:00:00
68,84,Joseph,Clark,joseph.clark@acme.com,+1-729-361-9390,Director of IT,Economic Buyer,2024-10-05T00:00:00
69,835,Lisa,Wilson,lisa.wilson@waystar.io,+1-366-232-3158,CTO,Technical Evaluator,2024-12-24T00:00:00
70,430,Michelle,Brown,michelle.brown@piedpiper.com,+1-211-376-3661,Director of Operations,Economic Buyer,2024-11-07T00:00:00
71,190,Karen,Johnson,karen.johnson@initech.com,+1-289-121-8054,Product Manager,Champion,2021-08-05T00:00:00
72,450,Barbara,Jackson,barbara.jackson@globex.com,+1-269-212-6011,CEO,Technical Evaluator,2024-08-12T00:00:00
73,929,Mark,Lewis,mark.lewis@globex.com,+1-995-760-5804,CEO,Economic Buyer,2024-07-24T00:00:00
74,725,Karen,Wilson,karen.wilson@umbrella.co,+1-736-889-8977,Chief Revenue Officer,Technical Evaluator,2021-11-30T00:00:00
75,338,Matthew,Lewis,matthew.lewis@acme.com,+1-236-595-7136,COO,Economic Buyer,2024-10-27T00:00:00
76,936,William,Ramirez,william.ramirez@initech.com,+1-549-709-7290,Head of Security,Coach,2024-05-10T00:00:00
77,706,Patricia,Thomas,patricia.thomas@acme.com,+1-533-611-5847,Head of Security,Economic Buyer,2023-03-22T00:00:00
78,210,Ashley,Sanchez,ashley.sanchez@globex.com,+1-212-357-4975,VP of Sales,Technical Evaluator,2024-03-27T00:00:00
79,180,William,Robinson,william.robinson@acme.com,+1-222-827-6014,Director of Operations,Coach,2024-09-27T00:00:00
80,333,Mark,Rodriguez,mark.rodriguez@globex.com,+1-419-833-7709,IT Manager,Technical Evaluator,2023-07-29T00:00:00
81,148,David,Wilson,david.wilson@piedpiper.com,+1-826-199-1050,Head of Data,Technical Evaluator,2024-10-10T00:00:00
82,195,Steven,Lopez,steven.lopez@umbrella.co,+1-901-387-8654,VP of Engineering,Champion,2024-07-11T00:00:00
83,708,Jennifer,Gonzalez,jennifer.gonzalez@acme.com,+1-249-867-6711,CEO,Coach,2021-12-31T00:00:00
84,83,Daniel,Miller,daniel.miller@initech.com,+1-727-801-3620,Director of IT,Technical Evaluator,2024-10-16T00:00:00
85,740,Lisa,White,lisa.white@piedpiper.com,+1-342-283-6511,Head of Security,Champion,2021-10-22T00:00:00
86,608,Joseph,Martin,joseph.martin@waystar.io,+1-245-509-3076,Director of IT,End User,2024-09-14T00:00:00
87,566,Donna,Robinson,donna.robinson@waystar.io,+1-739-438-9922,Head of Data,Economic Buyer,2024-12-09T00:00:00
88,742,Joshua,Garcia,joshua.garcia@waystar.io,+1-959-711-2492,Head of Security,Economic Buyer,2022-07-20T00:00:00
89,832,Thomas,Harris,thomas.harris@acme.com,+1-531-313-4635,CEO,End User,2024-10-07T00:00:00
90,398,Patricia,Ramirez,patricia.ramirez@initech.com,+1-321-890-7600,Head of Security,Technical Evaluator,2024-04-30T00:00:00
91,456,Lisa,Davis,lisa.davis@globex.com,+1-915-547-5597,IT Manager,Champion,2024-12-31T00:00:00
92,403,Sarah,Lopez,sarah.lopez@globex.com,+1-283-914-4190,Director of Operations,Blocker,2021-04-06T00:00:00
93,425,Nancy,Williams,nancy.williams@acme.com,,Engineering Manager,Technical Evaluator,2024-06-27T00:00:00
94,348,Michael,Robinson,michael.robinson@umbrella.co,,VP of Infrastructure,Champion,2024-12-29T00:00:00
95,80,Charles,Davis,charles.davis@acme.com,+1-243-742-6752,VP of Sales,Technical Evaluator,2024-06-12T00:00:00
96,583,Barbara,Ramirez,barbara.ramirez@initech.com,+1-600-971-1758,CEO,Technical Evaluator,2024-11-28T00:00:00
97,456,Joshua,Moore,joshua.moore@piedpiper.com,+1-682-301-5919,IT Manager,Economic Buyer,2024-12-31T00:00:00
98,261,Lisa,Robinson,lisa.robinson@piedpiper.com,+1-283-787-8548,Head of Security,Economic Buyer,2024-09-09T00:00:00
99,158,Matthew,Gonzalez,matthew.gonzalez@initech.com,+1-252-395-1431,Product Manager,Technical Evaluator,2023-10-22T00:00:00
100,225,Steven,Walker,steven.walker@waystar.io,,CFO,End User,2024-01-26T00:00:00
101,445,Kimberly,Wilson,kimberly.wilson@waystar.io,,VP of Sales,Champion,2024-12-31T00:00:00
102,900,James,Wilson,james.wilson@waystar.io,+1-545-851-8020,Director of IT,Technical Evaluator,2023-11-17T00:00:00
103,973,Betty,Walker,betty.walker@globex.com,+1-257-413-6504,COO,Champion,2023-02-11T00:00:00
104,768,Michelle,Harris,michelle.harris@globex.com,+1-654-322-1389,CFO,Coach,2024-09-29T00:00:00
105,967,Kimberly,Johnson,kimberly.johnson@umbrella.co,+1-820-122-3176,Director of Marketing,Champion,2023-03-22T00:00:00
106,958,Andrew,Ramirez,andrew.ramirez@globex.com,+1-724-617-3482,Director of Operations,End User,2022-09-25T00:00:00
107,771,Michelle,Wilson,michelle.wilson@waystar.io,+1-570-208-6686,CFO,Coach,2024-01-01T00:00:00
108,595,Andrew,Thomas,andrew.thomas@umbrella.co,+1-705-375-7100,Product Manager,Technical Evaluator,2020-10-05T00:00:00
109,467,Charles,Johnson,charles.johnson@globex.com,+1-780-226-8100,Data Engineer,Technical Evaluator,2024-12-13T00:00:00
110,121,Thomas,Harris,thomas.harris@globex.com,+1-451-103-8341,CFO,Coach,2024-01-06T00:00:00
111,142,Daniel,Rodriguez,daniel.rodriguez@globex.com,+1-984-358-8070,Head of Data,Champion,2022-08-13T00:00:00
112,321,Richard,Moore,richard.moore@globex.com,+1-586-794-2049,VP of Sales,Champion,2024-03-04T00:00:00
113,102,Barbara,Johnson,barbara.johnson@initech.com,+1-781-334-8152,Solutions Architect,Coach,2024-10-24T00:00:00
114,678,Anthony,Brown,anthony.brown@acme.com,+1-419-934-9156,Product Manager,Blocker,2023-12-03T00:00:00
115,156,Paul,Thomas,paul.thomas@acme.com,+1-215-959-9310,Head of Security,Champion,2021-06-03T00:00:00
116,732,Christopher,Jones,christopher.jones@waystar.io,+1-302-731-4603,IT Manager,Blocker,2023-09-01T00:00:00
117,511,Donald,Jones,donald.jones@acme.com,+1-699-766-5638,DevOps Lead,Technical Evaluator,2024-09-08T00:00:00
118,460,Kimberly,Brown,kimberly.brown@initech.com,+1-239-257-7578,Head of Security,Blocker,2024-12-25T00:00:00
119,44,Nancy,Jackson,nancy.jackson@globex.com,+1-858-430-9072,CFO,Blocker,2024-04-10T00:00:00
120,703,William,Rodriguez,william.rodriguez@waystar.io,+1-603-127-8607,Head of Security,Champion,2021-09-27T00:00:00
121,136,Steven,Moore,steven.moore@waystar.io,,Director of Marketing,Blocker,2023-08-07T00:00:00
122,221,Ashley,Miller,ashley.miller@waystar.io,,CEO,Blocker,2024-07-08T00:00:00
123,318,Patricia,Sanchez,,,VP of Infrastructure,End User,2022-10-12T00:00:00
124,867,Ashley,Clark,ashley.clark@waystar.io,+1-556-663-4432,VP of Engineering,Champion,2024-09-17T00:00:00
125,432,John,Robinson,john.robinson@acme.com,,VP of Infrastructure,End User,2024-04-11T00:00:00
126,713,William,Perez,william.perez@piedpiper.com,+1-387-603-5871,IT Manager,Technical Evaluator,2023-10-30T00:00:00
127,123,Jessica,Wilson,jessica.wilson@waystar.io,+1-641-114-5218,IT Manager,End User,2022-03-28T00:00:00
128,939,Linda,Robinson,linda.robinson@initech.com,+1-785-746-1727,Product Manager,Technical Evaluator,2024-06-15T00:00:00
129,696,Matthew,Clark,matthew.clark@umbrella.co,+1-426-867-3323,Engineering Manager,Technical Evaluator,2024-04-29T00:00:00
130,13,Thomas,Perez,thomas.perez@piedpiper.com,+1-951-695-2980,VP of Infrastructure,End User,2024-08-03T00:00:00
131,367,Paul,Walker,paul.walker@globex.com,+1-426-619-1496,Head of Data,Champion,2023-08-05T00:00:00
132,128,Elizabeth,Lee,elizabeth.lee@acme.com,+1-569-970-8707,DevOps Lead,Blocker,2024-12-24T00:00:00
133,794,William,Jones,william.jones@waystar.io,+1-277-526-6334,Director of IT,Coach,2023-06-10T00:00:00
134,152,Susan,Lewis,susan.lewis@umbrella.co,+1-315-605-9322,Data Engineer,Technical Evaluator,2020-11-19T00:00:00
135,114,Susan,Jackson,susan.jackson@umbrella.co,+1-653-422-2165,Director of Operations,Economic Buyer,2024-08-09T00:00:00
136,972,Richard,Hernandez,richard.hernandez@initech.com,+1-370-272-6219,VP of Sales,Technical Evaluator,2024-06-18T00:00:00
137,617,Margaret,Brown,margaret.brown@acme.com,+1-655-766-2544,Engineering Manager,Coach,2023-09-16T00:00:00
138,168,Kimberly,Sanchez,kimberly.sanchez@piedpiper.com,+1-592-950-7337,Engineering Manager,Blocker,2024-08-22T00:00:00
139,181,Donald,Anderson,donald.anderson@waystar.io,+1-767-538-4241,COO,Coach,2022-03-25T00:00:00
140,841,Jessica,Robinson,jessica.robinson@umbrella.co,+1-421-509-4473,IT Manager,End User,2024-05-04T00:00:00
141,680,Donna,Lewis,donna.lewis,+1-873-706-7328,Director of Operations,End User,2024-03-28T00:00:00
142,662,Emily,Moore,emily.moore@umbrella.co,+1-901-662-4650,Solutions Architect,Coach,2023-12-04T00:00:00
143,771,Linda,Ramirez,linda.ramirez@acme.com,+1-227-964-3444,VP of Infrastructure,Blocker,2023-10-18T00:00:00
144,551,David,Ramirez,david.ramirez@acme.com,+1-528-696-5913,CTO,Technical Evaluator,2024-02-07T00:00:00
145,143,John,Martin,john.martin@globex.com,+1-691-186-5673,CFO,End User,2023-08-19T00:00:00
146,838,Matthew,Hernandez,matthew.hernandez@piedpiper.com,,VP of Infrastructure,Economic Buyer,2022-07-07T00:00:00
147,589,Joshua,Taylor,joshua.taylor@acme.com,+1-986-175-7498,VP of Infrastructure,Coach,2024-01-02T00:00:00
148,656,Kimberly,Wilson,kimberly.wilson@initech.com,+1-757-121-3774,Product Manager,Technical Evaluator,2023-03-18T00:00:00
149,725,Patricia,Moore,patricia.moore@piedpiper.com,+1-993-818-4139,Product Manager,End User,2023-01-20T00:00:00
150,723,Lisa,Lee,lisa.lee@acme.com,+1-460-881-7101,Head of Data,Champion,2024-08-21T00:00:00
151,13,Christopher,Davis,christopher.davis@waystar.io,+1-796-300-6007,CTO,Coach,2024-07-13T00:00:00
152,251,Ashley,Perez,ashley.perez@initech.com,+1-759-671-1428,Director of Marketing,Champion,2024-09-27T00:00:00
153,558,Anthony,White,anthony.white@initech.com,+1-976-896-4512,Head of Security,Blocker,2024-12-13T00:00:00
154,606,Betty,Wilson,betty.wilson@waystar.io,,Engineering Manager,Champion,2024-10-31T00:00:00
155,10,Paul,Davis,paul.davis@acme.com,+1-671-778-7669,Director of Operations,Coach,2023-09-28T00:00:00
156,954,Betty,Lee,betty.lee@acme.com,+1-389-865-6521,Chief Revenue Officer,Champion,2022-01-28T00:00:00
157,364,Donna,Lee,donna.lee@initech.com,+1-301-499-4678,VP of Infrastructure,Champion,2024-03-28T00:00:00
158,707,Christopher,Jones,christopher.jones@initech.com,+1-669-385-2671,Head of Data,Economic Buyer,2021-06-28T00:00:00
159,625,William,Johnson,william.johnson@waystar.io,+1-745-502-1849,Head of Data,Technical Evaluator,2024-12-18T00:00:00
160,200,Betty,Miller,betty.miller@umbrella.co,+1-586-130-3455,VP of Sales,Technical Evaluator,2022-10-21T00:00:00
161,128,Margaret,Clark,margaret.clark@globex.com,+1-691-605-7309,VP of Infrastructure,Coach,2024-12-24T00:00:00
162,128,Barbara,Harris,barbara.harris@globex.com,+1-398-201-9350,VP of Sales,Technical Evaluator,2024-12-26T00:00:00
163,895,Michelle,Rodriguez,michelle.rodriguez@acme.com,+1-908-488-1809,CTO,Economic Buyer,2024-12-28T00:00:00
164,717,Charles,Walker,charles.walker@acme.com,+1-864-259-2280,CFO,End User,2023-10-26T00:00:00
165,838,John,Robinson,john.robinson@waystar.io,+1-703-604-4477,Product Manager,Coach,2023-03-09T00:00:00
166,210,David,Clark,david.clark@waystar.io,+1-378-164-4439,Director of Operations,Technical Evaluator,2024-05-10T00:00:00
167,977,Emily,Sanchez,emily.sanchez@piedpiper.com,+1-552-893-6731,DevOps Lead,Technical Evaluator,2022-10-19T00:00:00
168,584,Joseph,Brown,joseph.brown@waystar.io,+1-662-937-3899,Head of Security,Economic Buyer,2024-09-03T00:00:00
169,924,Ashley,Sanchez,ashley.sanchez@umbrella.co,+1-727-893-7731,VP of Product,Technical Evaluator,2024-11-12T00:00:00
170,375,Lisa,Thompson,lisa.thompson@acme.com,+1-677-872-1133,Head of Security,Technical Evaluator,2020-07-04T00:00:00
171,505,John,Lewis,john.lewis@umbrella.co,+1-318-674-1876,DevOps Lead,Coach,2024-12-02T00:00:00
172,300,Donald,Martinez,donald.martinez@initech.com,+1-965-808-2306,VP of Engineering,End User,2024-05-13T00:00:00
173,655,Sandra,White,sandra.white,+1-235-513-2497,Solutions Architect,Coach,2024-12-29T00:00:00
174,200,Daniel,Thompson,daniel.thompson@initech.com,+1-673-108-1739,CFO,End User,2022-04-03T00:00:00
175,510,Patricia,Garcia,patricia.garcia@globex.com,+1-299-372-8901,VP of Product,Champion,2024-02-21T00:00:00
176,67,John,Thompson,john.thompson@globex.com,+1-570-273-7982,Solutions Architect,Blocker,2024-01-03T00:00:00
177,574,Linda,Perez,linda.perez@acme.com,+1-628-980-5817,Head of Data,Economic Buyer,2023-05-02T00:00:00
178,625,Nancy,Hernandez,nancy.hernandez@acme.com,+1-837-136-6415,Head of Security,Economic Buyer,2023-08-15T00:00:00
179,607,John,Thomas,john.thomas@umbrella.co,+1-867-552-9504,Engineering Manager,End User,2024-12-13T00:00:00
180,175,Lisa,Hernandez,lisa.hernandez@waystar.io,+1-407-696-9597,VP of Product,Coach,2024-09-04T00:00:00
181,302,Linda,Brown,linda.brown@waystar.io,+1-833-110-5060,Solutions Architect,Technical Evaluator,2024-04-12T00:00:00
182,612,Joseph,Martin,joseph.martin@acme.com,,DevOps Lead,Economic Buyer,2024-10-11T00:00:00
183,112,Paul,Taylor,paul.taylor@globex.com,,Head of Security,End User,2024-04-24T00:00:00
184,379,Betty,Walker,betty.walker@initech.com,+1-492-640-7348,Engineering Manager,Champion,2024-06-12T00:00:00
185,624,Daniel,Thomas,daniel.thomas@waystar.io,+1-788-535-5909,VP of Sales,Technical Evaluator,2024-08-13T00:00:00
186,104,Steven,Anderson,steven.anderson@globex.com,+1-520-627-3198,VP of Product,Champion,2024-10-17T00:00:00
187,320,Karen,Walker,karen.walker@globex.com,+1-917-789-8011,VP of Engineering,Technical Evaluator,2024-04-02T00:00:00
188,202,Donald,Martinez,donald.martinez@acme.com,+1-724-701-2212,Head of Data,Blocker,2024-08-16T00:00:00
189,61,Matthew,Williams,matthew.williams@piedpiper.com,+1-928-709-6369,CFO,End User,2024-08-16T00:00:00
190,932,Barbara,Thomas,barbara.thomas,,Director of Marketing,End User,2021-12-17T00:00:00
191,157,Andrew,Thompson,andrew.thompson@initech.com,+1-982-588-3691,CEO,Technical Evaluator,2023-10-28T00:00:00
192,649,Michael,Walker,michael.walker@initech.com,+1-844-928-3031,VP of Engineering,Blocker,2024-09-13T00:00:00
193,539,Robert,Jones,robert.jones@piedpiper.com,+1-520-738-1965,CEO,Coach,2024-02-23T00:00:00
194,239,Michelle,Robinson,michelle.robinson@umbrella.co,+1-694-513-2510,CTO,End User,2024-11-06T00:00:00
195,667,Anthony,White,anthony.white@piedpiper.com,+1-360-296-9095,Product Manager,Technical Evaluator,2024-06-10T00:00:00
196,349,David,Wilson,david.wilson@globex.com,+1-693-284-2183,,End User,2024-12-10T00:00:00
197,508,Robert,Taylor,robert.taylor@waystar.io,+1-399-840-6105,Director of Marketing,Technical Evaluator,2024-08-14T00:00:00
198,139,Joseph,Jones,joseph.jones@waystar.io,+1-251-934-1810,Solutions Architect,Blocker,2024-06-10T00:00:00
199,484,Patricia,Martin,patricia.martin@globex.com,+1-245-604-7118,Director of IT,Coach,2023-01-20T00:00:00
200,828,Robert,Garcia,robert.garcia@piedpiper.com,+1-329-921-5526,VP of Product,Economic Buyer,2021-04-06T00:00:00
201,858,Susan,Thomas,susan.thomas@umbrella.co,+1-519-711-2905,CFO,Blocker,2024-11-07T00:00:00
202,269,Emily,Wilson,emily.wilson@waystar.io,+1-779-426-3788,VP of Sales,Technical Evaluator,2024-12-05T00:00:00
203,786,Mark,Gonzalez,mark.gonzalez@piedpiper.com,+1-970-354-6544,Engineering Manager,Technical Evaluator,2024-05-06T00:00:00
204,452,William,Clark,william.clark@globex.com,+1-319-628-2064,Director of Operations,Technical Evaluator,2023-12-04T00:00:00
205,239,Linda,Harris,linda.harris@initech.com,+1-362-984-5440,Head of Data,End User,2024-12-27T00:00:00
206,433,Charles,Thompson,charles.thompson@initech.com,+1-857-662-8281,Engineering Manager,Economic Buyer,2023-12-10T00:00:00
207,98,Lisa,Rodriguez,lisa.rodriguez@waystar.io,+1-750-900-8373,CFO,Champion,2023-03-10T00:00:00
208,737,Christopher,Garcia,christopher.garcia@acme.com,+1-999-751-3373,COO,Technical Evaluator,2024-10-07T00:00:00
209,892,Emily,Wilson,emily.wilson@piedpiper.com,+1-790-539-8988,CTO,Technical Evaluator,2024-06-04T00:00:00
210,31,Ashley,Anderson,ashley.anderson@globex.com,+1-905-970-1055,Head of Data,Champion,2022-01-28T00:00:00
211,410,Joseph,Gonzalez,,+1-317-591-3546,Engineering Manager,End User,2024-08-13T00:00:00
212,696,Ashley,Lewis,ashley.lewis@waystar.io,+1-489-714-7154,CEO,Technical Evaluator,2023-09-14T00:00:00
213,382,Joseph,Ramirez,,+1-354-535-9117,Product Manager,Coach,2024-12-23T00:00:00
214,787,Richard,Ramirez,richard.ramirez@piedpiper.com,+1-519-455-8625,Engineering Manager,Coach,2022-09-15T00:00:00
215,525,Charles,Williams,charles.williams@globex.com,+1-512-733-5926,Chief Revenue Officer,Champion,2023-08-11T00:00:00
216,663,Steven,Anderson,steven.anderson@globex.com,+1-603-404-7126,Solutions Architect,Technical Evaluator,2024-04-11T00:00:00
217,334,Lisa,Lopez,lisa.lopez@acme.com,+1-986-102-3612,Data Engineer,Champion,2024-12-09T00:00:00
218,687,Jessica,Brown,jessica.brown@initech.com,,Data Engineer,Economic Buyer,2024-11-26T00:00:00
219,18,William,Smith,,+1-915-110-1794,Head of Security,Blocker,2024-07-29T00:00:00
220,167,John,Lewis,john.lewis@initech.com,+1-925-934-6795,Director of Operations,Blocker,2024-12-30T00:00:00
221,289,Paul,Williams,paul.williams@acme.com,+1-955-767-8885,CEO,Technical Evaluator,2023-10-12T00:00:00
222,907,Mark,Walker,mark.walker@globex.com,+1-648-999-8718,Director of IT,Champion,2024-10-30T00:00:00
223,576,Daniel,Walker,daniel.walker@waystar.io,+1-647-102-4931,CTO,Champion,2023-10-20T00:00:00
224,383,Donna,Harris,donna.harris@umbrella.co,+1-464-769-9834,Director of Marketing,Technical Evaluator,2023-08-31T00:00:00
225,345,Joseph,Perez,joseph.perez@initech.com,,Director of IT,Coach,2024-01-24T00:00:00
226,844,Margaret,Thomas,margaret.thomas@acme.com,+1-483-766-7825,Director of IT,Technical Evaluator,2024-11-29T00:00:00
227,869,Matthew,Brown,matthew.brown@acme.com,+1-821-540-3306,Solutions Architect,Blocker,2023-02-26T00:00:00
228,524,Jennifer,Martin,jennifer.martin@initech.com,+1-511-447-7587,Director of Marketing,Blocker,2023-09-03T00:00:00
229,873,John,Rodriguez,john.rodriguez@waystar.io,+1-905-522-5588,Engineering Manager,Champion,2024-10-31T00:00:00
230,63,Daniel,White,daniel.white@initech.com,+1-761-144-6113,Head of Data,Champion,2023-03-30T00:00:00
231,365,Mary,Sanchez,mary.sanchez@piedpiper.com,+1-423-986-9799,VP of Product,Blocker,2024-12-01T00:00:00
232,49,Nancy,Jackson,nancy.jackson@globex.com,+1-762-514-7240,VP of Sales,Economic Buyer,2024-05-17T00:00:00
233,572,Matthew,Sanchez,matthew.sanchez@initech.com,+1-379-364-7417,Solutions Architect,Coach,2023-12-03T00:00:00
234,615,Jennifer,Clark,jennifer.clark@acme.com,+1-919-357-5992,CTO,Coach,2023-11-26T00:00:00
235,333,Betty,Ramirez,betty.ramirez@globex.com,+1-211-880-3210,Director of Marketing,Economic Buyer,2024-02-13T00:00:00
236,685,Patricia,Wilson,patricia.wilson@waystar.io,+1-886-590-3569,Director of Operations,Economic Buyer,2024-05-29T00:00:00
237,880,Sandra,Jones,sandra.jones@waystar.io,+1-481-741-9789,Head of Data,Blocker,2024-12-07T00:00:00
238,862,Daniel,Sanchez,daniel.sanchez@acme.com,+1-248-301-8100,Engineering Manager,End User,2020-06-26T00:00:00
239,21,Jennifer,Brown,jennifer.brown@waystar.io,,Product Manager,Coach,2024-10-20T00:00:00
240,89,Daniel,Gonzalez,daniel.gonzalez@initech.com,+1-462-493-3706,COO,Champion,2022-03-14T00:00:00
241,438,Margaret,Brown,margaret.brown@acme.com,+1-688-847-8164,CFO,Champion,2023-03-09T00:00:00
242,770,Donald,Wilson,donald.wilson@initech.com,,CEO,Economic Buyer,2024-11-05T00:00:00
243,80,Betty,Johnson,betty.johnson@waystar.io,+1-957-689-4224,Director of Operations,End User,2024-02-06T00:00:00
244,327,Andrew,White,andrew.white@piedpiper.com,+1-798-994-4902,CEO,Coach,2020-08-04T00:00:00
245,599,Michael,Robinson,michael.robinson@initech.com,+1-786-234-9532,COO,Technical Evaluator,2024-08-14T00:00:00
246,666,Mary,Thompson,mary.thompson@waystar.io,+1-623-643-8432,Head of Security,Blocker,2023-09-21T00:00:00
247,450,Karen,Johnson,karen.johnson@piedpiper.com,+1-382-876-5477,VP of Infrastructure,Technical Evaluator,2024-09-23T00:00:00
248,213,Karen,Miller,karen.miller@piedpiper.com,+1-263-132-3432,Chief Revenue Officer,Blocker,2022-10-24T00:00:00
249,728,Susan,Sanchez,susan.sanchez@waystar.io,+1-320-931-8103,VP of Engineering,Champion,2023-09-09T00:00:00
250,175,Andrew,Hernandez,andrew.hernandez,,IT Manager,Champion,2024-11-18T00:00:00
251,868,Daniel,Wilson,,+1-619-741-3130,Data Engineer,Blocker,2024-11-26T00:00:00
252,964,Michelle,Smith,michelle.smith@waystar.io,+1-724-206-1209,COO,End User,2024-08-13T00:00:00
253,52,Linda,Taylor,linda.taylor@globex.com,+1-676-484-8407,Director of IT,Champion,2023-07-07T00:00:00
254,534,Betty,Hernandez,betty.hernandez@acme.com,+1-321-592-5525,IT Manager,Economic Buyer,2024-11-25T00:00:00
255,340,Nancy,Lopez,nancy.lopez@piedpiper.com,+1-846-983-9397,CTO,Technical Evaluator,2023-09-30T00:00:00
256,810,Daniel,Thompson,daniel.thompson@acme.com,+1-412-369-2090,VP of Sales,Blocker,2023-11-01T00:00:00
257,163,Michelle,Jones,michelle.jones@globex.com,,DevOps Lead,Champion,2024-08-04T00:00:00
258,455,Joshua,Thompson,joshua.thompson@globex.com,+1-911-794-2172,Head of Data,Blocker,2023-08-27T00:00:00
259,364,Karen,Smith,karen.smith@piedpiper.com,+1-232-930-9349,DevOps Lead,Technical Evaluator,2024-12-16T00:00:00
260,968,Paul,Clark,paul.clark@waystar.io,+1-216-243-9692,VP of Engineering,Economic Buyer,2024-11-02T00:00:00
261,161,Anthony,Thomas,anthony.thomas@globex.com,+1-453-868-2024,Director of IT,Champion,2024-12-22T00:00:00
262,788,John,Martin,john.martin@initech.com,+1-852-518-8963,Director of Operations,Champion,2024-09-14T00:00:00
263,368,Donald,Taylor,donald.taylor@initech.com,+1-208-721-7991,VP of Product,Technical Evaluator,2024-11-22T00:00:00
264,667,Jessica,Gonzalez,jessica.gonzalez@globex.com,+1-238-723-8173,CTO,Economic Buyer,2022-01-10T00:00:00
265,463,Anthony,Sanchez,anthony.sanchez@initech.com,+1-365-607-1018,IT Manager,Champion,2024-08-21T00:00:00
266,128,Charles,Walker,charles.walker@waystar.io,+1-293-239-4354,CEO,End User,2024-11-10T00:00:00
267,226,Jennifer,Taylor,jennifer.taylor@umbrella.co,,CFO,Blocker,2022-01-04T00:00:00
268,451,Steven,Gonzalez,steven.gonzalez@piedpiper.com,+1-712-387-3006,VP of Product,Economic Buyer,2024-09-15T00:00:00
269,979,Charles,Wilson,charles.wilson@umbrella.co,+1-399-842-8174,DevOps Lead,Technical Evaluator,2024-11-18T00:00:00
270,229,William,Gonzalez,william.gonzalez@globex.com,+1-736-696-8830,CFO,Technical Evaluator,2022-12-09T00:00:00
271,686,Joshua,Martinez,joshua.martinez@globex.com,+1-728-328-4419,Director of IT,Champion,2021-09-13T00:00:00
272,314,Anthony,Gonzalez,anthony.gonzalez@globex.com,+1-871-839-9782,CEO,Champion,2024-12-31T00:00:00
273,252,Barbara,Ramirez,barbara.ramirez@initech.com,+1-405-826-5645,VP of Sales,End User,2022-04-20T00:00:00
274,976,John,Jackson,john.jackson@initech.com,+1-235-755-4607,COO,Economic Buyer,2024-06-23T00:00:00
275,867,Joseph,Anderson,joseph.anderson@globex.com,+1-694-458-2485,Engineering Manager,Technical Evaluator,2024-05-01T00:00:00
276,322,Sandra,White,sandra.white@piedpiper.com,+1-524-293-3778,IT Manager,Coach,2023-10-28T00:00:00
277,939,James,Moore,james.moore@globex.com,+1-313-485-3483,Director of IT,Champion,2024-08-03T00:00:00
278,851,Anthony,Smith,anthony.smith@piedpiper.com,+1-263-842-3205,Director of IT,Technical Evaluator,2024-09-20T00:00:00
279,845,Richard,Jackson,richard.jackson@globex.com,,COO,Economic Buyer,2023-08-30T00:00:00
280,994,Lisa,Thompson,lisa.thompson@piedpiper.com,+1-240-657-3645,Head of Security,Technical Evaluator,2024-08-14T00:00:00
281,741,John,Harris,john.harris@piedpiper.com,+1-871-371-5762,CFO,Technical Evaluator,2024-12-06T00:00:00
282,727,Robert,Smith,robert.smith@acme.com,+1-641-257-4195,Head of Data,Coach,2024-03-21T00:00:00
283,209,Emily,Johnson,emily.johnson@umbrella.co,+1-874-586-3531,VP of Sales,Champion,2024-02-14T00:00:00
284,659,Ashley,Ramirez,ashley.ramirez@waystar.io,+1-330-481-3613,Director of Marketing,Champion,2023-06-04T00:00:00
285,267,Charles,Rodriguez,charles.rodriguez@globex.com,+1-305-443-8817,VP of Engineering,Blocker,2023-08-11T00:00:00
286,785,Elizabeth,Garcia,elizabeth.garcia@umbrella.co,+1-907-900-6960,CFO,Champion,2020-11-04T00:00:00
287,976,Robert,Smith,robert.smith@globex.com,+1-722-764-9821,DevOps Lead,Champion,2024-11-02T00:00:00
288,949,Karen,Rodriguez,karen.rodriguez@acme.com,+1-472-265-3302,CTO,Champion,2024-02-26T00:00:00
289,934,Jessica,Perez,jessica.perez@piedpiper.com,+1-666-967-2541,Director of Marketing,End User,2024-10-07T00:00:00
290,59,Sarah,Miller,sarah.miller@waystar.io,+1-968-811-2052,VP of Product,Technical Evaluator,2024-12-08T00:00:00
291,409,William,Johnson,william.johnson@piedpiper.com,+1-663-880-9624,Product Manager,Technical Evaluator,2023-04-06T00:00:00
292,27,Donna,Lee,donna.lee@acme.com,+1-534-327-2872,COO,Blocker,2024-10-24T00:00:00
293,210,Sarah,Lopez,sarah.lopez@umbrella.co,+1-927-685-5647,IT Manager,Coach,2024-05-05T00:00:00
294,294,Susan,Perez,susan.perez@waystar.io,+1-547-884-5744,CFO,Technical Evaluator,2024-12-17T00:00:00
295,837,Emily,Lee,emily.lee@initech.com,+1-660-875-4912,DevOps Lead,Blocker,2023-10-25T00:00:00
296,308,Andrew,Anderson,andrew.anderson@waystar.io,+1-949-743-2538,CTO,End User,2024-08-05T00:00:00
297,321,Margaret,Jackson,margaret.jackson@acme.com,+1-227-209-4353,Head of Security,Technical Evaluator,2024-03-30T00:00:00
298,4,Steven,Rodriguez,steven.rodriguez@waystar.io,,DevOps Lead,End User,2024-09-27T00:00:00
299,674,Daniel,Harris,daniel.harris@waystar.io,+1-410-619-9538,COO,Economic Buyer,2022-10-21T00:00:00
300,710,Betty,Martinez,betty.martinez@acme.com,+1-384-861-2435,CFO,Technical Evaluator,2024-09-22T00:00:00
301,972,Matthew,Lopez,matthew.lopez@umbrella.co,+1-974-541-5354,CEO,Technical Evaluator,2024-06-17T00:00:00
302,197,Barbara,Thomas,,+1-528-109-1554,CEO,Champion,2024-09-24T00:00:00
303,781,Thomas,Perez,thomas.perez@umbrella.co,+1-384-184-5943,Solutions Architect,Economic Buyer,2024-08-08T00:00:00
304,806,Sandra,Sanchez,sandra.sanchez,+1-893-296-7607,Director of IT,Champion,2023-11-15T00:00:00
305,532,Donna,Martin,donna.martin@umbrella.co,+1-274-838-6468,Solutions Architect,Champion,2024-11-17T00:00:00
306,399,Nancy,Robinson,nancy.robinson@globex.com,+1-315-426-9761,Data Engineer,Economic Buyer,2024-09-19T00:00:00
307,492,Richard,Wilson,richard.wilson@globex.com,+1-866-571-4693,Head of Security,Blocker,2022-05-16T00:00:00
308,492,Mark,Rodriguez,mark.rodriguez@waystar.io,,VP of Sales,End User,2021-12-30T00:00:00
309,190,James,Miller,james.miller@initech.com,+1-940-645-1579,VP of Infrastructure,Champion,2022-12-15T00:00:00
310,686,Daniel,Jackson,daniel.jackson@piedpiper.com,,Head of Data,Technical Evaluator,2023-10-29T00:00:00
311,780,Michael,Garcia,michael.garcia@acme.com,+1-277-273-8356,VP of Sales,Technical Evaluator,2021-09-05T00:00:00
312,41,Donald,Brown,donald.brown@globex.com,+1-571-813-4295,Head of Security,Blocker,2024-10-10T00:00:00
313,905,Sarah,Thompson,sarah.thompson@globex.com,+1-909-221-8826,Head of Data,Economic Buyer,2021-08-30T00:00:00
314,806,Margaret,Lee,margaret.lee@initech.com,+1-979-256-2617,Data Engineer,Economic Buyer,2023-06-04T00:00:00
315,948,Matthew,Miller,matthew.miller@piedpiper.com,,Data Engineer,Blocker,2024-12-25T00:00:00
316,456,Betty,Davis,betty.davis@umbrella.co,+1-399-986-5354,VP of Infrastructure,Coach,2024-12-24T00:00:00
317,606,Donald,Thomas,donald.thomas,+1-888-282-2587,COO,Technical Evaluator,2024-12-28T00:00:00
318,40,Matthew,Martin,matthew.martin@globex.com,+1-880-663-5001,CFO,End User,2024-08-07T00:00:00
319,735,Steven,Harris,steven.harris@umbrella.co,+1-613-675-7796,IT Manager,Technical Evaluator,2024-03-27T00:00:00
320,68,Lisa,Lopez,lisa.lopez@umbrella.co,+1-784-136-8493,CFO,Economic Buyer,2021-08-19T00:00:00
321,43,Joseph,Lopez,joseph.lopez@acme.com,+1-779-406-5260,Chief Revenue Officer,Technical Evaluator,2023-02-02T00:00:00
322,427,Daniel,Gonzalez,daniel.gonzalez@waystar.io,,Head of Data,Champion,2024-01-12T00:00:00
323,929,Linda,Garcia,linda.garcia@umbrella.co,+1-703-546-8707,IT Manager,Blocker,2024-12-30T00:00:00
324,630,Mark,Lee,mark.lee@globex.com,,VP of Engineering,Technical Evaluator,2023-12-29T00:00:00
325,120,Margaret,Brown,margaret.brown@umbrella.co,+1-286-759-6283,Head of Security,Blocker,2023-08-03T00:00:00
326,533,Linda,Williams,linda.williams@initech.com,+1-547-689-5786,COO,Economic Buyer,2021-11-20T00:00:00
327,35,Mark,Perez,mark.perez@initech.com,+1-415-513-8821,CTO,Champion,2021-07-22T00:00:00
328,144,Margaret,Moore,margaret.moore@umbrella.co,+1-872-164-4289,VP of Engineering,Technical Evaluator,2024-07-13T00:00:00
329,740,Robert,Anderson,robert.anderson@initech.com,+1-883-150-4711,,Economic Buyer,2024-04-17T00:00:00
330,672,Elizabeth,Smith,elizabeth.smith@globex.com,+1-349-408-7191,Director of IT,Champion,2024-12-06T00:00:00
331,656,Karen,Moore,karen.moore@acme.com,+1-448-883-6512,CEO,Technical Evaluator,2021-03-17T00:00:00
332,562,Joseph,Thompson,joseph.thompson@acme.com,+1-556-565-1012,VP of Product,Technical Evaluator,2024-01-16T00:00:00
333,382,Daniel,Jones,daniel.jones@piedpiper.com,+1-796-309-1557,Director of Operations,Blocker,2024-12-21T00:00:00
334,766,Elizabeth,Robinson,elizabeth.robinson@piedpiper.com,+1-755-205-9148,Head of Data,Champion,2023-02-24T00:00:00
335,718,Joseph,Hernandez,joseph.hernandez@umbrella.co,+1-434-285-5531,VP of Infrastructure,End User,2024-07-27T00:00:00
336,713,David,Lee,david.lee@initech.com,,Director of Operations,End User,2024-12-13T00:00:00
337,383,Kimberly,Perez,kimberly.perez@umbrella.co,+1-869-487-5042,Chief Revenue Officer,End User,2023-10-25T00:00:00
338,570,Nancy,Davis,nancy.davis@umbrella.co,+1-912-477-7919,Chief Revenue Officer,Champion,2024-05-23T00:00:00
339,249,Donald,White,donald.white@globex.com,+1-388-242-2636,Director of IT,Technical Evaluator,2023-07-21T00:00:00
340,753,Paul,Perez,,+1-587-206-8610,CTO,Coach,2024-08-11T00:00:00
341,483,John,Davis,john.davis@waystar.io,+1-807-946-1271,Head of Data,Economic Buyer,2022-05-24T00:00:00
342,30,Donald,Thompson,donald.thompson@acme.com,,VP of Product,Champion,2024-04-17T00:00:00
343,888,Michelle,Martin,michelle.martin@initech.com,+1-991-272-2596,VP of Product,Technical Evaluator,2022-04-29T00:00:00
344,979,Karen,White,karen.white@waystar.io,+1-320-190-6773,Director of IT,End User,2024-10-24T00:00:00
345,236,Patricia,Taylor,patricia.taylor@acme.com,+1-709-938-5783,Head of Data,Champion,2024-05-02T00:00:00
346,841,Margaret,Williams,margaret.williams@piedpiper.com,+1-361-240-8186,CTO,Coach,2023-09-21T00:00:00
347,537,Matthew,Lee,matthew.lee@initech.com,+1-710-684-5582,IT Manager,Economic Buyer,2022-09-23T00:00:00
348,211,Mary,Thomas,mary.thomas@umbrella.co,+1-867-179-8296,Chief Revenue Officer,Technical Evaluator,2024-07-30T00:00:00
349,333,Joseph,Rodriguez,joseph.rodriguez@globex.com,+1-541-400-3182,VP of Sales,Champion,2024-08-10T00:00:00
350,840,Emily,White,emily.white@acme.com,+1-476-333-7859,DevOps Lead,Champion,2023-11-23T00:00:00
351,634,Mark,Taylor,mark.taylor@globex.com,+1-473-544-2988,Head of Data,End User,2024-05-16T00:00:00
352,99,Nancy,Ramirez,nancy.ramirez@globex.com,+1-378-532-6966,VP of Sales,Blocker,2024-08-23T00:00:00
353,971,Donna,Robinson,donna.robinson@initech.com,+1-940-660-8665,Product Manager,Technical Evaluator,2024-12-17T00:00:00
354,156,Charles,Clark,charles.clark@piedpiper.com,+1-528-373-6521,Solutions Architect,Coach,2022-04-20T00:00:00
355,866,Donna,Rodriguez,donna.rodriguez@waystar.io,,CEO,Technical Evaluator,2023-05-25T00:00:00
356,738,Sandra,Perez,,+1-420-993-5723,CEO,Economic Buyer,2024-12-26T00:00:00
357,711,Michelle,Lopez,michelle.lopez@acme.com,+1-773-855-9261,COO,Champion,2023-05-18T00:00:00
358,132,Richard,Jackson,richard.jackson@piedpiper.com,+1-289-612-8308,,Economic Buyer,2022-12-07T00:00:00
359,61,Mary,Jackson,mary.jackson@umbrella.co,+1-620-941-8208,Director of Marketing,Champion,2024-09-04T00:00:00
360,592,Barbara,Jones,barbara.jones@acme.com,+1-319-723-7910,Head of Data,Coach,2022-08-12T00:00:00
361,652,Christopher,Thomas,christopher.thomas@globex.com,+1-948-211-8949,Solutions Architect,Technical Evaluator,2024-12-18T00:00:00
362,219,Paul,White,paul.white@globex.com,+1-776-358-4121,VP of Infrastructure,Champion,2021-10-22T00:00:00
363,765,Margaret,Davis,margaret.davis@umbrella.co,+1-995-932-9568,VP of Sales,Champion,2024-06-28T00:00:00
364,465,Matthew,White,matthew.white@piedpiper.com,+1-546-282-6143,,Technical Evaluator,2024-12-31T00:00:00
365,299,Elizabeth,Jones,elizabeth.jones@globex.com,+1-641-475-1406,IT Manager,Champion,2024-04-09T00:00:00
366,313,Charles,Garcia,charles.garcia@umbrella.co,+1-753-183-6687,Chief Revenue Officer,Technical Evaluator,2024-11-06T00:00:00
367,804,Jennifer,Lopez,jennifer.lopez@initech.com,+1-227-961-2996,Director of Operations,Coach,2022-06-01T00:00:00
368,633,Jessica,Rodriguez,jessica.rodriguez@waystar.io,+1-976-973-2490,VP of Product,Economic Buyer,2024-07-10T00:00:00
369,320,Susan,White,susan.white@waystar.io,+1-248-299-2139,DevOps Lead,End User,2022-09-25T00:00:00
370,12,Joseph,Clark,joseph.clark@waystar.io,+1-646-410-4082,Director of IT,Economic Buyer,2024-07-29T00:00:00
371,299,David,Smith,david.smith@piedpiper.com,+1-939-418-4839,Engineering Manager,Champion,2024-12-01T00:00:00
372,81,Barbara,Garcia,barbara.garcia@acme.com,+1-288-192-5291,VP of Engineering,Technical Evaluator,2024-01-10T00:00:00
373,25,Ashley,Johnson,ashley.johnson@acme.com,+1-961-144-7367,Director of Marketing,Blocker,2024-07-30T00:00:00
374,183,Charles,Smith,charles.smith@waystar.io,+1-238-118-9290,VP of Engineering,Technical Evaluator,2024-09-25T00:00:00
375,57,Mark,Miller,mark.miller@acme.com,+1-737-564-7126,Solutions Architect,Economic Buyer,2024-11-23T00:00:00
376,61,Ashley,Gonzalez,ashley.gonzalez@initech.com,+1-957-779-7042,Director of Marketing,Economic Buyer,2024-08-07T00:00:00
377,432,Charles,Smith,charles.smith@acme.com,+1-666-932-1237,DevOps Lead,Coach,2024-02-04T00:00:00
378,438,Richard,Jackson,richard.jackson@acme.com,,Engineering Manager,Blocker,2022-11-20T00:00:00
379,184,Thomas,Martin,thomas.martin@waystar.io,+1-582-390-4458,Head of Security,Blocker,2023-08-10T00:00:00
380,110,Betty,Johnson,betty.johnson@umbrella.co,,Director of Marketing,Champion,2024-02-25T00:00:00
381,34,Mary,Jackson,mary.jackson@globex.com,+1-213-537-9601,Solutions Architect,End User,2024-10-04T00:00:00
382,528,John,Lee,john.lee@acme.com,,Director of Operations,End User,2024-11-26T00:00:00
383,346,Andrew,Ramirez,andrew.ramirez@umbrella.co,+1-748-674-2804,Product Manager,Blocker,2020-11-01T00:00:00
384,460,Lisa,Rodriguez,lisa.rodriguez@initech.com,+1-493-934-4546,DevOps Lead,Technical Evaluator,2024-08-07T00:00:00
385,77,Charles,Ramirez,charles.ramirez@umbrella.co,+1-249-569-7474,CFO,Champion,2024-06-02T00:00:00
386,726,Thomas,Thomas,thomas.thomas@piedpiper.com,+1-698-306-7963,DevOps Lead,End User,2024-06-25T00:00:00
387,575,Anthony,Williams,anthony.williams@umbrella.co,+1-535-409-9425,COO,Champion,2023-08-24T00:00:00
388,879,Joshua,Harris,joshua.harris@waystar.io,+1-262-478-1333,CEO,Economic Buyer,2022-11-30T00:00:00
389,748,Elizabeth,Hernandez,,+1-526-130-1960,Data Engineer,End User,2022-07-05T00:00:00
390,30,Steven,Rodriguez,steven.rodriguez@waystar.io,+1-665-204-6431,DevOps Lead,Economic Buyer,2024-09-11T00:00:00
391,649,John,Taylor,john.taylor@waystar.io,,Engineering Manager,Champion,2024-11-15T00:00:00
392,98,Christopher,Miller,christopher.miller@acme.com,+1-252-890-4879,Chief Revenue Officer,Coach,2024-10-27T00:00:00
393,254,Susan,Garcia,susan.garcia@acme.com,+1-591-413-3101,Solutions Architect,Technical Evaluator,2022-09-25T00:00:00
394,920,Elizabeth,Sanchez,elizabeth.sanchez@globex.com,+1-602-604-7705,,Technical Evaluator,2024-09-02T00:00:00
395,508,Robert,White,robert.white@acme.com,+1-890-353-8852,IT Manager,Champion,2024-07-31T00:00:00
396,511,Lisa,Williams,lisa.williams@umbrella.co,+1-666-484-8906,Solutions Architect,Blocker,2024-12-02T00:00:00
397,866,Donald,Jackson,donald.jackson@acme.com,+1-418-441-3617,Solutions Architect,Blocker,2024-05-15T00:00:00
398,845,Mary,Harris,mary.harris@waystar.io,+1-207-546-9813,CEO,Blocker,2020-12-22T00:00:00
399,119,Margaret,Rodriguez,margaret.rodriguez@umbrella.co,+1-990-737-3958,CEO,Economic Buyer,2022-11-05T00:00:00
400,369,Michelle,Gonzalez,michelle.gonzalez@acme.com,+1-964-627-9317,COO,Coach,2024-07-03T00:00:00
401,657,Charles,White,charles.white@acme.com,+1-813-859-9639,Director of Operations,Coach,2023-02-16T00:00:00
402,40,Barbara,Brown,barbara.brown@umbrella.co,+1-350-337-7729,CFO,Coach,2024-03-11T00:00:00
403,436,Margaret,Miller,margaret.miller@waystar.io,+1-503-856-1566,IT Manager,End User,2023-09-08T00:00:00
404,394,Donald,Wilson,donald.wilson@acme.com,+1-315-716-5513,VP of Product,Champion,2023-07-17T00:00:00
405,6,Mark,Anderson,,+1-919-145-2745,Director of Operations,Technical Evaluator,2024-12-27T00:00:00
406,39,Donna,Miller,,,IT Manager,Technical Evaluator,2024-07-25T00:00:00
407,958,James,Harris,james.harris@umbrella.co,,DevOps Lead,Economic Buyer,2024-06-22T00:00:00
408,832,Sandra,Davis,sandra.davis@globex.com,+1-398-811-2131,COO,Champion,2024-11-14T00:00:00
409,798,Steven,Thompson,steven.thompson@initech.com,+1-810-664-1462,Head of Security,Economic Buyer,2024-09-22T00:00:00
410,176,Paul,Davis,paul.davis@globex.com,+1-728-215-1071,Head of Data,End User,2024-12-02T00:00:00
411,677,David,Davis,david.davis,+1-535-676-1854,CFO,End User,2023-11-17T00:00:00
412,199,Barbara,Brown,barbara.brown@umbrella.co,,Engineering Manager,Champion,2022-05-23T00:00:00
413,367,Sandra,Ramirez,sandra.ramirez@umbrella.co,+1-797-397-9367,Data Engineer,Economic Buyer,2024-03-02T00:00:00
414,144,Matthew,Moore,matthew.moore@umbrella.co,,CFO,Champion,2024-07-07T00:00:00
415,788,Lisa,Thomas,lisa.thomas@waystar.io,+1-728-858-8372,DevOps Lead,Technical Evaluator,2024-05-24T00:00:00
416,485,Sandra,Garcia,sandra.garcia@acme.com,+1-781-591-6000,VP of Engineering,Technical Evaluator,2024-12-01T00:00:00
417,589,Paul,Lopez,paul.lopez@umbrella.co,,IT Manager,Technical Evaluator,2024-07-23T00:00:00
418,673,Joshua,Johnson,joshua.johnson@umbrella.co,+1-836-673-4747,VP of Infrastructure,End User,2024-12-09T00:00:00
419,700,Karen,Clark,karen.clark@globex.com,+1-652-965-8205,Chief Revenue Officer,Technical Evaluator,2024-07-22T00:00:00
420,915,Barbara,Hernandez,barbara.hernandez@globex.com,+1-623-932-3959,Head of Security,Blocker,2024-09-11T00:00:00
421,90,James,Smith,james.smith@initech.com,+1-335-138-1420,VP of Product,Coach,2024-12-24T00:00:00
422,341,Elizabeth,Garcia,elizabeth.garcia@acme.com,+1-909-115-7277,VP of Infrastructure,Technical Evaluator,2024-04-09T00:00:00
423,482,Mark,Martinez,mark.martinez@piedpiper.com,+1-966-194-1602,CTO,Blocker,2024-11-19T00:00:00
424,521,Emily,Brown,emily.brown@umbrella.co,+1-255-366-5324,VP of Product,Blocker,2024-04-15T00:00:00
425,674,Mark,White,mark.white@umbrella.co,+1-736-433-3652,CEO,End User,2021-09-01T00:00:00
426,64,Emily,Jones,emily.jones@piedpiper.com,+1-958-327-1017,VP of Sales,Economic Buyer,2024-06-10T00:00:00
427,356,Ashley,Lewis,ashley.lewis@acme.com,+1-374-901-5053,CEO,Blocker,2023-02-18T00:00:00
428,680,Christopher,Martin,christopher.martin,+1-789-114-9726,VP of Sales,Technical Evaluator,2023-01-15T00:00:00
429,832,Mark,White,mark.white@piedpiper.com,+1-621-287-4979,Chief Revenue Officer,End User,2024-08-06T00:00:00
430,624,Michael,Anderson,michael.anderson@waystar.io,+1-846-345-1209,VP of Product,Technical Evaluator,2024-08-17T00:00:00
431,40,Steven,Thomas,steven.thomas@acme.com,+1-298-132-8800,COO,Blocker,2023-12-15T00:00:00
432,975,Michelle,Robinson,michelle.robinson@umbrella.co,+1-396-385-3301,,Champion,2024-08-11T00:00:00
433,285,Michelle,Harris,michelle.harris@waystar.io,+1-445-157-5162,DevOps Lead,Technical Evaluator,2021-11-23T00:00:00
434,171,James,Brown,james.brown@piedpiper.com,+1-400-394-1576,Chief Revenue Officer,Champion,2020-09-18T00:00:00
435,869,William,Johnson,william.johnson@acme.com,+1-533-612-9458,Chief Revenue Officer,Technical Evaluator,2023-03-01T00:00:00
436,820,Robert,Williams,robert.williams@initech.com,+1-217-852-7130,CEO,End User,2024-11-24T00:00:00
437,707,Mary,Williams,mary.williams@waystar.io,+1-272-255-8628,CEO,Economic Buyer,2022-05-10T00:00:00
438,169,John,Johnson,,+1-486-713-1397,Director of Operations,Economic Buyer,2021-12-18T00:00:00
439,473,Nancy,Williams,nancy.williams@umbrella.co,+1-655-992-2815,CEO,Technical Evaluator,2024-08-04T00:00:00
440,355,Donald,White,donald.white@globex.com,+1-445-146-4335,VP of Product,End User,2023-06-07T00:00:00
441,999,Paul,Lopez,paul.lopez@piedpiper.com,+1-309-920-2364,Product Manager,Technical Evaluator,2022-10-22T00:00:00
442,551,Patricia,Martinez,patricia.martinez@waystar.io,,VP of Sales,Technical Evaluator,2023-01-11T00:00:00
443,933,Joshua,White,joshua.white@globex.com,+1-869-897-9509,DevOps Lead,Economic Buyer,2024-01-07T00:00:00
444,61,Joseph,Harris,joseph.harris@initech.com,+1-939-990-4931,COO,End User,2024-11-09T00:00:00
445,980,Elizabeth,Thompson,elizabeth.thompson@globex.com,+1-986-902-5535,Product Manager,End User,2023-12-13T00:00:00
446,791,Daniel,Moore,daniel.moore@initech.com,+1-949-783-6933,Director of Marketing,Champion,2024-07-10T00:00:00
447,596,Donald,Miller,donald.miller@waystar.io,+1-957-311-5781,Data Engineer,End User,2024-04-14T00:00:00
448,511,Mark,Jones,mark.jones@acme.com,+1-531-332-2781,VP of Product,Technical Evaluator,2024-10-24T00:00:00
449,896,Charles,Perez,charles.perez@acme.com,+1-519-248-8696,Director of IT,End User,2024-11-29T00:00:00
450,141,Betty,Brown,betty.brown@waystar.io,+1-335-424-1454,Engineering Manager,Champion,2024-06-28T00:00:00
451,52,Michelle,Jones,michelle.jones@piedpiper.com,+1-359-819-9777,CEO,Coach,2022-02-10T00:00:00
452,23,Sandra,Gonzalez,sandra.gonzalez@acme.com,+1-687-688-8612,DevOps Lead,End User,2024-04-04T00:00:00
453,755,Thomas,Jones,thomas.jones@globex.com,+1-692-727-5112,Chief Revenue Officer,Champion,2024-12-30T00:00:00
454,918,Betty,Harris,betty.harris@initech.com,+1-220-774-6995,Head of Security,Technical Evaluator,2024-10-14T00:00:00
455,425,Kimberly,Walker,kimberly.walker@piedpiper.com,+1-541-956-1732,VP of Infrastructure,Technical Evaluator,2024-02-19T00:00:00
456,71,Susan,White,susan.white@acme.com,+1-936-803-4466,VP of Engineering,Economic Buyer,2024-10-28T00:00:00
457,75,Jessica,Walker,jessica.walker@initech.com,+1-758-112-7332,,Economic Buyer,2023-12-05T00:00:00
458,905,Kimberly,Miller,kimberly.miller@umbrella.co,+1-667-876-8511,Chief Revenue Officer,End User,2022-01-17T00:00:00
459,961,Nancy,Anderson,nancy.anderson@globex.com,+1-808-519-8047,VP of Sales,Blocker,2024-08-24T00:00:00
460,644,Joseph,Walker,joseph.walker@waystar.io,+1-865-989-5414,Director of Operations,Technical Evaluator,2022-08-11T00:00:00
461,509,William,Smith,william.smith@initech.com,+1-354-136-7242,Director of Marketing,Champion,2024-10-22T00:00:00
462,31,John,Thompson,john.thompson@umbrella.co,+1-413-613-6750,VP of Infrastructure,Champion,2023-02-14T00:00:00
463,275,Richard,Rodriguez,richard.rodriguez@initech.com,+1-775-768-7136,Solutions Architect,Economic Buyer,2023-04-09T00:00:00
464,372,Jessica,Moore,jessica.moore@piedpiper.com,+1-718-336-9875,Director of IT,Blocker,2024-10-16T00:00:00
465,239,Patricia,Johnson,patricia.johnson,+1-997-478-7254,COO,Champion,2024-08-03T00:00:00
466,766,Donald,Robinson,donald.robinson@initech.com,+1-324-989-1208,Chief Revenue Officer,Technical Evaluator,2024-06-24T00:00:00
467,95,Michael,White,michael.white@initech.com,+1-966-251-9850,Engineering Manager,Champion,2022-04-23T00:00:00
468,563,William,Sanchez,william.sanchez@initech.com,+1-499-640-7634,Solutions Architect,Technical Evaluator,2024-05-12T00:00:00
469,94,Daniel,Garcia,daniel.garcia@initech.com,+1-922-240-7553,Product Manager,Economic Buyer,2024-12-24T00:00:00
470,440,Elizabeth,Hernandez,elizabeth.hernandez@waystar.io,+1-345-406-9193,CEO,Coach,2024-12-20T00:00:00
471,234,Steven,Miller,steven.miller@waystar.io,+1-424-322-4536,Director of IT,Coach,2024-09-05T00:00:00
472,68,Robert,Lee,robert.lee@waystar.io,+1-692-490-1978,Head of Security,Economic Buyer,2024-01-30T00:00:00
473,690,Mary,Garcia,mary.garcia@initech.com,+1-494-100-8731,Director of Marketing,Economic Buyer,2024-03-05T00:00:00
474,812,Donna,Lopez,donna.lopez@waystar.io,+1-733-867-2304,Director of IT,Champion,2024-08-18T00:00:00
475,741,Michelle,Jackson,michelle.jackson@umbrella.co,+1-611-422-1757,Director of IT,End User,2024-09-10T00:00:00
476,825,Richard,Lopez,richard.lopez@initech.com,+1-942-510-8274,Engineering Manager,Technical Evaluator,2024-07-02T00:00:00
477,914,Mark,Williams,mark.williams@umbrella.co,+1-684-142-3282,DevOps Lead,End User,2024-04-08T00:00:00
478,936,Joshua,Gonzalez,joshua.gonzalez@globex.com,+1-602-950-8029,CTO,Economic Buyer,2024-12-18T00:00:00
479,324,David,Anderson,david.anderson@globex.com,+1-780-683-9371,VP of Engineering,Champion,2024-10-11T00:00:00
480,300,James,Lee,james.lee@acme.com,+1-459-654-6913,VP of Sales,Technical Evaluator,2024-08-31T00:00:00
481,870,Susan,Harris,susan.harris@initech.com,,Director of IT,End User,2024-10-03T00:00:00
482,870,Barbara,Davis,barbara.davis@globex.com,+1-420-992-4833,CTO,Champion,2024-09-18T00:00:00
483,228,Nancy,Sanchez,nancy.sanchez@piedpiper.com,+1-428-548-9636,Director of IT,Technical Evaluator,2024-03-16T00:00:00
484,689,Thomas,Taylor,thomas.taylor@umbrella.co,+1-822-579-3892,Engineering Manager,Economic Buyer,2021-04-15T00:00:00
485,556,Robert,Williams,robert.williams,+1-319-489-9536,Head of Security,Technical Evaluator,2024-05-06T00:00:00
486,975,Sandra,Rodriguez,sandra.rodriguez@globex.com,+1-998-772-4288,Director of Marketing,Economic Buyer,2024-07-27T00:00:00
487,566,Jennifer,Davis,jennifer.davis@acme.com,+1-571-589-3577,VP of Sales,Blocker,2024-11-09T00:00:00
488,913,Michelle,Lee,michelle.lee@initech.com,+1-717-726-7981,VP of Infrastructure,Technical Evaluator,2024-12-01T00:00:00
489,278,Betty,Walker,betty.walker@waystar.io,+1-304-805-1334,Engineering Manager,Champion,2024-06-15T00:00:00
490,63,Jennifer,Jones,jennifer.jones@umbrella.co,+1-909-237-6086,VP of Sales,Technical Evaluator,2024-09-11T00:00:00
491,71,Sandra,Williams,sandra.williams@waystar.io,+1-527-440-9273,Director of Marketing,Coach,2024-12-26T00:00:00
492,133,Andrew,Hernandez,andrew.hernandez@globex.com,+1-490-338-2716,Director of IT,End User,2023-04-13T00:00:00
493,830,Christopher,Clark,christopher.clark@initech.com,+1-905-570-4798,VP of Engineering,Economic Buyer,2023-11-20T00:00:00
494,713,Christopher,Taylor,christopher.taylor@waystar.io,+1-578-546-8380,Director of Marketing,End User,2024-05-11T00:00:00
495,689,Thomas,Robinson,thomas.robinson@acme.com,+1-893-324-3746,Chief Revenue Officer,Blocker,2022-11-05T00:00:00
496,664,Jennifer,Miller,jennifer.miller@piedpiper.com,+1-806-725-3219,IT Manager,Coach,2022-02-25T00:00:00
497,113,James,Smith,james.smith,+1-446-639-2290,VP of Infrastructure,Champion,2024-12-27T00:00:00
498,343,Elizabeth,Taylor,elizabeth.taylor@waystar.io,+1-946-526-1198,Director of Operations,Champion,2024-10-09T00:00:00
499,118,William,Ramirez,william.ramirez@umbrella.co,+1-666-916-2992,Director of IT,Blocker,2024-11-21T00:00:00
500,331,Sarah,Lopez,sarah.lopez@initech.com,+1-609-320-4398,IT Manager,Technical Evaluator,2021-10-08T00:00:00
501,31,Michael,Gonzalez,michael.gonzalez@waystar.io,+1-698-344-7890,Director of Operations,Blocker,2020-08-26T00:00:00
502,939,Nancy,Wilson,nancy.wilson@acme.com,+1-271-893-7641,Director of Operations,Economic Buyer,2024-11-12T00:00:00
503,247,James,Williams,james.williams@piedpiper.com,+1-462-748-3250,CTO,Economic Buyer,2024-08-30T00:00:00
504,816,Lisa,Jackson,lisa.jackson,+1-715-423-7275,VP of Infrastructure,Economic Buyer,2023-10-30T00:00:00
505,649,Nancy,Anderson,nancy.anderson@acme.com,+1-963-473-3461,CEO,Champion,2024-11-26T00:00:00
506,114,Barbara,Smith,barbara.smith@waystar.io,+1-619-882-1730,Data Engineer,Economic Buyer,2024-12-13T00:00:00
507,437,David,Johnson,david.johnson@umbrella.co,+1-680-848-8929,Head of Security,End User,2024-11-24T00:00:00
508,154,Michelle,Martin,michelle.martin@acme.com,+1-528-950-3826,Director of IT,Technical Evaluator,2023-08-08T00:00:00
509,436,Joseph,Martin,joseph.martin@umbrella.co,+1-217-252-5467,Engineering Manager,Economic Buyer,2024-01-23T00:00:00
510,440,Jennifer,Lopez,jennifer.lopez@umbrella.co,+1-363-680-2750,VP of Sales,Technical Evaluator,2024-12-16T00:00:00
511,193,David,Johnson,david.johnson@initech.com,+1-785-344-7141,VP of Engineering,Champion,2024-09-15T00:00:00
512,179,Mark,Jones,mark.jones@initech.com,+1-681-143-7873,VP of Engineering,Champion,2022-10-24T00:00:00
513,640,Thomas,Hernandez,thomas.hernandez@globex.com,+1-303-987-2775,Director of IT,Blocker,2023-04-11T00:00:00
514,539,James,Martin,james.martin@waystar.io,+1-247-173-7061,Data Engineer,Champion,2024-03-25T00:00:00
515,114,Sarah,Thompson,sarah.thompson@umbrella.co,+1-578-128-6918,Head of Security,Champion,2024-09-08T00:00:00
516,213,Donna,Miller,,+1-668-650-4397,CFO,End User,2022-01-28T00:00:00
517,560,Daniel,Thomas,daniel.thomas@initech.com,+1-295-632-5933,Director of Marketing,Technical Evaluator,2024-07-25T00:00:00
518,497,Donald,Taylor,donald.taylor@acme.com,,Chief Revenue Officer,Coach,2024-11-04T00:00:00
519,875,William,Harris,william.harris@waystar.io,+1-986-817-6022,VP of Product,Economic Buyer,2024-07-04T00:00:00
520,783,Joseph,Taylor,joseph.taylor@initech.com,+1-487-687-2438,IT Manager,Economic Buyer,2024-10-24T00:00:00
521,157,Mary,Taylor,mary.taylor@globex.com,+1-722-246-2756,,Champion,2020-11-18T00:00:00
522,604,Robert,Davis,robert.davis,+1-377-251-2844,IT Manager,End User,2024-09-21T00:00:00
523,575,Michael,Ramirez,michael.ramirez@globex.com,+1-339-322-8200,Solutions Architect,Champion,2024-10-02T00:00:00
524,320,Susan,Wilson,susan.wilson@piedpiper.com,+1-205-813-5102,VP of Sales,Coach,2023-02-05T00:00:00
525,155,Steven,Moore,steven.moore@piedpiper.com,,VP of Product,Technical Evaluator,2022-10-29T00:00:00
526,876,Sarah,Williams,sarah.williams@acme.com,+1-330-429-1222,Engineering Manager,Coach,2024-12-28T00:00:00
527,679,Patricia,Lewis,patricia.lewis@acme.com,+1-255-194-5753,IT Manager,Technical Evaluator,2023-01-15T00:00:00
528,602,Emily,Lee,emily.lee@piedpiper.com,+1-609-308-6255,Head of Data,End User,2023-04-20T00:00:00
529,399,William,Martinez,william.martinez@initech.com,,Engineering Manager,Champion,2024-10-20T00:00:00
530,629,Mary,Ramirez,mary.ramirez@waystar.io,+1-998-148-1901,Director of IT,Coach,2021-09-09T00:00:00
531,524,Michelle,Martin,michelle.martin@waystar.io,+1-354-535-4896,Head of Data,Technical Evaluator,2024-08-16T00:00:00
532,594,Sarah,Robinson,sarah.robinson@initech.com,+1-780-664-6895,CFO,Champion,2024-08-17T00:00:00
533,494,Sandra,Gonzalez,sandra.gonzalez@acme.com,+1-620-552-6215,Data Engineer,Champion,2022-09-01T00:00:00
534,890,Steven,Thompson,steven.thompson@globex.com,+1-579-994-1450,CEO,Blocker,2022-11-02T00:00:00
535,18,Patricia,Rodriguez,patricia.rodriguez@initech.com,+1-916-126-4043,CFO,Technical Evaluator,2024-10-26T00:00:00
536,837,Betty,Miller,betty.miller@initech.com,+1-425-213-1531,VP of Product,End User,2024-10-04T00:00:00
537,519,Paul,Johnson,paul.johnson@waystar.io,,COO,Economic Buyer,2024-08-03T00:00:00
538,279,Lisa,Martin,lisa.martin@globex.com,+1-786-882-2902,Data Engineer,Technical Evaluator,2024-07-15T00:00:00
539,489,Daniel,Hernandez,daniel.hernandez@waystar.io,+1-821-127-2435,Director of Marketing,Coach,2022-12-31T00:00:00
540,149,Jennifer,Gonzalez,jennifer.gonzalez@piedpiper.com,+1-672-930-9222,IT Manager,End User,2024-12-31T00:00:00
541,152,Nancy,Jones,nancy.jones@globex.com,+1-534-369-4882,Data Engineer,Economic Buyer,2024-01-27T00:00:00
542,253,Paul,Williams,paul.williams@umbrella.co,+1-365-641-6800,VP of Infrastructure,Coach,2023-06-29T00:00:00
543,167,Steven,Johnson,steven.johnson@waystar.io,+1-632-862-3329,Director of Marketing,End User,2024-12-30T00:00:00
544,783,Nancy,Davis,nancy.davis@acme.com,+1-751-234-6974,VP of Product,Technical Evaluator,2024-11-21T00:00:00
545,306,Sandra,Lopez,sandra.lopez@globex.com,+1-434-502-6974,Chief Revenue Officer,Technical Evaluator,2021-09-16T00:00:00
546,800,Thomas,Hernandez,thomas.hernandez@piedpiper.com,+1-392-386-9415,IT Manager,Coach,2024-12-27T00:00:00
547,551,Mark,Harris,mark.harris@piedpiper.com,+1-989-350-1337,VP of Infrastructure,Champion,2021-09-30T00:00:00
548,113,Michelle,Rodriguez,michelle.rodriguez@initech.com,+1-496-902-5245,IT Manager,Economic Buyer,2024-11-24T00:00:00
549,344,Matthew,Anderson,matthew.anderson@umbrella.co,+1-354-713-6070,CEO,Economic Buyer,2022-07-01T00:00:00
550,309,Paul,Thomas,,+1-718-916-5423,Chief Revenue Officer,Champion,2024-08-13T00:00:00
551,906,Michael,Brown,michael.brown@umbrella.co,+1-363-685-8600,VP of Engineering,Technical Evaluator,2024-10-09T00:00:00
552,279,James,Moore,james.moore@initech.com,+1-218-724-8311,Engineering Manager,Blocker,2023-04-27T00:00:00
553,614,Jennifer,Johnson,jennifer.johnson@umbrella.co,,Director of Operations,Economic Buyer,2020-11-20T00:00:00
554,586,Richard,Clark,richard.clark@piedpiper.com,,Director of Operations,Economic Buyer,2024-09-03T00:00:00
555,185,Patricia,Johnson,patricia.johnson@piedpiper.com,+1-653-317-3406,Chief Revenue Officer,Champion,2024-09-02T00:00:00
556,337,Jennifer,Thomas,jennifer.thomas@initech.com,,VP of Sales,Economic Buyer,2022-08-13T00:00:00
557,710,Susan,Davis,susan.davis@piedpiper.com,+1-536-270-5697,VP of Engineering,Technical Evaluator,2024-10-06T00:00:00
558,457,Joseph,Lewis,joseph.lewis@initech.com,+1-779-979-6530,Director of IT,Champion,2024-10-20T00:00:00
559,673,Mary,Perez,mary.perez@umbrella.co,+1-295-712-5630,Director of Operations,End User,2024-09-06T00:00:00
560,949,Mark,Perez,mark.perez@initech.com,+1-544-192-7795,COO,Coach,2022-08-28T00:00:00
561,638,Margaret,Taylor,margaret.taylor@waystar.io,+1-241-846-5817,CFO,Champion,2024-07-20T00:00:00
562,398,Lisa,Johnson,lisa.johnson@waystar.io,+1-969-711-9880,Engineering Manager,End User,2024-12-22T00:00:00
563,844,Robert,Miller,robert.miller@globex.com,+1-283-318-4761,Engineering Manager,Technical Evaluator,2024-04-07T00:00:00
564,446,Steven,Martin,steven.martin@acme.com,+1-306-228-6530,Head of Data,End User,2022-05-30T00:00:00
565,972,Elizabeth,Miller,elizabeth.miller@piedpiper.com,+1-528-756-2377,Director of Marketing,Champion,2024-06-17T00:00:00
566,88,Daniel,Jones,daniel.jones@globex.com,+1-912-334-1652,VP of Engineering,Champion,2024-12-17T00:00:00
567,733,Sarah,Robinson,sarah.robinson@umbrella.co,+1-551-192-1522,Director of Marketing,Technical Evaluator,2024-05-28T00:00:00
568,211,Elizabeth,Perez,elizabeth.perez,+1-624-275-3260,Engineering Manager,Economic Buyer,2024-12-02T00:00:00
569,626,Christopher,Martin,christopher.martin@umbrella.co,+1-782-375-3538,CTO,Economic Buyer,2024-08-15T00:00:00
570,519,Donna,Smith,donna.smith@acme.com,+1-296-391-7529,DevOps Lead,Blocker,2023-01-19T00:00:00
571,141,Andrew,Martinez,andrew.martinez@umbrella.co,+1-578-422-4175,VP of Infrastructure,Blocker,2024-07-31T00:00:00
572,253,David,Lopez,david.lopez@umbrella.co,+1-996-299-7491,Director of Operations,Champion,2024-03-15T00:00:00
573,577,Donald,Walker,donald.walker@piedpiper.com,+1-627-511-4317,Director of Marketing,Blocker,2021-12-26T00:00:00
574,365,Daniel,Jones,daniel.jones@umbrella.co,+1-515-740-7661,CTO,Technical Evaluator,2024-11-09T00:00:00
575,130,Margaret,Wilson,margaret.wilson@waystar.io,+1-491-472-7204,Chief Revenue Officer,Technical Evaluator,2023-09-09T00:00:00
576,901,Michelle,Williams,michelle.williams@piedpiper.com,,VP of Engineering,Economic Buyer,2024-10-26T00:00:00
577,217,Mary,Wilson,mary.wilson@acme.com,+1-961-869-9932,COO,Technical Evaluator,2024-04-07T00:00:00
578,104,Margaret,Clark,margaret.clark,+1-666-117-5315,VP of Product,Coach,2024-11-12T00:00:00
579,196,Matthew,Martin,matthew.martin@globex.com,+1-683-377-8509,VP of Infrastructure,Coach,2022-08-24T00:00:00
580,530,Jessica,Rodriguez,,+1-636-324-9892,Director of IT,Technical Evaluator,2023-02-20T00:00:00
581,418,Karen,Lewis,karen.lewis@waystar.io,+1-998-260-7670,Head of Security,Technical Evaluator,2021-07-12T00:00:00
582,899,Margaret,Walker,margaret.walker@initech.com,+1-232-477-5207,CEO,End User,2021-09-08T00:00:00
583,547,Susan,Moore,susan.moore@piedpiper.com,+1-804-178-7949,Chief Revenue Officer,Coach,2024-10-20T00:00:00
584,346,Linda,Sanchez,linda.sanchez@initech.com,+1-512-748-7824,CFO,Economic Buyer,2021-03-10T00:00:00
585,97,Karen,Ramirez,karen.ramirez@piedpiper.com,+1-908-947-4808,Director of Marketing,Technical Evaluator,2024-07-07T00:00:00
586,378,Joseph,Sanchez,joseph.sanchez@piedpiper.com,+1-999-778-8192,Chief Revenue Officer,Technical Evaluator,2024-11-25T00:00:00
587,329,Emily,Thomas,emily.thomas@initech.com,+1-774-276-8576,VP of Sales,End User,2024-02-16T00:00:00
588,1000,Charles,Clark,charles.clark@waystar.io,+1-891-916-7999,Chief Revenue Officer,End User,2022-01-07T00:00:00
589,882,Elizabeth,Williams,elizabeth.williams@waystar.io,+1-730-488-2127,VP of Product,End User,2024-08-10T00:00:00
590,72,Sandra,Perez,sandra.perez@globex.com,+1-331-632-1490,Director of Marketing,Champion,2024-10-01T00:00:00
591,802,Steven,White,steven.white,+1-216-267-5532,Head of Data,Champion,2022-05-30T00:00:00
592,951,David,Rodriguez,david.rodriguez@globex.com,+1-650-943-4289,DevOps Lead,Champion,2024-09-17T00:00:00
593,931,Sandra,Martin,sandra.martin@piedpiper.com,+1-427-465-9353,COO,Coach,2024-10-20T00:00:00
594,312,Karen,Garcia,karen.garcia,+1-343-705-6058,Head of Data,Blocker,2024-06-20T00:00:00
595,55,Andrew,Taylor,andrew.taylor@umbrella.co,+1-273-693-8284,Chief Revenue Officer,End User,2023-11-24T00:00:00
596,724,Thomas,Jackson,thomas.jackson@initech.com,+1-326-519-4760,CEO,Champion,2024-06-25T00:00:00
597,316,Elizabeth,Martin,elizabeth.martin@umbrella.co,+1-399-175-7725,DevOps Lead,Blocker,2023-08-15T00:00:00
598,795,Thomas,Miller,thomas.miller@piedpiper.com,+1-385-158-7818,CFO,End User,2023-08-03T00:00:00
599,257,Kimberly,Ramirez,kimberly.ramirez@initech.com,+1-498-307-8273,VP of Infrastructure,Technical Evaluator,2023-04-05T00:00:00
600,772,Joshua,Garcia,joshua.garcia@umbrella.co,+1-482-254-8428,Data Engineer,End User,2022-06-29T00:00:00
601,500,Anthony,Lewis,anthony.lewis@piedpiper.com,+1-836-159-4790,Director of Operations,Coach,2024-12-04T00:00:00
602,824,Paul,Jones,paul.jones@initech.com,+1-440-270-5074,CFO,Champion,2024-12-30T00:00:00
603,197,Joseph,White,joseph.white@piedpiper.com,+1-617-658-3003,IT Manager,Champion,2023-12-27T00:00:00
604,87,Matthew,Martin,matthew.martin@piedpiper.com,+1-271-634-2192,Director of IT,Champion,2024-11-25T00:00:00
605,638,Thomas,Anderson,thomas.anderson@acme.com,+1-887-967-1935,COO,Champion,2024-06-13T00:00:00
606,988,Karen,Clark,karen.clark@piedpiper.com,+1-462-920-5841,VP of Infrastructure,Technical Evaluator,2024-10-25T00:00:00
607,250,Richard,Lewis,richard.lewis@acme.com,+1-814-319-4652,Data Engineer,End User,2024-10-07T00:00:00
608,4,James,Lee,james.lee@initech.com,+1-904-710-9120,Solutions Architect,End User,2024-02-29T00:00:00
609,885,Mark,Lopez,mark.lopez@acme.com,+1-960-751-6987,COO,End User,2020-10-05T00:00:00
610,315,Robert,Smith,robert.smith@waystar.io,+1-919-202-2189,Engineering Manager,Technical Evaluator,2023-09-28T00:00:00
611,474,Betty,Brown,betty.brown@waystar.io,+1-883-297-9856,CTO,Champion,2024-06-24T00:00:00
612,875,Elizabeth,Clark,elizabeth.clark@umbrella.co,+1-434-596-3223,CTO,Economic Buyer,2024-09-17T00:00:00
613,80,Mary,Walker,mary.walker,+1-820-448-7601,VP of Engineering,End User,2024-05-18T00:00:00
614,769,Karen,Martinez,karen.martinez@acme.com,+1-652-122-8454,CEO,Technical Evaluator,2022-11-20T00:00:00
615,248,Mary,Lewis,mary.lewis@initech.com,+1-509-183-1299,DevOps Lead,Blocker,2024-04-18T00:00:00
616,536,Michelle,Johnson,michelle.johnson@acme.com,+1-218-189-3854,COO,Economic Buyer,2024-06-12T00:00:00
617,265,Steven,Davis,steven.davis@acme.com,+1-582-541-7401,Chief Revenue Officer,Economic Buyer,2024-12-05T00:00:00
618,394,Michael,Walker,michael.walker@initech.com,+1-579-568-6035,CEO,Champion,2024-10-31T00:00:00
619,945,Patricia,Thomas,patricia.thomas,+1-385-265-2192,COO,Champion,2024-04-28T00:00:00
620,717,Paul,Martinez,paul.martinez@umbrella.co,+1-211-326-4951,VP of Infrastructure,End User,2024-02-17T00:00:00
621,359,Mary,Miller,mary.miller@initech.com,+1-892-928-5196,VP of Engineering,Coach,2023-12-04T00:00:00
622,383,Elizabeth,Miller,elizabeth.miller@initech.com,+1-462-133-5464,Solutions Architect,Technical Evaluator,2023-04-25T00:00:00
623,656,Thomas,Lee,thomas.lee@initech.com,+1-507-172-7691,Director of IT,Champion,2022-11-02T00:00:00
624,954,Jennifer,Hernandez,jennifer.hernandez@waystar.io,+1-693-477-2092,Director of IT,Coach,2020-07-10T00:00:00
625,927,Daniel,Taylor,daniel.taylor@globex.com,,Chief Revenue Officer,End User,2024-05-07T00:00:00
626,106,Richard,Martinez,richard.martinez@acme.com,+1-862-471-2383,Head of Data,Economic Buyer,2023-06-16T00:00:00
627,458,Daniel,Hernandez,daniel.hernandez@acme.com,+1-552-927-8903,Solutions Architect,Champion,2024-12-10T00:00:00
628,194,Nancy,Thompson,nancy.thompson@globex.com,+1-668-454-5803,CEO,Coach,2024-11-30T00:00:00
629,876,Michael,Lopez,michael.lopez,+1-320-469-7178,Solutions Architect,Champion,2024-12-29T00:00:00
630,474,Sandra,Thompson,sandra.thompson@acme.com,+1-825-411-9754,VP of Engineering,Technical Evaluator,2024-04-10T00:00:00
631,651,Paul,Martin,paul.martin@waystar.io,+1-336-894-8581,CEO,Economic Buyer,2022-07-07T00:00:00
632,723,Lisa,Brown,lisa.brown@acme.com,+1-715-994-1229,Data Engineer,Blocker,2024-12-14T00:00:00
633,619,Margaret,Anderson,margaret.anderson@acme.com,+1-482-148-3054,VP of Infrastructure,Coach,2024-10-19T00:00:00
634,267,Margaret,Gonzalez,margaret.gonzalez@globex.com,+1-443-496-1813,Engineering Manager,Technical Evaluator,2023-10-09T00:00:00
635,751,William,Moore,william.moore@globex.com,+1-642-315-6695,Director of Marketing,End User,2024-06-11T00:00:00
636,526,Richard,Perez,richard.perez@waystar.io,+1-521-907-8681,VP of Engineering,End User,2024-01-07T00:00:00
637,535,Patricia,Thompson,patricia.thompson@umbrella.co,+1-645-583-7960,Director of Operations,Economic Buyer,2024-02-04T00:00:00
638,453,John,Thompson,john.thompson@piedpiper.com,+1-377-180-5949,VP of Engineering,Blocker,2020-09-09T00:00:00
639,236,Charles,Smith,charles.smith@initech.com,+1-760-294-7008,CEO,Champion,2023-11-25T00:00:00
640,89,Paul,Smith,paul.smith,+1-346-712-5964,COO,Economic Buyer,2022-11-08T00:00:00
641,491,Sandra,Gonzalez,sandra.gonzalez@piedpiper.com,+1-742-549-2326,Director of Operations,End User,2024-10-22T00:00:00
642,86,Joshua,Miller,joshua.miller@piedpiper.com,+1-695-919-2292,VP of Infrastructure,Economic Buyer,2024-06-04T00:00:00
643,80,Jennifer,Ramirez,jennifer.ramirez@globex.com,,Director of Marketing,Economic Buyer,2024-07-05T00:00:00
644,736,Jessica,Jackson,jessica.jackson@waystar.io,,Chief Revenue Officer,Champion,2024-12-31T00:00:00
645,778,Andrew,Smith,andrew.smith,+1-388-646-6633,Head of Security,Champion,2023-06-08T00:00:00
646,594,Lisa,Thomas,lisa.thomas@umbrella.co,+1-834-833-6545,Product Manager,Blocker,2023-10-09T00:00:00
647,98,Daniel,Ramirez,daniel.ramirez@globex.com,+1-685-724-4254,COO,Technical Evaluator,2024-11-18T00:00:00
648,577,Joseph,Williams,joseph.williams@globex.com,+1-773-493-7550,Chief Revenue Officer,Coach,2022-10-12T00:00:00
649,820,Paul,White,paul.white@globex.com,,COO,Technical Evaluator,2024-11-24T00:00:00
650,913,Paul,Harris,paul.harris@acme.com,+1-205-951-8578,VP of Product,Economic Buyer,2023-11-08T00:00:00
651,483,Margaret,Clark,margaret.clark@waystar.io,+1-831-486-7364,VP of Engineering,Technical Evaluator,2024-09-20T00:00:00
652,887,Robert,Smith,robert.smith@acme.com,+1-345-525-5934,CFO,Economic Buyer,2024-07-06T00:00:00
653,380,Anthony,Moore,anthony.moore@piedpiper.com,+1-561-346-9113,Engineering Manager,Economic Buyer,2022-01-10T00:00:00
654,447,Michael,Anderson,michael.anderson@initech.com,+1-415-377-5427,CEO,Economic Buyer,2020-12-03T00:00:00
655,535,Betty,Ramirez,betty.ramirez@waystar.io,+1-808-950-4273,Director of Marketing,Economic Buyer,2023-11-28T00:00:00
656,934,Thomas,Taylor,thomas.taylor@acme.com,+1-558-376-1623,VP of Sales,Technical Evaluator,2023-11-29T00:00:00
657,648,Barbara,Garcia,barbara.garcia@acme.com,+1-936-492-3019,CTO,Champion,2023-04-17T00:00:00
658,818,Barbara,Lopez,barbara.lopez@globex.com,+1-795-634-1937,CEO,Economic Buyer,2024-03-18T00:00:00
659,891,Margaret,Anderson,margaret.anderson@waystar.io,+1-535-365-9755,VP of Engineering,Coach,2022-06-20T00:00:00
660,902,Kimberly,Moore,kimberly.moore@umbrella.co,+1-507-497-2132,COO,Champion,2024-04-02T00:00:00
661,720,Donald,Perez,donald.perez@globex.com,+1-211-506-6535,Engineering Manager,Champion,2023-10-05T00:00:00
662,417,William,Brown,william.brown@initech.com,+1-844-727-2941,CFO,Technical Evaluator,2023-08-22T00:00:00
663,1000,Michael,Jones,michael.jones@waystar.io,+1-449-380-2569,CFO,Champion,2021-01-27T00:00:00
664,128,Emily,Anderson,emily.anderson@globex.com,+1-814-526-4169,CTO,Champion,2024-10-28T00:00:00
665,721,Michael,Smith,michael.smith@waystar.io,+1-920-404-4072,Head of Security,Coach,2021-12-11T00:00:00
666,948,Margaret,Smith,margaret.smith@initech.com,+1-236-524-3204,VP of Product,Economic Buyer,2024-07-14T00:00:00
667,480,Jessica,Brown,jessica.brown@umbrella.co,+1-944-394-3561,Director of Marketing,Technical Evaluator,2023-12-15T00:00:00
668,958,Jessica,Hernandez,jessica.hernandez@piedpiper.com,+1-673-374-4611,Head of Security,Blocker,2023-08-14T00:00:00
669,386,James,Thompson,james.thompson@umbrella.co,,Data Engineer,Champion,2023-05-03T00:00:00
670,361,Anthony,Perez,anthony.perez@piedpiper.com,+1-309-638-3702,CFO,Technical Evaluator,2022-12-12T00:00:00
671,977,Kimberly,Johnson,kimberly.johnson@piedpiper.com,+1-354-604-1809,Director of Marketing,Blocker,2022-04-25T00:00:00
672,337,Jennifer,Gonzalez,jennifer.gonzalez@globex.com,+1-494-433-1430,CFO,Economic Buyer,2023-07-09T00:00:00
673,158,Margaret,Ramirez,margaret.ramirez@acme.com,+1-356-317-6130,DevOps Lead,Champion,2024-07-15T00:00:00
674,698,Lisa,Walker,lisa.walker@initech.com,+1-542-610-3790,CEO,Coach,2024-11-03T00:00:00
675,180,Jennifer,Martin,jennifer.martin@waystar.io,+1-501-792-9554,Director of IT,Blocker,2024-09-03T00:00:00
676,246,Elizabeth,Davis,elizabeth.davis@initech.com,+1-831-853-7259,Director of Marketing,Economic Buyer,2024-05-29T00:00:00
677,363,Jennifer,Anderson,jennifer.anderson@initech.com,+1-328-590-5242,VP of Product,End User,2022-09-20T00:00:00
678,935,Anthony,Anderson,anthony.anderson@waystar.io,+1-736-949-8210,Data Engineer,End User,2023-06-24T00:00:00
679,154,Anthony,Davis,anthony.davis@waystar.io,+1-578-629-7497,Engineering Manager,Economic Buyer,2023-06-03T00:00:00
680,805,Andrew,Wilson,andrew.wilson@waystar.io,+1-387-761-9725,Director of Marketing,Champion,2024-08-10T00:00:00
681,974,Karen,Walker,karen.walker@piedpiper.com,+1-970-408-6457,VP of Product,Coach,2024-07-18T00:00:00
682,930,Patricia,Garcia,patricia.garcia@initech.com,,VP of Sales,Blocker,2023-01-16T00:00:00
683,50,Elizabeth,Garcia,elizabeth.garcia@globex.com,+1-389-709-1987,,Champion,2024-04-24T00:00:00
684,188,Mary,Walker,mary.walker@umbrella.co,+1-993-436-5415,CFO,Economic Buyer,2023-03-20T00:00:00
685,377,Donald,Davis,,+1-606-969-7405,Solutions Architect,Coach,2024-11-02T00:00:00
686,866,Joshua,Hernandez,joshua.hernandez@piedpiper.com,+1-663-640-1975,CTO,Economic Buyer,2022-02-02T00:00:00
687,494,Barbara,Moore,barbara.moore@acme.com,+1-804-696-1049,IT Manager,End User,2022-08-17T00:00:00
688,763,Elizabeth,Robinson,elizabeth.robinson@globex.com,+1-924-382-6999,VP of Infrastructure,End User,2023-02-18T00:00:00
689,440,Margaret,Miller,margaret.miller@acme.com,,Solutions Architect,Economic Buyer,2024-12-27T00:00:00
690,445,Patricia,Garcia,patricia.garcia@initech.com,+1-961-504-3417,DevOps Lead,Champion,2024-12-26T00:00:00
691,315,Richard,Smith,richard.smith@piedpiper.com,,CFO,Technical Evaluator,2022-10-06T00:00:00
692,737,Christopher,Martinez,christopher.martinez@initech.com,+1-310-543-5768,COO,Economic Buyer,2024-12-29T00:00:00
693,888,John,Thompson,john.thompson,+1-672-911-9495,VP of Product,Champion,2024-08-10T00:00:00
694,23,Andrew,Brown,andrew.brown@globex.com,+1-583-356-4534,IT Manager,Champion,2020-11-18T00:00:00
695,567,Mark,Brown,mark.brown@piedpiper.com,+1-985-614-4371,CEO,Technical Evaluator,2024-09-19T00:00:00
696,58,Thomas,Brown,thomas.brown@waystar.io,+1-808-746-3496,Director of Operations,Coach,2024-09-13T00:00:00
697,73,Andrew,Lee,andrew.lee@piedpiper.com,+1-483-334-2518,Engineering Manager,Technical Evaluator,2024-05-27T00:00:00
698,81,Donna,Ramirez,donna.ramirez@globex.com,+1-579-734-2410,Director of IT,Coach,2023-10-30T00:00:00
699,576,Michelle,Jones,michelle.jones@globex.com,+1-612-395-5070,Director of IT,Champion,2023-09-28T00:00:00
700,486,Nancy,Anderson,nancy.anderson@waystar.io,+1-752-742-3979,VP of Engineering,Champion,2022-09-28T00:00:00
701,533,Daniel,Martin,daniel.martin@globex.com,+1-583-431-4533,COO,End User,2021-10-12T00:00:00
702,959,Anthony,Davis,anthony.davis@umbrella.co,+1-610-615-2698,CTO,Champion,2024-09-05T00:00:00
703,715,Elizabeth,Lewis,elizabeth.lewis@piedpiper.com,+1-223-644-4222,Head of Security,End User,2022-07-08T00:00:00
704,955,Elizabeth,Miller,elizabeth.miller@acme.com,+1-242-248-6978,VP of Infrastructure,Champion,2023-07-31T00:00:00
705,501,Matthew,Robinson,matthew.robinson@waystar.io,+1-694-616-6156,CFO,Technical Evaluator,2023-04-21T00:00:00
706,560,Joshua,Miller,joshua.miller@initech.com,+1-961-496-5779,Director of Marketing,Champion,2024-01-06T00:00:00
707,753,Richard,Smith,richard.smith,+1-975-496-4896,VP of Infrastructure,Economic Buyer,2024-11-14T00:00:00
708,272,Andrew,Lopez,andrew.lopez@piedpiper.com,+1-645-799-5149,COO,Economic Buyer,2022-05-01T00:00:00
709,878,Lisa,Harris,lisa.harris@acme.com,+1-375-699-1651,VP of Product,Champion,2022-05-23T00:00:00
710,639,Ashley,Gonzalez,ashley.gonzalez@globex.com,+1-490-910-1462,Product Manager,Champion,2024-05-04T00:00:00
711,81,Lisa,Lee,lisa.lee@waystar.io,+1-349-232-4208,Director of Operations,Technical Evaluator,2024-01-23T00:00:00
712,623,Nancy,Davis,nancy.davis@piedpiper.com,+1-960-236-9017,Data Engineer,Technical Evaluator,2023-05-06T00:00:00
713,738,Steven,Thompson,steven.thompson@globex.com,+1-752-182-6906,Product Manager,End User,2024-12-25T00:00:00
714,718,Michelle,Rodriguez,michelle.rodriguez@initech.com,+1-541-846-8657,Solutions Architect,Economic Buyer,2024-08-03T00:00:00
715,670,Mark,Clark,mark.clark@umbrella.co,+1-486-494-6014,CTO,Economic Buyer,2024-09-16T00:00:00
716,718,Sandra,Walker,sandra.walker@acme.com,+1-565-367-9867,IT Manager,Coach,2024-07-15T00:00:00
717,756,Lisa,Ramirez,lisa.ramirez@piedpiper.com,,Director of Marketing,Champion,2022-06-11T00:00:00
718,585,Lisa,Brown,lisa.brown@initech.com,+1-579-967-5856,Head of Security,Coach,2024-09-10T00:00:00
719,835,Joshua,Martinez,joshua.martinez@piedpiper.com,+1-360-437-9061,VP of Infrastructure,Economic Buyer,2024-09-02T00:00:00
720,660,Thomas,Walker,thomas.walker@initech.com,+1-504-161-6121,COO,End User,2024-03-08T00:00:00
721,459,Daniel,Johnson,daniel.johnson@globex.com,+1-511-380-6359,CFO,Economic Buyer,2024-01-30T00:00:00
722,991,Karen,Jones,karen.jones@piedpiper.com,+1-294-677-9482,VP of Engineering,Coach,2024-07-21T00:00:00
723,707,Donna,Martinez,donna.martinez@umbrella.co,,VP of Engineering,Blocker,2024-08-18T00:00:00
724,279,Robert,Lewis,robert.lewis@umbrella.co,+1-432-332-7164,Data Engineer,Technical Evaluator,2024-05-31T00:00:00
725,554,Ashley,Ramirez,ashley.ramirez@piedpiper.com,+1-821-359-1615,VP of Engineering,Champion,2024-06-17T00:00:00
726,498,David,Jackson,david.jackson@globex.com,+1-795-806-8968,Solutions Architect,End User,2024-06-05T00:00:00
727,739,Robert,Moore,robert.moore@waystar.io,+1-250-148-8998,Solutions Architect,Coach,2024-05-28T00:00:00
728,382,John,Rodriguez,john.rodriguez@acme.com,+1-901-920-6174,Chief Revenue Officer,Coach,2024-11-11T00:00:00
729,918,Christopher,Clark,christopher.clark@waystar.io,+1-489-328-6940,VP of Infrastructure,Coach,2024-03-18T00:00:00
730,159,Karen,Davis,karen.davis@umbrella.co,+1-617-598-9737,CTO,End User,2024-11-08T00:00:00
731,129,Jessica,White,jessica.white@waystar.io,+1-703-418-2228,Data Engineer,Technical Evaluator,2020-04-09T00:00:00
732,765,Joseph,Clark,joseph.clark@piedpiper.com,+1-707-138-7814,Director of IT,Technical Evaluator,2023-10-09T00:00:00
733,969,Nancy,Sanchez,nancy.sanchez@umbrella.co,+1-383-875-6602,CTO,Economic Buyer,2024-08-15T00:00:00
734,973,Kimberly,Johnson,kimberly.johnson@piedpiper.com,,CFO,Coach,2022-05-31T00:00:00
735,150,Anthony,Smith,anthony.smith@piedpiper.com,,VP of Sales,Technical Evaluator,2024-11-08T00:00:00
736,484,Thomas,Martinez,thomas.martinez,+1-821-208-4839,Head of Security,Technical Evaluator,2023-12-09T00:00:00
737,935,Mary,Smith,mary.smith@waystar.io,+1-510-317-5941,CFO,Blocker,2023-06-21T00:00:00
738,762,John,Williams,john.williams@umbrella.co,+1-676-639-6023,Director of IT,Technical Evaluator,2023-06-30T00:00:00
739,177,Robert,Jones,,+1-916-308-1731,VP of Product,End User,2024-05-17T00:00:00
740,978,Susan,Lopez,susan.lopez@globex.com,+1-353-761-9633,CTO,Economic Buyer,2023-08-22T00:00:00
741,154,Karen,Brown,karen.brown@initech.com,+1-514-148-3698,VP of Product,Technical Evaluator,2024-06-09T00:00:00
742,861,Christopher,Lee,christopher.lee@umbrella.co,+1-869-358-4103,VP of Sales,Blocker,2024-11-08T00:00:00
743,311,Linda,Wilson,linda.wilson@acme.com,,VP of Sales,Champion,2023-04-21T00:00:00
744,444,William,Sanchez,william.sanchez@piedpiper.com,+1-408-621-9537,Director of Operations,Champion,2024-02-05T00:00:00
745,467,William,Hernandez,william.hernandez@waystar.io,+1-650-980-1021,VP of Sales,Coach,2023-11-04T00:00:00
746,569,Michael,Harris,michael.harris@initech.com,+1-828-205-5242,Head of Security,Champion,2024-09-17T00:00:00
747,536,Richard,Moore,richard.moore@acme.com,+1-716-590-9333,Chief Revenue Officer,Economic Buyer,2023-04-03T00:00:00
748,575,Nancy,Smith,nancy.smith@waystar.io,+1-759-573-3902,Product Manager,End User,2023-09-28T00:00:00
749,117,Barbara,Lopez,,+1-600-478-7597,VP of Engineering,Champion,2020-08-12T00:00:00
750,197,John,Martin,john.martin@piedpiper.com,,Product Manager,End User,2024-12-04T00:00:00
751,426,Jessica,Anderson,jessica.anderson@initech.com,,Solutions Architect,Coach,2022-08-17T00:00:00
752,348,Anthony,Moore,anthony.moore@globex.com,+1-931-456-8237,VP of Infrastructure,Economic Buyer,2024-12-17T00:00:00
753,41,Elizabeth,Garcia,elizabeth.garcia@globex.com,+1-510-871-2842,VP of Infrastructure,Economic Buyer,2023-02-05T00:00:00
754,645,Steven,Sanchez,steven.sanchez@globex.com,+1-353-475-5156,Director of Operations,Champion,2020-06-14T00:00:00
755,286,Elizabeth,Johnson,elizabeth.johnson@globex.com,+1-939-977-5425,CEO,Champion,2024-11-11T00:00:00
756,879,Donald,Lee,donald.lee@umbrella.co,+1-671-743-4707,Data Engineer,Technical Evaluator,2024-02-20T00:00:00
757,758,Christopher,Davis,christopher.davis@waystar.io,+1-388-508-6230,Head of Data,End User,2024-07-23T00:00:00
758,722,Donald,Perez,donald.perez@waystar.io,+1-527-514-8519,CFO,Technical Evaluator,2024-09-05T00:00:00
759,366,Steven,Thompson,steven.thompson@acme.com,+1-801-356-3625,CFO,Blocker,2024-07-27T00:00:00
760,865,Patricia,Robinson,patricia.robinson@globex.com,+1-460-871-1574,VP of Product,Champion,2024-09-13T00:00:00
761,627,Mark,Walker,mark.walker@umbrella.co,+1-920-925-3977,VP of Engineering,Technical Evaluator,2024-12-23T00:00:00
762,796,Robert,Perez,robert.perez@piedpiper.com,+1-234-639-5851,IT Manager,Technical Evaluator,2023-08-04T00:00:00
763,166,Joshua,Perez,joshua.perez@initech.com,+1-303-289-4036,Solutions Architect,Champion,2024-12-16T00:00:00
764,283,Betty,Anderson,betty.anderson@waystar.io,+1-334-807-6141,DevOps Lead,Blocker,2022-03-15T00:00:00
765,805,Donald,Smith,donald.smith@umbrella.co,+1-617-826-3015,CEO,Technical Evaluator,2024-07-19T00:00:00
766,653,Daniel,Perez,daniel.perez@piedpiper.com,+1-315-651-6125,DevOps Lead,Economic Buyer,2021-08-26T00:00:00
767,136,Margaret,Garcia,margaret.garcia@globex.com,+1-830-642-5901,Chief Revenue Officer,Champion,2024-02-29T00:00:00
768,214,John,Jackson,john.jackson@piedpiper.com,+1-633-547-9601,VP of Product,Economic Buyer,2020-11-20T00:00:00
769,288,William,Clark,william.clark@waystar.io,+1-671-462-6838,Engineering Manager,Blocker,2024-12-24T00:00:00
770,770,Nancy,Martin,nancy.martin@umbrella.co,+1-367-311-8434,CTO,Champion,2024-10-31T00:00:00
771,313,Steven,Gonzalez,steven.gonzalez@piedpiper.com,+1-238-102-9086,Solutions Architect,Technical Evaluator,2024-11-20T00:00:00
772,303,Michelle,Rodriguez,michelle.rodriguez@initech.com,+1-340-480-7143,Solutions Architect,Economic Buyer,2021-11-30T00:00:00
773,458,Christopher,Lewis,christopher.lewis@piedpiper.com,+1-675-335-1915,VP of Sales,Champion,2024-12-12T00:00:00
774,141,Charles,Rodriguez,charles.rodriguez@globex.com,+1-419-442-7054,VP of Product,End User,2024-07-16T00:00:00
775,78,Lisa,Martin,lisa.martin@acme.com,+1-857-991-9627,COO,Blocker,2023-04-27T00:00:00
776,618,Daniel,Wilson,daniel.wilson@waystar.io,+1-444-387-4078,VP of Sales,Coach,2024-02-09T00:00:00
777,99,Daniel,Robinson,daniel.robinson@waystar.io,+1-305-932-7102,VP of Sales,End User,2024-09-05T00:00:00
778,342,Joseph,Williams,joseph.williams@waystar.io,+1-608-226-4300,Director of Marketing,End User,2024-12-24T00:00:00
779,755,Donald,Harris,donald.harris@umbrella.co,+1-655-331-2118,VP of Product,Blocker,2024-12-24T00:00:00
780,585,Donna,Gonzalez,donna.gonzalez@initech.com,+1-342-188-7461,Director of Operations,Technical Evaluator,2024-11-19T00:00:00
781,28,Karen,Brown,karen.brown@globex.com,+1-676-706-2302,Product Manager,Technical Evaluator,2020-10-12T00:00:00
782,691,Patricia,Thomas,patricia.thomas@acme.com,+1-355-966-2197,VP of Infrastructure,Technical Evaluator,2024-10-14T00:00:00
783,766,Robert,Smith,robert.smith@umbrella.co,+1-834-428-5503,Director of Operations,Technical Evaluator,2024-08-12T00:00:00
784,774,Karen,Thomas,karen.thomas@initech.com,,Director of Marketing,Coach,2024-09-09T00:00:00
785,973,Linda,Rodriguez,linda.rodriguez@globex.com,+1-573-800-1064,CFO,Blocker,2024-04-01T00:00:00
786,804,John,Brown,john.brown@initech.com,+1-358-207-5484,CEO,Technical Evaluator,2023-04-08T00:00:00
787,828,Susan,Wilson,susan.wilson@umbrella.co,+1-581-415-8387,CEO,Economic Buyer,2024-10-20T00:00:00
788,1,Karen,Clark,karen.clark@globex.com,+1-759-193-6135,VP of Product,Economic Buyer,2024-02-09T00:00:00
789,487,Elizabeth,Smith,elizabeth.smith,+1-520-772-4338,VP of Product,End User,2024-12-15T00:00:00
790,653,Jessica,Garcia,jessica.garcia@globex.com,+1-329-813-2545,VP of Product,Champion,2024-08-23T00:00:00
791,858,James,Lee,james.lee@waystar.io,,Data Engineer,End User,2024-04-04T00:00:00
792,77,Emily,Perez,emily.perez@umbrella.co,+1-385-168-1319,Director of Marketing,Champion,2021-08-01T00:00:00
793,464,Lisa,Martinez,lisa.martinez,+1-999-543-8708,Director of Operations,End User,2023-09-05T00:00:00
794,667,Steven,Gonzalez,steven.gonzalez@piedpiper.com,+1-539-555-3329,VP of Infrastructure,End User,2024-01-20T00:00:00
795,426,Anthony,Perez,anthony.perez@waystar.io,+1-525-465-9828,Data Engineer,Economic Buyer,2022-12-17T00:00:00
796,710,Joseph,Lewis,joseph.lewis@acme.com,+1-966-263-7434,VP of Engineering,Economic Buyer,2024-12-17T00:00:00
797,339,Jennifer,Lewis,jennifer.lewis@acme.com,,CFO,Technical Evaluator,2024-10-31T00:00:00
798,806,Patricia,Jackson,patricia.jackson@waystar.io,+1-778-585-3887,COO,Coach,2023-06-16T00:00:00
799,591,Jessica,Martin,jessica.martin@waystar.io,+1-728-598-8523,VP of Sales,Technical Evaluator,2023-09-13T00:00:00
800,777,Paul,Martinez,paul.martinez@initech.com,+1-227-751-7261,Engineering Manager,Coach,2022-08-10T00:00:00
801,441,Lisa,Jackson,lisa.jackson@piedpiper.com,+1-799-999-1990,DevOps Lead,Champion,2023-04-23T00:00:00
802,820,Elizabeth,White,elizabeth.white,+1-969-286-2466,VP of Product,Economic Buyer,2024-11-08T00:00:00
803,366,Nancy,Hernandez,nancy.hernandez@waystar.io,+1-803-251-4155,Director of IT,End User,2023-11-24T00:00:00
804,408,Jessica,Jackson,jessica.jackson@waystar.io,+1-421-893-8972,Director of Operations,Champion,2024-12-16T00:00:00
805,720,Matthew,Anderson,matthew.anderson@piedpiper.com,+1-612-553-6157,Solutions Architect,Champion,2022-10-10T00:00:00
806,713,Susan,Jackson,susan.jackson@waystar.io,,Chief Revenue Officer,Champion,2021-08-13T00:00:00
807,630,Matthew,Garcia,matthew.garcia@piedpiper.com,+1-741-374-1225,CEO,Technical Evaluator,2024-09-11T00:00:00
808,42,Thomas,Thompson,thomas.thompson@umbrella.co,+1-577-672-1481,Director of Operations,Blocker,2024-10-24T00:00:00
809,941,Daniel,Thompson,daniel.thompson@waystar.io,+1-799-831-6952,Head of Data,Economic Buyer,2023-08-29T00:00:00
810,697,Matthew,Miller,matthew.miller@globex.com,+1-544-181-8704,CEO,Technical Evaluator,2024-08-08T00:00:00
811,729,Linda,Sanchez,linda.sanchez@initech.com,+1-333-639-3704,CEO,Champion,2024-08-29T00:00:00
812,476,Barbara,Taylor,barbara.taylor@umbrella.co,+1-913-244-8139,Director of IT,Champion,2024-12-31T00:00:00
813,456,Jessica,Thompson,jessica.thompson@umbrella.co,+1-783-518-5530,Head of Data,Champion,2024-12-21T00:00:00
814,695,Sandra,Miller,sandra.miller@acme.com,+1-383-657-2211,Director of Marketing,Economic Buyer,2024-07-03T00:00:00
815,327,Robert,Rodriguez,robert.rodriguez@initech.com,+1-472-476-4858,Head of Data,Blocker,2023-02-08T00:00:00
816,346,Andrew,Jones,andrew.jones@piedpiper.com,+1-566-738-7089,VP of Sales,Technical Evaluator,2023-04-18T00:00:00
817,25,Betty,Robinson,betty.robinson@piedpiper.com,+1-884-170-2421,VP of Infrastructure,Champion,2024-09-16T00:00:00
818,613,William,Hernandez,william.hernandez@globex.com,+1-592-817-1747,COO,End User,2024-12-04T00:00:00
819,310,Joseph,Walker,joseph.walker@piedpiper.com,+1-315-249-1094,VP of Product,Champion,2024-05-03T00:00:00
820,37,Betty,Harris,betty.harris@acme.com,,Head of Security,Coach,2023-12-14T00:00:00
821,548,Daniel,Robinson,daniel.robinson@umbrella.co,+1-813-259-6720,Solutions Architect,Economic Buyer,2024-07-02T00:00:00
822,677,Barbara,Smith,barbara.smith@acme.com,+1-301-365-2830,DevOps Lead,Economic Buyer,2024-04-09T00:00:00
823,624,Charles,Hernandez,charles.hernandez@umbrella.co,+1-773-888-9982,IT Manager,Coach,2024-03-05T00:00:00
824,943,James,Thompson,james.thompson,+1-485-203-9931,Head of Data,Technical Evaluator,2022-07-13T00:00:00
825,179,James,Ramirez,james.ramirez@waystar.io,+1-225-162-3902,Director of Marketing,Champion,2024-11-07T00:00:00
826,693,William,Thompson,william.thompson@initech.com,+1-207-733-3394,VP of Infrastructure,Champion,2022-10-15T00:00:00
827,34,Elizabeth,Jones,elizabeth.jones@piedpiper.com,+1-783-611-6279,Director of Operations,End User,2023-04-26T00:00:00
828,999,Matthew,Gonzalez,matthew.gonzalez@initech.com,+1-781-755-4542,Director of IT,Coach,2021-11-24T00:00:00
829,214,William,Ramirez,william.ramirez@waystar.io,+1-314-212-3660,Chief Revenue Officer,Economic Buyer,2021-01-15T00:00:00
830,819,Jessica,Lopez,jessica.lopez@globex.com,+1-489-284-8139,,Champion,2024-10-12T00:00:00
831,216,Michelle,Smith,michelle.smith@umbrella.co,+1-294-896-2350,Director of Marketing,Coach,2021-06-20T00:00:00
832,764,Nancy,Williams,nancy.williams@piedpiper.com,+1-508-393-7870,,Champion,2022-02-27T00:00:00
833,504,Susan,Smith,susan.smith@globex.com,+1-255-953-8893,Data Engineer,End User,2022-08-18T00:00:00
834,43,Andrew,Wilson,andrew.wilson@acme.com,+1-387-305-5015,COO,Technical Evaluator,2023-09-20T00:00:00
835,51,Elizabeth,Smith,elizabeth.smith@umbrella.co,+1-715-217-3341,VP of Engineering,Economic Buyer,2024-11-11T00:00:00
836,749,Donna,Robinson,donna.robinson@acme.com,,CEO,Champion,2024-08-25T00:00:00
837,758,David,Smith,david.smith@waystar.io,,VP of Sales,Economic Buyer,2024-05-02T00:00:00
838,243,Donald,Rodriguez,donald.rodriguez,,Head of Security,Economic Buyer,2024-04-29T00:00:00
839,875,James,Harris,james.harris@waystar.io,,VP of Infrastructure,Champion,2024-10-02T00:00:00
840,354,Matthew,Jones,matthew.jones@initech.com,+1-901-160-1867,DevOps Lead,Coach,2024-12-28T00:00:00
841,445,James,Lopez,james.lopez@globex.com,+1-637-534-6766,Chief Revenue Officer,Technical Evaluator,2024-12-31T00:00:00
842,717,Robert,Lewis,robert.lewis,,DevOps Lead,End User,2024-04-20T00:00:00
843,786,William,Ramirez,william.ramirez@waystar.io,+1-956-926-7871,Director of Operations,Champion,2024-08-26T00:00:00
844,137,Donald,Walker,donald.walker@initech.com,+1-887-844-2223,Data Engineer,Technical Evaluator,2023-08-03T00:00:00
845,674,Patricia,Taylor,patricia.taylor@initech.com,+1-878-808-9279,Solutions Architect,End User,2023-05-19T00:00:00
846,419,Mary,Williams,mary.williams@globex.com,+1-482-503-4998,Data Engineer,End User,2023-12-28T00:00:00
847,225,David,Jackson,david.jackson@umbrella.co,+1-200-657-3458,COO,Technical Evaluator,2024-09-07T00:00:00
848,959,Anthony,Brown,anthony.brown@piedpiper.com,+1-630-899-7765,Director of Operations,End User,2024-11-06T00:00:00
849,422,Joshua,White,,+1-903-762-7622,VP of Product,Champion,2023-07-15T00:00:00
850,877,Betty,Ramirez,betty.ramirez@umbrella.co,+1-575-791-2751,CEO,Champion,2022-03-09T00:00:00
851,565,Michelle,Harris,michelle.harris@piedpiper.com,+1-792-550-8026,VP of Infrastructure,Economic Buyer,2023-12-20T00:00:00
852,448,Barbara,Lopez,barbara.lopez@umbrella.co,+1-737-400-4545,VP of Infrastructure,Economic Buyer,2024-12-23T00:00:00
853,556,Sarah,Harris,sarah.harris@waystar.io,+1-828-417-1654,Head of Security,Champion,2024-07-09T00:00:00
854,524,Patricia,Johnson,patricia.johnson,+1-500-594-7382,IT Manager,Economic Buyer,2022-11-20T00:00:00
855,250,Andrew,White,,+1-977-410-3900,CTO,Technical Evaluator,2024-07-13T00:00:00
856,131,Sandra,Gonzalez,sandra.gonzalez@globex.com,+1-985-145-9098,,End User,2024-12-23T00:00:00
857,708,Richard,White,richard.white@acme.com,+1-585-787-8984,Chief Revenue Officer,Technical Evaluator,2022-06-24T00:00:00
858,705,Anthony,Lewis,anthony.lewis@piedpiper.com,+1-273-538-2878,CTO,Champion,2023-12-08T00:00:00
859,694,Karen,Lewis,karen.lewis@waystar.io,+1-311-805-1533,IT Manager,Technical Evaluator,2022-12-18T00:00:00
860,602,Emily,Moore,emily.moore@waystar.io,+1-790-538-7737,CTO,Champion,2024-03-02T00:00:00
861,822,Donna,Miller,donna.miller@piedpiper.com,+1-851-829-3321,VP of Engineering,Technical Evaluator,2024-05-18T00:00:00
862,730,Thomas,Gonzalez,thomas.gonzalez@piedpiper.com,+1-727-655-4825,IT Manager,Economic Buyer,2024-07-15T00:00:00
863,493,Christopher,Hernandez,christopher.hernandez@waystar.io,,COO,Champion,2024-12-19T00:00:00
864,239,Ashley,Taylor,ashley.taylor@waystar.io,+1-897-890-9525,CTO,Technical Evaluator,2024-08-25T00:00:00
865,673,Nancy,Brown,nancy.brown@umbrella.co,+1-834-840-1682,Engineering Manager,Technical Evaluator,2024-09-26T00:00:00
866,392,Nancy,Robinson,nancy.robinson@globex.com,+1-268-248-8926,DevOps Lead,Technical Evaluator,2024-08-17T00:00:00
867,877,John,Hernandez,john.hernandez@piedpiper.com,+1-329-233-7828,COO,Technical Evaluator,2024-10-28T00:00:00
868,951,Jennifer,Robinson,jennifer.robinson@umbrella.co,+1-200-615-4457,VP of Product,Champion,2024-12-13T00:00:00
869,397,Robert,Taylor,robert.taylor@waystar.io,+1-533-752-5007,VP of Sales,Technical Evaluator,2023-02-20T00:00:00
870,317,Mark,Rodriguez,mark.rodriguez@piedpiper.com,+1-782-195-4837,Data Engineer,Champion,2021-06-15T00:00:00
871,400,John,Robinson,john.robinson@waystar.io,+1-745-750-1804,CTO,End User,2024-12-03T00:00:00
872,924,Barbara,Brown,,+1-629-389-2505,Head of Security,Champion,2024-05-07T00:00:00
873,331,Margaret,Hernandez,margaret.hernandez,+1-208-198-6228,CEO,End User,2023-01-27T00:00:00
874,162,Michelle,Clark,michelle.clark@acme.com,+1-446-221-6323,Director of IT,Blocker,2022-03-09T00:00:00
875,159,Thomas,Ramirez,thomas.ramirez@umbrella.co,+1-671-446-1637,VP of Engineering,Blocker,2024-09-10T00:00:00
876,541,Lisa,Thompson,lisa.thompson@acme.com,+1-229-330-9651,Engineering Manager,Coach,2024-08-04T00:00:00
877,982,Margaret,Harris,margaret.harris@waystar.io,+1-423-928-5992,VP of Sales,Technical Evaluator,2024-12-04T00:00:00
878,575,Sarah,Brown,sarah.brown@initech.com,+1-217-479-2044,Chief Revenue Officer,Champion,2024-12-14T00:00:00
879,263,Emily,Thompson,emily.thompson@piedpiper.com,+1-423-185-1344,CFO,Technical Evaluator,2023-10-14T00:00:00
880,187,Kimberly,White,,+1-722-484-4628,Head of Security,End User,2023-11-03T00:00:00
881,398,Michael,Jones,michael.jones@globex.com,+1-579-791-9551,Director of Operations,Technical Evaluator,2024-07-09T00:00:00
882,45,Linda,Johnson,linda.johnson@acme.com,+1-532-195-9972,Director of Operations,Champion,2024-12-21T00:00:00
883,202,Sarah,Smith,sarah.smith@waystar.io,+1-296-747-7651,Product Manager,Champion,2022-12-08T00:00:00
884,415,Emily,Thomas,emily.thomas@waystar.io,+1-307-927-3720,IT Manager,Economic Buyer,2024-12-17T00:00:00
885,497,Paul,Clark,paul.clark@acme.com,,IT Manager,Coach,2024-11-17T00:00:00
886,663,Donna,Moore,donna.moore@piedpiper.com,,Product Manager,Economic Buyer,2024-09-22T00:00:00
887,494,Mark,Sanchez,mark.sanchez@initech.com,+1-947-284-2276,Product Manager,End User,2020-06-26T00:00:00
888,322,Linda,Taylor,linda.taylor@acme.com,+1-630-296-6642,COO,Technical Evaluator,2024-07-05T00:00:00
889,354,Jessica,Miller,jessica.miller@acme.com,+1-339-429-7800,CEO,Champion,2024-02-24T00:00:00
890,90,Christopher,Martinez,christopher.martinez@piedpiper.com,+1-432-228-1284,CEO,Blocker,2024-12-25T00:00:00
891,910,Michelle,Gonzalez,michelle.gonzalez@initech.com,+1-276-841-8860,Engineering Manager,Coach,2022-07-08T00:00:00
892,808,Paul,Smith,paul.smith@waystar.io,+1-844-580-5753,Data Engineer,Champion,2023-03-23T00:00:00
893,481,Elizabeth,Hernandez,elizabeth.hernandez@initech.com,+1-559-641-4634,Engineering Manager,Technical Evaluator,2024-05-01T00:00:00
894,368,David,Garcia,david.garcia@piedpiper.com,+1-752-941-3491,Director of Marketing,Champion,2023-12-30T00:00:00
895,338,Sarah,Garcia,sarah.garcia@acme.com,+1-581-348-5055,Director of Marketing,Blocker,2024-09-20T00:00:00
896,768,Margaret,Gonzalez,margaret.gonzalez@initech.com,+1-545-307-9089,VP of Product,Blocker,2024-10-12T00:00:00
897,557,Robert,Anderson,robert.anderson@waystar.io,+1-217-233-7335,Head of Security,Economic Buyer,2024-11-12T00:00:00
898,109,Andrew,Thomas,andrew.thomas@acme.com,+1-421-826-9317,Director of Operations,Economic Buyer,2024-11-17T00:00:00
899,221,Mary,Taylor,mary.taylor@waystar.io,+1-690-263-6757,Director of IT,Technical Evaluator,2024-06-05T00:00:00
900,387,Michelle,Thompson,michelle.thompson@waystar.io,+1-690-828-9477,Director of Marketing,Economic Buyer,2024-09-02T00:00:00
901,116,Karen,Clark,karen.clark@initech.com,+1-661-477-5676,CTO,Champion,2024-06-02T00:00:00
902,261,Daniel,Harris,daniel.harris@piedpiper.com,+1-597-694-4403,VP of Sales,Technical Evaluator,2024-12-28T00:00:00
903,429,John,Johnson,john.johnson@waystar.io,+1-486-451-7994,Director of IT,Economic Buyer,2024-04-02T00:00:00
904,382,Andrew,Ramirez,andrew.ramirez@umbrella.co,+1-837-735-9562,DevOps Lead,Champion,2024-09-24T00:00:00
905,304,Michelle,Rodriguez,michelle.rodriguez@acme.com,+1-852-653-4111,CTO,Technical Evaluator,2024-10-18T00:00:00
906,913,Betty,Lee,betty.lee@acme.com,+1-492-860-2990,Chief Revenue Officer,End User,2023-02-06T00:00:00
907,56,Donald,Martinez,donald.martinez@piedpiper.com,+1-232-381-6505,Solutions Architect,End User,2021-09-16T00:00:00
908,717,Mark,Robinson,mark.robinson@piedpiper.com,+1-751-341-4915,Head of Data,Champion,2024-11-29T00:00:00
909,748,William,Brown,william.brown@acme.com,+1-924-159-2711,Data Engineer,Blocker,2022-04-25T00:00:00
910,619,Joshua,Martinez,joshua.martinez@waystar.io,+1-382-665-2206,IT Manager,Coach,2024-03-13T00:00:00
911,862,Margaret,Jones,margaret.jones@waystar.io,+1-246-195-1337,Engineering Manager,Technical Evaluator,2020-02-12T00:00:00
912,701,Mary,Harris,mary.harris@initech.com,+1-295-143-6558,Head of Data,Champion,2023-04-04T00:00:00
913,699,Linda,Lee,linda.lee@globex.com,+1-919-668-2999,Chief Revenue Officer,End User,2024-12-09T00:00:00
914,941,Richard,Rodriguez,richard.rodriguez,+1-940-171-9957,Solutions Architect,End User,2023-07-15T00:00:00
915,25,Thomas,Miller,thomas.miller@globex.com,+1-938-327-8303,Data Engineer,Economic Buyer,2024-10-28T00:00:00
916,79,Joshua,Brown,joshua.brown@acme.com,+1-750-918-8228,Head of Data,Champion,2023-09-11T00:00:00
917,961,Charles,White,charles.white@acme.com,+1-966-540-9731,VP of Engineering,Blocker,2024-06-27T00:00:00
918,307,Emily,Thomas,emily.thomas@globex.com,+1-734-758-7470,CEO,Technical Evaluator,2022-06-13T00:00:00
919,999,Donna,Perez,donna.perez@globex.com,+1-269-582-4798,Product Manager,Champion,2021-11-09T00:00:00
920,565,Elizabeth,Lewis,elizabeth.lewis@waystar.io,,VP of Product,End User,2022-12-31T00:00:00
921,938,Christopher,Johnson,christopher.johnson@waystar.io,+1-549-445-1658,COO,Technical Evaluator,2024-11-30T00:00:00
922,405,Joseph,Anderson,joseph.anderson@waystar.io,+1-504-854-7096,VP of Engineering,End User,2024-11-27T00:00:00
923,96,David,Lewis,david.lewis@initech.com,+1-971-659-8888,Data Engineer,Technical Evaluator,2023-04-12T00:00:00
924,340,Robert,Anderson,robert.anderson@acme.com,+1-623-632-4267,IT Manager,Champion,2024-10-19T00:00:00
925,211,Ashley,Miller,ashley.miller@globex.com,,Product Manager,Coach,2024-09-25T00:00:00
926,880,William,Sanchez,william.sanchez@umbrella.co,+1-627-774-9119,VP of Engineering,Technical Evaluator,2024-12-01T00:00:00
927,244,Joseph,Hernandez,joseph.hernandez,+1-926-379-3288,VP of Product,End User,2024-01-16T00:00:00
928,32,Charles,Walker,charles.walker@umbrella.co,,Head of Data,Technical Evaluator,2023-07-19T00:00:00
929,856,Matthew,Davis,matthew.davis@initech.com,+1-259-117-1742,IT Manager,Champion,2023-03-27T00:00:00
930,681,Charles,Wilson,charles.wilson@umbrella.co,+1-269-818-4722,Product Manager,Champion,2024-02-01T00:00:00
931,578,Charles,Lopez,charles.lopez@umbrella.co,+1-854-449-9552,Director of Marketing,End User,2022-08-31T00:00:00
932,751,Donald,Lee,donald.lee@acme.com,+1-216-398-4310,Engineering Manager,Coach,2024-11-13T00:00:00
933,819,Charles,Lopez,charles.lopez,+1-777-184-4156,Solutions Architect,Blocker,2024-09-12T00:00:00
934,747,David,Hernandez,david.hernandez@piedpiper.com,+1-642-149-2619,VP of Infrastructure,Champion,2024-04-19T00:00:00
935,572,Joseph,Ramirez,joseph.ramirez@initech.com,+1-276-908-6850,VP of Infrastructure,Economic Buyer,2024-11-23T00:00:00
936,83,Mark,Martin,mark.martin@initech.com,+1-373-801-6576,VP of Sales,End User,2024-12-13T00:00:00
937,217,Nancy,Martin,nancy.martin@piedpiper.com,+1-524-209-7483,CEO,Champion,2024-01-07T00:00:00
938,144,Joseph,Lopez,joseph.lopez@piedpiper.com,+1-571-393-5769,CTO,Technical Evaluator,2024-06-16T00:00:00
939,771,Patricia,Walker,patricia.walker@acme.com,+1-341-111-6647,Solutions Architect,End User,2023-11-14T00:00:00
940,728,Donna,Perez,donna.perez,+1-753-165-7165,Chief Revenue Officer,Coach,2024-12-09T00:00:00
941,408,Charles,Williams,charles.williams@waystar.io,+1-839-366-8494,Head of Data,Technical Evaluator,2024-12-27T00:00:00
942,932,Christopher,Wilson,christopher.wilson@acme.com,+1-965-704-6875,Director of IT,Champion,2023-02-23T00:00:00
943,56,Thomas,Perez,thomas.perez@waystar.io,+1-270-943-1747,CFO,Technical Evaluator,2024-04-24T00:00:00
944,353,Kimberly,Jackson,,+1-563-572-7976,Product Manager,End User,2022-03-05T00:00:00
945,107,Jessica,Martin,jessica.martin@piedpiper.com,+1-436-872-2165,VP of Engineering,End User,2023-10-01T00:00:00
946,839,Betty,Anderson,betty.anderson@initech.com,+1-764-352-4965,Data Engineer,Champion,2023-10-29T00:00:00
947,714,Michael,Taylor,michael.taylor@globex.com,+1-715-279-1629,COO,Economic Buyer,2023-11-04T00:00:00
948,751,Mark,Lee,mark.lee@acme.com,+1-922-360-4199,Engineering Manager,Champion,2024-03-05T00:00:00
949,430,Daniel,Lewis,daniel.lewis@acme.com,+1-869-136-9081,VP of Infrastructure,Champion,2024-12-20T00:00:00
950,659,James,Harris,james.harris@waystar.io,+1-429-229-9584,Director of Operations,Technical Evaluator,2023-09-08T00:00:00
951,95,Anthony,Robinson,anthony.robinson@piedpiper.com,+1-865-331-8500,VP of Infrastructure,Technical Evaluator,2023-01-31T00:00:00
952,228,Joseph,Jones,joseph.jones@initech.com,+1-526-818-6286,DevOps Lead,Blocker,2024-06-07T00:00:00
953,499,Linda,Williams,linda.williams@piedpiper.com,+1-982-237-2932,Head of Data,Economic Buyer,2024-07-06T00:00:00
954,96,Sarah,Thompson,sarah.thompson@globex.com,+1-391-515-7191,VP of Infrastructure,Champion,2023-10-29T00:00:00
955,335,Steven,Ramirez,steven.ramirez@piedpiper.com,,DevOps Lead,Champion,2024-11-23T00:00:00
956,871,David,Williams,david.williams@globex.com,+1-673-602-4989,VP of Product,Champion,2022-10-31T00:00:00
957,482,Mark,Harris,mark.harris@acme.com,+1-426-432-1139,CFO,Technical Evaluator,2024-12-17T00:00:00
958,992,Kimberly,Hernandez,kimberly.hernandez@acme.com,+1-644-312-3566,Director of Marketing,Coach,2024-08-20T00:00:00
959,915,Joshua,Garcia,joshua.garcia@umbrella.co,+1-293-878-3567,Director of Operations,Technical Evaluator,2024-04-03T00:00:00
960,892,Sandra,Johnson,sandra.johnson@initech.com,+1-334-678-7372,Director of Operations,End User,2023-12-28T00:00:00
961,3,Mark,Hernandez,mark.hernandez@initech.com,,CTO,Technical Evaluator,2023-03-19T00:00:00
962,220,Emily,Smith,emily.smith@acme.com,+1-551-489-9146,Head of Data,Champion,2021-03-17T00:00:00
963,992,Michelle,Garcia,michelle.garcia@umbrella.co,+1-450-300-9587,VP of Infrastructure,Technical Evaluator,2022-11-01T00:00:00
964,970,Mary,Wilson,mary.wilson@globex.com,+1-702-305-9187,Product Manager,Champion,2023-10-06T00:00:00
965,638,James,Johnson,james.johnson@acme.com,+1-812-440-6421,Director of Marketing,Economic Buyer,2024-10-22T00:00:00
966,456,Daniel,Brown,daniel.brown@waystar.io,+1-251-487-6280,,End User,2024-12-31T00:00:00
967,15,Barbara,Garcia,barbara.garcia@initech.com,+1-767-275-8040,CEO,Champion,2023-01-08T00:00:00
968,384,Thomas,Gonzalez,thomas.gonzalez@globex.com,+1-788-284-2369,IT Manager,Blocker,2024-07-24T00:00:00
969,384,Joseph,Hernandez,joseph.hernandez@globex.com,+1-767-852-5728,COO,Champion,2024-10-23T00:00:00
970,485,Steven,Perez,steven.perez@initech.com,+1-940-580-8636,VP of Engineering,Technical Evaluator,2024-12-23T00:00:00
971,979,Margaret,Perez,margaret.perez@piedpiper.com,+1-304-254-2222,Product Manager,Economic Buyer,2024-12-06T00:00:00
972,588,Sandra,Thompson,sandra.thompson@globex.com,+1-592-911-4715,Director of IT,Coach,2023-12-31T00:00:00
973,168,Joseph,Sanchez,joseph.sanchez@umbrella.co,+1-882-836-3999,Head of Data,Economic Buyer,2023-11-03T00:00:00
974,735,John,Wilson,john.wilson@globex.com,+1-517-333-8521,Head of Data,Technical Evaluator,2023-08-31T00:00:00
975,626,Susan,Lee,susan.lee@acme.com,+1-262-285-9464,VP of Engineering,Technical Evaluator,2022-10-29T00:00:00
976,356,Emily,Taylor,emily.taylor@acme.com,+1-561-105-8670,Head of Data,Technical Evaluator,2020-04-27T00:00:00
977,140,Lisa,Jackson,lisa.jackson@waystar.io,+1-574-374-8385,CEO,End User,2024-09-08T00:00:00
978,857,Betty,Perez,betty.perez@initech.com,+1-862-105-9685,Engineering Manager,Technical Evaluator,2021-04-23T00:00:00
979,207,John,Davis,john.davis@waystar.io,+1-557-408-1707,Solutions Architect,Champion,2023-05-17T00:00:00
980,714,Matthew,Martin,matthew.martin@umbrella.co,+1-852-101-7287,,Champion,2022-06-21T00:00:00
981,794,Kimberly,Davis,kimberly.davis@umbrella.co,+1-257-624-3639,IT Manager,Champion,2024-11-25T00:00:00
982,479,Patricia,Walker,patricia.walker@globex.com,+1-950-747-4385,VP of Product,Technical Evaluator,2023-11-02T00:00:00
983,176,Joseph,Harris,joseph.harris@piedpiper.com,+1-607-457-8032,VP of Product,Economic Buyer,2024-08-30T00:00:00
984,742,Betty,Perez,,+1-452-780-6858,Engineering Manager,Blocker,2024-08-10T00:00:00
985,903,Jennifer,Gonzalez,jennifer.gonzalez@initech.com,+1-239-628-2264,Chief Revenue Officer,Technical Evaluator,2024-10-14T00:00:00
986,399,Lisa,Williams,lisa.williams@initech.com,+1-935-681-4461,Engineering Manager,Champion,2024-10-19T00:00:00
987,650,Karen,Jackson,karen.jackson@acme.com,+1-909-651-9232,Director of Marketing,Champion,2024-12-26T00:00:00
988,97,Christopher,Williams,christopher.williams@piedpiper.com,+1-739-914-1126,Product Manager,End User,2024-12-05T00:00:00
989,617,Jennifer,Harris,jennifer.harris@waystar.io,+1-428-340-7179,Director of Operations,Economic Buyer,2024-08-12T00:00:00
990,172,Mary,Jackson,mary.jackson@piedpiper.com,+1-405-588-8740,Director of Operations,End User,2023-01-20T00:00:00
991,613,Christopher,Ramirez,christopher.ramirez@initech.com,+1-210-432-8242,Product Manager,Coach,2024-12-10T00:00:00
992,11,Donna,Davis,donna.davis@piedpiper.com,+1-452-186-7932,Director of IT,End User,2023-11-14T00:00:00
993,670,Christopher,Hernandez,christopher.hernandez@waystar.io,+1-973-953-3233,Solutions Architect,Champion,2024-01-02T00:00:00
994,13,Patricia,Wilson,patricia.wilson@initech.com,+1-243-436-1262,VP of Sales,Economic Buyer,2024-10-07T00:00:00
995,317,Ashley,Taylor,ashley.taylor@globex.com,+1-476-441-7021,Head of Security,Blocker,2023-12-07T00:00:00
996,629,Elizabeth,Ramirez,elizabeth.ramirez@acme.com,+1-782-959-2460,Chief Revenue Officer,End User,2022-09-08T00:00:00
997,248,Matthew,Harris,matthew.harris@acme.com,+1-626-210-9005,Solutions Architect,Champion,2024-08-16T00:00:00
998,837,Margaret,Miller,margaret.miller@globex.com,+1-657-555-6321,Chief Revenue Officer,Blocker,2024-02-05T00:00:00
999,488,Kimberly,Ramirez,kimberly.ramirez@initech.com,+1-536-764-6040,COO,Champion,2021-10-14T00:00:00
1000,825,Sandra,Sanchez,sandra.sanchez@piedpiper.com,+1-823-895-1420,VP of Product,Champion,2024-07-01T00:00:00
1001,392,Susan,Lee,susan.lee@waystar.io,+1-364-699-1174,Product Manager,Coach,2021-09-11T00:00:00
1002,957,Ashley,Lopez,ashley.lopez@acme.com,+1-435-122-5575,Director of Marketing,End User,2024-05-17T00:00:00
1003,921,Sarah,Garcia,sarah.garcia@globex.com,,Director of Marketing,Blocker,2024-11-16T00:00:00
1004,449,Daniel,Wilson,daniel.wilson@globex.com,+1-320-677-5592,Director of Marketing,Champion,2023-01-06T00:00:00
1005,453,Barbara,Lopez,barbara.lopez@umbrella.co,+1-226-318-9978,DevOps Lead,Champion,2020-09-17T00:00:00
1006,101,Michelle,Williams,michelle.williams@piedpiper.com,,Head of Data,Technical Evaluator,2024-09-02T00:00:00
1007,284,Elizabeth,Martin,elizabeth.martin@waystar.io,+1-329-908-9847,Director of IT,Technical Evaluator,2024-11-15T00:00:00
1008,977,Richard,Wilson,richard.wilson@umbrella.co,+1-497-221-3036,Solutions Architect,Champion,2023-03-23T00:00:00
1009,628,Robert,Williams,robert.williams@initech.com,+1-827-440-8891,VP of Product,Technical Evaluator,2023-07-01T00:00:00
1010,70,Jennifer,Williams,jennifer.williams@piedpiper.com,+1-812-989-4753,VP of Infrastructure,Technical Evaluator,2024-12-26T00:00:00
1011,993,Christopher,Perez,christopher.perez@acme.com,+1-585-906-2641,CFO,Technical Evaluator,2023-12-10T00:00:00
1012,566,Andrew,Lee,andrew.lee@acme.com,+1-722-570-8201,Engineering Manager,Champion,2024-09-17T00:00:00
1013,329,Elizabeth,Walker,elizabeth.walker@waystar.io,+1-498-153-6548,DevOps Lead,Technical Evaluator,2024-12-11T00:00:00
1014,972,Michelle,Walker,michelle.walker@piedpiper.com,+1-848-487-8679,Chief Revenue Officer,Champion,2022-05-15T00:00:00
1015,338,Sarah,Williams,sarah.williams@umbrella.co,+1-331-189-9559,VP of Product,Blocker,2024-11-06T00:00:00
1016,455,Daniel,Lee,daniel.lee@waystar.io,+1-251-609-8912,CFO,Champion,2023-03-30T00:00:00
1017,43,James,White,james.white@umbrella.co,+1-655-604-8492,Solutions Architect,Champion,2024-12-07T00:00:00
1018,426,John,Gonzalez,john.gonzalez@piedpiper.com,+1-416-504-3981,VP of Engineering,Technical Evaluator,2021-11-18T00:00:00
1019,5,Jessica,Ramirez,jessica.ramirez@waystar.io,,Solutions Architect,Coach,2024-10-06T00:00:00
1020,518,Robert,Rodriguez,robert.rodriguez@piedpiper.com,+1-501-939-6850,COO,Technical Evaluator,2023-09-28T00:00:00
1021,911,Elizabeth,Jones,elizabeth.jones@waystar.io,+1-579-310-4095,Director of Marketing,Champion,2024-12-28T00:00:00
1022,391,John,Johnson,john.johnson@umbrella.co,+1-849-291-4245,Director of Marketing,Technical Evaluator,2024-08-26T00:00:00
1023,511,Christopher,Thompson,christopher.thompson@piedpiper.com,+1-320-774-5258,Director of Operations,Technical Evaluator,2024-10-27T00:00:00
1024,432,Barbara,Jones,barbara.jones@piedpiper.com,+1-253-628-8505,Head of Security,Technical Evaluator,2024-07-30T00:00:00
1025,658,Robert,Thompson,robert.thompson@acme.com,+1-226-535-6063,CEO,Champion,2024-08-28T00:00:00
1026,528,John,Lewis,john.lewis@waystar.io,+1-985-609-9040,Director of IT,Technical Evaluator,2024-10-24T00:00:00
1027,546,Barbara,Taylor,barbara.taylor@acme.com,+1-441-162-7948,,Blocker,2021-01-03T00:00:00
1028,997,Betty,Martin,betty.martin@initech.com,+1-786-179-7216,Engineering Manager,Technical Evaluator,2024-12-17T00:00:00
1029,88,John,Davis,john.davis@acme.com,,VP of Infrastructure,Coach,2024-06-05T00:00:00
1030,472,Charles,Perez,charles.perez@acme.com,+1-284-613-9346,VP of Engineering,Technical Evaluator,2023-11-20T00:00:00
1031,601,James,Jones,james.jones@waystar.io,+1-882-110-5981,Product Manager,Economic Buyer,2024-02-08T00:00:00
1032,50,Richard,Robinson,richard.robinson@initech.com,+1-864-743-5196,VP of Sales,Economic Buyer,2024-01-05T00:00:00
1033,212,Karen,Gonzalez,karen.gonzalez@piedpiper.com,+1-820-415-6975,Product Manager,End User,2024-06-02T00:00:00
1034,246,Daniel,Robinson,daniel.robinson@umbrella.co,+1-485-377-8045,CFO,Technical Evaluator,2022-09-08T00:00:00
1035,532,William,Thompson,william.thompson@umbrella.co,+1-294-279-6351,Head of Data,Economic Buyer,2022-09-21T00:00:00
1036,679,Barbara,Martinez,barbara.martinez@initech.com,+1-509-106-3943,Director of IT,Economic Buyer,2024-04-19T00:00:00
1037,376,Donna,Martin,donna.martin@waystar.io,+1-937-930-5019,Head of Security,Economic Buyer,2024-07-25T00:00:00
1038,261,Thomas,Robinson,thomas.robinson@acme.com,+1-783-270-7312,CEO,Technical Evaluator,2024-07-29T00:00:00
1039,228,John,Johnson,john.johnson@umbrella.co,+1-508-105-3130,Director of Operations,Economic Buyer,2023-11-18T00:00:00
1040,173,Betty,Hernandez,betty.hernandez@initech.com,+1-456-371-2478,CFO,Economic Buyer,2023-06-18T00:00:00
1041,314,Donald,Wilson,donald.wilson,+1-214-518-7311,VP of Sales,Technical Evaluator,2024-12-22T00:00:00
1042,873,Ashley,White,ashley.white@globex.com,+1-334-362-8106,VP of Infrastructure,Champion,2023-07-02T00:00:00
1043,344,Mark,Martin,mark.martin@initech.com,+1-271-984-8058,Product Manager,End User,2023-07-23T00:00:00
1044,60,Linda,Lewis,linda.lewis@waystar.io,+1-538-573-1441,Director of IT,Champion,2024-12-02T00:00:00
1045,772,Matthew,Harris,matthew.harris@acme.com,+1-417-454-7492,VP of Sales,End User,2021-08-19T00:00:00
1046,125,Michelle,Jones,michelle.jones@acme.com,+1-431-290-8916,Director of IT,Coach,2021-11-15T00:00:00
1047,54,Charles,Lopez,charles.lopez@waystar.io,+1-358-210-2374,Head of Data,Technical Evaluator,2024-07-18T00:00:00
1048,972,Elizabeth,Garcia,elizabeth.garcia@umbrella.co,+1-546-624-6238,CTO,Technical Evaluator,2023-10-02T00:00:00
1049,32,Sarah,Smith,sarah.smith@globex.com,+1-892-192-4145,CEO,Technical Evaluator,2022-11-16T00:00:00
1050,826,Daniel,Smith,daniel.smith@waystar.io,+1-861-929-7435,Solutions Architect,Economic Buyer,2023-07-05T00:00:00
1051,800,Jessica,Walker,jessica.walker@piedpiper.com,+1-755-425-5238,Engineering Manager,Economic Buyer,2023-05-11T00:00:00
1052,714,Mark,Clark,mark.clark@initech.com,+1-204-197-6568,Product Manager,Technical Evaluator,2024-07-07T00:00:00
1053,943,Donald,Moore,donald.moore@piedpiper.com,+1-659-370-5857,Engineering Manager,Technical Evaluator,2023-03-11T00:00:00
1054,331,Jennifer,Davis,jennifer.davis@acme.com,+1-767-731-4920,Director of Marketing,Blocker,2023-03-06T00:00:00
1055,515,Margaret,Harris,margaret.harris@umbrella.co,+1-963-719-9758,CFO,Technical Evaluator,2023-04-10T00:00:00
1056,589,Betty,Robinson,betty.robinson,+1-202-703-1159,Head of Security,End User,2024-08-25T00:00:00
1057,624,Kimberly,Rodriguez,kimberly.rodriguez@acme.com,+1-461-767-8580,Engineering Manager,End User,2024-02-22T00:00:00
1058,318,Andrew,Smith,andrew.smith@globex.com,+1-934-438-2956,Product Manager,Technical Evaluator,2023-05-16T00:00:00
1059,839,Robert,Martinez,robert.martinez@waystar.io,+1-339-582-7198,Engineering Manager,Champion,2024-04-23T00:00:00
1060,239,Lisa,Wilson,lisa.wilson@piedpiper.com,+1-503-954-2540,CEO,Economic Buyer,2024-08-24T00:00:00
1061,592,Daniel,Johnson,daniel.johnson@waystar.io,+1-662-754-5508,COO,Champion,2024-10-30T00:00:00
1062,305,Joshua,Ramirez,joshua.ramirez@acme.com,+1-793-151-2632,CFO,Technical Evaluator,2024-06-01T00:00:00
1063,431,Nancy,Rodriguez,nancy.rodriguez@globex.com,+1-655-645-5455,Engineering Manager,End User,2024-12-22T00:00:00
1064,529,Joseph,Johnson,joseph.johnson@initech.com,,VP of Engineering,Technical Evaluator,2021-06-02T00:00:00
1065,321,Anthony,Jones,anthony.jones@initech.com,+1-718-233-8060,VP of Engineering,Technical Evaluator,2024-08-25T00:00:00
1066,183,Steven,Harris,steven.harris@acme.com,+1-841-140-6908,Engineering Manager,Technical Evaluator,2024-08-19T00:00:00
1067,202,Charles,Jones,charles.jones@acme.com,+1-322-690-9655,Chief Revenue Officer,Champion,2023-04-05T00:00:00
1068,886,Nancy,Miller,nancy.miller@acme.com,+1-705-447-1892,Head of Security,Technical Evaluator,2023-02-15T00:00:00
1069,563,Barbara,Garcia,barbara.garcia@umbrella.co,+1-923-202-3456,Chief Revenue Officer,Blocker,2024-03-16T00:00:00
1070,367,Matthew,Moore,matthew.moore@globex.com,+1-927-645-7410,Director of Operations,Technical Evaluator,2022-12-26T00:00:00
1071,592,Mark,Davis,mark.davis@piedpiper.com,+1-233-501-6130,Director of Marketing,Technical Evaluator,2022-07-03T00:00:00
1072,657,Nancy,Taylor,nancy.taylor@initech.com,+1-241-127-1644,Head of Data,Technical Evaluator,2024-07-23T00:00:00
1073,321,Paul,Moore,paul.moore@globex.com,+1-918-455-1874,Data Engineer,Blocker,2024-10-13T00:00:00
1074,93,Mark,Gonzalez,mark.gonzalez,+1-379-324-8040,Solutions Architect,Technical Evaluator,2021-06-02T00:00:00
1075,364,Jennifer,Robinson,jennifer.robinson@initech.com,,CTO,Coach,2024-08-13T00:00:00
1076,845,Jennifer,Harris,jennifer.harris@piedpiper.com,+1-695-377-9420,Chief Revenue Officer,End User,2022-09-26T00:00:00
1077,596,Betty,Davis,betty.davis@waystar.io,,Solutions Architect,Technical Evaluator,2023-08-10T00:00:00
1078,581,Sandra,Lewis,sandra.lewis@waystar.io,+1-226-540-1558,Director of Marketing,Economic Buyer,2024-09-14T00:00:00
1079,759,Donald,Davis,donald.davis@globex.com,,Data Engineer,Blocker,2023-06-02T00:00:00
1080,135,Sarah,Wilson,sarah.wilson@piedpiper.com,+1-444-433-6389,Head of Security,Champion,2023-05-17T00:00:00
1081,911,Thomas,Moore,thomas.moore@initech.com,+1-679-368-3556,Head of Data,Champion,2024-11-25T00:00:00
1082,306,James,Davis,james.davis@globex.com,+1-479-254-6980,Engineering Manager,Champion,2024-06-17T00:00:00
1083,972,Charles,Lopez,charles.lopez@umbrella.co,+1-398-503-7784,Solutions Architect,End User,2022-12-08T00:00:00
1084,369,Joshua,Miller,,+1-275-237-1398,Data Engineer,Coach,2024-07-26T00:00:00
1085,79,David,Sanchez,david.sanchez@globex.com,+1-477-195-5166,CEO,Champion,2024-04-18T00:00:00
1086,376,William,Davis,william.davis@initech.com,+1-717-310-9477,Data Engineer,Technical Evaluator,2024-10-07T00:00:00
1087,668,Joshua,Miller,joshua.miller@acme.com,+1-818-115-2094,CFO,Blocker,2024-11-13T00:00:00
1088,940,Margaret,Miller,margaret.miller@initech.com,+1-377-613-7348,Head of Security,Champion,2023-10-14T00:00:00
1089,294,Charles,Ramirez,charles.ramirez@umbrella.co,+1-728-332-7087,Data Engineer,End User,2024-05-11T00:00:00
1090,278,Mark,Taylor,mark.taylor@waystar.io,+1-835-652-5301,Director of IT,Economic Buyer,2024-02-29T00:00:00
1091,104,Barbara,Taylor,barbara.taylor,,Head of Security,Technical Evaluator,2023-12-05T00:00:00
1092,56,Patricia,Brown,patricia.brown@waystar.io,+1-558-256-5265,Director of IT,Blocker,2024-12-03T00:00:00
1093,380,Betty,Perez,betty.perez@piedpiper.com,+1-859-918-1576,CFO,Coach,2022-11-01T00:00:00
1094,286,Thomas,Jackson,thomas.jackson@globex.com,+1-874-653-3245,IT Manager,Technical Evaluator,2024-11-11T00:00:00
1095,217,Patricia,Martinez,patricia.martinez@acme.com,+1-923-494-8634,VP of Infrastructure,Economic Buyer,2024-02-29T00:00:00
1096,421,Patricia,Gonzalez,patricia.gonzalez@globex.com,+1-922-134-2217,DevOps Lead,Economic Buyer,2021-10-15T00:00:00
1097,492,Michael,Wilson,michael.wilson@umbrella.co,+1-396-330-3515,DevOps Lead,Coach,2022-09-15T00:00:00
1098,154,Joseph,Miller,joseph.miller@piedpiper.com,+1-707-440-1772,CEO,Technical Evaluator,2022-11-15T00:00:00
1099,254,John,Anderson,john.anderson@umbrella.co,,Director of Marketing,Technical Evaluator,2022-07-21T00:00:00
1100,72,Mary,Sanchez,mary.sanchez@piedpiper.com,+1-444-564-7537,COO,Blocker,2024-11-05T00:00:00
1101,748,David,Williams,david.williams@piedpiper.com,+1-854-224-5825,VP of Engineering,Champion,2022-08-22T00:00:00
1102,312,Michelle,Rodriguez,michelle.rodriguez@initech.com,+1-707-867-1902,Product Manager,Blocker,2024-12-27T00:00:00
1103,425,Betty,Brown,betty.brown@piedpiper.com,+1-244-600-5798,DevOps Lead,Coach,2024-03-22T00:00:00
1104,369,Matthew,Lee,matthew.lee@umbrella.co,+1-702-539-8922,DevOps Lead,End User,2024-12-27T00:00:00
1105,119,Susan,Harris,susan.harris@initech.com,+1-691-448-3637,VP of Product,Champion,2022-08-07T00:00:00
1106,96,Emily,Miller,emily.miller@globex.com,+1-602-225-6347,,Blocker,2024-09-21T00:00:00
1107,895,Joshua,Martinez,joshua.martinez@piedpiper.com,,Head of Data,Economic Buyer,2024-12-31T00:00:00
1108,739,Susan,Clark,susan.clark@waystar.io,+1-327-980-3865,CFO,Economic Buyer,2022-06-07T00:00:00
1109,539,Christopher,Lee,christopher.lee@initech.com,+1-450-422-4039,Chief Revenue Officer,End User,2023-03-27T00:00:00
1110,993,Jessica,Anderson,jessica.anderson@waystar.io,+1-681-739-9282,VP of Product,Technical Evaluator,2024-07-10T00:00:00
1111,231,Matthew,Sanchez,matthew.sanchez@waystar.io,+1-762-759-8302,VP of Engineering,Coach,2024-11-09T00:00:00
1112,498,Linda,Davis,linda.davis@globex.com,+1-693-686-2534,DevOps Lead,End User,2024-04-06T00:00:00
1113,744,Michelle,Davis,,+1-887-818-7971,IT Manager,End User,2023-09-10T00:00:00
1114,762,Michael,Martinez,michael.martinez@waystar.io,+1-520-379-2377,VP of Engineering,Technical Evaluator,2024-08-02T00:00:00
1115,454,Mark,Davis,mark.davis@acme.com,+1-565-993-2057,CFO,End User,2021-05-13T00:00:00
1116,729,Donna,Ramirez,donna.ramirez@initech.com,+1-478-573-1677,VP of Engineering,Champion,2024-11-04T00:00:00
1117,99,Nancy,Garcia,nancy.garcia@waystar.io,+1-365-588-1334,VP of Product,Champion,2022-08-09T00:00:00
1118,105,David,Martin,david.martin@globex.com,+1-222-133-3197,Solutions Architect,Blocker,2024-12-28T00:00:00
1119,789,Christopher,Jackson,christopher.jackson@umbrella.co,+1-226-458-5652,Data Engineer,Champion,2024-10-08T00:00:00
1120,485,Paul,Smith,paul.smith@umbrella.co,+1-256-464-2155,CTO,Coach,2024-12-16T00:00:00
1121,60,Susan,Jackson,susan.jackson@initech.com,+1-931-112-6464,Product Manager,Blocker,2024-11-09T00:00:00
1122,481,Lisa,Lopez,lisa.lopez@globex.com,,Director of Marketing,Champion,2024-12-17T00:00:00
1123,856,Andrew,Brown,andrew.brown@waystar.io,+1-273-845-7767,DevOps Lead,End User,2023-12-01T00:00:00
1124,193,Christopher,Wilson,christopher.wilson@umbrella.co,+1-302-756-6180,Product Manager,Coach,2024-05-23T00:00:00
1125,686,Anthony,Martin,anthony.martin@umbrella.co,,VP of Infrastructure,Technical Evaluator,2022-04-29T00:00:00
1126,447,Andrew,Thompson,andrew.thompson@acme.com,+1-963-402-4011,Engineering Manager,Champion,2020-07-07T00:00:00
1127,541,Nancy,Clark,nancy.clark@initech.com,+1-776-899-9465,VP of Engineering,Blocker,2024-08-22T00:00:00
1128,869,John,Lee,john.lee@waystar.io,+1-398-927-8639,CTO,Champion,2023-07-31T00:00:00
1129,309,Michael,Martin,michael.martin@waystar.io,,Product Manager,Champion,2023-01-13T00:00:00
1130,879,Joseph,Sanchez,joseph.sanchez@acme.com,+1-688-801-9755,Director of Operations,Blocker,2023-07-07T00:00:00
1131,804,Donna,White,donna.white@waystar.io,+1-323-652-9280,Chief Revenue Officer,End User,2021-11-05T00:00:00
1132,197,Barbara,Sanchez,barbara.sanchez@umbrella.co,+1-539-213-4189,CTO,End User,2024-07-11T00:00:00
1133,118,Karen,White,karen.white,+1-257-784-2038,Head of Data,Blocker,2024-06-10T00:00:00
1134,88,Donna,Smith,donna.smith@acme.com,+1-731-839-6808,CEO,Economic Buyer,2024-07-16T00:00:00
1135,587,Jennifer,Johnson,jennifer.johnson@umbrella.co,+1-634-528-4012,Head of Security,Technical Evaluator,2024-07-15T00:00:00
1136,620,Joseph,Thomas,joseph.thomas@initech.com,+1-400-333-7412,Director of Operations,Coach,2023-08-20T00:00:00
1137,356,Matthew,Garcia,matthew.garcia@waystar.io,+1-976-226-6878,Data Engineer,End User,2021-06-16T00:00:00
1138,535,Sandra,Robinson,sandra.robinson@piedpiper.com,+1-738-478-5039,COO,Champion,2023-11-03T00:00:00
1139,557,Thomas,Brown,thomas.brown@piedpiper.com,+1-573-555-6076,VP of Sales,Technical Evaluator,2022-02-16T00:00:00
1140,503,Anthony,Sanchez,anthony.sanchez@globex.com,+1-966-792-2985,Product Manager,Coach,2023-04-05T00:00:00
1141,503,Mary,Lewis,mary.lewis@waystar.io,+1-537-103-9538,Product Manager,Blocker,2024-10-24T00:00:00
1142,425,Donald,Wilson,donald.wilson@globex.com,+1-713-853-3852,CTO,Champion,2023-09-04T00:00:00
1143,250,Richard,Brown,richard.brown@piedpiper.com,+1-921-745-7838,VP of Engineering,Economic Buyer,2024-10-02T00:00:00
1144,370,Lisa,Martin,lisa.martin@initech.com,+1-726-972-8981,VP of Infrastructure,Economic Buyer,2024-12-10T00:00:00
1145,467,Donna,Walker,donna.walker@acme.com,+1-730-593-5298,Director of Marketing,Economic Buyer,2024-09-28T00:00:00
1146,762,Thomas,Brown,thomas.brown@waystar.io,+1-729-744-2529,Head of Security,Economic Buyer,2022-09-17T00:00:00
1147,246,Linda,White,linda.white@waystar.io,+1-206-130-5409,Engineering Manager,Technical Evaluator,2023-01-02T00:00:00
1148,952,Jennifer,Walker,jennifer.walker@umbrella.co,+1-743-810-4061,,Champion,2024-04-12T00:00:00
1149,850,Joseph,Anderson,joseph.anderson@globex.com,,CEO,Technical Evaluator,2022-06-01T00:00:00
1150,723,Karen,Sanchez,karen.sanchez@globex.com,+1-688-530-8897,IT Manager,End User,2024-12-22T00:00:00
1151,504,Jessica,Smith,jessica.smith@waystar.io,+1-555-196-7937,Chief Revenue Officer,Blocker,2023-06-20T00:00:00
1152,966,David,Robinson,david.robinson@umbrella.co,+1-767-499-5617,Data Engineer,Blocker,2024-12-11T00:00:00
1153,765,Thomas,Martinez,thomas.martinez@piedpiper.com,+1-888-893-6289,COO,Economic Buyer,2023-06-25T00:00:00
1154,688,Donald,Hernandez,donald.hernandez@globex.com,+1-580-101-2056,Head of Security,Technical Evaluator,2024-12-01T00:00:00
1155,119,Mary,Anderson,,+1-505-451-8751,Head of Security,Economic Buyer,2022-05-14T00:00:00
1156,628,Margaret,Garcia,margaret.garcia@waystar.io,+1-737-173-7028,Director of Operations,Coach,2023-04-29T00:00:00
1157,9,James,Ramirez,james.ramirez@globex.com,+1-851-517-3673,VP of Product,Champion,2023-12-01T00:00:00
1158,104,Christopher,Lee,christopher.lee@initech.com,,Data Engineer,Blocker,2024-08-03T00:00:00
1159,930,Lisa,Taylor,lisa.taylor@waystar.io,,Director of Marketing,Champion,2021-05-06T00:00:00
1160,789,David,Clark,david.clark@piedpiper.com,+1-471-978-3225,CFO,Technical Evaluator,2024-12-17T00:00:00
1161,123,Margaret,Martinez,margaret.martinez@globex.com,+1-839-303-6986,CEO,Champion,2022-07-28T00:00:00
1162,551,Linda,Martin,linda.martin@acme.com,,VP of Product,Coach,2021-07-10T00:00:00
1163,739,Sandra,Martin,sandra.martin@initech.com,+1-323-325-3229,IT Manager,Blocker,2022-06-01T00:00:00
1164,658,Lisa,Rodriguez,lisa.rodriguez@acme.com,+1-236-109-5954,VP of Engineering,Champion,2024-07-24T00:00:00
1165,579,Jennifer,Clark,jennifer.clark@waystar.io,+1-498-418-7310,VP of Product,Blocker,2024-10-08T00:00:00
1166,860,John,Perez,john.perez@initech.com,+1-481-479-3863,Head of Security,Coach,2024-12-08T00:00:00
1167,997,Patricia,Smith,patricia.smith@acme.com,+1-303-855-5214,VP of Product,Economic Buyer,2024-10-04T00:00:00
1168,473,David,Martinez,david.martinez@globex.com,+1-381-306-4330,Chief Revenue Officer,Champion,2024-05-03T00:00:00
1169,855,Margaret,Brown,margaret.brown@piedpiper.com,+1-948-699-2145,,Coach,2024-07-03T00:00:00
1170,222,Steven,Martinez,steven.martinez@piedpiper.com,+1-292-564-8639,VP of Product,Champion,2023-05-07T00:00:00
1171,364,Mark,Jones,mark.jones@globex.com,+1-836-491-4776,VP of Product,Technical Evaluator,2024-07-08T00:00:00
1172,894,Joseph,Williams,joseph.williams@umbrella.co,+1-352-931-6409,Product Manager,Technical Evaluator,2022-08-29T00:00:00
1173,819,Matthew,Miller,matthew.miller@umbrella.co,+1-575-204-5903,Data Engineer,Economic Buyer,2024-08-12T00:00:00
1174,775,David,Hernandez,david.hernandez@globex.com,+1-524-745-4715,Head of Data,Champion,2024-04-15T00:00:00
1175,913,Matthew,Smith,matthew.smith@waystar.io,+1-964-810-5849,DevOps Lead,Technical Evaluator,2022-11-05T00:00:00
1176,268,Christopher,Clark,christopher.clark@acme.com,+1-593-779-3024,Director of Marketing,Technical Evaluator,2024-08-29T00:00:00
1177,97,Susan,Moore,susan.moore@umbrella.co,+1-767-426-1497,VP of Product,Blocker,2024-05-08T00:00:00
1178,739,Richard,Smith,richard.smith@piedpiper.com,+1-745-688-3926,VP of Infrastructure,Champion,2022-06-27T00:00:00
1179,819,Kimberly,Johnson,kimberly.johnson@globex.com,+1-816-645-5079,CTO,Blocker,2024-07-02T00:00:00
1180,91,Susan,Garcia,susan.garcia@initech.com,+1-256-588-4126,Head of Security,Economic Buyer,2023-10-01T00:00:00
1181,852,Jessica,Davis,jessica.davis@waystar.io,+1-856-377-1530,CEO,Technical Evaluator,2024-07-01T00:00:00
1182,812,James,Thomas,james.thomas@globex.com,+1-607-280-9964,Engineering Manager,Champion,2023-07-22T00:00:00
1183,874,Lisa,Walker,lisa.walker@umbrella.co,+1-901-503-2539,VP of Engineering,Champion,2022-12-07T00:00:00
1184,109,Linda,Hernandez,linda.hernandez@initech.com,+1-777-235-4977,DevOps Lead,Champion,2024-02-02T00:00:00
1185,295,Emily,Smith,emily.smith@piedpiper.com,+1-508-378-4704,Solutions Architect,Technical Evaluator,2022-11-06T00:00:00
1186,606,Joseph,Brown,joseph.brown@globex.com,+1-386-429-4855,Head of Data,Technical Evaluator,2024-10-16T00:00:00
1187,920,Richard,Thompson,richard.thompson,+1-310-592-9553,VP of Product,Champion,2024-08-03T00:00:00
1188,642,Jennifer,Anderson,jennifer.anderson@umbrella.co,+1-715-348-3774,Engineering Manager,Champion,2024-07-05T00:00:00
1189,164,Andrew,Sanchez,andrew.sanchez@waystar.io,+1-929-710-9490,Product Manager,End User,2024-09-30T00:00:00
1190,757,Ashley,Taylor,ashley.taylor,+1-211-801-8930,Chief Revenue Officer,End User,2024-07-18T00:00:00
1191,434,James,Williams,james.williams@initech.com,+1-670-679-5002,Engineering Manager,Technical Evaluator,2023-03-21T00:00:00
1192,825,Mary,Perez,mary.perez@piedpiper.com,,Director of Operations,End User,2021-02-12T00:00:00
1193,388,Karen,Jones,karen.jones@umbrella.co,+1-380-627-9327,VP of Infrastructure,Blocker,2024-11-05T00:00:00
1194,189,Patricia,Miller,patricia.miller@piedpiper.com,+1-754-295-5928,VP of Sales,Economic Buyer,2024-09-01T00:00:00
1195,258,Charles,Perez,charles.perez@initech.com,+1-454-250-2430,CEO,Champion,2024-05-22T00:00:00
1196,568,Sandra,Smith,sandra.smith@waystar.io,+1-641-937-7355,Chief Revenue Officer,Technical Evaluator,2024-04-04T00:00:00
1197,851,Anthony,Lewis,anthony.lewis@piedpiper.com,,VP of Engineering,End User,2024-03-29T00:00:00
1198,537,Donald,Rodriguez,donald.rodriguez@waystar.io,+1-459-571-2134,Engineering Manager,Champion,2024-04-02T00:00:00
1199,533,Thomas,Jones,thomas.jones@globex.com,+1-984-194-6152,Chief Revenue Officer,End User,2021-09-16T00:00:00
1200,103,Steven,Jones,steven.jones@globex.com,+1-250-340-9135,,Champion,2023-06-21T00:00:00
1201,424,David,Miller,david.miller@initech.com,,DevOps Lead,Technical Evaluator,2023-08-25T00:00:00
1202,112,Michael,Hernandez,michael.hernandez@piedpiper.com,+1-267-332-6527,,Technical Evaluator,2024-01-20T00:00:00
1203,986,Lisa,Perez,lisa.perez@globex.com,+1-942-711-1065,IT Manager,Economic Buyer,2023-01-07T00:00:00
1204,130,Anthony,Miller,anthony.miller@piedpiper.com,+1-496-578-8777,Engineering Manager,Champion,2024-09-13T00:00:00
1205,707,Charles,Martin,charles.martin@waystar.io,+1-306-597-9544,Solutions Architect,Technical Evaluator,2021-12-14T00:00:00
1206,551,Donna,Perez,donna.perez@initech.com,+1-635-609-3950,Director of Marketing,Economic Buyer,2023-06-22T00:00:00
1207,953,Matthew,Taylor,matthew.taylor@waystar.io,+1-614-663-9142,CFO,End User,2023-03-24T00:00:00
1208,393,Emily,Brown,emily.brown@waystar.io,+1-237-365-3276,CFO,Economic Buyer,2024-01-23T00:00:00
1209,52,James,Miller,james.miller@initech.com,+1-244-299-9542,Director of Marketing,Champion,2024-06-17T00:00:00
1210,734,Joseph,Jackson,joseph.jackson@globex.com,+1-702-198-7050,,Technical Evaluator,2024-12-12T00:00:00
1211,683,Nancy,Johnson,nancy.johnson@acme.com,+1-315-175-1104,Product Manager,Champion,2021-02-17T00:00:00
1212,976,Joseph,Ramirez,joseph.ramirez@waystar.io,+1-575-911-9030,COO,End User,2024-09-11T00:00:00
1213,709,Paul,White,paul.white@waystar.io,+1-998-896-5178,CTO,End User,2022-02-13T00:00:00
1214,400,Sarah,White,sarah.white@initech.com,+1-235-350-1656,VP of Infrastructure,End User,2024-10-18T00:00:00
1215,468,John,Robinson,john.robinson@waystar.io,+1-806-778-1052,CTO,End User,2024-02-29T00:00:00
1216,466,John,Lopez,john.lopez@piedpiper.com,+1-685-927-9892,Director of Operations,Economic Buyer,2024-11-23T00:00:00
1217,743,Anthony,Robinson,,+1-872-415-5052,Head of Data,Technical Evaluator,2024-11-22T00:00:00
1218,320,Betty,Jones,betty.jones@globex.com,+1-937-140-3157,Chief Revenue Officer,Technical Evaluator,2024-02-07T00:00:00
1219,934,David,Moore,david.moore@globex.com,+1-387-627-9272,Head of Data,Champion,2024-03-31T00:00:00
1220,74,Karen,Davis,karen.davis@globex.com,+1-486-737-2362,CFO,Blocker,2024-10-31T00:00:00
1221,119,Christopher,Sanchez,christopher.sanchez@acme.com,+1-997-304-8456,VP of Engineering,Technical Evaluator,2024-12-16T00:00:00
1222,699,Christopher,Martinez,christopher.martinez@waystar.io,+1-280-232-2882,VP of Product,End User,2024-11-09T00:00:00
1223,637,Daniel,White,daniel.white,+1-439-666-5728,Head of Data,Champion,2024-11-27T00:00:00
1224,393,Linda,Thompson,linda.thompson@piedpiper.com,+1-312-413-5025,Engineering Manager,Champion,2024-05-30T00:00:00
1225,957,Joshua,Harris,joshua.harris@umbrella.co,+1-958-331-2293,IT Manager,Coach,2024-05-27T00:00:00
1226,374,Elizabeth,Anderson,elizabeth.anderson@umbrella.co,+1-756-442-8667,Solutions Architect,Coach,2023-02-08T00:00:00
1227,907,Robert,Jackson,robert.jackson@acme.com,+1-402-113-5743,Director of IT,Technical Evaluator,2024-12-11T00:00:00
1228,706,Matthew,Miller,matthew.miller@umbrella.co,+1-253-753-5969,Head of Security,End User,2024-05-18T00:00:00
1229,391,Barbara,Rodriguez,barbara.rodriguez@initech.com,+1-332-658-7740,CEO,Blocker,2024-07-04T00:00:00
1230,301,Charles,Garcia,charles.garcia@initech.com,+1-391-764-9298,Data Engineer,Economic Buyer,2023-01-06T00:00:00
1231,873,Ashley,Clark,ashley.clark@initech.com,+1-492-541-2797,CTO,End User,2024-12-21T00:00:00
1232,752,Margaret,Moore,margaret.moore@acme.com,+1-369-943-1447,VP of Engineering,Champion,2024-12-05T00:00:00
1233,970,Jessica,Harris,jessica.harris@globex.com,,Director of IT,End User,2024-02-02T00:00:00
1234,362,Jessica,Williams,jessica.williams@piedpiper.com,+1-845-252-9611,COO,End User,2024-12-21T00:00:00
1235,21,Mary,Moore,mary.moore@waystar.io,+1-560-512-4209,Solutions Architect,Coach,2023-03-11T00:00:00
1236,396,Steven,Clark,steven.clark@waystar.io,+1-391-274-3932,VP of Sales,End User,2024-02-23T00:00:00
1237,713,William,Gonzalez,william.gonzalez@piedpiper.com,+1-663-724-1790,Engineering Manager,Economic Buyer,2022-02-14T00:00:00
1238,17,Andrew,Sanchez,andrew.sanchez@globex.com,+1-449-602-9990,DevOps Lead,Economic Buyer,2023-07-31T00:00:00
1239,983,Robert,Johnson,robert.johnson@waystar.io,+1-495-462-3766,Solutions Architect,Blocker,2023-06-09T00:00:00
1240,979,Donna,Thompson,donna.thompson@waystar.io,+1-542-480-5745,VP of Sales,Technical Evaluator,2024-10-27T00:00:00
1241,595,Linda,Sanchez,linda.sanchez@initech.com,+1-761-230-7088,CEO,Technical Evaluator,2022-11-26T00:00:00
1242,516,Nancy,White,nancy.white@initech.com,+1-977-436-4813,DevOps Lead,End User,2024-12-27T00:00:00
1243,381,Emily,Thomas,emily.thomas@piedpiper.com,+1-590-511-5704,Director of Operations,Economic Buyer,2024-10-16T00:00:00
1244,911,Daniel,Lewis,daniel.lewis@acme.com,,IT Manager,Champion,2024-11-22T00:00:00
1245,318,Barbara,Sanchez,barbara.sanchez@acme.com,+1-894-404-7564,CFO,Blocker,2024-09-04T00:00:00
1246,152,Anthony,Martinez,anthony.martinez@umbrella.co,+1-244-623-5709,Solutions Architect,Technical Evaluator,2024-12-30T00:00:00
1247,501,Sarah,Walker,sarah.walker@piedpiper.com,+1-436-201-1877,DevOps Lead,Technical Evaluator,2024-10-04T00:00:00
1248,702,Emily,Harris,emily.harris@umbrella.co,+1-535-964-5007,Engineering Manager,End User,2024-12-31T00:00:00
1249,576,Daniel,Anderson,daniel.anderson@piedpiper.com,+1-374-325-4836,Head of Security,Blocker,2023-11-26T00:00:00
1250,751,Thomas,Perez,thomas.perez@acme.com,+1-848-655-3762,Head of Data,Technical Evaluator,2024-08-06T00:00:00
1251,899,Mary,Thomas,mary.thomas@globex.com,+1-786-330-1911,CTO,Economic Buyer,2022-04-07T00:00:00
1252,550,Linda,Lopez,linda.lopez@initech.com,+1-277-174-4277,Head of Data,Technical Evaluator,2024-08-10T00:00:00
1253,779,David,Miller,david.miller@acme.com,+1-769-212-4321,Director of Marketing,Blocker,2024-11-18T00:00:00
1254,660,Mark,Jackson,mark.jackson@umbrella.co,+1-630-668-8516,Solutions Architect,End User,2023-12-08T00:00:00
1255,715,Christopher,Walker,christopher.walker@piedpiper.com,+1-742-724-9419,COO,Blocker,2024-04-23T00:00:00
1256,937,Linda,Brown,linda.brown,+1-270-776-4139,IT Manager,End User,2024-03-04T00:00:00
1257,56,Richard,Anderson,richard.anderson@piedpiper.com,,VP of Infrastructure,Coach,2022-12-10T00:00:00
1258,224,Paul,Thomas,paul.thomas@umbrella.co,+1-205-437-7946,Head of Security,Champion,2022-01-08T00:00:00
1259,819,Joshua,Thomas,joshua.thomas@acme.com,+1-974-891-6308,Head of Security,Economic Buyer,2024-05-05T00:00:00
1260,68,Jennifer,Smith,jennifer.smith@piedpiper.com,+1-833-656-7551,Product Manager,Economic Buyer,2022-11-20T00:00:00
1261,614,Jennifer,Walker,jennifer.walker@umbrella.co,+1-806-186-9335,VP of Infrastructure,Technical Evaluator,2022-10-28T00:00:00
1262,27,Kimberly,Martin,kimberly.martin@globex.com,+1-365-633-6208,VP of Product,Economic Buyer,2024-04-10T00:00:00
1263,674,Betty,Garcia,betty.garcia@waystar.io,+1-611-666-5772,Head of Data,Technical Evaluator,2022-11-25T00:00:00
1264,112,Patricia,Anderson,patricia.anderson@globex.com,+1-509-814-9490,Director of IT,Technical Evaluator,2024-06-24T00:00:00
1265,519,Matthew,Lopez,matthew.lopez@umbrella.co,+1-600-342-9557,COO,End User,2024-12-27T00:00:00
1266,713,Jennifer,Brown,jennifer.brown@globex.com,+1-720-450-5100,Head of Data,Blocker,2024-05-06T00:00:00
1267,658,Daniel,Davis,daniel.davis@umbrella.co,+1-319-261-6814,Engineering Manager,Blocker,2024-11-15T00:00:00
1268,819,Joseph,Johnson,joseph.johnson@acme.com,+1-701-519-8801,VP of Sales,Economic Buyer,2024-07-15T00:00:00
1269,708,Linda,Gonzalez,linda.gonzalez@piedpiper.com,+1-409-996-5999,Chief Revenue Officer,Champion,2022-10-23T00:00:00
1270,971,Emily,Rodriguez,emily.rodriguez@acme.com,+1-782-195-7163,Director of Marketing,Technical Evaluator,2024-09-02T00:00:00
1271,752,Sarah,Garcia,sarah.garcia@acme.com,+1-252-297-5612,Director of IT,Champion,2024-10-24T00:00:00
1272,580,Michelle,Lopez,michelle.lopez@globex.com,+1-775-690-8806,Data Engineer,Technical Evaluator,2024-04-29T00:00:00
1273,723,Barbara,Sanchez,barbara.sanchez@globex.com,+1-273-161-1025,VP of Sales,Technical Evaluator,2024-04-29T00:00:00
1274,227,Paul,Davis,paul.davis@globex.com,+1-231-322-6193,Engineering Manager,Coach,2022-09-11T00:00:00
1275,79,Emily,Jackson,emily.jackson@umbrella.co,+1-696-807-4712,Chief Revenue Officer,End User,2023-11-21T00:00:00
1276,148,Sandra,Jones,sandra.jones@waystar.io,+1-726-699-4217,Chief Revenue Officer,Coach,2023-12-13T00:00:00
1277,22,Margaret,Ramirez,margaret.ramirez@umbrella.co,+1-963-857-6642,VP of Sales,Technical Evaluator,2023-07-18T00:00:00
1278,36,Christopher,Lopez,christopher.lopez@waystar.io,+1-383-609-2766,Engineering Manager,Champion,2024-02-20T00:00:00
1279,28,Matthew,Perez,matthew.perez@initech.com,+1-597-931-7771,Director of IT,Champion,2023-06-01T00:00:00
1280,153,Nancy,Williams,nancy.williams@acme.com,+1-687-265-8966,DevOps Lead,Coach,2024-12-15T00:00:00
1281,34,Mark,Jackson,mark.jackson@acme.com,+1-402-485-8093,VP of Sales,Economic Buyer,2022-10-28T00:00:00
1282,406,Jennifer,Perez,,+1-374-749-6899,Product Manager,Economic Buyer,2024-06-27T00:00:00
1283,210,Sarah,White,sarah.white@waystar.io,+1-207-125-6155,VP of Sales,Blocker,2024-11-16T00:00:00
1284,76,Kimberly,Garcia,kimberly.garcia@globex.com,+1-877-540-3749,IT Manager,Champion,2024-09-21T00:00:00
1285,312,Margaret,Walker,margaret.walker@umbrella.co,+1-549-717-1021,Chief Revenue Officer,Economic Buyer,2024-06-23T00:00:00
1286,680,John,Hernandez,john.hernandez@piedpiper.com,+1-835-105-9953,VP of Sales,Champion,2024-02-11T00:00:00
1287,619,Jennifer,Thomas,jennifer.thomas@globex.com,+1-248-526-2436,CFO,Economic Buyer,2023-10-21T00:00:00
1288,83,James,Lewis,james.lewis@initech.com,+1-273-518-2442,VP of Sales,Champion,2024-10-17T00:00:00
1289,130,Emily,Taylor,emily.taylor@umbrella.co,,VP of Engineering,Champion,2024-03-01T00:00:00
1290,301,Lisa,Anderson,lisa.anderson@globex.com,+1-507-654-6495,Chief Revenue Officer,Champion,2023-03-06T00:00:00
1291,524,Mark,Harris,mark.harris,+1-592-727-9315,Head of Security,Champion,2023-07-23T00:00:00
1292,423,John,Anderson,john.anderson@umbrella.co,+1-640-355-5038,VP of Infrastructure,Champion,2024-02-12T00:00:00
1293,44,Paul,Jackson,paul.jackson@acme.com,+1-312-361-5155,IT Manager,Champion,2024-07-30T00:00:00
1294,60,Daniel,White,daniel.white@piedpiper.com,+1-693-617-6513,Chief Revenue Officer,Economic Buyer,2024-11-29T00:00:00
1295,45,Ashley,Walker,ashley.walker@piedpiper.com,+1-798-932-2542,CEO,Champion,2024-12-19T00:00:00
1296,462,Andrew,White,andrew.white@acme.com,+1-772-610-1795,Solutions Architect,Technical Evaluator,2024-10-22T00:00:00
1297,583,Betty,Martinez,betty.martinez@acme.com,+1-374-861-4972,VP of Product,Economic Buyer,2024-08-10T00:00:00
1298,226,Barbara,Clark,barbara.clark@acme.com,+1-778-972-5993,VP of Engineering,Champion,2021-10-27T00:00:00
1299,658,Daniel,Martin,daniel.martin@globex.com,+1-410-104-4228,DevOps Lead,Coach,2024-09-25T00:00:00
1300,375,Emily,Walker,emily.walker@initech.com,+1-231-947-1013,CFO,Blocker,2022-07-10T00:00:00
1301,689,Andrew,Clark,andrew.clark@globex.com,+1-780-558-7657,VP of Infrastructure,Blocker,2022-06-06T00:00:00
1302,280,Steven,Smith,steven.smith@acme.com,+1-680-841-1663,COO,Champion,2022-07-11T00:00:00
1303,344,Sandra,Perez,sandra.perez@acme.com,+1-705-306-5302,Solutions Architect,Technical Evaluator,2022-01-17T00:00:00
1304,271,Richard,Garcia,richard.garcia@acme.com,+1-662-978-4451,CFO,Champion,2022-09-02T00:00:00
1305,129,Donald,Brown,donald.brown@waystar.io,+1-255-766-4759,Data Engineer,Technical Evaluator,2023-12-10T00:00:00
1306,329,Betty,White,betty.white,+1-531-561-1482,CFO,Technical Evaluator,2024-10-07T00:00:00
1307,98,Margaret,Johnson,margaret.johnson@initech.com,+1-793-621-7587,Data Engineer,End User,2023-10-18T00:00:00
1308,808,Sandra,Sanchez,sandra.sanchez@piedpiper.com,+1-346-962-7079,COO,Economic Buyer,2023-05-27T00:00:00
1309,122,Thomas,White,thomas.white@globex.com,+1-882-782-9053,Head of Data,Economic Buyer,2024-02-23T00:00:00
1310,888,Matthew,Harris,matthew.harris@acme.com,+1-551-376-3151,VP of Infrastructure,Technical Evaluator,2022-06-18T00:00:00
1311,815,Mary,Walker,mary.walker@globex.com,+1-425-749-7932,VP of Engineering,Economic Buyer,2024-09-03T00:00:00
1312,293,Charles,Thomas,,+1-513-703-4981,VP of Product,Champion,2024-12-15T00:00:00
1313,334,Joseph,Sanchez,joseph.sanchez@globex.com,+1-960-393-2201,CTO,Coach,2024-12-08T00:00:00
1314,23,Kimberly,Gonzalez,kimberly.gonzalez@acme.com,+1-665-339-8841,VP of Engineering,Technical Evaluator,2021-07-25T00:00:00
1315,393,Thomas,Thompson,thomas.thompson@initech.com,+1-670-849-6344,Engineering Manager,Champion,2024-03-12T00:00:00
1316,598,Betty,Walker,betty.walker@initech.com,+1-567-924-1570,CEO,Champion,2024-04-16T00:00:00
1317,373,Lisa,Williams,lisa.williams@piedpiper.com,,DevOps Lead,Blocker,2024-11-01T00:00:00
1318,936,William,Martinez,william.martinez@initech.com,+1-513-537-1566,Solutions Architect,Technical Evaluator,2023-11-18T00:00:00
1319,669,Paul,Lopez,paul.lopez@initech.com,+1-439-610-7452,Director of Marketing,Technical Evaluator,2022-03-07T00:00:00
1320,211,Nancy,Thomas,nancy.thomas@globex.com,+1-511-654-2565,CTO,Coach,2024-10-18T00:00:00
1321,546,Ashley,Jackson,ashley.jackson@piedpiper.com,+1-625-903-8630,IT Manager,Champion,2022-08-09T00:00:00
1322,268,Charles,Martin,charles.martin@globex.com,+1-652-412-9450,CTO,End User,2023-09-09T00:00:00
1323,672,Sandra,Martinez,sandra.martinez@initech.com,+1-501-333-7959,CTO,Coach,2024-07-30T00:00:00
1324,122,Lisa,Rodriguez,,,Head of Security,Technical Evaluator,2024-06-22T00:00:00
1325,886,John,Thompson,john.thompson@piedpiper.com,+1-573-929-8131,Product Manager,Economic Buyer,2021-02-12T00:00:00
1326,891,Thomas,Martin,thomas.martin@acme.com,+1-865-202-3254,Director of Operations,Technical Evaluator,2022-08-02T00:00:00
1327,325,Joseph,Johnson,joseph.johnson@initech.com,+1-571-400-1116,Data Engineer,Technical Evaluator,2024-10-10T00:00:00
1328,317,Andrew,Jones,andrew.jones@piedpiper.com,+1-293-197-9890,VP of Engineering,Blocker,2024-03-30T00:00:00
1329,968,Michelle,Sanchez,michelle.sanchez@acme.com,+1-455-251-5680,COO,Champion,2024-09-04T00:00:00
1330,28,Karen,Moore,karen.moore@initech.com,+1-410-202-7124,Head of Security,Champion,2021-09-16T00:00:00
1331,674,Thomas,Rodriguez,thomas.rodriguez@piedpiper.com,+1-624-238-9024,Chief Revenue Officer,Coach,2023-02-19T00:00:00
1332,492,John,Williams,john.williams@initech.com,+1-673-471-4720,DevOps Lead,Technical Evaluator,2022-02-22T00:00:00
1333,773,William,Jones,william.jones@piedpiper.com,+1-719-507-1062,DevOps Lead,Coach,2024-12-24T00:00:00
1334,51,Emily,Sanchez,emily.sanchez@piedpiper.com,+1-622-422-8948,Product Manager,End User,2024-11-29T00:00:00
1335,203,Anthony,Davis,anthony.davis@piedpiper.com,+1-798-739-1182,VP of Engineering,Technical Evaluator,2024-08-16T00:00:00
1336,503,Betty,Robinson,betty.robinson@umbrella.co,+1-873-583-5536,VP of Engineering,End User,2021-09-14T00:00:00
1337,771,Michael,Anderson,michael.anderson@piedpiper.com,+1-348-947-1798,Director of IT,Economic Buyer,2024-05-21T00:00:00
1338,955,Donna,Martinez,donna.martinez@waystar.io,,,Coach,2023-04-10T00:00:00
1339,992,Patricia,Rodriguez,patricia.rodriguez,+1-929-302-3493,Data Engineer,Champion,2022-09-24T00:00:00
1340,558,James,Anderson,james.anderson@piedpiper.com,+1-798-439-8044,Director of Marketing,Champion,2021-05-19T00:00:00
1341,540,Steven,Garcia,steven.garcia@initech.com,+1-718-628-6669,Data Engineer,Champion,2024-02-22T00:00:00
1342,107,Anthony,Harris,anthony.harris@initech.com,+1-368-578-5200,CEO,Champion,2024-06-02T00:00:00
1343,129,Barbara,Gonzalez,barbara.gonzalez@globex.com,+1-910-416-8543,VP of Engineering,Champion,2022-08-17T00:00:00
1344,698,Robert,Robinson,robert.robinson@globex.com,+1-912-998-1019,Head of Data,Champion,2024-06-15T00:00:00
1345,330,Barbara,Clark,barbara.clark@initech.com,+1-747-437-2658,VP of Product,Economic Buyer,2023-12-28T00:00:00
1346,651,Matthew,Wilson,matthew.wilson@waystar.io,+1-389-522-8898,VP of Infrastructure,Technical Evaluator,2021-07-08T00:00:00
1347,29,Sarah,Ramirez,sarah.ramirez@piedpiper.com,+1-319-994-6044,Head of Data,Technical Evaluator,2024-01-01T00:00:00
1348,571,Barbara,Garcia,,+1-722-938-5917,CEO,Technical Evaluator,2023-05-29T00:00:00
1349,615,Charles,Rodriguez,charles.rodriguez@waystar.io,+1-662-500-8251,Chief Revenue Officer,Economic Buyer,2021-04-01T00:00:00
1350,717,Richard,Taylor,richard.taylor@globex.com,,VP of Product,Technical Evaluator,2023-05-09T00:00:00
1351,14,Linda,Martinez,linda.martinez@waystar.io,+1-491-861-3576,Director of Operations,Champion,2024-08-28T00:00:00
1352,731,Jennifer,Anderson,jennifer.anderson@waystar.io,+1-322-121-4903,VP of Infrastructure,Champion,2024-01-04T00:00:00
1353,706,Michelle,Garcia,,+1-323-252-7721,Head of Security,Champion,2023-07-26T00:00:00
1354,626,Karen,Johnson,karen.johnson@acme.com,+1-683-843-6880,CFO,End User,2023-11-22T00:00:00
1355,938,Elizabeth,Harris,elizabeth.harris@acme.com,+1-687-342-7094,IT Manager,Economic Buyer,2024-12-25T00:00:00
1356,572,Sandra,Smith,sandra.smith@umbrella.co,+1-423-642-2520,Chief Revenue Officer,Champion,2023-04-25T00:00:00
1357,520,Daniel,Sanchez,,+1-420-814-3814,Engineering Manager,Champion,2024-12-20T00:00:00
1358,355,Barbara,Smith,barbara.smith@waystar.io,+1-776-157-2101,CFO,Economic Buyer,2023-12-16T00:00:00
1359,126,Karen,Jackson,karen.jackson@acme.com,+1-848-730-7215,Director of Operations,Champion,2024-06-19T00:00:00
1360,924,Andrew,Anderson,andrew.anderson@waystar.io,+1-763-849-1904,CTO,Champion,2024-03-24T00:00:00
1361,215,Jessica,Garcia,jessica.garcia@globex.com,+1-654-690-2659,Head of Security,Economic Buyer,2023-06-07T00:00:00
1362,316,Michael,Gonzalez,michael.gonzalez@piedpiper.com,+1-997-169-9967,Director of Marketing,Champion,2023-09-20T00:00:00
1363,322,Kimberly,Clark,kimberly.clark@umbrella.co,+1-800-706-9589,IT Manager,Champion,2023-11-01T00:00:00
1364,147,Jennifer,Smith,jennifer.smith@piedpiper.com,+1-577-396-8646,Data Engineer,Champion,2023-08-18T00:00:00
1365,511,Barbara,Moore,barbara.moore@piedpiper.com,+1-848-365-1187,Director of Marketing,Champion,2024-11-10T00:00:00
1366,407,James,White,james.white@acme.com,,COO,Technical Evaluator,2024-11-15T00:00:00
1367,673,Nancy,Walker,nancy.walker@waystar.io,+1-274-641-9213,VP of Infrastructure,Champion,2024-09-24T00:00:00
1368,996,Barbara,Robinson,barbara.robinson@acme.com,+1-253-676-8246,Director of Marketing,Coach,2024-10-26T00:00:00
1369,150,William,Rodriguez,william.rodriguez@initech.com,+1-606-979-2483,Head of Data,Economic Buyer,2024-11-05T00:00:00
1370,290,Matthew,Walker,matthew.walker@waystar.io,+1-976-478-8305,Head of Data,Economic Buyer,2023-07-11T00:00:00
1371,533,Paul,Anderson,paul.anderson@acme.com,+1-894-170-9344,Data Engineer,Economic Buyer,2021-07-14T00:00:00
1372,234,Ashley,Thomas,ashley.thomas@acme.com,+1-842-351-5680,Head of Security,End User,2024-10-14T00:00:00
1373,46,Sandra,Smith,sandra.smith@globex.com,+1-443-720-2626,Director of Marketing,Economic Buyer,2023-07-24T00:00:00
1374,215,Jennifer,Martin,jennifer.martin@globex.com,+1-503-756-6389,VP of Engineering,End User,2024-02-15T00:00:00
1375,483,Barbara,Sanchez,barbara.sanchez@umbrella.co,+1-950-234-4515,Director of IT,Economic Buyer,2023-03-20T00:00:00
1376,876,Robert,Brown,robert.brown@acme.com,+1-582-988-7739,VP of Product,End User,2024-12-27T00:00:00
1377,292,Sandra,Garcia,sandra.garcia@initech.com,+1-757-609-6480,VP of Engineering,End User,2022-01-19T00:00:00
1378,163,Richard,Anderson,richard.anderson@globex.com,+1-368-777-2510,IT Manager,Blocker,2023-07-13T00:00:00
1379,860,Jessica,Sanchez,jessica.sanchez@piedpiper.com,+1-380-479-5724,Head of Security,Champion,2024-12-30T00:00:00
1380,496,Robert,Jones,robert.jones@initech.com,+1-982-753-3960,Head of Data,Coach,2021-08-25T00:00:00
1381,180,Betty,Ramirez,betty.ramirez@acme.com,+1-864-176-4153,Data Engineer,End User,2024-09-30T00:00:00
1382,228,David,Lewis,david.lewis@globex.com,+1-520-734-4880,COO,Technical Evaluator,2023-05-12T00:00:00
1383,640,Daniel,Miller,daniel.miller@initech.com,+1-559-859-6257,Head of Security,Coach,2022-11-07T00:00:00
1384,383,Emily,Brown,emily.brown@initech.com,,COO,Blocker,2024-02-21T00:00:00
1385,324,Charles,Ramirez,charles.ramirez@umbrella.co,+1-266-735-5010,Head of Data,Champion,2024-06-22T00:00:00
1386,463,Sarah,Johnson,sarah.johnson@piedpiper.com,+1-883-299-2454,VP of Infrastructure,Economic Buyer,2022-05-10T00:00:00
1387,924,Matthew,Lewis,matthew.lewis@piedpiper.com,+1-454-529-2031,Head of Data,Champion,2024-10-06T00:00:00
1388,696,Nancy,Gonzalez,nancy.gonzalez@globex.com,+1-693-498-1080,CFO,Economic Buyer,2024-11-15T00:00:00
1389,917,Sarah,Thomas,sarah.thomas@waystar.io,+1-881-222-4697,VP of Sales,Technical Evaluator,2024-11-26T00:00:00
1390,932,Kimberly,Lewis,kimberly.lewis@acme.com,+1-587-711-2360,CTO,Champion,2023-09-18T00:00:00
1391,933,Jessica,Johnson,jessica.johnson@globex.com,+1-757-920-4239,Head of Data,End User,2023-05-02T00:00:00
1392,357,Nancy,Robinson,nancy.robinson@waystar.io,+1-690-553-9119,Head of Security,Technical Evaluator,2021-12-10T00:00:00
1393,260,Kimberly,Rodriguez,kimberly.rodriguez@acme.com,+1-517-794-1106,VP of Product,Blocker,2023-04-14T00:00:00
1394,277,Sandra,Robinson,sandra.robinson@waystar.io,,Product Manager,Champion,2024-05-12T00:00:00
1395,139,Barbara,Wilson,barbara.wilson@acme.com,+1-548-198-6637,VP of Engineering,Technical Evaluator,2023-12-25T00:00:00
1396,524,John,Sanchez,john.sanchez@piedpiper.com,+1-848-153-6325,CEO,Technical Evaluator,2024-05-31T00:00:00
1397,576,Elizabeth,Lopez,elizabeth.lopez@initech.com,+1-875-572-1105,Chief Revenue Officer,Coach,2024-05-08T00:00:00
1398,924,Jennifer,Lee,jennifer.lee@acme.com,+1-652-703-1095,VP of Engineering,Blocker,2024-03-22T00:00:00
1399,825,Susan,Thompson,susan.thompson@acme.com,+1-882-670-7101,CFO,End User,2021-07-19T00:00:00
1400,456,Thomas,Robinson,thomas.robinson,+1-970-145-6199,VP of Infrastructure,Coach,2024-12-21T00:00:00
1401,130,Paul,Miller,,+1-744-554-8373,Product Manager,Coach,2023-05-27T00:00:00
1402,350,John,Lopez,john.lopez@piedpiper.com,+1-692-335-1444,Data Engineer,Coach,2024-11-28T00:00:00
1403,335,Charles,Ramirez,charles.ramirez@piedpiper.com,+1-915-976-3904,CEO,Coach,2024-09-20T00:00:00
1404,10,Thomas,Gonzalez,thomas.gonzalez@waystar.io,+1-576-387-3754,Data Engineer,Coach,2023-12-22T00:00:00
1405,869,Donald,Gonzalez,donald.gonzalez@umbrella.co,+1-725-454-9848,Director of IT,Technical Evaluator,2023-12-09T00:00:00
1406,322,Joshua,Harris,joshua.harris@waystar.io,+1-806-578-3016,VP of Engineering,Economic Buyer,2023-08-02T00:00:00
1407,233,Thomas,Lewis,thomas.lewis,,DevOps Lead,Economic Buyer,2024-06-26T00:00:00
1408,736,William,Robinson,,+1-591-998-7494,DevOps Lead,Champion,2024-12-04T00:00:00
1409,96,Barbara,Lopez,barbara.lopez@waystar.io,+1-863-242-3894,Head of Data,Coach,2024-04-10T00:00:00
1410,361,Donald,Perez,donald.perez@umbrella.co,+1-786-460-4833,Director of Marketing,Economic Buyer,2023-10-20T00:00:00
1411,117,Joseph,Miller,joseph.miller@initech.com,+1-621-321-1809,DevOps Lead,Economic Buyer,2023-11-05T00:00:00
1412,717,Robert,Jones,robert.jones@initech.com,+1-526-635-1205,Director of Marketing,Champion,2024-03-06T00:00:00
1413,847,Betty,Smith,betty.smith@globex.com,+1-231-612-9748,COO,End User,2023-05-12T00:00:00
1414,76,Mary,Garcia,mary.garcia@waystar.io,+1-294-710-1003,CTO,Technical Evaluator,2024-11-27T00:00:00
1415,401,Mary,Brown,mary.brown@initech.com,+1-853-857-8149,CTO,Champion,2024-09-07T00:00:00
1416,871,Elizabeth,Thomas,elizabeth.thomas@globex.com,,CEO,Coach,2024-05-24T00:00:00
1417,909,Nancy,Clark,nancy.clark@initech.com,+1-805-708-4048,Data Engineer,Technical Evaluator,2024-08-02T00:00:00
1418,214,James,Anderson,james.anderson@waystar.io,+1-717-229-1191,CEO,Economic Buyer,2020-12-19T00:00:00
1419,769,Richard,Rodriguez,richard.rodriguez@initech.com,+1-542-290-8758,Data Engineer,Coach,2024-02-02T00:00:00
1420,435,Betty,Miller,betty.miller@piedpiper.com,,Director of IT,Economic Buyer,2024-03-31T00:00:00
1421,343,Anthony,Harris,anthony.harris@globex.com,+1-624-417-7164,Director of Marketing,Technical Evaluator,2024-08-09T00:00:00
1422,646,Emily,Martin,emily.martin@initech.com,+1-426-770-8971,Data Engineer,Champion,2024-10-15T00:00:00
1423,285,Joseph,Robinson,joseph.robinson@acme.com,+1-418-350-4882,COO,Coach,2022-06-19T00:00:00
1424,503,Nancy,Williams,nancy.williams@umbrella.co,+1-662-897-4758,IT Manager,End User,2023-10-31T00:00:00
1425,95,Nancy,Gonzalez,nancy.gonzalez@waystar.io,+1-993-789-7319,VP of Engineering,End User,2024-07-18T00:00:00
1426,326,Joseph,Ramirez,joseph.ramirez@acme.com,+1-746-208-9055,Engineering Manager,Blocker,2022-05-09T00:00:00
1427,965,Anthony,Walker,anthony.walker@globex.com,+1-700-428-8959,Head of Security,Technical Evaluator,2023-12-07T00:00:00
1428,359,Mary,Taylor,mary.taylor@piedpiper.com,+1-241-845-2485,Chief Revenue Officer,Technical Evaluator,2023-09-03T00:00:00
1429,166,John,Sanchez,john.sanchez@umbrella.co,,VP of Sales,Blocker,2021-11-05T00:00:00
1430,260,Matthew,Lewis,matthew.lewis@waystar.io,+1-745-218-2647,CFO,Economic Buyer,2023-11-27T00:00:00
1431,827,Sarah,Garcia,sarah.garcia@acme.com,+1-584-450-2340,Engineering Manager,Blocker,2022-02-24T00:00:00
1432,905,Mary,Robinson,mary.robinson@initech.com,+1-886-826-7357,Chief Revenue Officer,Technical Evaluator,2021-11-04T00:00:00
1433,829,David,Davis,david.davis@umbrella.co,+1-336-643-2848,Product Manager,Champion,2024-12-26T00:00:00
1434,412,Donna,Johnson,donna.johnson@globex.com,,Data Engineer,Blocker,2024-09-14T00:00:00
1435,469,Paul,Martinez,paul.martinez@umbrella.co,+1-275-347-3825,Data Engineer,Technical Evaluator,2024-11-03T00:00:00
1436,374,Donald,Smith,donald.smith@piedpiper.com,+1-491-714-3905,VP of Product,Technical Evaluator,2024-03-22T00:00:00
1437,806,Jennifer,Sanchez,jennifer.sanchez@piedpiper.com,,Head of Data,Economic Buyer,2024-05-10T00:00:00
1438,783,Christopher,Thomas,christopher.thomas@initech.com,+1-670-312-8210,IT Manager,Technical Evaluator,2024-11-11T00:00:00
1439,206,Susan,Martinez,susan.martinez@initech.com,+1-643-634-8681,Engineering Manager,Technical Evaluator,2023-09-10T00:00:00
1440,992,David,Sanchez,david.sanchez@piedpiper.com,+1-617-603-8151,VP of Engineering,Blocker,2024-11-25T00:00:00
1441,770,Karen,Rodriguez,karen.rodriguez@waystar.io,+1-838-613-3129,Product Manager,Blocker,2024-10-05T00:00:00
1442,307,Daniel,Garcia,daniel.garcia@initech.com,+1-886-744-9497,VP of Product,Coach,2023-05-21T00:00:00
1443,283,David,Clark,david.clark@piedpiper.com,+1-422-993-3295,Data Engineer,Champion,2021-03-05T00:00:00
1444,997,Steven,Wilson,steven.wilson@acme.com,+1-429-320-1538,Director of Operations,End User,2024-09-29T00:00:00
1445,673,Daniel,Clark,daniel.clark@initech.com,+1-495-414-2981,CFO,Champion,2024-08-23T00:00:00
1446,444,Patricia,Lewis,patricia.lewis@umbrella.co,+1-579-194-3909,Solutions Architect,Champion,2023-12-04T00:00:00
1447,132,Karen,Lee,karen.lee@globex.com,+1-695-655-2387,Chief Revenue Officer,Champion,2023-06-20T00:00:00
1448,615,Joshua,Rodriguez,joshua.rodriguez@umbrella.co,+1-820-523-8332,Head of Security,End User,2023-08-31T00:00:00
1449,752,John,Sanchez,john.sanchez@globex.com,+1-861-553-3878,VP of Engineering,End User,2024-12-11T00:00:00
1450,408,Ashley,Sanchez,ashley.sanchez@piedpiper.com,+1-408-919-7725,Data Engineer,Champion,2024-12-22T00:00:00
1451,53,David,Davis,david.davis@initech.com,+1-874-921-1221,VP of Sales,Technical Evaluator,2023-05-08T00:00:00
1452,734,Sarah,Williams,sarah.williams@acme.com,+1-387-842-3060,Director of Operations,Technical Evaluator,2024-12-03T00:00:00
1453,127,Robert,Smith,robert.smith@acme.com,+1-500-188-6767,VP of Engineering,End User,2024-10-11T00:00:00
1454,311,Mark,Walker,mark.walker@waystar.io,+1-481-971-6279,VP of Infrastructure,Blocker,2024-10-22T00:00:00
1455,666,Karen,Walker,karen.walker@waystar.io,+1-612-144-8063,Director of IT,Economic Buyer,2023-06-03T00:00:00
1456,393,Christopher,Thomas,christopher.thomas@piedpiper.com,+1-362-286-6772,Head of Data,Technical Evaluator,2021-03-04T00:00:00
1457,393,John,Taylor,john.taylor@umbrella.co,+1-293-831-4472,Head of Data,Technical Evaluator,2024-07-12T00:00:00
1458,865,Betty,Anderson,betty.anderson@globex.com,+1-866-952-6626,Engineering Manager,Technical Evaluator,2024-10-16T00:00:00
1459,518,Joshua,Wilson,joshua.wilson@piedpiper.com,+1-819-918-7364,VP of Product,Technical Evaluator,2024-10-17T00:00:00
1460,285,Mary,Ramirez,mary.ramirez@waystar.io,+1-254-781-4616,Head of Data,Coach,2021-05-15T00:00:00
1461,612,Thomas,Davis,thomas.davis@acme.com,+1-358-803-9610,Head of Security,Economic Buyer,2024-05-10T00:00:00
1462,803,Michelle,Davis,michelle.davis@acme.com,+1-552-667-3373,IT Manager,Coach,2024-12-06T00:00:00
1463,220,Elizabeth,Walker,elizabeth.walker@globex.com,,DevOps Lead,Champion,2023-02-21T00:00:00
1464,193,John,Wilson,,+1-653-556-4642,Data Engineer,Coach,2024-10-02T00:00:00
1465,145,Anthony,Anderson,anthony.anderson@piedpiper.com,+1-567-851-1455,,Blocker,2024-09-05T00:00:00
1466,389,Karen,Perez,karen.perez@initech.com,,Director of IT,Champion,2024-04-30T00:00:00
1467,575,Patricia,Clark,patricia.clark@piedpiper.com,,VP of Product,Champion,2024-02-04T00:00:00
1468,709,Barbara,Taylor,barbara.taylor@umbrella.co,+1-600-804-2498,Engineering Manager,Blocker,2023-09-12T00:00:00
1469,860,Jennifer,Wilson,jennifer.wilson@piedpiper.com,+1-579-884-6054,Data Engineer,Champion,2024-12-16T00:00:00
1470,691,Joseph,Lewis,joseph.lewis@waystar.io,+1-509-519-7543,IT Manager,Champion,2024-12-13T00:00:00
1471,48,Margaret,Hernandez,margaret.hernandez@acme.com,+1-664-602-5027,CFO,Economic Buyer,2024-09-07T00:00:00
1472,750,Mary,Anderson,mary.anderson,+1-933-131-7028,Head of Security,Economic Buyer,2024-12-14T00:00:00
1473,890,Joshua,Davis,joshua.davis@globex.com,,Data Engineer,Champion,2023-09-26T00:00:00
1474,77,David,Wilson,david.wilson@globex.com,+1-718-949-4293,,Coach,2021-02-08T00:00:00
1475,339,William,Jones,william.jones@umbrella.co,+1-703-293-9546,CTO,End User,2024-11-16T00:00:00
1476,622,Richard,Harris,richard.harris@piedpiper.com,+1-672-189-3304,,Technical Evaluator,2024-12-29T00:00:00
1477,902,Jennifer,Hernandez,jennifer.hernandez@umbrella.co,+1-911-148-6969,CFO,Coach,2024-04-14T00:00:00
1478,635,Michael,Perez,michael.perez@waystar.io,+1-562-361-1788,CFO,Economic Buyer,2024-08-16T00:00:00
1479,796,Steven,Lopez,steven.lopez@waystar.io,+1-587-629-6736,CTO,Economic Buyer,2024-08-21T00:00:00
1480,375,Elizabeth,Thompson,elizabeth.thompson@umbrella.co,+1-650-700-6872,CFO,Blocker,2024-03-27T00:00:00
1481,561,Andrew,Jackson,andrew.jackson@piedpiper.com,+1-799-921-3899,Product Manager,Technical Evaluator,2024-08-30T00:00:00
1482,699,Daniel,Jones,daniel.jones@umbrella.co,+1-690-309-3681,Solutions Architect,End User,2024-12-04T00:00:00
1483,262,Jennifer,Taylor,jennifer.taylor@waystar.io,+1-820-526-8698,DevOps Lead,Champion,2021-12-01T00:00:00
1484,585,Steven,Miller,steven.miller@piedpiper.com,+1-512-245-7991,DevOps Lead,End User,2024-10-20T00:00:00
1485,374,Michael,Lewis,michael.lewis@initech.com,+1-635-109-6326,VP of Sales,Coach,2024-12-28T00:00:00
1486,116,Richard,Lee,richard.lee@globex.com,+1-564-333-1150,Engineering Manager,Champion,2022-10-19T00:00:00
1487,908,Betty,Rodriguez,betty.rodriguez@waystar.io,+1-989-852-9071,CTO,Champion,2024-07-11T00:00:00
1488,441,Andrew,Williams,andrew.williams@piedpiper.com,+1-990-364-4663,VP of Engineering,Technical Evaluator,2024-11-10T00:00:00
1489,113,Lisa,White,lisa.white@waystar.io,+1-983-111-7712,CEO,Technical Evaluator,2024-11-02T00:00:00
1490,86,Michelle,Davis,michelle.davis@waystar.io,+1-258-848-2089,Head of Security,Technical Evaluator,2024-10-20T00:00:00
1491,710,Joshua,Clark,joshua.clark@waystar.io,+1-490-577-8631,Solutions Architect,Technical Evaluator,2024-11-29T00:00:00
1492,178,Anthony,Johnson,anthony.johnson@globex.com,+1-570-394-9873,DevOps Lead,End User,2024-12-28T00:00:00
1493,28,Anthony,Thompson,anthony.thompson@waystar.io,,Director of Marketing,Coach,2024-11-11T00:00:00
1494,794,Sarah,Perez,sarah.perez@globex.com,+1-907-558-5734,Director of Marketing,Blocker,2023-06-28T00:00:00
1495,62,John,Clark,john.clark@umbrella.co,+1-329-585-8275,CTO,Technical Evaluator,2024-05-05T00:00:00
1496,647,Jennifer,Sanchez,jennifer.sanchez@acme.com,+1-591-854-3667,VP of Sales,Champion,2021-12-10T00:00:00
1497,824,Karen,Clark,karen.clark@acme.com,,VP of Sales,End User,2024-10-09T00:00:00
1498,371,Jessica,Davis,jessica.davis@umbrella.co,+1-818-133-5473,CEO,Economic Buyer,2024-04-16T00:00:00
1499,318,Anthony,Sanchez,anthony.sanchez@initech.com,+1-757-957-5143,VP of Infrastructure,Coach,2023-01-30T00:00:00
1500,384,Anthony,Jones,anthony.jones@globex.com,+1-329-735-1930,VP of Sales,Coach,2024-11-29T00:00:00
1501,988,Jessica,Thomas,jessica.thomas@acme.com,+1-724-397-6556,Data Engineer,Technical Evaluator,2024-06-16T00:00:00
1502,772,Donald,Williams,donald.williams,+1-601-609-9913,Data Engineer,Economic Buyer,2023-03-21T00:00:00
1503,505,Lisa,Lewis,lisa.lewis@umbrella.co,+1-236-317-8856,Director of Marketing,Champion,2024-07-31T00:00:00
1504,966,Anthony,Hernandez,anthony.hernandez@waystar.io,+1-963-970-1204,CTO,Champion,2024-04-25T00:00:00
1505,618,Mary,Taylor,mary.taylor@initech.com,+1-989-938-9628,Data Engineer,Champion,2022-03-30T00:00:00
1506,606,Susan,Perez,,+1-508-804-9107,CEO,Blocker,2024-11-19T00:00:00
1507,966,Margaret,Hernandez,margaret.hernandez@globex.com,+1-885-848-4546,VP of Infrastructure,Champion,2023-09-18T00:00:00
1508,506,Elizabeth,Anderson,elizabeth.anderson@waystar.io,+1-658-862-7064,Product Manager,Champion,2024-12-10T00:00:00
1509,41,Matthew,Garcia,matthew.garcia@initech.com,+1-363-684-1842,Data Engineer,Economic Buyer,2024-08-31T00:00:00
1510,244,Ashley,Rodriguez,ashley.rodriguez@globex.com,+1-310-719-2355,VP of Sales,Technical Evaluator,2022-08-23T00:00:00
1511,170,Lisa,Thomas,lisa.thomas@umbrella.co,+1-436-774-9944,CEO,Coach,2024-07-28T00:00:00
1512,45,Lisa,Rodriguez,lisa.rodriguez@globex.com,+1-395-127-4893,Product Manager,End User,2024-07-13T00:00:00
1513,799,Kimberly,Lee,kimberly.lee@acme.com,+1-785-750-7593,Head of Data,Champion,2023-05-22T00:00:00
1514,120,Emily,Miller,emily.miller@acme.com,+1-786-539-7327,IT Manager,Economic Buyer,2024-09-07T00:00:00
1515,482,Thomas,Moore,thomas.moore@globex.com,+1-212-136-6663,Head of Data,Champion,2024-10-16T00:00:00
1516,533,Sandra,Gonzalez,sandra.gonzalez@globex.com,+1-811-129-4682,DevOps Lead,End User,2022-06-18T00:00:00
1517,985,Steven,Smith,steven.smith@piedpiper.com,+1-854-685-9528,,Champion,2023-03-18T00:00:00
1518,413,Matthew,Sanchez,matthew.sanchez@piedpiper.com,+1-615-779-6165,VP of Infrastructure,Economic Buyer,2024-09-22T00:00:00
1519,814,John,Martinez,john.martinez@piedpiper.com,+1-455-168-8523,IT Manager,Economic Buyer,2022-08-24T00:00:00
1520,666,Barbara,Williams,barbara.williams@acme.com,,CFO,Coach,2022-09-20T00:00:00
1521,456,William,Gonzalez,william.gonzalez@umbrella.co,+1-370-787-1003,CEO,Coach,2024-12-23T00:00:00
1522,321,William,Rodriguez,william.rodriguez@piedpiper.com,+1-592-884-6259,CTO,Coach,2024-05-23T00:00:00
1523,781,Karen,Williams,karen.williams@acme.com,+1-702-932-9548,Data Engineer,Champion,2023-11-17T00:00:00
1524,405,Betty,Jones,betty.jones@umbrella.co,+1-208-362-7534,,End User,2024-12-18T00:00:00
1525,899,Linda,Robinson,linda.robinson@piedpiper.com,+1-967-618-8696,COO,Economic Buyer,2021-03-01T00:00:00
1526,67,Andrew,Miller,andrew.miller@initech.com,+1-864-676-6259,CTO,Economic Buyer,2023-05-16T00:00:00
1527,613,Matthew,White,matthew.white@globex.com,+1-293-684-4562,VP of Product,Technical Evaluator,2024-12-19T00:00:00
1528,394,Susan,Rodriguez,susan.rodriguez@initech.com,+1-827-399-6796,CTO,Technical Evaluator,2023-01-26T00:00:00
1529,550,Joseph,Lee,joseph.lee@piedpiper.com,+1-791-627-7058,VP of Product,Champion,2024-10-27T00:00:00
1530,545,Patricia,Rodriguez,patricia.rodriguez,+1-744-636-7039,CTO,Champion,2023-01-11T00:00:00
1531,913,Daniel,Jackson,daniel.jackson@acme.com,+1-923-713-6736,Head of Security,Coach,2022-06-03T00:00:00
1532,296,Michael,Lee,michael.lee@acme.com,+1-354-206-6475,VP of Sales,Champion,2024-02-06T00:00:00
1533,515,Betty,Lewis,betty.lewis@piedpiper.com,+1-786-402-3722,Director of Operations,Economic Buyer,2023-05-05T00:00:00
1534,400,Linda,Harris,linda.harris@acme.com,+1-900-877-3983,Director of Operations,Technical Evaluator,2024-07-21T00:00:00
1535,743,Andrew,Rodriguez,andrew.rodriguez@globex.com,+1-555-853-9603,CEO,Coach,2024-11-03T00:00:00
1536,810,David,Davis,david.davis@piedpiper.com,+1-781-276-1758,,Economic Buyer,2024-02-15T00:00:00
1537,618,Margaret,Anderson,,+1-328-349-4208,Chief Revenue Officer,Coach,2024-07-19T00:00:00
1538,844,Christopher,Smith,christopher.smith@umbrella.co,+1-957-365-8373,Director of Marketing,Technical Evaluator,2024-10-06T00:00:00
1539,943,William,Hernandez,william.hernandez@waystar.io,,COO,Champion,2024-07-17T00:00:00
1540,653,Anthony,Lewis,anthony.lewis@globex.com,+1-776-890-7413,IT Manager,Economic Buyer,2023-01-17T00:00:00
1541,232,Kimberly,Lee,kimberly.lee@waystar.io,+1-633-242-7968,CTO,End User,2024-12-12T00:00:00
1542,218,Anthony,Lopez,anthony.lopez,+1-598-596-9150,Director of IT,Champion,2024-06-14T00:00:00
1543,142,Andrew,Moore,andrew.moore@umbrella.co,+1-971-370-8276,Head of Data,Coach,2022-02-10T00:00:00
1544,859,David,Lewis,david.lewis@acme.com,+1-882-525-1363,CTO,Champion,2024-09-08T00:00:00
1545,785,John,Jackson,john.jackson@piedpiper.com,+1-903-780-4774,Head of Data,Champion,2022-06-01T00:00:00
1546,397,Karen,Garcia,,+1-489-274-2279,Head of Data,Technical Evaluator,2021-11-08T00:00:00
1547,830,James,Johnson,james.johnson@umbrella.co,+1-563-189-7437,,Champion,2023-12-15T00:00:00
1548,627,Andrew,Jackson,andrew.jackson@piedpiper.com,+1-515-146-8920,Director of IT,Blocker,2024-12-03T00:00:00
1549,257,John,Perez,,+1-212-470-8289,IT Manager,Technical Evaluator,2022-05-05T00:00:00
1550,681,Nancy,Lewis,nancy.lewis@initech.com,+1-587-941-6460,Data Engineer,End User,2022-11-25T00:00:00
1551,780,Christopher,Anderson,christopher.anderson@globex.com,+1-259-726-4782,Solutions Architect,Champion,2022-04-19T00:00:00
1552,125,Lisa,Taylor,lisa.taylor@acme.com,+1-352-398-6001,CTO,Technical Evaluator,2022-09-18T00:00:00
1553,2,Elizabeth,Miller,elizabeth.miller@umbrella.co,+1-624-925-8669,COO,End User,2024-11-17T00:00:00
1554,810,Sarah,Thompson,,,VP of Product,Technical Evaluator,2024-01-24T00:00:00
1555,673,Michelle,Thompson,michelle.thompson@umbrella.co,+1-592-488-5713,CTO,Technical Evaluator,2024-08-12T00:00:00
1556,48,Michelle,Jackson,michelle.jackson@piedpiper.com,+1-610-318-2168,IT Manager,Technical Evaluator,2023-03-03T00:00:00
1557,560,Ashley,Perez,ashley.perez@globex.com,+1-698-594-7953,CTO,Economic Buyer,2024-01-28T00:00:00
1558,182,Michael,White,michael.white@acme.com,+1-577-409-8701,IT Manager,Blocker,2024-11-18T00:00:00
1559,853,James,Davis,james.davis,+1-253-890-9459,Head of Security,End User,2024-12-17T00:00:00
1560,88,John,Sanchez,john.sanchez@umbrella.co,+1-950-536-9527,VP of Infrastructure,Blocker,2024-04-27T00:00:00
1561,915,Paul,Garcia,paul.garcia@umbrella.co,+1-960-730-5809,,Champion,2024-05-26T00:00:00
1562,113,Betty,Jones,betty.jones@initech.com,+1-931-992-7969,DevOps Lead,End User,2024-10-29T00:00:00
1563,266,Andrew,Lewis,andrew.lewis@piedpiper.com,+1-314-660-1768,VP of Sales,Coach,2024-04-14T00:00:00
1564,825,Emily,Davis,emily.davis@initech.com,+1-901-513-4090,VP of Engineering,End User,2023-05-05T00:00:00
1565,992,Emily,Harris,emily.harris@umbrella.co,+1-884-611-9762,Chief Revenue Officer,End User,2022-11-20T00:00:00
1566,96,Emily,Sanchez,emily.sanchez@piedpiper.com,,CEO,End User,2024-02-04T00:00:00
1567,924,Ashley,Taylor,ashley.taylor@acme.com,+1-487-883-3763,Director of Operations,Economic Buyer,2024-07-26T00:00:00
1568,705,Elizabeth,Garcia,elizabeth.garcia@piedpiper.com,,DevOps Lead,Coach,2023-09-11T00:00:00
1569,908,Sandra,Davis,sandra.davis@acme.com,+1-557-737-5082,Data Engineer,Coach,2024-08-03T00:00:00
1570,228,Paul,Garcia,paul.garcia@piedpiper.com,,VP of Infrastructure,Champion,2023-09-03T00:00:00
1571,288,Margaret,Jones,margaret.jones@piedpiper.com,+1-932-466-9035,DevOps Lead,End User,2023-12-08T00:00:00
1572,81,Nancy,White,,+1-866-745-9498,VP of Engineering,Technical Evaluator,2023-11-15T00:00:00
1573,628,David,Rodriguez,david.rodriguez@acme.com,+1-656-397-4405,Director of Marketing,Champion,2023-09-01T00:00:00
1574,768,Steven,Smith,steven.smith@umbrella.co,+1-238-493-2620,Director of Marketing,End User,2024-08-27T00:00:00
1575,297,James,Williams,james.williams@umbrella.co,+1-468-610-8439,Director of Operations,End User,2024-09-23T00:00:00
1576,324,Elizabeth,Martin,elizabeth.martin,+1-206-520-8462,VP of Engineering,Blocker,2022-05-22T00:00:00
1577,497,Steven,Robinson,steven.robinson@initech.com,+1-374-394-8965,Data Engineer,Coach,2024-10-30T00:00:00
1578,31,Jennifer,Sanchez,jennifer.sanchez@umbrella.co,+1-449-663-8082,IT Manager,Economic Buyer,2024-07-31T00:00:00
1579,197,Michael,White,,+1-428-740-4552,Data Engineer,End User,2024-05-31T00:00:00
1580,178,Emily,Robinson,emily.robinson@umbrella.co,+1-782-444-9501,VP of Product,Champion,2024-08-31T00:00:00
1581,237,Charles,Jones,charles.jones@piedpiper.com,+1-935-467-7972,CTO,Technical Evaluator,2024-10-15T00:00:00
1582,873,Michael,Thompson,michael.thompson@umbrella.co,+1-232-489-6622,Director of Marketing,Champion,2024-11-14T00:00:00
1583,815,Joseph,Taylor,joseph.taylor,+1-668-550-7909,,Technical Evaluator,2022-01-20T00:00:00
1584,984,Jennifer,Taylor,jennifer.taylor@waystar.io,+1-504-606-2120,Director of Marketing,Technical Evaluator,2024-08-08T00:00:00
1585,148,James,Davis,james.davis@umbrella.co,+1-742-727-3466,VP of Product,End User,2024-10-15T00:00:00
1586,492,Barbara,Gonzalez,barbara.gonzalez@globex.com,+1-718-155-9540,Director of Marketing,End User,2020-07-27T00:00:00
1587,710,Margaret,Brown,margaret.brown@initech.com,+1-912-310-7814,CFO,Coach,2024-12-13T00:00:00
1588,464,Elizabeth,Taylor,,+1-407-110-3126,Data Engineer,Blocker,2023-06-16T00:00:00
1589,760,Betty,Lewis,betty.lewis@globex.com,+1-479-525-4417,Engineering Manager,End User,2020-07-28T00:00:00
1590,387,Joseph,Walker,joseph.walker@waystar.io,+1-483-942-5067,VP of Engineering,Coach,2023-04-25T00:00:00
1591,103,Robert,Hernandez,robert.hernandez@umbrella.co,,Head of Data,Champion,2023-04-26T00:00:00
1592,872,Matthew,Sanchez,matthew.sanchez@piedpiper.com,+1-613-211-6243,Data Engineer,Champion,2024-10-01T00:00:00
1593,358,Nancy,Perez,nancy.perez@waystar.io,+1-804-317-9324,Data Engineer,Coach,2023-08-31T00:00:00
1594,989,Michelle,Walker,michelle.walker@globex.com,+1-386-546-1027,Solutions Architect,Technical Evaluator,2024-01-20T00:00:00
1595,878,Sarah,Jackson,sarah.jackson@piedpiper.com,+1-974-334-9154,Solutions Architect,End User,2024-04-01T00:00:00
1596,781,Barbara,Davis,barbara.davis@waystar.io,+1-824-122-5538,VP of Engineering,Coach,2024-10-08T00:00:00
1597,703,Elizabeth,White,elizabeth.white,+1-863-734-9953,Engineering Manager,Technical Evaluator,2021-08-14T00:00:00
1598,931,Michelle,Robinson,michelle.robinson@umbrella.co,+1-696-266-2404,Director of Operations,End User,2024-12-12T00:00:00
1599,381,Michelle,Jackson,michelle.jackson@acme.com,,Data Engineer,End User,2024-12-21T00:00:00
1600,696,Ashley,White,ashley.white@initech.com,+1-705-939-9624,CFO,Champion,2023-06-20T00:00:00
1601,155,Margaret,Robinson,margaret.robinson@umbrella.co,+1-613-587-5074,,Coach,2021-03-07T00:00:00
1602,954,Christopher,Hernandez,christopher.hernandez@acme.com,+1-638-405-1140,Director of IT,Blocker,2024-10-26T00:00:00
1603,885,Patricia,Sanchez,patricia.sanchez@acme.com,+1-397-924-6446,IT Manager,Blocker,2022-10-19T00:00:00
1604,113,Donald,Clark,donald.clark@waystar.io,+1-325-165-3783,Director of IT,Technical Evaluator,2024-12-29T00:00:00
1605,337,Mark,Walker,mark.walker@initech.com,+1-650-637-4388,COO,Economic Buyer,2024-05-12T00:00:00
1606,55,Sarah,Thompson,sarah.thompson@piedpiper.com,+1-643-965-2556,Director of Operations,Blocker,2024-04-17T00:00:00
1607,703,Michelle,Anderson,michelle.anderson@acme.com,+1-951-169-7709,CFO,Technical Evaluator,2021-03-29T00:00:00
1608,86,Mary,Lewis,mary.lewis@initech.com,+1-865-289-9131,Head of Data,Technical Evaluator,2024-01-08T00:00:00
1609,170,Paul,Harris,,+1-733-380-1600,Engineering Manager,Champion,2023-07-18T00:00:00
1610,568,Elizabeth,Thompson,elizabeth.thompson@waystar.io,+1-991-178-6228,Director of Operations,Technical Evaluator,2023-06-02T00:00:00
1611,618,Patricia,Anderson,patricia.anderson@waystar.io,+1-638-301-1965,Director of IT,Economic Buyer,2024-08-09T00:00:00
1612,914,Linda,Taylor,linda.taylor@umbrella.co,+1-753-142-2212,VP of Sales,Champion,2022-05-24T00:00:00
1613,52,Mary,Gonzalez,mary.gonzalez@initech.com,+1-976-304-9151,COO,Blocker,2022-05-22T00:00:00
1614,662,Joseph,White,joseph.white@piedpiper.com,+1-752-836-7049,VP of Infrastructure,Technical Evaluator,2023-11-10T00:00:00
1615,765,William,Taylor,william.taylor@acme.com,+1-818-568-3440,IT Manager,Champion,2023-04-27T00:00:00
1616,453,Nancy,Jackson,nancy.jackson@globex.com,+1-841-401-9145,VP of Engineering,End User,2023-03-29T00:00:00
1617,224,Mark,Taylor,mark.taylor@globex.com,+1-578-163-9190,VP of Product,Technical Evaluator,2024-10-12T00:00:00
1618,993,Daniel,Moore,daniel.moore@piedpiper.com,+1-389-368-4042,Data Engineer,Champion,2021-02-23T00:00:00
1619,945,Donald,Thompson,donald.thompson@piedpiper.com,+1-766-997-2244,CTO,Technical Evaluator,2024-07-01T00:00:00
1620,742,Kimberly,Rodriguez,kimberly.rodriguez@globex.com,+1-914-833-3330,Solutions Architect,Champion,2022-09-30T00:00:00
1621,487,Michelle,Jackson,michelle.jackson@waystar.io,+1-718-970-2630,IT Manager,Champion,2024-12-25T00:00:00
1622,688,Charles,Robinson,charles.robinson@acme.com,,VP of Product,End User,2024-05-20T00:00:00
1623,761,Ashley,Sanchez,ashley.sanchez@waystar.io,+1-239-137-9194,CTO,Technical Evaluator,2024-11-13T00:00:00
1624,891,John,Smith,john.smith@piedpiper.com,,Head of Data,Economic Buyer,2024-09-01T00:00:00
1625,169,Christopher,Garcia,christopher.garcia@piedpiper.com,+1-869-615-2772,Product Manager,Technical Evaluator,2023-11-01T00:00:00
1626,771,Matthew,Gonzalez,matthew.gonzalez@globex.com,+1-993-406-6427,CEO,Blocker,2023-11-20T00:00:00
1627,98,Joseph,Moore,joseph.moore@piedpiper.com,+1-961-893-2105,Director of Marketing,End User,2023-11-11T00:00:00
1628,135,Robert,Walker,robert.walker@umbrella.co,+1-506-426-2606,Solutions Architect,Economic Buyer,2024-10-01T00:00:00
1629,797,Christopher,Miller,,+1-570-294-4322,Director of Marketing,Technical Evaluator,2024-04-21T00:00:00
1630,479,Emily,Clark,emily.clark@initech.com,+1-890-483-5793,Director of Operations,Technical Evaluator,2024-08-25T00:00:00
1631,453,Margaret,Rodriguez,margaret.rodriguez@piedpiper.com,,CTO,Technical Evaluator,2022-11-07T00:00:00
1632,899,Michael,Lee,michael.lee@initech.com,+1-413-638-6088,COO,Blocker,2021-01-01T00:00:00
1633,301,Charles,Sanchez,charles.sanchez@globex.com,+1-982-152-4669,VP of Sales,Coach,2024-03-28T00:00:00
1634,486,Betty,Thomas,betty.thomas@piedpiper.com,+1-305-898-3428,VP of Sales,Blocker,2023-07-19T00:00:00
1635,445,Sarah,Martin,sarah.martin@piedpiper.com,+1-725-851-3341,Product Manager,End User,2024-12-26T00:00:00
1636,207,Thomas,Jackson,thomas.jackson@acme.com,+1-909-554-2807,Director of Marketing,Coach,2024-04-11T00:00:00
1637,36,Lisa,Martin,lisa.martin@initech.com,+1-357-343-2656,Director of Marketing,Technical Evaluator,2024-09-09T00:00:00
1638,265,Andrew,Thompson,andrew.thompson@acme.com,+1-611-343-7694,Director of IT,Economic Buyer,2024-07-03T00:00:00
1639,256,James,Smith,james.smith,+1-548-622-4158,Data Engineer,Technical Evaluator,2024-06-01T00:00:00
1640,998,Joshua,Johnson,joshua.johnson@acme.com,+1-457-299-2328,Head of Data,Champion,2022-04-26T00:00:00
1641,915,Thomas,Davis,thomas.davis@waystar.io,+1-695-887-8720,DevOps Lead,Blocker,2024-09-23T00:00:00
1642,594,Matthew,Martin,matthew.martin@piedpiper.com,+1-617-529-8547,VP of Infrastructure,Champion,2024-08-18T00:00:00
1643,891,Nancy,Ramirez,nancy.ramirez@piedpiper.com,+1-307-748-2324,IT Manager,End User,2024-05-10T00:00:00
1644,99,Lisa,Jones,lisa.jones@umbrella.co,+1-820-191-1862,Director of Operations,Technical Evaluator,2021-11-08T00:00:00
1645,791,Paul,Johnson,paul.johnson@initech.com,+1-942-106-5715,COO,Champion,2024-05-23T00:00:00
1646,396,John,Johnson,john.johnson,+1-273-475-1114,CEO,Champion,2024-11-11T00:00:00
1647,589,Margaret,Brown,margaret.brown@umbrella.co,+1-309-798-7693,Head of Security,Technical Evaluator,2024-01-15T00:00:00
1648,860,Matthew,Harris,matthew.harris@acme.com,+1-785-278-3120,Head of Security,Champion,2024-12-22T00:00:00
1649,879,Jennifer,White,jennifer.white@acme.com,+1-982-220-9805,Director of Marketing,Blocker,2022-04-11T00:00:00
1650,888,Barbara,Walker,,+1-350-421-2325,Director of Operations,Coach,2023-12-31T00:00:00
1651,768,Karen,Martinez,karen.martinez@piedpiper.com,+1-511-650-9030,VP of Product,End User,2024-08-04T00:00:00
1652,705,William,Perez,william.perez@globex.com,+1-848-410-6784,VP of Engineering,Technical Evaluator,2024-12-31T00:00:00
1653,322,Daniel,Thompson,daniel.thompson@initech.com,+1-871-361-8038,Chief Revenue Officer,Technical Evaluator,2024-06-30T00:00:00
1654,832,Ashley,Jones,ashley.jones@umbrella.co,+1-976-971-3979,VP of Product,Champion,2024-07-04T00:00:00
1655,458,Richard,Thompson,richard.thompson@waystar.io,+1-713-150-3711,Director of IT,End User,2024-12-14T00:00:00
1656,709,Joseph,Davis,joseph.davis@waystar.io,+1-924-295-7334,Head of Security,Champion,2024-08-11T00:00:00
1657,388,Matthew,Rodriguez,matthew.rodriguez@umbrella.co,+1-885-330-1169,Chief Revenue Officer,Technical Evaluator,2023-08-22T00:00:00
1658,153,James,Sanchez,james.sanchez@initech.com,,Head of Data,Economic Buyer,2024-08-18T00:00:00
1659,111,James,Lewis,james.lewis@waystar.io,,VP of Product,Champion,2024-06-19T00:00:00
1660,928,Karen,Clark,karen.clark@initech.com,+1-534-664-3962,VP of Product,Coach,2023-06-28T00:00:00
1661,397,Susan,Thompson,susan.thompson@initech.com,+1-575-378-6867,Product Manager,Technical Evaluator,2024-01-24T00:00:00
1662,573,Michelle,Harris,michelle.harris@piedpiper.com,+1-200-822-6253,CEO,Champion,2022-01-17T00:00:00
1663,787,Anthony,White,anthony.white@globex.com,+1-847-502-6706,,Champion,2024-04-20T00:00:00
1664,967,Steven,Robinson,steven.robinson@globex.com,+1-232-801-3388,Head of Security,Blocker,2021-12-09T00:00:00
1665,470,Donna,Anderson,donna.anderson@initech.com,+1-738-271-8495,Director of Marketing,Blocker,2024-04-18T00:00:00
1666,817,Emily,Martinez,emily.martinez@initech.com,+1-564-649-5878,Engineering Manager,Technical Evaluator,2022-07-11T00:00:00
1667,763,Jessica,Walker,jessica.walker@piedpiper.com,+1-489-870-1042,IT Manager,Champion,2022-04-20T00:00:00
1668,101,Andrew,Walker,andrew.walker@acme.com,+1-466-211-2236,VP of Sales,Coach,2024-04-24T00:00:00
1669,989,Jessica,Martin,jessica.martin@umbrella.co,+1-891-882-3725,Head of Data,Technical Evaluator,2024-12-12T00:00:00
1670,37,Mary,Hernandez,mary.hernandez@umbrella.co,+1-894-131-5275,COO,Coach,2024-04-18T00:00:00
1671,109,Lisa,Thompson,lisa.thompson@waystar.io,+1-251-106-1546,Head of Data,Champion,2024-08-03T00:00:00
1672,839,Joshua,Walker,joshua.walker@globex.com,+1-699-526-8258,Chief Revenue Officer,Technical Evaluator,2024-10-30T00:00:00
1673,143,Donald,Lopez,donald.lopez@umbrella.co,,VP of Infrastructure,Economic Buyer,2023-04-23T00:00:00
1674,289,Andrew,Moore,andrew.moore@initech.com,+1-401-549-2621,Head of Security,Coach,2023-06-16T00:00:00
1675,670,Michael,Lee,michael.lee@globex.com,+1-205-409-8235,CFO,Champion,2022-10-25T00:00:00
1676,315,Michael,Lee,michael.lee@globex.com,+1-923-217-8875,Director of Operations,Economic Buyer,2023-02-08T00:00:00
1677,932,Michelle,Sanchez,michelle.sanchez@initech.com,,CTO,Champion,2023-09-01T00:00:00
1678,277,Matthew,Sanchez,,+1-836-742-2722,CTO,Technical Evaluator,2023-11-20T00:00:00
1679,721,Robert,Brown,robert.brown@globex.com,+1-491-685-9753,Head of Data,Blocker,2022-09-16T00:00:00
1680,608,Michelle,White,michelle.white@initech.com,+1-280-105-3933,Director of IT,Technical Evaluator,2024-12-25T00:00:00
1681,942,John,Walker,john.walker@umbrella.co,+1-474-163-6688,VP of Infrastructure,Technical Evaluator,2023-09-28T00:00:00
1682,258,Sandra,Garcia,sandra.garcia@piedpiper.com,+1-598-625-8663,CFO,Technical Evaluator,2024-01-02T00:00:00
1683,898,Betty,White,betty.white@acme.com,+1-825-475-7173,CTO,Blocker,2024-12-09T00:00:00
1684,727,Andrew,Sanchez,andrew.sanchez@acme.com,+1-396-417-3781,VP of Product,Champion,2024-11-01T00:00:00
1685,789,Donald,Clark,donald.clark@globex.com,,IT Manager,Coach,2024-09-24T00:00:00
1686,903,Barbara,Thompson,barbara.thompson@acme.com,,Head of Data,Economic Buyer,2024-10-17T00:00:00
1687,563,Barbara,Gonzalez,barbara.gonzalez@globex.com,+1-727-297-2340,DevOps Lead,Champion,2024-06-07T00:00:00
1688,648,Lisa,Davis,lisa.davis@waystar.io,+1-761-202-7393,Data Engineer,Technical Evaluator,2022-07-08T00:00:00
1689,755,Sarah,Thomas,sarah.thomas@initech.com,+1-880-650-6434,Head of Data,Coach,2024-12-26T00:00:00
1690,944,John,Garcia,john.garcia@initech.com,,CTO,Blocker,2023-10-03T00:00:00
1691,204,Steven,Miller,steven.miller@acme.com,+1-736-104-9658,Product Manager,Coach,2023-04-14T00:00:00
1692,647,Susan,Thomas,susan.thomas@piedpiper.com,,CEO,Economic Buyer,2020-11-22T00:00:00
1693,134,Jessica,Martinez,jessica.martinez@globex.com,+1-797-357-4870,Data Engineer,Economic Buyer,2023-05-25T00:00:00
1694,271,Daniel,Perez,daniel.perez@globex.com,,VP of Sales,End User,2023-03-05T00:00:00
1695,670,Patricia,Smith,patricia.smith@waystar.io,+1-407-800-9800,Engineering Manager,Economic Buyer,2024-12-06T00:00:00
1696,449,Jessica,Hernandez,jessica.hernandez@waystar.io,+1-401-284-4307,IT Manager,Champion,2024-05-05T00:00:00
1697,401,Christopher,Ramirez,christopher.ramirez@acme.com,+1-915-512-9163,DevOps Lead,Economic Buyer,2024-11-02T00:00:00
1698,327,Andrew,Martinez,andrew.martinez@acme.com,+1-548-485-3845,Solutions Architect,Blocker,2022-08-16T00:00:00
1699,565,Linda,Smith,linda.smith@waystar.io,+1-608-586-6246,Head of Security,Champion,2024-12-01T00:00:00
1700,269,Christopher,Lewis,christopher.lewis@waystar.io,+1-865-800-6938,Director of IT,Technical Evaluator,2024-02-19T00:00:00
1701,775,Matthew,Davis,matthew.davis@acme.com,+1-308-731-7624,Solutions Architect,Technical Evaluator,2024-05-30T00:00:00
1702,707,Linda,Hernandez,linda.hernandez@piedpiper.com,+1-797-804-2562,Chief Revenue Officer,Technical Evaluator,2021-07-06T00:00:00
1703,929,Andrew,Jones,andrew.jones@acme.com,+1-231-991-7904,VP of Engineering,Blocker,2024-12-21T00:00:00
1704,899,Elizabeth,Johnson,elizabeth.johnson@umbrella.co,+1-626-601-7127,Engineering Manager,Champion,2023-01-08T00:00:00
1705,271,Mark,Anderson,,+1-211-396-8440,DevOps Lead,Champion,2023-01-13T00:00:00
1706,57,David,Sanchez,david.sanchez@globex.com,+1-560-761-1571,Director of Marketing,Economic Buyer,2024-12-08T00:00:00
1707,169,Kimberly,Taylor,kimberly.taylor@umbrella.co,,VP of Product,Champion,2022-10-16T00:00:00
1708,764,Margaret,Lopez,margaret.lopez@initech.com,+1-471-491-9603,Director of Marketing,Blocker,2022-12-06T00:00:00
1709,369,Ashley,Gonzalez,ashley.gonzalez@acme.com,+1-907-511-3194,Engineering Manager,Economic Buyer,2024-05-19T00:00:00
1710,120,Joseph,Garcia,joseph.garcia@waystar.io,+1-881-896-3555,Director of Marketing,Economic Buyer,2024-07-31T00:00:00
1711,205,Kimberly,Garcia,kimberly.garcia@initech.com,+1-961-895-9564,Solutions Architect,Economic Buyer,2024-03-16T00:00:00
1712,276,Mary,Williams,mary.williams@initech.com,+1-882-448-5713,Director of IT,Champion,2024-10-28T00:00:00
1713,1000,Nancy,Garcia,nancy.garcia@umbrella.co,+1-745-931-6996,Product Manager,Economic Buyer,2023-04-20T00:00:00
1714,181,Susan,Davis,susan.davis@acme.com,+1-513-712-5454,VP of Sales,Technical Evaluator,2023-05-12T00:00:00
1715,709,David,White,david.white@initech.com,+1-928-910-1569,Head of Security,Champion,2023-06-04T00:00:00
1716,888,Jennifer,Johnson,jennifer.johnson@initech.com,,COO,Champion,2022-06-20T00:00:00
1717,373,Margaret,Thompson,margaret.thompson@umbrella.co,,Data Engineer,Technical Evaluator,2021-05-15T00:00:00
1718,265,Margaret,Ramirez,margaret.ramirez@acme.com,+1-793-329-6799,Head of Security,Economic Buyer,2024-07-18T00:00:00
1719,808,Elizabeth,Garcia,elizabeth.garcia@piedpiper.com,,Director of IT,Economic Buyer,2024-08-14T00:00:00
1720,806,Daniel,Garcia,daniel.garcia,+1-395-459-6335,Product Manager,Coach,2023-07-03T00:00:00
1721,399,Donna,Clark,donna.clark@initech.com,+1-716-921-4626,Director of Marketing,Coach,2024-07-17T00:00:00
1722,159,Jennifer,Lee,jennifer.lee@initech.com,+1-450-160-8342,VP of Product,Technical Evaluator,2024-01-22T00:00:00
1723,645,Elizabeth,Williams,elizabeth.williams@globex.com,+1-961-414-1959,Chief Revenue Officer,Technical Evaluator,2024-06-13T00:00:00
1724,296,Margaret,Miller,margaret.miller@globex.com,+1-232-211-8071,Director of Operations,Technical Evaluator,2023-12-10T00:00:00
1725,320,Karen,Martin,karen.martin,,Product Manager,Coach,2023-03-13T00:00:00
1726,534,Joshua,Jones,joshua.jones@acme.com,+1-707-158-4012,Director of Marketing,Economic Buyer,2024-10-15T00:00:00
1727,618,Daniel,Ramirez,daniel.ramirez@umbrella.co,+1-698-902-7581,DevOps Lead,Coach,2022-06-09T00:00:00
1728,634,Matthew,Thomas,matthew.thomas@piedpiper.com,+1-485-913-8079,CFO,End User,2024-07-19T00:00:00
1729,688,John,Moore,john.moore@acme.com,+1-538-107-5213,Head of Security,Economic Buyer,2024-05-01T00:00:00
1730,716,Sarah,Williams,sarah.williams@acme.com,+1-457-622-6510,VP of Sales,Champion,2024-11-16T00:00:00
1731,30,Jessica,White,jessica.white@piedpiper.com,+1-915-236-8832,VP of Product,Technical Evaluator,2024-09-01T00:00:00
1732,171,Susan,Martin,susan.martin,+1-632-456-8842,Head of Data,Champion,2022-02-28T00:00:00
1733,397,Nancy,Taylor,nancy.taylor@acme.com,+1-486-847-1283,VP of Infrastructure,Technical Evaluator,2022-05-17T00:00:00
1734,695,Kimberly,Walker,kimberly.walker@acme.com,+1-970-727-5456,Head of Data,Technical Evaluator,2024-07-13T00:00:00
1735,82,Charles,Ramirez,charles.ramirez@initech.com,+1-385-252-8169,Director of IT,Technical Evaluator,2024-12-20T00:00:00
1736,330,Thomas,Perez,thomas.perez@piedpiper.com,+1-545-772-9606,VP of Infrastructure,Blocker,2022-12-30T00:00:00
1737,172,Charles,Rodriguez,charles.rodriguez@initech.com,+1-901-286-8500,CEO,Champion,2022-11-08T00:00:00
1738,302,John,Taylor,john.taylor@waystar.io,,Head of Security,Blocker,2024-02-06T00:00:00
1739,669,Mark,Sanchez,mark.sanchez@acme.com,+1-830-287-6225,COO,Economic Buyer,2021-10-15T00:00:00
1740,149,Anthony,Clark,anthony.clark@initech.com,+1-686-481-4204,Head of Data,Champion,2024-12-24T00:00:00
1741,374,Mary,Taylor,mary.taylor@piedpiper.com,+1-782-340-7353,CTO,Champion,2024-10-20T00:00:00
1742,569,Steven,Ramirez,steven.ramirez@initech.com,+1-695-195-2083,Director of Marketing,Technical Evaluator,2024-11-11T00:00:00
1743,190,Lisa,Gonzalez,lisa.gonzalez@acme.com,+1-971-344-6763,VP of Sales,End User,2022-04-04T00:00:00
1744,359,Nancy,Smith,nancy.smith@initech.com,+1-305-415-1474,IT Manager,Economic Buyer,2022-02-14T00:00:00
1745,763,Donna,Moore,,,Product Manager,Economic Buyer,2023-06-19T00:00:00
1746,589,Joseph,Thomas,joseph.thomas@waystar.io,+1-490-986-9678,VP of Sales,Champion,2023-11-20T00:00:00
1747,867,Jessica,Jackson,jessica.jackson@globex.com,,,End User,2024-03-25T00:00:00
1748,930,David,Martinez,david.martinez@initech.com,+1-861-833-2187,Data Engineer,Technical Evaluator,2024-01-03T00:00:00
1749,818,Jennifer,Johnson,jennifer.johnson@initech.com,+1-500-249-2567,Product Manager,Technical Evaluator,2024-08-05T00:00:00
1750,7,Nancy,Lopez,nancy.lopez@waystar.io,+1-230-910-2414,Data Engineer,Champion,2024-05-02T00:00:00
1751,832,Jessica,Robinson,jessica.robinson@acme.com,+1-840-543-4106,Head of Security,Economic Buyer,2023-04-08T00:00:00
1752,82,Patricia,Martin,patricia.martin@initech.com,+1-636-164-7669,VP of Engineering,End User,2024-12-06T00:00:00
1753,287,David,Martin,david.martin@umbrella.co,+1-474-542-5291,VP of Sales,Economic Buyer,2022-12-18T00:00:00
1754,448,Nancy,Moore,nancy.moore@globex.com,+1-665-250-4852,Head of Security,Blocker,2024-08-08T00:00:00
1755,389,Michael,Hernandez,michael.hernandez@piedpiper.com,+1-350-254-3278,Head of Data,Technical Evaluator,2023-10-30T00:00:00
1756,31,Thomas,Jones,thomas.jones@globex.com,+1-314-606-5319,CTO,Champion,2024-02-01T00:00:00
1757,271,Margaret,Thompson,margaret.thompson,+1-575-452-8647,Chief Revenue Officer,Blocker,2023-08-15T00:00:00
1758,757,Susan,Robinson,susan.robinson@umbrella.co,+1-572-240-9674,IT Manager,Technical Evaluator,2024-07-18T00:00:00
1759,642,Richard,Lewis,richard.lewis@umbrella.co,+1-462-772-5304,VP of Infrastructure,Coach,2024-09-15T00:00:00
1760,306,Nancy,White,nancy.white,+1-736-326-2378,DevOps Lead,Champion,2023-09-30T00:00:00
1761,999,Donald,Taylor,donald.taylor@globex.com,+1-992-316-9655,DevOps Lead,Champion,2022-09-11T00:00:00
1762,319,Susan,Johnson,susan.johnson@globex.com,+1-561-273-5006,Director of Marketing,Technical Evaluator,2024-12-31T00:00:00
1763,839,Sandra,Taylor,,+1-816-829-2699,CEO,Blocker,2023-07-25T00:00:00
1764,877,Thomas,Garcia,,+1-743-262-6047,VP of Sales,Economic Buyer,2023-09-18T00:00:00
1765,200,Joshua,Smith,joshua.smith@piedpiper.com,+1-472-436-6691,Director of Operations,End User,2022-05-02T00:00:00
1766,293,Mary,Brown,mary.brown@globex.com,+1-204-706-7141,VP of Sales,Technical Evaluator,2022-08-29T00:00:00
1767,734,James,Robinson,james.robinson@acme.com,+1-781-991-1714,Director of Operations,End User,2024-12-23T00:00:00
1768,120,William,Hernandez,william.hernandez@globex.com,+1-534-510-2371,Product Manager,Blocker,2023-09-24T00:00:00
1769,592,Michelle,Wilson,michelle.wilson@umbrella.co,+1-599-144-8146,Head of Security,Technical Evaluator,2024-06-16T00:00:00
1770,12,Margaret,Anderson,margaret.anderson@waystar.io,+1-500-670-1040,VP of Product,Economic Buyer,2024-10-28T00:00:00
1771,862,Ashley,Lewis,ashley.lewis@umbrella.co,+1-993-380-6815,VP of Infrastructure,Economic Buyer,2022-04-18T00:00:00
1772,249,Lisa,Taylor,lisa.taylor@initech.com,+1-795-210-9380,Chief Revenue Officer,Blocker,2023-06-03T00:00:00
1773,282,Anthony,Lewis,anthony.lewis@globex.com,+1-643-503-9886,Director of Marketing,Blocker,2024-12-11T00:00:00
1774,245,Thomas,Wilson,thomas.wilson@waystar.io,+1-264-837-2464,Head of Data,Champion,2024-10-20T00:00:00
1775,228,Mary,Lewis,mary.lewis@umbrella.co,+1-467-385-4526,VP of Infrastructure,Coach,2024-05-27T00:00:00
1776,532,James,Ramirez,james.ramirez@acme.com,+1-500-589-2651,CTO,Economic Buyer,2022-03-17T00:00:00
1777,682,Jessica,Hernandez,jessica.hernandez@waystar.io,+1-327-124-5374,Head of Security,Champion,2024-11-14T00:00:00
1778,418,Patricia,White,patricia.white@waystar.io,+1-785-528-8720,Solutions Architect,End User,2022-08-16T00:00:00
1779,717,Sandra,Smith,sandra.smith@initech.com,+1-350-960-6796,VP of Infrastructure,Champion,2023-10-13T00:00:00
1780,81,Linda,Davis,linda.davis@globex.com,+1-955-419-1581,Head of Security,Champion,2024-07-09T00:00:00
1781,753,Andrew,Ramirez,andrew.ramirez@umbrella.co,+1-539-106-3557,Head of Security,Blocker,2023-06-05T00:00:00
1782,394,Barbara,Garcia,barbara.garcia@acme.com,+1-887-470-8011,DevOps Lead,Champion,2023-02-09T00:00:00
1783,757,Nancy,Walker,nancy.walker,+1-860-722-1315,Solutions Architect,Champion,2024-12-29T00:00:00
1784,175,Margaret,Lee,margaret.lee@initech.com,+1-750-748-6872,CEO,Coach,2024-12-27T00:00:00
1785,730,Christopher,Brown,christopher.brown@piedpiper.com,+1-397-175-5050,VP of Infrastructure,Economic Buyer,2022-10-17T00:00:00
1786,758,Richard,Ramirez,richard.ramirez@waystar.io,+1-228-547-9000,Director of Operations,Economic Buyer,2024-06-02T00:00:00
1787,61,Betty,Perez,betty.perez@waystar.io,+1-284-283-2137,Chief Revenue Officer,Blocker,2024-06-10T00:00:00
1788,439,Betty,Perez,betty.perez@globex.com,+1-861-377-2427,CFO,End User,2024-04-23T00:00:00
1789,706,Richard,Robinson,richard.robinson@umbrella.co,+1-542-305-3918,VP of Sales,Blocker,2023-12-23T00:00:00
1790,319,Michelle,Brown,michelle.brown@umbrella.co,+1-920-670-1923,Product Manager,Technical Evaluator,2024-12-30T00:00:00
1791,678,Lisa,Jones,lisa.jones,+1-519-348-2245,Director of Marketing,Blocker,2024-10-06T00:00:00
1792,275,Matthew,Moore,matthew.moore@acme.com,+1-697-788-3801,Chief Revenue Officer,Coach,2024-02-02T00:00:00
1793,4,Steven,Lee,steven.lee@piedpiper.com,+1-723-102-2064,VP of Product,Champion,2024-09-07T00:00:00
1794,784,Kimberly,Sanchez,kimberly.sanchez@globex.com,,Head of Data,Blocker,2020-12-07T00:00:00
1795,676,Joseph,Lopez,joseph.lopez@piedpiper.com,+1-441-635-8803,Director of IT,End User,2024-11-29T00:00:00
1796,959,Joseph,Wilson,joseph.wilson@acme.com,+1-451-754-7640,COO,Champion,2024-12-01T00:00:00
1797,499,Paul,Gonzalez,paul.gonzalez@piedpiper.com,+1-909-845-4299,CFO,Technical Evaluator,2023-12-03T00:00:00
1798,493,Susan,Taylor,susan.taylor@globex.com,+1-601-313-4688,VP of Product,Technical Evaluator,2024-12-14T00:00:00
1799,146,Elizabeth,White,elizabeth.white@globex.com,+1-538-606-9020,Product Manager,Technical Evaluator,2024-09-15T00:00:00
1800,998,Nancy,Davis,nancy.davis@piedpiper.com,+1-460-168-2971,Product Manager,End User,2021-06-19T00:00:00
1801,459,Jessica,Thompson,jessica.thompson@initech.com,+1-750-133-1297,VP of Product,Blocker,2023-03-27T00:00:00
1802,433,Nancy,Williams,nancy.williams@umbrella.co,+1-701-524-9134,VP of Engineering,Technical Evaluator,2021-11-04T00:00:00
1803,822,Kimberly,Martinez,kimberly.martinez@piedpiper.com,,VP of Infrastructure,Coach,2024-12-04T00:00:00
1804,362,David,Jackson,david.jackson@umbrella.co,+1-722-418-4440,Data Engineer,Champion,2024-11-29T00:00:00
1805,486,Michelle,Rodriguez,michelle.rodriguez@acme.com,+1-748-174-1708,Head of Data,Economic Buyer,2023-10-28T00:00:00
1806,84,Jennifer,Taylor,,+1-607-685-6504,Director of Marketing,Champion,2021-12-14T00:00:00
1807,696,Andrew,Thompson,andrew.thompson@piedpiper.com,+1-846-934-5746,Chief Revenue Officer,Technical Evaluator,2023-10-18T00:00:00
1808,609,Patricia,Gonzalez,patricia.gonzalez@umbrella.co,+1-954-148-7543,Director of Operations,Champion,2022-11-15T00:00:00
1809,799,Linda,Johnson,linda.johnson@initech.com,,Director of Operations,Coach,2023-07-28T00:00:00
1810,385,Barbara,Moore,barbara.moore@globex.com,+1-694-133-3055,Product Manager,Champion,2024-02-22T00:00:00
1811,34,Ashley,Taylor,ashley.taylor@piedpiper.com,,COO,Economic Buyer,2024-08-20T00:00:00
1812,617,Thomas,Miller,thomas.miller@initech.com,+1-987-251-9304,Head of Data,Blocker,2022-06-04T00:00:00
1813,820,Linda,Martin,linda.martin@piedpiper.com,+1-452-557-4836,Product Manager,Champion,2024-12-16T00:00:00
1814,279,Steven,Lewis,steven.lewis@initech.com,+1-853-434-1044,VP of Infrastructure,Economic Buyer,2024-07-02T00:00:00
1815,794,Jessica,Miller,jessica.miller@initech.com,+1-795-662-9469,CEO,Economic Buyer,2023-12-11T00:00:00
1816,588,Sandra,Williams,sandra.williams@initech.com,+1-429-207-9507,CEO,Champion,2023-12-17T00:00:00
1817,216,Daniel,Jones,daniel.jones@waystar.io,+1-949-526-7111,VP of Product,Economic Buyer,2023-11-06T00:00:00
1818,558,Steven,Taylor,steven.taylor@initech.com,+1-461-136-4604,VP of Product,Economic Buyer,2022-04-08T00:00:00
1819,725,Jennifer,Garcia,jennifer.garcia@initech.com,,VP of Product,Champion,2024-02-20T00:00:00
1820,466,Kimberly,Harris,kimberly.harris@acme.com,+1-297-846-3026,Data Engineer,End User,2024-08-25T00:00:00
1821,91,Nancy,Perez,nancy.perez@globex.com,+1-322-636-2996,VP of Product,End User,2024-05-01T00:00:00
1822,942,John,Harris,john.harris@initech.com,+1-518-506-3181,Chief Revenue Officer,Champion,2024-04-21T00:00:00
1823,795,Christopher,Lopez,christopher.lopez@waystar.io,+1-665-731-4698,DevOps Lead,Champion,2022-04-16T00:00:00
1824,503,Jessica,Walker,jessica.walker@waystar.io,+1-739-976-1204,Chief Revenue Officer,Blocker,2022-08-21T00:00:00
1825,968,Linda,Miller,linda.miller@piedpiper.com,+1-498-121-5525,Director of Marketing,Champion,2024-07-19T00:00:00
1826,36,Lisa,Jackson,lisa.jackson@umbrella.co,,Director of Marketing,End User,2024-09-17T00:00:00
1827,25,Emily,Walker,emily.walker@globex.com,+1-534-207-9492,CEO,Champion,2024-12-04T00:00:00
1828,159,Richard,Gonzalez,richard.gonzalez@initech.com,+1-789-525-6966,VP of Infrastructure,Economic Buyer,2023-11-05T00:00:00
1829,586,William,Thomas,william.thomas@umbrella.co,+1-858-918-1417,CEO,Economic Buyer,2024-11-03T00:00:00
1830,821,Steven,White,steven.white@waystar.io,+1-367-636-5595,Engineering Manager,Blocker,2022-08-11T00:00:00
1831,684,Joseph,Lopez,joseph.lopez@waystar.io,+1-747-484-1649,VP of Engineering,Technical Evaluator,2024-01-18T00:00:00
1832,345,Sandra,Ramirez,sandra.ramirez@waystar.io,+1-992-362-2095,Chief Revenue Officer,End User,2024-06-27T00:00:00
1833,221,James,Clark,james.clark@umbrella.co,+1-925-656-6845,IT Manager,Champion,2024-07-26T00:00:00
1834,861,Thomas,Clark,thomas.clark@waystar.io,+1-609-831-6833,Data Engineer,Champion,2024-11-18T00:00:00
1835,397,Michael,Clark,michael.clark@piedpiper.com,+1-895-476-4859,Head of Security,Champion,2024-07-22T00:00:00
1836,704,Matthew,Taylor,matthew.taylor@waystar.io,,Director of Marketing,Blocker,2022-09-04T00:00:00
1837,605,Betty,Lewis,betty.lewis@globex.com,+1-263-528-3584,CTO,Technical Evaluator,2022-06-22T00:00:00
1838,184,Lisa,Perez,lisa.perez,+1-863-553-3291,Solutions Architect,Coach,2023-05-26T00:00:00
1839,104,Charles,Garcia,charles.garcia@globex.com,+1-273-865-1191,Director of IT,Economic Buyer,2024-03-24T00:00:00
1840,477,Joshua,Gonzalez,joshua.gonzalez@initech.com,+1-584-156-2946,Product Manager,Champion,2021-04-13T00:00:00
1841,980,Michael,Williams,michael.williams@piedpiper.com,+1-736-713-3633,Head of Security,Blocker,2024-07-03T00:00:00
1842,60,Emily,Miller,emily.miller@piedpiper.com,+1-786-301-1376,Director of IT,Champion,2024-11-28T00:00:00
1843,504,David,Davis,david.davis@piedpiper.com,+1-814-186-7602,Head of Data,Coach,2023-06-22T00:00:00
1844,634,David,Williams,david.williams@piedpiper.com,+1-344-616-2385,Director of Operations,End User,2024-07-09T00:00:00
1845,366,Mary,Smith,mary.smith@acme.com,+1-302-422-4358,Director of Operations,Economic Buyer,2023-01-06T00:00:00
1846,945,Betty,Williams,betty.williams@piedpiper.com,+1-690-530-6905,Chief Revenue Officer,End User,2024-05-28T00:00:00
1847,362,Linda,Martin,linda.martin@umbrella.co,+1-459-622-2815,VP of Engineering,Coach,2024-06-13T00:00:00
1848,654,David,Moore,david.moore@umbrella.co,+1-708-645-1148,CFO,Economic Buyer,2023-10-02T00:00:00
1849,751,Barbara,Thompson,barbara.thompson@globex.com,+1-582-273-3494,Director of Operations,Technical Evaluator,2024-09-11T00:00:00
1850,793,Emily,Davis,emily.davis@umbrella.co,+1-703-223-4180,VP of Product,Blocker,2021-11-24T00:00:00
1851,906,Daniel,Lopez,daniel.lopez@umbrella.co,,Head of Data,Economic Buyer,2024-10-17T00:00:00
1852,746,Mary,Johnson,mary.johnson@umbrella.co,+1-759-261-8808,IT Manager,Champion,2024-10-09T00:00:00
1853,339,Sandra,Johnson,sandra.johnson@globex.com,+1-619-270-2528,Solutions Architect,Champion,2024-11-26T00:00:00
1854,915,John,Brown,john.brown@globex.com,+1-965-174-4774,Director of Marketing,Economic Buyer,2024-11-14T00:00:00
1855,464,Ashley,Davis,ashley.davis@acme.com,+1-405-202-8471,Solutions Architect,Champion,2023-08-09T00:00:00
1856,547,Barbara,Martinez,barbara.martinez@waystar.io,+1-840-537-9039,VP of Infrastructure,Economic Buyer,2024-10-14T00:00:00
1857,364,William,Martinez,william.martinez@acme.com,+1-816-598-3653,CTO,Economic Buyer,2024-06-10T00:00:00
1858,63,Matthew,Martinez,matthew.martinez@acme.com,+1-239-964-7779,IT Manager,Blocker,2023-03-16T00:00:00
1859,467,Mark,Walker,mark.walker@initech.com,+1-676-302-8171,COO,Technical Evaluator,2023-04-03T00:00:00
1860,662,Mark,Robinson,mark.robinson@waystar.io,+1-742-573-9864,Head of Data,Economic Buyer,2023-05-06T00:00:00
1861,39,John,Lee,john.lee@acme.com,+1-688-249-5898,VP of Product,Blocker,2024-09-09T00:00:00
1862,842,Joseph,Harris,joseph.harris@piedpiper.com,+1-639-499-4533,Director of Operations,Coach,2020-08-18T00:00:00
1863,460,Betty,Martin,betty.martin@waystar.io,+1-462-230-1620,Head of Security,Technical Evaluator,2024-12-16T00:00:00
1864,158,Sandra,Taylor,sandra.taylor@acme.com,,CTO,End User,2024-12-25T00:00:00
1865,698,Joshua,Gonzalez,joshua.gonzalez@umbrella.co,+1-992-980-7632,COO,End User,2024-12-12T00:00:00
1866,295,Patricia,Taylor,patricia.taylor@piedpiper.com,+1-219-769-6865,DevOps Lead,End User,2023-02-20T00:00:00
1867,365,Charles,Brown,charles.brown@waystar.io,+1-514-817-7110,,Champion,2024-11-16T00:00:00
1868,332,John,Lopez,john.lopez@acme.com,+1-893-596-5310,Solutions Architect,Technical Evaluator,2024-12-17T00:00:00
1869,442,Sarah,Brown,sarah.brown,+1-254-250-3956,Director of IT,Champion,2022-06-15T00:00:00
1870,673,Ashley,Moore,ashley.moore@initech.com,+1-575-184-5486,VP of Sales,Champion,2024-09-29T00:00:00
1871,370,Donald,Garcia,donald.garcia,+1-367-680-9291,Head of Security,Technical Evaluator,2024-12-31T00:00:00
1872,289,Elizabeth,Jones,elizabeth.jones@piedpiper.com,+1-269-519-5559,Engineering Manager,Coach,2021-05-22T00:00:00
1873,580,Margaret,Garcia,margaret.garcia@globex.com,+1-285-911-5132,Engineering Manager,Technical Evaluator,2024-04-12T00:00:00
1874,396,Christopher,Jones,christopher.jones@acme.com,+1-834-130-1900,Director of Marketing,Champion,2023-08-26T00:00:00
1875,942,Sarah,Moore,sarah.moore@umbrella.co,+1-453-771-1492,Director of IT,Blocker,2024-12-15T00:00:00
1876,829,Steven,Lee,steven.lee@waystar.io,+1-739-583-2283,CTO,Economic Buyer,2024-12-04T00:00:00
1877,518,Daniel,Perez,daniel.perez@umbrella.co,,Director of Marketing,Champion,2023-10-31T00:00:00
1878,522,Joseph,Robinson,joseph.robinson@waystar.io,+1-396-525-7109,VP of Product,End User,2024-10-26T00:00:00
1879,1,Michelle,Harris,michelle.harris@umbrella.co,+1-226-197-1796,VP of Sales,Technical Evaluator,2020-12-31T00:00:00
1880,9,Donald,Miller,donald.miller@acme.com,+1-789-908-8719,CTO,Economic Buyer,2024-06-25T00:00:00
1881,829,Mark,Miller,mark.miller@initech.com,+1-718-222-4565,Director of IT,Economic Buyer,2024-12-25T00:00:00
1882,298,Matthew,Hernandez,matthew.hernandez@initech.com,+1-278-301-6940,DevOps Lead,Economic Buyer,2024-12-20T00:00:00
1883,681,Linda,Robinson,linda.robinson@piedpiper.com,+1-994-533-4099,Head of Security,Champion,2023-11-10T00:00:00
1884,628,Mary,Perez,mary.perez@initech.com,+1-270-723-1196,COO,Economic Buyer,2024-06-21T00:00:00
1885,686,Thomas,Johnson,thomas.johnson@initech.com,+1-864-231-5908,CFO,End User,2024-04-09T00:00:00
1886,954,Elizabeth,Wilson,elizabeth.wilson@umbrella.co,+1-529-868-4034,Solutions Architect,Technical Evaluator,2023-06-01T00:00:00
1887,502,Robert,Wilson,robert.wilson@piedpiper.com,+1-522-400-1402,COO,Champion,2023-12-20T00:00:00
1888,6,Andrew,Clark,andrew.clark@acme.com,+1-573-567-6777,Head of Data,Economic Buyer,2024-11-06T00:00:00
1889,632,Mary,Hernandez,mary.hernandez@umbrella.co,+1-633-778-4501,VP of Product,Coach,2022-02-15T00:00:00
1890,891,Robert,Walker,robert.walker@acme.com,,CTO,Technical Evaluator,2022-07-20T00:00:00
1891,692,Patricia,Lee,patricia.lee@umbrella.co,,Head of Security,Coach,2022-01-03T00:00:00
1892,364,Donald,Robinson,donald.robinson@piedpiper.com,+1-770-824-4579,Director of Operations,Technical Evaluator,2024-07-01T00:00:00
1893,947,Nancy,Ramirez,,+1-228-377-9377,Director of Marketing,Technical Evaluator,2024-12-28T00:00:00
1894,332,Emily,Lewis,emily.lewis@globex.com,+1-521-500-9062,Director of IT,Technical Evaluator,2024-10-01T00:00:00
1895,878,John,Thomas,john.thomas@waystar.io,,Product Manager,Champion,2022-07-29T00:00:00
1896,747,Betty,Williams,betty.williams@umbrella.co,+1-541-507-6519,Solutions Architect,Blocker,2024-01-25T00:00:00
1897,765,Karen,Sanchez,karen.sanchez@initech.com,+1-925-584-3039,CTO,Economic Buyer,2024-12-01T00:00:00
1898,815,Paul,Williams,paul.williams@initech.com,+1-551-358-4578,CTO,Champion,2020-10-07T00:00:00
1899,170,Anthony,Hernandez,anthony.hernandez@umbrella.co,+1-640-167-9630,Product Manager,Champion,2024-02-19T00:00:00
1900,164,Jennifer,Martin,jennifer.martin@globex.com,+1-869-311-5860,Chief Revenue Officer,Champion,2024-10-30T00:00:00
1901,719,John,Jackson,john.jackson@umbrella.co,+1-612-506-8790,Head of Security,Economic Buyer,2022-09-03T00:00:00
1902,775,Christopher,Walker,christopher.walker@initech.com,+1-458-655-9193,CFO,End User,2024-05-10T00:00:00
1903,419,Jennifer,Garcia,jennifer.garcia@acme.com,+1-209-385-5336,VP of Engineering,Blocker,2023-01-21T00:00:00
1904,699,Karen,Lee,karen.lee@acme.com,+1-274-749-1272,Engineering Manager,End User,2024-11-17T00:00:00
1905,442,Jessica,Rodriguez,jessica.rodriguez@piedpiper.com,+1-526-397-9424,Head of Security,Blocker,2021-07-24T00:00:00
1906,946,Matthew,Moore,matthew.moore@waystar.io,+1-532-566-4211,Head of Data,Economic Buyer,2024-09-09T00:00:00
1907,337,Barbara,Anderson,barbara.anderson@acme.com,+1-817-734-4822,CFO,Champion,2023-08-08T00:00:00
1908,217,Thomas,Hernandez,thomas.hernandez@umbrella.co,+1-934-216-5151,Director of Marketing,Champion,2024-07-15T00:00:00
1909,616,Nancy,White,nancy.white@acme.com,+1-992-757-5925,CEO,Coach,2020-04-22T00:00:00
1910,39,Margaret,Rodriguez,margaret.rodriguez@waystar.io,+1-450-545-3746,Data Engineer,End User,2024-07-12T00:00:00
1911,174,Richard,Davis,richard.davis@piedpiper.com,+1-680-489-3885,Product Manager,Blocker,2021-09-20T00:00:00
1912,269,Nancy,Garcia,nancy.garcia@acme.com,+1-471-323-5536,Solutions Architect,Champion,2024-07-22T00:00:00
1913,952,Jessica,Harris,jessica.harris@acme.com,+1-410-847-3847,COO,End User,2024-09-27T00:00:00
1914,230,Sandra,Lopez,sandra.lopez@initech.com,+1-779-926-7446,VP of Product,Champion,2024-08-03T00:00:00
1915,767,William,Lopez,,+1-843-674-3009,Chief Revenue Officer,Coach,2024-12-10T00:00:00
1916,887,Ashley,Lewis,ashley.lewis@globex.com,+1-718-375-6284,Solutions Architect,End User,2022-02-16T00:00:00
1917,238,David,Clark,david.clark@waystar.io,+1-992-981-2489,CFO,Technical Evaluator,2024-05-29T00:00:00
1918,345,Sarah,Thomas,sarah.thomas@initech.com,+1-835-586-6675,Head of Data,Champion,2024-03-18T00:00:00
1919,999,John,Sanchez,john.sanchez@globex.com,+1-590-870-2360,DevOps Lead,Blocker,2021-11-22T00:00:00
1920,93,Betty,Lee,betty.lee@globex.com,+1-383-245-6575,Director of IT,End User,2024-07-09T00:00:00
1921,612,Lisa,Johnson,lisa.johnson@piedpiper.com,+1-224-230-2277,Director of IT,Technical Evaluator,2024-10-04T00:00:00
1922,212,Paul,Gonzalez,paul.gonzalez@piedpiper.com,+1-753-525-2687,VP of Engineering,Technical Evaluator,2024-05-29T00:00:00
1923,683,Ashley,Taylor,ashley.taylor@initech.com,+1-208-208-6474,VP of Engineering,Economic Buyer,2023-04-22T00:00:00
1924,115,Margaret,White,margaret.white@umbrella.co,+1-512-821-5746,CEO,Champion,2024-02-12T00:00:00
1925,675,John,Gonzalez,john.gonzalez@globex.com,+1-674-865-4904,CTO,Champion,2024-02-09T00:00:00
1926,172,David,Clark,david.clark@initech.com,+1-348-199-4669,Director of IT,End User,2023-10-28T00:00:00
1927,426,Richard,Robinson,richard.robinson@waystar.io,+1-580-599-9136,VP of Engineering,Technical Evaluator,2023-05-08T00:00:00
1928,366,Sandra,Thompson,sandra.thompson@waystar.io,+1-383-226-9008,Engineering Manager,End User,2023-09-01T00:00:00
1929,12,Donald,Ramirez,donald.ramirez@initech.com,+1-777-300-4613,DevOps Lead,Technical Evaluator,2024-05-01T00:00:00
1930,37,Jessica,Perez,jessica.perez@acme.com,+1-862-589-8544,Director of Marketing,Economic Buyer,2023-10-08T00:00:00
1931,467,Linda,Lee,linda.lee@waystar.io,+1-368-442-5956,Solutions Architect,Technical Evaluator,2023-03-18T00:00:00
1932,418,Daniel,Jackson,daniel.jackson@piedpiper.com,+1-450-959-6620,Data Engineer,Coach,2021-01-16T00:00:00
1933,22,John,Harris,john.harris@globex.com,+1-483-233-5198,Engineering Manager,End User,2024-03-30T00:00:00
1934,973,Jessica,Clark,jessica.clark@globex.com,+1-456-179-3201,Director of Operations,Technical Evaluator,2023-09-04T00:00:00
1935,342,Margaret,Lee,margaret.lee@globex.com,+1-371-262-1288,VP of Engineering,Technical Evaluator,2024-02-16T00:00:00
1936,429,Margaret,Walker,margaret.walker@waystar.io,+1-635-195-5559,VP of Infrastructure,End User,2022-12-07T00:00:00
1937,645,Donald,Rodriguez,donald.rodriguez@piedpiper.com,+1-470-128-7176,Chief Revenue Officer,Champion,2021-12-13T00:00:00
1938,676,Linda,Smith,linda.smith@piedpiper.com,+1-403-357-5507,Product Manager,Blocker,2022-05-21T00:00:00
1939,398,Joseph,Wilson,joseph.wilson@piedpiper.com,+1-391-531-5394,Product Manager,Blocker,2024-03-27T00:00:00
1940,726,Jennifer,Gonzalez,jennifer.gonzalez@globex.com,+1-486-834-4902,Solutions Architect,End User,2022-09-09T00:00:00
1941,503,James,Harris,james.harris@piedpiper.com,+1-354-371-8562,,Technical Evaluator,2024-12-16T00:00:00
1942,843,Thomas,Lewis,thomas.lewis@umbrella.co,+1-379-295-1379,Data Engineer,End User,2024-10-12T00:00:00
1943,818,Jennifer,Miller,jennifer.miller@piedpiper.com,+1-801-639-4614,Head of Data,Coach,2024-11-19T00:00:00
1944,109,Thomas,Clark,thomas.clark@waystar.io,+1-546-931-8608,Head of Security,Technical Evaluator,2024-02-09T00:00:00
1945,16,Robert,Brown,robert.brown@globex.com,+1-207-294-3593,CFO,End User,2024-03-11T00:00:00
1946,808,Richard,Moore,richard.moore@globex.com,+1-707-268-9938,Director of Marketing,Technical Evaluator,2024-03-31T00:00:00
1947,398,Linda,Williams,linda.williams,+1-724-532-4970,IT Manager,Blocker,2024-04-30T00:00:00
1948,566,Michael,Wilson,michael.wilson@waystar.io,+1-610-521-7277,Engineering Manager,Technical Evaluator,2024-10-26T00:00:00
1949,411,Kimberly,Smith,kimberly.smith@waystar.io,+1-533-951-7119,Director of IT,Champion,2024-08-14T00:00:00
1950,186,Andrew,Jones,andrew.jones@umbrella.co,+1-530-758-6000,Solutions Architect,End User,2024-10-14T00:00:00
1951,358,Charles,Walker,charles.walker@acme.com,+1-693-653-7582,Director of Operations,Champion,2024-05-28T00:00:00
1952,49,Christopher,Brown,christopher.brown@piedpiper.com,+1-352-236-4971,Director of Marketing,End User,2024-12-29T00:00:00
1953,640,William,Sanchez,william.sanchez@waystar.io,+1-879-405-4240,,Champion,2023-09-24T00:00:00
1954,837,Michelle,Jackson,michelle.jackson@piedpiper.com,+1-470-137-5751,Head of Data,End User,2024-09-05T00:00:00
1955,394,Sarah,Harris,sarah.harris@acme.com,+1-309-427-1987,CEO,Blocker,2023-01-06T00:00:00
1956,887,Karen,Johnson,karen.johnson@umbrella.co,+1-729-684-6783,VP of Sales,Economic Buyer,2022-11-23T00:00:00
1957,817,James,Moore,james.moore@initech.com,+1-320-446-4575,VP of Sales,Economic Buyer,2024-06-05T00:00:00
1958,242,Joshua,Miller,joshua.miller@waystar.io,+1-868-651-9659,Director of Marketing,End User,2024-06-12T00:00:00
1959,948,Donald,Johnson,donald.johnson@globex.com,+1-380-226-7559,Data Engineer,End User,2024-12-26T00:00:00
1960,553,Donna,Gonzalez,donna.gonzalez@initech.com,+1-977-929-2500,VP of Sales,Champion,2024-10-14T00:00:00
1961,556,Emily,Robinson,emily.robinson@acme.com,+1-747-383-1799,COO,Economic Buyer,2024-05-15T00:00:00
1962,346,Andrew,Jackson,andrew.jackson@piedpiper.com,+1-243-150-1508,IT Manager,Blocker,2020-09-12T00:00:00
1963,975,Sarah,Lee,sarah.lee@waystar.io,+1-874-392-3388,Director of IT,Blocker,2024-03-10T00:00:00
1964,807,Emily,Rodriguez,,,VP of Engineering,Technical Evaluator,2024-04-14T00:00:00
1965,970,Susan,Anderson,susan.anderson@globex.com,+1-807-228-6583,DevOps Lead,Economic Buyer,2024-06-10T00:00:00
1966,890,Jessica,Harris,jessica.harris@globex.com,,Engineering Manager,Technical Evaluator,2023-03-15T00:00:00
1967,888,Sandra,Hernandez,sandra.hernandez@piedpiper.com,+1-615-477-6599,DevOps Lead,Technical Evaluator,2023-06-01T00:00:00
1968,140,Margaret,Smith,margaret.smith@globex.com,+1-971-849-2549,Solutions Architect,Champion,2024-11-17T00:00:00
1969,619,Sandra,Lee,,+1-983-775-1538,Product Manager,End User,2023-08-22T00:00:00
1970,578,Barbara,Miller,barbara.miller@initech.com,,Director of Marketing,Economic Buyer,2023-05-14T00:00:00
1971,302,Kimberly,Lopez,kimberly.lopez@waystar.io,+1-910-945-1948,CFO,End User,2023-09-19T00:00:00
1972,374,Sandra,White,sandra.white@piedpiper.com,+1-725-339-2025,,Economic Buyer,2023-01-02T00:00:00
1973,154,Anthony,Sanchez,anthony.sanchez@umbrella.co,+1-882-967-1428,VP of Sales,Economic Buyer,2023-09-26T00:00:00
1974,937,Steven,Clark,steven.clark@globex.com,+1-769-431-6559,IT Manager,End User,2024-02-24T00:00:00
1975,357,Donna,Anderson,donna.anderson@globex.com,+1-926-644-1265,VP of Infrastructure,Economic Buyer,2023-12-24T00:00:00
1976,258,Elizabeth,Jones,elizabeth.jones@globex.com,+1-235-133-9861,Director of Marketing,Technical Evaluator,2022-07-07T00:00:00
1977,401,Matthew,Harris,matthew.harris@globex.com,+1-558-270-2689,VP of Infrastructure,Economic Buyer,2024-08-31T00:00:00
1978,671,Richard,Lewis,richard.lewis,+1-965-825-3371,IT Manager,Champion,2024-07-26T00:00:00
1979,164,Michelle,Anderson,michelle.anderson@acme.com,+1-288-104-2909,CFO,Economic Buyer,2024-11-19T00:00:00
1980,18,Robert,Sanchez,,+1-215-522-4548,Engineering Manager,Blocker,2023-04-27T00:00:00
1981,340,Steven,Thompson,steven.thompson@globex.com,+1-466-601-4719,Engineering Manager,Economic Buyer,2024-05-26T00:00:00
1982,753,Robert,Clark,robert.clark@umbrella.co,,Director of Marketing,End User,2023-10-27T00:00:00
1983,138,Donna,Rodriguez,donna.rodriguez@initech.com,+1-417-191-6521,Product Manager,Champion,2024-11-10T00:00:00
1984,400,Susan,Wilson,susan.wilson@waystar.io,,CTO,Champion,2024-08-08T00:00:00
1985,678,Mary,Robinson,mary.robinson@acme.com,+1-475-749-4953,Solutions Architect,Champion,2024-12-28T00:00:00
1986,878,Sandra,Wilson,sandra.wilson@waystar.io,+1-840-536-1797,Solutions Architect,Champion,2023-12-26T00:00:00
1987,705,Richard,Walker,richard.walker@acme.com,+1-238-367-4825,CEO,Technical Evaluator,2023-11-26T00:00:00
1988,153,Daniel,White,daniel.white@globex.com,+1-291-248-1105,CTO,End User,2024-11-14T00:00:00
1989,136,Jennifer,Robinson,jennifer.robinson@initech.com,+1-234-484-4333,Solutions Architect,Champion,2023-11-05T00:00:00
1990,9,Thomas,Lopez,thomas.lopez@acme.com,+1-486-288-9650,CFO,Economic Buyer,2024-10-09T00:00:00
1991,316,Lisa,Garcia,lisa.garcia,+1-232-413-4809,Director of IT,Champion,2024-11-23T00:00:00
1992,540,Betty,Sanchez,betty.sanchez@umbrella.co,+1-605-710-2603,CTO,Coach,2024-12-08T00:00:00
1993,748,Sandra,Lopez,sandra.lopez@waystar.io,,VP of Sales,Champion,2022-11-12T00:00:00
1994,715,Steven,Martinez,,+1-236-521-9915,Data Engineer,Technical Evaluator,2023-07-19T00:00:00
1995,83,Emily,Davis,emily.davis,+1-271-921-2801,Engineering Manager,End User,2024-11-06T00:00:00
1996,434,Joshua,Moore,joshua.moore@piedpiper.com,+1-735-480-4713,IT Manager,Champion,2024-04-05T00:00:00
1997,103,Lisa,Hernandez,lisa.hernandez@piedpiper.com,+1-602-495-3499,Chief Revenue Officer,Champion,2024-01-12T00:00:00
1998,314,Charles,Hernandez,charles.hernandez@piedpiper.com,+1-700-564-7006,Head of Security,Coach,2024-12-27T00:00:00
1999,12,Donna,Williams,donna.williams@globex.com,+1-879-260-6833,DevOps Lead,Champion,2023-03-31T00:00:00
2000,195,Emily,Hernandez,emily.hernandez@piedpiper.com,+1-293-197-4885,Data Engineer,End User,2024-11-03T00:00:00
2001,758,Barbara,Anderson,barbara.anderson@globex.com,+1-678-961-6901,DevOps Lead,Coach,2024-11-17T00:00:00
2002,222,Daniel,Jackson,daniel.jackson@umbrella.co,+1-441-244-7538,CEO,Technical Evaluator,2023-06-07T00:00:00
2003,883,Elizabeth,Lewis,elizabeth.lewis@piedpiper.com,+1-989-652-3916,VP of Engineering,End User,2022-10-28T00:00:00
2004,991,Lisa,Johnson,lisa.johnson,+1-373-137-6544,COO,Champion,2024-12-03T00:00:00
2005,242,Barbara,Johnson,barbara.johnson@acme.com,+1-693-930-7645,Engineering Manager,Champion,2024-11-18T00:00:00
2006,58,Joseph,Sanchez,,+1-831-874-6928,Director of Marketing,Technical Evaluator,2022-11-18T00:00:00
2007,454,Joseph,Johnson,joseph.johnson@acme.com,+1-309-627-1884,DevOps Lead,Champion,2022-10-09T00:00:00
2008,869,Richard,Harris,richard.harris@waystar.io,+1-637-632-1874,CFO,Champion,2022-08-05T00:00:00
2009,613,Sarah,Williams,,+1-874-410-5075,IT Manager,Economic Buyer,2024-09-29T00:00:00
2010,658,Donald,Davis,,+1-766-230-8529,VP of Engineering,Champion,2024-11-30T00:00:00
2011,817,Lisa,Davis,lisa.davis@umbrella.co,+1-889-668-9732,Director of Marketing,Champion,2021-11-11T00:00:00
2012,813,Jessica,Miller,jessica.miller@initech.com,+1-327-365-2161,COO,Champion,2023-12-27T00:00:00
2013,620,Charles,Hernandez,charles.hernandez@piedpiper.com,+1-580-333-6197,CFO,Economic Buyer,2024-04-07T00:00:00
2014,692,Joseph,Jackson,joseph.jackson@initech.com,+1-374-827-9797,Solutions Architect,Economic Buyer,2021-12-03T00:00:00
2015,8,Donna,Walker,donna.walker@globex.com,+1-682-351-6236,Product Manager,Coach,2024-07-15T00:00:00
2016,401,Michael,Anderson,michael.anderson@globex.com,+1-831-587-1350,Head of Data,End User,2024-01-16T00:00:00
2017,72,Mark,Garcia,mark.garcia@umbrella.co,+1-830-877-6399,,End User,2024-10-04T00:00:00
2018,438,Anthony,Harris,anthony.harris@globex.com,+1-270-717-8565,Solutions Architect,Technical Evaluator,2022-04-09T00:00:00
2019,539,Daniel,Walker,daniel.walker@piedpiper.com,+1-922-760-3407,COO,Blocker,2024-06-13T00:00:00
2020,6,Betty,Gonzalez,betty.gonzalez@waystar.io,,CTO,Champion,2024-12-15T00:00:00
2021,767,Susan,Garcia,susan.garcia@acme.com,+1-837-380-8753,DevOps Lead,Blocker,2024-12-08T00:00:00
2022,632,Nancy,Gonzalez,nancy.gonzalez@globex.com,+1-209-894-2528,Director of Marketing,Blocker,2022-10-23T00:00:00
2023,683,Kimberly,Lewis,kimberly.lewis@waystar.io,+1-446-375-9157,CTO,Economic Buyer,2021-02-07T00:00:00
2024,729,Susan,Williams,susan.williams@piedpiper.com,+1-622-442-7152,VP of Engineering,End User,2024-09-08T00:00:00
2025,488,Sandra,Taylor,sandra.taylor@piedpiper.com,,DevOps Lead,End User,2021-06-25T00:00:00
2026,34,Richard,Miller,richard.miller@piedpiper.com,+1-738-605-4030,Director of Operations,Economic Buyer,2022-08-29T00:00:00
2027,610,Susan,Hernandez,susan.hernandez@waystar.io,+1-249-652-6342,VP of Product,Blocker,2024-01-17T00:00:00
2028,130,Joshua,Martinez,joshua.martinez@waystar.io,+1-521-975-3629,CTO,Technical Evaluator,2024-11-11T00:00:00
2029,564,John,Perez,john.perez,,Chief Revenue Officer,Technical Evaluator,2024-11-05T00:00:00
2030,722,Karen,Perez,karen.perez@globex.com,+1-850-923-3971,CFO,Champion,2024-12-21T00:00:00
2031,665,Sarah,Taylor,sarah.taylor@waystar.io,+1-486-178-2076,Solutions Architect,Economic Buyer,2024-02-11T00:00:00
2032,550,Joshua,Ramirez,joshua.ramirez@piedpiper.com,+1-933-412-7969,VP of Product,Economic Buyer,2024-09-21T00:00:00
2033,102,Michelle,Lopez,michelle.lopez@acme.com,+1-422-266-7053,Director of Operations,Technical Evaluator,2024-08-03T00:00:00
2034,355,Patricia,Robinson,patricia.robinson@waystar.io,,VP of Sales,Technical Evaluator,2022-12-28T00:00:00
2035,973,Sarah,Sanchez,sarah.sanchez@umbrella.co,+1-609-888-2060,Head of Data,Economic Buyer,2023-09-28T00:00:00
2036,192,Mary,Brown,mary.brown@waystar.io,+1-283-775-7109,,Technical Evaluator,2024-11-05T00:00:00
2037,305,Michelle,Smith,michelle.smith@piedpiper.com,+1-342-425-7347,Head of Security,Economic Buyer,2024-06-03T00:00:00
2038,467,Karen,Martinez,karen.martinez@umbrella.co,,CFO,Champion,2024-07-31T00:00:00
2039,177,Joseph,Brown,joseph.brown@waystar.io,,CEO,Economic Buyer,2022-01-21T00:00:00
2040,619,Steven,Walker,steven.walker@acme.com,+1-551-120-4953,Chief Revenue Officer,Technical Evaluator,2024-06-14T00:00:00
2041,653,Andrew,Williams,andrew.williams@umbrella.co,+1-590-677-3281,CFO,Technical Evaluator,2020-10-22T00:00:00
2042,109,Donald,Lee,donald.lee@umbrella.co,+1-230-919-5534,CTO,Economic Buyer,2023-11-04T00:00:00
2043,712,Ashley,Anderson,ashley.anderson@piedpiper.com,+1-827-283-6709,Engineering Manager,Champion,2024-10-16T00:00:00
2044,389,Christopher,Rodriguez,christopher.rodriguez@initech.com,+1-748-342-6370,Engineering Manager,End User,2024-09-14T00:00:00
2045,893,Betty,Jones,betty.jones@piedpiper.com,+1-555-801-6040,Director of Marketing,Economic Buyer,2024-09-27T00:00:00
2046,984,Linda,Lewis,linda.lewis@acme.com,+1-333-993-8075,Director of Marketing,Technical Evaluator,2024-08-02T00:00:00
2047,718,Ashley,Sanchez,ashley.sanchez@initech.com,+1-605-637-7687,Head of Data,End User,2024-12-17T00:00:00
2048,442,Michelle,Jackson,michelle.jackson@acme.com,+1-267-685-4798,Product Manager,Blocker,2024-01-02T00:00:00
2049,343,Donald,Wilson,donald.wilson@globex.com,,Director of IT,Coach,2024-05-11T00:00:00
2050,263,Charles,Rodriguez,charles.rodriguez@initech.com,+1-219-849-7946,,Champion,2024-08-31T00:00:00
2051,600,Betty,Martinez,betty.martinez@waystar.io,+1-451-911-6105,Director of IT,End User,2024-06-13T00:00:00
2052,100,Donna,Gonzalez,donna.gonzalez@waystar.io,+1-326-331-4185,Chief Revenue Officer,End User,2024-12-06T00:00:00
2053,559,Joshua,Miller,joshua.miller@globex.com,+1-815-697-9948,CFO,End User,2024-12-01T00:00:00
2054,908,Jessica,Martin,jessica.martin@initech.com,+1-580-930-7076,Engineering Manager,Blocker,2024-08-31T00:00:00
2055,273,Anthony,Williams,anthony.williams@umbrella.co,+1-277-761-1123,Head of Security,Champion,2024-09-26T00:00:00
2056,236,Margaret,Jones,margaret.jones@initech.com,+1-914-828-3411,VP of Engineering,Economic Buyer,2022-04-10T00:00:00
2057,565,William,Perez,william.perez@acme.com,+1-486-775-7301,CEO,Technical Evaluator,2022-09-30T00:00:00
2058,601,Susan,Lewis,susan.lewis@piedpiper.com,,DevOps Lead,Economic Buyer,2024-09-19T00:00:00
2059,166,Paul,Thomas,paul.thomas@globex.com,+1-541-396-5446,COO,End User,2022-01-14T00:00:00
2060,944,Joshua,Clark,joshua.clark@umbrella.co,+1-207-517-5947,Solutions Architect,Champion,2024-01-09T00:00:00
2061,871,Charles,Perez,charles.perez,+1-550-227-5538,Chief Revenue Officer,Technical Evaluator,2024-01-29T00:00:00
2062,491,Charles,Hernandez,charles.hernandez@acme.com,+1-257-262-5064,VP of Product,Champion,2023-11-01T00:00:00
2063,536,Michelle,Miller,michelle.miller@umbrella.co,+1-961-775-3894,Chief Revenue Officer,Economic Buyer,2024-08-06T00:00:00
2064,861,Sarah,Anderson,sarah.anderson@initech.com,,Data Engineer,Technical Evaluator,2024-11-05T00:00:00
2065,359,Sarah,Lewis,sarah.lewis@waystar.io,+1-808-290-9926,VP of Product,Technical Evaluator,2024-05-17T00:00:00
2066,344,Margaret,Lee,margaret.lee@piedpiper.com,+1-457-154-2934,VP of Sales,Champion,2022-10-25T00:00:00
2067,858,Michelle,Jackson,michelle.jackson@acme.com,+1-251-689-2451,COO,Economic Buyer,2024-03-22T00:00:00
2068,783,Donald,Wilson,donald.wilson@piedpiper.com,+1-458-174-6865,DevOps Lead,Economic Buyer,2024-12-16T00:00:00
2069,239,Patricia,Smith,patricia.smith@piedpiper.com,+1-281-296-9305,VP of Infrastructure,Blocker,2024-12-17T00:00:00
2070,157,Joshua,Garcia,joshua.garcia@umbrella.co,+1-850-126-9537,VP of Engineering,Blocker,2022-04-17T00:00:00
2071,146,James,Gonzalez,james.gonzalez@piedpiper.com,+1-796-242-4772,Chief Revenue Officer,Economic Buyer,2024-08-24T00:00:00
2072,432,Robert,Martin,robert.martin@waystar.io,+1-950-218-6218,DevOps Lead,End User,2024-10-21T00:00:00
2073,484,Linda,Perez,linda.perez@acme.com,+1-320-993-3510,VP of Sales,End User,2023-03-09T00:00:00
2074,208,Elizabeth,Robinson,elizabeth.robinson@umbrella.co,+1-460-697-8800,Solutions Architect,Coach,2024-12-06T00:00:00
2075,256,Susan,Jones,susan.jones@piedpiper.com,+1-304-577-1501,Head of Security,Blocker,2024-12-28T00:00:00
2076,985,Joshua,Lopez,joshua.lopez@umbrella.co,+1-822-178-8234,CEO,Coach,2024-03-26T00:00:00
2077,698,Joseph,Robinson,joseph.robinson@umbrella.co,,Director of Operations,Economic Buyer,2024-06-17T00:00:00
2078,798,James,Perez,james.perez@piedpiper.com,+1-733-487-8215,Director of Operations,End User,2022-11-03T00:00:00
2079,120,Linda,Jackson,linda.jackson@acme.com,,Product Manager,Blocker,2023-09-19T00:00:00
2080,92,Donna,Martin,donna.martin@globex.com,+1-572-654-3814,Head of Data,Technical Evaluator,2023-07-12T00:00:00
2081,341,Steven,Brown,steven.brown@waystar.io,+1-619-246-6794,VP of Engineering,Champion,2023-11-29T00:00:00
2082,144,Donna,Davis,donna.davis@acme.com,,CTO,End User,2024-09-08T00:00:00
2083,812,Mark,Lee,mark.lee@piedpiper.com,+1-476-416-4497,Product Manager,Blocker,2024-05-29T00:00:00
2084,514,Michael,Thomas,michael.thomas@acme.com,,Chief Revenue Officer,Economic Buyer,2024-04-29T00:00:00
2085,325,Barbara,Johnson,barbara.johnson@globex.com,+1-452-677-8866,IT Manager,Champion,2023-10-16T00:00:00
2086,498,David,White,david.white@initech.com,,CFO,Champion,2023-11-15T00:00:00
2087,870,Steven,Harris,steven.harris@globex.com,+1-513-934-9421,Solutions Architect,Economic Buyer,2022-11-10T00:00:00
2088,999,Jennifer,Ramirez,,+1-313-932-1447,Head of Security,Champion,2021-11-11T00:00:00
2089,933,Anthony,Smith,anthony.smith@umbrella.co,+1-462-646-3831,VP of Sales,End User,2023-12-24T00:00:00
2090,298,Barbara,Miller,barbara.miller@umbrella.co,+1-357-966-3444,Solutions Architect,Champion,2024-12-26T00:00:00
2091,605,Daniel,Miller,daniel.miller@waystar.io,,Data Engineer,Coach,2021-03-01T00:00:00
2092,510,Thomas,Harris,thomas.harris@initech.com,+1-946-581-5017,VP of Sales,Coach,2024-05-19T00:00:00
2093,948,Michael,Hernandez,michael.hernandez@waystar.io,+1-692-284-6343,Chief Revenue Officer,Economic Buyer,2024-09-04T00:00:00
2094,964,Donald,Hernandez,donald.hernandez@acme.com,+1-458-419-8308,DevOps Lead,Champion,2021-08-23T00:00:00
2095,913,Karen,Moore,karen.moore@piedpiper.com,+1-556-117-1544,VP of Engineering,Technical Evaluator,2022-07-11T00:00:00
2096,371,Sarah,Brown,sarah.brown@initech.com,+1-892-859-5899,VP of Sales,Champion,2020-06-06T00:00:00
2097,111,Matthew,Martin,matthew.martin@initech.com,+1-848-179-2389,COO,Economic Buyer,2023-09-20T00:00:00
2098,711,Joseph,Johnson,joseph.johnson@umbrella.co,+1-419-548-7069,,Economic Buyer,2024-03-09T00:00:00
2099,824,Richard,Robinson,richard.robinson@globex.com,+1-464-848-2568,VP of Engineering,Blocker,2024-10-29T00:00:00
2100,5,Robert,Jones,robert.jones@umbrella.co,+1-342-289-7309,Head of Data,End User,2023-07-15T00:00:00
2101,360,Steven,Davis,steven.davis@waystar.io,+1-555-262-8313,Head of Security,Blocker,2024-06-17T00:00:00
2102,14,Emily,Lopez,emily.lopez@piedpiper.com,+1-588-209-8550,Director of IT,Blocker,2024-03-11T00:00:00
2103,49,Mary,Brown,mary.brown@waystar.io,+1-949-253-1673,Director of Operations,End User,2024-10-22T00:00:00
2104,925,Steven,Moore,steven.moore@umbrella.co,+1-654-186-4912,Director of Marketing,Economic Buyer,2024-10-24T00:00:00
2105,770,Kimberly,Williams,kimberly.williams@globex.com,+1-893-897-4051,Product Manager,Champion,2024-10-05T00:00:00
2106,5,Michelle,Harris,michelle.harris@acme.com,+1-612-901-6423,IT Manager,Economic Buyer,2024-12-20T00:00:00
2107,71,Mary,Thompson,mary.thompson@piedpiper.com,+1-518-309-6049,Head of Security,Coach,2024-10-26T00:00:00
2108,706,Lisa,Davis,lisa.davis,+1-466-211-7767,VP of Product,Technical Evaluator,2024-05-22T00:00:00
2109,274,Elizabeth,Garcia,elizabeth.garcia@waystar.io,+1-768-138-7323,DevOps Lead,Economic Buyer,2023-07-22T00:00:00
2110,47,Michael,Miller,michael.miller@acme.com,+1-253-453-1527,Director of Marketing,End User,2024-09-17T00:00:00
2111,176,Jennifer,Garcia,jennifer.garcia@waystar.io,+1-344-836-4561,Head of Data,Blocker,2023-11-01T00:00:00
2112,231,Jessica,Lee,jessica.lee@globex.com,+1-479-401-3886,Chief Revenue Officer,Economic Buyer,2024-09-23T00:00:00
2113,795,Daniel,Ramirez,daniel.ramirez@globex.com,+1-224-453-4772,Head of Data,Champion,2023-12-24T00:00:00
2114,867,Steven,Robinson,steven.robinson@initech.com,+1-228-371-5077,Product Manager,Economic Buyer,2024-02-01T00:00:00
2115,827,Robert,Sanchez,robert.sanchez@acme.com,+1-230-141-5612,COO,Economic Buyer,2023-05-07T00:00:00
2116,536,Linda,Clark,linda.clark@acme.com,,DevOps Lead,Economic Buyer,2023-04-11T00:00:00
2117,469,Jessica,Walker,jessica.walker@initech.com,+1-841-549-6475,CTO,Champion,2024-12-22T00:00:00
2118,652,Thomas,Rodriguez,thomas.rodriguez@globex.com,+1-687-172-2585,Engineering Manager,End User,2023-04-15T00:00:00
2119,434,Daniel,Sanchez,daniel.sanchez@umbrella.co,+1-278-420-6314,Director of Operations,Coach,2024-06-07T00:00:00
2120,829,Margaret,Walker,margaret.walker@acme.com,+1-259-232-9525,COO,Coach,2024-12-28T00:00:00
2121,131,James,Gonzalez,james.gonzalez@waystar.io,+1-281-386-9049,Head of Security,Champion,2024-04-29T00:00:00
2122,696,James,Robinson,james.robinson@waystar.io,+1-485-500-6016,Director of Operations,Coach,2024-01-10T00:00:00
2123,490,Emily,Garcia,emily.garcia@umbrella.co,+1-767-572-3014,Head of Data,Champion,2024-09-16T00:00:00
2124,981,Nancy,Jackson,,+1-618-634-9785,Product Manager,End User,2024-06-26T00:00:00
2125,505,Jennifer,Brown,jennifer.brown@waystar.io,+1-884-662-6904,Engineering Manager,Champion,2024-07-05T00:00:00
2126,220,Joseph,Miller,joseph.miller@acme.com,+1-538-964-8073,IT Manager,Technical Evaluator,2022-03-08T00:00:00
2127,168,Emily,Lopez,emily.lopez@acme.com,,Head of Security,End User,2024-09-17T00:00:00
2128,710,James,Lewis,james.lewis@initech.com,+1-629-472-6170,Engineering Manager,Technical Evaluator,2024-09-29T00:00:00
2129,112,Ashley,Walker,ashley.walker@globex.com,+1-640-619-4345,VP of Infrastructure,Technical Evaluator,2024-05-25T00:00:00
2130,865,Jessica,Clark,jessica.clark@acme.com,+1-480-465-5706,Head of Security,Blocker,2024-07-12T00:00:00
2131,129,Robert,Martinez,robert.martinez@waystar.io,+1-548-728-4622,CEO,Technical Evaluator,2022-03-05T00:00:00
2132,869,Donna,Sanchez,donna.sanchez@umbrella.co,+1-960-711-6294,DevOps Lead,Champion,2023-06-14T00:00:00
2133,432,John,Ramirez,john.ramirez@globex.com,+1-237-155-1270,Chief Revenue Officer,Champion,2024-02-29T00:00:00
2134,348,John,Harris,john.harris@piedpiper.com,,VP of Sales,Technical Evaluator,2024-11-26T00:00:00
2135,383,Lisa,Ramirez,lisa.ramirez@globex.com,+1-680-972-8019,Head of Security,Champion,2024-12-03T00:00:00
2136,326,Andrew,Wilson,andrew.wilson@globex.com,+1-651-445-4294,VP of Engineering,Technical Evaluator,2022-03-22T00:00:00
2137,868,Daniel,Jones,daniel.jones@initech.com,+1-735-550-3477,Director of IT,Economic Buyer,2024-05-02T00:00:00
2138,15,Thomas,White,thomas.white@acme.com,+1-427-313-6372,VP of Sales,Economic Buyer,2023-11-26T00:00:00
2139,173,Andrew,Ramirez,andrew.ramirez@piedpiper.com,,Head of Data,Technical Evaluator,2024-06-19T00:00:00
2140,748,Mark,Jones,mark.jones,+1-206-762-7613,CFO,Technical Evaluator,2024-04-29T00:00:00
2141,240,Michael,Harris,michael.harris@piedpiper.com,+1-699-372-8788,Head of Data,Technical Evaluator,2024-08-18T00:00:00
2142,545,Joseph,Jones,joseph.jones@globex.com,+1-774-316-1578,VP of Product,Blocker,2024-04-05T00:00:00
2143,242,Joseph,Lewis,joseph.lewis@piedpiper.com,+1-722-670-8150,Director of Marketing,Economic Buyer,2024-12-13T00:00:00
2144,589,Margaret,Jackson,margaret.jackson@globex.com,+1-953-380-3293,DevOps Lead,End User,2023-11-15T00:00:00
2145,372,William,Perez,william.perez@globex.com,+1-521-501-3294,CFO,Blocker,2024-05-12T00:00:00
2146,388,Lisa,Ramirez,lisa.ramirez@globex.com,+1-263-600-7430,CEO,Blocker,2023-11-15T00:00:00
2147,987,Charles,Rodriguez,charles.rodriguez@umbrella.co,+1-388-792-9967,COO,Champion,2024-08-12T00:00:00
2148,306,Christopher,Moore,christopher.moore@globex.com,,Director of IT,Technical Evaluator,2022-03-04T00:00:00
2149,256,Charles,Ramirez,charles.ramirez@globex.com,+1-492-170-8948,Solutions Architect,Technical Evaluator,2024-05-26T00:00:00
2150,194,Christopher,Harris,christopher.harris@initech.com,+1-698-990-8121,Product Manager,Blocker,2024-08-31T00:00:00
2151,967,Patricia,Sanchez,patricia.sanchez@globex.com,+1-696-383-9519,CFO,Technical Evaluator,2022-08-09T00:00:00
2152,413,Patricia,White,patricia.white@initech.com,,IT Manager,Economic Buyer,2024-09-23T00:00:00
2153,656,Sandra,Garcia,sandra.garcia@acme.com,+1-966-424-2335,Director of Operations,End User,2022-03-21T00:00:00
2154,811,Jessica,Hernandez,jessica.hernandez@globex.com,+1-630-527-7741,Engineering Manager,Technical Evaluator,2021-10-22T00:00:00
2155,348,Margaret,Lee,margaret.lee@waystar.io,+1-591-407-7233,Engineering Manager,Blocker,2024-12-31T00:00:00
2156,472,Donald,Miller,donald.miller@piedpiper.com,+1-481-251-1143,DevOps Lead,Economic Buyer,2024-12-31T00:00:00
2157,542,Mark,Wilson,mark.wilson@initech.com,+1-670-254-4763,Head of Data,Coach,2023-03-29T00:00:00
2158,757,Richard,Thomas,richard.thomas@acme.com,+1-211-282-9178,Director of IT,Technical Evaluator,2024-11-24T00:00:00
2159,732,Jennifer,Perez,jennifer.perez@initech.com,+1-376-676-7817,Director of Operations,Champion,2024-12-08T00:00:00
2160,650,Elizabeth,Thompson,elizabeth.thompson@waystar.io,+1-600-637-7550,COO,Coach,2024-12-03T00:00:00
2161,248,Kimberly,Gonzalez,kimberly.gonzalez@globex.com,+1-961-172-3359,VP of Engineering,Champion,2024-07-29T00:00:00
2162,250,Sarah,Gonzalez,sarah.gonzalez@initech.com,+1-380-262-8534,Solutions Architect,Champion,2024-05-06T00:00:00
2163,595,Betty,Brown,betty.brown@waystar.io,+1-422-499-1394,CEO,End User,2022-09-06T00:00:00
2164,303,John,Hernandez,john.hernandez,+1-827-533-3428,Data Engineer,Blocker,2023-05-27T00:00:00
2165,703,Sandra,Robinson,sandra.robinson@initech.com,+1-427-935-6507,VP of Engineering,End User,2022-05-13T00:00:00
2166,321,Steven,Sanchez,steven.sanchez@waystar.io,+1-464-528-1144,VP of Engineering,Technical Evaluator,2024-07-03T00:00:00
2167,412,Joseph,Hernandez,joseph.hernandez,+1-625-129-4981,,End User,2024-06-28T00:00:00
2168,191,Donna,Lopez,donna.lopez@initech.com,+1-402-985-2937,Director of IT,Technical Evaluator,2022-12-03T00:00:00
2169,371,Betty,Jones,betty.jones@initech.com,+1-531-602-5350,CFO,Technical Evaluator,2021-11-18T00:00:00
2170,618,Thomas,Wilson,thomas.wilson@piedpiper.com,+1-580-621-1288,Chief Revenue Officer,Technical Evaluator,2023-10-14T00:00:00
2171,482,Richard,Harris,richard.harris@piedpiper.com,+1-884-737-4241,Data Engineer,Economic Buyer,2024-03-31T00:00:00
2172,601,Barbara,Johnson,barbara.johnson@umbrella.co,+1-807-224-4573,Director of Marketing,Blocker,2023-10-15T00:00:00
2173,644,Lisa,Walker,lisa.walker@umbrella.co,+1-752-932-3068,CTO,Economic Buyer,2024-01-21T00:00:00
2174,290,Mary,Lewis,mary.lewis@umbrella.co,+1-614-104-9478,Solutions Architect,Coach,2024-12-17T00:00:00
2175,193,Karen,Harris,karen.harris@waystar.io,+1-854-298-7631,Director of Operations,Technical Evaluator,2024-12-28T00:00:00
2176,671,David,Gonzalez,david.gonzalez@waystar.io,+1-374-545-8805,Product Manager,Economic Buyer,2023-07-03T00:00:00
2177,14,John,Davis,john.davis@initech.com,+1-591-572-5517,CEO,Champion,2024-10-30T00:00:00
2178,693,Robert,Miller,robert.miller@piedpiper.com,+1-453-699-2870,VP of Engineering,Champion,2023-05-25T00:00:00
2179,824,Betty,Garcia,betty.garcia@initech.com,+1-975-126-5867,Product Manager,Technical Evaluator,2024-12-27T00:00:00
2180,95,Robert,Gonzalez,robert.gonzalez@acme.com,+1-956-409-1874,Chief Revenue Officer,Technical Evaluator,2023-07-30T00:00:00
2181,621,Michelle,Smith,michelle.smith@initech.com,+1-675-276-5802,CEO,Technical Evaluator,2024-07-25T00:00:00
2182,176,Thomas,Clark,thomas.clark@initech.com,+1-780-737-2274,IT Manager,Economic Buyer,2024-12-12T00:00:00
2183,263,Ashley,Garcia,ashley.garcia@initech.com,+1-651-141-9685,Director of Operations,Technical Evaluator,2024-09-21T00:00:00
2184,714,Susan,Smith,susan.smith@waystar.io,+1-751-559-3349,Head of Data,Champion,2024-09-25T00:00:00
2185,399,James,Robinson,james.robinson@piedpiper.com,+1-211-261-5574,DevOps Lead,End User,2024-08-23T00:00:00
2186,53,Paul,Lee,paul.lee@waystar.io,+1-847-374-9227,CTO,Champion,2023-01-03T00:00:00
2187,563,James,Lewis,james.lewis@umbrella.co,+1-278-723-1812,Product Manager,End User,2024-05-07T00:00:00
2188,542,Linda,Robinson,linda.robinson@globex.com,+1-582-749-5850,Director of Marketing,Technical Evaluator,2024-09-24T00:00:00
2189,982,Michelle,White,michelle.white@globex.com,+1-943-861-8538,Director of Operations,Economic Buyer,2024-08-18T00:00:00
2190,805,Daniel,Williams,daniel.williams,+1-669-426-8897,,End User,2024-07-19T00:00:00
2191,505,Elizabeth,Martinez,elizabeth.martinez@piedpiper.com,+1-363-584-9592,VP of Infrastructure,Economic Buyer,2022-07-14T00:00:00
2192,751,David,Lewis,david.lewis@umbrella.co,+1-380-773-4352,Head of Data,Technical Evaluator,2024-11-17T00:00:00
2193,722,Matthew,Robinson,matthew.robinson@acme.com,+1-955-569-3821,COO,Champion,2024-11-05T00:00:00
2194,441,William,Martin,william.martin@umbrella.co,+1-762-452-1331,Director of Marketing,Technical Evaluator,2024-02-24T00:00:00
2195,882,Donald,Harris,donald.harris@umbrella.co,+1-227-158-8519,Engineering Manager,Technical Evaluator,2024-05-27T00:00:00
2196,858,Michael,Anderson,michael.anderson@waystar.io,+1-637-187-8239,Director of Operations,End User,2024-10-27T00:00:00
2197,333,David,Moore,david.moore@globex.com,+1-602-354-5247,Chief Revenue Officer,Blocker,2023-06-24T00:00:00
2198,990,James,White,james.white@globex.com,+1-457-675-3845,VP of Sales,Champion,2024-09-12T00:00:00
2199,898,Jessica,Lee,jessica.lee@waystar.io,+1-310-923-1658,IT Manager,Technical Evaluator,2024-10-12T00:00:00
2200,864,Barbara,Thomas,barbara.thomas@waystar.io,+1-727-984-6345,CFO,Champion,2024-12-15T00:00:00
2201,306,Sarah,Garcia,sarah.garcia@umbrella.co,+1-406-916-2833,Head of Security,Champion,2022-03-24T00:00:00
2202,913,Joseph,Moore,joseph.moore@acme.com,+1-376-507-5739,Director of IT,Technical Evaluator,2024-03-06T00:00:00
2203,271,Matthew,Gonzalez,matthew.gonzalez@umbrella.co,+1-671-190-2441,Solutions Architect,Blocker,2021-08-05T00:00:00
2204,296,Michael,Thomas,michael.thomas@piedpiper.com,+1-361-905-5065,Chief Revenue Officer,Technical Evaluator,2021-09-22T00:00:00
2205,361,Joshua,Rodriguez,joshua.rodriguez@waystar.io,+1-747-989-7753,VP of Infrastructure,Economic Buyer,2022-08-28T00:00:00
2206,142,Lisa,Davis,lisa.davis@initech.com,+1-222-350-1166,Director of IT,Blocker,2023-04-30T00:00:00
2207,417,Michelle,Martinez,michelle.martinez@globex.com,+1-902-600-1700,Director of IT,Champion,2024-02-04T00:00:00
2208,531,Donna,Jones,donna.jones,+1-255-835-5327,COO,Champion,2024-09-22T00:00:00
2209,100,Elizabeth,White,elizabeth.white@acme.com,,Data Engineer,Champion,2024-12-11T00:00:00
2210,658,Jessica,Wilson,jessica.wilson@waystar.io,+1-499-298-6724,CTO,Coach,2024-11-15T00:00:00
2211,301,Paul,Smith,paul.smith@umbrella.co,+1-444-569-6881,Head of Data,Economic Buyer,2023-11-10T00:00:00
2212,97,Margaret,Wilson,margaret.wilson@acme.com,+1-286-459-6495,Director of Operations,Economic Buyer,2024-10-26T00:00:00
2213,624,Daniel,Williams,daniel.williams,+1-229-901-9863,Solutions Architect,Economic Buyer,2024-01-31T00:00:00
2214,577,Joseph,Harris,joseph.harris@acme.com,+1-509-379-4685,CFO,Coach,2022-07-03T00:00:00
2215,342,Andrew,Martinez,andrew.martinez@piedpiper.com,,Head of Security,Economic Buyer,2023-01-23T00:00:00
2216,640,Sandra,Jones,sandra.jones@waystar.io,+1-505-958-7015,CEO,Economic Buyer,2024-05-02T00:00:00
2217,667,Ashley,Thomas,ashley.thomas@piedpiper.com,+1-944-269-3072,Chief Revenue Officer,Economic Buyer,2022-12-02T00:00:00
2218,235,Mary,Wilson,mary.wilson@initech.com,+1-587-526-9473,COO,Champion,2023-04-18T00:00:00
2219,671,Sandra,Smith,sandra.smith@acme.com,+1-217-507-4513,VP of Infrastructure,Economic Buyer,2022-09-20T00:00:00
2220,78,Barbara,Ramirez,barbara.ramirez@waystar.io,+1-818-189-2897,CFO,Champion,2022-08-28T00:00:00
2221,908,Steven,Hernandez,steven.hernandez@waystar.io,+1-496-167-9253,Head of Data,Champion,2024-10-02T00:00:00
2222,825,Joseph,Moore,joseph.moore@acme.com,+1-507-953-6750,VP of Infrastructure,Economic Buyer,2024-06-21T00:00:00
2223,715,Mark,Gonzalez,mark.gonzalez,+1-918-731-3590,Chief Revenue Officer,Champion,2023-07-28T00:00:00
2224,969,Charles,Martin,charles.martin@umbrella.co,+1-547-527-2391,Data Engineer,Economic Buyer,2024-09-14T00:00:00
2225,40,Richard,Robinson,richard.robinson@waystar.io,+1-351-693-9486,VP of Product,Blocker,2022-06-20T00:00:00
2226,973,William,Wilson,william.wilson@acme.com,+1-681-711-8682,Solutions Architect,Champion,2023-07-24T00:00:00
2227,702,Patricia,Gonzalez,patricia.gonzalez@initech.com,+1-358-314-4787,Solutions Architect,Economic Buyer,2024-12-23T00:00:00
2228,893,Thomas,Jones,thomas.jones@initech.com,+1-986-124-6234,Chief Revenue Officer,Blocker,2024-12-22T00:00:00
2229,817,Elizabeth,Jones,elizabeth.jones@piedpiper.com,+1-378-920-4388,IT Manager,Champion,2024-06-16T00:00:00
2230,418,Steven,Brown,steven.brown@umbrella.co,+1-282-228-4971,VP of Product,Champion,2024-05-07T00:00:00
2231,226,Donna,Martin,donna.martin@piedpiper.com,+1-233-198-1975,Chief Revenue Officer,Economic Buyer,2021-12-26T00:00:00
2232,127,Emily,White,emily.white,+1-669-291-7867,CFO,Champion,2024-12-12T00:00:00
2233,294,Sandra,White,sandra.white@umbrella.co,+1-390-465-7573,Head of Security,Blocker,2024-08-01T00:00:00
2234,544,Ashley,Martin,ashley.martin@waystar.io,+1-547-575-4553,Product Manager,End User,2024-11-09T00:00:00
2235,614,Kimberly,Jackson,kimberly.jackson@waystar.io,+1-779-253-4968,CEO,End User,2020-12-11T00:00:00
2236,851,Ashley,Thomas,ashley.thomas@waystar.io,,Director of IT,End User,2024-11-18T00:00:00
2237,923,Nancy,Brown,nancy.brown@waystar.io,+1-209-198-9267,CTO,Economic Buyer,2024-12-26T00:00:00
2238,604,Thomas,Clark,,+1-412-874-5516,VP of Engineering,Champion,2024-01-08T00:00:00
2239,618,Betty,Lee,,+1-253-982-9254,CFO,Technical Evaluator,2024-03-04T00:00:00
2240,118,James,Jackson,james.jackson@umbrella.co,+1-367-338-4067,COO,Economic Buyer,2024-06-23T00:00:00
2241,695,Susan,Wilson,susan.wilson@initech.com,+1-362-635-8793,CEO,Economic Buyer,2024-12-18T00:00:00
2242,437,Patricia,Smith,patricia.smith@initech.com,+1-744-969-5288,Director of Operations,Technical Evaluator,2024-09-24T00:00:00
2243,618,Sandra,Gonzalez,sandra.gonzalez@piedpiper.com,+1-573-146-3022,IT Manager,End User,2024-09-15T00:00:00
2244,288,Donald,Anderson,donald.anderson@umbrella.co,+1-935-662-5551,VP of Sales,Technical Evaluator,2024-09-16T00:00:00
2245,460,Steven,Clark,steven.clark@initech.com,,VP of Sales,Coach,2024-08-31T00:00:00
2246,22,Thomas,Garcia,thomas.garcia@waystar.io,+1-459-985-8988,Product Manager,Technical Evaluator,2024-09-23T00:00:00
2247,146,Emily,Davis,emily.davis@piedpiper.com,+1-869-301-1397,Data Engineer,Champion,2024-11-22T00:00:00
2248,60,Paul,Harris,paul.harris@umbrella.co,+1-606-568-7533,VP of Engineering,Technical Evaluator,2024-12-11T00:00:00
2249,529,Matthew,Perez,matthew.perez@waystar.io,+1-438-711-7446,VP of Engineering,End User,2022-03-31T00:00:00
2250,431,Elizabeth,Johnson,elizabeth.johnson@piedpiper.com,+1-481-949-9041,Head of Security,Economic Buyer,2024-12-02T00:00:00
2251,336,Michael,Ramirez,michael.ramirez@waystar.io,+1-967-363-6538,VP of Product,Coach,2023-03-27T00:00:00
2252,589,Donna,Miller,donna.miller@acme.com,+1-757-927-9332,,Champion,2024-02-10T00:00:00
2253,3,James,Martin,james.martin@umbrella.co,+1-981-995-1450,VP of Infrastructure,End User,2023-02-21T00:00:00
2254,507,Robert,Jackson,robert.jackson@acme.com,+1-299-616-7937,DevOps Lead,End User,2023-09-09T00:00:00
2255,363,Kimberly,Miller,kimberly.miller@umbrella.co,+1-863-861-6158,Data Engineer,Economic Buyer,2024-06-17T00:00:00
2256,401,Mary,Miller,mary.miller@waystar.io,+1-889-331-1331,CEO,End User,2024-04-13T00:00:00
2257,557,Emily,Davis,emily.davis@waystar.io,+1-676-781-1499,Head of Security,End User,2023-04-13T00:00:00
2258,190,David,Gonzalez,david.gonzalez@acme.com,+1-796-311-6311,CFO,Champion,2023-05-11T00:00:00
2259,881,Patricia,Johnson,patricia.johnson@piedpiper.com,,Product Manager,Economic Buyer,2024-11-03T00:00:00
2260,601,Linda,Lewis,linda.lewis@globex.com,+1-483-597-2460,Data Engineer,Technical Evaluator,2024-08-25T00:00:00
2261,682,Ashley,Hernandez,ashley.hernandez@acme.com,+1-940-296-2572,VP of Engineering,Champion,2024-12-07T00:00:00
2262,229,Christopher,Robinson,christopher.robinson@acme.com,+1-926-147-3978,VP of Engineering,Technical Evaluator,2022-08-27T00:00:00
2263,309,Patricia,Rodriguez,patricia.rodriguez@initech.com,+1-447-569-5821,Director of Marketing,Technical Evaluator,2022-12-08T00:00:00
2264,729,Jennifer,Rodriguez,jennifer.rodriguez@waystar.io,+1-227-855-4791,Data Engineer,Technical Evaluator,2024-09-25T00:00:00
2265,208,Andrew,Martin,andrew.martin@initech.com,+1-928-832-6461,Chief Revenue Officer,Economic Buyer,2024-09-10T00:00:00
2266,616,Barbara,Moore,barbara.moore@waystar.io,+1-985-788-7841,Director of Marketing,Technical Evaluator,2020-03-10T00:00:00
2267,158,Nancy,Ramirez,nancy.ramirez@waystar.io,+1-755-534-3726,VP of Sales,Champion,2024-06-18T00:00:00
2268,903,Joseph,Clark,joseph.clark@initech.com,+1-573-781-1677,Director of Operations,Economic Buyer,2024-11-23T00:00:00
2269,840,Patricia,Walker,patricia.walker@acme.com,+1-883-921-7687,Data Engineer,Economic Buyer,2024-02-08T00:00:00
2270,129,Joseph,Brown,joseph.brown@umbrella.co,+1-277-613-6720,CFO,Technical Evaluator,2022-06-15T00:00:00
2271,587,Joseph,Walker,joseph.walker@initech.com,+1-308-381-6720,VP of Engineering,Champion,2022-07-26T00:00:00
2272,457,David,Walker,david.walker@globex.com,+1-562-788-7178,Head of Security,End User,2024-07-09T00:00:00
2273,298,John,Harris,john.harris@acme.com,+1-355-225-9945,Head of Security,Champion,2024-12-31T00:00:00
2274,984,Thomas,White,thomas.white@globex.com,+1-931-955-4040,Director of Marketing,Champion,2024-10-21T00:00:00
2275,749,Betty,Robinson,betty.robinson@umbrella.co,+1-234-539-2704,Director of Operations,Champion,2024-08-25T00:00:00
2276,211,Karen,Lewis,karen.lewis@piedpiper.com,+1-244-109-7295,DevOps Lead,Economic Buyer,2024-12-10T00:00:00
2277,535,Robert,Lee,robert.lee@initech.com,+1-347-261-3364,Data Engineer,End User,2024-07-13T00:00:00
2278,456,Christopher,Taylor,christopher.taylor@umbrella.co,+1-202-233-2242,VP of Sales,Economic Buyer,2024-12-30T00:00:00
2279,12,Christopher,Brown,christopher.brown@acme.com,+1-719-243-5658,Data Engineer,Coach,2024-08-04T00:00:00
2280,188,Kimberly,Harris,kimberly.harris@piedpiper.com,+1-999-396-2096,Director of Operations,Technical Evaluator,2023-05-17T00:00:00
2281,235,Richard,Williams,richard.williams@umbrella.co,+1-950-705-6378,COO,Technical Evaluator,2023-01-11T00:00:00
2282,54,David,Lopez,david.lopez@initech.com,+1-319-907-5028,Product Manager,End User,2024-09-28T00:00:00
2283,313,James,Johnson,james.johnson@initech.com,+1-836-123-6626,VP of Product,End User,2024-10-25T00:00:00
2284,907,Paul,Thomas,paul.thomas@waystar.io,+1-257-728-5025,CEO,Champion,2024-12-18T00:00:00
2285,739,Steven,Smith,steven.smith,+1-737-142-6371,Director of Operations,Blocker,2022-05-07T00:00:00
2286,632,David,Walker,david.walker@initech.com,+1-523-637-8698,COO,Technical Evaluator,2023-07-28T00:00:00
2287,897,Betty,Garcia,betty.garcia,+1-681-248-6718,Data Engineer,Technical Evaluator,2024-07-14T00:00:00
2288,943,Anthony,Brown,anthony.brown@umbrella.co,+1-742-902-8076,Head of Data,Blocker,2024-05-06T00:00:00
2289,817,William,Taylor,william.taylor@umbrella.co,+1-308-308-3766,VP of Product,Technical Evaluator,2023-11-02T00:00:00
2290,370,Michelle,Perez,michelle.perez@piedpiper.com,+1-453-982-3116,Solutions Architect,Blocker,2024-12-09T00:00:00
2291,425,Sarah,Gonzalez,sarah.gonzalez@initech.com,,VP of Product,Champion,2024-08-07T00:00:00
2292,229,Kimberly,Perez,kimberly.perez@umbrella.co,+1-461-821-1549,Engineering Manager,Champion,2024-12-21T00:00:00
2293,975,Robert,Smith,robert.smith@umbrella.co,+1-996-465-2915,Head of Data,Technical Evaluator,2024-03-17T00:00:00
2294,30,Betty,Robinson,betty.robinson@globex.com,+1-754-548-6790,VP of Engineering,Technical Evaluator,2024-07-04T00:00:00
2295,989,Donald,Perez,donald.perez@piedpiper.com,+1-776-817-1079,VP of Engineering,End User,2023-11-15T00:00:00
2296,476,Michael,Garcia,michael.garcia@umbrella.co,+1-610-336-9964,Engineering Manager,End User,2024-10-25T00:00:00
2297,605,Barbara,Taylor,barbara.taylor@umbrella.co,+1-528-448-7534,Data Engineer,Champion,2022-12-14T00:00:00
2298,765,Joshua,Wilson,,,VP of Product,Economic Buyer,2024-10-13T00:00:00
2299,188,Michael,Harris,michael.harris@initech.com,+1-935-672-8395,VP of Product,End User,2021-03-22T00:00:00
2300,709,Charles,Harris,charles.harris@umbrella.co,+1-594-997-3619,Director of Operations,Blocker,2023-06-05T00:00:00
2301,229,Donna,Walker,donna.walker@waystar.io,+1-752-680-7262,Data Engineer,Champion,2024-07-11T00:00:00
2302,951,Andrew,Anderson,andrew.anderson@waystar.io,+1-908-684-3010,CFO,Economic Buyer,2024-06-10T00:00:00
2303,651,Emily,Hernandez,emily.hernandez@waystar.io,+1-247-820-8740,Head of Data,Blocker,2023-11-05T00:00:00
2304,226,Daniel,White,daniel.white@globex.com,+1-269-824-5484,VP of Infrastructure,End User,2023-02-17T00:00:00
2305,538,Paul,Taylor,paul.taylor@acme.com,,Engineering Manager,Coach,2024-03-09T00:00:00
2306,7,Jennifer,Harris,jennifer.harris@acme.com,+1-955-980-3702,Director of IT,Champion,2024-09-20T00:00:00
2307,133,Kimberly,Jones,kimberly.jones@acme.com,+1-400-710-5597,VP of Engineering,End User,2022-05-25T00:00:00
2308,900,Steven,Lee,steven.lee@umbrella.co,+1-941-961-5893,IT Manager,Technical Evaluator,2023-09-23T00:00:00
2309,638,Jennifer,Lewis,jennifer.lewis@piedpiper.com,+1-697-460-7211,Solutions Architect,Blocker,2024-07-28T00:00:00
2310,161,Joseph,Lopez,joseph.lopez@waystar.io,+1-692-488-2351,Head of Data,Technical Evaluator,2024-04-23T00:00:00
2311,560,Paul,Thomas,paul.thomas@waystar.io,+1-465-608-2188,Director of Marketing,Technical Evaluator,2024-09-02T00:00:00
2312,776,Patricia,Ramirez,patricia.ramirez@globex.com,+1-331-274-9861,Product Manager,Technical Evaluator,2023-07-30T00:00:00
2313,171,William,Martin,william.martin@initech.com,+1-696-175-8320,IT Manager,Champion,2020-11-06T00:00:00
2314,398,Mary,Jones,mary.jones@acme.com,+1-205-514-8735,CFO,Champion,2024-11-25T00:00:00
2315,847,Matthew,Garcia,,+1-717-704-6153,Director of Operations,Technical Evaluator,2023-04-28T00:00:00
2316,609,Daniel,Thomas,daniel.thomas@piedpiper.com,,VP of Engineering,Champion,2022-08-12T00:00:00
2317,994,Donna,Moore,donna.moore,+1-938-652-6515,VP of Infrastructure,Blocker,2024-08-14T00:00:00
2318,934,Sandra,Rodriguez,sandra.rodriguez@piedpiper.com,+1-218-672-1026,IT Manager,End User,2024-03-04T00:00:00
2319,677,Joseph,Davis,joseph.davis@initech.com,+1-600-660-5526,VP of Product,Champion,2024-05-07T00:00:00
2320,319,Sandra,Miller,sandra.miller@waystar.io,+1-788-843-6358,Director of Operations,Technical Evaluator,2024-12-27T00:00:00
2321,115,Joseph,Walker,joseph.walker@umbrella.co,+1-830-453-5690,Director of Marketing,Technical Evaluator,2020-04-29T00:00:00
2322,195,Steven,Lee,steven.lee@globex.com,+1-610-821-4311,IT Manager,Economic Buyer,2024-12-23T00:00:00
2323,699,Matthew,Moore,matthew.moore@umbrella.co,+1-398-333-5328,CFO,Blocker,2024-12-06T00:00:00
2324,472,Mark,Brown,mark.brown@waystar.io,+1-977-218-6025,CFO,End User,2024-11-14T00:00:00
2325,373,Joseph,Thompson,joseph.thompson@acme.com,+1-863-556-2735,Chief Revenue Officer,End User,2023-12-01T00:00:00
2326,626,Nancy,Moore,nancy.moore@umbrella.co,+1-228-754-3464,Director of IT,Champion,2022-10-20T00:00:00
2327,906,Paul,Martin,paul.martin@initech.com,,CFO,Economic Buyer,2024-08-17T00:00:00
2328,358,Anthony,Johnson,,+1-479-384-8290,Data Engineer,Champion,2022-11-20T00:00:00
2329,105,Betty,Williams,betty.williams@initech.com,+1-201-682-3690,Director of Marketing,Technical Evaluator,2024-11-25T00:00:00
2330,101,Anthony,Harris,anthony.harris@umbrella.co,+1-551-921-5153,Engineering Manager,Technical Evaluator,2024-10-12T00:00:00
2331,638,Andrew,Lee,andrew.lee@globex.com,+1-898-507-5312,Director of IT,Technical Evaluator,2024-11-11T00:00:00
2332,816,Elizabeth,Smith,elizabeth.smith@acme.com,+1-931-530-5348,VP of Product,Blocker,2024-06-15T00:00:00
2333,977,Ashley,Lee,ashley.lee@acme.com,+1-641-375-4981,Director of IT,Champion,2024-12-31T00:00:00
2334,295,Susan,Martinez,susan.martinez@piedpiper.com,+1-689-125-7972,Director of Marketing,End User,2023-01-19T00:00:00
2335,790,Sandra,Lewis,sandra.lewis@waystar.io,+1-902-783-8598,VP of Infrastructure,Economic Buyer,2024-11-15T00:00:00
2336,592,Andrew,Jones,andrew.jones@piedpiper.com,+1-713-919-4056,Chief Revenue Officer,Champion,2022-07-04T00:00:00
2337,66,Joshua,Walker,joshua.walker@initech.com,+1-727-589-3083,CTO,Champion,2024-06-11T00:00:00
2338,280,Margaret,Lopez,margaret.lopez@globex.com,+1-898-332-9085,Director of Marketing,End User,2022-07-15T00:00:00
2339,556,Mark,Hernandez,,+1-510-432-6832,Director of Marketing,Blocker,2022-01-16T00:00:00
2340,703,Linda,Martinez,linda.martinez@globex.com,+1-603-620-6120,VP of Product,Economic Buyer,2024-12-13T00:00:00
2341,775,Joseph,Gonzalez,joseph.gonzalez@acme.com,+1-233-292-8234,CFO,End User,2024-09-26T00:00:00
2342,550,Michelle,Lopez,michelle.lopez@umbrella.co,+1-607-573-2753,Solutions Architect,Economic Buyer,2024-12-04T00:00:00
2343,635,William,Martinez,william.martinez@waystar.io,+1-829-121-1630,Director of Marketing,End User,2024-05-18T00:00:00
2344,771,Linda,Smith,linda.smith@globex.com,+1-474-146-2353,VP of Engineering,Champion,2022-05-26T00:00:00
2345,875,Robert,Thomas,robert.thomas@waystar.io,+1-634-107-9179,Director of Operations,Champion,2024-12-26T00:00:00
2346,946,Karen,Brown,karen.brown@umbrella.co,+1-203-578-5020,Director of Marketing,End User,2023-03-10T00:00:00
2347,199,Mary,Ramirez,mary.ramirez@acme.com,+1-959-473-9658,Data Engineer,Champion,2023-08-17T00:00:00
2348,754,Mark,Perez,mark.perez@globex.com,+1-312-758-6888,VP of Product,Blocker,2024-09-24T00:00:00
2349,971,Karen,Hernandez,karen.hernandez@initech.com,+1-785-832-4721,Director of Operations,Champion,2024-06-02T00:00:00
2350,496,Michelle,Sanchez,michelle.sanchez@globex.com,+1-869-320-6851,Data Engineer,End User,2023-06-12T00:00:00
2351,535,Barbara,Wilson,barbara.wilson@initech.com,+1-236-732-6380,Head of Security,Champion,2023-07-30T00:00:00
2352,663,James,Moore,james.moore,+1-467-768-5176,Director of IT,Champion,2024-06-19T00:00:00
2353,401,Joseph,Johnson,joseph.johnson@waystar.io,+1-441-319-8809,COO,Champion,2024-07-05T00:00:00
2354,337,Sandra,Martinez,sandra.martinez@umbrella.co,+1-648-307-4478,Product Manager,Champion,2022-06-30T00:00:00
2355,44,James,Thomas,james.thomas,+1-913-468-9316,CEO,Champion,2024-10-09T00:00:00
2356,637,Donna,Moore,donna.moore@umbrella.co,+1-750-949-7888,IT Manager,Blocker,2020-07-10T00:00:00
2357,12,Susan,Thompson,susan.thompson@initech.com,+1-925-112-4413,Solutions Architect,Champion,2023-02-15T00:00:00
2358,597,Ashley,Sanchez,ashley.sanchez@waystar.io,+1-325-174-9887,Director of IT,End User,2022-12-30T00:00:00
2359,352,Karen,Moore,karen.moore@acme.com,+1-212-659-7925,Head of Security,End User,2024-11-08T00:00:00
2360,946,Patricia,Thomas,patricia.thomas,+1-303-585-8278,Director of Operations,Champion,2023-09-30T00:00:00
2361,850,Mary,Moore,mary.moore@piedpiper.com,+1-344-183-4180,Product Manager,Economic Buyer,2021-05-16T00:00:00
2362,25,Linda,Clark,linda.clark@umbrella.co,+1-761-434-2618,Head of Security,Coach,2023-09-08T00:00:00
2363,834,Emily,Garcia,emily.garcia@waystar.io,,Director of Operations,Technical Evaluator,2024-08-21T00:00:00
2364,120,Mary,Martinez,mary.martinez@acme.com,+1-424-892-5015,Head of Security,Champion,2024-03-20T00:00:00
2365,527,Robert,Martinez,robert.martinez@waystar.io,+1-390-677-2396,IT Manager,Champion,2022-02-16T00:00:00
2366,277,William,Robinson,william.robinson@waystar.io,+1-403-587-4104,COO,End User,2024-02-24T00:00:00
2367,516,Paul,Robinson,paul.robinson@initech.com,+1-726-377-8046,Chief Revenue Officer,Blocker,2024-11-20T00:00:00
2368,365,Mary,Anderson,mary.anderson@umbrella.co,+1-319-982-5402,VP of Infrastructure,End User,2024-11-20T00:00:00
2369,577,Steven,Wilson,steven.wilson,+1-367-251-3512,Data Engineer,Technical Evaluator,2022-12-04T00:00:00
2370,643,Michelle,Davis,michelle.davis@globex.com,+1-630-880-3343,Director of IT,End User,2023-09-09T00:00:00
2371,6,Andrew,Williams,andrew.williams@waystar.io,+1-606-388-6201,Product Manager,Champion,2024-09-15T00:00:00
2372,609,Margaret,Smith,margaret.smith,+1-837-821-7408,Engineering Manager,End User,2022-10-24T00:00:00
2373,426,David,Gonzalez,david.gonzalez@globex.com,+1-581-395-3105,VP of Infrastructure,Champion,2021-08-01T00:00:00
2374,488,Paul,Taylor,,+1-625-125-7679,CEO,Technical Evaluator,2023-10-04T00:00:00
2375,812,Joshua,Walker,joshua.walker@acme.com,+1-622-730-8610,DevOps Lead,Technical Evaluator,2023-11-23T00:00:00
2376,479,William,Gonzalez,william.gonzalez@globex.com,+1-912-575-7487,CTO,Economic Buyer,2024-05-16T00:00:00
2377,947,William,Clark,,+1-852-944-9677,Head of Data,Champion,2024-07-15T00:00:00
2378,714,Matthew,Sanchez,matthew.sanchez@acme.com,+1-550-630-9681,Engineering Manager,End User,2022-07-26T00:00:00
2379,696,Sandra,Ramirez,sandra.ramirez@initech.com,+1-380-682-8136,CEO,Economic Buyer,2024-02-06T00:00:00
2380,518,Donald,Johnson,donald.johnson@globex.com,+1-355-239-5939,VP of Sales,Champion,2024-06-21T00:00:00
2381,840,David,Johnson,david.johnson@initech.com,+1-539-895-8079,DevOps Lead,End User,2024-06-24T00:00:00
2382,198,Kimberly,Ramirez,kimberly.ramirez@globex.com,+1-292-178-3973,CFO,Technical Evaluator,2024-12-18T00:00:00
2383,571,Michael,Walker,michael.walker@waystar.io,+1-336-797-6337,VP of Engineering,Economic Buyer,2024-06-12T00:00:00
2384,694,Thomas,Thompson,thomas.thompson@piedpiper.com,+1-668-544-1508,CEO,Champion,2024-03-05T00:00:00
2385,362,Joshua,Gonzalez,joshua.gonzalez@piedpiper.com,+1-465-931-2982,DevOps Lead,Technical Evaluator,2024-04-11T00:00:00
2386,92,Susan,Jackson,susan.jackson@acme.com,+1-713-225-8809,CTO,Technical Evaluator,2024-11-18T00:00:00
2387,584,Jessica,Jackson,jessica.jackson@piedpiper.com,+1-578-447-2815,Head of Data,Technical Evaluator,2024-12-22T00:00:00
2388,306,Matthew,Smith,,,Director of Marketing,Champion,2022-06-28T00:00:00
2389,480,Christopher,Sanchez,christopher.sanchez,+1-212-268-4016,VP of Engineering,Economic Buyer,2024-12-16T00:00:00
2390,833,Steven,Jones,steven.jones@initech.com,+1-739-797-6685,Director of Marketing,Blocker,2022-07-01T00:00:00
2391,899,Donna,Smith,donna.smith@piedpiper.com,+1-754-213-3820,CFO,Coach,2024-01-13T00:00:00
2392,718,Betty,Walker,betty.walker,+1-982-100-4860,Director of Marketing,Champion,2024-11-17T00:00:00
2393,890,Elizabeth,Johnson,elizabeth.johnson,+1-437-551-9741,Solutions Architect,Economic Buyer,2023-02-24T00:00:00
2394,783,Ashley,Johnson,ashley.johnson@initech.com,+1-539-851-3317,COO,Coach,2024-10-04T00:00:00
2395,388,Nancy,Rodriguez,nancy.rodriguez@initech.com,+1-883-656-8047,CFO,Champion,2023-08-27T00:00:00
2396,663,Donald,Rodriguez,donald.rodriguez@waystar.io,+1-222-416-3881,Director of Marketing,Champion,2024-06-04T00:00:00
2397,803,Sandra,Moore,sandra.moore@acme.com,+1-931-879-3815,DevOps Lead,Champion,2024-11-28T00:00:00
2398,809,Sandra,Robinson,sandra.robinson@initech.com,+1-999-621-1393,Product Manager,Economic Buyer,2023-10-08T00:00:00
2399,417,Joseph,Davis,joseph.davis@piedpiper.com,+1-940-403-5880,Data Engineer,Economic Buyer,2023-07-03T00:00:00
2400,779,Christopher,Davis,christopher.davis@globex.com,+1-469-455-3741,,Champion,2024-10-06T00:00:00
2401,938,Nancy,Gonzalez,nancy.gonzalez@acme.com,+1-247-802-3443,Product Manager,Champion,2024-11-30T00:00:00
2402,461,Thomas,Thomas,thomas.thomas@waystar.io,+1-838-972-1086,VP of Infrastructure,Technical Evaluator,2024-01-04T00:00:00
2403,264,Kimberly,Johnson,kimberly.johnson@initech.com,+1-953-868-6472,CEO,Economic Buyer,2023-10-01T00:00:00
2404,928,Patricia,Johnson,patricia.johnson@initech.com,,CTO,Blocker,2023-01-17T00:00:00
2405,507,Christopher,Rodriguez,christopher.rodriguez@umbrella.co,,Director of Marketing,Champion,2023-08-01T00:00:00
2406,887,Sandra,Ramirez,sandra.ramirez,+1-787-100-1701,VP of Engineering,End User,2023-02-10T00:00:00
2407,606,Joseph,Brown,joseph.brown,+1-753-146-9002,CTO,Technical Evaluator,2024-12-13T00:00:00
2408,646,Linda,Jones,linda.jones,+1-300-956-8069,Head of Security,Coach,2024-07-11T00:00:00
2409,338,David,Smith,david.smith,+1-561-479-6645,Engineering Manager,End User,2024-12-25T00:00:00
2410,763,Betty,Sanchez,betty.sanchez@waystar.io,+1-774-691-2252,Director of Operations,Blocker,2023-11-28T00:00:00
2411,932,Matthew,Gonzalez,,+1-335-227-7609,DevOps Lead,Champion,2022-12-11T00:00:00
2412,786,Michael,Hernandez,michael.hernandez@waystar.io,+1-560-656-3820,COO,Blocker,2024-09-05T00:00:00
2413,772,Sandra,Martinez,sandra.martinez@piedpiper.com,+1-393-889-1496,Director of Marketing,Champion,2023-06-17T00:00:00
2414,738,Emily,Brown,emily.brown@piedpiper.com,+1-674-911-3871,DevOps Lead,Coach,2024-12-23T00:00:00
2415,65,Elizabeth,Hernandez,elizabeth.hernandez@acme.com,+1-862-628-8501,Director of IT,Technical Evaluator,2023-11-09T00:00:00
2416,385,Barbara,Moore,barbara.moore,+1-528-865-8229,DevOps Lead,End User,2022-08-18T00:00:00
2417,594,Joshua,Smith,joshua.smith@piedpiper.com,+1-643-886-6355,CEO,Technical Evaluator,2024-06-29T00:00:00
2418,664,Elizabeth,Lee,elizabeth.lee@acme.com,+1-628-911-6721,Director of Marketing,Economic Buyer,2022-03-11T00:00:00
2419,672,Michelle,Lopez,michelle.lopez,+1-799-314-8041,Product Manager,Technical Evaluator,2024-12-01T00:00:00
2420,277,Charles,Clark,charles.clark@initech.com,+1-841-189-3266,COO,Economic Buyer,2023-10-03T00:00:00
2421,669,Matthew,Anderson,matthew.anderson@umbrella.co,+1-379-274-1372,Engineering Manager,End User,2022-05-13T00:00:00
2422,533,Matthew,Martin,,,Data Engineer,Blocker,2023-09-08T00:00:00
2423,988,Sandra,Williams,sandra.williams@initech.com,+1-332-873-6964,VP of Infrastructure,Economic Buyer,2024-04-07T00:00:00
2424,848,Margaret,Brown,margaret.brown@piedpiper.com,+1-290-579-6607,CTO,Technical Evaluator,2022-11-06T00:00:00
2425,2,Jennifer,Johnson,jennifer.johnson@piedpiper.com,+1-479-597-6783,Director of IT,Coach,2022-06-28T00:00:00
2426,449,Michelle,Jones,michelle.jones@umbrella.co,,VP of Infrastructure,Coach,2023-04-08T00:00:00
2427,93,Margaret,Jackson,margaret.jackson@initech.com,+1-460-728-8403,Head of Security,End User,2021-05-07T00:00:00
2428,133,Charles,Wilson,charles.wilson@umbrella.co,+1-932-479-1287,Data Engineer,Technical Evaluator,2022-01-19T00:00:00
2429,409,Susan,Robinson,susan.robinson@umbrella.co,+1-671-835-8896,IT Manager,Technical Evaluator,2022-02-28T00:00:00
2430,478,Ashley,Johnson,ashley.johnson@initech.com,+1-859-890-8179,Solutions Architect,Blocker,2021-06-07T00:00:00
2431,749,Steven,Harris,steven.harris@initech.com,+1-550-239-5306,VP of Engineering,End User,2024-07-23T00:00:00
2432,569,Jessica,Williams,jessica.williams@globex.com,+1-997-272-7200,Product Manager,Champion,2024-11-30T00:00:00
2433,304,Linda,Jackson,linda.jackson@umbrella.co,+1-266-164-9479,Director of Marketing,Economic Buyer,2024-10-23T00:00:00
2434,705,Sarah,Lopez,sarah.lopez@acme.com,+1-800-793-5416,COO,End User,2024-05-13T00:00:00
2435,519,Linda,Hernandez,,+1-331-935-9893,Director of Operations,Champion,2024-04-26T00:00:00
2436,261,Andrew,Moore,andrew.moore@globex.com,+1-460-596-1629,Director of Operations,End User,2024-05-22T00:00:00
2437,869,Joseph,Harris,joseph.harris,+1-880-436-8874,VP of Product,Economic Buyer,2023-02-21T00:00:00
2438,685,Richard,Williams,richard.williams@umbrella.co,,VP of Product,Champion,2022-10-12T00:00:00
2439,332,Matthew,Smith,matthew.smith@waystar.io,+1-377-121-6757,Director of Marketing,Blocker,2024-09-06T00:00:00
2440,149,Mary,Lee,mary.lee@initech.com,,Engineering Manager,End User,2024-12-24T00:00:00
2441,630,Jessica,Jackson,jessica.jackson@acme.com,+1-569-168-6744,DevOps Lead,End User,2024-08-19T00:00:00
2442,527,Mary,Martinez,mary.martinez@acme.com,+1-821-429-2056,Head of Data,Technical Evaluator,2023-04-17T00:00:00
2443,835,Betty,Jones,betty.jones@initech.com,+1-460-237-5960,CFO,Technical Evaluator,2024-10-21T00:00:00
2444,925,Emily,Martinez,emily.martinez@piedpiper.com,+1-622-684-7159,Product Manager,Coach,2023-06-04T00:00:00
2445,107,Joshua,Smith,joshua.smith@piedpiper.com,+1-755-909-3994,CFO,End User,2024-06-22T00:00:00
2446,405,Michael,Walker,michael.walker@waystar.io,+1-585-830-5761,Chief Revenue Officer,Coach,2024-12-21T00:00:00
2447,435,Sandra,Williams,sandra.williams@globex.com,,CTO,Blocker,2022-07-18T00:00:00
2448,266,Nancy,Rodriguez,nancy.rodriguez@globex.com,+1-676-591-4201,VP of Sales,Champion,2024-03-19T00:00:00
2449,163,Jessica,Thompson,jessica.thompson@acme.com,+1-624-388-2940,VP of Product,Champion,2024-09-22T00:00:00
2450,466,Sandra,Davis,sandra.davis@waystar.io,+1-367-945-9030,Head of Security,Champion,2024-08-24T00:00:00
2451,326,Thomas,Perez,thomas.perez,+1-218-714-8222,Director of Operations,Champion,2022-08-14T00:00:00
2452,110,Jennifer,Gonzalez,jennifer.gonzalez@piedpiper.com,+1-435-327-5959,VP of Engineering,Economic Buyer,2023-08-27T00:00:00
2453,339,Donna,Moore,donna.moore@piedpiper.com,+1-632-593-1250,Director of Marketing,Technical Evaluator,2024-12-12T00:00:00
2454,467,William,Wilson,william.wilson@acme.com,+1-361-324-1511,,Champion,2023-11-13T00:00:00
2455,950,David,Smith,david.smith@piedpiper.com,+1-687-107-2552,Engineering Manager,Coach,2023-11-23T00:00:00
2456,154,Linda,Lee,linda.lee@globex.com,+1-643-445-7104,DevOps Lead,Technical Evaluator,2023-09-26T00:00:00
2457,255,Betty,Martin,betty.martin@globex.com,+1-786-375-9047,Director of Operations,Champion,2024-11-21T00:00:00
2458,390,Elizabeth,Martin,elizabeth.martin@globex.com,+1-504-308-5848,Head of Security,Economic Buyer,2022-11-14T00:00:00
2459,755,Sarah,Perez,sarah.perez@initech.com,+1-421-741-9747,DevOps Lead,Coach,2024-12-23T00:00:00
2460,269,Jennifer,Anderson,jennifer.anderson@globex.com,+1-264-524-9287,CEO,Technical Evaluator,2024-11-19T00:00:00
2461,393,Linda,Garcia,linda.garcia@waystar.io,+1-726-867-3412,Head of Data,Coach,2022-11-22T00:00:00
2462,902,Matthew,Thomas,matthew.thomas@piedpiper.com,+1-707-243-4539,Head of Data,Technical Evaluator,2024-06-10T00:00:00
2463,367,Nancy,Anderson,,+1-934-907-6982,CFO,Champion,2023-12-10T00:00:00
2464,738,Sarah,Anderson,sarah.anderson@acme.com,+1-380-527-3785,Solutions Architect,End User,2024-12-29T00:00:00
2465,805,Barbara,Rodriguez,barbara.rodriguez@globex.com,+1-632-869-8084,IT Manager,End User,2024-10-27T00:00:00
2466,446,Margaret,Davis,margaret.davis@initech.com,+1-732-347-4605,Director of IT,Economic Buyer,2022-12-11T00:00:00
2467,101,Mary,Martinez,mary.martinez,+1-287-465-4772,VP of Infrastructure,End User,2024-07-27T00:00:00
2468,867,Joseph,Clark,joseph.clark@piedpiper.com,+1-430-680-4211,Chief Revenue Officer,Economic Buyer,2021-03-23T00:00:00
2469,979,Karen,Jones,karen.jones@umbrella.co,+1-887-486-4115,VP of Engineering,Champion,2024-12-01T00:00:00
2470,871,Michelle,Clark,michelle.clark@piedpiper.com,+1-484-136-2272,VP of Product,Economic Buyer,2022-08-02T00:00:00
2471,100,Paul,Lee,paul.lee@globex.com,+1-718-686-3927,Director of Operations,Economic Buyer,2024-12-20T00:00:00
2472,651,Ashley,Davis,ashley.davis@waystar.io,+1-804-524-3281,Product Manager,End User,2023-06-05T00:00:00
2473,414,William,Lopez,william.lopez@acme.com,+1-219-989-2541,Director of IT,Coach,2024-02-29T00:00:00
2474,226,William,Robinson,william.robinson@umbrella.co,+1-328-536-8310,Data Engineer,End User,2024-12-07T00:00:00
2475,937,David,Harris,david.harris@acme.com,+1-786-509-1470,CFO,Economic Buyer,2024-09-27T00:00:00
2476,631,Steven,Davis,steven.davis@initech.com,,Solutions Architect,Champion,2024-03-09T00:00:00
2477,393,James,Brown,james.brown@globex.com,+1-760-968-9404,Director of Marketing,End User,2021-05-29T00:00:00
2478,247,Robert,Gonzalez,,+1-440-812-6169,VP of Infrastructure,End User,2024-12-09T00:00:00
2479,237,Michael,Rodriguez,michael.rodriguez@piedpiper.com,+1-281-412-1826,Engineering Manager,Blocker,2024-04-08T00:00:00
2480,349,Patricia,Perez,,+1-310-831-6675,Data Engineer,End User,2024-11-21T00:00:00
2481,325,John,Hernandez,john.hernandez@acme.com,+1-789-818-6563,CEO,Champion,2024-09-06T00:00:00
2482,452,Robert,Williams,robert.williams,+1-314-391-6222,VP of Engineering,Technical Evaluator,2021-07-08T00:00:00
2483,88,Donna,Jackson,donna.jackson@initech.com,+1-370-644-9796,CFO,Technical Evaluator,2024-10-17T00:00:00
2484,640,Barbara,Perez,barbara.perez@umbrella.co,+1-801-337-9084,CEO,End User,2022-03-27T00:00:00
2485,274,Donald,Anderson,donald.anderson@umbrella.co,+1-209-551-1226,Director of Operations,Blocker,2023-02-26T00:00:00
2486,178,Charles,Anderson,charles.anderson@initech.com,+1-607-429-5483,CFO,Champion,2024-06-30T00:00:00
2487,849,Emily,Jackson,emily.jackson@acme.com,+1-873-578-3849,Product Manager,Technical Evaluator,2023-10-14T00:00:00
2488,901,Linda,Rodriguez,linda.rodriguez@initech.com,+1-610-233-7234,Data Engineer,Economic Buyer,2024-04-13T00:00:00
2489,824,Jennifer,Davis,jennifer.davis@acme.com,+1-734-809-8820,Engineering Manager,End User,2024-12-20T00:00:00
2490,222,Matthew,Harris,matthew.harris,+1-397-677-6784,Head of Security,Economic Buyer,2021-09-07T00:00:00
2491,973,William,Johnson,william.johnson,+1-576-525-3050,Solutions Architect,Technical Evaluator,2024-07-21T00:00:00
2492,561,Nancy,Anderson,nancy.anderson@globex.com,+1-223-331-5707,COO,Blocker,2024-12-20T00:00:00
2493,406,Susan,Anderson,susan.anderson,+1-956-255-2058,CEO,Champion,2023-04-18T00:00:00
2494,430,Paul,Garcia,paul.garcia@piedpiper.com,+1-323-621-9614,VP of Infrastructure,Blocker,2024-12-29T00:00:00
2495,376,Kimberly,Martinez,,+1-483-258-5395,COO,Economic Buyer,2024-06-30T00:00:00
2496,873,Donna,Brown,donna.brown@acme.com,+1-338-731-7750,Head of Security,Economic Buyer,2024-03-07T00:00:00
2497,347,Susan,Lewis,susan.lewis@initech.com,+1-290-430-8699,Head of Security,End User,2024-11-15T00:00:00
2498,831,Joshua,Clark,joshua.clark@globex.com,+1-628-639-8083,Director of Operations,Champion,2022-01-24T00:00:00
2499,296,Matthew,Johnson,matthew.johnson@piedpiper.com,+1-721-263-1483,Product Manager,Economic Buyer,2023-10-13T00:00:00
2500,183,Anthony,White,anthony.white@waystar.io,+1-407-174-1407,Head of Security,End User,2024-11-05T00:00:00
2501,948,Susan,Harris,susan.harris@umbrella.co,+1-337-842-8072,VP of Sales,Blocker,2024-06-24T00:00:00
2502,115,Margaret,Taylor,margaret.taylor@waystar.io,+1-307-226-9520,Director of Operations,Technical Evaluator,2020-05-10T00:00:00
2503,413,James,Lopez,james.lopez@waystar.io,+1-427-570-2635,Product Manager,Economic Buyer,2024-07-18T00:00:00
2504,435,Emily,Miller,emily.miller@piedpiper.com,,VP of Engineering,Technical Evaluator,2024-04-13T00:00:00
2505,54,Mark,Gonzalez,mark.gonzalez@initech.com,+1-238-240-6318,CFO,Champion,2024-11-02T00:00:00
2506,347,Steven,Lopez,steven.lopez@umbrella.co,+1-898-867-2195,COO,Coach,2024-09-17T00:00:00
2507,81,Ashley,Moore,ashley.moore@globex.com,+1-460-815-5936,Head of Security,Coach,2024-04-12T00:00:00
2508,368,Donald,Hernandez,donald.hernandez@umbrella.co,+1-336-697-6189,Head of Data,Technical Evaluator,2024-11-08T00:00:00
2509,491,Barbara,White,barbara.white@globex.com,+1-834-898-6835,Head of Security,End User,2024-05-16T00:00:00
2510,591,Thomas,Clark,thomas.clark@acme.com,,Product Manager,Technical Evaluator,2023-04-21T00:00:00
2511,158,John,Perez,john.perez@piedpiper.com,,Chief Revenue Officer,Champion,2023-04-03T00:00:00
2512,297,Andrew,Gonzalez,andrew.gonzalez@umbrella.co,+1-467-294-4820,Head of Security,End User,2023-12-06T00:00:00
2513,121,Mary,Rodriguez,mary.rodriguez,+1-215-146-4901,Data Engineer,Champion,2024-01-19T00:00:00
2514,394,Emily,Hernandez,emily.hernandez@piedpiper.com,,Director of Marketing,Coach,2021-06-23T00:00:00
2515,969,William,Ramirez,william.ramirez@waystar.io,,Head of Data,Blocker,2024-08-12T00:00:00
2516,166,James,Lee,james.lee@umbrella.co,,Director of Marketing,Technical Evaluator,2021-02-08T00:00:00
2517,209,Jessica,Gonzalez,jessica.gonzalez@piedpiper.com,+1-288-414-5226,Director of Operations,End User,2024-05-07T00:00:00
2518,144,Elizabeth,Garcia,elizabeth.garcia@umbrella.co,+1-644-706-2532,Product Manager,Technical Evaluator,2024-08-02T00:00:00
2519,974,Ashley,Smith,ashley.smith@waystar.io,+1-618-160-4855,IT Manager,Technical Evaluator,2024-02-10T00:00:00
2520,731,James,Lewis,james.lewis@piedpiper.com,+1-382-314-2239,VP of Product,Economic Buyer,2023-12-28T00:00:00
2521,723,Mary,Smith,mary.smith@piedpiper.com,+1-793-428-1268,CFO,End User,2024-01-27T00:00:00
2522,632,Daniel,Miller,daniel.miller@globex.com,+1-255-724-6468,VP of Sales,Technical Evaluator,2021-06-24T00:00:00
2523,766,Robert,White,robert.white@umbrella.co,+1-987-486-9482,DevOps Lead,Coach,2023-09-17T00:00:00
2524,589,James,Perez,james.perez,+1-387-110-7383,COO,Champion,2024-12-14T00:00:00
2525,701,Christopher,Thompson,christopher.thompson@umbrella.co,+1-869-402-1469,VP of Product,Economic Buyer,2023-09-11T00:00:00
2526,108,Ashley,Hernandez,ashley.hernandez@piedpiper.com,,Solutions Architect,Technical Evaluator,2024-11-18T00:00:00
2527,616,Matthew,Davis,matthew.davis@umbrella.co,,Engineering Manager,Economic Buyer,2024-08-17T00:00:00
2528,491,Kimberly,Sanchez,kimberly.sanchez@piedpiper.com,+1-372-517-8953,Data Engineer,Champion,2024-09-19T00:00:00
2529,768,Matthew,Johnson,matthew.johnson@globex.com,+1-736-863-9130,VP of Product,Technical Evaluator,2024-03-05T00:00:00
2530,345,Margaret,Thompson,margaret.thompson@waystar.io,,VP of Engineering,Technical Evaluator,2024-01-12T00:00:00
2531,586,Jessica,Jones,jessica.jones@initech.com,+1-492-972-8036,IT Manager,Technical Evaluator,2024-07-15T00:00:00
2532,424,Jessica,Hernandez,jessica.hernandez,+1-453-903-6467,CEO,End User,2023-07-14T00:00:00
2533,342,Michael,Jones,michael.jones@initech.com,+1-937-316-5768,VP of Infrastructure,Blocker,2024-01-10T00:00:00
2534,92,Richard,Martin,richard.martin@initech.com,+1-666-321-7467,Director of Operations,Blocker,2023-05-02T00:00:00
2535,192,James,Brown,james.brown@umbrella.co,,Data Engineer,End User,2024-12-22T00:00:00
2536,499,Sarah,Thomas,sarah.thomas@waystar.io,+1-336-168-9762,Head of Security,End User,2024-12-18T00:00:00
2537,644,Margaret,Lee,margaret.lee@umbrella.co,+1-393-517-4648,Director of IT,Champion,2024-06-10T00:00:00
2538,982,Lisa,Miller,,+1-907-218-5683,IT Manager,Economic Buyer,2024-08-24T00:00:00
2539,594,Jennifer,Anderson,jennifer.anderson@umbrella.co,+1-658-968-2339,CEO,Champion,2023-10-12T00:00:00
2540,228,Jennifer,Miller,jennifer.miller@waystar.io,+1-635-529-4209,Director of IT,Technical Evaluator,2022-12-25T00:00:00
2541,59,Mary,Ramirez,mary.ramirez@globex.com,+1-503-900-1838,VP of Infrastructure,Champion,2024-01-27T00:00:00
2542,259,Robert,Martinez,robert.martinez@initech.com,+1-219-489-7738,,End User,2024-11-27T00:00:00
2543,301,Mark,Clark,mark.clark@globex.com,+1-734-476-1464,Head of Data,Blocker,2024-01-13T00:00:00
2544,515,Paul,Anderson,paul.anderson@piedpiper.com,+1-926-537-8477,Chief Revenue Officer,Champion,2022-05-25T00:00:00
2545,427,Margaret,White,margaret.white@initech.com,+1-385-206-2144,Director of Marketing,End User,2024-09-19T00:00:00
2546,827,Steven,Perez,steven.perez@piedpiper.com,+1-624-443-4841,Solutions Architect,Technical Evaluator,2023-02-17T00:00:00
2547,948,Joseph,Jones,joseph.jones@waystar.io,+1-693-635-2947,CTO,Champion,2024-08-04T00:00:00
2548,149,Thomas,Smith,thomas.smith@waystar.io,+1-346-472-6043,Data Engineer,Champion,2024-12-29T00:00:00
2549,444,Susan,Jones,susan.jones@piedpiper.com,+1-311-264-8984,COO,Champion,2023-05-28T00:00:00
2550,564,Linda,Williams,linda.williams@piedpiper.com,+1-204-760-6269,Head of Data,Technical Evaluator,2023-10-01T00:00:00
2551,850,Margaret,Sanchez,margaret.sanchez@acme.com,+1-413-726-5263,Director of Operations,Blocker,2020-06-04T00:00:00
2552,643,Lisa,Martin,lisa.martin@acme.com,+1-274-864-7190,Head of Security,Blocker,2021-10-25T00:00:00
2553,250,Donna,Walker,donna.walker,+1-357-532-9788,CEO,Coach,2024-07-26T00:00:00
2554,653,Joshua,Sanchez,joshua.sanchez@waystar.io,+1-884-313-8911,Director of Marketing,End User,2021-07-07T00:00:00
2555,859,Daniel,Davis,daniel.davis@piedpiper.com,+1-581-767-6434,Head of Data,Technical Evaluator,2024-09-25T00:00:00
2556,646,Patricia,Davis,,,IT Manager,Blocker,2023-09-14T00:00:00
2557,391,Donald,Sanchez,donald.sanchez@umbrella.co,+1-377-106-5293,CEO,Economic Buyer,2024-10-15T00:00:00
2558,928,Sandra,Harris,sandra.harris@waystar.io,,Engineering Manager,Economic Buyer,2022-06-13T00:00:00
2559,645,Steven,Walker,steven.walker@acme.com,+1-610-614-1928,Head of Data,Technical Evaluator,2023-10-07T00:00:00
2560,661,Jennifer,Jackson,jennifer.jackson@waystar.io,+1-478-309-6407,VP of Sales,Champion,2024-10-30T00:00:00
2561,798,Sandra,Lewis,sandra.lewis@piedpiper.com,+1-584-164-2454,Solutions Architect,Technical Evaluator,2021-12-28T00:00:00
2562,567,Patricia,Moore,patricia.moore,+1-817-337-4156,Director of Marketing,End User,2024-07-04T00:00:00
2563,107,Nancy,Brown,nancy.brown@waystar.io,,DevOps Lead,End User,2024-09-06T00:00:00
2564,899,Elizabeth,Miller,elizabeth.miller@piedpiper.com,+1-407-781-1604,Director of IT,Coach,2021-02-02T00:00:00
2565,892,Linda,Wilson,linda.wilson@waystar.io,+1-285-256-2818,CTO,Technical Evaluator,2024-06-27T00:00:00
2566,494,Donald,Anderson,donald.anderson@piedpiper.com,+1-439-828-3958,Director of Operations,Economic Buyer,2022-03-29T00:00:00
2567,951,Michelle,Brown,michelle.brown@acme.com,+1-691-218-2595,VP of Product,Technical Evaluator,2024-04-10T00:00:00
2568,627,Barbara,Walker,barbara.walker@waystar.io,+1-304-659-9077,Director of IT,Champion,2024-11-19T00:00:00
2569,93,Thomas,Hernandez,thomas.hernandez@piedpiper.com,+1-355-260-2288,Head of Data,Coach,2021-09-24T00:00:00
2570,374,Donald,Lopez,donald.lopez@globex.com,+1-368-866-8212,VP of Sales,Champion,2023-05-29T00:00:00
2571,608,Patricia,Anderson,patricia.anderson@piedpiper.com,+1-479-250-7749,Product Manager,Technical Evaluator,2024-08-10T00:00:00
2572,983,Barbara,Rodriguez,barbara.rodriguez@globex.com,+1-594-313-6690,Solutions Architect,End User,2022-08-15T00:00:00
2573,792,Susan,Garcia,susan.garcia@initech.com,+1-403-583-8874,VP of Infrastructure,Economic Buyer,2023-11-15T00:00:00
2574,404,Nancy,Davis,nancy.davis@globex.com,+1-821-328-6377,VP of Sales,Technical Evaluator,2024-05-09T00:00:00
2575,103,Joshua,Gonzalez,joshua.gonzalez@waystar.io,+1-417-996-1240,CEO,Technical Evaluator,2023-01-26T00:00:00
2576,996,Daniel,Jackson,daniel.jackson@globex.com,+1-731-873-6537,VP of Sales,Technical Evaluator,2024-12-16T00:00:00
2577,557,Mark,Clark,mark.clark@initech.com,+1-398-582-6372,Director of Operations,Champion,2024-01-15T00:00:00
2578,55,Lisa,Davis,lisa.davis@piedpiper.com,,Director of IT,Technical Evaluator,2023-12-15T00:00:00
2579,606,Robert,Robinson,robert.robinson@initech.com,+1-919-603-9098,Chief Revenue Officer,Blocker,2024-11-11T00:00:00
2580,634,Elizabeth,Clark,elizabeth.clark@globex.com,+1-250-250-1651,Chief Revenue Officer,Technical Evaluator,2024-09-01T00:00:00
2581,377,James,Sanchez,james.sanchez@waystar.io,+1-723-263-1737,Data Engineer,Technical Evaluator,2024-03-27T00:00:00
2582,360,Patricia,Robinson,patricia.robinson@acme.com,+1-459-238-1872,Engineering Manager,Champion,2024-09-01T00:00:00
2583,793,Barbara,Martin,barbara.martin@globex.com,+1-663-123-2902,Head of Security,Champion,2024-04-03T00:00:00
2584,547,Steven,Harris,steven.harris@waystar.io,+1-239-272-3402,Director of Marketing,Economic Buyer,2024-11-12T00:00:00
2585,563,Jessica,Martinez,,+1-567-103-9687,CFO,Blocker,2024-02-14T00:00:00
2586,846,Betty,Garcia,betty.garcia@initech.com,+1-360-602-4178,VP of Infrastructure,Technical Evaluator,2021-07-06T00:00:00
2587,84,Andrew,Brown,andrew.brown@acme.com,+1-530-625-9291,Head of Security,Economic Buyer,2023-02-15T00:00:00
2588,245,Patricia,Jackson,patricia.jackson@initech.com,+1-378-725-9490,,End User,2024-10-25T00:00:00
2589,910,Thomas,Martin,thomas.martin,+1-982-372-5528,Director of Operations,Champion,2021-06-02T00:00:00
2590,516,David,Lopez,david.lopez@initech.com,+1-860-457-9810,VP of Sales,Coach,2023-01-15T00:00:00
2591,61,Nancy,Miller,nancy.miller@piedpiper.com,+1-774-173-2481,Product Manager,Blocker,2024-09-18T00:00:00
2592,633,Mary,Harris,mary.harris@piedpiper.com,+1-908-245-1250,DevOps Lead,Champion,2024-09-13T00:00:00
2593,162,Joseph,Martin,,+1-425-144-7328,Engineering Manager,Blocker,2022-02-12T00:00:00
2594,384,Sandra,Smith,sandra.smith@globex.com,+1-525-512-6273,VP of Engineering,Economic Buyer,2024-08-12T00:00:00
2595,96,Elizabeth,Rodriguez,elizabeth.rodriguez@acme.com,,COO,Economic Buyer,2024-03-26T00:00:00
2596,812,John,Wilson,john.wilson@umbrella.co,+1-218-722-9799,Director of IT,Economic Buyer,2023-09-22T00:00:00
2597,871,Mark,Wilson,mark.wilson@umbrella.co,+1-536-487-1495,VP of Sales,Technical Evaluator,2023-07-12T00:00:00
2598,299,Joshua,Williams,joshua.williams@piedpiper.com,+1-460-930-2465,Head of Security,Champion,2023-07-07T00:00:00
2599,717,Matthew,Williams,matthew.williams@umbrella.co,+1-795-118-2481,Chief Revenue Officer,Champion,2023-08-11T00:00:00
2600,838,John,Thompson,john.thompson@initech.com,+1-876-100-2715,IT Manager,Champion,2024-02-25T00:00:00
2601,472,William,Smith,william.smith@umbrella.co,+1-713-474-4062,Chief Revenue Officer,Economic Buyer,2024-03-01T00:00:00
2602,763,Michelle,Martinez,michelle.martinez@globex.com,+1-833-512-2744,DevOps Lead,Economic Buyer,2023-02-21T00:00:00
2603,133,Joshua,Moore,joshua.moore@initech.com,+1-359-905-2163,Engineering Manager,Coach,2023-10-03T00:00:00
2604,175,Thomas,Sanchez,thomas.sanchez@piedpiper.com,+1-224-933-8307,Chief Revenue Officer,Champion,2024-07-07T00:00:00
2605,437,Ashley,Martin,ashley.martin@initech.com,+1-621-134-4134,VP of Infrastructure,Technical Evaluator,2024-11-16T00:00:00
2606,986,Linda,Jackson,linda.jackson@globex.com,+1-775-825-1657,Solutions Architect,Economic Buyer,2023-06-17T00:00:00
2607,538,Michelle,Taylor,michelle.taylor@umbrella.co,+1-990-475-3738,Director of Operations,Technical Evaluator,2024-02-05T00:00:00
2608,522,Susan,Hernandez,,+1-962-400-8256,Product Manager,Technical Evaluator,2022-08-23T00:00:00
2609,678,Anthony,Moore,anthony.moore@waystar.io,+1-428-348-5390,Engineering Manager,End User,2024-11-08T00:00:00
2610,467,Anthony,Sanchez,anthony.sanchez@acme.com,+1-384-313-4840,Product Manager,Champion,2022-12-18T00:00:00
2611,312,Kimberly,Walker,kimberly.walker@piedpiper.com,+1-597-674-8075,DevOps Lead,End User,2024-10-26T00:00:00
2612,402,John,Martin,john.martin,+1-750-537-8993,,Coach,2024-05-14T00:00:00
2613,631,Michael,Sanchez,michael.sanchez@globex.com,+1-345-463-4653,Engineering Manager,Champion,2024-10-13T00:00:00
2614,582,Linda,Garcia,linda.garcia@waystar.io,+1-997-982-9890,Director of Marketing,Blocker,2024-11-02T00:00:00
2615,436,William,Martin,william.martin@piedpiper.com,+1-391-675-6919,CEO,End User,2024-09-02T00:00:00
2616,980,John,Miller,john.miller@acme.com,+1-945-927-7971,CFO,Technical Evaluator,2023-08-13T00:00:00
2617,27,Mark,Robinson,,+1-802-377-5930,VP of Product,Champion,2024-12-16T00:00:00
2618,881,Mary,Smith,mary.smith,+1-384-765-6642,CEO,Champion,2021-11-21T00:00:00
2619,558,Karen,Thomas,karen.thomas@piedpiper.com,+1-882-254-4985,VP of Sales,Technical Evaluator,2023-11-29T00:00:00
2620,97,Mary,Moore,mary.moore@initech.com,+1-388-697-7314,DevOps Lead,Champion,2024-05-13T00:00:00
2621,898,Susan,Lewis,susan.lewis@initech.com,+1-748-853-3693,DevOps Lead,Economic Buyer,2024-11-26T00:00:00
2622,929,Anthony,Lopez,anthony.lopez@initech.com,+1-213-142-5547,DevOps Lead,Champion,2024-04-14T00:00:00
2623,833,Daniel,Thomas,daniel.thomas@acme.com,+1-383-273-7737,Engineering Manager,Economic Buyer,2024-12-25T00:00:00
2624,144,John,Thompson,john.thompson@acme.com,+1-773-179-4514,Head of Data,Coach,2024-12-29T00:00:00
2625,437,Jennifer,Sanchez,jennifer.sanchez@acme.com,,IT Manager,Technical Evaluator,2024-11-24T00:00:00
2626,287,Charles,Clark,charles.clark@globex.com,+1-318-928-9060,Product Manager,Blocker,2024-03-26T00:00:00
2627,815,Kimberly,Lee,kimberly.lee@piedpiper.com,+1-525-698-9633,Product Manager,Champion,2020-08-22T00:00:00
2628,580,Nancy,Rodriguez,nancy.rodriguez@piedpiper.com,+1-784-773-5054,Product Manager,Coach,2021-05-14T00:00:00
2629,777,John,Gonzalez,john.gonzalez@umbrella.co,,Engineering Manager,Champion,2023-07-17T00:00:00
2630,109,Karen,Lewis,karen.lewis,+1-904-673-3437,COO,End User,2024-01-26T00:00:00
2631,630,Joseph,Wilson,joseph.wilson@waystar.io,+1-722-450-1645,CFO,Technical Evaluator,2023-10-28T00:00:00
2632,437,Nancy,Lee,nancy.lee@initech.com,+1-530-561-5696,Head of Data,Technical Evaluator,2024-10-12T00:00:00
2633,355,Michelle,Smith,,+1-338-424-6347,IT Manager,Technical Evaluator,2020-11-23T00:00:00
2634,993,Margaret,Jackson,margaret.jackson@globex.com,+1-330-404-9798,Data Engineer,End User,2024-08-14T00:00:00
2635,314,Paul,Martin,paul.martin@acme.com,+1-714-393-4736,Data Engineer,Champion,2024-12-27T00:00:00
2636,380,David,Jones,david.jones@piedpiper.com,+1-505-331-9142,Product Manager,Champion,2023-11-03T00:00:00
2637,291,Patricia,Sanchez,patricia.sanchez@acme.com,+1-544-277-5321,Chief Revenue Officer,Champion,2024-02-28T00:00:00
2638,38,Nancy,Lee,nancy.lee@initech.com,+1-492-552-3202,IT Manager,Economic Buyer,2024-04-01T00:00:00
2639,510,Barbara,Wilson,barbara.wilson,+1-599-516-3693,Director of Marketing,Coach,2024-02-10T00:00:00
2640,151,Donna,Lewis,donna.lewis@waystar.io,+1-654-692-1799,CFO,Blocker,2024-09-17T00:00:00
2641,990,William,Moore,william.moore@initech.com,,VP of Sales,End User,2022-12-02T00:00:00
2642,787,Charles,Clark,charles.clark@acme.com,+1-950-569-4071,Head of Data,End User,2021-10-25T00:00:00
2643,951,John,Rodriguez,john.rodriguez@initech.com,+1-756-131-3036,Data Engineer,Blocker,2024-07-04T00:00:00
2644,34,Margaret,Thompson,margaret.thompson@piedpiper.com,+1-956-934-6640,DevOps Lead,Coach,2024-03-31T00:00:00
2645,561,Donna,White,donna.white@piedpiper.com,+1-250-731-2862,CTO,Technical Evaluator,2023-09-11T00:00:00
2646,417,Kimberly,Garcia,kimberly.garcia@initech.com,+1-391-686-2448,Solutions Architect,Champion,2021-10-24T00:00:00
2647,985,Paul,Anderson,paul.anderson@initech.com,+1-757-686-2570,VP of Infrastructure,Coach,2021-04-09T00:00:00
2648,220,Lisa,Williams,lisa.williams@waystar.io,+1-238-632-7764,,Blocker,2021-01-22T00:00:00
2649,807,Mary,Johnson,mary.johnson@acme.com,,VP of Engineering,End User,2023-08-13T00:00:00
2650,730,Emily,Gonzalez,emily.gonzalez@initech.com,+1-921-510-1516,Product Manager,End User,2021-05-02T00:00:00
2651,535,Daniel,Miller,daniel.miller@waystar.io,+1-698-146-1799,Head of Data,Technical Evaluator,2024-11-04T00:00:00
2652,732,Betty,Jackson,betty.jackson@waystar.io,,VP of Product,Blocker,2024-12-26T00:00:00
2653,978,Thomas,Lopez,thomas.lopez@acme.com,+1-971-179-3064,Engineering Manager,Technical Evaluator,2023-08-02T00:00:00
2654,560,Lisa,Garcia,lisa.garcia@piedpiper.com,+1-419-753-1773,IT Manager,Champion,2023-11-21T00:00:00
2655,182,Mark,Rodriguez,mark.rodriguez@piedpiper.com,+1-779-106-4496,VP of Sales,End User,2023-11-25T00:00:00
2656,666,Paul,Sanchez,paul.sanchez@globex.com,+1-413-552-2062,VP of Infrastructure,Coach,2024-02-18T00:00:00
2657,20,Joseph,Lee,joseph.lee@initech.com,+1-796-154-3048,Director of IT,Economic Buyer,2023-11-19T00:00:00
2658,776,Joseph,Smith,joseph.smith@initech.com,+1-826-228-4588,CEO,Champion,2023-11-29T00:00:00
2659,389,Susan,Thomas,susan.thomas@waystar.io,+1-259-587-4959,Chief Revenue Officer,Technical Evaluator,2023-11-16T00:00:00
2660,509,Donna,Lewis,donna.lewis@acme.com,+1-997-948-6262,,Blocker,2024-09-13T00:00:00
2661,705,James,Taylor,james.taylor@globex.com,+1-260-958-1790,Head of Data,Technical Evaluator,2020-12-11T00:00:00
2662,589,Elizabeth,Lee,,+1-349-615-3909,CFO,End User,2024-02-13T00:00:00
2663,696,Susan,Lee,susan.lee@umbrella.co,+1-941-333-6599,Engineering Manager,Blocker,2023-11-19T00:00:00
2664,238,Sandra,Jackson,sandra.jackson@acme.com,+1-788-368-4902,VP of Product,Technical Evaluator,2022-07-23T00:00:00
2665,804,Daniel,Johnson,daniel.johnson@acme.com,+1-375-430-7017,Director of Marketing,Coach,2023-02-11T00:00:00
2666,427,Susan,Thompson,susan.thompson@umbrella.co,+1-305-840-1855,Product Manager,Coach,2023-07-20T00:00:00
2667,103,Jennifer,Anderson,jennifer.anderson@initech.com,+1-505-777-2109,Director of Marketing,Technical Evaluator,2023-07-13T00:00:00
2668,876,Linda,Taylor,linda.taylor@acme.com,+1-962-192-7528,VP of Engineering,Economic Buyer,2024-12-28T00:00:00
2669,279,Andrew,Smith,andrew.smith@initech.com,+1-256-597-6969,CFO,Economic Buyer,2024-06-03T00:00:00
2670,375,Joseph,Taylor,joseph.taylor@piedpiper.com,+1-957-544-8289,Director of Marketing,Economic Buyer,2022-09-12T00:00:00
2671,646,Michelle,Miller,michelle.miller@piedpiper.com,+1-890-627-6132,VP of Product,Economic Buyer,2024-10-02T00:00:00
2672,126,Lisa,Jackson,lisa.jackson@piedpiper.com,+1-523-237-9145,Product Manager,Champion,2024-08-30T00:00:00
2673,411,Karen,Lewis,karen.lewis@waystar.io,+1-754-291-7022,Chief Revenue Officer,End User,2024-10-03T00:00:00
2674,103,Joseph,Ramirez,joseph.ramirez@umbrella.co,+1-518-149-8566,COO,Champion,2024-11-21T00:00:00
2675,834,James,Martin,james.martin@waystar.io,,Chief Revenue Officer,Technical Evaluator,2024-02-04T00:00:00
2676,265,Matthew,White,matthew.white@piedpiper.com,+1-810-237-5244,DevOps Lead,Technical Evaluator,2024-10-25T00:00:00
2677,264,Daniel,Ramirez,daniel.ramirez@globex.com,+1-551-144-3250,CTO,Champion,2024-02-27T00:00:00
2678,814,Barbara,Rodriguez,,+1-632-373-8805,Engineering Manager,Champion,2024-03-04T00:00:00
2679,864,Daniel,Lopez,daniel.lopez,,VP of Infrastructure,End User,2024-11-19T00:00:00
2680,597,Richard,Wilson,richard.wilson,+1-871-760-4951,CEO,Technical Evaluator,2021-12-16T00:00:00
2681,385,Jennifer,Thompson,jennifer.thompson,+1-330-209-4836,Director of Operations,Technical Evaluator,2022-10-31T00:00:00
2682,743,Betty,Wilson,betty.wilson@piedpiper.com,+1-675-420-6236,Engineering Manager,Technical Evaluator,2024-11-13T00:00:00
2683,22,Linda,Moore,linda.moore@piedpiper.com,+1-282-908-9551,Director of IT,Technical Evaluator,2023-08-20T00:00:00
2684,324,Susan,Robinson,susan.robinson@umbrella.co,+1-583-963-7309,Data Engineer,Technical Evaluator,2024-02-20T00:00:00
2685,594,Elizabeth,Sanchez,elizabeth.sanchez@globex.com,+1-425-560-2259,Director of Operations,Economic Buyer,2024-10-23T00:00:00
2686,190,Thomas,Anderson,thomas.anderson@piedpiper.com,+1-946-941-9700,Director of Marketing,Technical Evaluator,2021-03-09T00:00:00
2687,489,Nancy,Walker,nancy.walker@initech.com,,VP of Sales,End User,2021-06-29T00:00:00
2688,647,Matthew,Sanchez,matthew.sanchez@waystar.io,+1-856-794-7456,Chief Revenue Officer,Blocker,2024-08-08T00:00:00
2689,464,Joshua,Hernandez,joshua.hernandez@piedpiper.com,+1-853-647-2745,DevOps Lead,Economic Buyer,2024-10-07T00:00:00
2690,397,Joseph,Lee,joseph.lee@piedpiper.com,+1-212-980-5481,Engineering Manager,Coach,2023-06-14T00:00:00
2691,488,Steven,Moore,steven.moore@globex.com,+1-488-806-2695,IT Manager,Blocker,2024-05-29T00:00:00
2692,461,Anthony,Robinson,anthony.robinson@waystar.io,,IT Manager,Champion,2024-07-18T00:00:00
2693,780,Daniel,Williams,daniel.williams@piedpiper.com,+1-876-849-7346,Head of Data,Economic Buyer,2024-01-09T00:00:00
2694,515,James,Walker,james.walker@acme.com,+1-536-254-4976,Director of Operations,Technical Evaluator,2024-03-11T00:00:00
2695,610,David,Robinson,david.robinson@piedpiper.com,+1-492-268-2357,Director of IT,Technical Evaluator,2024-01-12T00:00:00
2696,510,Patricia,Anderson,patricia.anderson@piedpiper.com,+1-700-718-9588,VP of Sales,Technical Evaluator,2024-03-11T00:00:00
2697,563,Betty,Davis,betty.davis@initech.com,+1-732-769-7077,COO,Technical Evaluator,2024-08-10T00:00:00
2698,359,Sarah,Miller,sarah.miller@waystar.io,+1-620-864-9455,VP of Engineering,Champion,2023-01-21T00:00:00
2699,458,Lisa,Gonzalez,lisa.gonzalez@waystar.io,,Engineering Manager,Technical Evaluator,2024-12-06T00:00:00
2700,939,Linda,Sanchez,linda.sanchez@initech.com,+1-952-718-6839,Chief Revenue Officer,End User,2024-04-29T00:00:00
2701,353,Betty,Thompson,betty.thompson@piedpiper.com,+1-463-320-3535,COO,End User,2020-07-26T00:00:00
2702,708,Daniel,Martin,daniel.martin@initech.com,+1-475-618-2345,Chief Revenue Officer,Champion,2022-07-24T00:00:00
2703,89,Joseph,Smith,joseph.smith@globex.com,+1-854-257-4938,VP of Sales,Champion,2024-03-28T00:00:00
2704,154,Mary,Moore,mary.moore@globex.com,+1-796-286-6090,VP of Infrastructure,End User,2024-01-12T00:00:00
2705,345,Lisa,Martinez,lisa.martinez@umbrella.co,+1-346-680-8884,Head of Security,Economic Buyer,2024-08-18T00:00:00
2706,150,Christopher,Moore,christopher.moore@umbrella.co,+1-685-107-5006,IT Manager,Technical Evaluator,2024-10-09T00:00:00
2707,676,Susan,Davis,susan.davis,,Director of IT,Technical Evaluator,2024-01-26T00:00:00
2708,58,Joseph,Davis,joseph.davis@initech.com,+1-398-668-3827,CFO,Technical Evaluator,2023-11-27T00:00:00
2709,525,Michael,Martinez,michael.martinez@acme.com,+1-789-919-1609,Solutions Architect,Economic Buyer,2024-11-24T00:00:00
2710,637,Barbara,Anderson,barbara.anderson@waystar.io,+1-353-610-3913,VP of Sales,Technical Evaluator,2024-11-23T00:00:00
2711,338,Anthony,Moore,anthony.moore@waystar.io,+1-831-434-1541,VP of Engineering,Economic Buyer,2024-09-25T00:00:00
2712,668,Mark,Jones,mark.jones@waystar.io,+1-287-970-9822,CEO,Coach,2024-05-29T00:00:00
2713,780,Sandra,Brown,sandra.brown@initech.com,+1-717-895-8731,Director of Marketing,Blocker,2023-11-25T00:00:00
2714,26,David,Thompson,david.thompson@acme.com,+1-349-845-6454,VP of Sales,Technical Evaluator,2024-02-18T00:00:00
2715,32,William,Gonzalez,william.gonzalez,+1-818-345-1053,VP of Product,Champion,2022-11-13T00:00:00
2716,655,William,Davis,william.davis@piedpiper.com,+1-871-506-1758,Head of Data,Champion,2024-12-18T00:00:00
2717,212,Steven,Miller,steven.miller@piedpiper.com,+1-313-304-3601,VP of Engineering,End User,2024-12-14T00:00:00
2718,823,Nancy,Johnson,nancy.johnson@waystar.io,+1-799-897-3367,DevOps Lead,End User,2024-03-13T00:00:00
2719,647,Joseph,Williams,joseph.williams@acme.com,+1-622-476-1127,Director of Marketing,Blocker,2023-08-19T00:00:00
2720,861,Joseph,Martin,joseph.martin@waystar.io,+1-600-354-8584,DevOps Lead,Technical Evaluator,2024-11-07T00:00:00
2721,952,Anthony,Perez,anthony.perez@waystar.io,+1-707-652-8771,COO,Champion,2024-10-17T00:00:00
2722,726,Paul,Thompson,paul.thompson@piedpiper.com,+1-986-344-8879,Head of Security,Champion,2024-01-24T00:00:00
2723,545,Nancy,Perez,nancy.perez@umbrella.co,+1-395-831-1846,VP of Sales,Technical Evaluator,2023-02-13T00:00:00
2724,777,Matthew,Clark,matthew.clark@waystar.io,+1-397-138-2152,CFO,Economic Buyer,2023-08-15T00:00:00
2725,292,Michael,Lopez,michael.lopez@initech.com,+1-985-672-9571,Solutions Architect,Champion,2022-07-21T00:00:00
2726,313,Emily,Taylor,emily.taylor@initech.com,+1-212-129-3558,Chief Revenue Officer,Champion,2024-08-31T00:00:00
2727,882,Donna,Garcia,donna.garcia@globex.com,+1-709-268-4865,DevOps Lead,Technical Evaluator,2024-05-15T00:00:00
2728,567,Sandra,Davis,sandra.davis@waystar.io,,COO,Champion,2024-10-01T00:00:00
2729,367,Susan,Thompson,susan.thompson@umbrella.co,+1-202-224-9217,Solutions Architect,Coach,2022-02-27T00:00:00
2730,706,William,Garcia,william.garcia@acme.com,+1-317-343-3080,DevOps Lead,Blocker,2024-12-11T00:00:00
2731,525,William,Robinson,william.robinson@initech.com,+1-735-757-4710,CTO,Economic Buyer,2024-05-16T00:00:00
2732,721,Daniel,Williams,daniel.williams@globex.com,+1-567-831-6935,CTO,Technical Evaluator,2023-10-15T00:00:00
2733,297,Jennifer,Brown,jennifer.brown@waystar.io,+1-496-433-2903,VP of Engineering,Economic Buyer,2024-06-03T00:00:00
2734,795,Nancy,Sanchez,nancy.sanchez@umbrella.co,+1-706-937-5412,Engineering Manager,Blocker,2023-01-21T00:00:00
2735,444,Kimberly,Smith,kimberly.smith@piedpiper.com,+1-744-293-4625,Solutions Architect,Technical Evaluator,2023-07-15T00:00:00
2736,168,Anthony,Gonzalez,anthony.gonzalez@umbrella.co,+1-675-109-9132,Head of Data,Technical Evaluator,2024-07-14T00:00:00
2737,201,Susan,Anderson,susan.anderson@acme.com,+1-272-997-9875,DevOps Lead,Technical Evaluator,2020-07-29T00:00:00
2738,81,Linda,Robinson,linda.robinson@globex.com,+1-413-779-6543,CFO,End User,2024-09-21T00:00:00
2739,754,Joseph,Lee,joseph.lee@piedpiper.com,+1-326-410-1357,Data Engineer,Champion,2023-11-22T00:00:00
2740,37,Donald,Lee,donald.lee@piedpiper.com,,Director of IT,Champion,2024-07-18T00:00:00
2741,468,Susan,Miller,susan.miller@acme.com,+1-835-486-7997,VP of Infrastructure,End User,2024-07-19T00:00:00
2742,376,Ashley,Jackson,ashley.jackson@initech.com,+1-951-773-8561,VP of Engineering,Champion,2024-11-15T00:00:00
2743,134,Christopher,Martin,christopher.martin@piedpiper.com,+1-298-594-2312,VP of Sales,Economic Buyer,2022-02-16T00:00:00
2744,956,Thomas,Lee,thomas.lee@umbrella.co,+1-465-868-1619,Head of Data,Champion,2024-02-08T00:00:00
2745,532,Michael,Hernandez,michael.hernandez@acme.com,+1-592-227-5716,IT Manager,Blocker,2023-06-29T00:00:00
2746,261,William,Miller,william.miller@acme.com,,Head of Data,Technical Evaluator,2024-11-13T00:00:00
2747,354,Joshua,Jones,joshua.jones@acme.com,+1-669-822-5089,CFO,Technical Evaluator,2023-06-22T00:00:00
2748,519,Emily,Garcia,emily.garcia@initech.com,+1-966-596-4697,Head of Data,Economic Buyer,2023-04-08T00:00:00
2749,318,Donna,Sanchez,donna.sanchez@acme.com,+1-526-874-8106,IT Manager,Technical Evaluator,2024-02-14T00:00:00
2750,620,Patricia,Miller,patricia.miller@umbrella.co,+1-595-561-3369,COO,Champion,2023-02-13T00:00:00
2751,281,Emily,White,emily.white@waystar.io,+1-331-108-7915,Director of IT,Blocker,2024-11-21T00:00:00
2752,793,Jessica,Sanchez,jessica.sanchez@piedpiper.com,+1-737-571-6316,VP of Engineering,End User,2022-08-28T00:00:00
2753,372,Patricia,Smith,patricia.smith@waystar.io,+1-520-656-6793,COO,End User,2023-11-27T00:00:00
2754,832,Nancy,Ramirez,nancy.ramirez@initech.com,,CTO,Champion,2024-01-22T00:00:00
2755,5,Joseph,Thomas,joseph.thomas@initech.com,+1-851-165-5823,VP of Product,Economic Buyer,2022-11-05T00:00:00
2756,522,Kimberly,Jackson,kimberly.jackson@waystar.io,+1-250-389-2497,CEO,Champion,2022-09-13T00:00:00
2757,82,Mary,Johnson,mary.johnson@waystar.io,+1-772-984-4559,Data Engineer,Technical Evaluator,2024-12-18T00:00:00
2758,327,Matthew,Sanchez,matthew.sanchez@umbrella.co,+1-335-792-2236,CTO,Technical Evaluator,2024-04-23T00:00:00
2759,435,Jessica,Smith,jessica.smith@waystar.io,+1-653-735-5224,DevOps Lead,Technical Evaluator,2023-03-14T00:00:00
2760,487,Matthew,Gonzalez,matthew.gonzalez@waystar.io,+1-750-951-9789,CEO,Economic Buyer,2024-12-23T00:00:00
2761,348,Sandra,Sanchez,sandra.sanchez@acme.com,+1-298-838-5063,COO,Technical Evaluator,2024-12-23T00:00:00
2762,282,Emily,Gonzalez,emily.gonzalez@acme.com,,,End User,2024-08-16T00:00:00
2763,745,Michael,Harris,michael.harris@umbrella.co,+1-649-996-8626,DevOps Lead,Coach,2022-11-16T00:00:00
2764,320,Karen,Harris,karen.harris@waystar.io,+1-943-555-2406,Data Engineer,Technical Evaluator,2022-04-05T00:00:00
2765,660,Lisa,Moore,lisa.moore@acme.com,,IT Manager,Blocker,2024-01-15T00:00:00
2766,196,Ashley,Wilson,,+1-244-224-7053,Data Engineer,Technical Evaluator,2023-10-27T00:00:00
2767,64,Margaret,Robinson,margaret.robinson@globex.com,+1-782-408-9230,CFO,Coach,2023-12-24T00:00:00
2768,394,Elizabeth,Thomas,elizabeth.thomas@acme.com,+1-801-889-2719,DevOps Lead,Coach,2022-07-13T00:00:00
2769,388,Linda,Anderson,linda.anderson@umbrella.co,+1-734-315-7240,IT Manager,Champion,2024-09-07T00:00:00
2770,435,Michael,Martinez,michael.martinez@waystar.io,+1-256-696-7983,CTO,Coach,2023-07-21T00:00:00
2771,651,Robert,Martinez,robert.martinez@waystar.io,+1-558-814-2928,VP of Infrastructure,Economic Buyer,2023-09-25T00:00:00
2772,424,Joshua,Martinez,joshua.martinez@umbrella.co,,DevOps Lead,Blocker,2023-06-17T00:00:00
2773,378,Daniel,Robinson,daniel.robinson@waystar.io,+1-433-343-4782,Director of IT,Technical Evaluator,2021-05-09T00:00:00
2774,715,Daniel,Lopez,daniel.lopez@piedpiper.com,+1-516-325-5380,Product Manager,Champion,2023-04-16T00:00:00
2775,780,Elizabeth,Harris,elizabeth.harris@piedpiper.com,+1-536-489-4913,Engineering Manager,Economic Buyer,2021-11-27T00:00:00
2776,681,James,Davis,james.davis@waystar.io,+1-523-238-7576,CEO,Technical Evaluator,2022-10-13T00:00:00
2777,315,Steven,Rodriguez,steven.rodriguez@umbrella.co,+1-898-291-5207,Solutions Architect,Economic Buyer,2020-10-12T00:00:00
2778,202,Elizabeth,Lee,elizabeth.lee@globex.com,+1-897-361-7086,Product Manager,Champion,2023-07-31T00:00:00
2779,983,Richard,Thompson,richard.thompson,,VP of Engineering,Technical Evaluator,2024-05-31T00:00:00
2780,136,Barbara,Robinson,,+1-231-927-5577,Head of Data,Blocker,2023-07-01T00:00:00
2781,100,Margaret,Smith,margaret.smith@piedpiper.com,+1-673-969-5096,VP of Sales,Economic Buyer,2024-12-09T00:00:00
2782,514,Joshua,Moore,joshua.moore@waystar.io,+1-369-979-4518,CTO,Economic Buyer,2024-07-09T00:00:00
2783,83,Margaret,Lopez,margaret.lopez@waystar.io,+1-614-838-1339,VP of Infrastructure,Champion,2024-11-27T00:00:00
2784,830,Karen,Rodriguez,karen.rodriguez@waystar.io,+1-596-507-3942,Director of Marketing,Champion,2023-07-16T00:00:00
2785,185,Mark,Johnson,mark.johnson@piedpiper.com,+1-201-693-8866,Director of Operations,Technical Evaluator,2024-04-18T00:00:00
2786,783,Robert,Brown,robert.brown@umbrella.co,+1-207-415-9552,Product Manager,Technical Evaluator,2024-10-08T00:00:00
2787,754,Karen,Robinson,karen.robinson@piedpiper.com,+1-868-355-4655,VP of Engineering,Champion,2024-09-16T00:00:00
2788,931,Anthony,Smith,anthony.smith@initech.com,,VP of Sales,End User,2024-10-08T00:00:00
2789,974,Jennifer,Jones,jennifer.jones@initech.com,+1-894-515-6081,Director of Marketing,Economic Buyer,2023-06-13T00:00:00
2790,183,Daniel,Gonzalez,daniel.gonzalez@piedpiper.com,+1-996-151-5794,Director of Operations,Technical Evaluator,2024-12-27T00:00:00
2791,848,Jennifer,Wilson,jennifer.wilson@piedpiper.com,+1-626-995-6544,VP of Infrastructure,Technical Evaluator,2023-05-09T00:00:00
2792,619,Jessica,Moore,jessica.moore@globex.com,+1-353-998-3208,CFO,Blocker,2023-04-19T00:00:00
2793,675,Elizabeth,Robinson,elizabeth.robinson@initech.com,+1-696-336-4822,Head of Security,Technical Evaluator,2023-09-16T00:00:00
2794,697,Margaret,Garcia,margaret.garcia@piedpiper.com,+1-382-436-8527,Solutions Architect,Economic Buyer,2024-05-24T00:00:00
2795,988,Steven,Lewis,steven.lewis@umbrella.co,+1-782-860-7270,Director of IT,Blocker,2024-05-04T00:00:00
2796,662,Betty,Lee,betty.lee@globex.com,+1-974-486-7540,VP of Product,End User,2024-12-10T00:00:00
2797,501,Robert,Williams,robert.williams@piedpiper.com,+1-209-710-5689,COO,Champion,2024-03-28T00:00:00
2798,719,David,Perez,david.perez@initech.com,,Head of Data,Blocker,2022-11-07T00:00:00
2799,781,John,Martinez,john.martinez@acme.com,+1-342-797-8726,Head of Security,Champion,2022-10-10T00:00:00
2800,802,Mary,Jones,mary.jones@piedpiper.com,+1-731-463-5785,Director of Operations,Coach,2021-05-28T00:00:00
2801,429,Robert,Thomas,robert.thomas@acme.com,+1-209-695-3494,Product Manager,Champion,2023-08-21T00:00:00
2802,82,Michelle,Wilson,michelle.wilson@piedpiper.com,+1-625-641-2127,CFO,End User,2024-12-20T00:00:00
2803,611,Daniel,Lopez,daniel.lopez@waystar.io,+1-600-404-3196,Product Manager,Technical Evaluator,2024-11-18T00:00:00
2804,443,Barbara,Walker,barbara.walker@waystar.io,+1-238-675-2676,VP of Sales,Economic Buyer,2024-08-06T00:00:00
2805,229,Steven,Martin,steven.martin@globex.com,+1-696-249-1762,Engineering Manager,Champion,2023-11-17T00:00:00
2806,768,Paul,Garcia,paul.garcia@acme.com,+1-291-950-6830,Engineering Manager,End User,2024-05-09T00:00:00
2807,905,Mary,Ramirez,mary.ramirez@globex.com,+1-511-968-1023,Head of Security,Coach,2021-05-28T00:00:00
2808,701,Donald,Sanchez,donald.sanchez@initech.com,+1-437-882-9255,VP of Infrastructure,Champion,2022-12-09T00:00:00
2809,660,Robert,White,robert.white@globex.com,+1-212-262-2606,CTO,Blocker,2024-12-24T00:00:00
2810,52,Charles,Garcia,charles.garcia@umbrella.co,+1-340-369-3907,CFO,Technical Evaluator,2021-10-28T00:00:00
2811,188,Charles,Gonzalez,charles.gonzalez@waystar.io,+1-692-400-4809,CEO,Technical Evaluator,2023-05-19T00:00:00
2812,378,Jessica,Ramirez,jessica.ramirez@waystar.io,,Director of IT,Coach,2021-05-31T00:00:00
2813,428,Michael,Rodriguez,michael.rodriguez@initech.com,+1-515-895-5642,CTO,Economic Buyer,2024-03-16T00:00:00
2814,984,Mary,Davis,mary.davis@waystar.io,+1-932-641-9965,Engineering Manager,Technical Evaluator,2024-07-20T00:00:00
2815,625,Daniel,Davis,,+1-226-730-2049,VP of Infrastructure,Technical Evaluator,2023-10-09T00:00:00
2816,313,Christopher,Jones,christopher.jones@initech.com,+1-413-448-1122,IT Manager,Champion,2024-12-04T00:00:00
2817,19,Andrew,Lee,andrew.lee@umbrella.co,+1-373-685-7312,Data Engineer,Champion,2024-01-20T00:00:00
2818,790,Andrew,Ramirez,andrew.ramirez@umbrella.co,+1-520-144-5882,VP of Infrastructure,Economic Buyer,2024-11-16T00:00:00
2819,277,John,Jones,john.jones@initech.com,+1-296-686-8663,IT Manager,Technical Evaluator,2024-07-06T00:00:00
2820,77,Sarah,Taylor,sarah.taylor@initech.com,+1-265-114-5117,CTO,End User,2022-08-27T00:00:00
2821,841,Emily,Perez,emily.perez@acme.com,,Chief Revenue Officer,Champion,2024-10-17T00:00:00
2822,703,Susan,Clark,susan.clark@umbrella.co,+1-541-474-7671,Director of Operations,Champion,2024-04-21T00:00:00
2823,358,Karen,White,karen.white@acme.com,+1-905-405-2216,Director of IT,Blocker,2022-04-04T00:00:00
2824,671,Emily,Sanchez,emily.sanchez@globex.com,+1-317-531-3646,VP of Product,Champion,2022-09-04T00:00:00
2825,190,Kimberly,Brown,kimberly.brown@acme.com,+1-393-390-5016,Chief Revenue Officer,Economic Buyer,2024-04-29T00:00:00
2826,46,Barbara,Lewis,barbara.lewis@umbrella.co,+1-240-663-3584,Product Manager,Champion,2024-04-08T00:00:00
2827,978,Michelle,Lee,michelle.lee@piedpiper.com,+1-633-943-7287,IT Manager,Economic Buyer,2024-01-11T00:00:00
2828,21,Nancy,Robinson,nancy.robinson@piedpiper.com,,CEO,Coach,2024-03-04T00:00:00
2829,340,Patricia,Lopez,patricia.lopez@piedpiper.com,+1-759-629-1825,CTO,Coach,2023-11-05T00:00:00
2830,362,Sarah,Gonzalez,sarah.gonzalez@piedpiper.com,+1-356-921-8218,CTO,End User,2024-10-12T00:00:00
2831,757,Paul,Williams,paul.williams@umbrella.co,+1-708-876-9856,Head of Security,Technical Evaluator,2024-07-16T00:00:00
2832,703,Thomas,Gonzalez,thomas.gonzalez@initech.com,+1-242-410-5256,Director of IT,Technical Evaluator,2021-07-29T00:00:00
2833,724,William,Smith,william.smith@initech.com,+1-511-774-7556,,Technical Evaluator,2024-05-20T00:00:00
2834,32,Mary,Thomas,mary.thomas@piedpiper.com,+1-765-905-7219,DevOps Lead,Technical Evaluator,2024-07-22T00:00:00
2835,379,Thomas,Martinez,thomas.martinez@waystar.io,+1-578-381-7399,VP of Engineering,Economic Buyer,2024-08-29T00:00:00
2836,692,Susan,Johnson,susan.johnson@piedpiper.com,+1-219-366-7250,Director of Marketing,Technical Evaluator,2024-10-27T00:00:00
2837,119,Susan,Martin,susan.martin@initech.com,+1-410-721-4953,Engineering Manager,Economic Buyer,2022-07-20T00:00:00
2838,334,Michael,Brown,michael.brown,+1-681-655-9623,CTO,End User,2024-12-17T00:00:00
2839,111,Sarah,Moore,sarah.moore@umbrella.co,+1-533-164-6910,CEO,Champion,2024-06-01T00:00:00
2840,832,Daniel,Walker,daniel.walker@piedpiper.com,+1-457-457-8861,Data Engineer,Champion,2022-11-06T00:00:00
2841,254,Christopher,Jones,christopher.jones@acme.com,+1-294-340-8843,CTO,Blocker,2023-05-27T00:00:00
2842,291,Karen,Taylor,karen.taylor@waystar.io,+1-735-418-8893,CTO,Technical Evaluator,2023-03-13T00:00:00
2843,37,Joseph,Anderson,joseph.anderson@initech.com,+1-568-709-6873,Head of Security,Technical Evaluator,2024-10-03T00:00:00
2844,924,Michelle,Gonzalez,michelle.gonzalez@acme.com,+1-919-218-4787,DevOps Lead,End User,2024-03-11T00:00:00
2845,39,Steven,Johnson,steven.johnson@piedpiper.com,+1-967-398-3043,VP of Sales,Champion,2024-09-08T00:00:00
2846,95,Nancy,Taylor,nancy.taylor@acme.com,,Director of Marketing,Technical Evaluator,2023-01-26T00:00:00
2847,137,David,Gonzalez,david.gonzalez@acme.com,+1-357-294-3036,Engineering Manager,Economic Buyer,2024-12-26T00:00:00
2848,150,James,Harris,james.harris@initech.com,+1-761-788-1126,Director of Marketing,Coach,2024-06-05T00:00:00
2849,245,Christopher,Miller,christopher.miller@umbrella.co,+1-308-400-3607,Director of Marketing,Champion,2024-07-21T00:00:00
2850,305,Paul,White,,,CTO,Technical Evaluator,2024-11-09T00:00:00
2851,419,Mark,Ramirez,mark.ramirez@waystar.io,+1-745-422-2317,Head of Data,Blocker,2024-09-20T00:00:00
2852,454,Joseph,Moore,joseph.moore@umbrella.co,+1-851-628-2623,Chief Revenue Officer,Blocker,2024-01-26T00:00:00
2853,745,Elizabeth,Walker,elizabeth.walker@piedpiper.com,+1-914-661-7834,Data Engineer,Blocker,2024-04-13T00:00:00
2854,905,Karen,Smith,karen.smith@umbrella.co,+1-232-109-1137,Data Engineer,Economic Buyer,2023-01-20T00:00:00
2855,776,Donna,Wilson,donna.wilson@globex.com,+1-281-329-3921,Product Manager,Economic Buyer,2024-10-30T00:00:00
2856,735,Joseph,Taylor,joseph.taylor@piedpiper.com,+1-915-692-4816,Director of IT,Coach,2023-10-05T00:00:00
2857,594,Daniel,Perez,daniel.perez@waystar.io,+1-211-335-8246,Head of Security,Champion,2024-06-01T00:00:00
2858,703,Betty,Walker,betty.walker@initech.com,+1-584-769-5298,Director of IT,Champion,2022-11-10T00:00:00
2859,538,Joseph,Ramirez,joseph.ramirez@piedpiper.com,+1-630-496-2778,Director of Operations,Coach,2024-10-14T00:00:00
2860,489,Betty,Sanchez,betty.sanchez,+1-446-114-4815,CTO,End User,2024-09-14T00:00:00
2861,12,Mark,White,mark.white@acme.com,+1-595-463-2093,VP of Product,Technical Evaluator,2023-07-31T00:00:00
2862,724,Richard,Thomas,richard.thomas@waystar.io,+1-685-374-8177,VP of Sales,Economic Buyer,2024-12-04T00:00:00
2863,287,William,Moore,william.moore@waystar.io,+1-454-295-2378,Director of Operations,Champion,2024-04-05T00:00:00
2864,853,David,Jones,david.jones@piedpiper.com,+1-293-127-4981,VP of Engineering,Economic Buyer,2024-12-10T00:00:00
2865,375,Donald,Hernandez,donald.hernandez@umbrella.co,+1-935-403-3566,Data Engineer,Coach,2022-02-09T00:00:00
2866,543,Steven,Thomas,steven.thomas@piedpiper.com,+1-332-473-2068,Director of Operations,Economic Buyer,2023-01-31T00:00:00
2867,482,Susan,Lee,susan.lee@globex.com,+1-413-641-4610,Solutions Architect,Technical Evaluator,2024-01-01T00:00:00
2868,877,Matthew,Hernandez,matthew.hernandez@piedpiper.com,+1-736-108-1556,CEO,Champion,2021-04-24T00:00:00
2869,388,Robert,Thomas,robert.thomas@initech.com,+1-290-506-3632,Engineering Manager,Economic Buyer,2023-11-07T00:00:00
2870,977,Jessica,Williams,jessica.williams@acme.com,+1-421-443-1891,Data Engineer,Champion,2024-09-25T00:00:00
2871,507,Patricia,Davis,patricia.davis@waystar.io,+1-603-531-8803,Head of Data,Coach,2023-06-04T00:00:00
2872,870,Sarah,Hernandez,sarah.hernandez@initech.com,+1-724-594-2329,Director of Operations,Blocker,2022-07-27T00:00:00
2873,298,Steven,Anderson,steven.anderson,+1-473-307-2160,DevOps Lead,Champion,2024-12-19T00:00:00
2874,60,Linda,Wilson,linda.wilson@waystar.io,+1-693-390-8144,Engineering Manager,Economic Buyer,2024-12-14T00:00:00
2875,824,Lisa,Johnson,lisa.johnson@waystar.io,+1-419-242-6144,IT Manager,Champion,2024-12-28T00:00:00
2876,75,Charles,Smith,charles.smith@acme.com,+1-501-358-3345,Engineering Manager,Champion,2022-10-17T00:00:00
2877,777,Mark,Clark,mark.clark@initech.com,+1-945-209-6012,IT Manager,Economic Buyer,2022-11-18T00:00:00
2878,23,Mary,Smith,mary.smith@globex.com,,Head of Security,Technical Evaluator,2021-11-30T00:00:00
2879,79,Linda,Jackson,linda.jackson@umbrella.co,+1-490-512-1504,Data Engineer,End User,2023-11-01T00:00:00
2880,219,Kimberly,Jackson,kimberly.jackson@acme.com,+1-590-280-5697,VP of Product,Technical Evaluator,2022-09-28T00:00:00
2881,540,Joshua,Miller,joshua.miller@globex.com,+1-861-445-8003,CEO,Technical Evaluator,2024-11-30T00:00:00
2882,244,Sarah,Garcia,sarah.garcia@piedpiper.com,+1-682-982-4797,Chief Revenue Officer,Technical Evaluator,2022-06-17T00:00:00
2883,33,Thomas,Martinez,thomas.martinez@globex.com,+1-278-284-6486,COO,Technical Evaluator,2021-07-31T00:00:00
2884,761,Paul,Taylor,paul.taylor@initech.com,,Head of Data,Coach,2024-10-20T00:00:00
2885,768,Nancy,Ramirez,nancy.ramirez,+1-210-638-2539,Solutions Architect,Technical Evaluator,2024-03-06T00:00:00
2886,562,David,Harris,david.harris@acme.com,+1-252-105-1723,IT Manager,Economic Buyer,2023-03-17T00:00:00
2887,472,David,Wilson,david.wilson@initech.com,+1-669-537-7073,DevOps Lead,Coach,2023-02-16T00:00:00
2888,611,Lisa,Davis,lisa.davis@piedpiper.com,+1-671-748-8967,IT Manager,Blocker,2024-11-05T00:00:00
2889,424,Joshua,Thompson,joshua.thompson@umbrella.co,+1-220-786-2122,IT Manager,End User,2022-06-08T00:00:00
2890,722,Thomas,Robinson,thomas.robinson@acme.com,+1-321-371-4917,Solutions Architect,Blocker,2024-08-28T00:00:00
2891,466,Donna,Johnson,donna.johnson@initech.com,+1-505-497-7928,CEO,Champion,2024-11-19T00:00:00
2892,20,Michael,Walker,michael.walker@globex.com,+1-282-726-6378,Chief Revenue Officer,Technical Evaluator,2023-01-02T00:00:00
2893,383,Jessica,Martin,jessica.martin@acme.com,+1-757-718-8118,IT Manager,Economic Buyer,2023-08-20T00:00:00
2894,494,David,Miller,david.miller@acme.com,+1-261-544-9530,Engineering Manager,End User,2023-09-22T00:00:00
2895,708,Jennifer,Walker,jennifer.walker@acme.com,+1-859-885-8585,Engineering Manager,Technical Evaluator,2022-09-20T00:00:00
2896,695,Emily,White,emily.white@waystar.io,+1-291-498-3748,Head of Data,Blocker,2024-07-27T00:00:00
2897,940,Emily,Ramirez,,+1-607-684-5069,Director of Marketing,Economic Buyer,2023-07-01T00:00:00
2898,255,Anthony,Jones,anthony.jones@acme.com,+1-739-934-3759,DevOps Lead,Technical Evaluator,2024-12-18T00:00:00
2899,217,Donald,Clark,donald.clark@initech.com,+1-658-517-1575,Chief Revenue Officer,Champion,2024-01-25T00:00:00
2900,250,Sarah,Smith,sarah.smith@piedpiper.com,+1-435-691-4175,CFO,End User,2024-09-21T00:00:00
2901,673,Jennifer,Rodriguez,jennifer.rodriguez@acme.com,+1-315-232-3188,Engineering Manager,Champion,2024-06-28T00:00:00
2902,588,Anthony,Jackson,anthony.jackson@piedpiper.com,+1-761-491-6731,Director of Marketing,Blocker,2024-10-26T00:00:00
2903,798,Charles,Robinson,charles.robinson@piedpiper.com,+1-412-409-5514,Director of Marketing,Champion,2022-08-08T00:00:00
2904,68,Barbara,Anderson,barbara.anderson@initech.com,+1-740-143-2688,COO,Blocker,2023-01-20T00:00:00
2905,586,Nancy,Robinson,nancy.robinson@globex.com,+1-535-432-1058,Chief Revenue Officer,Champion,2024-10-24T00:00:00
2906,174,Margaret,Thompson,margaret.thompson@globex.com,+1-334-926-9941,CTO,Champion,2022-11-29T00:00:00
2907,930,Joseph,Jones,joseph.jones@initech.com,,COO,Champion,2023-10-04T00:00:00
2908,192,Jennifer,Williams,jennifer.williams@acme.com,+1-433-995-9169,CEO,Coach,2024-12-22T00:00:00
2909,884,Paul,Johnson,paul.johnson@acme.com,+1-887-252-3613,,Champion,2024-07-05T00:00:00
2910,479,Steven,Gonzalez,steven.gonzalez@acme.com,+1-313-661-3010,VP of Sales,Blocker,2024-11-03T00:00:00
2911,901,Barbara,Martin,barbara.martin@globex.com,+1-256-229-4503,VP of Engineering,Economic Buyer,2023-07-22T00:00:00
2912,922,Betty,Miller,betty.miller@waystar.io,+1-996-945-9924,VP of Product,Blocker,2024-12-06T00:00:00
2913,82,Kimberly,Ramirez,kimberly.ramirez@acme.com,+1-931-785-1803,Head of Security,Economic Buyer,2024-12-31T00:00:00
2914,433,Joshua,Anderson,joshua.anderson@initech.com,+1-664-935-9739,Head of Security,Technical Evaluator,2021-10-16T00:00:00
2915,402,Joseph,Williams,joseph.williams@waystar.io,+1-681-899-3991,Director of Marketing,Champion,2024-04-10T00:00:00
2916,687,Patricia,Hernandez,patricia.hernandez@piedpiper.com,,COO,Champion,2024-11-13T00:00:00
2917,675,Sandra,Thomas,sandra.thomas@piedpiper.com,+1-233-893-4330,Head of Data,Champion,2023-01-15T00:00:00
2918,344,Elizabeth,Smith,elizabeth.smith@initech.com,+1-450-586-7970,Head of Data,End User,2021-09-19T00:00:00
2919,833,Barbara,Jackson,barbara.jackson@piedpiper.com,+1-912-752-5727,Director of IT,End User,2023-11-20T00:00:00
2920,500,Sarah,Garcia,sarah.garcia@globex.com,,VP of Product,Coach,2024-12-08T00:00:00
2921,286,Michael,Garcia,michael.garcia,+1-790-386-2855,Data Engineer,End User,2024-07-25T00:00:00
2922,323,Betty,Brown,betty.brown@waystar.io,+1-867-734-7429,Chief Revenue Officer,Technical Evaluator,2024-12-17T00:00:00
2923,677,Betty,Ramirez,betty.ramirez@waystar.io,,CEO,Economic Buyer,2024-09-06T00:00:00
2924,366,Sarah,Clark,sarah.clark@piedpiper.com,+1-757-489-3606,Director of IT,Technical Evaluator,2024-06-17T00:00:00
2925,343,Andrew,Miller,andrew.miller@waystar.io,+1-910-100-8581,IT Manager,Champion,2024-09-01T00:00:00
2926,538,Charles,Gonzalez,charles.gonzalez@acme.com,+1-904-753-7695,VP of Product,End User,2024-07-03T00:00:00
2927,368,James,Lee,james.lee@acme.com,+1-732-623-4600,CFO,Blocker,2023-04-09T00:00:00
2928,818,Linda,Taylor,linda.taylor@waystar.io,+1-775-312-3984,CTO,Champion,2024-12-25T00:00:00
2929,288,Sandra,Sanchez,sandra.sanchez@umbrella.co,+1-639-115-3657,Product Manager,Technical Evaluator,2024-02-03T00:00:00
2930,533,Joshua,Robinson,joshua.robinson,+1-494-928-3290,CTO,Champion,2023-03-12T00:00:00
2931,593,Michelle,Martinez,michelle.martinez@acme.com,+1-648-469-8158,DevOps Lead,Champion,2022-11-15T00:00:00
2932,26,David,Smith,david.smith@acme.com,+1-711-564-3443,IT Manager,Technical Evaluator,2024-01-27T00:00:00
2933,579,Mary,Robinson,mary.robinson@acme.com,+1-756-840-4764,DevOps Lead,Economic Buyer,2024-05-09T00:00:00
2934,532,Sandra,Rodriguez,sandra.rodriguez,+1-601-415-4170,VP of Infrastructure,Technical Evaluator,2022-10-23T00:00:00
2935,407,Ashley,Sanchez,ashley.sanchez@initech.com,+1-895-151-8225,CFO,Technical Evaluator,2024-11-20T00:00:00
2936,167,Nancy,Miller,nancy.miller@globex.com,+1-284-891-5328,Data Engineer,Technical Evaluator,2024-12-31T00:00:00
2937,894,Donna,Sanchez,donna.sanchez@waystar.io,+1-549-255-2571,CFO,Blocker,2023-02-28T00:00:00
2938,26,Patricia,White,patricia.white@acme.com,+1-499-815-8174,Product Manager,Blocker,2024-01-25T00:00:00
2939,94,Robert,Moore,robert.moore@umbrella.co,+1-916-282-2222,Chief Revenue Officer,Champion,2024-12-20T00:00:00
2940,312,Sarah,Perez,sarah.perez@initech.com,+1-769-831-4453,Chief Revenue Officer,Technical Evaluator,2024-10-01T00:00:00
2941,1,Emily,Wilson,emily.wilson@globex.com,+1-827-288-2838,IT Manager,Technical Evaluator,2023-03-03T00:00:00
2942,355,Mark,Lee,mark.lee@piedpiper.com,+1-278-835-6259,Head of Data,Economic Buyer,2024-09-01T00:00:00
2943,618,Daniel,Moore,daniel.moore,+1-512-984-1277,Director of Operations,Coach,2023-12-10T00:00:00
2944,753,Michelle,Perez,michelle.perez@waystar.io,+1-563-150-5732,Head of Security,End User,2023-11-07T00:00:00
2945,66,Anthony,Lewis,anthony.lewis@acme.com,,Chief Revenue Officer,End User,2024-03-02T00:00:00
2946,636,Anthony,Lopez,anthony.lopez@acme.com,+1-731-202-4016,Data Engineer,Technical Evaluator,2023-12-30T00:00:00
2947,477,Margaret,Lewis,margaret.lewis@globex.com,+1-225-915-9780,COO,Economic Buyer,2023-01-13T00:00:00
2948,10,Paul,Hernandez,paul.hernandez@umbrella.co,+1-534-188-5230,Chief Revenue Officer,Champion,2024-07-12T00:00:00
2949,775,Thomas,Thompson,,+1-399-208-2328,Director of Marketing,Technical Evaluator,2024-12-13T00:00:00
2950,598,Elizabeth,Anderson,elizabeth.anderson@globex.com,+1-341-910-9908,COO,Blocker,2023-05-30T00:00:00
2951,485,Karen,Clark,karen.clark@piedpiper.com,+1-298-984-1750,Solutions Architect,Technical Evaluator,2024-12-23T00:00:00
2952,938,Charles,Ramirez,charles.ramirez@piedpiper.com,+1-236-756-8470,Director of IT,Champion,2024-12-04T00:00:00
2953,227,Linda,Smith,linda.smith@globex.com,+1-745-744-8864,VP of Engineering,Champion,2021-09-25T00:00:00
2954,161,Mark,Wilson,mark.wilson@waystar.io,+1-783-818-9809,VP of Sales,Technical Evaluator,2024-04-29T00:00:00
2955,968,Steven,Harris,steven.harris@globex.com,+1-953-453-8413,IT Manager,Technical Evaluator,2024-09-26T00:00:00
2956,836,Donna,Walker,donna.walker@acme.com,+1-557-107-1657,VP of Product,Champion,2024-10-02T00:00:00
2957,516,Linda,Taylor,linda.taylor@globex.com,+1-257-376-1990,Chief Revenue Officer,Blocker,2023-07-03T00:00:00
2958,208,Steven,Thompson,steven.thompson@acme.com,+1-978-214-2444,Director of Operations,Economic Buyer,2024-12-13T00:00:00
2959,924,David,Sanchez,david.sanchez@initech.com,+1-907-606-9899,Solutions Architect,End User,2024-12-20T00:00:00
2960,186,Kimberly,Lopez,kimberly.lopez@waystar.io,+1-264-793-3128,VP of Sales,Champion,2024-12-23T00:00:00
2961,618,Barbara,Moore,barbara.moore@initech.com,+1-230-533-4964,Head of Security,End User,2022-08-10T00:00:00
2962,78,Barbara,Miller,barbara.miller@umbrella.co,+1-970-402-5315,DevOps Lead,End User,2023-09-11T00:00:00
2963,842,Jessica,Perez,jessica.perez@globex.com,+1-240-554-4296,Head of Data,End User,2023-06-24T00:00:00
2964,33,Patricia,Robinson,patricia.robinson@initech.com,+1-934-787-8334,VP of Engineering,Coach,2024-09-10T00:00:00
2965,842,Joseph,Sanchez,joseph.sanchez@globex.com,+1-836-225-5714,CTO,Coach,2023-12-14T00:00:00
2966,326,Christopher,Williams,christopher.williams@waystar.io,+1-919-862-9938,VP of Engineering,Champion,2022-09-28T00:00:00
2967,607,Richard,Harris,richard.harris@acme.com,+1-790-712-9146,Director of IT,Champion,2024-12-25T00:00:00
2968,249,Mark,Hernandez,mark.hernandez@piedpiper.com,+1-507-767-1239,Director of Marketing,Economic Buyer,2023-10-07T00:00:00
2969,686,Daniel,Gonzalez,daniel.gonzalez@globex.com,+1-810-609-1198,CFO,Economic Buyer,2022-09-24T00:00:00
2970,531,Donald,Perez,donald.perez@waystar.io,+1-902-217-8247,Chief Revenue Officer,Champion,2024-12-13T00:00:00
2971,59,Patricia,Lewis,patricia.lewis@waystar.io,+1-242-644-7615,Data Engineer,Blocker,2024-11-03T00:00:00
2972,769,Linda,Williams,linda.williams@initech.com,+1-319-267-9525,Data Engineer,Economic Buyer,2021-12-09T00:00:00
2973,639,Richard,Perez,richard.perez@acme.com,+1-441-544-5378,,Economic Buyer,2024-06-27T00:00:00
2974,202,Kimberly,White,kimberly.white@piedpiper.com,+1-381-742-8968,Solutions Architect,Champion,2024-12-05T00:00:00
2975,18,Jessica,Ramirez,jessica.ramirez@acme.com,+1-393-516-6328,VP of Product,Coach,2023-11-23T00:00:00
2976,654,Matthew,Lopez,matthew.lopez@globex.com,+1-876-751-2446,Director of IT,Blocker,2024-12-25T00:00:00
2977,765,Richard,Jackson,richard.jackson@globex.com,+1-550-473-7627,VP of Infrastructure,Economic Buyer,2023-10-01T00:00:00
2978,970,Matthew,Ramirez,matthew.ramirez,+1-220-930-4060,Solutions Architect,End User,2022-09-14T00:00:00
2979,894,Sandra,White,sandra.white@piedpiper.com,+1-897-187-9415,CFO,End User,2023-11-18T00:00:00
2980,404,Karen,Sanchez,karen.sanchez@globex.com,+1-316-656-7039,Product Manager,End User,2024-10-14T00:00:00
2981,491,Ashley,Robinson,ashley.robinson@waystar.io,+1-939-965-5575,Product Manager,Economic Buyer,2024-03-20T00:00:00
2982,65,Daniel,Lee,daniel.lee@umbrella.co,+1-926-106-7930,VP of Infrastructure,Blocker,2021-09-14T00:00:00
2983,424,Mark,Lopez,mark.lopez@acme.com,+1-461-313-1215,Chief Revenue Officer,Economic Buyer,2022-09-07T00:00:00
2984,43,Donna,Rodriguez,donna.rodriguez@initech.com,+1-786-735-6837,Director of IT,Champion,2024-09-27T00:00:00
2985,862,Christopher,Smith,christopher.smith@globex.com,+1-342-212-5946,Chief Revenue Officer,Technical Evaluator,2020-07-01T00:00:00
2986,9,Joshua,Clark,joshua.clark@waystar.io,+1-437-208-7333,Head of Security,End User,2023-09-11T00:00:00
2987,324,Joshua,Hernandez,joshua.hernandez@umbrella.co,+1-510-713-5697,CEO,End User,2023-11-06T00:00:00
2988,81,Joseph,Hernandez,joseph.hernandez@globex.com,+1-395-826-9901,Product Manager,Economic Buyer,2024-06-21T00:00:00
2989,972,Andrew,Walker,andrew.walker@waystar.io,+1-549-961-7586,VP of Infrastructure,Coach,2024-11-01T00:00:00
2990,794,Sandra,Anderson,sandra.anderson@waystar.io,+1-586-195-3749,,Technical Evaluator,2024-06-19T00:00:00
2991,284,Charles,Martinez,charles.martinez@globex.com,+1-673-210-6822,Head of Security,Economic Buyer,2024-12-16T00:00:00
2992,706,Margaret,Smith,margaret.smith@umbrella.co,+1-294-541-7948,Director of Operations,End User,2024-05-14T00:00:00
2993,553,Elizabeth,Williams,elizabeth.williams@globex.com,+1-399-851-3719,COO,Champion,2024-12-17T00:00:00
2994,873,Joseph,Jones,joseph.jones@acme.com,+1-999-312-2056,VP of Engineering,Technical Evaluator,2023-04-03T00:00:00
2995,760,Lisa,Wilson,lisa.wilson@umbrella.co,,Engineering Manager,Coach,2024-10-09T00:00:00
2996,68,Paul,Ramirez,paul.ramirez@initech.com,+1-482-675-3262,VP of Product,Blocker,2020-04-15T00:00:00
2997,168,Sandra,Thompson,sandra.thompson@acme.com,+1-876-149-4163,Director of Marketing,Technical Evaluator,2024-07-09T00:00:00
2998,860,Emily,Gonzalez,emily.gonzalez@piedpiper.com,+1-488-210-4785,Solutions Architect,End User,2024-12-05T00:00:00
2999,810,Sandra,Lee,sandra.lee@waystar.io,+1-736-677-2800,IT Manager,End User,2024-04-15T00:00:00
3000,143,Karen,Gonzalez,karen.gonzalez@umbrella.co,+1-512-795-6564,Solutions Architect,Champion,2023-10-31T00:00:00
