contact_role_id,contact_id,opp_id,role,is_primary
1,179,1,Economic Buyer,True
2,200,2,Technical Evaluator,False
3,787,2,Champion,True
4,469,3,Executive Sponsor,True
5,1839,4,Economic Buyer,True
6,186,4,Champion,True
7,664,5,Coach,False
8,2430,7,Champion,True
9,53,8,Technical Evaluator,False
10,725,8,End User,False
11,496,1,Coach,False
12,2418,1,Technical Evaluator,False
13,2313,10,Technical Evaluator,False
14,2552,11,Champion,True
15,2227,12,Technical Evaluator,False
16,1248,12,Economic Buyer,True
17,2908,13,Champion,True
18,2036,13,Economic Buyer,True
19,2535,13,End User,False
20,394,14,End User,False
21,492,15,Champion,True
22,2603,15,Technical Evaluator,False
23,2307,15,End User,False
24,2485,16,Technical Evaluator,False
25,1263,17,End User,False
26,845,17,Economic Buyer,True
27,425,17,Executive Sponsor,True
28,2157,18,Champion,True
29,2188,18,Coach,False
30,1963,19,Blocker,False
31,432,19,Champion,True
32,2828,20,Economic Buyer,True
33,1235,20,Technical Evaluator,False
34,427,21,Economic Buyer,True
35,940,22,Technical Evaluator,False
36,2717,23,Technical Evaluator,False
37,1033,23,Blocker,False
38,967,24,Technical Evaluator,False
39,2138,24,Legal Reviewer,False
40,1827,25,Champion,True
41,2362,25,Legal Reviewer,False
42,915,25,Technical Evaluator,False
43,329,26,Blocker,False
44,85,26,Legal Reviewer,False
45,2343,27,Champion,True
46,689,28,Legal Reviewer,False
47,2657,29,Technical Evaluator,False
48,2946,30,Executive Sponsor,True
49,2848,31,Champion,True
50,1369,31,Legal Reviewer,False
51,2706,31,End User,False
52,2914,32,Champion,True
53,1802,32,End User,False
54,206,32,Economic Buyer,True
55,2347,33,Executive Sponsor,True
56,412,33,Coach,False
57,1823,34,Technical Evaluator,False
58,2113,34,Coach,False
59,1284,35,Champion,True
60,1414,35,Coach,False
61,2986,36,Blocker,False
62,1157,36,Champion,True
63,2798,37,Technical Evaluator,False
64,2055,38,Economic Buyer,True
65,2498,40,Executive Sponsor,True
66,2673,41,Coach,False
67,1789,42,Economic Buyer,True
68,747,43,Blocker,False
69,2116,43,Champion,True
70,616,43,Economic Buyer,True
71,1220,45,Technical Evaluator,False
72,74,46,End User,False
73,149,46,Champion,True
74,1067,47,Technical Evaluator,False
75,2089,48,Legal Reviewer,False
76,1891,49,Coach,False
77,436,50,Technical Evaluator,False
78,802,50,Champion,True
79,386,51,Champion,True
80,1940,51,End User,False
81,1335,52,Technical Evaluator,False
82,931,53,Technical Evaluator,False
83,1085,54,Champion,True
84,1150,55,Technical Evaluator,False
85,1054,56,Technical Evaluator,False
86,477,57,Blocker,False
87,1612,57,Legal Reviewer,False
88,959,58,Coach,False
89,420,58,Technical Evaluator,False
90,1641,58,Champion,True
91,1854,58,Economic Buyer,True
92,542,59,Executive Sponsor,True
93,572,59,Technical Evaluator,False
94,1569,60,Economic Buyer,True
95,38,61,End User,False
96,1830,62,End User,False
97,2292,63,Legal Reviewer,False
98,2301,63,Champion,True
99,1523,64,Technical Evaluator,False
100,2799,64,Legal Reviewer,False
101,1270,65,End User,False
102,2349,65,Champion,True
103,1059,66,Economic Buyer,True
104,1763,66,Legal Reviewer,False
105,1672,66,Executive Sponsor,True
106,2339,67,Executive Sponsor,True
107,338,68,Technical Evaluator,False
108,536,69,Coach,False
109,1954,69,Champion,True
110,567,70,End User,False
111,62,72,Technical Evaluator,False
112,2448,73,Blocker,False
113,1563,73,Coach,False
114,2960,74,Coach,False
115,1950,74,Blocker,False
116,1598,75,Technical Evaluator,False
117,2157,76,Economic Buyer,True
118,2188,76,Champion,True
119,1292,77,Technical Evaluator,False
120,2238,78,Economic Buyer,True
121,522,78,End User,False
122,493,79,Technical Evaluator,False
123,1798,80,Technical Evaluator,False
124,2840,81,Legal Reviewer,False
125,429,81,Economic Buyer,True
126,2981,82,Legal Reviewer,False
127,2062,82,Technical Evaluator,False
128,641,82,Champion,True
129,2528,82,Economic Buyer,True
130,1357,83,Legal Reviewer,False
131,2110,84,Champion,True
132,2135,85,End User,False
133,1384,85,Champion,True
134,337,85,Blocker,False
135,1961,86,Champion,True
136,853,86,End User,False
137,485,86,Technical Evaluator,False
138,358,87,Technical Evaluator,False
139,1447,87,Economic Buyer,True
140,1780,88,Legal Reviewer,False
141,1572,88,Champion,True
142,1550,89,Economic Buyer,True
143,1078,90,Executive Sponsor,True
144,66,90,Economic Buyer,True
145,81,3,Technical Evaluator,False
146,33,3,Champion,True
147,1276,3,End User,False
148,1585,3,Economic Buyer,True
149,1852,93,Coach,False
150,726,94,End User,False
151,1112,94,Legal Reviewer,False
152,2086,94,Technical Evaluator,False
153,356,95,Technical Evaluator,False
154,808,96,Technical Evaluator,False
155,2909,97,Champion,True
156,2136,98,Technical Evaluator,False
157,2966,98,Champion,True
158,2517,99,Champion,True
159,283,99,Legal Reviewer,False
160,2022,100,Technical Evaluator,False
161,253,101,Technical Evaluator,False
162,1209,101,Legal Reviewer,False
163,1452,102,Champion,True
164,1161,103,End User,False
165,2156,104,Champion,True
166,2887,104,Technical Evaluator,False
167,2324,104,Blocker,False
168,1826,105,Executive Sponsor,True
169,1278,105,Economic Buyer,True
170,2462,106,Blocker,False
171,660,106,Legal Reviewer,False
172,587,107,End User,False
173,2085,108,End User,False
174,1327,108,Economic Buyer,True
175,2026,109,Blocker,False
176,906,110,Champion,True
177,1175,110,Coach,False
178,2202,110,Technical Evaluator,False
179,2095,110,Blocker,False
180,283,111,Champion,True
181,2502,112,Blocker,False
182,175,113,Blocker,False
183,155,115,Technical Evaluator,False
184,2573,116,Legal Reviewer,False
185,1502,117,Executive Sponsor,True
186,1645,118,Champion,True
187,446,118,Economic Buyer,True
188,2416,119,Blocker,False
189,2359,120,Technical Evaluator,False
190,774,121,Champion,True
191,450,121,Blocker,False
192,571,121,End User,False
193,676,122,Technical Evaluator,False
194,1809,123,Champion,True
195,1513,123,Coach,False
196,1161,124,Technical Evaluator,False
197,1690,125,Champion,True
198,1362,126,Blocker,False
199,1991,126,Technical Evaluator,False
200,597,126,Champion,True
201,2463,127,Legal Reviewer,False
202,413,127,Economic Buyer,True
203,131,127,Champion,True
204,2562,128,Economic Buyer,True
205,2728,128,End User,False
206,695,128,Champion,True
207,2449,129,Legal Reviewer,False
208,549,130,Executive Sponsor,True
209,1303,130,Blocker,False
210,2918,130,Economic Buyer,True
211,77,131,Technical Evaluator,False
212,542,132,Economic Buyer,True
213,572,132,Technical Evaluator,False
214,2920,133,Legal Reviewer,False
215,2498,134,Economic Buyer,True
216,1050,135,End User,False
217,1793,136,Coach,False
218,1382,137,Champion,True
219,2180,138,Coach,False
220,1425,138,Economic Buyer,True
221,1344,139,Executive Sponsor,True
222,674,139,Legal Reviewer,False
223,2077,139,Coach,False
224,2013,140,Technical Evaluator,False
225,2750,140,Economic Buyer,True
226,1136,140,Executive Sponsor,True
227,2638,141,Technical Evaluator,False
228,2076,142,Coach,False
229,762,143,Champion,True
230,1479,143,Technical Evaluator,False
231,1945,144,Champion,True
232,2099,145,Champion,True
233,2954,147,Champion,True
234,2310,147,Legal Reviewer,False
235,261,147,Coach,False
236,2819,84,Coach,False
237,1394,84,Technical Evaluator,False
238,58,149,Champion,True
239,1682,150,Coach,False
240,1195,150,Technical Evaluator,False
241,2682,151,Economic Buyer,True
242,52,152,Champion,True
243,2262,152,Coach,False
244,2946,153,Blocker,False
245,2804,154,Technical Evaluator,False
246,1003,155,Blocker,False
247,250,156,Technical Evaluator,False
248,2604,156,Champion,True
249,180,156,Coach,False
250,2139,157,Champion,True
251,1040,157,Economic Buyer,True
252,2788,158,Technical Evaluator,False
253,265,159,Technical Evaluator,False
254,1754,4,End User,False
255,852,4,Technical Evaluator,False
256,2721,161,Executive Sponsor,True
257,1148,161,Champion,True
258,326,162,Technical Evaluator,False
259,2930,162,Champion,True
260,1199,162,Blocker,False
261,701,162,Legal Reviewer,False
262,1177,163,Executive Sponsor,True
263,867,164,Economic Buyer,True
264,540,165,Technical Evaluator,False
265,1740,165,Economic Buyer,True
266,2548,165,Champion,True
267,1997,166,Technical Evaluator,False
268,1200,166,Economic Buyer,True
269,1712,167,Technical Evaluator,False
270,864,168,Legal Reviewer,False
271,2596,169,Technical Evaluator,False
272,2250,170,End User,False
273,1063,170,Coach,False
274,2176,171,Coach,False
275,2824,171,End User,False
276,2184,172,End User,False
277,947,172,Technical Evaluator,False
278,2378,172,Champion,True
279,710,173,Technical Evaluator,False
280,2973,173,Legal Reviewer,False
281,2007,75,End User,False
282,1115,75,Blocker,False
283,536,64,Technical Evaluator,False
284,1954,64,Economic Buyer,True
285,998,64,Champion,True
286,150,176,Coach,False
287,79,177,End User,False
288,675,177,Champion,True
289,1347,178,End User,False
290,1917,179,Technical Evaluator,False
291,280,180,Champion,True
292,1623,181,Champion,True
293,2404,182,End User,False
294,1660,182,Executive Sponsor,True
295,184,183,Technical Evaluator,False
296,2835,183,Economic Buyer,True
297,1990,184,Coach,False
298,2835,185,End User,False
299,1112,186,Champion,True
300,719,188,Coach,False
301,2443,188,Technical Evaluator,False
302,69,188,Champion,True
303,1558,189,Technical Evaluator,False
304,2655,189,Executive Sponsor,True
305,1203,190,Executive Sponsor,True
306,338,191,Technical Evaluator,False
307,1546,192,Economic Buyer,True
308,869,192,Champion,True
309,1602,193,Blocker,False
310,624,193,Economic Buyer,True
311,1886,193,Champion,True
312,1195,194,Champion,True
313,179,195,Technical Evaluator,False
314,2967,195,Economic Buyer,True
315,1995,196,Blocker,False
316,1010,79,End User,False
317,1711,198,End User,False
318,2145,199,Coach,False
319,1028,200,Economic Buyer,True
320,518,201,Champion,True
321,113,202,End User,False
322,2699,204,Economic Buyer,True
323,773,204,Blocker,False
324,2747,205,Champion,True
325,840,205,Technical Evaluator,False
326,2683,207,Champion,True
327,2383,209,Coach,False
328,41,210,Technical Evaluator,False
329,2296,210,Champion,True
330,812,210,Blocker,False
331,2246,211,Economic Buyer,True
332,2683,211,Coach,False
333,1277,211,Technical Evaluator,False
334,1933,211,Legal Reviewer,False
335,1716,212,Technical Evaluator,False
336,2360,213,Champion,True
337,2346,213,End User,False
338,1906,213,Technical Evaluator,False
339,1548,214,Champion,True
340,2568,214,Economic Buyer,True
341,364,215,Champion,True
342,1833,216,Executive Sponsor,True
343,1110,217,End User,False
344,2634,217,Executive Sponsor,True
345,1618,217,Technical Evaluator,False
346,2761,218,Champion,True
347,1425,219,Coach,False
348,433,220,End User,False
349,2123,221,Economic Buyer,True
350,952,222,Champion,True
351,2540,222,Economic Buyer,True
352,1382,222,Executive Sponsor,True
353,494,223,Economic Buyer,True
354,1237,223,Technical Evaluator,False
355,2020,224,Coach,False
356,695,225,Champion,True
357,2584,226,Technical Evaluator,False
358,1856,226,Champion,True
359,583,226,Legal Reviewer,False
360,2237,227,Champion,True
361,1879,229,Executive Sponsor,True
362,2941,229,End User,False
363,2348,230,Economic Buyer,True
364,2739,230,Executive Sponsor,True
365,2195,231,Technical Evaluator,False
366,2727,231,End User,False
367,999,232,Blocker,False
368,2025,232,Coach,False
369,2993,233,End User,False
370,1960,233,Champion,True
371,1887,234,End User,False
372,1992,235,Champion,True
373,1341,235,Technical Evaluator,False
374,2881,235,End User,False
375,2576,236,Champion,True
376,2652,237,Champion,True
377,2159,237,Technical Evaluator,False
378,445,238,Legal Reviewer,False
379,1942,239,End User,False
380,261,240,Blocker,False
381,2954,240,Economic Buyer,True
382,1957,241,Champion,True
383,2756,242,Executive Sponsor,True
384,905,243,Technical Evaluator,False
385,1032,244,Executive Sponsor,True
386,683,244,Legal Reviewer,False
387,2796,245,End User,False
388,1876,246,Champion,True
389,1433,246,Executive Sponsor,True
390,2722,247,Legal Reviewer,False
391,671,248,Legal Reviewer,False
392,1008,248,Champion,True
393,167,248,Technical Evaluator,False
394,2870,248,Blocker,False
395,1646,249,Technical Evaluator,False
396,1236,249,Champion,True
397,1874,249,Blocker,False
398,2203,250,End User,False
399,1259,251,Legal Reviewer,False
400,425,252,Champion,True
401,2768,253,Economic Buyer,True
402,618,253,Champion,True
403,404,253,Technical Evaluator,False
404,2677,254,End User,False
405,555,255,End User,False
406,2259,256,End User,False
407,1876,257,Champion,True
408,1881,257,Technical Evaluator,False
409,518,258,Champion,True
410,1577,258,Executive Sponsor,True
411,885,258,End User,False
412,1727,259,Champion,True
413,2961,259,Technical Evaluator,False
414,460,260,Economic Buyer,True
415,2173,260,Champion,True
416,1282,261,End User,False
417,2493,261,Economic Buyer,True
418,2351,262,Coach,False
419,2763,263,Economic Buyer,True
420,2904,264,End User,False
421,472,264,Champion,True
422,2996,264,Technical Evaluator,False
423,1372,265,Legal Reviewer,False
424,238,266,Economic Buyer,True
425,911,266,Technical Evaluator,False
426,1389,267,Technical Evaluator,False
427,2810,5,Legal Reviewer,False
428,1613,5,Technical Evaluator,False
429,884,269,End User,False
430,2381,270,End User,False
431,350,270,Champion,True
432,2269,270,Technical Evaluator,False
433,2963,272,End User,False
434,1862,272,Technical Evaluator,False
435,2911,273,Technical Evaluator,False
436,2488,273,Champion,True
437,1798,274,End User,False
438,2722,275,Economic Buyer,True
439,386,275,Champion,True
440,1762,276,Executive Sponsor,True
441,134,278,Economic Buyer,True
442,541,278,Blocker,False
443,1246,278,Technical Evaluator,False
444,1166,279,Technical Evaluator,False
445,1254,280,Economic Buyer,True
446,1665,164,Executive Sponsor,True
447,683,282,Technical Evaluator,False
448,2986,283,Technical Evaluator,False
449,777,284,Executive Sponsor,True
450,2354,285,Champion,True
451,556,285,Economic Buyer,True
452,1605,285,End User,False
453,1907,285,Legal Reviewer,False
454,2955,286,Coach,False
455,260,286,Economic Buyer,True
456,1825,286,End User,False
457,1329,286,Technical Evaluator,False
458,2184,287,Executive Sponsor,True
459,474,288,Champion,True
460,2375,288,Economic Buyer,True
461,1843,289,Economic Buyer,True
462,1855,290,Executive Sponsor,True
463,793,290,Coach,False
464,2689,290,Champion,True
465,365,291,Coach,False
466,371,291,Champion,True
467,364,292,Champion,True
468,2996,294,Champion,True
469,1491,295,End User,False
470,1587,295,Economic Buyer,True
471,1277,296,Blocker,False
472,604,297,Coach,False
473,2775,298,Champion,True
474,2741,299,Technical Evaluator,False
475,1174,300,Executive Sponsor,True
476,2388,301,End User,False
477,2201,301,Executive Sponsor,True
478,1760,301,Technical Evaluator,False
479,1082,301,Champion,True
480,1914,302,End User,False
481,717,303,Economic Buyer,True
482,2794,304,End User,False
483,810,304,Technical Evaluator,False
484,2385,305,Legal Reviewer,False
485,1804,305,Champion,True
486,1847,305,Technical Evaluator,False
487,1234,305,Executive Sponsor,True
488,2830,305,End User,False
489,2956,306,Champion,True
490,1207,307,Technical Evaluator,False
491,2359,308,End User,False
492,1634,309,Technical Evaluator,False
493,1805,309,End User,False
494,2122,310,Champion,True
495,2729,311,Champion,True
496,403,312,Technical Evaluator,False
497,2615,312,Executive Sponsor,True
498,1373,313,Coach,False
499,2826,313,Blocker,False
500,447,314,Technical Evaluator,False
501,1077,314,Legal Reviewer,False
502,1427,315,Economic Buyer,True
503,284,316,Technical Evaluator,False
504,1377,317,End User,False
505,2995,318,End User,False
506,1589,318,Technical Evaluator,False
507,379,319,Technical Evaluator,False
508,1838,319,Economic Buyer,True
509,1227,320,Economic Buyer,True
510,1472,321,Champion,True
511,40,321,Economic Buyer,True
512,399,322,Economic Buyer,True
513,2837,322,Coach,False
514,419,323,Technical Evaluator,False
515,1290,324,Technical Evaluator,False
516,395,325,Executive Sponsor,True
517,197,325,Technical Evaluator,False
518,2722,326,Coach,False
519,386,326,End User,False
520,2341,327,Economic Buyer,True
521,289,328,Executive Sponsor,True
522,2808,329,Economic Buyer,True
523,1305,330,Technical Evaluator,False
524,1343,330,Champion,True
525,1185,331,Executive Sponsor,True
526,702,332,Champion,True
527,1242,333,Economic Buyer,True
528,358,335,Technical Evaluator,False
529,1447,335,Executive Sponsor,True
530,390,336,Champion,True
531,2294,336,Executive Sponsor,True
532,1731,336,Blocker,False
533,2168,337,Economic Buyer,True
534,2909,338,Technical Evaluator,False
535,1411,339,End User,False
536,749,339,Technical Evaluator,False
537,216,340,Technical Evaluator,False
538,2349,341,Legal Reviewer,False
539,353,341,Champion,True
540,686,342,End User,False
541,397,342,Technical Evaluator,False
542,838,343,Economic Buyer,True
543,2995,344,Champion,True
544,2664,345,Coach,False
545,1686,346,Champion,True
546,985,346,Blocker,False
547,2268,346,End User,False
548,1113,347,Economic Buyer,True
549,2110,348,Technical Evaluator,False
550,1057,349,Champion,True
551,430,349,End User,False
552,185,349,Executive Sponsor,True
553,823,349,Legal Reviewer,False
554,383,350,Champion,True
555,816,350,Economic Buyer,True
556,28,351,Technical Evaluator,False
557,475,352,End User,False
558,281,352,Blocker,False
559,1622,353,End User,False
560,245,354,Technical Evaluator,False
561,653,355,Technical Evaluator,False
562,838,356,Champion,True
563,292,357,Technical Evaluator,False
564,1027,358,Champion,True
565,1321,358,Blocker,False
566,2866,359,Technical Evaluator,False
567,1458,360,Economic Buyer,True
568,1505,362,Champion,True
569,2243,362,Coach,False
570,2295,363,Technical Evaluator,False
571,1594,363,Champion,True
572,2803,364,Economic Buyer,True
573,2888,364,Technical Evaluator,False
574,2316,365,Economic Buyer,True
575,2232,366,Legal Reviewer,False
576,1453,366,Champion,True
577,2106,367,Champion,True
578,2755,367,Technical Evaluator,False
579,2100,367,Legal Reviewer,False
580,1019,367,Blocker,False
581,2944,368,Technical Evaluator,False
582,340,368,Champion,True
583,2384,369,End User,False
584,397,370,Technical Evaluator,False
585,1714,371,Blocker,False
586,139,371,Executive Sponsor,True
587,1225,372,Coach,False
588,1002,372,End User,False
589,1896,373,Champion,True
590,934,373,Technical Evaluator,False
591,775,374,Technical Evaluator,False
592,1656,375,Technical Evaluator,False
593,364,376,Technical Evaluator,False
594,280,377,Economic Buyer,True
595,2913,378,Champion,True
596,2757,378,Coach,False
597,1305,379,Legal Reviewer,False
598,731,379,Technical Evaluator,False
599,2131,379,Champion,True
600,694,380,Champion,True
601,1942,381,Technical Evaluator,False
602,393,382,Champion,True
603,1099,382,Technical Evaluator,False
604,280,383,Economic Buyer,True
605,2317,383,Blocker,False
606,525,384,Technical Evaluator,False
607,1278,385,Blocker,False
608,1637,385,Legal Reviewer,False
609,1960,386,Legal Reviewer,False
610,2993,386,Champion,True
611,885,387,Champion,True
612,1577,387,Technical Evaluator,False
613,518,387,Economic Buyer,True
614,2593,388,Champion,True
615,874,388,Executive Sponsor,True
616,196,389,Economic Buyer,True
617,2480,389,End User,False
618,667,390,End User,False
619,2389,390,Champion,True
620,1767,391,Champion,True
621,1210,391,Executive Sponsor,True
622,27,392,Champion,True
623,2803,393,Technical Evaluator,False
624,2888,393,End User,False
625,1497,394,Champion,True
626,839,395,Economic Buyer,True
627,2345,395,Technical Evaluator,False
628,1634,396,Legal Reviewer,False
629,1588,397,Technical Evaluator,False
630,2773,398,Blocker,False
631,2862,399,End User,False
632,462,400,Economic Buyer,True
633,1756,400,End User,False
634,1578,400,Legal Reviewer,False
635,2884,401,Champion,True
636,552,402,Champion,True
637,2669,402,Technical Evaluator,False
638,538,402,Blocker,False
639,2890,403,Technical Evaluator,False
640,177,404,Economic Buyer,True
641,1672,405,Champion,True
642,1763,405,Technical Evaluator,False
643,935,406,Champion,True
644,233,406,Technical Evaluator,False
645,2882,407,Champion,True
646,1887,408,Executive Sponsor,True
647,1408,409,Technical Evaluator,False
648,2237,410,Technical Evaluator,False
649,1356,411,Blocker,False
650,233,411,End User,False
651,935,411,Champion,True
652,1909,412,Blocker,False
653,2527,412,Champion,True
654,2266,412,End User,False
655,136,413,Executive Sponsor,True
656,562,414,Coach,False
657,1939,414,Technical Evaluator,False
658,1001,415,Executive Sponsor,True
659,1427,416,End User,False
660,2004,417,Technical Evaluator,False
661,837,418,Coach,False
662,757,418,Technical Evaluator,False
663,1034,419,End User,False
664,676,419,Technical Evaluator,False
665,729,420,Champion,True
666,454,420,Coach,False
667,1474,421,Economic Buyer,True
668,792,421,Champion,True
669,750,422,Executive Sponsor,True
670,302,422,Technical Evaluator,False
671,603,422,Champion,True
672,516,423,Coach,False
673,248,423,Legal Reviewer,False
674,1345,424,Champion,True
675,1736,424,Blocker,False
676,860,425,Champion,True
677,528,425,End User,False
678,2931,426,Legal Reviewer,False
679,1875,427,Executive Sponsor,True
680,2940,428,Champion,True
681,2611,428,Executive Sponsor,True
682,1102,428,End User,False
683,490,430,Economic Buyer,True
684,230,430,End User,False
685,1858,430,Executive Sponsor,True
686,1083,431,Coach,False
687,565,431,Champion,True
688,1048,431,Executive Sponsor,True
689,1107,432,Technical Evaluator,False
690,241,433,Coach,False
691,1379,434,Champion,True
692,2134,435,Technical Evaluator,False
693,1021,436,Champion,True
694,1299,437,Champion,True
695,2258,438,Coach,False
696,1810,439,Economic Buyer,True
697,2981,440,Technical Evaluator,False
698,641,440,Legal Reviewer,False
699,2116,441,Legal Reviewer,False
700,747,441,Executive Sponsor,True
701,616,441,Technical Evaluator,False
702,34,442,Economic Buyer,True
703,2084,442,Coach,False
704,1552,443,Champion,True
705,60,443,End User,False
706,1428,445,End User,False
707,2593,446,Economic Buyer,True
708,859,447,Economic Buyer,True
709,2384,447,Executive Sponsor,True
710,1630,448,Champion,True
711,982,448,Economic Buyer,True
712,2376,448,End User,False
713,2910,448,Executive Sponsor,True
714,2938,449,Executive Sponsor,True
715,2714,449,End User,False
716,2932,449,Economic Buyer,True
717,571,450,Champion,True
718,450,450,Coach,False
719,601,451,Champion,True
720,53,452,Technical Evaluator,False
721,905,453,End User,False
722,2433,453,Legal Reviewer,False
723,515,454,Economic Buyer,True
724,506,454,Coach,False
725,2954,455,Technical Evaluator,False
726,656,456,Technical Evaluator,False
727,1219,456,Champion,True
728,2318,456,Economic Buyer,True
729,289,456,Legal Reviewer,False
730,1534,458,Technical Evaluator,False
731,1214,458,Blocker,False
732,2804,459,Technical Evaluator,False
733,204,460,Legal Reviewer,False
734,2482,460,Blocker,False
735,1231,461,Economic Buyer,True
736,2994,461,End User,False
737,229,461,Technical Evaluator,False
738,1338,462,Champion,True
739,885,463,End User,False
740,2403,464,Economic Buyer,True
741,2677,464,Champion,True
742,2403,465,Technical Evaluator,False
743,2677,465,Blocker,False
744,1337,466,Champion,True
745,107,466,Executive Sponsor,True
746,2344,466,Economic Buyer,True
747,2968,467,Blocker,False
748,2718,468,Technical Evaluator,False
749,2019,469,End User,False
750,193,469,Champion,True
751,1109,469,Coach,False
752,87,470,Technical Evaluator,False
753,2195,471,Economic Buyer,True
754,589,471,End User,False
755,140,472,Blocker,False
756,1243,473,Executive Sponsor,True
757,1015,474,Champion,True
758,2409,474,Technical Evaluator,False
759,2671,475,Economic Buyer,True
760,1422,475,End User,False
761,2408,475,Champion,True
762,533,477,Blocker,False
763,1084,479,Blocker,False
764,2652,480,End User,False
765,689,481,Economic Buyer,True
766,1734,482,Technical Evaluator,False
767,2962,483,Economic Buyer,True
768,34,484,End User,False
769,2782,484,Technical Evaluator,False
770,2084,484,Champion,True
771,2272,485,Technical Evaluator,False
772,558,485,Champion,True
773,543,486,Champion,True
774,1162,487,Blocker,False
775,547,487,Champion,True
776,1959,488,Economic Buyer,True
777,2093,488,Blocker,False
778,496,489,Technical Evaluator,False
779,1122,490,End User,False
780,1611,491,End User,False
781,1237,492,Economic Buyer,True
782,1798,493,Champion,True
783,1797,494,Technical Evaluator,False
784,953,494,Champion,True
785,2536,494,Executive Sponsor,True
786,1366,495,Technical Evaluator,False
787,2935,495,End User,False
788,268,496,Executive Sponsor,True
789,291,497,Economic Buyer,True
790,2429,497,Technical Evaluator,False
791,233,498,Technical Evaluator,False
792,935,498,Legal Reviewer,False
793,1356,498,Coach,False
794,2956,499,Champion,True
795,154,500,Coach,False
796,633,501,Economic Buyer,True
797,991,502,Champion,True
798,2009,502,Executive Sponsor,True
799,818,502,Technical Evaluator,False
800,24,502,Economic Buyer,True
801,1527,502,End User,False
802,1558,503,Economic Buyer,True
803,992,505,Executive Sponsor,True
804,1145,506,Champion,True
805,2274,507,Executive Sponsor,True
806,1269,508,Blocker,False
807,571,509,End User,False
808,292,510,Technical Evaluator,False
809,2048,511,Blocker,False
810,1869,511,Economic Buyer,True
811,1905,511,Technical Evaluator,False
812,1771,512,End User,False
813,2985,512,Blocker,False
814,1543,513,Champion,True
815,1970,514,Legal Reviewer,False
816,931,514,Economic Buyer,True
817,2947,515,Champion,True
818,1840,515,Legal Reviewer,False
819,628,516,Executive Sponsor,True
820,2150,516,Technical Evaluator,False
821,268,517,Champion,True
822,997,518,End User,False
823,2161,518,Legal Reviewer,False
824,615,518,Technical Evaluator,False
825,375,519,Technical Evaluator,False
826,1706,519,Economic Buyer,True
827,2737,520,End User,False
828,636,521,Economic Buyer,True
829,2614,522,Coach,False
830,1858,523,Champion,True
831,490,523,Technical Evaluator,False
832,508,524,Blocker,False
833,1973,524,Champion,True
834,2456,524,Technical Evaluator,False
835,1098,524,Executive Sponsor,True
836,741,524,Economic Buyer,True
837,865,525,Legal Reviewer,False
838,559,525,End User,False
839,2901,525,Executive Sponsor,True
840,1367,525,Champion,True
841,2937,526,Legal Reviewer,False
842,1198,527,Blocker,False
843,347,527,Economic Buyer,True
844,1207,528,End User,False
845,14,528,Champion,True
846,971,479,Champion,True
847,2695,530,Economic Buyer,True
848,2027,530,Champion,True
849,51,530,Coach,False
850,2527,531,Economic Buyer,True
851,1909,531,Champion,True
852,2382,532,Economic Buyer,True
853,51,533,Coach,False
854,2695,533,Champion,True
855,2293,534,Economic Buyer,True
856,157,535,Technical Evaluator,False
857,2466,536,Economic Buyer,True
858,564,536,Legal Reviewer,False
859,137,537,Blocker,False
860,1812,537,Technical Evaluator,False
861,989,537,End User,False
862,2908,538,Blocker,False
863,2036,538,End User,False
864,2535,538,Executive Sponsor,True
865,2308,539,Technical Evaluator,False
866,102,539,End User,False
867,189,540,Executive Sponsor,True
868,376,540,End User,False
869,444,540,Champion,True
870,2591,540,Blocker,False
871,1142,541,Champion,True
872,93,541,Technical Evaluator,False
873,2581,542,Executive Sponsor,True
874,685,542,Blocker,False
875,384,543,Economic Buyer,True
876,1863,543,Champion,True
877,118,543,Coach,False
878,2245,543,Technical Evaluator,False
879,478,544,End User,False
880,1318,544,Coach,False
881,663,545,Economic Buyer,True
882,1713,545,Technical Evaluator,False
883,407,546,End User,False
884,106,546,Technical Evaluator,False
885,2234,547,Blocker,False
886,1097,548,Economic Buyer,True
887,308,548,Champion,True
888,1586,548,Executive Sponsor,True
889,835,549,Champion,True
890,1334,549,End User,False
891,13,550,Coach,False
892,1420,551,Technical Evaluator,False
893,2770,551,Coach,False
894,2583,552,Blocker,False
895,1131,553,Economic Buyer,True
896,367,553,Executive Sponsor,True
897,572,554,Economic Buyer,True
898,459,555,Champion,True
899,700,556,Blocker,False
900,1805,556,Executive Sponsor,True
901,1634,556,Champion,True
902,2118,557,Coach,False
903,361,557,Champion,True
904,1852,558,Blocker,False
905,1001,559,Legal Reviewer,False
906,397,560,Economic Buyer,True
907,1390,561,Executive Sponsor,True
908,2198,562,Economic Buyer,True
909,2582,563,Champion,True
910,2101,563,End User,False
911,1542,564,Coach,False
912,1134,565,Champion,True
913,2990,566,Economic Buyer,True
914,1787,567,Blocker,False
915,79,568,Technical Evaluator,False
916,675,568,End User,False
917,1381,568,Champion,True
918,979,569,Champion,True
919,365,570,Technical Evaluator,False
920,371,570,End User,False
921,2494,571,End User,False
922,70,571,Economic Buyer,True
923,971,572,Technical Evaluator,False
924,344,572,Blocker,False
925,2469,572,Champion,True
926,1533,573,Economic Buyer,True
927,1055,573,Champion,True
928,1910,574,Executive Sponsor,True
929,2824,575,Technical Evaluator,False
930,1978,575,End User,False
931,357,576,Coach,False
932,291,577,Technical Evaluator,False
933,2812,578,Champion,True
934,1366,579,Executive Sponsor,True
935,1122,580,End User,False
936,1722,581,Technical Evaluator,False
937,730,581,Coach,False
938,1202,582,Legal Reviewer,False
939,1264,582,Technical Evaluator,False
940,2166,583,Champion,True
941,1674,584,Champion,True
942,221,584,Economic Buyer,True
943,1872,584,Technical Evaluator,False
944,2380,585,Coach,False
945,849,586,Executive Sponsor,True
946,738,587,End User,False
947,1114,587,Executive Sponsor,True
948,203,588,Economic Buyer,True
949,2412,588,Technical Evaluator,False
950,2804,589,Legal Reviewer,False
951,2487,590,Executive Sponsor,True
952,63,590,Economic Buyer,True
953,111,591,Legal Reviewer,False
954,2147,592,End User,False
955,628,593,Technical Evaluator,False
956,2150,593,End User,False
957,517,594,Technical Evaluator,False
958,464,595,Coach,False
959,2157,596,Champion,True
960,2003,13,Technical Evaluator,False
961,890,598,Champion,True
962,342,599,Champion,True
963,2025,600,Technical Evaluator,False
964,2374,600,Blocker,False
965,999,600,Economic Buyer,True
966,36,601,Champion,True
967,2396,602,Champion,True
968,132,603,Economic Buyer,True
969,2248,604,Champion,True
970,772,605,Technical Evaluator,False
971,2164,605,Blocker,False
972,2391,607,End User,False
973,1525,607,Champion,True
974,296,608,Champion,True
975,1417,609,End User,False
976,2696,610,Executive Sponsor,True
977,175,610,Coach,False
978,2746,611,Economic Buyer,True
979,1038,611,Technical Evaluator,False
980,2555,612,Technical Evaluator,False
981,588,613,Champion,True
982,1713,613,End User,False
983,89,614,Economic Buyer,True
984,2840,614,End User,False
985,408,614,Champion,True
986,2718,615,Champion,True
987,2113,616,Technical Evaluator,False
988,2106,617,Coach,False
989,2755,617,Champion,True
990,266,618,Economic Buyer,True
991,2799,619,Legal Reviewer,False
992,102,620,Economic Buyer,True
993,163,621,Technical Evaluator,False
994,2159,622,Champion,True
995,2660,623,Coach,False
996,590,624,Coach,False
997,2157,625,Champion,True
998,2188,625,Blocker,False
999,630,626,Champion,True
1000,1169,627,End User,False
1001,1748,628,End User,False
1002,1159,628,Champion,True
1003,1536,629,Champion,True
1004,304,630,Economic Buyer,True
1005,798,630,Executive Sponsor,True
1006,2659,631,End User,False
1007,1466,631,Coach,False
1008,840,632,End User,False
1009,1736,633,Legal Reviewer,False
1010,1345,633,Champion,True
1011,471,634,Technical Evaluator,False
1012,2956,635,Champion,True
1013,2494,636,Technical Evaluator,False
1014,2428,637,Coach,False
1015,2307,637,Executive Sponsor,True
1016,645,638,Technical Evaluator,False
1017,1303,639,Coach,False
1018,1043,639,Champion,True
1019,2091,640,Champion,True
1020,1837,640,End User,False
1021,2544,641,Champion,True
1022,671,642,Executive Sponsor,True
1023,2333,642,End User,False
1024,2870,642,Coach,False
1025,167,642,Champion,True
1026,1865,643,Coach,False
1027,1344,643,End User,False
1028,1407,644,End User,False
1029,1238,645,Economic Buyer,True
1030,2115,646,Technical Evaluator,False
1031,1431,646,Champion,True
1032,1181,647,Technical Evaluator,False
1033,717,648,Technical Evaluator,False
1034,2393,649,Champion,True
1035,2915,650,Economic Buyer,True
1036,349,651,Executive Sponsor,True
1037,235,651,Technical Evaluator,False
1038,80,651,Economic Buyer,True
1039,1682,652,Champion,True
1040,933,653,Technical Evaluator,False
1041,2967,654,Legal Reviewer,False
1042,1049,655,Technical Evaluator,False
1043,2834,655,End User,False
1044,928,655,Blocker,False
1045,860,656,Coach,False
1046,528,656,End User,False
1047,780,657,Technical Evaluator,False
1048,1484,657,End User,False
1049,439,658,End User,False
1050,2859,659,Champion,True
1051,2607,659,Coach,False
1052,1914,660,End User,False
1053,1627,661,Legal Reviewer,False
1054,647,661,Technical Evaluator,False
1055,1307,661,Blocker,False
1056,165,662,Champion,True
1057,2804,663,Technical Evaluator,False
1058,831,664,Technical Evaluator,False
1059,1817,664,Champion,True
1060,1378,665,Champion,True
1061,591,666,End User,False
1062,1313,667,Coach,False
1063,217,667,End User,False
1064,2931,668,End User,False
1065,637,669,Coach,False
1066,2351,669,Champion,True
1067,2841,670,End User,False
1068,1099,670,Technical Evaluator,False
1069,2828,671,Blocker,False
1070,1489,672,Executive Sponsor,True
1071,1652,673,Legal Reviewer,False
1072,2986,674,Champion,True
1073,1990,674,Technical Evaluator,False
1074,1880,674,Economic Buyer,True
1075,1343,675,Champion,True
1076,2922,676,Technical Evaluator,False
1077,2112,677,Legal Reviewer,False
1078,1313,678,Technical Evaluator,False
1079,1711,679,Blocker,False
1080,1189,680,End User,False
1081,1332,681,Blocker,False
1082,308,681,Economic Buyer,True
1083,1334,683,Technical Evaluator,False
1084,2317,684,Technical Evaluator,False
1085,280,684,End User,False
1086,2897,685,Technical Evaluator,False
1087,558,686,Economic Buyer,True
1088,2272,686,End User,False
1089,2986,687,Technical Evaluator,False
1090,1990,687,End User,False
1091,1157,687,Economic Buyer,True
1092,1940,688,Champion,True
1093,2722,688,Technical Evaluator,False
1094,386,688,Economic Buyer,True
1095,2640,689,Technical Evaluator,False
1096,200,690,Technical Evaluator,False
1097,787,690,End User,False
1098,2152,691,Economic Buyer,True
1099,1518,691,End User,False
1100,2475,692,Technical Evaluator,False
1101,1974,692,End User,False
1102,1256,692,Economic Buyer,True
1103,1157,693,End User,False
1104,2675,694,End User,False
1105,897,695,Legal Reviewer,False
1106,2257,695,Technical Evaluator,False
1107,1139,695,End User,False
1108,2223,696,Blocker,False
1109,2774,696,Champion,True
1110,2718,697,Economic Buyer,True
1111,57,698,Technical Evaluator,False
1112,1526,698,End User,False
1113,176,698,Champion,True
1114,617,699,Technical Evaluator,False
1115,1558,700,Economic Buyer,True
1116,2655,700,Champion,True
1117,1665,701,Economic Buyer,True
1118,2908,702,End User,False
1119,2036,702,Economic Buyer,True
1120,1776,703,Economic Buyer,True
1121,1035,703,Executive Sponsor,True
1122,1361,704,Economic Buyer,True
1123,1105,705,Coach,False
1124,2837,705,Champion,True
1125,2786,706,Blocker,False
1126,544,706,Technical Evaluator,False
1127,2297,707,Technical Evaluator,False
1128,1837,707,Economic Buyer,True
1129,2091,707,End User,False
1130,668,708,Champion,True
1131,407,708,End User,False
1132,106,708,Economic Buyer,True
1133,2033,709,Legal Reviewer,False
1134,113,709,Economic Buyer,True
1135,269,710,Legal Reviewer,False
1136,895,711,Legal Reviewer,False
1137,1015,711,Economic Buyer,True
1138,2409,711,Blocker,False
1139,75,711,Technical Evaluator,False
1140,560,712,Blocker,False
1141,1709,713,End User,False
1142,2708,714,Technical Evaluator,False
1143,184,715,Champion,True
1144,1308,716,Economic Buyer,True
1145,892,716,End User,False
1146,1719,716,Champion,True
1147,2368,717,Technical Evaluator,False
1148,1476,718,Technical Evaluator,False
1149,1061,719,Champion,True
1150,1769,719,Economic Buyer,True
1151,2336,719,Legal Reviewer,False
1152,884,720,End User,False
1153,1517,721,Technical Evaluator,False
1154,19,721,Champion,True
1155,1054,722,Technical Evaluator,False
1156,2841,724,Economic Buyer,True
1157,1099,724,Executive Sponsor,True
1158,393,724,End User,False
1159,852,725,Champion,True
1160,1754,725,Technical Evaluator,False
1161,268,726,Economic Buyer,True
1162,2198,727,Economic Buyer,True
1163,1165,420,Blocker,False
1164,517,729,Technical Evaluator,False
1165,152,730,Economic Buyer,True
1166,2657,731,Champion,True
1167,2892,731,End User,False
1168,2259,732,End User,False
1169,2618,732,Economic Buyer,True
1170,2400,734,Technical Evaluator,False
1171,1253,734,Coach,False
1172,1600,735,Champion,True
1173,1485,736,Technical Evaluator,False
1174,1790,737,Executive Sponsor,True
1175,576,738,Technical Evaluator,False
1176,2911,738,End User,False
1177,2488,738,Coach,False
1178,2827,739,Technical Evaluator,False
1179,740,739,Executive Sponsor,True
1180,1461,740,Technical Evaluator,False
1181,1921,740,Champion,True
1182,852,741,Executive Sponsor,True
1183,880,742,Technical Evaluator,False
1184,2,742,Champion,True
1185,2482,743,Economic Buyer,True
1186,2574,744,Technical Evaluator,False
1187,2150,746,Technical Evaluator,False
1188,1122,747,Champion,True
1189,893,747,Technical Evaluator,False
1190,457,748,Technical Evaluator,False
1191,2876,748,Economic Buyer,True
1192,2561,749,Coach,False
1193,2903,749,Technical Evaluator,False
1194,2652,750,Technical Evaluator,False
1195,2159,750,Economic Buyer,True
1196,1949,751,Blocker,False
1197,2673,751,Coach,False
1198,1885,752,Champion,True
1199,1,753,Economic Buyer,True
1200,218,753,Technical Evaluator,False
1201,2916,753,Champion,True
1202,1872,754,Economic Buyer,True
1203,567,755,Blocker,False
1204,628,756,Technical Evaluator,False
1205,2150,756,Economic Buyer,True
1206,847,757,Blocker,False
1207,100,757,Technical Evaluator,False
1208,254,758,Legal Reviewer,False
1209,1726,758,Champion,True
1210,1945,140,Champion,True
1211,2014,760,Economic Buyer,True
1212,2836,760,Technical Evaluator,False
1213,1077,761,Champion,True
1214,447,761,Coach,False
1215,849,762,Executive Sponsor,True
1216,347,764,Champion,True
1217,1198,764,Blocker,False
1218,2281,765,Executive Sponsor,True
1219,2299,766,Technical Evaluator,False
1220,1448,767,Technical Evaluator,False
1221,2598,768,Technical Evaluator,False
1222,371,768,Champion,True
1223,365,768,Legal Reviewer,False
1224,2610,769,Coach,False
1225,2744,770,Economic Buyer,True
1226,1064,771,Technical Evaluator,False
1227,2249,771,Economic Buyer,True
1228,588,772,Economic Buyer,True
1229,663,772,Legal Reviewer,False
1230,1713,772,End User,False
1231,1432,773,Economic Buyer,True
1232,458,773,Champion,True
1233,963,774,Champion,True
1234,163,775,Economic Buyer,True
1235,283,776,Coach,False
1236,2517,776,Executive Sponsor,True
1237,2147,777,Technical Evaluator,False
1238,819,778,Economic Buyer,True
1239,318,779,Legal Reviewer,False
1240,2225,779,End User,False
1241,431,779,Champion,True
1242,1931,780,Coach,False
1243,1859,780,Economic Buyer,True
1244,2454,780,Blocker,False
1245,2087,781,Executive Sponsor,True
1246,1788,783,End User,False
1247,841,784,Champion,True
1248,101,784,Technical Evaluator,False
1249,2101,785,Technical Evaluator,False
1250,2582,785,Economic Buyer,True
1251,2338,786,Economic Buyer,True
1252,1302,786,Champion,True
1253,2817,787,Coach,False
1254,2680,788,Champion,True
1255,2358,788,Executive Sponsor,True
1256,2198,789,Technical Evaluator,False
1257,295,790,Champion,True
1258,386,792,Blocker,False
1259,2722,792,Champion,True
1260,1940,792,Executive Sponsor,True
1261,2743,793,Technical Evaluator,False
1262,486,794,Technical Evaluator,False
1263,1357,795,Champion,True
1264,1629,796,Economic Buyer,True
1265,1549,797,Champion,True
1266,612,798,Technical Evaluator,False
1267,2860,799,Champion,True
1268,282,800,Legal Reviewer,False
1269,433,801,Champion,True
1270,535,802,Technical Evaluator,False
1271,1980,802,Blocker,False
1272,219,802,End User,False
1273,2975,802,Champion,True
1274,2879,803,End User,False
1275,1275,803,Economic Buyer,True
1276,1085,803,Executive Sponsor,True
1277,916,803,Champion,True
1278,2321,804,Technical Evaluator,False
1279,1038,805,Technical Evaluator,False
1280,2746,805,End User,False
1281,1194,806,Champion,True
1282,1470,807,Champion,True
1283,782,807,Legal Reviewer,False
1284,2869,808,Coach,False
1285,1657,808,Champion,True
1286,2769,808,Technical Evaluator,False
1287,364,809,Executive Sponsor,True
1288,2408,810,Technical Evaluator,False
1289,229,811,Economic Buyer,True
1290,611,812,End User,False
1291,23,813,Champion,True
1292,2815,814,Technical Evaluator,False
1293,2531,816,Technical Evaluator,False
1294,382,817,Technical Evaluator,False
1295,1617,818,Technical Evaluator,False
1296,1258,818,Executive Sponsor,True
1297,2948,819,Technical Evaluator,False
1298,1181,820,Economic Buyer,True
1299,2457,821,Technical Evaluator,False
1300,641,822,Coach,False
1301,2981,822,End User,False
1302,1707,823,Coach,False
1303,1625,823,Economic Buyer,True
1304,2259,824,Champion,True
1305,1180,825,Champion,True
1306,1821,825,Economic Buyer,True
1307,606,826,Champion,True
1308,1501,826,Economic Buyer,True
1309,2795,826,Legal Reviewer,False
1310,1524,827,Legal Reviewer,False
1311,2446,827,Technical Evaluator,False
1312,568,828,Economic Buyer,True
1313,1320,828,Champion,True
1314,1623,829,Technical Evaluator,False
1315,1386,830,End User,False
1316,1187,831,Executive Sponsor,True
1317,394,831,End User,False
1318,1271,832,Technical Evaluator,False
1319,1232,832,Economic Buyer,True
1320,1449,832,Champion,True
1321,1831,833,Coach,False
1322,2432,834,Champion,True
1323,1742,834,Coach,False
1324,746,834,Technical Evaluator,False
1325,1691,835,Economic Buyer,True
1326,918,836,Champion,True
1327,695,837,Executive Sponsor,True
1328,177,838,Legal Reviewer,False
1329,1981,839,Economic Buyer,True
1330,1187,840,End User,False
1331,2736,841,End User,False
1332,2178,842,Coach,False
1333,50,842,Economic Buyer,True
1334,826,842,Champion,True
1335,199,310,Champion,True
1336,2073,310,Blocker,False
1337,2754,844,Technical Evaluator,False
1338,1196,845,Coach,False
1339,2683,846,Champion,True
1340,1277,846,Executive Sponsor,True
1341,578,847,Coach,False
1342,2572,848,Economic Buyer,True
1343,1239,848,End User,False
1344,2779,848,Technical Evaluator,False
1345,793,849,Blocker,False
1346,1855,849,End User,False
1347,1896,850,Technical Evaluator,False
1348,267,851,Economic Buyer,True
1349,2811,852,Champion,True
1350,2299,852,Technical Evaluator,False
1351,2542,854,Champion,True
1352,1625,855,Technical Evaluator,False
1353,2160,856,Champion,True
1354,328,858,Technical Evaluator,False
1355,472,859,Legal Reviewer,False
1356,946,860,Technical Evaluator,False
1357,1297,861,Champion,True
1358,2101,862,Champion,True
1359,1794,863,Executive Sponsor,True
1360,1231,864,Economic Buyer,True
1361,1094,865,End User,False
1362,1030,866,Technical Evaluator,False
1363,547,867,Blocker,False
1364,1162,867,Economic Buyer,True
1365,796,868,Champion,True
1366,1822,869,Executive Sponsor,True
1367,1681,869,Champion,True
1368,1875,869,End User,False
1369,2980,870,End User,False
1370,2574,870,Economic Buyer,True
1371,1361,871,Economic Buyer,True
1372,1374,871,Coach,False
1373,961,872,Blocker,False
1374,1467,873,End User,False
1375,523,873,Economic Buyer,True
1376,1885,874,Technical Evaluator,False
1377,2251,875,End User,False
1378,792,876,End User,False
1379,2677,878,Technical Evaluator,False
1380,1180,879,End User,False
1381,841,880,End User,False
1382,690,880,Legal Reviewer,False
1383,101,880,Blocker,False
1384,512,881,Champion,True
1385,2979,882,Coach,False
1386,1172,882,Executive Sponsor,True
1387,2937,882,Technical Evaluator,False
1388,1351,883,Executive Sponsor,True
1389,474,884,Champion,True
1390,2375,884,End User,False
1391,669,885,Coach,False
1392,1053,886,Champion,True
1393,824,886,Executive Sponsor,True
1394,2343,887,End User,False
1395,934,714,End User,False
1396,179,889,Technical Evaluator,False
1397,2967,889,Champion,True
1398,684,890,Technical Evaluator,False
1399,2299,890,End User,False
1400,2280,890,Executive Sponsor,True
1401,2502,891,Champion,True
1402,2321,891,Technical Evaluator,False
1403,2847,892,Technical Evaluator,False
1404,1131,893,Economic Buyer,True
1405,786,893,Champion,True
1406,2665,893,Legal Reviewer,False
1407,2973,894,Technical Evaluator,False
1408,710,894,End User,False
1409,2712,895,Economic Buyer,True
1410,1087,895,Executive Sponsor,True
1411,774,896,Technical Evaluator,False
1412,571,896,Blocker,False
1413,2112,897,Champion,True
1414,2594,898,Economic Buyer,True
1415,1500,898,Coach,False
1416,969,898,End User,False
1417,968,898,Blocker,False
1418,730,899,End User,False
1419,347,900,Champion,True
1420,1198,900,Technical Evaluator,False
1421,910,901,Champion,True
1422,1287,901,Economic Buyer,True
1423,2792,901,Coach,False
1424,2741,902,Champion,True
1425,1215,902,Coach,False
1426,1425,903,End User,False
1427,2846,903,Legal Reviewer,False
1428,2180,903,Champion,True
1429,1509,904,End User,False
1430,1385,905,Technical Evaluator,False
1431,1576,905,End User,False
1432,1107,906,Legal Reviewer,False
1433,1010,907,Technical Evaluator,False
1434,2418,908,Blocker,False
1435,496,908,Technical Evaluator,False
1436,1438,909,Technical Evaluator,False
1437,520,909,Coach,False
1438,179,910,Champion,True
1439,2967,910,Technical Evaluator,False
1440,1238,911,Champion,True
1441,1922,912,Coach,False
1442,437,913,Technical Evaluator,False
1443,1448,915,Technical Evaluator,False
1444,1349,915,Champion,True
1445,567,916,Coach,False
1446,193,917,Champion,True
1447,1109,917,End User,False
1448,1754,918,Champion,True
1449,781,919,Champion,True
1450,1493,919,End User,False
1451,2983,920,Technical Evaluator,False
1452,2760,921,End User,False
1453,789,921,Champion,True
1454,1621,921,Legal Reviewer,False
1455,1123,922,Technical Evaluator,False
1456,929,922,Economic Buyer,True
1457,560,923,Technical Evaluator,False
1458,288,923,End User,False
1459,2146,924,Blocker,False
1460,275,925,End User,False
1461,1747,925,Economic Buyer,True
1462,1261,926,Blocker,False
1463,69,927,Coach,False
1464,719,927,Executive Sponsor,True
1465,2560,928,Technical Evaluator,False
1466,662,929,Blocker,False
1467,2092,930,Technical Evaluator,False
1468,1991,931,Technical Evaluator,False
1469,93,932,Technical Evaluator,False
1470,72,933,Coach,False
1471,247,933,Champion,True
1472,1983,934,Champion,True
1473,2759,935,End User,False
1474,1420,935,Economic Buyer,True
1475,1027,936,Legal Reviewer,False
1476,2137,937,Champion,True
1477,251,937,Coach,False
1478,1318,938,Legal Reviewer,False
1479,478,938,Blocker,False
1480,76,938,Executive Sponsor,True
1481,233,939,Champion,True
1482,935,939,Technical Evaluator,False
1483,208,941,Economic Buyer,True
1484,1691,942,Technical Evaluator,False
1485,2088,943,End User,False
1486,1875,944,Coach,False
1487,1786,945,Technical Evaluator,False
1488,640,946,End User,False
1489,2350,947,Champion,True
1490,1380,947,Executive Sponsor,True
1491,2113,948,Champion,True
1492,1823,948,Technical Evaluator,False
1493,1239,499,Economic Buyer,True
1494,2779,499,Technical Evaluator,False
1495,2069,950,Economic Buyer,True
1496,864,950,Technical Evaluator,False
1497,479,951,Technical Evaluator,False
1498,1576,951,Champion,True
1499,2154,952,Legal Reviewer,False
1500,2455,953,Technical Evaluator,False
1501,11,953,Champion,True
1502,1132,954,Champion,True
1503,1951,955,Legal Reviewer,False
1504,2328,955,Economic Buyer,True
1505,2823,955,Coach,False
1506,1525,956,Coach,False
1507,1490,957,End User,False
1508,1608,957,Economic Buyer,True
1509,604,958,Coach,False
1510,2204,959,Technical Evaluator,False
1511,1532,959,End User,False
1512,2499,959,Economic Buyer,True
1513,977,960,Champion,True
1514,1111,961,Technical Evaluator,False
1515,1636,962,Blocker,False
1516,106,963,Economic Buyer,True
1517,1867,964,End User,False
1518,231,964,Champion,True
1519,2534,965,Technical Evaluator,False
1520,2080,965,Champion,True
1521,2457,966,End User,False
1522,2898,966,Technical Evaluator,False
1523,1312,967,End User,False
1524,1766,967,Blocker,False
1525,1541,968,Blocker,False
1526,1362,969,Technical Evaluator,False
1527,597,969,Legal Reviewer,False
1528,660,970,End User,False
1529,942,971,Blocker,False
1530,1281,972,Technical Evaluator,False
1531,1124,973,Technical Evaluator,False
1532,511,973,Coach,False
1533,2175,973,Blocker,False
1534,2241,974,Executive Sponsor,True
1535,2896,974,End User,False
1536,814,974,Champion,True
1537,2424,975,End User,False
1538,1517,976,Coach,False
1539,873,977,Economic Buyer,True
1540,496,978,Legal Reviewer,False
1541,560,979,Coach,False
1542,1696,980,End User,False
1543,2426,980,Economic Buyer,True
1544,2727,981,Legal Reviewer,False
1545,589,981,Technical Evaluator,False
1546,2591,982,End User,False
1547,444,982,Executive Sponsor,True
1548,1347,983,Coach,False
1549,824,984,Champion,True
1550,2288,984,End User,False
1551,1915,985,Blocker,False
1552,2112,986,End User,False
1553,1111,986,Legal Reviewer,False
1554,1466,987,End User,False
1555,905,988,Blocker,False
1556,2594,843,Economic Buyer,True
1557,632,990,End User,False
1558,1150,990,Executive Sponsor,True
1559,1273,990,Coach,False
1560,2358,991,End User,False
1561,2850,992,Technical Evaluator,False
1562,1062,992,Blocker,False
1563,622,994,Champion,True
1564,1657,995,Champion,True
1565,2398,996,Economic Buyer,True
1566,835,997,Economic Buyer,True
1567,2413,998,Champion,True
1568,1929,999,Coach,False
1569,2054,1000,Champion,True
1570,1569,1000,Blocker,False
1571,1511,1001,Champion,True
1572,103,1002,Blocker,False
1573,2491,1002,Champion,True
1574,785,1002,Technical Evaluator,False
1575,374,1003,Coach,False
1576,135,1004,Champion,True
1577,515,1004,End User,False
1578,506,1004,Technical Evaluator,False
1579,664,1005,Champion,True
1580,162,1005,Economic Buyer,True
1581,266,1005,Coach,False
1582,2110,1006,Economic Buyer,True
1583,2121,1007,Executive Sponsor,True
1584,856,1007,Technical Evaluator,False
1585,216,1008,Legal Reviewer,False
1586,1964,1009,Champion,True
1587,2649,1009,Technical Evaluator,False
1588,160,1010,Champion,True
1589,2043,1011,Executive Sponsor,True
1590,473,1012,Technical Evaluator,False
1591,513,1013,Technical Evaluator,False
1592,2415,1014,Technical Evaluator,False
1593,832,1015,Champion,True
1594,1708,1015,Executive Sponsor,True
1595,1665,1016,Technical Evaluator,False
1596,2389,1017,Legal Reviewer,False
1597,1306,1018,Champion,True
1598,587,1018,Technical Evaluator,False
1599,1013,1018,End User,False
1600,177,1019,Executive Sponsor,True
1601,599,1020,Coach,False
1602,1549,1020,Technical Evaluator,False
1603,684,1021,Coach,False
1604,236,1022,Economic Buyer,True
1605,324,1023,Coach,False
1606,2441,1023,Technical Evaluator,False
1607,1289,1024,Technical Evaluator,False
1608,575,1024,Coach,False
1609,2451,1025,Coach,False
1610,403,1026,Champion,True
1611,2615,1026,Legal Reviewer,False
1612,2571,1027,Champion,True
1613,86,1027,Blocker,False
1614,245,1028,Coach,False
1615,304,1029,Champion,True
1616,1720,1029,Blocker,False
1617,314,1029,Economic Buyer,True
1618,798,1029,Technical Evaluator,False
1619,1363,1030,End User,False
1620,622,1031,Technical Evaluator,False
1621,2055,1032,Economic Buyer,True
1622,1381,1033,Legal Reviewer,False
1623,1142,1034,Technical Evaluator,False
1624,455,1034,Blocker,False
1625,206,1036,Champion,True
1626,1517,1037,Champion,True
1627,19,1037,Legal Reviewer,False
1628,2076,1037,Economic Buyer,True
1629,1274,1038,Blocker,False
1630,2953,1038,Legal Reviewer,False
1631,23,1040,Technical Evaluator,False
1632,327,1041,Legal Reviewer,False
1633,42,1041,Champion,True
1634,2440,1042,Executive Sponsor,True
1635,1274,1043,Blocker,False
1636,297,405,Economic Buyer,True
1637,2166,405,Champion,True
1638,1522,405,Executive Sponsor,True
1639,1073,405,End User,False
1640,245,1045,Technical Evaluator,False
1641,929,1046,Technical Evaluator,False
1642,1589,1047,Economic Buyer,True
1643,2693,1048,End User,False
1644,1551,1048,Coach,False
1645,311,1048,Blocker,False
1646,2775,1048,Champion,True
1647,708,1049,Champion,True
1648,1220,1050,Champion,True
1649,516,1051,Executive Sponsor,True
1650,1407,1052,Champion,True
1651,1917,1053,Technical Evaluator,False
1652,369,1054,Technical Evaluator,False
1653,1725,1054,Champion,True
1654,2490,1055,End User,False
1655,2161,1056,Legal Reviewer,False
1656,2110,1057,Coach,False
1657,2586,1059,Economic Buyer,True
1658,61,1059,Champion,True
1659,1446,1060,End User,False
1660,1402,1061,Economic Buyer,True
1661,424,1062,Technical Evaluator,False
1662,1429,1063,Technical Evaluator,False
1663,413,1064,Champion,True
1664,131,1064,Legal Reviewer,False
1665,2807,1065,Economic Buyer,True
1666,1645,1066,Champion,True
1667,446,1066,Economic Buyer,True
1668,1527,1067,Technical Evaluator,False
1669,1100,1068,Executive Sponsor,True
1670,2017,1068,Blocker,False
1671,712,1069,Coach,False
1672,1895,1070,Economic Buyer,True
1673,709,1070,Blocker,False
1674,64,1071,Champion,True
1675,1135,1071,Economic Buyer,True
1676,2012,1072,Champion,True
1677,2847,1073,Economic Buyer,True
1678,880,1074,Technical Evaluator,False
1679,2,1074,Champion,True
1680,2938,1075,End User,False
1681,1734,1076,Economic Buyer,True
1682,784,1077,End User,False
1683,2027,1078,Economic Buyer,True
1684,283,349,Economic Buyer,True
1685,1617,1080,End User,False
1686,970,1081,Blocker,False
1687,2671,1082,End User,False
1688,2556,1082,Economic Buyer,True
1689,46,1083,Champion,True
1690,445,1084,Executive Sponsor,True
1691,1841,1084,Legal Reviewer,False
1692,1923,1085,End User,False
1693,1211,1085,Technical Evaluator,False
1694,1590,1086,Technical Evaluator,False
1695,411,1087,Champion,True
1696,2923,1087,Technical Evaluator,False
1697,2319,1087,Economic Buyer,True
1698,822,1087,Executive Sponsor,True
1699,991,1088,Economic Buyer,True
1700,513,1089,Economic Buyer,True
1701,2484,1089,End User,False
1702,1036,1090,Coach,False
1703,710,1091,End User,False
1704,2973,1091,Champion,True
1705,1064,1092,Champion,True
1706,1465,1093,End User,False
1707,2051,1094,End User,False
1708,2336,1095,Coach,False
1709,1061,1095,End User,False
1710,1706,1096,Executive Sponsor,True
1711,375,1096,Legal Reviewer,False
1712,1674,1097,Technical Evaluator,False
1713,1872,1097,Champion,True
1714,2638,1098,End User,False
1715,2381,1099,Economic Buyer,True
1716,2269,1099,Coach,False
1717,2776,1100,Coach,False
1718,1883,1100,Champion,True
1719,605,1101,Blocker,False
1720,1417,1102,Technical Evaluator,False
1721,2664,1103,Economic Buyer,True
1722,1917,1103,Champion,True
1723,2358,1104,Technical Evaluator,False
1724,63,1105,End User,False
1725,2690,1106,Executive Sponsor,True
1726,1733,1106,Legal Reviewer,False
1727,530,1107,Technical Evaluator,False
1728,579,1108,End User,False
1729,2458,1109,Champion,True
1730,1355,1110,End User,False
1731,921,1110,Economic Buyer,True
1732,2145,1111,Champion,True
1733,2753,1111,Economic Buyer,True
1734,464,1111,Technical Evaluator,False
1735,1713,1112,End User,False
1736,1563,1113,Technical Evaluator,False
1737,1402,1114,Technical Evaluator,False
1738,2055,1115,Executive Sponsor,True
1739,839,1116,Champion,True
1740,1,1117,End User,False
1741,412,1118,End User,False
1742,2347,1118,Technical Evaluator,False
1743,2672,1119,Economic Buyer,True
1744,1359,1119,Blocker,False
1745,2701,1120,Executive Sponsor,True
1746,944,1120,Champion,True
1747,982,1121,Economic Buyer,True
1748,2500,1122,Executive Sponsor,True
1749,374,1122,Economic Buyer,True
1750,523,1123,Champion,True
1751,226,1124,End User,False
1752,2003,1125,Champion,True
1753,460,1126,Economic Buyer,True
1754,2954,877,Champion,True
1755,2310,877,Coach,False
1756,738,1128,Economic Buyer,True
1757,1638,1129,Champion,True
1758,2637,1130,Technical Evaluator,False
1759,2430,1131,Technical Evaluator,False
1760,555,1132,Economic Buyer,True
1761,129,1133,Technical Evaluator,False
1762,212,1133,Legal Reviewer,False
1763,2883,1134,Champion,True
1764,2964,1134,Blocker,False
1765,1101,1135,Technical Evaluator,False
1766,2295,1136,Executive Sponsor,True
1767,1669,1136,End User,False
1768,256,1137,Blocker,False
1769,2999,1137,Champion,True
1770,1554,1137,End User,False
1771,2789,1138,Legal Reviewer,False
1772,681,1138,Economic Buyer,True
1773,2519,1138,Champion,True
1774,2655,1139,End User,False
1775,541,81,Technical Evaluator,False
1776,134,81,End User,False
1777,934,1141,End User,False
1778,1896,1141,Champion,True
1779,2337,1142,Technical Evaluator,False
1780,2945,1142,Champion,True
1781,1393,1143,Economic Buyer,True
1782,1430,1143,End User,False
1783,874,1144,Economic Buyer,True
1784,2593,1144,Technical Evaluator,False
1785,1115,1145,Technical Evaluator,False
1786,2007,1145,Champion,True
1787,2852,1145,Economic Buyer,True
1788,993,1146,End User,False
1789,1695,1146,Technical Evaluator,False
1790,1579,1147,Champion,True
1791,603,1147,Blocker,False
1792,1132,1147,Economic Buyer,True
1793,2718,1148,Champion,True
1794,564,821,End User,False
1795,2466,821,Technical Evaluator,False
1796,401,1150,Coach,False
1797,1072,1150,Blocker,False
1798,2821,1151,Technical Evaluator,False
1799,1612,1152,Technical Evaluator,False
1800,1111,1153,End User,False
1801,1157,1154,Executive Sponsor,True
1802,1943,1156,Technical Evaluator,False
1803,658,1156,Champion,True
1804,934,1157,Champion,True
1805,1896,1157,Executive Sponsor,True
1806,2303,1158,Legal Reviewer,False
1807,2771,1158,Executive Sponsor,True
1808,631,1158,Champion,True
1809,1031,1159,Blocker,False
1810,2124,1160,Technical Evaluator,False
1811,2741,1161,Executive Sponsor,True
1812,1215,1161,Legal Reviewer,False
1813,2927,1162,Champion,True
1814,2508,1162,Legal Reviewer,False
1815,1380,1163,Technical Evaluator,False
1816,805,1164,Economic Buyer,True
1817,661,1164,Champion,True
1818,1581,1165,Technical Evaluator,False
1819,2298,1166,Champion,True
1820,2430,1167,Technical Evaluator,False
1821,840,1168,End User,False
1822,791,1169,End User,False
1823,2196,1169,Champion,True
1824,2067,1169,Economic Buyer,True
1825,2670,1170,Legal Reviewer,False
1826,1638,1171,Economic Buyer,True
1827,617,1171,Executive Sponsor,True
1828,2145,1172,Champion,True
1829,1364,1173,Blocker,False
1830,843,1174,Technical Evaluator,False
1831,421,1175,Executive Sponsor,True
1832,700,1176,Champion,True
1833,320,1177,Coach,False
1834,472,1177,Economic Buyer,True
1835,1260,1177,Executive Sponsor,True
1836,1806,1178,Economic Buyer,True
1837,68,1178,Champion,True
1838,2587,1178,Coach,False
1839,1694,1179,End User,False
1840,1757,1179,Legal Reviewer,False
1841,1304,1179,Technical Evaluator,False
1842,2081,1180,End User,False
1843,422,1180,Blocker,False
1844,2216,1181,Technical Evaluator,False
1845,513,1181,Economic Buyer,True
1846,2743,1182,Champion,True
1847,1693,1182,Legal Reviewer,False
1848,179,1183,Technical Evaluator,False
1849,1852,1184,End User,False
1850,1704,1185,Champion,True
1851,2382,1186,Technical Evaluator,False
1852,2044,1187,End User,False
1853,2659,1187,Champion,True
1854,1466,1187,Coach,False
1855,477,1188,End User,False
1856,2871,1189,Executive Sponsor,True
1857,2405,1189,Champion,True
1858,46,1190,End User,False
1859,860,1191,Economic Buyer,True
1860,336,1192,Economic Buyer,True
1861,806,1192,Technical Evaluator,False
1862,567,1193,Champion,True
1863,1333,1194,End User,False
1864,2218,1195,Economic Buyer,True
1865,2281,1195,End User,False
1866,1008,1196,Economic Buyer,True
1867,2333,1196,Legal Reviewer,False
1868,2725,1197,Technical Evaluator,False
1869,1377,1197,Champion,True
1870,1493,1198,Economic Buyer,True
1871,1279,1198,Technical Evaluator,False
1872,973,1199,Technical Evaluator,False
1873,1093,1200,End User,False
1874,653,1200,Champion,True
1875,2658,1201,Champion,True
1876,2480,1202,Economic Buyer,True
1877,196,1202,Champion,True
1878,2263,1203,Economic Buyer,True
1879,550,1203,Technical Evaluator,False
1880,844,1204,Technical Evaluator,False
1881,2847,1204,Blocker,False
1882,946,1205,Champion,True
1883,1137,1206,Legal Reviewer,False
1884,976,1206,Technical Evaluator,False
1885,1638,1207,End User,False
1886,1718,1207,Coach,False
1887,1053,1208,Champion,True
1888,824,1208,Technical Evaluator,False
1889,2326,265,Champion,True
1890,569,265,Blocker,False
1891,1354,265,End User,False
1892,1118,1210,End User,False
1893,2329,1210,Coach,False
1894,321,1211,Executive Sponsor,True
1895,2718,1212,End User,False
1896,1487,1213,Legal Reviewer,False
1897,2398,1214,Legal Reviewer,False
1898,2452,1215,Technical Evaluator,False
1899,380,1215,End User,False
1900,737,1216,Champion,True
1901,1223,1217,Legal Reviewer,False
1902,2710,1217,Economic Buyer,True
1903,29,1218,End User,False
1904,1841,1218,Economic Buyer,True
1905,2506,1219,Blocker,False
1906,2497,1219,End User,False
1907,1628,1220,Champion,True
1908,2923,1221,Champion,True
1909,2752,1222,Economic Buyer,True
1910,2583,1222,Executive Sponsor,True
1911,908,1223,Coach,False
1912,1751,1224,Technical Evaluator,False
1913,477,1225,Coach,False
1914,1612,1225,Technical Evaluator,False
1915,1018,1226,Executive Sponsor,True
1916,1927,1226,Blocker,False
1917,1644,1227,Champion,True
1918,247,1228,Champion,True
1919,2051,1229,Champion,True
1920,543,1230,Executive Sponsor,True
1921,2936,1230,Champion,True
1922,220,1230,End User,False
1923,1640,1231,Economic Buyer,True
1924,1038,1232,End User,False
1925,2746,1232,Technical Evaluator,False
1926,102,1233,Coach,False
1927,2308,1233,Technical Evaluator,False
1928,2939,1234,Blocker,False
1929,469,1234,Champion,True
1930,708,1235,End User,False
1931,715,1236,Champion,True
1932,1695,1236,Executive Sponsor,True
1933,254,1237,Executive Sponsor,True
1934,725,1239,Blocker,False
1935,53,1239,End User,False
1936,2123,1240,Blocker,False
1937,866,1241,Champion,True
1938,2212,1242,Champion,True
1939,1391,1243,Technical Evaluator,False
1940,721,1244,Technical Evaluator,False
1941,1801,1244,Blocker,False
1942,1382,1245,Technical Evaluator,False
1943,329,1246,Executive Sponsor,True
1944,85,1246,End User,False
1945,1356,1247,Champion,True
1946,233,1247,Blocker,False
1947,2920,1248,Executive Sponsor,True
1948,2493,1249,Executive Sponsor,True
1949,1674,1250,Legal Reviewer,False
1950,1361,1251,End User,False
1951,2931,1252,Technical Evaluator,False
1952,2171,1253,Economic Buyer,True
1953,1515,1253,Champion,True
1954,957,1253,Coach,False
1955,2867,1253,Legal Reviewer,False
1956,423,1253,Technical Evaluator,False
1957,2160,1254,End User,False
1958,987,1254,Economic Buyer,True
1959,2919,1255,Economic Buyer,True
1960,2390,1255,End User,False
1961,2623,1255,Technical Evaluator,False
1962,993,1256,Blocker,False
1963,715,1256,Champion,True
1964,2637,1257,End User,False
1965,2842,1257,Technical Evaluator,False
1966,2445,1258,Champion,True
1967,2563,1258,Blocker,False
1968,2619,1259,End User,False
1969,769,1260,Champion,True
1970,286,1261,Technical Evaluator,False
1971,1545,1261,Coach,False
1972,1303,1262,Technical Evaluator,False
1973,1935,1263,Economic Buyer,True
1974,1050,1264,Economic Buyer,True
1975,2073,1265,End User,False
1976,199,1265,Coach,False
1977,736,1265,Legal Reviewer,False
1978,2766,1266,Champion,True
1979,2179,1267,Blocker,False
1980,2489,1267,Executive Sponsor,True
1981,657,1268,Executive Sponsor,True
1982,2218,1269,Economic Buyer,True
1983,2281,1269,Champion,True
1984,2171,1270,Coach,False
1985,2971,1271,Champion,True
1986,1418,1272,End User,False
1987,768,1272,Blocker,False
1988,738,1273,Technical Evaluator,False
1989,1114,1273,Legal Reviewer,False
1990,1146,1273,Champion,True
1991,2394,1274,Economic Buyer,True
1992,2068,1274,End User,False
1993,808,1275,End User,False
1994,2471,1276,Technical Evaluator,False
1995,2069,1277,End User,False
1996,1414,1278,Economic Buyer,True
1997,1712,1279,Champion,True
1998,2732,1280,Champion,True
1999,809,1281,Champion,True
2000,1328,1282,Technical Evaluator,False
2001,870,1282,Champion,True
2002,1801,1283,Technical Evaluator,False
2003,2098,1217,Coach,False
2004,357,1217,Champion,True
2005,2501,1285,Economic Buyer,True
2006,315,1285,Executive Sponsor,True
2007,1670,1286,Champion,True
2008,2326,1287,Champion,True
2009,975,1287,Technical Evaluator,False
2010,2180,1288,Technical Evaluator,False
2011,2846,1288,End User,False
2012,1837,1289,Executive Sponsor,True
2013,2297,1289,End User,False
2014,375,1290,Executive Sponsor,True
2015,1247,1291,Technical Evaluator,False
2016,705,1291,End User,False
2017,1490,1292,End User,False
2018,642,1292,Legal Reviewer,False
2019,1608,1292,Executive Sponsor,True
2020,2158,1293,Executive Sponsor,True
2021,1783,1293,Technical Evaluator,False
2022,1136,1294,Coach,False
2023,2750,1294,Champion,True
2024,2612,1295,Blocker,False
2025,1993,1296,Champion,True
2026,389,1296,Economic Buyer,True
2027,1389,1297,End User,False
2028,1805,1298,Technical Evaluator,False
2029,565,1299,Champion,True
2030,1777,1301,Champion,True
2031,1983,1302,End User,False
2032,1393,1303,Technical Evaluator,False
2033,1430,1303,Economic Buyer,True
2034,1003,1304,Economic Buyer,True
2035,2327,1305,Executive Sponsor,True
2036,2552,1306,Technical Evaluator,False
2037,2274,1307,Champion,True
2038,2768,1308,Economic Buyer,True
2039,1314,1309,End User,False
2040,452,1309,Champion,True
2041,1922,1310,Technical Evaluator,False
2042,1498,1311,End User,False
2043,355,1312,Blocker,False
2044,686,1312,Coach,False
2045,564,1313,End User,False
2046,1742,1314,Executive Sponsor,True
2047,746,1314,Technical Evaluator,False
2048,2309,1315,Champion,True
2049,215,1316,Champion,True
2050,2731,1316,Economic Buyer,True
2051,211,1318,End User,False
2052,2978,1319,Executive Sponsor,True
2053,964,1319,End User,False
2054,1965,1319,Economic Buyer,True
2055,1817,1320,Technical Evaluator,False
2056,831,1320,Champion,True
2057,1606,1321,End User,False
2058,595,1321,Economic Buyer,True
2059,2475,1322,Blocker,False
2060,1256,1322,Technical Evaluator,False
2061,689,1323,Technical Evaluator,False
2062,2401,1324,Champion,True
2063,992,1325,Legal Reviewer,False
2064,1139,1326,Legal Reviewer,False
2065,2257,1326,Executive Sponsor,True
2066,1836,1327,Champion,True
2067,1916,1328,Champion,True
2068,800,1329,End User,False
2069,2727,1330,Economic Buyer,True
2070,2195,1330,Executive Sponsor,True
2071,589,1330,Technical Evaluator,False
2072,568,1331,End User,False
2073,499,1332,Executive Sponsor,True
2074,2240,1332,Technical Evaluator,False
2075,1133,1332,Champion,True
2076,2227,1333,Economic Buyer,True
2077,1248,1333,Technical Evaluator,False
2078,2321,1334,End User,False
2079,1924,1334,Legal Reviewer,False
2080,1492,1335,Technical Evaluator,False
2081,1580,1335,Champion,True
2082,3000,1336,Economic Buyer,True
2083,145,1336,Technical Evaluator,False
2084,1673,1336,Executive Sponsor,True
2085,2556,1337,End User,False
2086,2671,1337,Technical Evaluator,False
2087,202,1338,Technical Evaluator,False
2088,1912,1338,Economic Buyer,True
2089,1700,1338,Executive Sponsor,True
2090,1669,1339,Economic Buyer,True
2091,2295,1339,Legal Reviewer,False
2092,1594,1339,Technical Evaluator,False
2093,445,1340,Economic Buyer,True
2094,708,1341,End User,False
2095,781,1342,Economic Buyer,True
2096,1361,1343,Executive Sponsor,True
2097,1374,1343,Coach,False
2098,2101,1344,End User,False
2099,717,1345,Technical Evaluator,False
2100,1111,1346,Technical Evaluator,False
2101,2112,1346,Champion,True
2102,2641,1347,Champion,True
2103,1509,1348,End User,False
2104,312,1348,Executive Sponsor,True
2105,2045,1349,Technical Evaluator,False
2106,135,1350,Executive Sponsor,True
2107,515,1350,Champion,True
2108,506,1350,End User,False
2109,856,1351,Executive Sponsor,True
2110,2121,1351,End User,False
2111,2029,1352,Economic Buyer,True
2112,2550,1352,End User,False
2113,683,1353,Champion,True
2114,1032,1353,Executive Sponsor,True
2115,1012,1354,Champion,True
2116,2925,1355,Economic Buyer,True
2117,2049,1355,End User,False
2118,1421,1355,Champion,True
2119,498,1355,Legal Reviewer,False
2120,979,1356,Champion,True
2121,1816,1357,Economic Buyer,True
2122,972,1357,Technical Evaluator,False
2123,2902,1357,Blocker,False
2124,127,1358,Champion,True
2125,1161,1358,End User,False
2126,2472,1359,Economic Buyer,True
2127,631,1359,End User,False
2128,2560,1360,Economic Buyer,True
2129,2506,1361,Technical Evaluator,False
2130,2497,1361,Champion,True
2131,143,1362,Champion,True
2132,2355,1363,Executive Sponsor,True
2133,1293,1363,Economic Buyer,True
2134,1958,1364,Champion,True
2135,2005,1364,Legal Reviewer,False
2136,2143,1364,End User,False
2137,1238,1365,Champion,True
2138,2177,1366,Economic Buyer,True
2139,2102,1366,Coach,False
2140,1078,1367,Executive Sponsor,True
2141,66,1367,Legal Reviewer,False
2142,1842,1368,Economic Buyer,True
2143,1848,1369,Economic Buyer,True
2144,2976,1369,Legal Reviewer,False
2145,2606,1371,Executive Sponsor,True
2146,1203,1371,Champion,True
2147,1596,837,End User,False
2148,1523,837,Economic Buyer,True
2149,2964,1373,End User,False
2150,2883,1373,Champion,True
2151,20,1374,Economic Buyer,True
2152,2864,1374,Legal Reviewer,False
2153,434,1375,End User,False
2154,2313,1375,Legal Reviewer,False
2155,581,1376,Champion,True
2156,1245,1378,Executive Sponsor,True
2157,1246,1379,Champion,True
2158,1960,1380,Blocker,False
2159,2993,1380,Economic Buyer,True
2160,2356,1381,End User,False
2161,1936,1382,Technical Evaluator,False
2162,159,1383,Champion,True
2163,178,1383,Coach,False
2164,2815,1383,Legal Reviewer,False
2165,2902,1384,End User,False
2166,2137,1385,Economic Buyer,True
2167,708,1386,End User,False
2168,174,1387,Champion,True
2169,2207,1388,Coach,False
2170,662,1388,Champion,True
2171,2646,1388,Technical Evaluator,False
2172,2321,1389,Technical Evaluator,False
2173,2502,1389,Coach,False
2174,344,1390,Executive Sponsor,True
2175,1215,1391,End User,False
2176,2741,1391,Executive Sponsor,True
2177,217,1392,Technical Evaluator,False
2178,2838,1392,Legal Reviewer,False
2179,2174,1393,Technical Evaluator,False
2180,1370,1393,Economic Buyer,True
2181,519,1394,Technical Evaluator,False
2182,612,1394,End User,False
2183,2701,1395,Technical Evaluator,False
2184,944,1395,Economic Buyer,True
2185,125,1396,Technical Evaluator,False
2186,503,1397,Champion,True
2187,2478,1397,Blocker,False
2188,2531,1399,Economic Buyer,True
2189,1631,1400,Technical Evaluator,False
2190,1005,1400,Executive Sponsor,True
2191,638,1400,End User,False
2192,2460,1401,Technical Evaluator,False
2193,202,1401,Economic Buyer,True
2194,2062,1402,Executive Sponsor,True
2195,1302,1403,Executive Sponsor,True
2196,1082,1404,Champion,True
2197,2148,1404,Economic Buyer,True
2198,2497,1405,Technical Evaluator,False
2199,2506,1405,Champion,True
2200,1592,1406,Champion,True
2201,1477,1407,Technical Evaluator,False
2202,2462,1407,Executive Sponsor,True
2203,660,1407,Legal Reviewer,False
2204,2614,1408,Economic Buyer,True
2205,1447,1409,Economic Buyer,True
2206,2287,1410,Legal Reviewer,False
2207,2320,1411,Champion,True
2208,1790,1411,Legal Reviewer,False
2209,1762,1411,Economic Buyer,True
2210,371,1413,Champion,True
2211,2193,1414,Champion,True
2212,758,1414,End User,False
2213,1336,1415,End User,False
2214,1941,1415,Economic Buyer,True
2215,1243,138,Economic Buyer,True
2216,1576,1418,Economic Buyer,True
2217,2684,1418,Executive Sponsor,True
2218,1402,1419,Executive Sponsor,True
2219,2335,1420,Coach,False
2220,2430,1421,Technical Evaluator,False
2221,2291,1422,Economic Buyer,True
2222,1142,1422,Technical Evaluator,False
2223,976,1423,Blocker,False
2224,1137,1423,Legal Reviewer,False
2225,2023,1424,Champion,True
2226,1923,1424,Economic Buyer,True
2227,2323,1425,Coach,False
2228,913,1425,Legal Reviewer,False
2229,518,1426,Technical Evaluator,False
2230,885,1426,Coach,False
2231,1577,1426,End User,False
2232,2703,1427,End User,False
2233,640,1427,Legal Reviewer,False
2234,1962,1428,Champion,True
2235,816,1428,Economic Buyer,True
2236,1561,1429,Champion,True
2237,1641,1429,Legal Reviewer,False
2238,2588,1430,End User,False
2239,1774,1430,Blocker,False
2240,1672,1431,Coach,False
2241,236,1432,Technical Evaluator,False
2242,2438,1432,Champion,True
2243,2473,16,End User,False
2244,1712,1434,Economic Buyer,True
2245,2664,1435,Coach,False
2246,1917,1435,Champion,True
2247,708,1436,Champion,True
2248,2473,1437,Champion,True
2249,750,1438,Coach,False
2250,2551,1439,Technical Evaluator,False
2251,2361,1439,Champion,True
2252,57,1440,End User,False
2253,176,1440,Technical Evaluator,False
2254,2310,1441,Blocker,False
2255,261,1441,Economic Buyer,True
2256,2954,1441,Coach,False
2257,1263,1442,Champion,True
2258,597,1443,Economic Buyer,True
2259,1991,1443,End User,False
2260,1362,1443,Blocker,False
2261,2251,1444,Executive Sponsor,True
2262,1451,1445,Champion,True
2263,2186,1445,End User,False
2264,44,1445,Executive Sponsor,True
2265,2185,1446,Champion,True
2266,2389,1447,Technical Evaluator,False
2267,667,1447,Coach,False
2268,2680,1448,Champion,True
2269,2358,1448,Coach,False
2270,967,1449,Technical Evaluator,False
2271,2138,1449,Champion,True
2272,69,1450,Champion,True
2273,2443,1450,Legal Reviewer,False
2274,2921,1451,Champion,True
2275,2514,1452,Technical Evaluator,False
2276,618,1452,Champion,True
2277,1955,1452,Blocker,False
2278,404,1452,Economic Buyer,True
2279,564,1453,Coach,False
2280,2466,1453,Champion,True
2281,1689,1454,Executive Sponsor,True
2282,1210,1455,Executive Sponsor,True
2283,1452,1455,End User,False
2284,1767,1455,Blocker,False
2285,290,1457,Champion,True
2286,905,1458,Blocker,False
2287,2433,1458,Executive Sponsor,True
2288,2836,1459,Economic Buyer,True
2289,2221,1460,Economic Buyer,True
2290,1569,1460,Champion,True
2291,631,1461,End User,False
2292,2771,1461,Champion,True
2293,2472,1461,Technical Evaluator,False
2294,1806,1462,Champion,True
2295,2489,1463,Champion,True
2296,2875,1463,Technical Evaluator,False
2297,1439,1464,End User,False
2298,1335,1465,Technical Evaluator,False
2299,1893,1466,Champion,True
2300,2377,1466,Technical Evaluator,False
2301,731,1467,Economic Buyer,True
2302,245,1468,End User,False
2303,287,1469,Technical Evaluator,False
2304,1212,1469,End User,False
2305,274,1469,Executive Sponsor,True
2306,1628,1470,End User,False
2307,2573,1471,Legal Reviewer,False
2308,2583,1472,Coach,False
2309,2752,1472,Champion,True
2310,1850,1472,Executive Sponsor,True
2311,2453,1473,Economic Buyer,True
2312,1475,1473,End User,False
2313,797,1473,Technical Evaluator,False
2314,1010,1474,Economic Buyer,True
2315,2673,1475,End User,False
2316,2756,1476,Technical Evaluator,False
2317,1173,1477,Technical Evaluator,False
2318,2764,1478,Technical Evaluator,False
2319,2677,1479,Legal Reviewer,False
2320,2403,1479,Coach,False
2321,128,1480,Technical Evaluator,False
2322,1362,1481,Champion,True
2323,2547,1482,Champion,True
2324,740,1483,Legal Reviewer,False
2325,2827,1483,Economic Buyer,True
2326,704,1484,Executive Sponsor,True
2327,1338,1484,Champion,True
2328,712,1485,Coach,False
2329,1096,1487,Technical Evaluator,False
2330,382,1488,Legal Reviewer,False
2331,1285,1489,Champion,True
2332,1102,1489,Technical Evaluator,False
2333,2847,1490,Technical Evaluator,False
2334,844,1490,Champion,True
2335,1030,1491,Technical Evaluator,False
2336,2156,1491,Economic Buyer,True
2337,2887,1491,Champion,True
2338,1708,1492,Economic Buyer,True
2339,832,1492,End User,False
2340,1476,1493,End User,False
2341,135,1494,Economic Buyer,True
2342,506,1494,Executive Sponsor,True
2343,609,1495,End User,False
2344,2458,1496,Legal Reviewer,False
2345,1417,1497,End User,False
2346,407,1498,Technical Evaluator,False
2347,668,1498,End User,False
2348,106,1498,Champion,True
2349,1302,1499,Champion,True
2350,2338,1499,Executive Sponsor,True
2351,108,1500,Technical Evaluator,False
2352,1241,1500,End User,False
2353,2163,1500,Executive Sponsor,True
2354,1368,1501,Technical Evaluator,False
2355,60,1503,Economic Buyer,True
2356,2626,1504,Legal Reviewer,False
2357,2054,1505,Champion,True
2358,1569,1505,Technical Evaluator,False
2359,1487,1505,End User,False
2360,2826,1506,Technical Evaluator,False
2361,1373,1506,Coach,False
2362,1062,1507,Technical Evaluator,False
2363,1889,775,Champion,True
2364,1004,1510,Legal Reviewer,False
2365,2104,1511,Technical Evaluator,False
2366,1465,1512,Economic Buyer,True
2367,111,1513,Champion,True
2368,2993,1514,Champion,True
2369,1729,1515,Champion,True
2370,1622,1515,Blocker,False
2371,2723,1516,End User,False
2372,2142,1516,Technical Evaluator,False
2373,2232,1517,Economic Buyer,True
2374,2744,1518,Economic Buyer,True
2375,2217,1519,Technical Evaluator,False
2376,264,1519,Economic Buyer,True
2377,2716,1520,Champion,True
2378,173,1520,Legal Reviewer,False
2379,1799,1521,Economic Buyer,True
2380,1162,1522,Economic Buyer,True
2381,279,1523,End User,False
2382,2767,1524,Economic Buyer,True
2383,456,1525,Technical Evaluator,False
2384,2862,1526,Technical Evaluator,False
2385,2255,1527,Executive Sponsor,True
2386,1569,1528,End User,False
2387,2792,1529,Technical Evaluator,False
2388,1793,1530,Blocker,False
2389,608,1530,Champion,True
2390,298,1530,End User,False
2391,2396,1532,End User,False
2392,2352,1532,Economic Buyer,True
2393,2410,1533,Economic Buyer,True
2394,1887,1534,Technical Evaluator,False
2395,1800,1535,Coach,False
2396,1640,1535,Technical Evaluator,False
2397,2782,1536,Champion,True
2398,177,1537,Coach,False
2399,2255,1538,Technical Evaluator,False
2400,677,1538,End User,False
2401,1715,1539,Economic Buyer,True
2402,2300,1539,Champion,True
2403,1273,1540,Technical Evaluator,False
2404,1150,1540,Champion,True
2405,632,1540,End User,False
2406,2528,1541,Technical Evaluator,False
2407,291,1542,Technical Evaluator,False
2408,1949,1543,Coach,False
2409,2836,1545,Technical Evaluator,False
2410,1977,1546,Champion,True
2411,1415,1546,Technical Evaluator,False
2412,1697,1546,Coach,False
2413,2353,1546,Legal Reviewer,False
2414,2761,1547,Technical Evaluator,False
2415,2510,1548,Blocker,False
2416,661,1549,Coach,False
2417,1286,1550,Champion,True
2418,1632,1551,Executive Sponsor,True
2419,2564,1551,Economic Buyer,True
2420,2391,1551,End User,False
2421,1251,1551,Legal Reviewer,False
2422,2917,1552,Technical Evaluator,False
2423,2793,1552,Coach,False
2424,248,1553,Executive Sponsor,True
2425,60,1554,Technical Evaluator,False
2426,1046,1554,Economic Buyer,True
2427,2766,1555,Economic Buyer,True
2428,2085,1556,Technical Evaluator,False
2429,357,1557,Economic Buyer,True
2430,2098,1557,Legal Reviewer,False
2431,424,1558,Economic Buyer,True
2432,2093,1559,Technical Evaluator,False
2433,2235,1560,Technical Evaluator,False
2434,56,1562,End User,False
2435,456,1562,Technical Evaluator,False
2436,491,1562,Champion,True
2437,1773,1563,Executive Sponsor,True
2438,2762,1563,End User,False
2439,1882,1564,Legal Reviewer,False
2440,811,1425,Economic Buyer,True
2441,2264,1425,Champion,True
2442,1417,1567,Economic Buyer,True
2443,2751,1568,Legal Reviewer,False
2444,409,1569,Economic Buyer,True
2445,2903,1569,Executive Sponsor,True
2446,2078,1569,Coach,False
2447,2297,1570,Economic Buyer,True
2448,2091,1570,Executive Sponsor,True
2449,2505,1571,Economic Buyer,True
2450,2512,1572,Technical Evaluator,False
2451,1511,1573,Champion,True
2452,2787,1574,Technical Evaluator,False
2453,2739,1574,Legal Reviewer,False
2454,2348,1574,Champion,True
2455,1078,1575,Champion,True
2456,66,1575,Economic Buyer,True
2457,2111,1576,Executive Sponsor,True
2458,983,1576,Blocker,False
2459,2182,1576,Economic Buyer,True
2460,530,1577,Champion,True
2461,2777,1578,Champion,True
2462,1676,1578,Technical Evaluator,False
2463,697,1579,Champion,True
2464,926,1581,End User,False
2465,1355,1582,End User,False
2466,2952,1582,Blocker,False
2467,2040,1583,Coach,False
2468,924,1584,Coach,False
2469,2829,1584,Technical Evaluator,False
2470,1465,1585,Coach,False
2471,2412,1586,Technical Evaluator,False
2472,843,1586,Champion,True
2473,572,1587,End User,False
2474,542,1587,Coach,False
2475,1681,1588,Technical Evaluator,False
2476,1875,1588,Coach,False
2477,2069,1589,Executive Sponsor,True
2478,580,1591,Technical Evaluator,False
2479,1435,1592,Champion,True
2480,2117,1592,End User,False
2481,1276,1593,Technical Evaluator,False
2482,581,1594,Champion,True
2483,2230,1594,Executive Sponsor,True
2484,2744,1595,Technical Evaluator,False
2485,2218,1596,Champion,True
2486,2866,1597,Blocker,False
2487,1996,1598,Technical Evaluator,False
2488,2119,1598,Legal Reviewer,False
2489,2985,1599,End User,False
2490,1426,1052,Champion,True
2491,2966,1052,Coach,False
2492,2200,1602,Blocker,False
2493,808,1603,Legal Reviewer,False
2494,7,1603,Technical Evaluator,False
2495,308,1604,Champion,True
2496,1586,1604,Executive Sponsor,True
2497,1097,1604,Economic Buyer,True
2498,2306,1605,Economic Buyer,True
2499,313,1606,Technical Evaluator,False
2500,1169,1607,Coach,False
2501,883,1608,Champion,True
2502,1067,1608,Technical Evaluator,False
2503,2778,1608,Coach,False
2504,2974,1608,Economic Buyer,True
2505,319,1609,Technical Evaluator,False
2506,2856,1609,Economic Buyer,True
2507,974,1609,Blocker,False
2508,856,1611,Champion,True
2509,2121,1611,Economic Buyer,True
2510,2234,1612,Technical Evaluator,False
2511,1312,1613,Coach,False
2512,2613,1614,Champion,True
2513,1701,1615,Legal Reviewer,False
2514,2949,1615,Champion,True
2515,2183,1616,Technical Evaluator,False
2516,496,1617,Executive Sponsor,True
2517,2418,1617,End User,False
2518,307,1618,Technical Evaluator,False
2519,1422,1619,Technical Evaluator,False
2520,2408,1619,End User,False
2521,177,1620,Coach,False
2522,450,1621,Executive Sponsor,True
2523,571,1621,End User,False
2524,774,1621,Economic Buyer,True
2525,1594,1622,Technical Evaluator,False
2526,1181,1623,End User,False
2527,2359,1624,Economic Buyer,True
2528,2294,1625,Economic Buyer,True
2529,958,1626,Technical Evaluator,False
2530,963,1626,Champion,True
2531,826,1627,End User,False
2532,2178,1627,Technical Evaluator,False
2533,50,1627,Champion,True
2534,405,1628,Legal Reviewer,False
2535,2371,1628,Champion,True
2536,1888,1628,Technical Evaluator,False
2537,2020,1628,Executive Sponsor,True
2538,1907,1629,Legal Reviewer,False
2539,164,1630,Economic Buyer,True
2540,1350,1630,Executive Sponsor,True
2541,786,1631,Technical Evaluator,False
2542,367,1631,End User,False
2543,2614,1632,Coach,False
2544,1430,1633,Coach,False
2545,1393,1633,Economic Buyer,True
2546,2886,1634,Technical Evaluator,False
2547,2359,1635,Legal Reviewer,False
2548,1183,1636,Blocker,False
2549,246,1637,Champion,True
2550,1520,1637,End User,False
2551,2656,1637,Legal Reviewer,False
2552,2534,1638,Blocker,False
2553,2386,1638,End User,False
2554,2269,1639,Champion,True
2555,2626,1640,Coach,False
2556,2863,1640,Champion,True
2557,1753,1640,Technical Evaluator,False
2558,288,1641,Coach,False
2559,317,1642,Champion,True
2560,2579,1642,Executive Sponsor,True
2561,870,1643,Economic Buyer,True
2562,1328,1643,Technical Evaluator,False
2563,995,1643,Champion,True
2564,2199,320,End User,False
2565,1214,1645,Champion,True
2566,871,1645,Economic Buyer,True
2567,2561,1646,Blocker,False
2568,1792,1647,End User,False
2569,463,1647,Economic Buyer,True
2570,2818,1648,Champion,True
2571,2029,1649,Champion,True
2572,2550,1649,Coach,False
2573,2665,1650,End User,False
2574,367,1650,Blocker,False
2575,786,1650,Technical Evaluator,False
2576,1254,1651,Coach,False
2577,2809,1651,Executive Sponsor,True
2578,690,769,Champion,True
2579,101,769,Economic Buyer,True
2580,1635,769,Technical Evaluator,False
2581,841,769,End User,False
2582,2939,1653,Coach,False
2583,469,1653,End User,False
2584,652,1654,Economic Buyer,True
2585,721,1655,Executive Sponsor,True
2586,1801,1655,Champion,True
2587,1565,1657,Economic Buyer,True
2588,963,1657,Blocker,False
2589,758,1658,Economic Buyer,True
2590,1003,1659,Champion,True
2591,1677,1660,Coach,False
2592,2411,1660,Technical Evaluator,False
2593,190,1660,Champion,True
2594,1612,1661,Champion,True
2595,477,1661,Technical Evaluator,False
2596,1750,1662,Champion,True
2597,2119,1663,Legal Reviewer,False
2598,1690,1664,Technical Evaluator,False
2599,2060,1664,Executive Sponsor,True
2600,1282,1665,Economic Buyer,True
2601,1110,1666,Economic Buyer,True
2602,2634,1666,Blocker,False
2603,2912,1667,Economic Buyer,True
2604,2359,1668,Technical Evaluator,False
2605,1541,1669,End User,False
2606,2511,1670,Coach,False
2607,1864,1670,Champion,True
2608,525,1671,Champion,True
2609,1601,1671,Executive Sponsor,True
2610,182,1672,Coach,False
2611,374,1673,Blocker,False
2612,2406,1674,Champion,True
2613,1916,1674,Blocker,False
2614,1922,1676,Technical Evaluator,False
2615,1033,1676,Executive Sponsor,True
2616,1022,1199,Economic Buyer,True
2617,1483,1678,Blocker,False
2618,2887,1679,Technical Evaluator,False
2619,2324,1679,Blocker,False
2620,2620,1681,Economic Buyer,True
2621,1750,1682,Champion,True
2622,481,1683,Technical Evaluator,False
2623,2188,1684,Coach,False
2624,2157,1684,End User,False
2625,434,1686,Blocker,False
2626,1732,1686,End User,False
2627,2313,1686,Champion,True
2628,2387,1687,Executive Sponsor,True
2629,1323,1688,Economic Buyer,True
2630,2419,1688,Champion,True
2631,330,1688,End User,False
2632,2866,1689,Technical Evaluator,False
2633,2848,1690,End User,False
2634,735,1690,Champion,True
2635,469,1691,End User,False
2636,2589,1692,Legal Reviewer,False
2637,44,1198,Coach,False
2638,33,1694,Champion,True
2639,81,1694,Economic Buyer,True
2640,1585,1694,Coach,False
2641,1816,1695,Economic Buyer,True
2642,2370,1696,Technical Evaluator,False
2643,2552,1696,Coach,False
2644,2997,1697,Champion,True
2645,973,1697,Coach,False
2646,2736,1697,Economic Buyer,True
2647,2793,1698,Technical Evaluator,False
2648,163,1699,Technical Evaluator,False
2649,1107,1699,Coach,False
2650,2192,256,Coach,False
2651,1849,256,Economic Buyer,True
2652,932,256,Technical Evaluator,False
2653,1509,1701,Executive Sponsor,True
2654,1503,1702,Technical Evaluator,False
2655,704,1703,Technical Evaluator,False
2656,1094,1704,Champion,True
2657,116,841,Technical Evaluator,False
2658,2652,841,Blocker,False
2659,2935,1706,Champion,True
2660,2334,1707,Coach,False
2661,264,1708,Champion,True
2662,2217,1708,End User,False
2663,216,1709,Coach,False
2664,886,1709,Executive Sponsor,True
2665,1809,1710,Executive Sponsor,True
2666,1581,576,End User,False
2667,2389,1712,Champion,True
2668,667,1712,Technical Evaluator,False
2669,449,1713,End User,False
2670,2908,1714,Technical Evaluator,False
2671,2535,1714,End User,False
2672,1519,1715,Technical Evaluator,False
2673,496,1717,Technical Evaluator,False
2674,2448,1718,Blocker,False
2675,2746,1719,Economic Buyer,True
2676,98,1719,Blocker,False
2677,2436,1719,Technical Evaluator,False
2678,1038,1719,Coach,False
2679,2456,1720,Coach,False
2680,1973,1720,Technical Evaluator,False
2681,1098,1720,Champion,True
2682,508,1720,Legal Reviewer,False
2683,788,1721,Economic Buyer,True
2684,1042,1722,Coach,False
2685,229,1722,Economic Buyer,True
2686,1582,1722,Champion,True
2687,1231,1722,Technical Evaluator,False
2688,2329,1723,Legal Reviewer,False
2689,2517,1724,Coach,False
2690,2361,1725,Economic Buyer,True
2691,2672,1726,Economic Buyer,True
2692,1359,1726,Champion,True
2693,1470,1727,Economic Buyer,True
2694,782,1727,Champion,True
2695,356,1728,Technical Evaluator,False
2696,135,1729,Technical Evaluator,False
2697,2418,1730,Blocker,False
2698,2492,1731,Champion,True
2699,2645,1731,End User,False
2700,1481,1731,Technical Evaluator,False
2701,19,1732,Champion,True
2702,588,1734,Champion,True
2703,1478,1735,Executive Sponsor,True
2704,1447,1736,Economic Buyer,True
2705,1665,1737,Champion,True
2706,1344,1738,Technical Evaluator,False
2707,1366,1739,Technical Evaluator,False
2708,2504,1740,Champion,True
2709,420,1741,Executive Sponsor,True
2710,750,1742,End User,False
2711,1579,1742,Blocker,False
2712,1132,1742,Technical Evaluator,False
2713,1376,1743,End User,False
2714,2668,1743,Technical Evaluator,False
2715,785,1744,Technical Evaluator,False
2716,427,1745,Coach,False
2717,976,1745,Legal Reviewer,False
2718,1137,1745,Executive Sponsor,True
2719,2550,1746,Technical Evaluator,False
2720,2029,1746,End User,False
2721,1422,1747,Coach,False
2722,2820,1748,Technical Evaluator,False
2723,385,1748,Champion,True
2724,1474,1748,Coach,False
2725,792,1748,End User,False
2726,567,1749,Champion,True
2727,1240,1750,Champion,True
2728,269,1750,Legal Reviewer,False
2729,2469,1750,Blocker,False
2730,1502,389,Champion,True
2731,45,389,Technical Evaluator,False
2732,1045,389,Coach,False
2733,1397,1752,Champion,True
2734,247,1753,Champion,True
2735,2498,1754,Economic Buyer,True
2736,2037,1755,End User,False
2737,412,1756,Economic Buyer,True
2738,2347,1756,Legal Reviewer,False
2739,2618,1757,Economic Buyer,True
2740,1377,1758,Legal Reviewer,False
2741,2939,889,Technical Evaluator,False
2742,2134,1760,Technical Evaluator,False
2743,1070,1761,Technical Evaluator,False
2744,413,1761,End User,False
2745,1479,1762,Coach,False
2746,762,1762,Executive Sponsor,True
2747,992,1763,Technical Evaluator,False
2748,820,1764,Technical Evaluator,False
2749,2843,1764,Blocker,False
2750,1670,1764,Champion,True
2751,909,1765,Champion,True
2752,1993,1765,Blocker,False
2753,1577,1766,Economic Buyer,True
2754,1589,1767,End User,False
2755,1337,1768,Coach,False
2756,143,1768,Economic Buyer,True
2757,1185,1769,Economic Buyer,True
2758,1249,1770,Executive Sponsor,True
2759,223,1770,Economic Buyer,True
2760,1387,1771,Champion,True
2761,1567,1771,Coach,False
2762,1908,1772,Economic Buyer,True
2763,1296,1773,Coach,False
2764,174,1774,Legal Reviewer,False
2765,1765,1774,Technical Evaluator,False
2766,2229,1775,Economic Buyer,True
2767,705,1776,Coach,False
2768,2797,1776,Technical Evaluator,False
2769,1183,1777,Champion,True
2770,2002,1778,Champion,True
2771,832,1779,Champion,True
2772,1708,1779,Technical Evaluator,False
2773,2717,1780,Coach,False
2774,2399,1781,Economic Buyer,True
2775,1292,1782,Legal Reviewer,False
2776,527,1783,Champion,True
2777,1036,1783,Technical Evaluator,False
2778,717,1784,Champion,True
2779,2161,1785,Technical Evaluator,False
2780,992,1787,Champion,True
2781,1114,1788,End User,False
2782,738,1788,Technical Evaluator,False
2783,2946,1789,Blocker,False
2784,1066,1790,Champion,True
2785,2790,1790,Technical Evaluator,False
2786,516,1791,Technical Evaluator,False
2787,248,1791,Champion,True
2788,2838,1792,End User,False
2789,1313,1792,Legal Reviewer,False
2790,1887,1793,End User,False
2791,2986,1794,Economic Buyer,True
2792,1157,1794,Champion,True
2793,1990,1794,End User,False
2794,1880,1794,Technical Evaluator,False
2795,429,1795,Champion,True
2796,1654,1795,End User,False
2797,1656,1796,Economic Buyer,True
2798,1715,1796,Technical Evaluator,False
2799,1213,1796,Executive Sponsor,True
2800,2779,1797,End User,False
2801,2618,1798,Champion,True
2802,2259,1798,Economic Buyer,True
2803,2412,1799,Champion,True
2804,843,1799,End User,False
2805,2787,1800,End User,False
2806,2265,1801,Champion,True
2807,604,1802,Executive Sponsor,True
2808,1471,1803,Economic Buyer,True
2809,1869,1804,Economic Buyer,True
2810,2774,1805,Blocker,False
2811,703,1805,Champion,True
2812,431,1806,Technical Evaluator,False
2813,2225,1806,Champion,True
2814,402,1806,Economic Buyer,True
2815,318,1806,Executive Sponsor,True
2816,2147,1807,Coach,False
2817,2751,1808,Champion,True
2818,1002,1809,Executive Sponsor,True
2819,1025,1810,Champion,True
2820,1267,1810,End User,False
2821,2210,1810,Technical Evaluator,False
2822,447,1811,End User,False
2823,1077,1811,Technical Evaluator,False
2824,7,1812,Legal Reviewer,False
2825,808,1812,Champion,True
2826,1417,1814,Coach,False
2827,1062,1815,Coach,False
2828,318,1816,Champion,True
2829,402,1816,Economic Buyer,True
2830,2141,1817,Coach,False
2831,1414,1818,Technical Evaluator,False
2832,1284,1818,Economic Buyer,True
2833,1214,1819,Champion,True
2834,1534,1819,Blocker,False
2835,1984,1819,Technical Evaluator,False
2836,871,1819,Coach,False
2837,2472,1820,Economic Buyer,True
2838,819,1821,End User,False
2839,2866,1822,Economic Buyer,True
2840,594,1823,Technical Evaluator,False
2841,2611,1823,Champion,True
2842,767,677,End User,False
2843,1946,1825,Executive Sponsor,True
2844,1308,1825,Technical Evaluator,False
2845,1707,1827,Coach,False
2846,1370,1828,Legal Reviewer,False
2847,2891,1829,End User,False
2848,198,406,Economic Buyer,True
2849,1395,406,Executive Sponsor,True
2850,1836,1831,Champion,True
2851,549,1832,Economic Buyer,True
2852,2918,1832,Champion,True
2853,1596,1833,End User,False
2854,303,1833,Coach,False
2855,720,1834,Technical Evaluator,False
2856,2372,1835,Technical Evaluator,False
2857,1548,1836,Champion,True
2858,2825,1837,Economic Buyer,True
2859,1402,1838,Champion,True
2860,626,1839,Champion,True
2861,2931,1840,Coach,False
2862,1050,1841,Champion,True
2863,2212,1842,Champion,True
2864,585,1842,Technical Evaluator,False
2865,988,1842,Economic Buyer,True
2866,2620,1842,Executive Sponsor,True
2867,2973,1843,Champion,True
2868,489,1844,Champion,True
2869,1443,1845,Champion,True
2870,764,1845,Economic Buyer,True
2871,2589,1846,End User,False
2872,891,1846,Champion,True
2873,189,1848,Technical Evaluator,False
2874,1787,1848,Champion,True
2875,1173,1849,Economic Buyer,True
2876,2124,1850,Legal Reviewer,False
2877,2600,1851,Coach,False
2878,1296,1852,Technical Evaluator,False
2879,1920,1853,End User,False
2880,2427,1853,Legal Reviewer,False
2881,789,1854,Champion,True
2882,1621,1854,Coach,False
2883,1980,1855,End User,False
2884,535,1855,Coach,False
2885,2975,1855,Economic Buyer,True
2886,2890,1856,Legal Reviewer,False
2887,2030,1856,Blocker,False
2888,2193,1856,Coach,False
2889,2097,1857,Technical Evaluator,False
2890,1659,1857,Legal Reviewer,False
2891,2839,1857,Economic Buyer,True
2892,1842,1858,End User,False
2893,541,1859,Champion,True
2894,1246,1859,Economic Buyer,True
2895,134,1859,End User,False
2896,165,1860,End User,False
2897,2600,1860,Economic Buyer,True
2898,622,1861,Economic Buyer,True
2899,2551,1862,Executive Sponsor,True
2900,1149,1862,Legal Reviewer,False
2901,2361,1862,Technical Evaluator,False
2902,2243,1863,Coach,False
2903,2961,1863,Champion,True
2904,2396,1864,End User,False
2905,2352,1864,Economic Buyer,True
2906,216,1864,Technical Evaluator,False
2907,427,1865,Legal Reviewer,False
2908,1137,1865,Coach,False
2909,2592,1866,Champion,True
2910,2235,1867,End User,False
2911,2706,1868,Economic Buyer,True
2912,2110,1869,Executive Sponsor,True
2913,2172,1871,Economic Buyer,True
2914,2260,1871,Champion,True
2915,1031,1871,End User,False
2916,2058,1871,Blocker,False
2917,2929,1872,Coach,False
2918,1544,1873,Technical Evaluator,False
2919,2555,1873,Coach,False
2920,263,1874,Champion,True
2921,1922,1875,Economic Buyer,True
2922,1033,1875,Champion,True
2923,1339,1876,Champion,True
2924,1297,1877,Executive Sponsor,True
2925,96,1877,Champion,True
2926,1989,1878,Coach,False
2927,2549,1879,Technical Evaluator,False
2928,2293,1880,Executive Sponsor,True
2929,486,1880,Technical Evaluator,False
2930,1640,1882,Technical Evaluator,False
2931,1800,1882,Champion,True
2932,2609,1883,Champion,True
2933,114,1883,Technical Evaluator,False
2934,2476,1884,Technical Evaluator,False
2935,2636,1885,End User,False
2936,653,1885,Technical Evaluator,False
2937,1093,1885,Coach,False
2938,285,1886,Technical Evaluator,False
2939,87,1887,Economic Buyer,True
2940,732,1888,Champion,True
2941,1615,1888,Legal Reviewer,False
2942,1377,1889,Technical Evaluator,False
2943,2725,1889,Champion,True
2944,1484,1890,Technical Evaluator,False
2945,2556,1891,Technical Evaluator,False
2946,2408,1891,Executive Sponsor,True
2947,1422,1891,Coach,False
2948,800,1893,Champion,True
2949,2700,1894,Champion,True
2950,277,1894,Executive Sponsor,True
2951,159,1895,Technical Evaluator,False
2952,1064,1896,Executive Sponsor,True
2953,2249,1896,Champion,True
2954,616,1897,Executive Sponsor,True
2955,747,1897,Technical Evaluator,False
2956,2116,1897,Champion,True
2957,2063,1897,Coach,False
2958,2555,1898,Champion,True
2959,695,1899,Coach,False
2960,2728,1899,Economic Buyer,True
2961,2562,1899,Champion,True
2962,2665,1900,Economic Buyer,True
2963,604,1901,Economic Buyer,True
2964,63,1902,Executive Sponsor,True
2965,929,1903,Technical Evaluator,False
2966,1123,1903,Coach,False
2967,2813,1904,Champion,True
2968,211,1905,Technical Evaluator,False
2969,2151,1906,Champion,True
2970,1664,1906,Executive Sponsor,True
2971,105,1906,Technical Evaluator,False
2972,1612,1907,Legal Reviewer,False
2973,477,1907,Technical Evaluator,False
2974,2317,1908,Technical Evaluator,False
2975,661,1909,Technical Evaluator,False
2976,1185,1910,End User,False
2977,2334,1910,Economic Buyer,True
2978,1866,1910,Coach,False
2979,2837,1911,Blocker,False
2980,399,1911,End User,False
2981,1221,1911,Economic Buyer,True
2982,1105,1911,Legal Reviewer,False
2983,1161,1912,Technical Evaluator,False
2984,661,1913,Economic Buyer,True
2985,805,1913,Blocker,False
2986,2816,1914,Economic Buyer,True
2987,205,1915,Champion,True
2988,738,1916,End User,False
2989,757,1917,Technical Evaluator,False
2990,837,1917,End User,False
2991,1786,1917,Economic Buyer,True
2992,604,1918,Champion,True
2993,2332,1919,Champion,True
2994,2250,1920,Coach,False
2995,1676,1921,End User,False
2996,691,1921,Technical Evaluator,False
2997,2234,1922,Champion,True
2998,1439,1923,Legal Reviewer,False
2999,160,1924,Economic Buyer,True
3000,883,1925,Champion,True
3001,2778,1925,End User,False
3002,188,1925,Technical Evaluator,False
3003,522,1926,Technical Evaluator,False
3004,2043,1927,End User,False
3005,2110,1928,End User,False
3006,1887,1929,Economic Buyer,True
3007,13,1930,Economic Buyer,True
3008,1710,1930,Technical Evaluator,False
3009,1768,1930,Blocker,False
3010,2691,1931,Technical Evaluator,False
3011,2025,1931,End User,False
3012,874,1932,Champion,True
3013,2593,1932,Technical Evaluator,False
3014,2728,1933,End User,False
3015,2265,1934,Champion,True
3016,539,1935,End User,False
3017,1614,1936,Coach,False
3018,2228,1937,Coach,False
3019,2045,1937,Technical Evaluator,False
3020,2325,1938,Champion,True
3021,1317,1938,Blocker,False
3022,1717,1938,Economic Buyer,True
3023,347,1939,Champion,True
3024,1198,1939,Executive Sponsor,True
3025,1213,1940,Blocker,False
3026,1468,1940,End User,False
3027,1715,1940,Technical Evaluator,False
3028,1656,1940,Champion,True
3029,1321,1941,Economic Buyer,True
3030,169,1942,End User,False
3031,1360,1942,Technical Evaluator,False
3032,872,1942,Economic Buyer,True
3033,1325,1943,Coach,False
3034,1068,1943,End User,False
3035,1983,1944,Economic Buyer,True
3036,112,1945,Technical Evaluator,False
3037,1073,1945,Executive Sponsor,True
3038,2162,1946,Technical Evaluator,False
3039,675,1947,Champion,True
3040,1381,1947,Legal Reviewer,False
3041,79,1947,End User,False
3042,1259,1948,Champion,True
3043,2866,1949,Champion,True
3044,821,1950,Technical Evaluator,False
3045,1541,1951,Coach,False
3046,2438,1953,Economic Buyer,True
3047,2301,1954,Coach,False
3048,1363,1955,Economic Buyer,True
3049,1406,1955,Technical Evaluator,False
3050,1653,1955,End User,False
3051,2712,1956,Champion,True
3052,1087,1956,Blocker,False
3053,762,1957,Economic Buyer,True
3054,1479,1957,Technical Evaluator,False
3055,2012,1958,Technical Evaluator,False
3056,821,1959,Executive Sponsor,True
3057,1610,1960,Technical Evaluator,False
3058,1196,1960,Champion,True
3059,743,1961,Champion,True
3060,47,1961,Executive Sponsor,True
3061,708,1962,Champion,True
3062,2243,1963,Blocker,False
3063,1537,1963,Champion,True
3064,2980,1964,Coach,False
3065,1204,1965,Technical Evaluator,False
3066,1998,1966,Economic Buyer,True
3067,280,1967,Champion,True
3068,1861,1968,Economic Buyer,True
3069,1519,1969,Champion,True
3070,2678,1969,Economic Buyer,True
3071,821,1970,Champion,True
3072,1879,1971,Technical Evaluator,False
3073,399,1972,Coach,False
3074,2349,1973,Technical Evaluator,False
3075,1270,1973,Economic Buyer,True
3076,353,1973,End User,False
3077,2853,1974,Technical Evaluator,False
3078,161,1975,Blocker,False
3079,266,1975,Coach,False
3080,162,1975,End User,False
3081,51,1976,Economic Buyer,True
3082,2027,1976,Executive Sponsor,True
3083,2695,1976,Technical Evaluator,False
3084,1427,1977,Executive Sponsor,True
3085,1730,1978,Technical Evaluator,False
3086,2360,1979,Technical Evaluator,False
3087,601,1981,Blocker,False
3088,1111,1982,Champion,True
3089,2112,1982,Executive Sponsor,True
3090,2506,1983,Champion,True
3091,2497,1983,Technical Evaluator,False
3092,1483,1984,Blocker,False
3093,829,1985,Technical Evaluator,False
3094,1418,1985,Champion,True
3095,1690,1986,Technical Evaluator,False
3096,2560,1987,Technical Evaluator,False
3097,1770,1988,End User,False
3098,1655,1989,Economic Buyer,True
3099,2699,1989,Blocker,False
3100,773,1989,Executive Sponsor,True
3101,1793,1990,Technical Evaluator,False
3102,570,1991,Champion,True
3103,820,1992,Champion,True
3104,2740,1992,Legal Reviewer,False
3105,2843,1992,Coach,False
3106,1930,1992,Technical Evaluator,False
3107,67,1993,Technical Evaluator,False
3108,1379,1994,Technical Evaluator,False
3109,1764,1995,Blocker,False
3110,2916,1996,Coach,False
3111,1,1996,Legal Reviewer,False
3112,1439,1997,Technical Evaluator,False
3113,1603,1998,Champion,True
3114,609,1998,End User,False
3115,2859,1999,Technical Evaluator,False
3116,2858,2000,Legal Reviewer,False
3117,120,2000,End User,False
3118,2340,2000,Technical Evaluator,False
3119,2832,2000,Champion,True
3120,1597,2000,Executive Sponsor,True
3121,1328,2001,Coach,False
3122,870,2001,Economic Buyer,True
3123,528,2002,End User,False
3124,874,2003,Legal Reviewer,False
3125,2593,2003,End User,False
3126,1196,2004,Champion,True
3127,1610,2004,Technical Evaluator,False
3128,419,2005,Legal Reviewer,False
3129,1507,2006,Technical Evaluator,False
3130,2181,2007,Champion,True
3131,332,2008,End User,False
3132,2886,2008,Legal Reviewer,False
3133,540,2009,Coach,False
3134,268,2010,End User,False
3135,2227,365,Executive Sponsor,True
3136,1248,365,Economic Buyer,True
3137,494,2013,Coach,False
3138,336,2013,End User,False
3139,449,2014,Champion,True
3140,2922,2015,Champion,True
3141,152,2016,Executive Sponsor,True
3142,36,2017,Legal Reviewer,False
3143,985,2017,Champion,True
3144,2268,2017,Executive Sponsor,True
3145,2659,2018,Champion,True
3146,1466,2018,Economic Buyer,True
3147,1755,2018,Coach,False
3148,1245,2019,End User,False
3149,2498,2020,Blocker,False
3150,1618,2021,Legal Reviewer,False
3151,1110,2021,End User,False
3152,1895,2022,Blocker,False
3153,1090,2023,Executive Sponsor,True
3154,668,2024,Economic Buyer,True
3155,2462,2025,Technical Evaluator,False
3156,1477,2025,Blocker,False
3157,660,2025,Champion,True
3158,405,2027,Champion,True
3159,2825,2028,Champion,True
3160,2258,2028,End User,False
3161,399,2029,Economic Buyer,True
3162,821,2030,Technical Evaluator,False
3163,2741,2031,Champion,True
3164,1215,2031,Blocker,False
3165,1970,2032,Blocker,False
3166,326,1208,Executive Sponsor,True
3167,2422,1208,Technical Evaluator,False
3168,2930,1208,Economic Buyer,True
3169,382,2034,Technical Evaluator,False
3170,1026,2034,Executive Sponsor,True
3171,668,2035,Champion,True
3172,407,2035,Technical Evaluator,False
3173,106,2035,Blocker,False
3174,1023,2036,Legal Reviewer,False
3175,1365,2036,Technical Evaluator,False
3176,1624,2037,Technical Evaluator,False
3177,712,2039,Coach,False
3178,2477,2040,Technical Evaluator,False
3179,1456,2040,End User,False
3180,510,2041,Blocker,False
3181,689,2041,Technical Evaluator,False
3182,43,2041,End User,False
3183,470,2041,Coach,False
3184,138,2042,Executive Sponsor,True
3185,2127,2042,End User,False
3186,2522,2043,Blocker,False
3187,2176,2044,Champion,True
3188,1000,2045,Champion,True
3189,2222,2045,End User,False
3190,2198,2046,Technical Evaluator,False
3191,1448,2047,Economic Buyer,True
3192,234,2047,Executive Sponsor,True
3193,1349,2047,Technical Evaluator,False
3194,1940,2048,Executive Sponsor,True
3195,386,2048,Champion,True
3196,791,2049,Champion,True
3197,286,2050,Champion,True
3198,832,2051,Blocker,False
3199,1708,2051,Legal Reviewer,False
3200,1772,2052,Technical Evaluator,False
3201,2853,2053,Champion,True
3202,2124,2054,Executive Sponsor,True
3203,2498,2055,Technical Evaluator,False
3204,1027,2056,Champion,True
3205,1321,2056,End User,False
3206,1447,160,Champion,True
3207,1359,2058,Economic Buyer,True
3208,2672,2058,Technical Evaluator,False
3209,1932,2059,Champion,True
3210,721,2060,Executive Sponsor,True
3211,2066,2061,Economic Buyer,True
3212,1303,2061,End User,False
3213,549,2061,Legal Reviewer,False
3214,1887,2062,Champion,True
3215,2043,2063,Blocker,False
3216,1736,2065,Technical Evaluator,False
3217,1027,2066,Coach,False
3218,262,2067,End User,False
3219,415,2067,Technical Evaluator,False
3220,819,2068,Legal Reviewer,False
3221,2927,2069,Blocker,False
3222,685,2070,Coach,False
3223,2581,2070,Champion,True
3224,586,2071,Coach,False
3225,1862,2072,Legal Reviewer,False
3226,2965,2072,Economic Buyer,True
3227,2963,2072,Executive Sponsor,True
3228,1280,2073,Legal Reviewer,False
3229,268,2075,Coach,False
3230,1129,2076,Technical Evaluator,False
3231,550,2076,Champion,True
3232,2263,2076,Economic Buyer,True
3233,1238,2077,Technical Evaluator,False
3234,2912,2080,Technical Evaluator,False
3235,284,2081,Champion,True
3236,950,2081,Technical Evaluator,False
3237,2709,2082,End User,False
3238,1902,2083,Technical Evaluator,False
3239,2238,2084,Champion,True
3240,522,2084,Technical Evaluator,False
3241,1745,2085,Champion,True
3242,2602,2085,Economic Buyer,True
3243,1667,2085,Technical Evaluator,False
3244,613,571,Technical Evaluator,False
3245,243,571,End User,False
3246,955,2087,Technical Evaluator,False
3247,114,2088,Economic Buyer,True
3248,1985,2088,Champion,True
3249,422,2089,Champion,True
3250,2081,2089,Economic Buyer,True
3251,2703,2090,Economic Buyer,True
3252,1722,2091,Technical Evaluator,False
3253,1551,2092,Technical Evaluator,False
3254,1420,2093,Coach,False
3255,739,2094,End User,False
3256,2039,2094,Blocker,False
3257,364,2095,Economic Buyer,True
3258,2644,2096,Champion,True
3259,827,2096,Technical Evaluator,False
3260,1281,2096,Coach,False
3261,381,2096,End User,False
3262,458,2097,Champion,True
3263,313,2097,Coach,False
3264,271,2098,Coach,False
3265,2751,2099,Technical Evaluator,False
3266,1114,2100,End User,False
3267,726,2101,Economic Buyer,True
3268,178,2102,End User,False
3269,2962,2103,Technical Evaluator,False
3270,775,2103,End User,False
3271,1558,2104,Champion,True
3272,1414,2105,Champion,True
3273,2270,2106,Technical Evaluator,False
3274,1837,2107,Technical Evaluator,False
3275,1623,2108,End User,False
3276,2884,2108,Technical Evaluator,False
3277,1380,2109,Executive Sponsor,True
3278,2781,2110,Technical Evaluator,False
3279,1632,2111,Technical Evaluator,False
3280,1248,2112,Champion,True
3281,2227,2112,End User,False
3282,1186,2113,Blocker,False
3283,1998,2114,Technical Evaluator,False
3284,1041,2114,Coach,False
3285,2424,2115,Champion,True
3286,2791,2115,End User,False
3287,2610,2116,Economic Buyer,True
3288,1859,2116,Champion,True
3289,523,2117,Coach,False
3290,1467,2117,End User,False
3291,12,2117,Blocker,False
3292,878,2117,Executive Sponsor,True
3293,748,2117,Champion,True
3294,1475,2118,Executive Sponsor,True
3295,608,2119,Champion,True
3296,340,2120,Technical Evaluator,False
3297,1305,2121,Executive Sponsor,True
3298,2131,2121,Champion,True
3299,1272,2122,Champion,True
3300,1389,2123,Champion,True
3301,566,2125,Blocker,False
3302,1560,2125,Technical Evaluator,False
3303,1122,2126,Blocker,False
3304,2594,2127,End User,False
3305,2915,215,Coach,False
3306,2612,215,Legal Reviewer,False
3307,1879,2129,End User,False
3308,2941,2129,Champion,True
3309,788,2129,Technical Evaluator,False
3310,1114,2130,Legal Reviewer,False
3311,1534,2131,Coach,False
3312,1253,2132,Executive Sponsor,True
3313,2400,2132,Coach,False
3314,1942,2133,Coach,False
3315,420,2134,End User,False
3316,1729,2135,Coach,False
3317,2683,2136,Technical Evaluator,False
3318,1933,2136,Legal Reviewer,False
3319,860,2137,Champion,True
3320,1943,2138,Economic Buyer,True
3321,395,520,Champion,True
3322,197,520,Economic Buyer,True
3323,1334,2140,Technical Evaluator,False
3324,827,2141,Technical Evaluator,False
3325,2026,2141,Champion,True
3326,1811,2141,End User,False
3327,381,2141,Blocker,False
3328,1663,2142,Economic Buyer,True
3329,2180,2143,End User,False
3330,2846,2143,Champion,True
3331,467,2143,Legal Reviewer,False
3332,1417,2144,End User,False
3333,1412,2145,Champion,True
3334,842,2145,Technical Evaluator,False
3335,2378,2146,Economic Buyer,True
3336,1052,2146,Technical Evaluator,False
3337,2184,2146,Executive Sponsor,True
3338,2339,2147,Economic Buyer,True
3339,1961,2147,Champion,True
3340,2660,2148,Champion,True
3341,2359,2149,Champion,True
3342,92,2150,Technical Evaluator,False
3343,2287,2151,Economic Buyer,True
3344,513,2153,Coach,False
3345,1383,2153,Technical Evaluator,False
3346,2390,2154,Coach,False
3347,1430,2155,Executive Sponsor,True
3348,2190,2157,End User,False
3349,1540,2158,Technical Evaluator,False
3350,529,2159,Champion,True
3351,945,2160,Technical Evaluator,False
3352,2563,2160,Legal Reviewer,False
3353,1812,2161,Economic Buyer,True
3354,403,2162,Executive Sponsor,True
3355,509,2162,Champion,True
3356,2615,2162,Technical Evaluator,False
3357,907,2163,Technical Evaluator,False
3358,1257,2163,Legal Reviewer,False
3359,943,2163,End User,False
3360,1057,2164,Economic Buyer,True
3361,430,2164,Blocker,False
3362,2213,2164,Executive Sponsor,True
3363,1612,2165,Economic Buyer,True
3364,477,2165,Coach,False
3365,1550,2167,Economic Buyer,True
3366,1234,2168,Technical Evaluator,False
3367,901,2169,End User,False
3368,1486,2169,Economic Buyer,True
3369,6,2169,Technical Evaluator,False
3370,675,2170,Technical Evaluator,False
3371,1659,2171,Executive Sponsor,True
3372,1852,2172,Technical Evaluator,False
3373,338,2173,Champion,True
3374,1276,2174,Executive Sponsor,True
3375,1351,2175,Technical Evaluator,False
3376,2102,2175,Economic Buyer,True
3377,1975,2176,Legal Reviewer,False
3378,2930,2177,Technical Evaluator,False
3379,1297,2178,Technical Evaluator,False
3380,1788,2179,End User,False
3381,46,2180,Technical Evaluator,False
3382,1581,2181,Champion,True
3383,2479,2181,End User,False
3384,1664,2182,Champion,True
3385,2151,2182,Economic Buyer,True
3386,1943,2183,End User,False
3387,658,2183,Champion,True
3388,2928,2183,Technical Evaluator,False
3389,2197,2184,Champion,True
3390,2051,2185,End User,False
3391,2859,2186,Technical Evaluator,False
3392,2607,2186,Executive Sponsor,True
3393,1711,2187,Economic Buyer,True
3394,1462,2188,Executive Sponsor,True
3395,33,2189,End User,False
3396,1585,2189,Economic Buyer,True
3397,81,2189,Champion,True
3398,1958,2190,Technical Evaluator,False
3399,697,2191,Blocker,False
3400,2504,2192,End User,False
3401,1933,2193,End User,False
3402,2246,2193,Coach,False
3403,237,2194,End User,False
3404,534,2195,End User,False
3405,2393,2195,Champion,True
3406,1351,2196,End User,False
3407,2102,2196,Champion,True
3408,2177,2196,Technical Evaluator,False
3409,2748,2197,Technical Evaluator,False
3410,537,2197,Blocker,False
3411,1476,2198,Legal Reviewer,False
3412,2557,2199,Champion,True
3413,1229,2199,Executive Sponsor,True
3414,2506,2200,Coach,False
3415,564,2201,Legal Reviewer,False
3416,2466,2201,Champion,True
3417,1172,2202,Technical Evaluator,False
3418,307,2203,Champion,True
3419,1332,2203,Technical Evaluator,False
3420,1097,2203,End User,False
3421,1586,2203,Blocker,False
3422,1360,2204,Economic Buyer,True
3423,2959,2204,Executive Sponsor,True
3424,1387,2204,Legal Reviewer,False
3425,567,2205,Executive Sponsor,True
3426,2154,2206,Executive Sponsor,True
3427,1101,2208,Champion,True
3428,19,2209,Champion,True
3429,2721,2210,End User,False
3430,1913,2210,Technical Evaluator,False
3431,1148,2210,Champion,True
3432,2457,2212,Technical Evaluator,False
3433,2452,2213,Technical Evaluator,False
3434,2070,2214,Economic Buyer,True
3435,152,2215,End User,False
3436,2974,2216,Legal Reviewer,False
3437,2987,2217,Coach,False
3438,763,2218,Technical Evaluator,False
3439,1788,2219,Technical Evaluator,False
3440,2932,2220,Champion,True
3441,1104,2221,End User,False
3442,717,2222,Coach,False
3443,1372,2223,Blocker,False
3444,471,2223,Executive Sponsor,True
3445,2896,2224,Technical Evaluator,False
3446,2241,2224,Champion,True
3447,814,2224,Legal Reviewer,False
3448,282,2225,Technical Evaluator,False
3449,485,2226,Champion,True
3450,1961,2226,Technical Evaluator,False
3451,2838,2227,Champion,True
3452,1313,2227,Coach,False
3453,217,2227,Executive Sponsor,True
3454,1833,2228,Legal Reviewer,False
3455,2711,2229,Champion,True
3456,1690,2230,Executive Sponsor,True
3457,2836,2231,Legal Reviewer,False
3458,2014,2231,Champion,True
3459,2706,2232,Champion,True
3460,2848,2232,End User,False
3461,1369,2232,Technical Evaluator,False
3462,972,2233,Economic Buyer,True
3463,1816,2233,Legal Reviewer,False
3464,2902,2233,End User,False
3465,1831,2234,Blocker,False
3466,1884,2235,End User,False
3467,1086,2236,Coach,False
3468,2742,2236,Executive Sponsor,True
3469,2495,2236,Legal Reviewer,False
3470,1037,2236,Technical Evaluator,False
3471,1201,2237,Technical Evaluator,False
3472,2889,2237,Blocker,False
3473,938,2238,Legal Reviewer,False
3474,2385,2239,Champion,True
3475,2830,2239,End User,False
3476,1804,2239,Economic Buyer,True
3477,2870,2240,Executive Sponsor,True
3478,1008,2240,Technical Evaluator,False
3479,671,2240,Champion,True
3480,2333,2240,Economic Buyer,True
3481,448,2241,End User,False
3482,1365,2241,Technical Evaluator,False
3483,396,2241,Champion,True
3484,98,2242,Technical Evaluator,False
3485,1923,2243,Champion,True
3486,2023,2243,Executive Sponsor,True
3487,1405,2244,Blocker,False
3488,227,2244,Executive Sponsor,True
3489,1247,2245,Technical Evaluator,False
3490,2797,2245,Champion,True
3491,2280,2246,End User,False
3492,1204,2247,Technical Evaluator,False
3493,2694,2248,Economic Buyer,True
3494,2308,2250,End User,False
3495,102,2250,Coach,False
3496,2079,2253,Champion,True
3497,1225,2254,Technical Evaluator,False
3498,1002,2254,End User,False
3499,2548,2255,Technical Evaluator,False
3500,2440,2255,Economic Buyer,True
3501,2119,2256,Economic Buyer,True
3502,1191,2256,Blocker,False
3503,793,2257,Blocker,False
3504,1777,2258,Executive Sponsor,True
3505,460,2259,Legal Reviewer,False
3506,2366,2260,Blocker,False
3507,1394,2260,Legal Reviewer,False
3508,1678,2260,Technical Evaluator,False
3509,804,2261,End User,False
3510,10,2261,Champion,True
3511,2819,2262,Legal Reviewer,False
3512,2366,2262,Technical Evaluator,False
3513,1678,2262,End User,False
3514,2423,723,Champion,True
3515,2795,723,Technical Evaluator,False
3516,1501,723,End User,False
3517,2293,2264,End User,False
3518,432,2264,Technical Evaluator,False
3519,1665,2265,Executive Sponsor,True
3520,1519,2266,Technical Evaluator,False
3521,2678,2266,Coach,False
3522,852,2267,Coach,False
3523,1022,2268,Champion,True
3524,1041,2269,Legal Reviewer,False
3525,702,2270,Economic Buyer,True
3526,2906,2271,Technical Evaluator,False
3527,1911,2271,Economic Buyer,True
3528,2265,2272,Legal Reviewer,False
3529,2715,2273,Economic Buyer,True
3530,866,2274,Economic Buyer,True
3531,2849,2275,Technical Evaluator,False
3532,1801,2276,Executive Sponsor,True
3533,721,2276,Champion,True
3534,1294,2277,Executive Sponsor,True
3535,2430,2278,Executive Sponsor,True
3536,2386,2279,End User,False
3537,2534,2279,Economic Buyer,True
3538,2343,2280,Executive Sponsor,True
3539,403,2281,End User,False
3540,509,2281,Champion,True
3541,2424,2282,Technical Evaluator,False
3542,2791,2282,Economic Buyer,True
3543,788,2283,Economic Buyer,True
3544,1879,2283,Champion,True
3545,2941,2283,Executive Sponsor,True
3546,70,2284,Executive Sponsor,True
3547,949,2284,Technical Evaluator,False
3548,2494,2284,End User,False
3549,1616,2285,End User,False
3550,2515,2286,Coach,False
3551,2224,2286,End User,False
3552,25,2286,Legal Reviewer,False
3553,1531,2287,Executive Sponsor,True
3554,1629,2288,Technical Evaluator,False
3555,345,2289,Legal Reviewer,False
3556,2151,2290,Technical Evaluator,False
3557,105,2290,Champion,True
3558,1664,2290,End User,False
3559,2925,2291,Economic Buyer,True
3560,2049,2291,Coach,False
3561,1421,2291,Technical Evaluator,False
3562,1010,2292,Technical Evaluator,False
3563,1394,2293,Technical Evaluator,False
3564,626,2294,End User,False
3565,477,2295,Economic Buyer,True
3566,2993,180,Blocker,False
3567,1319,2297,Coach,False
3568,2421,2297,Executive Sponsor,True
3569,2939,2298,Technical Evaluator,False
3570,469,2298,Coach,False
3571,702,2299,End User,False
3572,848,2299,Economic Buyer,True
3573,1796,2299,Executive Sponsor,True
3574,2618,2300,Technical Evaluator,False
3575,2259,2300,Blocker,False
3576,618,2301,Economic Buyer,True
3577,1712,2302,End User,False
3578,1345,2303,Economic Buyer,True
3579,1736,2303,Technical Evaluator,False
3580,1816,2304,Champion,True
3581,2517,2305,Technical Evaluator,False
3582,63,2306,Blocker,False
3583,2487,2306,Coach,False
3584,39,2307,Technical Evaluator,False
3585,2537,2308,Blocker,False
3586,460,2308,Economic Buyer,True
3587,1960,2309,Executive Sponsor,True
3588,990,2310,Champion,True
3589,105,2311,Legal Reviewer,False
3590,2151,2311,Economic Buyer,True
3591,1606,2312,Champion,True
3592,1899,2313,Economic Buyer,True
3593,1578,2314,Champion,True
3594,210,2314,Coach,False
3595,1475,2315,Champion,True
3596,2453,2315,End User,False
3597,1853,2315,Technical Evaluator,False
3598,797,2315,Legal Reviewer,False
3599,1113,2316,Champion,True
3600,1790,2317,Champion,True
3601,1762,2317,Economic Buyer,True
3602,1280,2318,Technical Evaluator,False
3603,526,2319,Technical Evaluator,False
3604,629,2319,Economic Buyer,True
3605,1376,2319,Executive Sponsor,True
3606,2668,2319,Champion,True
3607,1116,2321,Technical Evaluator,False
3608,2024,2321,Economic Buyer,True
3609,2264,2321,Legal Reviewer,False
3610,2408,2322,Blocker,False
3611,2556,2322,End User,False
3612,1422,2322,Coach,False
3613,2671,2322,Technical Evaluator,False
3614,208,2323,Champion,True
3615,657,2325,Technical Evaluator,False
3616,604,2326,End User,False
3617,2817,2327,Coach,False
3618,268,895,Legal Reviewer,False
3619,1764,2330,End User,False
3620,2697,2331,Technical Evaluator,False
3621,2098,2333,Legal Reviewer,False
3622,601,2334,Champion,True
3623,2359,2335,Executive Sponsor,True
3624,651,2336,Technical Evaluator,False
3625,496,2337,End User,False
3626,2418,2337,Champion,True
3627,416,2338,Technical Evaluator,False
3628,1761,2339,Legal Reviewer,False
3629,919,2339,Coach,False
3630,719,2340,Blocker,False
3631,127,2341,Blocker,False
3632,1161,2341,Technical Evaluator,False
3633,654,2342,Technical Evaluator,False
3634,1126,2342,Executive Sponsor,True
3635,2370,2343,Legal Reviewer,False
3636,2552,2343,Blocker,False
3637,299,2344,End User,False
3638,1263,2344,Coach,False
3639,425,2344,Economic Buyer,True
3640,845,2344,Legal Reviewer,False
3641,629,2345,End User,False
3642,1194,823,Technical Evaluator,False
3643,2852,2347,Champion,True
3644,2007,2347,Technical Evaluator,False
3645,1459,2348,Technical Evaluator,False
3646,1472,2349,Executive Sponsor,True
3647,40,2349,Technical Evaluator,False
3648,1807,2350,Technical Evaluator,False
3649,1388,2350,Executive Sponsor,True
3650,2379,2350,Champion,True
3651,1116,2351,Champion,True
3652,1549,2352,Blocker,False
3653,1069,441,Executive Sponsor,True
3654,2462,407,Economic Buyer,True
3655,2581,2355,Executive Sponsor,True
3656,685,2355,Champion,True
3657,1803,2356,Champion,True
3658,1293,2357,Blocker,False
3659,53,2358,Executive Sponsor,True
3660,725,2358,End User,False
3661,2946,2359,Economic Buyer,True
3662,2773,2360,Technical Evaluator,False
3663,586,2360,Executive Sponsor,True
3664,2953,2361,End User,False
3665,1274,2361,Economic Buyer,True
3666,1282,2362,Economic Buyer,True
3667,705,2363,End User,False
3668,445,2364,Economic Buyer,True
3669,2616,2364,Technical Evaluator,False
3670,900,2365,Economic Buyer,True
3671,1590,2365,Technical Evaluator,False
3672,2251,2366,Executive Sponsor,True
3673,2281,2367,Champion,True
3674,2218,2367,End User,False
3675,2981,1756,Blocker,False
3676,744,2369,Champion,True
3677,2101,2370,Technical Evaluator,False
3678,2582,2370,Economic Buyer,True
3679,2363,2371,Legal Reviewer,False
3680,2716,2372,Economic Buyer,True
3681,983,2373,Executive Sponsor,True
3682,2111,2373,Economic Buyer,True
3683,410,2373,Technical Evaluator,False
3684,2182,2373,Champion,True
3685,1701,2374,Economic Buyer,True
3686,2933,2375,Executive Sponsor,True
3687,2057,2377,Technical Evaluator,False
3688,851,2377,Executive Sponsor,True
3689,920,2377,End User,False
3690,530,2378,Champion,True
3691,996,2378,Legal Reviewer,False
3692,956,2379,End User,False
3693,2864,2380,Technical Evaluator,False
3694,1559,2380,End User,False
3695,654,2381,Economic Buyer,True
3696,478,2382,Champion,True
3697,76,2382,Executive Sponsor,True
3698,1318,2382,End User,False
3699,401,2383,Technical Evaluator,False
3700,1072,2383,Blocker,False
3701,2426,2384,Executive Sponsor,True
3702,1094,2385,Executive Sponsor,True
3703,2124,2386,Economic Buyer,True
3704,779,2387,Blocker,False
3705,2446,2388,Technical Evaluator,False
3706,922,2388,End User,False
3707,2692,2389,Champion,True
3708,2208,2390,Economic Buyer,True
3709,1102,2391,Champion,True
3710,2611,2391,End User,False
3711,1452,2392,Executive Sponsor,True
3712,1412,2393,Economic Buyer,True
3713,1070,2394,Champion,True
3714,2463,2394,Economic Buyer,True
3715,2393,2395,End User,False
3716,534,2395,Coach,False
3717,1966,2395,Economic Buyer,True
3718,2025,2396,Technical Evaluator,False
3719,2374,2396,Champion,True
3720,2691,2396,Executive Sponsor,True
3721,2293,2397,Champion,True
3722,1594,2398,Economic Buyer,True
3723,1669,2398,Champion,True
3724,1447,2399,Technical Evaluator,False
3725,1369,2400,Economic Buyer,True
3726,2480,2401,Champion,True
3727,196,2401,Executive Sponsor,True
3728,1964,2402,Champion,True
3729,2649,2402,Executive Sponsor,True
3730,883,2403,Technical Evaluator,False
3731,2974,2403,Champion,True
3732,2550,2404,End User,False
3733,2029,2404,Champion,True
3734,46,2405,Champion,True
3735,1724,2406,Champion,True
3736,1532,2406,Economic Buyer,True
3737,1715,2407,Coach,False
3738,1468,2407,Blocker,False
3739,1896,2408,Champion,True
3740,1432,2409,Champion,True
3741,2854,2409,End User,False
3742,2807,2409,Economic Buyer,True
3743,1169,2410,Champion,True
3744,2859,2411,Executive Sponsor,True
3745,856,2412,Economic Buyer,True
3746,2121,2412,Blocker,False
3747,2139,2413,Champion,True
3748,1048,2414,Blocker,False
3749,1083,2414,End User,False
3750,1014,2414,Champion,True
3751,2989,2414,Economic Buyer,True
3752,654,2415,Technical Evaluator,False
3753,1180,2416,Economic Buyer,True
3754,1821,2416,Technical Evaluator,False
3755,501,2417,Legal Reviewer,False
3756,2405,2418,Champion,True
3757,2474,2419,Champion,True
3758,2304,2419,Coach,False
3759,1298,2419,Legal Reviewer,False
3760,2002,2420,Technical Evaluator,False
3761,2490,2420,Executive Sponsor,True
3762,1835,2421,Blocker,False
3763,1546,2421,Coach,False
3764,869,2421,Champion,True
3765,1389,2422,Champion,True
3766,685,2423,End User,False
3767,2581,2423,Coach,False
3768,1873,2424,Economic Buyer,True
3769,46,2426,Coach,False
3770,2690,2427,Technical Evaluator,False
3771,1835,2427,Champion,True
3772,869,2427,Blocker,False
3773,1490,2428,Champion,True
3774,216,2429,Economic Buyer,True
3775,886,2429,Technical Evaluator,False
3776,240,2430,Champion,True
3777,2703,2430,Technical Evaluator,False
3778,640,2430,Executive Sponsor,True
3779,2820,2431,Champion,True
3780,385,2431,End User,False
3781,792,2431,Legal Reviewer,False
3782,1474,2431,Economic Buyer,True
3783,2307,2432,Economic Buyer,True
3784,2603,2432,Champion,True
3785,880,2433,End User,False
3786,1917,2434,Executive Sponsor,True
3787,1726,2436,Economic Buyer,True
3788,254,2436,End User,False
3789,844,2437,Technical Evaluator,False
3790,2847,2437,Champion,True
3791,505,2438,Technical Evaluator,False
3792,397,2116,End User,False
3793,355,2116,Technical Evaluator,False
3794,686,2116,Economic Buyer,True
3795,580,2440,Champion,True
3796,2359,2441,End User,False
3797,2499,2442,Legal Reviewer,False
3798,1935,2443,Technical Evaluator,False
3799,2,2444,Legal Reviewer,False
3800,880,2444,Technical Evaluator,False
3801,557,2445,Technical Evaluator,False
3802,604,2446,Technical Evaluator,False
3803,1127,2447,Coach,False
3804,1375,2448,Economic Buyer,True
3805,341,2448,Technical Evaluator,False
3806,1062,2449,Technical Evaluator,False
3807,173,2450,Technical Evaluator,False
3808,2052,2451,Executive Sponsor,True
3809,1610,1326,Economic Buyer,True
3810,772,2453,Economic Buyer,True
3811,2164,2453,Technical Evaluator,False
3812,2206,2454,Champion,True
3813,111,2454,Blocker,False
3814,2245,2455,Champion,True
3815,118,2455,End User,False
3816,384,2455,Economic Buyer,True
3817,1863,2455,Legal Reviewer,False
3818,1096,2456,Champion,True
3819,1490,2457,Economic Buyer,True
3820,2560,2458,Executive Sponsor,True
3821,684,2459,Champion,True
3822,2299,2459,End User,False
3823,2280,2459,Technical Evaluator,False
3824,2811,2459,Economic Buyer,True
3825,2209,2460,Champion,True
3826,2052,2460,End User,False
3827,672,2462,Technical Evaluator,False
3828,1907,2462,Champion,True
3829,336,2463,Executive Sponsor,True
3830,1237,2463,Legal Reviewer,False
3831,2470,2464,Economic Buyer,True
3832,956,2464,Champion,True
3833,260,2465,Technical Evaluator,False
3834,1825,2465,Economic Buyer,True
3835,1329,2465,End User,False
3836,889,2466,Economic Buyer,True
3837,481,2467,Coach,False
3838,2872,2467,Executive Sponsor,True
3839,1298,2468,Economic Buyer,True
3840,2474,2468,Technical Evaluator,False
3841,2231,2468,Executive Sponsor,True
3842,1957,2469,Blocker,False
3843,1364,2470,Executive Sponsor,True
3844,1137,2471,Coach,False
3845,427,2471,Champion,True
3846,976,2471,Executive Sponsor,True
3847,1602,2472,Technical Evaluator,False
3848,2404,2473,Legal Reviewer,False
3849,1509,2474,Economic Buyer,True
3850,753,2474,Executive Sponsor,True
3851,2178,2475,Champion,True
3852,50,2475,Technical Evaluator,False
3853,2912,2476,Blocker,False
3854,2239,2477,Economic Buyer,True
3855,2051,2478,Coach,False
3856,1288,2479,Champion,True
3857,327,2480,End User,False
3858,1084,2482,Economic Buyer,True
3859,400,2482,Blocker,False
3860,2928,2483,End User,False
3861,1943,2483,Economic Buyer,True
3862,658,2483,Technical Evaluator,False
3863,62,2483,Champion,True
3864,59,2484,Technical Evaluator,False
3865,2395,2485,Technical Evaluator,False
3866,1193,2485,Legal Reviewer,False
3867,1657,2485,Champion,True
3868,2769,2485,Executive Sponsor,True
3869,1427,2486,Executive Sponsor,True
3870,2439,2487,Executive Sponsor,True
3871,1868,2487,Coach,False
3872,1894,2487,Champion,True
3873,1938,2488,Technical Evaluator,False
3874,2707,2488,Executive Sponsor,True
3875,115,2489,Legal Reviewer,False
3876,989,2490,Executive Sponsor,True
3877,1788,2491,Champion,True
3878,131,2492,Legal Reviewer,False
3879,2729,2492,Champion,True
3880,1070,2492,Executive Sponsor,True
3881,777,2493,Blocker,False
3882,1117,2493,Champion,True
3883,1644,2493,Executive Sponsor,True
3884,610,2494,Coach,False
3885,1676,2494,Technical Evaluator,False
3886,2777,2494,Legal Reviewer,False
3887,691,2494,Champion,True
3888,1374,2496,Champion,True
3889,1361,2496,End User,False
3890,1841,2497,Economic Buyer,True
3891,2445,1921,Technical Evaluator,False
3892,2850,2499,Champion,True
3893,2037,2499,Technical Evaluator,False
3894,2316,2500,Champion,True
3895,1808,2500,Economic Buyer,True
3896,2372,2500,Technical Evaluator,False
3897,867,2501,Technical Evaluator,False
3898,2123,2502,Blocker,False
3899,2725,2503,End User,False
3900,826,2504,Legal Reviewer,False
3901,50,2504,Coach,False
3902,544,2505,Technical Evaluator,False
3903,2068,2505,Economic Buyer,True
3904,1295,2506,Legal Reviewer,False
3905,1512,2506,Technical Evaluator,False
3906,882,2506,Champion,True
3907,1617,2507,End User,False
3908,1258,2507,Technical Evaluator,False
3909,144,2508,End User,False
3910,547,2508,Coach,False
3911,1206,2508,Champion,True
3912,434,2509,Economic Buyer,True
3913,2313,2509,Legal Reviewer,False
3914,1732,2509,Coach,False
3915,1599,2510,Champion,True
3916,1817,2511,Champion,True
3917,1303,2512,End User,False
3918,1043,2512,Legal Reviewer,False
3919,48,2513,Economic Buyer,True
3920,1758,2513,End User,False
3921,2831,2513,Champion,True
3922,1190,2513,Technical Evaluator,False
3923,158,2514,Economic Buyer,True
3924,437,2514,Technical Evaluator,False
3925,1478,2515,Executive Sponsor,True
3926,1891,2516,Economic Buyer,True
3927,152,2517,Technical Evaluator,False
3928,1614,2518,Technical Evaluator,False
3929,1860,2518,Legal Reviewer,False
3930,2737,2519,Technical Evaluator,False
3931,2587,2520,Blocker,False
3932,68,2520,Economic Buyer,True
3933,806,2521,Champion,True
3934,1237,2521,Economic Buyer,True
3935,371,2522,Coach,False
3936,365,2522,End User,False
3937,1098,2523,Technical Evaluator,False
3938,1973,2523,Blocker,False
3939,1677,2525,Technical Evaluator,False
3940,2411,2525,End User,False
3941,1390,2525,Champion,True
3942,190,2525,Coach,False
3943,1220,2526,End User,False
3944,1688,2527,Champion,True
3945,1915,2528,End User,False
3946,2021,2528,Legal Reviewer,False
3947,177,2530,End User,False
3948,2274,2531,Blocker,False
3949,2046,2531,Technical Evaluator,False
3950,909,2532,Executive Sponsor,True
3951,1612,2533,Champion,True
3952,2714,2534,Champion,True
3953,1439,2535,Blocker,False
3954,1844,2537,Technical Evaluator,False
3955,2580,2537,End User,False
3956,2678,2538,Technical Evaluator,False
3957,1519,2538,Economic Buyer,True
3958,861,2539,Legal Reviewer,False
3959,1803,2539,Technical Evaluator,False
3960,1814,2541,End User,False
3961,538,2541,Champion,True
3962,724,2541,Technical Evaluator,False
3963,1031,2542,Economic Buyer,True
3964,2931,2543,Technical Evaluator,False
3965,1333,2544,Technical Evaluator,False
3966,2804,2545,Legal Reviewer,False
3967,2813,2546,Champion,True
3968,1640,2547,End User,False
3969,1800,2547,Champion,True
3970,1375,2548,Champion,True
3971,1464,2549,Technical Evaluator,False
3972,1294,2550,End User,False
3973,2248,2550,Champion,True
3974,2906,2205,Blocker,False
3975,2526,2552,Executive Sponsor,True
3976,1732,2553,End User,False
3977,2313,2553,Champion,True
3978,1373,2554,Technical Evaluator,False
3979,2826,2554,Executive Sponsor,True
3980,2366,2555,End User,False
3981,2420,2555,Champion,True
3982,2819,2555,Executive Sponsor,True
3983,1629,2556,Blocker,False
3984,1068,2557,Executive Sponsor,True
3985,333,2558,Blocker,False
3986,904,2558,End User,False
3987,1470,2559,Executive Sponsor,True
3988,782,2559,Coach,False
3989,1376,2560,Champion,True
3990,2512,2561,Technical Evaluator,False
3991,1367,2562,Coach,False
3992,493,2563,Champion,True
3993,848,2564,Coach,False
3994,1796,2564,Economic Buyer,True
3995,702,2564,Champion,True
3996,1427,2565,Champion,True
3997,2692,2566,End User,False
3998,2402,2566,Executive Sponsor,True
3999,572,2567,Champion,True
4000,1364,2568,Champion,True
4001,2598,2569,Legal Reviewer,False
4002,637,2570,Economic Buyer,True
4003,2351,2570,Coach,False
4004,655,2570,End User,False
4005,2014,2571,Economic Buyer,True
4006,137,2572,Executive Sponsor,True
4007,1475,2573,Executive Sponsor,True
4008,1354,2574,Executive Sponsor,True
4009,569,2574,Champion,True
4010,523,2575,End User,False
4011,878,2575,Executive Sponsor,True
4012,387,2575,Blocker,False
4013,1628,2576,Champion,True
4014,810,2577,Champion,True
4015,1070,2578,Economic Buyer,True
4016,131,2578,Executive Sponsor,True
4017,1513,2579,Legal Reviewer,False
4018,1809,2579,Economic Buyer,True
4019,1484,2580,Champion,True
4020,2458,2581,Economic Buyer,True
4021,1127,2582,Coach,False
4022,876,2582,Economic Buyer,True
4023,2102,2583,Executive Sponsor,True
4024,1351,2583,Legal Reviewer,False
4025,2964,2584,Economic Buyer,True
4026,2883,2584,Technical Evaluator,False
4027,1395,2585,Technical Evaluator,False
4028,198,2585,Champion,True
4029,508,2586,Champion,True
4030,741,2586,Economic Buyer,True
4031,2456,2586,Coach,False
4032,158,2587,End User,False
4033,49,2588,Champion,True
4034,296,2588,End User,False
4035,21,2589,End User,False
4036,805,2589,Technical Evaluator,False
4037,2433,2590,Technical Evaluator,False
4038,905,2590,Champion,True
4039,47,2591,Technical Evaluator,False
4040,1454,2591,Legal Reviewer,False
4041,743,2591,Coach,False
4042,2401,2592,Technical Evaluator,False
4043,1629,2593,Coach,False
4044,553,2594,Champion,True
4045,1939,2595,End User,False
4046,881,2595,Blocker,False
4047,2314,2595,Champion,True
4048,1983,2596,End User,False
4049,302,2597,Executive Sponsor,True
4050,750,2597,Economic Buyer,True
4051,1579,2597,Technical Evaluator,False
4052,1132,2597,End User,False
4053,2330,2598,Executive Sponsor,True
4054,2467,2598,End User,False
4055,1668,2598,Economic Buyer,True
4056,1006,2598,Technical Evaluator,False
4057,2065,2599,Economic Buyer,True
4058,712,2600,Legal Reviewer,False
4059,645,2601,End User,False
4060,2067,2602,End User,False
4061,992,2603,Blocker,False
4062,956,2604,Champion,True
4063,2597,2604,Legal Reviewer,False
4064,1416,2604,End User,False
4065,2602,2605,Economic Buyer,True
4066,1745,2605,End User,False
4067,688,2605,Technical Evaluator,False
4068,1809,2606,Executive Sponsor,True
4069,1050,2607,Technical Evaluator,False
4070,543,2608,Technical Evaluator,False
4071,220,2608,Champion,True
4072,2991,1447,Legal Reviewer,False
4073,1007,1447,Technical Evaluator,False
4074,454,2610,Legal Reviewer,False
4075,729,2610,Blocker,False
4076,443,2612,Coach,False
4077,1553,2613,Technical Evaluator,False
4078,2425,2613,Champion,True
4079,804,2614,Economic Buyer,True
4080,10,2614,End User,False
4081,1986,2615,Executive Sponsor,True
4082,761,2616,Economic Buyer,True
4083,2568,2616,End User,False
4084,1548,2616,Technical Evaluator,False
4085,2029,2617,Technical Evaluator,False
4086,1031,2618,Champion,True
4087,171,2619,End User,False
4088,2287,2620,Technical Evaluator,False
4089,902,2621,Champion,True
4090,2234,2622,Champion,True
4091,1559,2623,Champion,True
4092,2167,2624,Executive Sponsor,True
4093,1713,2625,Blocker,False
4094,588,2625,Champion,True
4095,465,2626,Blocker,False
4096,1060,2626,Economic Buyer,True
4097,194,2626,End User,False
4098,745,910,Champion,True
4099,109,910,Legal Reviewer,False
4100,1859,910,End User,False
4101,2007,2628,Champion,True
4102,1115,2628,End User,False
4103,669,2629,End User,False
4104,1100,2630,Technical Evaluator,False
4105,590,2630,Executive Sponsor,True
4106,2017,2630,Economic Buyer,True
4107,1575,2631,Executive Sponsor,True
4108,2512,2631,Technical Evaluator,False
4109,638,2632,Champion,True
4110,1177,2240,End User,False
4111,23,2634,Technical Evaluator,False
4112,118,2635,Legal Reviewer,False
4113,1439,2636,Technical Evaluator,False
4114,2539,2637,Blocker,False
4115,2347,2638,Economic Buyer,True
4116,2249,2639,Legal Reviewer,False
4117,884,2640,End User,False
4118,2862,2641,Technical Evaluator,False
4119,1530,2642,Legal Reviewer,False
4120,142,2643,End User,False
4121,2712,2644,Champion,True
4122,1463,2645,Legal Reviewer,False
4123,2648,2645,Champion,True
4124,2126,2645,End User,False
4125,2205,2646,Technical Evaluator,False
4126,1598,2647,End User,False
4127,2439,2648,Technical Evaluator,False
4128,1894,2648,Coach,False
4129,1868,2648,Champion,True
4130,1352,2649,Champion,True
4131,2520,2649,Technical Evaluator,False
4132,2141,2650,Technical Evaluator,False
4133,2308,2651,Economic Buyer,True
4134,102,2651,Champion,True
4135,871,2653,Technical Evaluator,False
4136,2458,2655,Executive Sponsor,True
4137,2526,2656,End User,False
4138,1494,2657,Technical Evaluator,False
4139,2004,2658,Blocker,False
4140,603,2660,Economic Buyer,True
4141,2263,2662,End User,False
4142,1611,1859,Economic Buyer,True
4143,1537,1859,End User,False
4144,2043,2664,End User,False
4145,279,2665,Economic Buyer,True
4146,398,2665,Technical Evaluator,False
4147,2783,2666,End User,False
4148,936,2666,Champion,True
4149,84,2666,Economic Buyer,True
4150,2476,2667,Champion,True
4151,173,2668,Coach,False
4152,812,2669,Champion,True
4153,540,2670,Legal Reviewer,False
4154,1358,2671,Coach,False
4155,2942,2671,Economic Buyer,True
4156,2248,2672,Champion,True
4157,405,2673,Technical Evaluator,False
4158,2138,2674,Technical Evaluator,False
4159,124,2675,Champion,True
4160,1747,2675,Executive Sponsor,True
4161,275,2675,End User,False
4162,27,2676,Coach,False
4163,1794,2677,Blocker,False
4164,784,2678,Coach,False
4165,2177,2679,End User,False
4166,1351,2679,Blocker,False
4167,588,2680,Champion,True
4168,663,2680,Blocker,False
4169,1130,2681,Champion,True
4170,1165,2682,Economic Buyer,True
4171,478,2683,Coach,False
4172,1318,2683,Blocker,False
4173,412,2684,Executive Sponsor,True
4174,2347,2684,Economic Buyer,True
4175,956,2685,Economic Buyer,True
4176,1364,2686,Champion,True
4177,646,2687,End User,False
4178,1758,2199,Executive Sponsor,True
4179,679,2689,Technical Evaluator,False
4180,1145,2690,End User,False
4181,2038,2690,Technical Evaluator,False
4182,500,2691,Legal Reviewer,False
4183,2167,2692,Technical Evaluator,False
4184,1434,2692,Champion,True
4185,1375,2693,Economic Buyer,True
4186,904,2694,Champion,True
4187,213,2694,Economic Buyer,True
4188,728,2694,End User,False
4189,2867,2695,Coach,False
4190,2171,2695,Legal Reviewer,False
4191,957,2695,Economic Buyer,True
4192,2545,2696,Champion,True
4193,119,2697,Champion,True
4194,1293,2697,Legal Reviewer,False
4195,2355,2697,Technical Evaluator,False
4196,354,2698,Coach,False
4197,209,2699,Champion,True
4198,736,2700,Champion,True
4199,199,2700,Economic Buyer,True
4200,650,2701,Champion,True
4201,1531,2701,Technical Evaluator,False
4202,81,2702,Executive Sponsor,True
4203,1276,2702,Technical Evaluator,False
4204,1585,2702,End User,False
4205,33,2702,Champion,True
4206,2580,2703,End User,False
4207,351,2703,Champion,True
4208,1844,2703,Technical Evaluator,False
4209,628,2704,Executive Sponsor,True
4210,2150,2704,Coach,False
4211,67,2705,Executive Sponsor,True
4212,884,2706,Economic Buyer,True
4213,1708,2707,Technical Evaluator,False
4214,737,2708,End User,False
4215,2656,2709,Economic Buyer,True
4216,1335,2710,End User,False
4217,2708,2711,Champion,True
4218,173,2712,End User,False
4219,2716,2712,Legal Reviewer,False
4220,2592,2713,Champion,True
4221,210,2714,Technical Evaluator,False
4222,1574,2715,Economic Buyer,True
4223,2885,2715,Executive Sponsor,True
4224,355,2716,Economic Buyer,True
4225,2499,2717,Coach,False
4226,2204,2717,Economic Buyer,True
4227,384,2718,Economic Buyer,True
4228,1863,2718,Legal Reviewer,False
4229,2245,2718,Technical Evaluator,False
4230,2259,2719,Blocker,False
4231,2618,2719,Economic Buyer,True
4232,2346,2720,Technical Evaluator,False
4233,2360,2720,Executive Sponsor,True
4234,2154,2721,Technical Evaluator,False
4235,1127,2722,Blocker,False
4236,876,2722,Technical Evaluator,False
4237,1090,2723,Economic Buyer,True
4238,489,2723,Technical Evaluator,False
4239,1944,2724,Blocker,False
4240,1671,2724,End User,False
4241,2630,2724,Economic Buyer,True
4242,682,1470,Coach,False
4243,1977,2726,Executive Sponsor,True
4244,2256,2726,Economic Buyer,True
4245,1415,2726,Blocker,False
4246,1697,2726,Coach,False
4247,1618,2727,Technical Evaluator,False
4248,2634,2727,Executive Sponsor,True
4249,1011,2727,Champion,True
4250,1110,2727,End User,False
4251,2275,2728,Champion,True
4252,1606,2729,Legal Reviewer,False
4253,2578,2729,Executive Sponsor,True
4254,735,2730,Champion,True
4255,2848,2730,End User,False
4256,1369,2730,Economic Buyer,True
4257,2763,2731,Blocker,False
4258,2853,2731,End User,False
4259,2341,2732,Champion,True
4260,1060,2733,End User,False
4261,465,2733,Champion,True
4262,805,2734,End User,False
4263,21,2734,Champion,True
4264,787,2735,End User,False
4265,254,2736,Coach,False
4266,1726,2736,Champion,True
4267,2138,2737,Champion,True
4268,558,2738,Legal Reviewer,False
4269,2272,2738,Blocker,False
4270,1792,2739,Technical Evaluator,False
4271,2439,2740,Coach,False
4272,2218,2741,Champion,True
4273,2281,2741,Executive Sponsor,True
4274,625,1576,Coach,False
4275,2544,2743,Technical Evaluator,False
4276,2694,2743,Economic Buyer,True
4277,1533,2743,Champion,True
4278,1624,2744,Champion,True
4279,1648,2745,Technical Evaluator,False
4280,1834,2746,Coach,False
4281,2720,2746,Economic Buyer,True
4282,774,2747,Champion,True
4283,2888,2748,Coach,False
4284,216,2749,Champion,True
4285,2928,2751,Coach,False
4286,62,2751,Champion,True
4287,658,2751,Executive Sponsor,True
4288,1663,2752,End User,False
4289,756,2753,Economic Buyer,True
4290,1649,2753,End User,False
4291,388,2753,Champion,True
4292,2817,2754,Technical Evaluator,False
4293,1371,2755,Champion,True
4294,2384,2756,Executive Sponsor,True
4295,2775,2757,Blocker,False
4296,546,2758,Executive Sponsor,True
4297,767,2759,Economic Buyer,True
4298,1703,2760,Technical Evaluator,False
4299,2045,2559,Champion,True
4300,1837,2762,Blocker,False
4301,172,2763,Technical Evaluator,False
4302,480,2763,Champion,True
4303,646,2764,Coach,False
4304,2539,2764,Champion,True
4305,2857,2764,End User,False
4306,2417,2764,Economic Buyer,True
4307,1360,2765,Blocker,False
4308,8,899,Champion,True
4309,2190,899,Economic Buyer,True
4310,406,2767,Technical Evaluator,False
4311,1910,2767,Champion,True
4312,1660,2768,Coach,False
4313,656,2770,Technical Evaluator,False
4314,1219,2770,End User,False
4315,2318,2770,Champion,True
4316,53,2771,Champion,True
4317,725,2771,Legal Reviewer,False
4318,917,2772,Legal Reviewer,False
4319,459,2772,Champion,True
4320,650,2773,Champion,True
4321,211,2774,Technical Evaluator,False
4322,914,2775,Technical Evaluator,False
4323,761,2776,Economic Buyer,True
4324,2568,2776,Technical Evaluator,False
4325,1816,2777,Economic Buyer,True
4326,2902,2777,Champion,True
4327,2838,794,Technical Evaluator,False
4328,2572,2779,End User,False
4329,2779,2779,Champion,True
4330,1021,2780,Technical Evaluator,False
4331,2912,2781,Technical Evaluator,False
4332,1489,2782,Champion,True
4333,1908,2783,Technical Evaluator,False
4334,937,2783,End User,False
4335,577,2783,Champion,True
4336,2200,2784,Economic Buyer,True
4337,661,2785,Technical Evaluator,False
4338,2227,2786,End User,False
4339,1248,2786,Champion,True
4340,1646,2787,End User,False
4341,1136,2788,End User,False
4342,1244,2789,Champion,True
4343,2558,2790,Technical Evaluator,False
4344,2404,2790,Legal Reviewer,False
4345,1549,2791,End User,False
4346,599,2791,Blocker,False
4347,1809,2792,Technical Evaluator,False
4348,1117,2116,Legal Reviewer,False
4349,2075,2794,Legal Reviewer,False
4350,2149,2794,Coach,False
4351,2888,2795,Champion,True
4352,2803,2795,Economic Buyer,True
4353,504,2796,Coach,False
4354,2332,2796,Technical Evaluator,False
4355,887,2797,Champion,True
4356,2566,2797,End User,False
4357,687,2797,Economic Buyer,True
4358,533,2797,Legal Reviewer,False
4359,711,2798,Executive Sponsor,True
4360,2988,2798,End User,False
4361,1572,2798,Economic Buyer,True
4362,1449,2799,Coach,False
4363,2645,2800,Blocker,False
4364,1481,2800,Technical Evaluator,False
4365,2492,2800,End User,False
4366,2476,2801,Economic Buyer,True
4367,2613,2801,Technical Evaluator,False
4368,2526,2802,Coach,False
4369,845,2803,Blocker,False
4370,425,2803,Technical Evaluator,False
4371,1253,2804,End User,False
4372,2400,2804,Technical Evaluator,False
4373,2791,2805,Legal Reviewer,False
4374,248,2806,Coach,False
4375,2306,2807,Technical Evaluator,False
4376,1750,2807,Coach,False
4377,176,2808,Technical Evaluator,False
4378,23,2809,Economic Buyer,True
4379,2929,2810,End User,False
4380,292,2811,Technical Evaluator,False
4381,2617,2811,Executive Sponsor,True
4382,230,2812,Champion,True
4383,783,2813,Legal Reviewer,False
4384,2523,2813,Champion,True
4385,273,2814,Technical Evaluator,False
4386,1496,2815,Executive Sponsor,True
4387,2719,2815,Coach,False
4388,1692,2815,Champion,True
4389,334,2816,Champion,True
4390,2523,2816,Economic Buyer,True
4391,1333,2817,End User,False
4392,464,2818,Executive Sponsor,True
4393,2145,2818,Technical Evaluator,False
4394,875,2819,Economic Buyer,True
4395,730,2819,End User,False
4396,489,2820,Executive Sponsor,True
4397,1090,2820,Blocker,False
4398,1079,2821,Blocker,False
4399,601,2822,Economic Buyer,True
4400,2058,2823,Coach,False
4401,2260,2823,Economic Buyer,True
4402,2172,2823,End User,False
4403,1031,2823,Technical Evaluator,False
4404,1447,2825,Blocker,False
4405,358,2825,Champion,True
4406,1614,2826,Blocker,False
4407,2796,2826,Champion,True
4408,1161,2827,End User,False
4409,127,2827,Blocker,False
4410,697,2828,End User,False
4411,1361,2829,End User,False
4412,105,2830,End User,False
4413,1664,2830,Coach,False
4414,2151,2830,Technical Evaluator,False
4415,2292,2831,Technical Evaluator,False
4416,1983,2832,Blocker,False
4417,1295,2833,Economic Buyer,True
4418,32,2833,Technical Evaluator,False
4419,2071,2834,Champion,True
4420,2931,2835,Technical Evaluator,False
4421,1824,2836,Legal Reviewer,False
4422,1140,2836,Executive Sponsor,True
4423,172,2837,Technical Evaluator,False
4424,2542,2838,Economic Buyer,True
4425,692,2839,Coach,False
4426,1680,2840,Champion,True
4427,86,2840,End User,False
4428,2571,2840,Economic Buyer,True
4429,55,2840,Executive Sponsor,True
4430,2875,2841,End User,False
4431,1556,2842,Technical Evaluator,False
4432,1471,2842,Economic Buyer,True
4433,2168,2843,Technical Evaluator,False
4434,2317,2844,End User,False
4435,280,2844,Technical Evaluator,False
4436,851,2845,Economic Buyer,True
4437,2815,2846,Legal Reviewer,False
4438,178,2846,Blocker,False
4439,159,2846,Executive Sponsor,True
4440,1361,2847,Champion,True
4441,1374,2847,Coach,False
4442,2931,2849,End User,False
4443,612,2850,Champion,True
4444,1603,2851,Economic Buyer,True
4445,609,2851,Executive Sponsor,True
4446,707,2852,Economic Buyer,True
4447,1848,2853,Technical Evaluator,False
4448,2976,2853,Economic Buyer,True
4449,172,2854,Champion,True
4450,480,2854,Technical Evaluator,False
4451,1318,2855,Champion,True
4452,478,2855,Technical Evaluator,False
4453,76,2855,End User,False
4454,3000,2856,Economic Buyer,True
4455,2716,2857,Champion,True
4456,173,2857,Legal Reviewer,False
4457,455,2858,Champion,True
4458,93,2858,Technical Evaluator,False
4459,1274,2859,Legal Reviewer,False
4460,2953,2859,Technical Evaluator,False
4461,2332,2860,Technical Evaluator,False
4462,504,2860,Champion,True
4463,2810,2861,Champion,True
4464,2141,2862,Legal Reviewer,False
4465,633,2863,Technical Evaluator,False
4466,910,2863,Blocker,False
4467,2387,2864,End User,False
4468,31,2864,Technical Evaluator,False
4469,168,2864,Champion,True
4470,115,2865,Technical Evaluator,False
4471,2233,2866,Coach,False
4472,2150,2867,Blocker,False
4473,775,2868,End User,False
4474,2012,2869,Champion,True
4475,1240,2870,Technical Evaluator,False
4476,2469,2870,Economic Buyer,True
4477,2803,2871,Champion,True
4478,2611,2872,Champion,True
4479,1285,2872,Technical Evaluator,False
4480,2052,2873,Technical Evaluator,False
4481,2471,2873,Executive Sponsor,True
4482,2209,2873,Champion,True
4483,1470,2874,Executive Sponsor,True
4484,782,2874,Champion,True
4485,1334,2875,Economic Buyer,True
4486,1305,2876,Economic Buyer,True
4487,2804,2877,Economic Buyer,True
4488,2503,2878,Technical Evaluator,False
4489,2152,2878,Economic Buyer,True
4490,1518,2878,Executive Sponsor,True
4491,2287,2879,Technical Evaluator,False
4492,2536,2880,Technical Evaluator,False
4493,953,2880,Blocker,False
4494,1163,2881,Economic Buyer,True
4495,1178,2881,End User,False
4496,727,2881,Technical Evaluator,False
4497,1064,2882,Executive Sponsor,True
4498,2249,2882,Legal Reviewer,False
4499,286,2883,Economic Buyer,True
4500,1545,2883,Legal Reviewer,False
4501,2855,2884,Technical Evaluator,False
4502,2908,2885,Technical Evaluator,False
4503,2535,2885,End User,False
4504,1276,2886,End User,False
4505,33,2886,Technical Evaluator,False
4506,1585,2886,Champion,True
4507,81,2886,Coach,False
4508,1364,2887,Coach,False
4509,2382,2888,End User,False
4510,2396,2889,Technical Evaluator,False
4511,216,2889,Blocker,False
4512,2352,2889,End User,False
4513,2813,2890,Executive Sponsor,True
4514,2976,2891,Coach,False
4515,2692,2892,Executive Sponsor,True
4516,312,2893,Champion,True
4517,753,2893,Legal Reviewer,False
4518,579,2894,Blocker,False
4519,2766,2894,End User,False
4520,665,2895,Technical Evaluator,False
4521,1679,2895,Champion,True
4522,2954,2896,Executive Sponsor,True
4523,919,2897,Champion,True
4524,441,2897,Blocker,False
4525,1856,2898,Blocker,False
4526,2104,2899,End User,False
4527,598,2900,Economic Buyer,True
4528,2251,2901,Champion,True
4529,1772,2902,Coach,False
4530,2933,2903,Blocker,False
4531,783,2098,Economic Buyer,True
4532,334,2098,Technical Evaluator,False
4533,2523,2098,Champion,True
4534,819,2905,End User,False
4535,2683,2906,Technical Evaluator,False
4536,2793,2907,Technical Evaluator,False
4537,1925,2907,End User,False
4538,2917,2907,Executive Sponsor,True
4539,1395,2908,Legal Reviewer,False
4540,2137,2909,Champion,True
4541,251,2909,Blocker,False
4542,2117,2910,Executive Sponsor,True
4543,1736,2911,Economic Buyer,True
4544,481,2912,Technical Evaluator,False
4545,2872,2912,End User,False
4546,1020,2913,Coach,False
4547,1459,2913,Champion,True
4548,2466,2914,Blocker,False
4549,564,2914,End User,False
4550,425,2915,Blocker,False
4551,1479,2916,End User,False
4552,762,2916,Economic Buyer,True
4553,2406,2917,Economic Buyer,True
4554,1916,2917,Champion,True
4555,2355,2918,Coach,False
4556,119,2918,Economic Buyer,True
4557,1490,2919,Executive Sponsor,True
4558,143,2920,Economic Buyer,True
4559,1626,2920,Coach,False
4560,2995,2921,Technical Evaluator,False
4561,2348,2922,Champion,True
4562,2787,2922,Legal Reviewer,False
4563,2739,2922,Blocker,False
4564,575,2923,Technical Evaluator,False
4565,1401,2923,Champion,True
4566,2028,2923,Executive Sponsor,True
4567,331,2924,End User,False
4568,148,2924,Technical Evaluator,False
4569,623,2924,Legal Reviewer,False
4570,1580,2925,Economic Buyer,True
4571,1817,2926,Economic Buyer,True
4572,46,2927,Champion,True
4573,581,2928,Executive Sponsor,True
4574,2836,2929,End User,False
4575,2909,2930,End User,False
4576,1321,2833,Technical Evaluator,False
4577,1826,2932,Champion,True
4578,411,2933,Champion,True
4579,2923,2933,Executive Sponsor,True
4580,822,2933,Economic Buyer,True
4581,522,2934,Economic Buyer,True
4582,2238,2934,Technical Evaluator,False
4583,669,2935,Technical Evaluator,False
4584,1798,2936,Champion,True
4585,1621,2937,Champion,True
4586,2760,2937,Economic Buyer,True
4587,2767,2938,Economic Buyer,True
4588,2808,2939,Technical Evaluator,False
4589,2525,2939,Coach,False
4590,912,2939,Economic Buyer,True
4591,1324,2940,End User,False
4592,544,2941,Economic Buyer,True
4593,1220,2942,Blocker,False
4594,1574,2943,Economic Buyer,True
4595,1265,2944,Champion,True
4596,537,2944,End User,False
4597,2435,2944,Blocker,False
4598,96,2945,Blocker,False
4599,1914,2947,Technical Evaluator,False
4600,149,2948,Champion,True
4601,736,2949,Executive Sponsor,True
4602,199,2949,Economic Buyer,True
4603,2073,2949,Technical Evaluator,False
4604,2012,2950,Coach,False
4605,2805,2952,Champion,True
4606,1950,2953,Coach,False
4607,2770,2954,Blocker,False
4608,675,2955,Coach,False
4609,1381,2955,Champion,True
4610,2956,2956,Champion,True
4611,1580,2957,Champion,True
4612,675,2958,Champion,True
4613,2931,2959,Technical Evaluator,False
4614,70,2960,Legal Reviewer,False
4615,949,2960,Coach,False
4616,2494,2960,Technical Evaluator,False
4617,2534,2961,Economic Buyer,True
4618,2505,2962,Economic Buyer,True
4619,1047,2962,Technical Evaluator,False
4620,988,2963,End User,False
4621,722,2964,Blocker,False
4622,2004,2964,End User,False
4623,2681,2965,Technical Evaluator,False
4624,2646,2966,Champion,True
4625,2588,2967,Blocker,False
4626,2849,2967,Technical Evaluator,False
4627,1774,2967,Economic Buyer,True
4628,257,2968,Executive Sponsor,True
4629,787,2969,End User,False
4630,1918,2971,Coach,False
4631,2530,2971,Technical Evaluator,False
4632,1918,2972,Champion,True
4633,2084,2973,Economic Buyer,True
4634,365,2974,Champion,True
4635,2598,2974,Blocker,False
4636,371,2974,End User,False
4637,1952,2975,Technical Evaluator,False
4638,232,2975,Legal Reviewer,False
4639,1267,2976,Technical Evaluator,False
4640,46,2977,Champion,True
4641,530,2978,Economic Buyer,True
4642,996,2978,Technical Evaluator,False
4643,362,2980,Blocker,False
4644,2880,2980,Technical Evaluator,False
4645,104,2981,Legal Reviewer,False
4646,2806,2981,Technical Evaluator,False
4647,2529,2981,Executive Sponsor,True
4648,1413,2982,Champion,True
4649,1810,2983,Technical Evaluator,False
4650,2681,2983,Economic Buyer,True
4651,2416,2983,Champion,True
4652,205,2984,Technical Evaluator,False
4653,194,2984,Champion,True
4654,2021,2985,Blocker,False
4655,948,2392,Technical Evaluator,False
4656,1849,2392,Blocker,False
4657,2192,2392,Champion,True
4658,1504,1347,End User,False
4659,880,2988,Coach,False
4660,581,2989,Technical Evaluator,False
4661,1845,2990,Technical Evaluator,False
4662,803,2990,End User,False
4663,1295,2991,Technical Evaluator,False
4664,1512,2991,End User,False
4665,290,2992,Legal Reviewer,False
4666,2698,2993,Economic Buyer,True
4667,261,2994,Champion,True
4668,2781,2995,Executive Sponsor,True
4669,2261,2996,Economic Buyer,True
4670,2845,2997,Coach,False
4671,406,2997,Economic Buyer,True
4672,1910,2997,End User,False
4673,2049,2998,End User,False
4674,37,2998,Legal Reviewer,False
4675,2925,2998,Technical Evaluator,False
4676,138,2999,Technical Evaluator,False
4677,2736,2999,Blocker,False
4678,2997,2999,End User,False
4679,2065,3000,Economic Buyer,True
4680,621,3000,Coach,False
4681,2698,3000,Champion,True
4682,1431,3001,Executive Sponsor,True
4683,772,3002,End User,False
4684,854,3003,Technical Evaluator,False
4685,1187,3004,End User,False
4686,394,3004,Champion,True
4687,1819,3005,End User,False
4688,74,3005,Coach,False
4689,699,3006,Executive Sponsor,True
4690,2473,3007,Technical Evaluator,False
4691,1442,2246,Champion,True
4692,2051,3009,Technical Evaluator,False
4693,1995,3010,Champion,True
4694,486,3011,Technical Evaluator,False
4695,2293,3011,End User,False
4696,432,3011,Economic Buyer,True
4697,2747,3012,Legal Reviewer,False
4698,2980,3014,Champion,True
4699,2574,3014,Technical Evaluator,False
4700,2234,3015,Economic Buyer,True
4701,94,3016,Legal Reviewer,False
4702,2155,3016,Economic Buyer,True
4703,752,3016,Champion,True
4704,2134,3016,Technical Evaluator,False
4705,172,3017,Legal Reviewer,False
4706,480,3017,Technical Evaluator,False
4707,873,3018,End User,False
4708,63,3020,End User,False
4709,870,3021,Champion,True
4710,995,3021,Technical Evaluator,False
4711,1328,3021,Economic Buyer,True
4712,1300,3022,Technical Evaluator,False
4713,2670,3022,Champion,True
4714,170,3022,End User,False
4715,1480,3022,Coach,False
4716,889,3023,Technical Evaluator,False
4717,2747,3023,Champion,True
4718,2718,3024,Champion,True
4719,2839,3025,Champion,True
4720,1659,3025,Technical Evaluator,False
4721,2097,3025,Blocker,False
4722,2447,3026,Coach,False
4723,2504,3026,Champion,True
4724,1420,3026,Technical Evaluator,False
4725,2574,3027,Economic Buyer,True
4726,2980,3027,Technical Evaluator,False
4727,2891,3028,Technical Evaluator,False
4728,2138,3029,Blocker,False
4729,967,3029,Economic Buyer,True
4730,3,3030,Champion,True
4731,1820,3030,Executive Sponsor,True
4732,2450,3030,Economic Buyer,True
4733,717,3031,Champion,True
4734,44,3032,Coach,False
4735,2186,3032,Technical Evaluator,False
4736,1451,3032,Legal Reviewer,False
4737,1309,3033,Legal Reviewer,False
4738,1324,3033,Economic Buyer,True
4739,1692,3034,Executive Sponsor,True
4740,2719,3034,Technical Evaluator,False
4741,220,3035,Executive Sponsor,True
4742,2172,3036,End User,False
4743,1843,3037,Coach,False
4744,1151,3037,Technical Evaluator,False
4745,1447,3038,End User,False
4746,358,3038,Champion,True
4747,2176,3039,Technical Evaluator,False
4748,2219,3039,Coach,False
4749,2382,3040,Blocker,False
4750,1910,3041,Blocker,False
4751,1483,3042,Coach,False
4752,796,3043,Economic Buyer,True
4753,1491,3043,Champion,True
4754,300,3043,Coach,False
4755,2692,3044,End User,False
4756,2080,3045,Champion,True
4757,1702,3046,Technical Evaluator,False
4758,1901,3047,Economic Buyer,True
4759,2798,3047,Executive Sponsor,True
4760,1545,3048,Coach,False
4761,286,3048,Champion,True
4762,830,3049,Technical Evaluator,False
4763,588,3050,Executive Sponsor,True
4764,1351,3051,Legal Reviewer,False
4765,62,3052,End User,False
4766,60,3053,Legal Reviewer,False
4767,1552,3053,End User,False
4768,1046,3053,Champion,True
4769,1556,3054,Champion,True
4770,838,3055,Champion,True
4771,555,3056,Legal Reviewer,False
4772,2199,3057,Champion,True
4773,2621,3057,Legal Reviewer,False
4774,2694,3058,Blocker,False
4775,1055,3058,End User,False
4776,2449,3059,Executive Sponsor,True
4777,2652,2282,Blocker,False
4778,2159,2282,Champion,True
4779,2990,3061,Champion,True
4780,2949,3062,Champion,True
4781,1174,3062,Blocker,False
4782,1902,3062,End User,False
4783,455,3063,Blocker,False
4784,93,3063,Economic Buyer,True
4785,1076,3064,Executive Sponsor,True
4786,398,3064,Champion,True
4787,1318,3065,Technical Evaluator,False
4788,834,3066,Blocker,False
4789,1904,3067,Economic Buyer,True
4790,913,3067,Technical Evaluator,False
4791,1482,3067,Champion,True
4792,2323,3067,End User,False
4793,328,3068,Economic Buyer,True
4794,1852,3069,Legal Reviewer,False
4795,771,3070,Technical Evaluator,False
4796,1270,3071,Technical Evaluator,False
4797,2267,3072,Technical Evaluator,False
4798,1864,3072,Economic Buyer,True
4799,673,3072,End User,False
4800,1374,3073,Technical Evaluator,False
4801,364,3074,Technical Evaluator,False
4802,1686,3075,Champion,True
4803,2910,3076,Economic Buyer,True
4804,982,3076,Champion,True
4805,1630,3076,Executive Sponsor,True
4806,1004,3077,Economic Buyer,True
4807,2126,3078,Blocker,False
4808,2648,3078,Technical Evaluator,False
4809,1806,3079,Economic Buyer,True
4810,68,3079,Executive Sponsor,True
4811,1050,3080,Coach,False
4812,1010,3081,Coach,False
4813,386,3082,Economic Buyer,True
4814,1940,3082,Executive Sponsor,True
4815,1661,3083,Economic Buyer,True
4816,1060,3084,Champion,True
4817,246,3085,Economic Buyer,True
4818,2656,3085,End User,False
4819,1813,3086,Technical Evaluator,False
4820,2391,2286,Technical Evaluator,False
4821,582,2286,Champion,True
4822,1632,2286,Coach,False
4823,1079,3088,Executive Sponsor,True
4824,885,3089,Legal Reviewer,False
4825,518,3089,Coach,False
4826,218,3090,End User,False
4827,419,3091,Executive Sponsor,True
4828,1906,3092,Technical Evaluator,False
4829,2227,3093,Blocker,False
4830,1248,3093,Champion,True
4831,2799,3094,Legal Reviewer,False
4832,303,3094,Executive Sponsor,True
4833,1523,3094,End User,False
4834,1596,3094,Economic Buyer,True
4835,233,3095,End User,False
4836,1356,3095,Technical Evaluator,False
4837,935,3095,Economic Buyer,True
4838,2045,3096,Champion,True
4839,2228,3096,Executive Sponsor,True
4840,1125,3097,Executive Sponsor,True
4841,310,3097,Technical Evaluator,False
4842,1170,3098,Economic Buyer,True
4843,2002,3098,Technical Evaluator,False
4844,1125,3100,Coach,False
4845,2195,3101,Coach,False
4846,1665,3102,Technical Evaluator,False
4847,2880,3103,Blocker,False
4848,420,3104,Executive Sponsor,True
4849,1561,3104,Economic Buyer,True
4850,473,3105,End User,False
4851,891,3106,Executive Sponsor,True
4852,412,3107,Technical Evaluator,False
4853,2347,3107,End User,False
4854,564,3108,Technical Evaluator,False
4855,1414,3109,Economic Buyer,True
4856,2621,3110,End User,False
4857,2510,3111,Champion,True
4858,1429,3112,Executive Sponsor,True
4859,2059,3112,End User,False
4860,763,3112,Champion,True
4861,2056,3113,Economic Buyer,True
4862,202,3114,Legal Reviewer,False
4863,2460,3114,Technical Evaluator,False
4864,1700,3114,Blocker,False
4865,122,3115,Economic Buyer,True
4866,2573,3116,End User,False
4867,23,3117,Executive Sponsor,True
4868,1079,3118,Executive Sponsor,True
4869,825,486,Economic Buyer,True
4870,512,486,Technical Evaluator,False
4871,1502,3120,Champion,True
4872,1485,3121,Champion,True
4873,2570,3121,Coach,False
4874,2862,3122,Coach,False
4875,2833,3122,Legal Reviewer,False
4876,596,3122,Economic Buyer,True
4877,769,3123,Technical Evaluator,False
4878,2929,3123,Executive Sponsor,True
4879,1571,3123,Coach,False
4880,2244,3123,Champion,True
4881,2945,3124,Coach,False
4882,1003,3125,Coach,False
4883,2963,3126,End User,False
4884,2299,3127,Blocker,False
4885,2811,3127,Champion,True
4886,400,3128,Technical Evaluator,False
4887,1321,3129,Technical Evaluator,False
4888,1995,3130,Legal Reviewer,False
4889,2853,3131,Champion,True
4890,2763,3131,Technical Evaluator,False
4891,475,3132,Economic Buyer,True
4892,281,3132,Blocker,False
4893,2197,3133,Technical Evaluator,False
4894,253,3134,Legal Reviewer,False
4895,1209,3134,Technical Evaluator,False
4896,451,3134,Champion,True
4897,71,3135,Blocker,False
4898,2825,3135,Champion,True
4899,2258,3135,Legal Reviewer,False
4900,545,3136,Economic Buyer,True
4901,1082,3136,Technical Evaluator,False
4902,2148,3136,Champion,True
4903,1123,3137,Technical Evaluator,False
4904,929,3137,Champion,True
4905,2383,3138,Technical Evaluator,False
4906,1348,3138,Legal Reviewer,False
4907,922,3139,Blocker,False
4908,2446,3139,Coach,False
4909,576,3140,Technical Evaluator,False
4910,2911,3140,Legal Reviewer,False
4911,2488,3140,Coach,False
4912,344,3141,Economic Buyer,True
4913,971,3141,Champion,True
4914,2469,3141,End User,False
4915,1430,3142,End User,False
4916,2908,3143,Champion,True
4917,2692,3144,Technical Evaluator,False
4918,1655,3145,Technical Evaluator,False
4919,959,3146,Technical Evaluator,False
4920,420,3146,Legal Reviewer,False
4921,1854,3146,Champion,True
4922,471,3147,Executive Sponsor,True
4923,1453,3148,End User,False
4924,1974,3149,Technical Evaluator,False
4925,2475,3149,Champion,True
4926,1256,3149,Economic Buyer,True
4927,1852,3150,Legal Reviewer,False
4928,884,3151,Executive Sponsor,True
4929,1459,3152,End User,False
4930,2430,2378,Economic Buyer,True
4931,616,3154,End User,False
4932,2116,3154,Blocker,False
4933,2063,3154,Champion,True
4934,747,3154,Legal Reviewer,False
4935,1488,3155,End User,False
4936,2049,3156,Champion,True
4937,2947,3157,Champion,True
4938,2254,3158,Economic Buyer,True
4939,804,3159,Coach,False
4940,10,3159,Economic Buyer,True
4941,941,3159,Technical Evaluator,False
4942,921,3160,Champion,True
4943,2401,3160,Economic Buyer,True
4944,495,1883,Coach,False
4945,2724,3162,Legal Reviewer,False
4946,1713,3164,Economic Buyer,True
4947,242,3165,Blocker,False
4948,2105,3165,Economic Buyer,True
4949,1945,3166,Champion,True
4950,546,3167,Blocker,False
4951,1051,3167,Economic Buyer,True
4952,1038,3168,End User,False
4953,2746,3168,Technical Evaluator,False
4954,2437,3169,End User,False
4955,227,3169,Economic Buyer,True
4956,1405,3169,Coach,False
4957,2008,3169,Technical Evaluator,False
4958,1062,2257,Coach,False
4959,2037,2257,End User,False
4960,85,3171,Champion,True
4961,329,3171,Technical Evaluator,False
4962,2317,3172,Champion,True
4963,280,3172,Economic Buyer,True
4964,815,3174,Champion,True
4965,1939,3175,Champion,True
4966,680,3176,Champion,True
4967,8,3176,Technical Evaluator,False
4968,2190,3176,End User,False
4969,1515,3177,Technical Evaluator,False
4970,423,3177,Economic Buyer,True
4971,1265,3179,Technical Evaluator,False
4972,570,3179,Economic Buyer,True
4973,2256,3180,Legal Reviewer,False
4974,2016,3180,Technical Evaluator,False
4975,2930,3181,Champion,True
4976,7,3182,Champion,True
4977,808,3182,Legal Reviewer,False
4978,2460,3183,Technical Evaluator,False
4979,1795,3184,End User,False
4980,2458,3185,Technical Evaluator,False
4981,1323,3186,Coach,False
4982,1405,3187,Technical Evaluator,False
4983,435,3187,Champion,True
4984,1040,3188,End User,False
4985,2139,3188,Technical Evaluator,False
4986,2387,3190,Technical Evaluator,False
4987,2803,3191,Technical Evaluator,False
4988,2452,3192,Technical Evaluator,False
4989,380,3192,Economic Buyer,True
4990,2798,3193,Technical Evaluator,False
4991,1901,3193,Champion,True
4992,2437,3194,End User,False
4993,749,3195,Technical Evaluator,False
4994,2112,3196,Technical Evaluator,False
4995,1111,3196,End User,False
4996,2560,3197,Champion,True
4997,2421,3198,End User,False
4998,1665,3199,Technical Evaluator,False
4999,2420,3200,Blocker,False
5000,364,3201,Coach,False
5001,2383,3202,Economic Buyer,True
5002,1923,3203,Technical Evaluator,False
5003,1211,3203,Economic Buyer,True
5004,2023,3203,Legal Reviewer,False
5005,1410,3204,End User,False
5006,788,3205,Coach,False
5007,141,3206,Champion,True
5008,604,3207,End User,False
5009,2076,3208,Executive Sponsor,True
5010,2647,3208,Economic Buyer,True
5011,1517,3208,Champion,True
5012,19,3208,Technical Evaluator,False
5013,879,3209,Economic Buyer,True
5014,809,3210,Blocker,False
5015,914,3210,Economic Buyer,True
5016,217,3211,Coach,False
5017,2804,3212,End User,False
5018,155,3213,End User,False
5019,2948,3213,Economic Buyer,True
5020,147,3214,Coach,False
5021,1510,3215,Champion,True
5022,927,3215,End User,False
5023,2882,3215,Economic Buyer,True
5024,1633,3216,Technical Evaluator,False
5025,1835,3217,Coach,False
5026,2557,3218,Legal Reviewer,False
5027,2838,3219,Technical Evaluator,False
5028,1018,3220,Blocker,False
5029,2627,3221,Executive Sponsor,True
5030,152,3222,Blocker,False
5031,542,3223,End User,False
5032,2289,3225,Technical Evaluator,False
5033,2229,3225,Champion,True
5034,2011,3225,Legal Reviewer,False
5035,473,3226,Champion,True
5036,949,3227,Technical Evaluator,False
5037,241,3228,Economic Buyer,True
5038,2018,3228,End User,False
5039,378,3228,Legal Reviewer,False
5040,223,3229,Champion,True
5041,699,3229,Economic Buyer,True
5042,1430,3230,Technical Evaluator,False
5043,215,3231,Coach,False
5044,754,3232,Champion,True
5045,113,3234,Technical Evaluator,False
5046,2033,3234,Legal Reviewer,False
5047,548,3235,Technical Evaluator,False
5048,1562,3235,Executive Sponsor,True
5049,834,492,Legal Reviewer,False
5050,2395,3237,Champion,True
5051,2869,3237,Executive Sponsor,True
5052,1193,3237,Economic Buyer,True
5053,176,3238,Technical Evaluator,False
5054,2074,3239,Champion,True
5055,22,3240,Technical Evaluator,False
5056,894,3240,Champion,True
5057,327,3241,Legal Reviewer,False
5058,1426,3242,Executive Sponsor,True
5059,2894,3243,Champion,True
5060,1773,3244,End User,False
5061,2762,3244,Blocker,False
5062,1932,3245,End User,False
5063,1778,3245,Champion,True
5064,1494,3246,Legal Reviewer,False
5065,843,3247,Technical Evaluator,False
5066,203,3247,Economic Buyer,True
5067,2560,3248,Executive Sponsor,True
5068,737,3249,Coach,False
5069,1029,3250,Technical Evaluator,False
5070,1560,3250,End User,False
5071,645,3251,Champion,True
5072,2979,3252,Champion,True
5073,2813,3253,Champion,True
5074,1181,3254,Technical Evaluator,False
5075,2814,3255,Technical Evaluator,False
5076,68,3256,Executive Sponsor,True
5077,1806,3256,End User,False
5078,2587,3256,Champion,True
5079,2186,3257,End User,False
5080,44,3257,Blocker,False
5081,1451,3257,Executive Sponsor,True
5082,499,3258,Technical Evaluator,False
5083,2094,3259,Champion,True
5084,1483,3260,Technical Evaluator,False
5085,1411,3261,End User,False
5086,1798,3262,Executive Sponsor,True
5087,1874,3263,End User,False
5088,14,3265,Champion,True
5089,2151,382,Legal Reviewer,False
5090,105,382,Economic Buyer,True
5091,1664,382,Technical Evaluator,False
5092,204,3267,Economic Buyer,True
5093,2482,3267,Executive Sponsor,True
5094,1706,3268,Champion,True
5095,375,3268,Technical Evaluator,False
5096,1975,3269,Champion,True
5097,715,3270,Champion,True
5098,993,3270,End User,False
5099,190,3271,Coach,False
5100,860,3272,Champion,True
5101,110,3273,Executive Sponsor,True
5102,2513,3273,Coach,False
5103,421,3274,Blocker,False
5104,2565,3275,End User,False
5105,2137,3278,Blocker,False
5106,972,3279,Technical Evaluator,False
5107,1375,3280,Legal Reviewer,False
5108,1183,3281,End User,False
5109,144,3282,Technical Evaluator,False
5110,2465,3283,Legal Reviewer,False
5111,2190,3283,Champion,True
5112,2389,3284,Technical Evaluator,False
5113,2025,3285,Executive Sponsor,True
5114,265,3286,Technical Evaluator,False
5115,1386,3286,Champion,True
5116,139,3287,Technical Evaluator,False
5117,1493,3288,Executive Sponsor,True
5118,1920,3289,Coach,False
5119,113,3290,Champion,True
5120,2717,3291,Champion,True
5121,1033,3291,Executive Sponsor,True
5122,1491,3292,Technical Evaluator,False
5123,796,3292,Economic Buyer,True
5124,709,3293,Champion,True
5125,1167,3294,Technical Evaluator,False
5126,1516,3295,Blocker,False
5127,1757,3296,Champion,True
5128,1304,3296,Blocker,False
5129,2606,3297,Technical Evaluator,False
5130,1203,3297,Champion,True
5131,1333,3298,Economic Buyer,True
5132,1590,3299,End User,False
5133,2973,3300,Coach,False
5134,710,3300,Technical Evaluator,False
5135,2480,3301,End User,False
5136,1848,3302,End User,False
5137,1333,3303,Technical Evaluator,False
5138,1662,3304,Legal Reviewer,False
5139,1527,3305,Legal Reviewer,False
5140,2369,3306,End User,False
5141,708,3307,Coach,False
5142,1518,3308,Champion,True
5143,2503,3308,Technical Evaluator,False
5144,2152,3308,Legal Reviewer,False
5145,261,3309,Economic Buyer,True
5146,2310,3309,End User,False
5147,2954,3309,Champion,True
5148,1302,3310,Legal Reviewer,False
5149,2338,3310,Coach,False
5150,280,3311,Economic Buyer,True
5151,1387,3312,Technical Evaluator,False
5152,697,3313,Champion,True
5153,1359,3314,Executive Sponsor,True
5154,2672,3314,Technical Evaluator,False
5155,145,3315,Legal Reviewer,False
5156,2269,3316,Legal Reviewer,False
5157,489,3317,Technical Evaluator,False
5158,134,3318,Technical Evaluator,False
5159,1729,1823,Executive Sponsor,True
5160,454,3320,Champion,True
5161,2999,3321,Coach,False
5162,251,3322,Legal Reviewer,False
5163,2225,3323,Champion,True
5164,1051,3324,Economic Buyer,True
5165,1340,3325,End User,False
5166,2619,3325,Economic Buyer,True
5167,1520,3326,Economic Buyer,True
5168,2638,3327,Economic Buyer,True
5169,666,3328,Economic Buyer,True
5170,2483,3329,Technical Evaluator,False
5171,1029,3329,Champion,True
5172,784,3330,Champion,True
5173,67,3331,Technical Evaluator,False
5174,2101,3332,End User,False
5175,2582,3332,Blocker,False
5176,1581,3333,Technical Evaluator,False
5177,2349,3335,End User,False
5178,1270,3335,Coach,False
5179,175,3336,Executive Sponsor,True
5180,1432,3337,Economic Buyer,True
5181,2807,3337,Technical Evaluator,False
5182,1629,3338,Legal Reviewer,False
5183,206,3339,Champion,True
5184,1618,2929,Technical Evaluator,False
5185,1110,2929,Champion,True
5186,762,1197,Coach,False
5187,1479,1197,Blocker,False
5188,1972,3342,Champion,True
5189,741,3343,Blocker,False
5190,1714,3344,Champion,True
5191,139,3344,Executive Sponsor,True
5192,522,3345,Champion,True
5193,2238,3345,Economic Buyer,True
5194,719,3346,Economic Buyer,True
5195,2443,3346,Champion,True
5196,69,3346,Legal Reviewer,False
5197,333,3347,Champion,True
5198,904,3347,End User,False
5199,2866,3349,Technical Evaluator,False
5200,2444,3350,Champion,True
5201,2104,3350,Executive Sponsor,True
5202,934,3351,Champion,True
5203,1896,3351,Executive Sponsor,True
5204,1401,3352,Champion,True
5205,575,3352,Technical Evaluator,False
5206,1289,3352,Executive Sponsor,True
5207,1297,3353,Champion,True
5208,883,3354,Economic Buyer,True
5209,1243,3355,Champion,True
5210,2593,3356,Economic Buyer,True
5211,60,3357,End User,False
5212,2992,3358,End User,False
5213,2526,3359,Champion,True
5214,2675,3360,Executive Sponsor,True
5215,2363,3360,Champion,True
5216,141,3361,Coach,False
5217,685,3362,End User,False
5218,2581,3362,Legal Reviewer,False
5219,2389,3363,Champion,True
5220,667,3363,Executive Sponsor,True
5221,322,3364,Technical Evaluator,False
5222,1443,3365,Executive Sponsor,True
5223,233,3366,Legal Reviewer,False
5224,2947,3367,End User,False
5225,1625,3368,Executive Sponsor,True
5226,2177,3369,Economic Buyer,True
5227,1351,3369,Blocker,False
5228,989,3370,Technical Evaluator,False
5229,137,3370,Economic Buyer,True
5230,2983,3371,End User,False
5231,1201,3371,Champion,True
5232,1152,3372,Champion,True
5233,2751,3373,End User,False
5234,562,3374,Coach,False
5235,951,3375,Technical Evaluator,False
5236,467,3375,Legal Reviewer,False
5237,2846,3375,Blocker,False
5238,2617,3376,Executive Sponsor,True
5239,2015,3377,Coach,False
5240,736,3378,Champion,True
5241,1976,3379,Economic Buyer,True
5242,1195,3379,End User,False
5243,1902,3380,Technical Evaluator,False
5244,2341,3380,Economic Buyer,True
5245,2729,3381,Economic Buyer,True
5246,2463,3381,Champion,True
5247,797,3382,End User,False
5248,2251,3383,Champion,True
5249,1664,3384,Economic Buyer,True
5250,2151,3384,Blocker,False
5251,2633,3385,Legal Reviewer,False
5252,132,3386,Economic Buyer,True
5253,2769,3387,Champion,True
5254,1193,3387,Technical Evaluator,False
5255,1657,3387,End User,False
5256,463,3388,Champion,True
5257,1792,3388,Coach,False
5258,640,3389,Technical Evaluator,False
5259,240,3389,End User,False
5260,2147,3390,Legal Reviewer,False
5261,2970,3391,Champion,True
5262,1726,3392,Technical Evaluator,False
5263,1258,3393,Economic Buyer,True
5264,1617,3393,Blocker,False
5265,2107,3394,End User,False
5266,1662,3395,Executive Sponsor,True
5267,2854,3396,Champion,True
5268,2807,3396,Economic Buyer,True
5269,2855,3397,Blocker,False
5270,1333,3398,Economic Buyer,True
5271,1297,3399,Executive Sponsor,True
5272,1344,3400,Champion,True
5273,1865,3400,End User,False
5274,674,3400,Coach,False
5275,912,3401,Technical Evaluator,False
5276,2592,3402,Technical Evaluator,False
5277,1447,3403,Economic Buyer,True
5278,358,3403,Champion,True
5279,1151,3404,Technical Evaluator,False
5280,833,3404,Legal Reviewer,False
5281,1843,3404,Economic Buyer,True
5282,2498,3405,Legal Reviewer,False
5283,1914,3406,Technical Evaluator,False
5284,1489,3407,Technical Evaluator,False
5285,1562,3407,Champion,True
5286,548,3407,Economic Buyer,True
5287,1148,3408,Legal Reviewer,False
5288,1754,3409,Technical Evaluator,False
5289,852,3409,End User,False
5290,601,3410,Coach,False
5291,2487,3411,Champion,True
5292,63,3411,End User,False
5293,763,3412,Champion,True
5294,2160,3413,Technical Evaluator,False
5295,987,3413,Coach,False
5296,1305,3414,Champion,True
5297,2270,3414,Technical Evaluator,False
5298,2131,3414,End User,False
5299,699,3415,Economic Buyer,True
5300,1249,3415,Champion,True
5301,223,3415,End User,False
5302,1397,3415,Technical Evaluator,False
5303,2317,3416,Champion,True
5304,280,3416,Technical Evaluator,False
5305,801,3417,Technical Evaluator,False
5306,1488,3417,End User,False
5307,2194,3417,Coach,False
5308,1389,3418,Technical Evaluator,False
5309,695,3419,Legal Reviewer,False
5310,2276,3420,Champion,True
5311,268,3421,Technical Evaluator,False
5312,1664,3422,Technical Evaluator,False
5313,454,3423,End User,False
5314,2050,3424,Technical Evaluator,False
5315,2183,3424,Coach,False
5316,879,3424,Economic Buyer,True
5317,2173,3425,Technical Evaluator,False
5318,2537,3425,Economic Buyer,True
5319,460,3425,Champion,True
5320,459,3426,Technical Evaluator,False
5321,917,3426,Coach,False
5322,2490,3427,Champion,True
5323,1170,3427,Economic Buyer,True
5324,928,3428,Economic Buyer,True
5325,2964,3429,Technical Evaluator,False
5326,2883,3429,Champion,True
5327,832,3431,Executive Sponsor,True
5328,1708,3431,Blocker,False
5329,1589,3432,Blocker,False
5330,473,3433,Blocker,False
5331,1084,3434,Technical Evaluator,False
5332,627,1855,Executive Sponsor,True
5333,1655,1855,Technical Evaluator,False
5334,449,3436,Technical Evaluator,False
5335,1077,3437,Technical Evaluator,False
5336,447,3437,Champion,True
5337,2779,3438,End User,False
5338,1239,3438,Champion,True
5339,1508,3439,Technical Evaluator,False
5340,2142,3440,End User,False
5341,1530,3440,Economic Buyer,True
5342,2723,3440,Champion,True
5343,626,3442,Champion,True
5344,1246,3443,Champion,True
5345,2138,3444,Coach,False
5346,604,3445,Technical Evaluator,False
5347,1896,3446,Champion,True
5348,1670,3447,Blocker,False
5349,2105,3448,Blocker,False
5350,770,3448,Champion,True
5351,1441,3448,Executive Sponsor,True
5352,1036,3449,Legal Reviewer,False
5353,527,3449,Executive Sponsor,True
5354,2249,3450,Executive Sponsor,True
5355,1064,3450,Technical Evaluator,False
5356,2920,3451,Coach,False
5357,601,3451,Technical Evaluator,False
5358,627,3452,Technical Evaluator,False
5359,2673,3453,Executive Sponsor,True
5360,1777,3454,End User,False
5361,2261,3454,Champion,True
5362,736,3455,Executive Sponsor,True
5363,2073,3455,Economic Buyer,True
5364,199,3455,Champion,True
5365,2761,3456,End User,False
5366,94,3456,Executive Sponsor,True
5367,2704,3457,Legal Reviewer,False
5368,2494,3458,Blocker,False
5369,70,3458,Coach,False
5370,179,3459,Technical Evaluator,False
5371,2967,3459,Legal Reviewer,False
5372,642,3460,Technical Evaluator,False
5373,1490,3460,Economic Buyer,True
5374,1608,3460,Legal Reviewer,False
5375,2136,3461,Legal Reviewer,False
5376,2966,3461,Champion,True
5377,2297,3462,Champion,True
5378,2091,3462,Technical Evaluator,False
5379,1565,3463,Technical Evaluator,False
5380,176,3464,Coach,False
5381,57,3464,Champion,True
5382,1373,3465,Champion,True
5383,364,3466,Economic Buyer,True
5384,1308,3468,Blocker,False
5385,1946,3468,Coach,False
5386,1719,3468,Technical Evaluator,False
5387,892,3468,Economic Buyer,True
5388,1229,3469,Champion,True
5389,1670,3470,Champion,True
5390,1930,3470,Economic Buyer,True
5391,2177,3471,Champion,True
5392,2430,3472,Legal Reviewer,False
5393,708,3473,Coach,False
5394,1491,3475,Economic Buyer,True
5395,419,3476,Champion,True
5396,926,3477,Economic Buyer,True
5397,237,3477,End User,False
5398,2621,3478,Coach,False
5399,2199,3478,Economic Buyer,True
5400,2043,3479,Economic Buyer,True
5401,1949,3480,Technical Evaluator,False
5402,2817,3481,Economic Buyer,True
5403,668,3482,End User,False
5404,407,3482,Executive Sponsor,True
5405,106,3482,Legal Reviewer,False
5406,2392,3483,Technical Evaluator,False
5407,2613,3484,Champion,True
5408,1195,3485,Champion,True
5409,948,3486,Legal Reviewer,False
5410,636,3487,Blocker,False
5411,2071,3488,Technical Evaluator,False
5412,1799,3488,Economic Buyer,True
5413,1301,3489,Champion,True
5414,2479,3490,Champion,True
5415,1581,3490,Technical Evaluator,False
5416,1047,3492,Economic Buyer,True
5417,2505,3492,Technical Evaluator,False
5418,2282,3492,Champion,True
5419,2779,3493,Champion,True
5420,1239,3493,Legal Reviewer,False
5421,2572,3493,Technical Evaluator,False
5422,946,3494,Champion,True
5423,2882,3495,Champion,True
5424,498,3496,Executive Sponsor,True
5425,1979,3497,Champion,True
5426,2228,3498,Coach,False
5427,2045,3498,Champion,True
5428,2152,3499,Executive Sponsor,True
5429,36,3500,Blocker,False
5430,1891,3501,Technical Evaluator,False
5431,2836,3501,Economic Buyer,True
5432,1660,3502,Blocker,False
5433,2558,3502,Technical Evaluator,False
5434,2404,3502,Executive Sponsor,True
5435,258,3503,Coach,False
5436,1016,3503,Legal Reviewer,False
5437,2954,977,Champion,True
5438,261,977,Economic Buyer,True
5439,2310,977,Technical Evaluator,False
5440,140,3505,Technical Evaluator,False
5441,2821,3505,Champion,True
5442,346,3505,End User,False
5443,2787,3506,Coach,False
5444,1525,3507,Champion,True
5445,2391,3507,Coach,False
5446,582,3507,Executive Sponsor,True
5447,1704,3507,End User,False
5448,1532,3508,Technical Evaluator,False
5449,1598,3509,Economic Buyer,True
5450,593,3509,Technical Evaluator,False
5451,683,3510,Coach,False
5452,1886,3511,Technical Evaluator,False
5453,624,3511,Champion,True
5454,156,3511,End User,False
5455,706,3512,Legal Reviewer,False
5456,1557,3512,Economic Buyer,True
5457,2654,3512,Technical Evaluator,False
5458,1942,3513,Blocker,False
5459,338,3514,Champion,True
5460,1359,3515,Champion,True
5461,2672,3515,Legal Reviewer,False
5462,300,3516,Technical Evaluator,False
5463,1587,3516,Champion,True
5464,1491,3516,Blocker,False
5465,557,3516,Executive Sponsor,True
5466,829,3517,Coach,False
5467,1418,3517,Legal Reviewer,False
5468,414,3518,Champion,True
5469,2082,3518,Technical Evaluator,False
5470,49,3519,End User,False
5471,296,3519,Economic Buyer,True
5472,1831,3520,Legal Reviewer,False
5473,2728,3521,Coach,False
5474,2562,3521,Champion,True
5475,695,3521,Economic Buyer,True
5476,237,3522,Champion,True
5477,926,3522,Executive Sponsor,True
5478,1276,3523,Economic Buyer,True
5479,2888,3524,Coach,False
5480,1352,3525,End User,False
5481,2520,3525,Technical Evaluator,False
5482,2996,3526,Legal Reviewer,False
5483,762,3527,Blocker,False
5484,516,3528,Coach,False
5485,248,3528,Economic Buyer,True
5486,1600,3529,Economic Buyer,True
5487,2725,3530,End User,False
5488,1377,3530,Executive Sponsor,True
5489,233,3531,End User,False
5490,2000,3532,End User,False
5491,2834,3533,Technical Evaluator,False
5492,2406,3534,Economic Buyer,True
5493,1956,3534,Technical Evaluator,False
5494,572,3535,Economic Buyer,True
5495,2411,3536,Economic Buyer,True
5496,1677,3536,Blocker,False
5497,2797,3537,Executive Sponsor,True
5498,2335,3538,Technical Evaluator,False
5499,2818,3538,Blocker,False
5500,1477,3539,Coach,False
5501,2462,3539,Technical Evaluator,False
5502,660,3539,Champion,True
5503,2110,3540,Champion,True
5504,1417,3541,Economic Buyer,True
5505,2705,3542,Legal Reviewer,False
5506,225,3542,Technical Evaluator,False
5507,1918,3542,Executive Sponsor,True
5508,2530,3542,Champion,True
5509,800,3543,Technical Evaluator,False
5510,2724,3543,Executive Sponsor,True
5511,569,3544,Champion,True
5512,509,3545,Coach,False
5513,1178,3546,Technical Evaluator,False
5514,2306,3547,Legal Reviewer,False
5515,1750,3547,Blocker,False
5516,2847,3548,Champion,True
5517,844,3548,End User,False
5518,1053,3549,End User,False
5519,1297,3550,Champion,True
5520,2753,3551,End User,False
5521,464,3551,Blocker,False
5522,904,3552,Technical Evaluator,False
5523,326,3554,Technical Evaluator,False
5524,1371,3554,Champion,True
5525,613,3555,Coach,False
5526,643,3555,End User,False
5527,95,3555,Executive Sponsor,True
5528,856,3556,Blocker,False
5529,2438,3557,Blocker,False
5530,236,3557,Technical Evaluator,False
5531,2069,3558,Technical Evaluator,False
5532,864,3558,Executive Sponsor,True
5533,465,3558,Coach,False
5534,2818,3559,Technical Evaluator,False
5535,2335,3559,Coach,False
5536,285,3560,End User,False
5537,634,3560,Coach,False
5538,2915,3561,Technical Evaluator,False
5539,2612,3561,Economic Buyer,True
5540,550,3562,Coach,False
5541,2898,3563,Coach,False
5542,2365,3564,Technical Evaluator,False
5543,2442,3564,Champion,True
5544,2813,3565,Champion,True
5545,1944,3566,End User,False
5546,1647,3567,Executive Sponsor,True
5547,736,3568,End User,False
5548,959,3569,Coach,False
5549,1854,3569,Legal Reviewer,False
5550,2470,3570,Champion,True
5551,2597,3570,Technical Evaluator,False
5552,462,3571,Blocker,False
5553,2267,3572,Technical Evaluator,False
5554,673,3572,Blocker,False
5555,1864,3572,Economic Buyer,True
5556,2317,3573,Champion,True
5557,1590,3574,End User,False
5558,900,3574,Champion,True
5559,2160,3575,End User,False
5560,2158,3576,Coach,False
5561,179,3577,Champion,True
5562,2967,3577,Technical Evaluator,False
5563,1277,3578,Technical Evaluator,False
5564,116,3579,Technical Evaluator,False
5565,2502,3580,Technical Evaluator,False
5566,1924,3580,Champion,True
5567,1452,3581,Economic Buyer,True
5568,1452,3582,End User,False
5569,1210,3582,Champion,True
5570,1542,3583,Technical Evaluator,False
5571,533,3584,Technical Evaluator,False
5572,2894,3584,Champion,True
5573,2566,3584,Coach,False
5574,647,3585,End User,False
5575,207,3585,Technical Evaluator,False
5576,586,3586,Executive Sponsor,True
5577,1225,3587,End User,False
5578,1002,3587,Coach,False
5579,79,3588,Technical Evaluator,False
5580,2177,3589,Economic Buyer,True
5581,500,3590,End User,False
5582,1709,3591,Legal Reviewer,False
5583,1084,3591,Coach,False
5584,400,3591,Champion,True
5585,1104,3591,Technical Evaluator,False
5586,1276,3592,Technical Evaluator,False
5587,1325,3593,Technical Evaluator,False
5588,1068,3593,Champion,True
5589,1572,3594,End User,False
5590,2320,3595,End User,False
5591,1453,3596,Legal Reviewer,False
5592,288,3597,Economic Buyer,True
5593,2416,3598,Legal Reviewer,False
5594,2681,3598,Blocker,False
5595,1810,3598,Champion,True
5596,2265,3599,Economic Buyer,True
5597,2958,3599,Coach,False
5598,1095,3600,Technical Evaluator,False
5599,937,3600,Coach,False
5600,1908,3600,Champion,True
5601,2899,3600,Executive Sponsor,True
5602,1915,3601,Legal Reviewer,False
5603,2021,3601,End User,False
5604,1334,3602,Technical Evaluator,False
5605,835,3602,End User,False
5606,265,3603,Economic Buyer,True
5607,1386,3603,Technical Evaluator,False
5608,2984,3604,Blocker,False
5609,1403,3605,Coach,False
5610,2368,3606,Champion,True
5611,684,3607,Blocker,False
5612,2280,3607,Coach,False
5613,268,3608,Technical Evaluator,False
5614,1894,3609,End User,False
5615,1619,3610,End User,False
5616,1846,3610,Champion,True
5617,1317,3611,End User,False
5618,1717,3611,Champion,True
5619,644,3612,Technical Evaluator,False
5620,1408,3612,Economic Buyer,True
5621,912,3613,Champion,True
5622,2808,3613,Economic Buyer,True
5623,2525,3613,Technical Evaluator,False
5624,1449,3614,Coach,False
5625,1232,3614,Technical Evaluator,False
5626,2159,3615,Technical Evaluator,False
5627,2918,3616,Legal Reviewer,False
5628,2586,3617,Legal Reviewer,False
5629,61,3617,Economic Buyer,True
5630,358,3618,Technical Evaluator,False
5631,1447,3618,Champion,True
5632,2984,3619,End User,False
5633,1085,3620,Technical Evaluator,False
5634,2380,3621,End User,False
5635,1020,3621,Economic Buyer,True
5636,1459,3621,Technical Evaluator,False
5637,2502,3622,Champion,True
5638,244,3623,Technical Evaluator,False
5639,992,3624,Champion,True
5640,2294,3625,Economic Buyer,True
5641,279,3626,Champion,True
5642,1509,3627,Technical Evaluator,False
5643,312,3627,Blocker,False
5644,753,3627,Legal Reviewer,False
5645,2466,3628,End User,False
5646,564,3628,Economic Buyer,True
5647,379,3629,Champion,True
5648,93,3630,End User,False
5649,2051,3631,End User,False
5650,2295,3632,Economic Buyer,True
5651,1594,3632,Coach,False
5652,1669,3632,End User,False
5653,2097,3633,Coach,False
5654,1651,3634,Executive Sponsor,True
5655,55,3635,Legal Reviewer,False
5656,997,3636,Legal Reviewer,False
5657,615,3636,Economic Buyer,True
5658,2762,3205,Economic Buyer,True
5659,2884,3638,Champion,True
5660,1623,3638,Technical Evaluator,False
5661,1321,3639,Champion,True
5662,1055,3640,Champion,True
5663,2544,3640,Coach,False
5664,2694,3640,End User,False
5665,1533,3640,Technical Evaluator,False
5666,987,3641,Champion,True
5667,83,3642,Technical Evaluator,False
5668,591,3643,Executive Sponsor,True
5669,2947,3644,Executive Sponsor,True
5670,1840,3644,Coach,False
5671,446,3645,Champion,True
5672,506,3646,Legal Reviewer,False
5673,2850,3647,Executive Sponsor,True
5674,2037,3647,Coach,False
5675,1276,3648,Champion,True
5676,33,3648,Executive Sponsor,True
5677,455,3649,Technical Evaluator,False
5678,2291,3649,End User,False
5679,735,3650,Champion,True
5680,2706,3650,Economic Buyer,True
5681,2897,3046,Executive Sponsor,True
5682,245,3652,End User,False
5683,191,3653,Legal Reviewer,False
5684,1645,3655,Champion,True
5685,67,3656,Champion,True
5686,245,3657,Technical Evaluator,False
5687,736,3658,Coach,False
5688,199,3658,Technical Evaluator,False
5689,1077,3659,Legal Reviewer,False
5690,447,3659,Champion,True
5691,2751,3660,Champion,True
5692,1808,3661,Blocker,False
5693,1470,3662,Technical Evaluator,False
5694,782,3662,Economic Buyer,True
5695,1792,3663,Coach,False
5696,2147,3664,Executive Sponsor,True
5697,245,3665,Technical Evaluator,False
5698,785,3666,End User,False
5699,103,3666,Coach,False
5700,1571,3667,Legal Reviewer,False
5701,769,3667,Executive Sponsor,True
5702,2929,3667,Blocker,False
5703,2244,3667,Champion,True
5704,1020,3669,Coach,False
5705,176,3670,Legal Reviewer,False
5706,1526,3670,Coach,False
5707,1938,3671,Technical Evaluator,False
5708,2028,3672,Technical Evaluator,False
5709,2336,3673,Executive Sponsor,True
5710,2046,3674,Legal Reviewer,False
5711,2952,3675,Coach,False
5712,764,3676,Economic Buyer,True
5713,1443,3676,Champion,True
5714,2188,3677,End User,False
5715,2157,3677,Economic Buyer,True
5716,856,3678,End User,False
5717,2121,3678,Technical Evaluator,False
5718,79,3679,Economic Buyer,True
5719,675,3679,Technical Evaluator,False
5720,361,3681,Champion,True
5721,2118,3681,End User,False
5722,2909,3682,Coach,False
5723,129,3683,Champion,True
5724,1388,3683,Executive Sponsor,True
5725,1600,3683,Legal Reviewer,False
5726,1560,3684,Champion,True
5727,1029,3684,Economic Buyer,True
5728,1134,3684,End User,False
5729,1078,3685,Champion,True
5730,66,3685,Blocker,False
5731,2202,3686,Technical Evaluator,False
5732,1229,3687,Champion,True
5733,2557,3687,Executive Sponsor,True
5734,1022,3687,Technical Evaluator,False
5735,2589,3688,Champion,True
5736,2036,3689,Technical Evaluator,False
5737,2535,3689,Executive Sponsor,True
5738,726,3690,Technical Evaluator,False
5739,1112,3690,Blocker,False
5740,1317,3691,Legal Reviewer,False
5741,1717,3691,Executive Sponsor,True
5742,2701,3692,End User,False
5743,572,3693,Technical Evaluator,False
5744,2686,3694,Coach,False
5745,2258,3694,Economic Buyer,True
5746,71,3694,Technical Evaluator,False
5747,1743,3694,End User,False
5748,1334,3695,Champion,True
5749,1692,3696,Economic Buyer,True
5750,1496,3696,End User,False
5751,2719,3696,Champion,True
5752,2359,3697,Economic Buyer,True
5753,2463,3698,Champion,True
5754,1227,3699,End User,False
5755,2284,3699,Champion,True
5756,2708,3700,Executive Sponsor,True
5757,1732,3701,Legal Reviewer,False
5758,434,3701,Technical Evaluator,False
5759,139,3702,Coach,False
5760,1714,3702,Champion,True
5761,1611,3703,Champion,True
5762,253,3704,Technical Evaluator,False
5763,2015,3705,Legal Reviewer,False
5764,319,3706,Champion,True
5765,2856,3706,Legal Reviewer,False
5766,1953,3707,Champion,True
5767,2982,3708,Technical Evaluator,False
5768,1325,3709,Economic Buyer,True
5769,1068,3709,Coach,False
5770,2113,3710,Technical Evaluator,False
5771,509,3711,End User,False
5772,2615,3711,Champion,True
5773,2847,3712,End User,False
5774,844,3712,Legal Reviewer,False
5775,1642,3713,Champion,True
5776,1645,3714,Economic Buyer,True
5777,803,3715,Blocker,False
5778,2218,3716,Champion,True
5779,2281,3716,Technical Evaluator,False
5780,2640,3717,Economic Buyer,True
5781,1012,3718,Legal Reviewer,False
5782,514,3719,Economic Buyer,True
5783,1109,3719,Coach,False
5784,2019,3719,Executive Sponsor,True
5785,1358,3720,End User,False
5786,1634,3721,Champion,True
5787,700,3721,Coach,False
5788,185,3722,Champion,True
5789,1389,3723,End User,False
5790,1804,2910,End User,False
5791,2830,2910,Legal Reviewer,False
5792,2119,3725,Executive Sponsor,True
5793,1996,3725,Technical Evaluator,False
5794,1191,3725,Champion,True
5795,2670,3726,Coach,False
5796,1356,3727,End User,False
5797,935,3727,Technical Evaluator,False
5798,2825,3728,Blocker,False
5799,73,3729,Executive Sponsor,True
5800,323,3729,End User,False
5801,2622,3729,Champion,True
5802,1703,3729,Economic Buyer,True
5803,2438,2334,End User,False
5804,236,2334,Champion,True
5805,1118,3731,Economic Buyer,True
5806,2329,3731,Champion,True
5807,1476,3732,Economic Buyer,True
5808,948,3733,End User,False
5809,932,3733,Champion,True
5810,2192,3733,Legal Reviewer,False
5811,1161,3734,Champion,True
5812,2188,3735,End User,False
5813,292,3736,Technical Evaluator,False
5814,1262,3736,Champion,True
5815,147,3737,Champion,True
5816,417,3737,Executive Sponsor,True
5817,2662,3737,Coach,False
5818,1056,3737,Technical Evaluator,False
5819,482,3738,Technical Evaluator,False
5820,1836,3739,Champion,True
5821,2029,3740,End User,False
5822,831,3741,End User,False
5823,636,3742,Champion,True
5824,891,3743,Economic Buyer,True
5825,2589,3743,Legal Reviewer,False
5826,207,3744,Technical Evaluator,False
5827,392,3744,Champion,True
5828,647,3744,Blocker,False
5829,1307,3744,Coach,False
5830,2489,3745,Technical Evaluator,False
5831,2179,3745,Coach,False
5832,1418,3746,Technical Evaluator,False
5833,829,3746,Blocker,False
5834,1149,3747,Champion,True
5835,719,3748,Champion,True
5836,1007,3749,Champion,True
5837,1482,3750,Technical Evaluator,False
5838,1222,3750,Legal Reviewer,False
5839,1543,3751,Economic Buyer,True
5840,2206,3751,Legal Reviewer,False
5841,2514,3752,End User,False
5842,618,3752,Blocker,False
5843,404,3752,Economic Buyer,True
5844,971,3753,Technical Evaluator,False
5845,1240,3753,Economic Buyer,True
5846,321,3754,Executive Sponsor,True
5847,1017,3754,Champion,True
5848,2794,3755,Champion,True
5849,1010,3756,Technical Evaluator,False
5850,576,3757,Legal Reviewer,False
5851,2488,3757,Technical Evaluator,False
5852,991,3758,Economic Buyer,True
5853,1527,3758,Executive Sponsor,True
5854,628,1014,Technical Evaluator,False
5855,2150,1014,Champion,True
5856,2737,3761,Blocker,False
5857,1563,3440,Technical Evaluator,False
5858,997,3763,Economic Buyer,True
5859,1339,3764,End User,False
5860,2633,3765,Technical Evaluator,False
5861,1358,3765,Blocker,False
5862,440,3765,Executive Sponsor,True
5863,2942,3765,Legal Reviewer,False
5864,2996,3766,End User,False
5865,245,3767,Economic Buyer,True
5866,2439,3768,Technical Evaluator,False
5867,1868,3768,End User,False
5868,1444,3769,Champion,True
5869,2428,3770,Blocker,False
5870,2307,3770,Coach,False
5871,401,3771,Technical Evaluator,False
5872,1072,3771,Economic Buyer,True
5873,411,3772,Champion,True
5874,2923,3772,Technical Evaluator,False
5875,822,3772,End User,False
5876,2319,3772,Legal Reviewer,False
5877,2123,3773,Executive Sponsor,True
5878,2012,3774,Coach,False
5879,2329,3775,End User,False
5880,1118,3775,Executive Sponsor,True
5881,2913,3776,Executive Sponsor,True
5882,904,3777,Blocker,False
5883,728,3777,Technical Evaluator,False
5884,333,3777,Economic Buyer,True
5885,127,3778,Economic Buyer,True
5886,1161,3778,Executive Sponsor,True
5887,2653,3779,Technical Evaluator,False
5888,2827,3779,Champion,True
5889,2473,3781,Champion,True
5890,2525,3782,Technical Evaluator,False
5891,2168,3783,Champion,True
5892,777,3784,Technical Evaluator,False
5893,1644,3784,Champion,True
5894,1626,3785,Champion,True
5895,107,3785,Technical Evaluator,False
5896,1337,3785,Coach,False
5897,1646,3786,Technical Evaluator,False
5898,11,3787,Technical Evaluator,False
5899,2455,3787,End User,False
5900,1169,3788,Technical Evaluator,False
5901,2248,3789,Economic Buyer,True
5902,2874,3789,Champion,True
5903,2424,3790,Champion,True
5904,2791,3790,Executive Sponsor,True
5905,1636,3791,End User,False
5906,979,3791,Technical Evaluator,False
5907,1730,3792,Technical Evaluator,False
5908,2137,3793,Champion,True
5909,2250,3794,Technical Evaluator,False
5910,319,3795,Technical Evaluator,False
5911,2435,3796,Blocker,False
5912,1346,3797,Champion,True
5913,2303,3797,End User,False
5914,2864,3798,Champion,True
5915,1559,3798,Economic Buyer,True
5916,1486,3799,Champion,True
5917,901,3799,Coach,False
5918,6,3799,Executive Sponsor,True
5919,395,3800,Economic Buyer,True
5920,197,3800,End User,False
5921,1161,3801,Economic Buyer,True
5922,127,3801,Technical Evaluator,False
5923,2217,3802,End User,False
5924,2471,3803,Technical Evaluator,False
5925,2209,3803,End User,False
5926,1396,3804,Technical Evaluator,False
5927,228,3804,Legal Reviewer,False
5928,197,3805,Technical Evaluator,False
5929,395,3805,Economic Buyer,True
5930,324,3806,Legal Reviewer,False
5931,1817,3807,End User,False
5932,831,3807,Champion,True
5933,1316,3808,Executive Sponsor,True
5934,1907,3809,End User,False
5935,1427,3810,Coach,False
5936,477,3811,Champion,True
5937,2273,3812,Technical Evaluator,False
5938,2090,3812,Champion,True
5939,964,3813,Technical Evaluator,False
5940,2972,3814,Coach,False
5941,1069,3815,Executive Sponsor,True
5942,2585,3815,Coach,False
5943,2697,3815,Legal Reviewer,False
5944,2187,3815,Champion,True
5945,583,3816,Champion,True
5946,2584,3816,Legal Reviewer,False
5947,1856,3816,Coach,False
5948,170,3817,Champion,True
5949,1480,3817,Technical Evaluator,False
5950,969,3818,Blocker,False
5951,2594,3818,Legal Reviewer,False
5952,217,3819,Executive Sponsor,True
5953,1196,3820,Executive Sponsor,True
5954,936,3821,Blocker,False
5955,1934,3822,Technical Evaluator,False
5956,785,3822,Economic Buyer,True
5957,2568,3823,End User,False
5958,1548,3823,Technical Evaluator,False
5959,761,3823,Champion,True
5960,1389,1616,Coach,False
5961,542,3825,Executive Sponsor,True
5962,572,3825,Champion,True
5963,1272,3826,Executive Sponsor,True
5964,1801,3828,End User,False
5965,1166,3829,Champion,True
5966,1379,3829,Technical Evaluator,False
5967,2494,3830,Champion,True
5968,987,2783,End User,False
5969,2762,3832,Technical Evaluator,False
5970,547,3833,End User,False
5971,1206,3833,Blocker,False
5972,1296,3834,Technical Evaluator,False
5973,1982,3835,Champion,True
5974,1010,3836,Technical Evaluator,False
5975,1238,3837,Champion,True
5976,1208,3838,Blocker,False
5977,1224,3838,Technical Evaluator,False
5978,2689,3839,Champion,True
5979,1588,3839,End User,False
5980,696,3840,Executive Sponsor,True
5981,242,1667,Champion,True
5982,2105,1667,Economic Buyer,True
5983,770,1667,Technical Evaluator,False
5984,1441,1667,Blocker,False
5985,692,3842,Blocker,False
5986,208,3842,Champion,True
5987,311,3843,Economic Buyer,True
5988,2775,3843,Coach,False
5989,1533,3844,Champion,True
5990,599,3845,Coach,False
5991,1549,3845,Champion,True
5992,2378,3846,Champion,True
5993,1088,3847,Executive Sponsor,True
5994,2897,3847,Technical Evaluator,False
5995,1092,3848,Technical Evaluator,False
5996,2290,3849,Technical Evaluator,False
5997,841,3850,Economic Buyer,True
5998,690,3850,Executive Sponsor,True
5999,1635,3850,Legal Reviewer,False
6000,636,3851,Technical Evaluator,False
6001,1715,3852,Champion,True
6002,1468,3852,Coach,False
6003,2300,3852,Economic Buyer,True
6004,386,3853,Executive Sponsor,True
6005,2722,3853,Coach,False
6006,1940,3853,Champion,True
6007,2883,3854,Champion,True
6008,2964,3854,Coach,False
6009,2339,3855,Champion,True
6010,1961,3855,Blocker,False
6011,853,3855,Economic Buyer,True
6012,912,3856,Coach,False
6013,2808,3856,Technical Evaluator,False
6014,2525,3856,Blocker,False
6015,1228,3857,Champion,True
6016,1789,3857,Technical Evaluator,False
6017,2608,3858,End User,False
6018,2756,3858,Champion,True
6019,1380,3859,Executive Sponsor,True
6020,1448,3860,Champion,True
6021,1552,3861,End User,False
6022,1476,3862,Economic Buyer,True
6023,2926,3863,Economic Buyer,True
6024,2859,3863,Technical Evaluator,False
6025,616,3864,Coach,False
6026,747,3864,Champion,True
6027,2931,3866,Technical Evaluator,False
6028,919,3867,Coach,False
6029,1919,3867,Economic Buyer,True
6030,1712,3868,Technical Evaluator,False
6031,2094,3869,Coach,False
6032,252,3869,End User,False
6033,1113,3870,Technical Evaluator,False
6034,761,3871,Champion,True
6035,2360,3872,Coach,False
6036,2737,3873,Executive Sponsor,True
6037,2614,3874,Champion,True
6038,1901,3875,Technical Evaluator,False
6039,1658,3876,Blocker,False
6040,1072,3877,Economic Buyer,True
6041,127,3878,Champion,True
6042,1636,3879,Coach,False
6043,1157,3881,Legal Reviewer,False
6044,1880,3881,Executive Sponsor,True
6045,1990,3881,Technical Evaluator,False
6046,2793,3882,Champion,True
6047,1925,3882,End User,False
6048,1796,3883,Champion,True
6049,848,3883,Economic Buyer,True
6050,14,3884,Blocker,False
6051,1207,3884,Champion,True
6052,1974,3885,Technical Evaluator,False
6053,2177,3886,Technical Evaluator,False
6054,2984,3887,Coach,False
6055,1017,3887,Champion,True
6056,2242,3888,Legal Reviewer,False
6057,2095,3889,Technical Evaluator,False
6058,183,3890,Champion,True
6059,35,3890,Technical Evaluator,False
6060,258,3891,Technical Evaluator,False
6061,1016,3891,Coach,False
6062,2442,3892,Champion,True
6063,2365,3892,Coach,False
6064,2534,3893,Economic Buyer,True
6065,2552,3894,Economic Buyer,True
6066,2118,3895,End User,False
6067,2102,3896,Economic Buyer,True
6068,1351,3896,Champion,True
6069,2713,449,Champion,True
6070,2936,3898,Champion,True
6071,220,3898,End User,False
6072,933,3899,Economic Buyer,True
6073,160,3900,Blocker,False
6074,2876,3901,End User,False
6075,690,3902,Legal Reviewer,False
6076,195,3903,End User,False
6077,2217,3903,Economic Buyer,True
6078,264,3903,Technical Evaluator,False
6079,233,3904,Economic Buyer,True
6080,1356,3904,Executive Sponsor,True
6081,740,3905,Champion,True
6082,2827,3905,Economic Buyer,True
6083,889,3906,Legal Reviewer,False
6084,1458,3907,Technical Evaluator,False
6085,760,3907,Champion,True
6086,1407,3908,Executive Sponsor,True
6087,1702,3909,Economic Buyer,True
6088,437,3909,Champion,True
6089,158,3909,End User,False
6090,2972,3910,Legal Reviewer,False
6091,1252,3911,Economic Buyer,True
6092,2342,3911,Blocker,False
6093,603,3912,Economic Buyer,True
6094,750,3912,Coach,False
6095,1579,3912,Champion,True
6096,302,3912,End User,False
6097,1132,3912,Blocker,False
6098,171,3913,Champion,True
6099,813,3914,Champion,True
6100,966,3914,Coach,False
6101,1292,3915,Champion,True
6102,2089,3916,End User,False
6103,1391,3916,Economic Buyer,True
6104,443,3916,Champion,True
6105,844,3917,Economic Buyer,True
6106,2847,3917,Coach,False
6107,2817,3918,Champion,True
6108,1238,3919,Economic Buyer,True
6109,2611,3920,Technical Evaluator,False
6110,1285,3920,Economic Buyer,True
6111,2956,3921,Economic Buyer,True
6112,2835,3923,End User,False
6113,184,3923,Coach,False
6114,2315,3925,Technical Evaluator,False
6115,1996,3926,Legal Reviewer,False
6116,911,3927,Blocker,False
6117,139,3928,Coach,False
6118,2983,3929,End User,False
6119,1189,3930,Champion,True
6120,1979,3930,Blocker,False
6121,1900,3930,End User,False
6122,2152,3931,Executive Sponsor,True
6123,1518,3931,Economic Buyer,True
6124,2503,3931,End User,False
6125,313,3932,Economic Buyer,True
6126,2967,3933,Economic Buyer,True
6127,769,3934,Technical Evaluator,False
6128,404,3935,Champion,True
6129,1427,2184,End User,False
6130,1589,3937,Champion,True
6131,732,3938,End User,False
6132,2298,3938,Technical Evaluator,False
6133,134,3939,Technical Evaluator,False
6134,926,2865,Champion,True
6135,237,2865,Technical Evaluator,False
6136,2436,3941,Economic Buyer,True
6137,646,1595,Coach,False
6138,2049,3943,Legal Reviewer,False
6139,498,3943,End User,False
6140,2466,3944,End User,False
6141,564,3944,Executive Sponsor,True
6142,560,3945,Executive Sponsor,True
6143,288,3945,Economic Buyer,True
6144,2261,3946,Champion,True
6145,1777,3946,Economic Buyer,True
6146,2171,3947,Champion,True
6147,477,3948,Technical Evaluator,False
6148,2446,3949,Coach,False
6149,1524,3949,Executive Sponsor,True
6150,787,3950,Technical Evaluator,False
6151,676,3951,Executive Sponsor,True
6152,1169,3952,End User,False
6153,2327,3953,Economic Buyer,True
6154,1541,3954,Champion,True
6155,2929,3955,Economic Buyer,True
6156,1571,3955,Coach,False
6157,769,3955,End User,False
6158,916,3956,Blocker,False
6159,2879,3956,End User,False
6160,2931,3957,Technical Evaluator,False
6161,2679,3958,Economic Buyer,True
6162,457,3959,Blocker,False
6163,2876,3959,Technical Evaluator,False
6164,2743,3960,Champion,True
6165,2716,3961,Champion,True
6166,173,3961,Executive Sponsor,True
6167,489,3962,Technical Evaluator,False
6168,1090,3962,Champion,True
6169,2464,3963,End User,False
6170,2414,3963,Legal Reviewer,False
6171,2382,3964,Blocker,False
6172,636,3965,Champion,True
6173,454,3966,Economic Buyer,True
6174,2765,3967,End User,False
6175,1254,3967,Technical Evaluator,False
6176,2809,3967,Blocker,False
6177,652,3968,Coach,False
6178,2586,3969,Champion,True
6179,61,3969,Technical Evaluator,False
6180,2746,3970,End User,False
6181,447,3971,Technical Evaluator,False
6182,1077,3971,Champion,True
6183,2957,3972,Technical Evaluator,False
6184,430,3973,Economic Buyer,True
6185,185,3973,Technical Evaluator,False
6186,477,3544,Legal Reviewer,False
6187,2922,3975,Technical Evaluator,False
6188,960,3976,End User,False
6189,595,3977,Coach,False
6190,1606,3977,Technical Evaluator,False
6191,2372,3978,Champion,True
6192,416,3980,End User,False
6193,968,3981,Champion,True
6194,1500,3981,Blocker,False
6195,2410,3982,Blocker,False
6196,929,3983,Champion,True
6197,1221,3984,Legal Reviewer,False
6198,1183,3985,Economic Buyer,True
6199,648,3986,Champion,True
6200,1393,3987,Blocker,False
6201,1770,539,Economic Buyer,True
6202,2357,539,Technical Evaluator,False
6203,1284,3989,Technical Evaluator,False
6204,1414,3989,Blocker,False
6205,2915,3990,Coach,False
6206,44,3991,Economic Buyer,True
6207,2238,3992,Coach,False
6208,2971,3993,Economic Buyer,True
6209,472,3994,Economic Buyer,True
6210,2983,3996,End User,False
6211,1113,3997,Blocker,False
6212,992,3998,Technical Evaluator,False
6213,419,3999,Technical Evaluator,False
6214,2878,4000,Blocker,False
6215,461,4001,Coach,False
6216,325,4002,End User,False
6217,2364,4002,Champion,True
6218,2079,4002,Technical Evaluator,False
6219,854,4003,Champion,True
6220,531,4003,Technical Evaluator,False
6221,1177,4004,Legal Reviewer,False
6222,2620,4004,Economic Buyer,True
6223,1430,4005,Technical Evaluator,False
6224,2636,4006,Champion,True
6225,653,4006,End User,False
6226,1093,4006,Coach,False
6227,1645,4007,Technical Evaluator,False
6228,291,4008,Technical Evaluator,False
6229,347,4009,Technical Evaluator,False
6230,2973,4010,End User,False
6231,2045,4011,Executive Sponsor,True
6232,2228,4011,End User,False
6233,1296,4012,Technical Evaluator,False
6234,2105,4013,Technical Evaluator,False
6235,1838,4014,Legal Reviewer,False
6236,379,4014,End User,False
6237,1685,4015,Technical Evaluator,False
6238,1119,4015,Champion,True
6239,1313,2778,Economic Buyer,True
6240,1757,4017,Coach,False
6241,1427,4018,Economic Buyer,True
6242,635,4019,End User,False
6243,2154,4020,Champion,True
6244,1472,4021,Legal Reviewer,False
6245,2909,4022,Champion,True
6246,1730,4023,Technical Evaluator,False
6247,161,4024,End User,False
6248,94,4025,End User,False
6249,2155,4025,Economic Buyer,True
6250,2134,4025,Technical Evaluator,False
6251,1937,4026,Technical Evaluator,False
6252,63,4027,Champion,True
6253,1158,4028,End User,False
6254,1091,4028,Technical Evaluator,False
6255,1888,4029,End User,False
6256,405,4029,Technical Evaluator,False
6257,2371,4029,Coach,False
6258,2020,4029,Executive Sponsor,True
6259,1993,4030,Blocker,False
6260,389,4030,Technical Evaluator,False
6261,909,4030,Champion,True
6262,2169,4031,Blocker,False
6263,2779,4032,Champion,True
6264,1239,4032,Legal Reviewer,False
6265,1945,4033,Champion,True
6266,936,4034,Champion,True
6267,1389,4035,End User,False
6268,1061,4036,Economic Buyer,True
6269,2419,4037,Executive Sponsor,True
6270,330,4037,Champion,True
6271,2888,4038,Economic Buyer,True
6272,1925,4039,Champion,True
6273,2793,4039,Legal Reviewer,False
6274,2917,4039,Blocker,False
6275,958,4040,Champion,True
6276,1339,4040,Technical Evaluator,False
6277,1440,4040,Coach,False
6278,2360,4041,Economic Buyer,True
6279,1906,4041,End User,False
6280,1476,4042,Coach,False
6281,1788,4043,End User,False
6282,1320,4045,Technical Evaluator,False
6283,430,4046,End User,False
6284,2213,4046,Coach,False
6285,2195,4047,Champion,True
6286,589,4047,Legal Reviewer,False
6287,2622,4048,Economic Buyer,True
6288,1077,4049,Technical Evaluator,False
6289,447,4049,Champion,True
6290,2712,4050,Technical Evaluator,False
6291,1665,4051,Technical Evaluator,False
6292,463,4052,Coach,False
6293,2856,4053,Technical Evaluator,False
6294,974,4053,Executive Sponsor,True
6295,2399,4054,End User,False
6296,662,4054,Economic Buyer,True
6297,2207,4054,Technical Evaluator,False
6298,2646,4054,Champion,True
6299,183,4055,Executive Sponsor,True
6300,42,4056,Technical Evaluator,False
6301,2415,4057,Coach,False
6302,2982,4057,Champion,True
6303,163,4058,Economic Buyer,True
6304,1107,4058,Blocker,False
6305,2800,4059,Executive Sponsor,True
6306,591,4059,Blocker,False
6307,695,4060,Economic Buyer,True
6308,819,1353,Champion,True
6309,1997,4062,Economic Buyer,True
6310,2708,4063,Coach,False
6311,696,4063,Legal Reviewer,False
6312,516,4064,Champion,True
6313,2809,4065,Champion,True
6314,266,4066,Economic Buyer,True
6315,162,4066,Technical Evaluator,False
6316,132,4066,Coach,False
6317,967,4067,Coach,False
6318,2138,4067,Executive Sponsor,True
6319,2018,4068,Champion,True
6320,1512,4069,Champion,True
6321,1203,4070,Executive Sponsor,True
6322,2606,4070,End User,False
6323,2737,4071,End User,False
6324,1396,4072,Executive Sponsor,True
6325,228,4072,Blocker,False
6326,1382,4073,Technical Evaluator,False
6327,2540,4073,Blocker,False
6328,2603,4074,Champion,True
6329,174,4075,End User,False
6330,560,4076,Champion,True
6331,2962,4077,Technical Evaluator,False
6332,1852,4078,Champion,True
6333,2817,4079,Technical Evaluator,False
6334,1711,4080,Legal Reviewer,False
6335,1063,4081,End User,False
6336,30,4081,Economic Buyer,True
6337,1742,4082,Technical Evaluator,False
6338,2942,4083,Champion,True
6339,1358,4083,Blocker,False
6340,2633,4083,End User,False
6341,2493,4084,Technical Evaluator,False
6342,1282,4084,Champion,True
6343,1684,4085,End User,False
6344,282,4085,Economic Buyer,True
6345,1358,4086,Technical Evaluator,False
6346,2034,4086,Economic Buyer,True
6347,1625,4087,Blocker,False
6348,1707,4087,Technical Evaluator,False
6349,1684,4088,Champion,True
6350,282,4088,Coach,False
6351,2487,4089,Coach,False
6352,63,4089,Technical Evaluator,False
6353,1260,4090,End User,False
6354,2904,4090,Legal Reviewer,False
6355,2645,4091,End User,False
6356,2336,3884,Champion,True
6357,1769,3884,Executive Sponsor,True
6358,1071,3884,Technical Evaluator,False
6359,2605,4093,Technical Evaluator,False
6360,2242,4093,Legal Reviewer,False
6361,191,4094,Legal Reviewer,False
6362,677,4095,Legal Reviewer,False
6363,95,4096,Economic Buyer,True
6364,613,4096,Champion,True
6365,243,4096,End User,False
6366,609,4097,Executive Sponsor,True
6367,1603,4097,Economic Buyer,True
6368,2767,4098,Coach,False
6369,426,4098,Economic Buyer,True
6370,2247,4099,Champion,True
6371,2071,4099,Executive Sponsor,True
6372,449,4100,Coach,False
6373,1284,4101,Economic Buyer,True
6374,1414,4101,Champion,True
6375,1641,4102,End User,False
6376,1499,4103,End User,False
6377,2749,4103,Champion,True
6378,1245,4103,Executive Sponsor,True
6379,1107,4104,Technical Evaluator,False
6380,163,4104,Executive Sponsor,True
6381,518,4105,Technical Evaluator,False
6382,885,4105,Champion,True
6383,1577,4105,Economic Buyer,True
6384,962,4106,Executive Sponsor,True
6385,2126,4106,Technical Evaluator,False
6386,609,4107,Champion,True
6387,2239,4108,Coach,False
6388,2243,4108,End User,False
6389,2170,4108,Economic Buyer,True
6390,665,4109,End User,False
6391,2365,4110,Technical Evaluator,False
6392,2442,4110,Legal Reviewer,False
6393,2110,4111,Coach,False
6394,901,4112,End User,False
6395,525,4113,Coach,False
6396,1601,4113,Economic Buyer,True
6397,937,4114,Economic Buyer,True
6398,2786,4115,End User,False
6399,1836,4116,Champion,True
6400,2953,4117,Economic Buyer,True
6401,1730,4118,End User,False
6402,1912,4119,Champion,True
6403,202,4119,Legal Reviewer,False
6404,2460,4119,End User,False
6405,397,4120,Legal Reviewer,False
6406,2585,4122,Champion,True
6407,1742,4123,Coach,False
6408,2750,4124,Technical Evaluator,False
6409,1136,4124,Blocker,False
6410,238,4125,Champion,True
6411,911,4125,Executive Sponsor,True
6412,2985,4125,Coach,False
6413,1771,4125,Technical Evaluator,False
6414,479,4126,Blocker,False
6415,1031,4127,Executive Sponsor,True
6416,2058,4127,Technical Evaluator,False
6417,943,4128,Champion,True
6418,1931,4130,Champion,True
6419,2454,4130,Technical Evaluator,False
6420,1859,4130,Economic Buyer,True
6421,346,4131,Champion,True
6422,2821,4131,Executive Sponsor,True
6423,2449,4132,Champion,True
6424,257,4132,End User,False
6425,2903,4133,Economic Buyer,True
6426,1713,4134,Blocker,False
6427,588,4134,Technical Evaluator,False
6428,663,4134,Economic Buyer,True
6429,1032,4135,Technical Evaluator,False
6430,683,4135,Champion,True
6431,1400,4136,End User,False
6432,2510,4137,Technical Evaluator,False
6433,799,4137,Champion,True
6434,2876,4138,Legal Reviewer,False
6435,2234,4139,Champion,True
6436,1286,4140,Champion,True
6437,141,4140,Technical Evaluator,False
6438,428,4140,End User,False
6439,1789,4141,Technical Evaluator,False
6440,77,4141,Economic Buyer,True
6441,254,4142,Economic Buyer,True
6442,1369,4143,Champion,True
6443,2848,4143,End User,False
6444,81,4144,Executive Sponsor,True
6445,1276,4144,Champion,True
6446,2672,4145,End User,False
6447,1327,4146,Executive Sponsor,True
6448,2085,4146,Champion,True
6449,2481,4146,Technical Evaluator,False
6450,1938,4147,Executive Sponsor,True
6451,1072,4148,Coach,False
6452,401,4148,Economic Buyer,True
6453,2360,4150,End User,False
6454,2633,4151,End User,False
6455,2084,4152,Technical Evaluator,False
6456,1942,4153,Blocker,False
6457,1636,4154,End User,False
6458,2266,4155,Champion,True
6459,2021,4156,Economic Buyer,True
6460,1915,4156,Coach,False
6461,457,4157,Blocker,False
6462,2876,4157,Coach,False
6463,593,4158,End User,False
6464,2788,4158,Economic Buyer,True
6465,1598,4158,Champion,True
6466,2307,4159,Champion,True
6467,38,4160,Economic Buyer,True
6468,2400,4161,Champion,True
6469,2795,4162,Economic Buyer,True
6470,2423,4162,Technical Evaluator,False
6471,1501,4162,Champion,True
6472,65,4163,Executive Sponsor,True
6473,1708,4164,Economic Buyer,True
6474,832,4164,Technical Evaluator,False
6475,1182,4166,End User,False
6476,46,4167,Legal Reviewer,False
6477,2198,4168,Champion,True
6478,2641,4168,Executive Sponsor,True
6479,189,4169,Technical Evaluator,False
6480,1787,4169,Champion,True
6481,2591,4169,Economic Buyer,True
6482,864,4170,Coach,False
6483,2069,4170,Economic Buyer,True
6484,2336,4171,Economic Buyer,True
6485,360,4171,Champion,True
6486,2149,4172,End User,False
6487,2041,4173,Blocker,False
6488,1182,4175,Champion,True
6489,48,1360,Champion,True
6490,1190,1360,Executive Sponsor,True
6491,1402,4177,Champion,True
6492,2685,4178,Technical Evaluator,False
6493,1495,4179,Champion,True
6494,329,4180,Technical Evaluator,False
6495,799,4181,End User,False
6496,2510,4181,Blocker,False
6497,2852,4182,Technical Evaluator,False
6498,2007,4182,Coach,False
6499,1115,4182,Executive Sponsor,True
6500,1004,4184,Technical Evaluator,False
6501,1696,4184,Champion,True
6502,2426,4184,End User,False
6503,1181,4185,End User,False
6504,1927,4186,Champion,True
6505,2616,4187,Legal Reviewer,False
6506,29,4187,Technical Evaluator,False
6507,2797,4188,Technical Evaluator,False
6508,705,4188,Champion,True
6509,1247,4188,Economic Buyer,True
6510,587,4190,Economic Buyer,True
6511,1898,4191,End User,False
6512,1583,4191,Technical Evaluator,False
6513,1311,4191,Legal Reviewer,False
6514,421,4192,Technical Evaluator,False
6515,866,4193,Technical Evaluator,False
6516,1001,4193,End User,False
6517,1403,4194,Executive Sponsor,True
6518,955,4194,Champion,True
6519,1064,4195,Champion,True
6520,2681,4196,Technical Evaluator,False
6521,2617,4197,Coach,False
6522,1262,4197,End User,False
6523,2275,4198,Coach,False
6524,836,4198,Technical Evaluator,False
6525,92,4199,Blocker,False
6526,2966,4200,Technical Evaluator,False
6527,2136,4200,Legal Reviewer,False
6528,1426,4200,Champion,True
6529,2317,4202,Coach,False
6530,895,4203,Economic Buyer,True
6531,2711,4203,Technical Evaluator,False
6532,676,4204,Technical Evaluator,False
6533,2682,2179,End User,False
6534,2492,4206,Legal Reviewer,False
6535,2818,4207,Coach,False
6536,209,4208,Technical Evaluator,False
6537,949,4209,Technical Evaluator,False
6538,70,4209,Coach,False
6539,2855,4210,Executive Sponsor,True
6540,2312,4210,End User,False
6541,1183,4211,Technical Evaluator,False
6542,528,4212,Legal Reviewer,False
6543,66,4213,Champion,True
6544,1078,4213,End User,False
6545,2393,4214,Champion,True
6546,1966,4214,Executive Sponsor,True
6547,599,4215,Champion,True
6548,1549,4215,Blocker,False
6549,2916,4216,Blocker,False
6550,218,4216,Technical Evaluator,False
6551,1,4216,Economic Buyer,True
6552,648,4217,End User,False
6553,268,4218,Legal Reviewer,False
6554,953,4219,Champion,True
6555,1797,4219,Technical Evaluator,False
6556,1181,4220,Economic Buyer,True
6557,437,4221,Economic Buyer,True
6558,1933,2978,Blocker,False
6559,1277,2978,End User,False
6560,586,4223,Economic Buyer,True
6561,2773,4223,Champion,True
6562,2812,4223,Technical Evaluator,False
6563,494,4224,Executive Sponsor,True
6564,1093,4225,Coach,False
6565,2636,4225,Champion,True
6566,653,4225,Legal Reviewer,False
6567,797,4226,End User,False
6568,2168,4227,Economic Buyer,True
6569,160,4228,Technical Evaluator,False
6570,174,4228,Blocker,False
6571,1945,4229,End User,False
6572,2640,4230,End User,False
6573,1286,4231,Technical Evaluator,False
6574,2793,4232,Champion,True
6575,2102,4233,Blocker,False
6576,2177,4233,Economic Buyer,True
6577,1563,4234,Champion,True
6578,2448,4234,Blocker,False
6579,1435,4235,Executive Sponsor,True
6580,2202,4236,Economic Buyer,True
6581,1794,4237,Champion,True
6582,2249,4238,Executive Sponsor,True
6583,849,4239,Legal Reviewer,False
6584,1669,4240,Legal Reviewer,False
6585,205,4241,Technical Evaluator,False
6586,194,4241,End User,False
6587,864,4241,Economic Buyer,True
6588,2069,4241,Executive Sponsor,True
6589,1699,4242,Champion,True
6590,920,4242,Legal Reviewer,False
6591,1831,4243,Blocker,False
6592,1901,4244,Champion,True
6593,2798,4244,Economic Buyer,True
6594,2552,4245,End User,False
6595,2370,4245,Technical Evaluator,False
6596,2230,4246,Champion,True
6597,1919,4247,Executive Sponsor,True
6598,441,4247,End User,False
6599,2560,4248,End User,False
6600,1483,4249,Technical Evaluator,False
6601,1827,4250,Champion,True
6602,397,4251,Economic Buyer,True
6603,687,4252,Blocker,False
6604,2566,4252,Technical Evaluator,False
6605,239,4253,Technical Evaluator,False
6606,2828,4253,End User,False
6607,1235,4253,Champion,True
6608,2249,4254,Technical Evaluator,False
6609,1064,4254,Legal Reviewer,False
6610,204,4255,Technical Evaluator,False
6611,2482,4255,Champion,True
6612,2793,4256,Champion,True
6613,1786,4257,Technical Evaluator,False
6614,704,4258,End User,False
6615,1338,4258,Economic Buyer,True
6616,1063,4259,Technical Evaluator,False
6617,2250,4259,Coach,False
6618,166,4260,Legal Reviewer,False
6619,1283,4260,Blocker,False
6620,293,4260,Technical Evaluator,False
6621,1165,4261,Technical Evaluator,False
6622,574,4262,End User,False
6623,2977,4263,Champion,True
6624,1639,4264,Blocker,False
6625,2346,4265,Executive Sponsor,True
6626,1935,4266,End User,False
6627,799,4267,Executive Sponsor,True
6628,2510,4267,End User,False
6629,1279,4268,Technical Evaluator,False
6630,1493,4268,Champion,True
6631,2640,4269,Champion,True
6632,1694,4270,Technical Evaluator,False
6633,1895,4271,Technical Evaluator,False
6634,736,4272,Blocker,False
6635,2073,4272,Economic Buyer,True
6636,1178,4273,Champion,True
6637,2593,4274,End User,False
6638,874,4274,Technical Evaluator,False
6639,2900,4275,Legal Reviewer,False
6640,855,4275,End User,False
6641,1570,4276,End User,False
6642,2540,4276,Champion,True
6643,2694,4277,Economic Buyer,True
6644,2544,4277,Champion,True
6645,2251,4278,Coach,False
6646,630,4279,Coach,False
6647,1630,4280,Economic Buyer,True
6648,982,4280,Champion,True
6649,576,4282,Blocker,False
6650,2911,4282,End User,False
6651,1380,4283,Coach,False
6652,1836,4284,Technical Evaluator,False
6653,96,4172,Executive Sponsor,True
6654,1297,4172,Economic Buyer,True
6655,2314,4286,End User,False
6656,1947,4286,Coach,False
6657,90,4286,Champion,True
6658,562,4286,Blocker,False
6659,862,4287,Economic Buyer,True
6660,1785,4287,End User,False
6661,486,4288,Technical Evaluator,False
6662,2293,4288,Champion,True
6663,940,4289,Champion,True
6664,249,4289,Blocker,False
6665,755,4290,Champion,True
6666,1321,4291,Coach,False
6667,1027,4291,Economic Buyer,True
6668,1508,4292,Champion,True
6669,1624,4293,End User,False
6670,659,4293,Blocker,False
6671,2261,4294,Coach,False
6672,1777,4294,Economic Buyer,True
6673,665,4295,Champion,True
6674,2022,4296,Economic Buyer,True
6675,1889,4296,Champion,True
6676,2522,4296,Technical Evaluator,False
6677,718,4297,Technical Evaluator,False
6678,2701,4298,Economic Buyer,True
6679,2536,4299,End User,False
6680,2060,4300,Economic Buyer,True
6681,1690,4300,Executive Sponsor,True
6682,1430,4301,Legal Reviewer,False
6683,2635,4302,End User,False
6684,125,4303,Blocker,False
6685,678,4304,Technical Evaluator,False
6686,1541,4305,Champion,True
6687,2764,4306,Technical Evaluator,False
6688,2235,4307,End User,False
6689,2879,4308,Technical Evaluator,False
6690,1275,4308,Economic Buyer,True
6691,1085,4308,Champion,True
6692,916,4308,Coach,False
6693,2922,4309,Executive Sponsor,True
6694,2856,4310,Economic Buyer,True
6695,319,4310,End User,False
6696,974,4310,Legal Reviewer,False
6697,411,4311,Champion,True
6698,2319,4311,End User,False
6699,2923,4311,Blocker,False
6700,838,4312,Technical Evaluator,False
6701,1737,4313,Blocker,False
6702,990,4313,Economic Buyer,True
6703,393,4314,Technical Evaluator,False
6704,2841,4314,Legal Reviewer,False
6705,1099,4314,Economic Buyer,True
6706,2534,4315,Technical Evaluator,False
6707,552,4316,Technical Evaluator,False
6708,724,4316,Executive Sponsor,True
6709,2669,4316,Champion,True
6710,1924,4317,Champion,True
6711,2502,4317,End User,False
6712,861,4318,Coach,False
6713,1803,4318,End User,False
6714,528,4319,Champion,True
6715,860,4319,Economic Buyer,True
6716,473,4320,Legal Reviewer,False
6717,2661,4322,Legal Reviewer,False
6718,1849,4323,Champion,True
6719,67,4325,Blocker,False
6720,2342,4327,Technical Evaluator,False
6721,1252,4327,Executive Sponsor,True
6722,1529,4327,Economic Buyer,True
6723,2342,4328,Coach,False
6724,2032,4328,Legal Reviewer,False
6725,1476,4329,Legal Reviewer,False
6726,1219,3692,Technical Evaluator,False
6727,656,3692,Champion,True
6728,2318,3692,End User,False
6729,289,3692,Coach,False
6730,751,4331,Executive Sponsor,True
6731,795,4331,Champion,True
6732,2675,4332,Champion,True
6733,675,4333,Economic Buyer,True
6734,1381,4333,End User,False
6735,807,4334,Economic Buyer,True
6736,324,4334,Champion,True
6737,2631,4335,End User,False
6738,264,4337,Economic Buyer,True
6739,195,4337,Champion,True
6740,794,4337,Executive Sponsor,True
6741,2217,4337,Technical Evaluator,False
6742,2299,4338,Economic Buyer,True
6743,273,4339,Executive Sponsor,True
6744,1111,4340,Economic Buyer,True
6745,2676,4341,Blocker,False
6746,1736,4342,Champion,True
6747,1806,4343,Champion,True
6748,68,4343,Economic Buyer,True
6749,432,4344,End User,False
6750,2293,4344,Technical Evaluator,False
6751,934,4345,Executive Sponsor,True
6752,1896,4345,Blocker,False
6753,2629,4346,Technical Evaluator,False
6754,1168,4347,Technical Evaluator,False
6755,439,4347,Champion,True
6756,2329,4348,Coach,False
6757,1118,4348,Blocker,False
6758,390,4349,Economic Buyer,True
6759,342,4349,End User,False
6760,2294,4349,Executive Sponsor,True
6761,1219,4350,Economic Buyer,True
6762,1181,4351,Champion,True
6763,2003,3015,Champion,True
6764,212,4353,Champion,True
6765,2379,4353,Executive Sponsor,True
6766,1388,4353,Legal Reviewer,False
6767,2663,4353,End User,False
6768,419,4354,Technical Evaluator,False
6769,2264,4355,Blocker,False
6770,2024,4355,Executive Sponsor,True
6771,1221,4356,Legal Reviewer,False
6772,399,4356,Champion,True
6773,2837,4356,Technical Evaluator,False
6774,2050,2267,Champion,True
6775,879,2267,End User,False
6776,2183,2267,Technical Evaluator,False
6777,2694,4358,Executive Sponsor,True
6778,2702,4359,Technical Evaluator,False
6779,2895,4359,Coach,False
6780,2678,4360,End User,False
6781,1519,4360,Technical Evaluator,False
6782,59,4360,Coach,False
6783,177,4361,Champion,True
6784,1812,4362,Champion,True
6785,989,4362,Economic Buyer,True
6786,137,4362,Technical Evaluator,False
6787,2586,4363,Champion,True
6788,1848,4364,End User,False
6789,2976,4364,Coach,False
6790,2029,4365,Economic Buyer,True
6791,2550,4365,Champion,True
6792,1370,4366,Champion,True
6793,448,4367,Technical Evaluator,False
6794,1365,4367,End User,False
6795,281,376,Champion,True
6796,2606,4369,Champion,True
6797,1203,4369,Technical Evaluator,False
6798,1122,4370,Champion,True
6799,893,4370,Economic Buyer,True
6800,762,4371,Champion,True
6801,323,4373,Champion,True
6802,2622,4373,Legal Reviewer,False
6803,82,4374,Economic Buyer,True
6804,1064,4375,Legal Reviewer,False
6805,2054,4376,Technical Evaluator,False
6806,1569,4376,Champion,True
6807,2352,3311,Blocker,False
6808,886,3311,Technical Evaluator,False
6809,132,4378,Technical Evaluator,False
6810,1177,4379,Champion,True
6811,488,4380,Technical Evaluator,False
6812,152,4381,Technical Evaluator,False
6813,14,4382,Coach,False
6814,1207,4382,End User,False
6815,2762,4383,Coach,False
6816,1773,4383,Technical Evaluator,False
6817,2234,4384,Champion,True
6818,2958,4385,Champion,True
6819,2265,4385,Technical Evaluator,False
6820,1403,4386,End User,False
6821,2919,4387,Economic Buyer,True
6822,237,4388,Technical Evaluator,False
6823,524,4389,Champion,True
6824,1218,4389,Economic Buyer,True
6825,187,4389,Technical Evaluator,False
6826,2640,4390,End User,False
6827,475,4391,End User,False
6828,281,4391,Champion,True
6829,581,4392,End User,False
6830,877,4393,End User,False
6831,2538,4393,Champion,True
6832,2485,4394,Champion,True
6833,1446,4395,Technical Evaluator,False
6834,744,4395,Economic Buyer,True
6835,2549,4395,End User,False
6836,2691,4396,Champion,True
6837,2374,4396,End User,False
6838,1592,4397,Coach,False
6839,990,4398,Champion,True
6840,1926,4398,Technical Evaluator,False
6841,1737,4398,Executive Sponsor,True
6842,389,4399,Coach,False
6843,1566,4400,Blocker,False
6844,1409,4400,Technical Evaluator,False
6845,1975,4401,Champion,True
6846,1392,4401,Blocker,False
6847,1569,4402,End User,False
6848,2558,4403,Champion,True
6849,1660,4403,End User,False
6850,2799,4404,Technical Evaluator,False
6851,303,4404,Legal Reviewer,False
6852,1596,4404,End User,False
6853,1523,4404,Economic Buyer,True
6854,409,4405,Blocker,False
6855,422,4406,Economic Buyer,True
6856,2081,4406,Champion,True
6857,2638,4407,Champion,True
6858,1928,4408,Technical Evaluator,False
6859,759,4408,End User,False
6860,803,4408,Champion,True
6861,1845,4408,Economic Buyer,True
6862,269,4409,End User,False
6863,250,4410,Coach,False
6864,2498,4411,End User,False
6865,2681,4412,Technical Evaluator,False
6866,2277,4413,Executive Sponsor,True
6867,786,4414,Technical Evaluator,False
6868,1974,4415,Legal Reviewer,False
6869,729,4416,Legal Reviewer,False
6870,2909,4417,Champion,True
6871,2888,4418,Technical Evaluator,False
6872,713,4419,End User,False
6873,750,4421,Champion,True
6874,2448,4422,Technical Evaluator,False
6875,1563,4422,Blocker,False
6876,2482,4423,Blocker,False
6877,1468,4424,Technical Evaluator,False
6878,1715,4424,Executive Sponsor,True
6879,605,4425,Coach,False
6880,810,4426,Technical Evaluator,False
6881,2794,4426,Executive Sponsor,True
6882,1373,4427,Economic Buyer,True
6883,2826,4427,End User,False
6884,840,4428,Champion,True
6885,2747,4428,Economic Buyer,True
6886,2829,3900,Economic Buyer,True
6887,924,3900,End User,False
6888,255,3900,Champion,True
6889,2609,4430,Legal Reviewer,False
6890,1791,4430,Technical Evaluator,False
6891,759,4431,Technical Evaluator,False
6892,443,4432,Champion,True
6893,2089,4432,End User,False
6894,1810,4433,Blocker,False
6895,2416,4433,Coach,False
6896,2595,4434,End User,False
6897,954,4434,Technical Evaluator,False
6898,923,4434,Blocker,False
6899,152,4436,End User,False
6900,580,4437,Coach,False
6901,2487,4438,Champion,True
6902,118,3716,Blocker,False
6903,2498,4440,Technical Evaluator,False
6904,1096,4441,Champion,True
6905,1968,4442,Executive Sponsor,True
6906,977,4442,Champion,True
6907,2136,4443,End User,False
6908,1426,4443,Legal Reviewer,False
6909,2966,4443,Blocker,False
6910,1471,4444,Technical Evaluator,False
6911,1556,4444,Blocker,False
6912,768,4445,Champion,True
6913,829,4445,Coach,False
6914,1418,4445,Blocker,False
6915,1968,4446,Technical Evaluator,False
6916,977,4446,Champion,True
6917,1875,4447,Technical Evaluator,False
6918,341,4448,Coach,False
6919,854,4449,Technical Evaluator,False
6920,228,4449,Economic Buyer,True
6921,1343,4451,Champion,True
6922,2270,4451,End User,False
6923,731,4451,Coach,False
6924,289,954,Champion,True
6925,656,954,Blocker,False
6926,1219,954,Coach,False
6927,725,4453,End User,False
6928,53,4453,Champion,True
6929,560,4454,Technical Evaluator,False
6930,288,4454,End User,False
6931,230,4455,Economic Buyer,True
6932,1858,4455,End User,False
6933,490,4455,Legal Reviewer,False
6934,1292,4456,Coach,False
6935,2130,4457,Technical Evaluator,False
6936,760,4457,Champion,True
6937,2458,4458,Technical Evaluator,False
6938,14,4459,Executive Sponsor,True
6939,2592,4460,Champion,True
6940,368,4460,End User,False
6941,2028,4461,Champion,True
6942,1289,4461,Technical Evaluator,False
6943,1730,4462,Blocker,False
6944,1869,4463,Coach,False
6945,1905,4463,Legal Reviewer,False
6946,1295,4464,Champion,True
6947,32,4464,Executive Sponsor,True
6948,126,4465,End User,False
6949,1266,4465,Champion,True
6950,909,4466,End User,False
6951,1893,4468,Economic Buyer,True
6952,2377,4468,Coach,False
6953,2190,4469,Technical Evaluator,False
6954,70,4470,End User,False
6955,1128,4471,Coach,False
6956,2957,4472,End User,False
6957,2394,4473,Champion,True
6958,102,4474,Economic Buyer,True
6959,2308,4474,Champion,True
6960,1465,4475,End User,False
6961,809,4476,Coach,False
6962,2547,4477,Coach,False
6963,1311,4478,Champion,True
6964,1898,4478,Coach,False
6965,208,4479,Technical Evaluator,False
6966,692,4479,End User,False
6967,2498,4480,Champion,True
6968,2134,4482,Executive Sponsor,True
6969,2155,4482,Technical Evaluator,False
6970,2287,4048,Blocker,False
6971,1798,4484,Economic Buyer,True
6972,863,4484,Technical Evaluator,False
6973,692,4485,End User,False
6974,1050,4486,Blocker,False
6975,2606,4487,Blocker,False
6976,1203,4487,Economic Buyer,True
6977,2696,4488,Economic Buyer,True
6978,2746,4489,Blocker,False
6979,2232,4490,Economic Buyer,True
6980,1896,4491,Coach,False
6981,81,4492,Champion,True
6982,250,4493,Technical Evaluator,False
6983,1784,4493,Champion,True
6984,530,4494,Economic Buyer,True
6985,996,4494,Coach,False
6986,2281,4495,Technical Evaluator,False
6987,2811,4496,Executive Sponsor,True
6988,684,4496,Champion,True
6989,1465,4497,Legal Reviewer,False
6990,2763,4498,Blocker,False
6991,1661,4499,Technical Evaluator,False
6992,1835,4499,Champion,True
6993,2078,4500,Technical Evaluator,False
6994,2181,4501,Champion,True
6995,629,4502,Champion,True
6996,558,4503,Coach,False
6997,2692,4504,Champion,True
6998,2402,4504,Coach,False
6999,397,4505,Champion,True
7000,740,4507,Champion,True
7001,2653,4507,Economic Buyer,True
7002,1789,4508,Economic Buyer,True
7003,2349,4509,Economic Buyer,True
7004,1270,4509,Coach,False
7005,1972,4510,Technical Evaluator,False
7006,893,4511,End User,False
7007,862,4512,Executive Sponsor,True
7008,2650,4512,Blocker,False
7009,1785,4512,Technical Evaluator,False
7010,1144,4513,Champion,True
7011,2290,4513,Technical Evaluator,False
7012,1871,4513,Executive Sponsor,True
7013,1508,4514,Executive Sponsor,True
7014,2414,4515,Coach,False
7015,577,4516,Coach,False
7016,1928,4517,Executive Sponsor,True
7017,8,4518,Coach,False
7018,2190,4518,Technical Evaluator,False
7019,765,4518,Executive Sponsor,True
7020,1890,4519,End User,False
7021,1777,4520,Blocker,False
7022,45,4521,Economic Buyer,True
7023,1250,4522,End User,False
7024,2593,4523,Technical Evaluator,False
7025,874,4523,Champion,True
7026,233,4524,Blocker,False
7027,935,4524,Economic Buyer,True
7028,2804,4525,Technical Evaluator,False
7029,655,4526,Champion,True
7030,907,4527,Champion,True
7031,2925,4528,Technical Evaluator,False
7032,498,4528,Champion,True
7033,944,4529,Executive Sponsor,True
7034,2701,4529,End User,False
7035,1799,4530,Blocker,False
7036,2071,4530,End User,False
7037,2785,4531,Coach,False
7038,1258,4532,End User,False
7039,1617,4532,Blocker,False
7040,2715,4533,Technical Evaluator,False
7041,61,4534,End User,False
7042,2788,4535,Economic Buyer,True
7043,2927,4536,Champion,True
7044,2508,4536,Technical Evaluator,False
7045,22,4536,Executive Sponsor,True
7046,894,4536,Coach,False
7047,2271,4537,Legal Reviewer,False
7048,1135,4537,Technical Evaluator,False
7049,64,4537,Coach,False
7050,2211,4538,Technical Evaluator,False
7051,1230,4538,Economic Buyer,True
7052,2543,4538,Coach,False
7053,1633,4538,Champion,True
7054,1351,4539,Technical Evaluator,False
7055,2102,4539,End User,False
7056,2177,4539,Economic Buyer,True
7057,2566,4540,Champion,True
7058,2894,4540,Blocker,False
7059,1239,4541,End User,False
7060,2033,4542,End User,False
7061,1356,4543,Champion,True
7062,2446,4544,Technical Evaluator,False
7063,922,4544,End User,False
7064,1524,4544,Legal Reviewer,False
7065,1093,4545,Executive Sponsor,True
7066,265,4546,Champion,True
7067,67,4547,Champion,True
7068,234,4548,Economic Buyer,True
7069,1448,4548,Executive Sponsor,True
7070,1349,4548,Champion,True
7071,1688,4549,Coach,False
7072,937,4550,Technical Evaluator,False
7073,2672,4551,Economic Buyer,True
7074,289,4552,End User,False
7075,1432,4553,Coach,False
7076,313,4553,Technical Evaluator,False
7077,2813,4554,Champion,True
7078,2789,4555,Economic Buyer,True
7079,2994,4556,Champion,True
7080,2917,4557,Coach,False
7081,2793,4557,Blocker,False
7082,1165,4558,Coach,False
7083,2611,4559,Coach,False
7084,594,4559,Technical Evaluator,False
7085,2331,4560,Coach,False
7086,2309,4560,Blocker,False
7087,580,4561,Economic Buyer,True
7088,2350,4562,Economic Buyer,True
7089,1328,4563,Champion,True
7090,1156,4564,Technical Evaluator,False
7091,1009,4564,Economic Buyer,True
7092,2581,4565,Economic Buyer,True
7093,639,4566,Champion,True
7094,352,4567,Blocker,False
7095,263,4568,Technical Evaluator,False
7096,2697,4569,Economic Buyer,True
7097,1687,4569,Executive Sponsor,True
7098,2187,4569,Technical Evaluator,False
7099,2767,4570,Technical Evaluator,False
7100,925,4571,Champion,True
7101,1083,4572,Technical Evaluator,False
7102,565,4572,Executive Sponsor,True
7103,1048,4572,Economic Buyer,True
7104,395,4573,Executive Sponsor,True
7105,197,4573,Technical Evaluator,False
7106,1845,4574,Executive Sponsor,True
7107,625,4575,Technical Evaluator,False
7108,2558,4576,Legal Reviewer,False
7109,2404,4576,Technical Evaluator,False
7110,1660,4576,Blocker,False
7111,1715,4577,Champion,True
7112,1249,4578,Economic Buyer,True
7113,2666,4579,Executive Sponsor,True
7114,1652,4580,Blocker,False
7115,1487,4581,End User,False
7116,2054,4581,Economic Buyer,True
7117,2834,4582,Coach,False
7118,1992,4583,Champion,True
7119,1341,4583,End User,False
7120,2455,4584,Legal Reviewer,False
7121,2287,4585,Champion,True
7122,2493,4586,Champion,True
7123,1123,4587,Executive Sponsor,True
7124,929,4587,Champion,True
7125,1765,4588,End User,False
7126,2392,4589,Blocker,False
7127,768,4590,Champion,True
7128,829,4590,End User,False
7129,46,4591,Blocker,False
7130,1366,4592,End User,False
7131,1759,2798,Coach,False
7132,1188,2798,Champion,True
7133,509,4594,Champion,True
7134,2481,4595,Blocker,False
7135,2085,4595,Technical Evaluator,False
7136,1327,4595,Economic Buyer,True
7137,1010,4596,End User,False
7138,2728,4597,Blocker,False
7139,695,4597,End User,False
7140,2562,4597,Economic Buyer,True
7141,1590,4598,Executive Sponsor,True
7142,2300,4599,Champion,True
7143,1656,4599,Economic Buyer,True
7144,2377,4600,Champion,True
7145,22,4601,Blocker,False
7146,362,4602,Technical Evaluator,False
7147,2930,4603,Economic Buyer,True
7148,2253,4604,Champion,True
7149,512,4605,Technical Evaluator,False
7150,825,4605,Champion,True
7151,1750,4606,End User,False
7152,2306,4606,Champion,True
7153,92,4607,Champion,True
7154,2837,526,Champion,True
7155,1155,526,End User,False
7156,1221,526,Technical Evaluator,False
7157,1105,526,Economic Buyer,True
7158,1439,3952,Economic Buyer,True
7159,542,2547,Technical Evaluator,False
7160,797,4611,Technical Evaluator,False
7161,2453,4611,Champion,True
7162,1853,4611,Coach,False
7163,2828,4612,Economic Buyer,True
7164,1235,4612,Blocker,False
7165,239,4612,Executive Sponsor,True
7166,2032,4614,End User,False
7167,2342,4614,Champion,True
7168,889,4615,Technical Evaluator,False
7169,2991,4616,Legal Reviewer,False
7170,819,4617,Economic Buyer,True
7171,280,4618,Legal Reviewer,False
7172,1856,4619,End User,False
7173,583,4619,Technical Evaluator,False
7174,491,4620,End User,False
7175,1421,4621,Coach,False
7176,1620,4622,Economic Buyer,True
7177,88,4622,Technical Evaluator,False
7178,984,4622,Blocker,False
7179,2015,4623,Technical Evaluator,False
7180,774,4624,Technical Evaluator,False
7181,450,4624,End User,False
7182,158,4625,Legal Reviewer,False
7183,723,4625,Coach,False
7184,2498,4626,Economic Buyer,True
7185,2404,4627,Economic Buyer,True
7186,758,4628,End User,False
7187,1101,4629,Legal Reviewer,False
7188,1993,4629,Champion,True
7189,1881,4630,Legal Reviewer,False
7190,2120,4630,End User,False
7191,67,4631,Economic Buyer,True
7192,1784,4632,Economic Buyer,True
7193,1002,4634,End User,False
7194,1225,4634,Executive Sponsor,True
7195,1518,4635,Economic Buyer,True
7196,2503,4635,Technical Evaluator,False
7197,1975,4636,Champion,True
7198,1392,4636,Technical Evaluator,False
7199,1583,4637,Economic Buyer,True
7200,122,4638,Technical Evaluator,False
7201,286,4639,Technical Evaluator,False
7202,42,4640,Champion,True
7203,327,4640,Technical Evaluator,False
7204,2594,4641,Champion,True
7205,2880,4642,Executive Sponsor,True
7206,362,4642,Blocker,False
7207,511,4643,Coach,False
7208,1826,4645,End User,False
7209,1637,4645,Legal Reviewer,False
7210,1278,4645,Blocker,False
7211,1629,4646,Champion,True
7212,1762,4647,Blocker,False
7213,712,4648,Champion,True
7214,956,4649,Champion,True
7215,2470,4649,Coach,False
7216,1416,4649,Technical Evaluator,False
7217,2743,4650,End User,False
7218,1693,4650,Coach,False
7219,152,4651,Technical Evaluator,False
7220,773,4652,Champion,True
7221,627,4652,Technical Evaluator,False
7222,2320,4653,Coach,False
7223,1790,4653,Champion,True
7224,1762,4653,Technical Evaluator,False
7225,2249,4654,End User,False
7226,1064,4654,Technical Evaluator,False
7227,475,4655,Technical Evaluator,False
7228,1620,4657,Economic Buyer,True
7229,984,4657,Legal Reviewer,False
7230,88,4657,Executive Sponsor,True
7231,2255,4658,Champion,True
7232,2071,4659,Executive Sponsor,True
7233,2247,4659,Champion,True
7234,1284,4661,Economic Buyer,True
7235,1656,4662,Champion,True
7236,1797,4663,Economic Buyer,True
7237,953,4663,Coach,False
7238,1942,4664,Technical Evaluator,False
7239,1940,4665,Coach,False
7240,2722,4665,Champion,True
7241,386,4665,Technical Evaluator,False
7242,2105,4666,Executive Sponsor,True
7243,2489,4667,Economic Buyer,True
7244,2179,4667,Coach,False
7245,2099,4667,Champion,True
7246,911,4668,Economic Buyer,True
7247,2039,4669,Champion,True
7248,739,4669,Coach,False
7249,665,4670,Economic Buyer,True
7250,1679,4670,Technical Evaluator,False
7251,1169,4671,End User,False
7252,2350,4672,End User,False
7253,684,4673,Technical Evaluator,False
7254,710,4674,Technical Evaluator,False
7255,2973,4674,Coach,False
7256,39,4675,Champion,True
7257,884,4676,Champion,True
7258,1708,4677,End User,False
7259,995,4678,Technical Evaluator,False
7260,723,4679,Legal Reviewer,False
7261,437,4679,Champion,True
7262,2452,4680,Technical Evaluator,False
7263,2167,4681,Legal Reviewer,False
7264,51,4683,Legal Reviewer,False
7265,2131,4684,Legal Reviewer,False
7266,1305,4684,Champion,True
7267,2270,4684,Technical Evaluator,False
7268,2573,4685,Technical Evaluator,False
7269,2168,4686,Champion,True
7270,2161,4687,Technical Evaluator,False
7271,615,4687,Executive Sponsor,True
7272,1260,359,Champion,True
7273,320,359,Economic Buyer,True
7274,2904,359,Technical Evaluator,False
7275,2996,359,Blocker,False
7276,2515,4689,Champion,True
7277,2224,4689,Technical Evaluator,False
7278,733,4689,Coach,False
7279,1498,4690,End User,False
7280,2169,4690,Blocker,False
7281,2096,4690,Executive Sponsor,True
7282,1599,4691,Economic Buyer,True
7283,1243,4691,Champion,True
7284,1701,1954,Coach,False
7285,2341,1954,Technical Evaluator,False
7286,1902,1954,Economic Buyer,True
7287,208,4693,Champion,True
7288,1669,4694,Economic Buyer,True
7289,2295,4694,Technical Evaluator,False
7290,2147,4695,Technical Evaluator,False
7291,433,4696,Blocker,False
7292,1423,4696,Executive Sponsor,True
7293,1460,4696,Champion,True
7294,1696,4697,Champion,True
7295,2426,4697,Coach,False
7296,1004,4697,End User,False
7297,185,4698,End User,False
7298,2213,4698,Champion,True
7299,430,4698,Technical Evaluator,False
7300,285,4406,Coach,False
7301,591,4700,Champion,True
7302,863,4701,Technical Evaluator,False
7303,1691,4702,Coach,False
7304,1094,4703,Technical Evaluator,False
7305,1641,4704,Champion,True
7306,959,4704,Economic Buyer,True
7307,1988,4705,End User,False
7308,2592,4706,Executive Sponsor,True
7309,368,4706,Economic Buyer,True
7310,399,4707,Technical Evaluator,False
7311,1155,4707,Executive Sponsor,True
7312,1221,4707,Coach,False
7313,2722,4708,Champion,True
7314,386,4708,Economic Buyer,True
7315,135,4709,Technical Evaluator,False
7316,515,4709,End User,False
7317,506,4709,Champion,True
7318,504,4710,Champion,True
7319,1139,4711,Technical Evaluator,False
7320,2671,4712,Executive Sponsor,True
7321,424,4713,End User,False
7322,1461,4714,Blocker,False
7323,87,4715,End User,False
7324,487,4715,Technical Evaluator,False
7325,1948,4715,Executive Sponsor,True
7326,1592,4716,Champion,True
7327,911,4717,Economic Buyer,True
7328,1771,4717,Champion,True
7329,695,4718,Champion,True
7330,2728,4718,Technical Evaluator,False
7331,104,4719,Coach,False
7332,2806,4719,Blocker,False
7333,1838,4720,Economic Buyer,True
7334,2319,4721,Champion,True
7335,150,4722,Technical Evaluator,False
7336,1113,4723,Executive Sponsor,True
7337,233,4724,Champion,True
7338,935,4724,Legal Reviewer,False
7339,1003,4725,Champion,True
7340,1055,4726,Champion,True
7341,1617,4727,Technical Evaluator,False
7342,1258,4727,End User,False
7343,401,4728,Economic Buyer,True
7344,1573,4729,Technical Evaluator,False
7345,1884,4729,Executive Sponsor,True
7346,1009,4729,Economic Buyer,True
7347,875,4730,Champion,True
7348,1607,4731,Technical Evaluator,False
7349,1597,4731,Economic Buyer,True
7350,120,4731,Coach,False
7351,2396,4732,Blocker,False
7352,216,4732,Technical Evaluator,False
7353,285,4733,Technical Evaluator,False
7354,634,4733,End User,False
7355,2451,4734,End User,False
7356,2136,4734,Technical Evaluator,False
7357,2646,4735,Technical Evaluator,False
7358,2535,4736,Blocker,False
7359,2908,4736,Economic Buyer,True
7360,872,4737,Technical Evaluator,False
7361,244,4738,Executive Sponsor,True
7362,2758,4738,Technical Evaluator,False
7363,1698,4738,Coach,False
7364,2381,4739,Technical Evaluator,False
7365,2269,4739,End User,False
7366,350,4739,Coach,False
7367,959,4740,Executive Sponsor,True
7368,1762,4741,Champion,True
7369,1790,4741,Coach,False
7370,2320,4741,Executive Sponsor,True
7371,1665,4742,Technical Evaluator,False
7372,1191,4743,Technical Evaluator,False
7373,1996,4743,Coach,False
7374,1833,4744,Technical Evaluator,False
7375,122,4744,Champion,True
7376,899,4744,Blocker,False
7377,2573,4745,Technical Evaluator,False
7378,1300,4746,Champion,True
7379,1699,4747,Executive Sponsor,True
7380,1682,4748,Champion,True
7381,2253,4749,Economic Buyer,True
7382,961,4749,Executive Sponsor,True
7383,2717,4750,Economic Buyer,True
7384,1033,4750,End User,False
7385,2139,4751,Technical Evaluator,False
7386,1542,4752,Technical Evaluator,False
7387,2080,4754,Technical Evaluator,False
7388,2534,4754,Economic Buyer,True
7389,2386,4754,End User,False
7390,791,4755,End User,False
7391,522,4756,Economic Buyer,True
7392,2238,4756,Blocker,False
7393,326,4757,Executive Sponsor,True
7394,2743,4758,Champion,True
7395,2947,4759,End User,False
7396,110,4760,Coach,False
7397,2838,4761,Coach,False
7398,1313,4761,Champion,True
7399,217,4761,Technical Evaluator,False
7400,1347,4762,Economic Buyer,True
7401,574,4763,Champion,True
7402,2931,4764,Coach,False
7403,2552,4765,Technical Evaluator,False
7404,2370,4765,End User,False
7405,402,4766,Technical Evaluator,False
7406,431,4766,End User,False
7407,1477,4767,End User,False
7408,2462,4767,Technical Evaluator,False
7409,2397,4768,Blocker,False
7410,1462,4768,Legal Reviewer,False
7411,2762,4769,Economic Buyer,True
7412,2341,4770,Economic Buyer,True
7413,1902,4770,Technical Evaluator,False
7414,637,4771,Coach,False
7415,2386,4772,Champion,True
7416,1488,4773,End User,False
7417,1414,4774,Coach,False
7418,1284,4774,Champion,True
7419,2015,4775,Coach,False
7420,2919,4776,Coach,False
7421,2390,4776,Executive Sponsor,True
7422,918,4777,Champion,True
7423,1144,4778,End User,False
7424,28,4778,Technical Evaluator,False
7425,1871,4778,Coach,False
7426,1079,4779,Technical Evaluator,False
7427,1029,4780,Blocker,False
7428,2483,4780,End User,False
7429,2266,4781,Blocker,False
7430,1909,4781,Executive Sponsor,True
7431,2527,4781,Technical Evaluator,False
7432,2192,4783,Legal Reviewer,False
7433,2680,4785,Champion,True
7434,2358,4785,Technical Evaluator,False
7435,177,4786,Economic Buyer,True
7436,2704,4787,Legal Reviewer,False
7437,2456,4787,Champion,True
7438,671,4788,Coach,False
7439,167,4788,Economic Buyer,True
7440,2915,4789,Technical Evaluator,False
7441,2612,4789,Economic Buyer,True
7442,1801,4790,Technical Evaluator,False
7443,2193,4791,Champion,True
7444,758,4791,Technical Evaluator,False
7445,2890,4791,End User,False
7446,83,4792,End User,False
7447,1269,4792,Coach,False
7448,2352,4793,Champion,True
7449,886,4793,Economic Buyer,True
7450,268,4794,End User,False
7451,2712,4795,Champion,True
7452,1249,4796,Champion,True
7453,2014,4798,Economic Buyer,True
7454,1891,4798,Technical Evaluator,False
7455,1779,4799,Legal Reviewer,False
7456,1917,4800,Champion,True
7457,1734,4801,Blocker,False
7458,1146,4802,Legal Reviewer,False
7459,738,4802,Economic Buyer,True
7460,1835,4803,Executive Sponsor,True
7461,1661,4803,Champion,True
7462,1733,4803,End User,False
7463,1063,4804,Technical Evaluator,False
7464,30,4804,Executive Sponsor,True
7465,1831,4805,Champion,True
7466,2087,4806,Blocker,False
7467,482,4806,Champion,True
7468,2872,4806,End User,False
7469,481,4806,Economic Buyer,True
7470,768,4807,Technical Evaluator,False
7471,829,4807,Champion,True
7472,2614,4808,End User,False
7473,2347,4809,Economic Buyer,True
7474,412,4809,Champion,True
7475,2508,4810,End User,False
7476,894,4810,Coach,False
7477,2927,4810,Executive Sponsor,True
7478,1872,4811,Technical Evaluator,False
7479,221,4811,Economic Buyer,True
7480,988,4812,Technical Evaluator,False
7481,2620,4812,Champion,True
7482,585,4812,End User,False
7483,2212,4812,Economic Buyer,True
7484,1177,4812,Coach,False
7485,405,4813,Legal Reviewer,False
7486,2899,4814,Economic Buyer,True
7487,1194,4815,End User,False
7488,2473,4816,Champion,True
7489,228,4817,Legal Reviewer,False
7490,1291,4817,Champion,True
7491,531,4817,Economic Buyer,True
7492,2503,4818,End User,False
7493,1518,4818,Technical Evaluator,False
7494,863,4819,Blocker,False
7495,1798,4819,Executive Sponsor,True
7496,1311,4820,Technical Evaluator,False
7497,2627,4820,Coach,False
7498,173,4821,Technical Evaluator,False
7499,2716,4821,Champion,True
7500,2884,4822,Technical Evaluator,False
7501,2268,4823,End User,False
7502,258,4824,Executive Sponsor,True
7503,1016,4824,Coach,False
7504,1088,4825,Blocker,False
7505,1272,4826,Technical Evaluator,False
7506,362,4827,End User,False
7507,2880,4827,Champion,True
7508,400,4828,Technical Evaluator,False
7509,817,4829,Champion,True
7510,1827,4829,Economic Buyer,True
7511,2527,4830,Champion,True
7512,2614,4831,Executive Sponsor,True
7513,1402,4832,Economic Buyer,True
7514,1544,4833,Technical Evaluator,False
7515,2511,4834,Legal Reviewer,False
7516,2267,4834,Coach,False
7517,1864,4834,Champion,True
7518,99,4834,Economic Buyer,True
7519,673,4834,Executive Sponsor,True
7520,1068,4835,Economic Buyer,True
7521,1325,4835,Champion,True
7522,2931,4836,Economic Buyer,True
7523,273,4837,Technical Evaluator,False
7524,1809,4838,Blocker,False
7525,2053,4839,End User,False
7526,540,4840,Champion,True
7527,1740,4840,Technical Evaluator,False
7528,2548,4840,Economic Buyer,True
7529,2077,4841,Technical Evaluator,False
7530,162,4842,Champion,True
7531,1312,4844,Coach,False
7532,1766,4844,Technical Evaluator,False
7533,1207,4845,Technical Evaluator,False
7534,14,4845,Executive Sponsor,True
7535,2048,4846,Executive Sponsor,True
7536,1147,4847,Coach,False
7537,1282,4848,Technical Evaluator,False
7538,1435,194,Economic Buyer,True
7539,2117,194,Technical Evaluator,False
7540,427,4850,Technical Evaluator,False
7541,2739,4851,Champion,True
7542,518,3919,Technical Evaluator,False
7543,885,3919,Champion,True
7544,1047,4853,End User,False
7545,1183,4854,Technical Evaluator,False
7546,2145,4855,End User,False
7547,464,4855,Economic Buyer,True
7548,2753,4855,Technical Evaluator,False
7549,1135,4856,Economic Buyer,True
7550,2271,4856,Executive Sponsor,True
7551,64,4856,Champion,True
7552,1431,4857,Champion,True
7553,1018,3759,Technical Evaluator,False
7554,600,4859,Technical Evaluator,False
7555,1045,4859,Champion,True
7556,2461,4860,Technical Evaluator,False
7557,2477,4860,End User,False
7558,1208,4860,Executive Sponsor,True
7559,2718,4861,Economic Buyer,True
7560,1784,4862,Technical Evaluator,False
7561,2919,4863,Economic Buyer,True
7562,2760,4864,Legal Reviewer,False
7563,789,4864,Champion,True
7564,1621,4864,Technical Evaluator,False
7565,965,4865,Executive Sponsor,True
7566,2398,4866,Champion,True
7567,787,4868,Champion,True
7568,200,4868,Executive Sponsor,True
7569,2330,4869,Champion,True
7570,1006,4869,Coach,False
7571,1920,4870,Champion,True
7572,23,4871,Executive Sponsor,True
7573,820,4872,Technical Evaluator,False
7574,1930,4872,Champion,True
7575,2740,4872,Legal Reviewer,False
7576,1670,4872,Economic Buyer,True
7577,1327,4873,Economic Buyer,True
7578,2354,4875,Technical Evaluator,False
7579,1233,4876,Champion,True
7580,618,4877,Economic Buyer,True
7581,258,56,Technical Evaluator,False
7582,1592,4879,Economic Buyer,True
7583,971,4880,Executive Sponsor,True
7584,2469,4880,Technical Evaluator,False
7585,1617,4881,Technical Evaluator,False
7586,1258,4881,Economic Buyer,True
7587,2048,4882,Coach,False
7588,1905,4882,Executive Sponsor,True
7589,2932,4883,Technical Evaluator,False
7590,1952,4884,Technical Evaluator,False
7591,2103,4884,Economic Buyer,True
7592,232,4884,Blocker,False
7593,1836,4885,Champion,True
7594,184,4886,Technical Evaluator,False
7595,2835,4886,Coach,False
7596,406,4887,End User,False
7597,1311,4888,Champion,True
7598,2679,4889,Champion,True
7599,2200,4889,Executive Sponsor,True
7600,2007,4890,End User,False
7601,1512,4891,Economic Buyer,True
7602,882,4891,Champion,True
7603,32,4891,Technical Evaluator,False
7604,2679,4892,End User,False
7605,1357,4893,Executive Sponsor,True
7606,990,4896,Technical Evaluator,False
7607,1926,4896,End User,False
7608,1706,4897,Technical Evaluator,False
7609,375,4897,Legal Reviewer,False
7610,2554,4898,Economic Buyer,True
7611,946,4899,End User,False
7612,1818,4900,Technical Evaluator,False
7613,153,4900,End User,False
7614,1340,4900,Executive Sponsor,True
7615,1186,4901,Champion,True
7616,1239,4902,Coach,False
7617,472,3541,Economic Buyer,True
7618,1260,3541,End User,False
7619,2904,3541,Champion,True
7620,1935,4904,Technical Evaluator,False
7621,1386,4905,Economic Buyer,True
7622,785,4906,Technical Evaluator,False
7623,103,4906,Champion,True
7624,2035,4906,Blocker,False
7625,2322,4907,Champion,True
7626,2000,4907,Economic Buyer,True
7627,1536,4908,End User,False
7628,2763,3764,Technical Evaluator,False
7629,1362,4910,End User,False
7630,597,4910,Champion,True
7631,1215,4911,Technical Evaluator,False
7632,2741,4911,Executive Sponsor,True
7633,1756,4912,Technical Evaluator,False
7634,501,4912,Champion,True
7635,462,4912,Legal Reviewer,False
7636,407,4913,Legal Reviewer,False
7637,2588,4914,Champion,True
7638,2849,4914,Legal Reviewer,False
7639,1774,4914,End User,False
7640,1468,4915,Technical Evaluator,False
7641,1213,4915,Legal Reviewer,False
7642,1381,4916,Technical Evaluator,False
7643,1721,4917,Champion,True
7644,2625,4918,Coach,False
7645,731,4919,End User,False
7646,614,4920,Champion,True
7647,1419,4920,Legal Reviewer,False
7648,79,4921,Technical Evaluator,False
7649,675,4921,Economic Buyer,True
7650,1381,4921,Champion,True
7651,394,4922,Blocker,False
7652,1010,4923,End User,False
7653,2178,4924,Technical Evaluator,False
7654,900,4925,End User,False
7655,2744,4926,Champion,True
7656,2612,4166,Executive Sponsor,True
7657,2915,4166,Coach,False
7658,1223,4928,Coach,False
7659,409,4929,Executive Sponsor,True
7660,2903,4929,Champion,True
7661,2008,4930,Economic Buyer,True
7662,2223,4931,Technical Evaluator,False
7663,2774,4931,Champion,True
7664,702,4932,Champion,True
7665,1549,4933,Economic Buyer,True
7666,893,4934,Coach,False
7667,1357,4935,Executive Sponsor,True
7668,1661,4936,Executive Sponsor,True
7669,1546,4936,Coach,False
7670,1835,4936,Champion,True
7671,1733,4936,Blocker,False
7672,766,4937,Champion,True
7673,2041,4937,Technical Evaluator,False
7674,790,4937,Executive Sponsor,True
7675,2619,4938,Technical Evaluator,False
7676,905,4939,End User,False
7677,2025,4940,Champion,True
7678,999,4940,Economic Buyer,True
7679,1405,4941,End User,False
7680,2437,4941,Economic Buyer,True
7681,2132,4941,Technical Evaluator,False
7682,2039,4942,Champion,True
7683,739,4942,Technical Evaluator,False
7684,323,4943,Executive Sponsor,True
7685,73,4943,End User,False
7686,2638,4944,End User,False
7687,1064,4946,Coach,False
7688,2249,4946,Champion,True
7689,1033,521,End User,False
7690,370,4948,Economic Buyer,True
7691,1968,4949,Technical Evaluator,False
7692,977,4949,Champion,True
7693,1113,4950,End User,False
7694,1378,4951,Champion,True
7695,2449,4951,Technical Evaluator,False
7696,1937,4952,Economic Buyer,True
7697,2559,4952,Legal Reviewer,False
7698,754,4952,Blocker,False
7699,2520,4953,Economic Buyer,True
7700,1352,4953,End User,False
7701,2412,4954,Economic Buyer,True
7702,101,4955,Coach,False
7703,690,4955,End User,False
7704,2022,4956,Economic Buyer,True
7705,2522,4956,Executive Sponsor,True
7706,473,3550,End User,False
7707,2598,4958,Economic Buyer,True
7708,811,4959,Economic Buyer,True
7709,3000,4960,Executive Sponsor,True
7710,145,4960,Legal Reviewer,False
7711,1673,4960,Economic Buyer,True
7712,685,4961,Champion,True
7713,2931,4962,Economic Buyer,True
7714,1006,4963,Economic Buyer,True
7715,2330,4963,Champion,True
7716,1668,4963,Technical Evaluator,False
7717,2166,1711,End User,False
7718,297,1711,Champion,True
7719,1065,1711,Executive Sponsor,True
7720,1522,1711,Technical Evaluator,False
7721,2703,4965,Legal Reviewer,False
7722,640,4965,Champion,True
7723,240,4965,Coach,False
7724,2966,4966,Champion,True
7725,2451,4966,Coach,False
7726,2136,4966,Technical Evaluator,False
7727,1426,4966,Economic Buyer,True
7728,1267,4967,Champion,True
7729,1769,4968,Technical Evaluator,False
7730,1061,4968,Coach,False
7731,343,4969,Economic Buyer,True
7732,1282,4970,End User,False
7733,2493,4970,Technical Evaluator,False
7734,784,4971,Technical Evaluator,False
7735,1489,4972,End User,False
7736,548,4972,Champion,True
7737,1562,4972,Economic Buyer,True
7738,2623,4973,Economic Buyer,True
7739,1662,4974,Champion,True
7740,1098,4975,Technical Evaluator,False
7741,508,4975,Executive Sponsor,True
7742,2878,4976,Champion,True
7743,1668,4977,Technical Evaluator,False
7744,1006,4977,Legal Reviewer,False
7745,2330,4977,Economic Buyer,True
7746,921,4978,Executive Sponsor,True
7747,1327,4979,Blocker,False
7748,2481,4979,End User,False
7749,1950,4980,Executive Sponsor,True
7750,2423,4981,End User,False
7751,2795,4981,Executive Sponsor,True
7752,1548,4982,Champion,True
7753,1427,4983,End User,False
7754,517,4984,Economic Buyer,True
7755,706,4984,End User,False
7756,918,4985,Technical Evaluator,False
7757,1442,4985,End User,False
7758,2152,4986,Champion,True
7759,30,4987,Technical Evaluator,False
7760,2250,4987,Economic Buyer,True
7761,2950,4988,Coach,False
7762,840,4989,End User,False
7763,2049,4990,Technical Evaluator,False
7764,498,4990,Blocker,False
7765,1628,4991,Blocker,False
7766,247,4992,Champion,True
7767,72,4992,Blocker,False
7768,340,4993,Champion,True
7769,1781,4993,Legal Reviewer,False
7770,1982,4993,Blocker,False
7771,66,4994,Economic Buyer,True
7772,1078,4994,End User,False
7773,2836,4995,Economic Buyer,True
7774,1891,4995,Legal Reviewer,False
7775,2014,4995,Technical Evaluator,False
7776,1226,4996,Champion,True
7777,2570,4996,Executive Sponsor,True
7778,1485,4996,Technical Evaluator,False
7779,1436,4996,End User,False
7780,1741,4996,Economic Buyer,True
7781,262,4997,End User,False
7782,385,4998,Technical Evaluator,False
7783,2603,4999,Economic Buyer,True
7784,1861,5000,Coach,False
7785,406,5000,Champion,True
7786,1910,5000,Economic Buyer,True
7787,2845,5000,End User,False
