lead_id,first_name,last_name,email,company,source,status,score,converted_opp_id,converted_account_id,converted_date,created_at
1,Joseph,Wilson,joseph.wilson1@pulsepointdigital.com,PulsePoint Digital,Social Media,Nurture,-12,,,,2023-10-22T00:00:00
2,Michael,Thomas,,MetaSync,Social Media,New,61,,,,2024-01-20T00:00:00
3,John,Lee,john.lee3@futureforge.com,FutureForge,Event,Nurture,48,,,,2024-06-10T00:00:00
4,Jennifer,Thompson,jennifer.thompson4@rapidcloud.com,RapidCloud,Partner Referral,Working,67,,,,2024-01-15T00:00:00
5,Elizabeth,Rodriguez,elizabeth.rodriguez5@insightplatforms.com,Insight Platforms,Inbound - Content,Nurture,49,,,,2022-01-20T00:00:00
6,Jennifer,Gonzalez,jennifer.gonzalez6@truenorthdata.com,TrueNorth Data,Event,MQL,62,,,,2022-12-02T00:00:00
7,Patricia,Williams,patricia.williams7@agiledynamics.com,Agile Dynamics,Inbound - Web,Working,64,,,,2022-03-22T00:00:00
8,Michael,Davis,michael.davis8@corestack.com,CoreStack,Outbound - SDR,MQL,90,,,,2023-01-27T00:00:00
9,Mary,Anderson,mary.anderson9@cloudscalesystems.com,CloudScale Systems,Inbound - Webinar,MQL,58,,,,2023-06-01T00:00:00
10,Daniel,Miller,daniel.miller10@quantumlogiclabs.com,QuantumLogic Labs,Product-Led,Converted,78,2840,608,2024-09-29,2024-08-15T00:00:00
11,William,Gonzalez,william.gonzalez11@metasync.com,MetaSync,Paid Search,Converted,53,2797,494,2023-08-13,2023-08-10T00:00:00
12,James,Johnson,james.johnson12@agiledynamics.com,Agile Dynamics,Outbound - Cold,MQL,63,,,,2023-07-26T00:00:00
13,Joseph,Moore,joseph.moore13@vertexai.com,VertexAI,Outbound - SDR,SQL,77,,,,2020-09-09T00:00:00
14,Joseph,Lopez,joseph.lopez14@cybervault.com,CyberVault,Product-Led,Disqualified,22,,,,2022-02-18T00:00:00
15,Lisa,Johnson,lisa.johnson15@techflowinc.com,TechFlow Inc,Inbound - Content,Working,50,,,,2021-12-07T00:00:00
16,Christopher,Martinez,,QuantumLogic Labs,Inbound - Webinar,Converted,84,1290,57,2024-09-09,2024-09-01T00:00:00
17,Robert,Gonzalez,robert.gonzalez17@cloudscalesystems.com,CloudScale Systems,Partner Referral,Working,50,,,,2023-04-22T00:00:00
18,John,Johnson,john.johnson18@corestack.com,CoreStack,Outbound - Cold,Disqualified,15,,,,2023-01-19T00:00:00
19,Susan,Anderson,susan.anderson,CoreStack,Inbound - Content,Disqualified,11,,,,2024-02-05T00:00:00
20,Patricia,Martin,patricia.martin20@innovateco.com,InnovateCo,Event,Disqualified,27,,,,2024-12-20T00:00:00
21,Thomas,Wilson,thomas.wilson21@corestack.com,CoreStack,Paid Search,SQL,65,,,,2022-04-08T00:00:00
22,James,Davis,james.davis22@cloudscalesystems.com,CloudScale Systems,Product-Led,Converted,70,2596,138,2024-08-03,2024-06-22T00:00:00
23,Elizabeth,Jackson,elizabeth.jackson23@vertexai.com,VertexAI,Event,MQL,97,,,,2024-01-25T00:00:00
24,Susan,Johnson,susan.johnson24@streamlineanalytics.com,StreamLine Analytics,Inbound - Content,Working,12,,,,2021-10-06T00:00:00
25,Lisa,Lee,lisa.lee25@techflowinc.com,TechFlow Inc,Inbound - Webinar,Converted,61,4862,175,2024-04-15,2024-02-22T00:00:00
26,Richard,Brown,richard.brown26@metasync.com,MetaSync,Inbound - Webinar,Disqualified,12,,,,2020-01-14T00:00:00
27,Joseph,Williams,joseph.williams27@streamlineanalytics.com,StreamLine Analytics,Social Media,MQL,99,,,,2020-05-13T00:00:00
28,Robert,Taylor,robert.taylor28@quantumlogiclabs.com,QuantumLogic Labs,Inbound - Webinar,New,12,,,,2021-12-26T00:00:00
29,Mary,Lopez,mary.lopez29@brightwavetech.com,BrightWave Tech,Event,Nurture,54,,,,2024-06-29T00:00:00
30,Christopher,Jones,christopher.jones30@truenorthdata.com,TrueNorth Data,Inbound - Content,Nurture,26,,,,2021-06-11T00:00:00
31,Jessica,Thompson,jessica.thompson31@nexgensolutions.com,NexGen Solutions,Outbound - SDR,SQL,86,,,,2020-01-09T00:00:00
32,Charles,Anderson,charles.anderson32@streamlineanalytics.com,StreamLine Analytics,Outbound - Cold,Working,63,,,,2024-07-24T00:00:00
33,William,Hernandez,william.hernandez33@streamlineanalytics.com,StreamLine Analytics,Inbound - Content,Working,36,,,,2023-10-20T00:00:00
34,Jessica,Anderson,jessica.anderson34@databridgecorp.com,DataBridge Corp,Outbound - SDR,New,32,,,,2022-03-25T00:00:00
35,Sarah,Williams,sarah.williams35@futureforge.com,FutureForge,Outbound - SDR,Nurture,61,,,,2023-08-29T00:00:00
36,Lisa,Garcia,lisa.garcia36@rapidcloud.com,RapidCloud,Paid Search,MQL,50,,,,2020-11-11T00:00:00
37,Charles,Lopez,charles.lopez37@futureforge.com,FutureForge,Event,Converted,53,1146,670,2022-07-31,2022-05-19T00:00:00
38,James,Rodriguez,james.rodriguez38@rapidcloud.com,RapidCloud,Social Media,MQL,91,,,,2024-04-21T00:00:00
39,James,Anderson,james.anderson39@pulsepointdigital.com,PulsePoint Digital,Product-Led,New,51,,,,2022-10-07T00:00:00
40,William,Lopez,william.lopez40@cybervault.com,CyberVault,Outbound - Cold,New,59,,,,2024-04-30T00:00:00
41,Lisa,Lopez,lisa.lopez41@techflowinc.com,TechFlow Inc,Partner Referral,Disqualified,14,,,,2024-04-16T00:00:00
42,Richard,Lee,richard.lee42@techflowinc.com,TechFlow Inc,Partner Referral,MQL,55,,,,2021-06-23T00:00:00
43,Sarah,Davis,,VertexAI,Outbound - SDR,MQL,93,,,,2020-05-05T00:00:00
44,Jennifer,Martin,jennifer.martin44@metasync.com,MetaSync,Outbound - SDR,SQL,52,,,,2024-01-31T00:00:00
45,Richard,Rodriguez,richard.rodriguez45@futureforge.com,FutureForge,Paid Search,MQL,61,,,,2024-02-22T00:00:00
46,William,Thompson,william.thompson46@cybervault.com,CyberVault,,Converted,-81,873,575,2024-06-02,2024-04-11T00:00:00
47,Richard,Lee,richard.lee47@corestack.com,CoreStack,Paid Search,MQL,60,,,,2022-12-02T00:00:00
48,Michael,Anderson,michael.anderson48@streamlineanalytics.com,StreamLine Analytics,Paid Search,Nurture,17,,,,2023-09-26T00:00:00
49,Lisa,Rodriguez,lisa.rodriguez49@brightwavetech.com,BrightWave Tech,Inbound - Web,Nurture,54,,,,2024-07-17T00:00:00
50,Jennifer,Thompson,jennifer.thompson50@primepathdigital.com,PrimePath Digital,Inbound - Web,Working,64,,,,2023-04-23T00:00:00
51,Richard,Brown,richard.brown51@insightplatforms.com,Insight Platforms,Outbound - SDR,Nurture,69,,,,2021-09-02T00:00:00
52,John,Garcia,john.garcia52@agiledynamics.com,Agile Dynamics,Event,Converted,56,3828,459,2024-01-06,2023-11-04T00:00:00
53,Michael,Thompson,michael.thompson53@cloudscalesystems.com,CloudScale Systems,Outbound - SDR,New,-19,,,,2021-06-28T00:00:00
54,Joseph,Martin,joseph.martin54@brightwavetech.com,BrightWave Tech,Event,Converted,56,4601,368,2023-02-08,2022-11-25T00:00:00
55,Thomas,Johnson,thomas.johnson,VertexAI,Outbound - Cold,Working,24,,,,2024-04-10T00:00:00
56,Mary,Garcia,mary.garcia56@primepathdigital.com,PrimePath Digital,Partner Referral,MQL,76,,,,2023-12-08T00:00:00
57,Robert,Jones,robert.jones57@metasync.com,MetaSync,Inbound - Content,Working,43,,,,2021-06-16T00:00:00
58,James,Moore,james.moore58@futureforge.com,FutureForge,Event,Nurture,10,,,,2024-02-17T00:00:00
59,Thomas,Johnson,thomas.johnson59@streamlineanalytics.com,StreamLine Analytics,Event,New,18,,,,2020-12-24T00:00:00
60,Joseph,Williams,joseph.williams60@truenorthdata.com,TrueNorth Data,Product-Led,SQL,54,,,,2023-02-14T00:00:00
61,Daniel,Wilson,,ScaleUp Systems,Event,SQL,61,,,,2022-01-06T00:00:00
62,Christopher,Lee,christopher.lee62@databridgecorp.com,DataBridge Corp,Inbound - Web,Disqualified,3,,,,2024-04-07T00:00:00
63,Linda,Anderson,linda.anderson63@cybervault.com,CyberVault,Inbound - Webinar,MQL,56,,,,2020-11-20T00:00:00
64,Karen,Williams,karen.williams64@metasync.com,MetaSync,Social Media,New,11,,,,2022-12-08T00:00:00
65,Linda,Smith,linda.smith65@truenorthdata.com,TrueNorth Data,Outbound - Cold,Disqualified,27,,,,2024-12-26T00:00:00
66,Daniel,Wilson,daniel.wilson66@innovateco.com,InnovateCo,Outbound - Cold,Working,61,,,,2023-07-13T00:00:00
67,Christopher,Davis,christopher.davis67@innovateco.com,InnovateCo,Inbound - Web,Disqualified,8,,,,2020-07-21T00:00:00
68,William,Rodriguez,william.rodriguez68@databridgecorp.com,DataBridge Corp,Inbound - Content,New,19,,,,2022-11-18T00:00:00
69,David,Jackson,david.jackson69@vertexai.com,VertexAI,Outbound - SDR,SQL,77,,,,2024-08-31T00:00:00
70,William,Taylor,william.taylor70@cybervault.com,CyberVault,Social Media,Working,24,,,,2024-02-09T00:00:00
71,Thomas,Brown,thomas.brown71@techflowinc.com,TechFlow Inc,,New,57,,,,2021-06-04T00:00:00
72,Patricia,Thomas,patricia.thomas72@vertexai.com,VertexAI,Outbound - Cold,MQL,100,,,,2023-01-03T00:00:00
73,Elizabeth,Anderson,elizabeth.anderson73@corestack.com,CoreStack,Paid Search,Nurture,29,,,,2022-05-22T00:00:00
74,Daniel,Brown,daniel.brown74@techflowinc.com,TechFlow Inc,,Converted,100,462,955,2024-01-02,2023-11-22T00:00:00
75,Linda,Martinez,linda.martinez75@insightplatforms.com,Insight Platforms,Outbound - SDR,Disqualified,10,,,,2020-06-07T00:00:00
76,Karen,Brown,karen.brown76@futureforge.com,FutureForge,Inbound - Content,Working,27,,,,2022-12-23T00:00:00
77,Mary,Smith,,DataBridge Corp,Outbound - SDR,SQL,73,,,,2021-06-08T00:00:00
78,Mary,Lopez,mary.lopez78@agiledynamics.com,Agile Dynamics,Product-Led,Working,57,,,,2021-01-27T00:00:00
79,William,Lopez,william.lopez79@pulsepointdigital.com,PulsePoint Digital,Outbound - Cold,Nurture,34,,,,2023-12-28T00:00:00
80,Nancy,Johnson,nancy.johnson80@brightwavetech.com,BrightWave Tech,Inbound - Webinar,Converted,97,1241,392,2021-12-28,2021-11-12T00:00:00
81,Elizabeth,Johnson,elizabeth.johnson81@metasync.com,MetaSync,Product-Led,MQL,88,,,,2024-02-06T00:00:00
82,Michael,Thompson,michael.thompson82@rapidcloud.com,RapidCloud,Outbound - Cold,Nurture,32,,,,2023-01-09T00:00:00
83,Jessica,Lee,jessica.lee83@streamlineanalytics.com,StreamLine Analytics,Partner Referral,Converted,68,2645,220,2024-06-13,2024-04-03T00:00:00
84,James,Martin,james.martin84@cloudscalesystems.com,CloudScale Systems,Outbound - SDR,MQL,50,,,,2021-10-02T00:00:00
85,Patricia,Brown,patricia.brown85@futureforge.com,FutureForge,Inbound - Webinar,Converted,97,4270,271,2023-10-26,2023-09-02T00:00:00
86,Charles,Rodriguez,charles.rodriguez86@techflowinc.com,TechFlow Inc,Event,Disqualified,18,,,,2023-11-04T00:00:00
87,Sarah,Thomas,sarah.thomas87@futureforge.com,FutureForge,Partner Referral,SQL,64,,,,2024-05-24T00:00:00
88,Sarah,Lopez,sarah.lopez88@metasync.com,MetaSync,Partner Referral,MQL,68,,,,2021-01-31T00:00:00
89,Jessica,Moore,jessica.moore89@futureforge.com,FutureForge,Inbound - Web,New,55,,,,2022-03-06T00:00:00
90,David,Brown,david.brown90@nexgensolutions.com,NexGen Solutions,Social Media,Converted,84,2844,994,2024-04-21,2024-04-10T00:00:00
91,Barbara,Miller,barbara.miller,FutureForge,Event,MQL,95,,,,2022-10-02T00:00:00
92,Susan,Thompson,susan.thompson92@cybervault.com,CyberVault,Inbound - Webinar,SQL,77,,,,2023-03-23T00:00:00
93,Nancy,Jackson,nancy.jackson93@nexgensolutions.com,NexGen Solutions,Partner Referral,Nurture,29,,,,2024-01-04T00:00:00
94,Karen,Davis,karen.davis94@truenorthdata.com,TrueNorth Data,Inbound - Webinar,MQL,73,,,,2020-11-19T00:00:00
95,Sarah,Taylor,sarah.taylor95@pulsepointdigital.com,PulsePoint Digital,Inbound - Web,Converted,96,473,381,2024-10-27,2024-08-16T00:00:00
96,Thomas,Davis,thomas.davis96@cloudscalesystems.com,CloudScale Systems,Inbound - Webinar,Working,27,,,,2024-10-24T00:00:00
97,Linda,Thomas,linda.thomas97@rapidcloud.com,RapidCloud,Inbound - Content,Converted,74,3407,113,2024-09-26,2024-08-21T00:00:00
98,Mary,Gonzalez,mary.gonzalez98@scaleupsystems.com,ScaleUp Systems,Outbound - Cold,New,16,,,,2022-07-12T00:00:00
99,Jennifer,Miller,jennifer.miller99@streamlineanalytics.com,StreamLine Analytics,Inbound - Web,New,38,,,,2024-12-10T00:00:00
100,William,Hernandez,william.hernandez100@streamlineanalytics.com,StreamLine Analytics,Inbound - Webinar,Converted,83,2631,297,2023-06-05,2023-03-09T00:00:00
101,Daniel,Hernandez,daniel.hernandez101@pulsepointdigital.com,PulsePoint Digital,Paid Search,Converted,86,1583,619,2023-12-04,2023-11-23T00:00:00
102,Jessica,Jones,jessica.jones102@databridgecorp.com,DataBridge Corp,Inbound - Content,Nurture,37,,,,2023-03-24T00:00:00
103,William,Martinez,william.martinez103@futureforge.com,FutureForge,Inbound - Web,Nurture,16,,,,2020-10-26T00:00:00
104,Mary,Thompson,mary.thompson104@corestack.com,CoreStack,Product-Led,Disqualified,0,,,,2021-04-16T00:00:00
105,Barbara,Rodriguez,barbara.rodriguez105@streamlineanalytics.com,StreamLine Analytics,Event,New,53,,,,2023-12-01T00:00:00
106,Barbara,Smith,barbara.smith106@brightwavetech.com,BrightWave Tech,Event,Disqualified,17,,,,2020-02-12T00:00:00
107,Joseph,Wilson,joseph.wilson107@databridgecorp.com,DataBridge Corp,Paid Search,Converted,93,1493,603,2023-11-05,2023-09-16T00:00:00
108,Christopher,Hernandez,christopher.hernandez108@pulsepointdigital.com,PulsePoint Digital,Partner Referral,Working,51,,,,2023-02-06T00:00:00
109,David,Wilson,david.wilson109@truenorthdata.com,TrueNorth Data,Outbound - Cold,New,54,,,,2022-03-18T00:00:00
110,Thomas,Hernandez,thomas.hernandez110@metasync.com,MetaSync,Outbound - SDR,New,24,,,,2023-04-04T00:00:00
111,Karen,Thomas,karen.thomas111@rapidcloud.com,RapidCloud,Paid Search,New,51,,,,2023-07-18T00:00:00
112,Jennifer,Martin,jennifer.martin112@nexgensolutions.com,NexGen Solutions,Outbound - SDR,New,14,,,,2021-05-05T00:00:00
113,Thomas,Taylor,thomas.taylor113@innovateco.com,InnovateCo,Event,MQL,54,,,,2023-06-04T00:00:00
114,Patricia,Miller,patricia.miller114@scaleupsystems.com,ScaleUp Systems,Paid Search,Converted,74,2784,864,2024-11-05,2024-10-31T00:00:00
115,James,Jackson,james.jackson115@streamlineanalytics.com,StreamLine Analytics,Product-Led,Nurture,25,,,,2024-05-15T00:00:00
116,Nancy,Wilson,nancy.wilson116@futureforge.com,FutureForge,Inbound - Content,New,37,,,,2024-06-04T00:00:00
117,Linda,Thomas,linda.thomas117@databridgecorp.com,DataBridge Corp,Partner Referral,Converted,81,1509,552,2024-04-01,2024-01-18T00:00:00
118,Patricia,Wilson,patricia.wilson118@streamlineanalytics.com,StreamLine Analytics,Inbound - Web,Working,43,,,,2022-12-25T00:00:00
119,Christopher,Williams,christopher.williams119@databridgecorp.com,DataBridge Corp,Partner Referral,New,17,,,,2021-02-25T00:00:00
120,Nancy,Davis,nancy.davis120@techflowinc.com,TechFlow Inc,Product-Led,MQL,57,,,,2021-06-25T00:00:00
121,David,Taylor,david.taylor121@metasync.com,MetaSync,Outbound - SDR,SQL,92,,,,2023-02-03T00:00:00
122,Jessica,Hernandez,jessica.hernandez122@truenorthdata.com,TrueNorth Data,Inbound - Web,Converted,95,4968,592,2023-09-26,2023-09-20T00:00:00
123,Thomas,Davis,thomas.davis123@scaleupsystems.com,ScaleUp Systems,Inbound - Webinar,Converted,63,4772,92,2024-07-21,2024-06-26T00:00:00
124,Charles,Miller,charles.miller124@corestack.com,CoreStack,Inbound - Web,Working,13,,,,2023-11-23T00:00:00
125,Barbara,Martinez,barbara.martinez125@primepathdigital.com,PrimePath Digital,Outbound - Cold,Working,41,,,,2023-07-12T00:00:00
126,Jennifer,Johnson,jennifer.johnson126@techflowinc.com,TechFlow Inc,Inbound - Content,Converted,74,4944,38,2020-11-15,2020-09-04T00:00:00
127,James,Martin,,InnovateCo,Outbound - SDR,New,54,,,,2020-03-03T00:00:00
128,Richard,Thompson,richard.thompson128@pulsepointdigital.com,PulsePoint Digital,Partner Referral,New,36,,,,2021-01-20T00:00:00
129,Lisa,Davis,lisa.davis129@corestack.com,CoreStack,Outbound - Cold,MQL,54,,,,2022-11-20T00:00:00
130,Michael,Jones,michael.jones,Insight Platforms,Partner Referral,Disqualified,5,,,,2022-03-07T00:00:00
131,Robert,Garcia,robert.garcia131@streamlineanalytics.com,StreamLine Analytics,Social Media,Nurture,38,,,,2020-01-17T00:00:00
132,Jessica,Brown,jessica.brown132@brightwavetech.com,BrightWave Tech,Event,Converted,99,3200,277,2023-01-30,2023-01-10T00:00:00
133,John,Lee,john.lee133@agiledynamics.com,Agile Dynamics,Partner Referral,New,58,,,,2022-10-16T00:00:00
134,Patricia,Lee,patricia.lee134@insightplatforms.com,Insight Platforms,Social Media,New,11,,,,2020-06-27T00:00:00
135,Charles,Williams,charles.williams135@streamlineanalytics.com,StreamLine Analytics,Product-Led,New,54,,,,2021-10-19T00:00:00
136,James,Gonzalez,james.gonzalez136@vertexai.com,VertexAI,Inbound - Web,Disqualified,23,,,,2020-07-25T00:00:00
137,Charles,Garcia,charles.garcia137@scaleupsystems.com,ScaleUp Systems,Paid Search,New,53,,,,2023-06-14T00:00:00
138,Robert,Taylor,robert.taylor138@scaleupsystems.com,ScaleUp Systems,Event,Working,43,,,,2023-03-30T00:00:00
139,Patricia,Moore,patricia.moore139@quantumlogiclabs.com,QuantumLogic Labs,Partner Referral,Converted,76,1581,880,2024-09-15,2024-08-07T00:00:00
140,William,Thomas,william.thomas140@agiledynamics.com,Agile Dynamics,Inbound - Content,Nurture,67,,,,2022-08-18T00:00:00
141,Mary,Thompson,mary.thompson141@techflowinc.com,TechFlow Inc,Inbound - Content,Disqualified,9,,,,2021-11-25T00:00:00
142,Sarah,Anderson,sarah.anderson142@agiledynamics.com,Agile Dynamics,Inbound - Web,Converted,92,435,348,2024-12-06,2024-10-02T00:00:00
143,Christopher,Gonzalez,christopher.gonzalez143@brightwavetech.com,BrightWave Tech,Inbound - Web,Converted,56,1246,740,2023-01-04,2022-12-26T00:00:00
144,Jessica,Moore,jessica.moore144@brightwavetech.com,BrightWave Tech,Social Media,Converted,75,1158,651,2022-01-11,2021-12-03T00:00:00
145,Jessica,Brown,jessica.brown145@cloudscalesystems.com,CloudScale Systems,Event,Disqualified,23,,,,2022-09-04T00:00:00
146,Mary,Thomas,mary.thomas146@databridgecorp.com,DataBridge Corp,Inbound - Web,MQL,77,,,,2024-01-27T00:00:00
147,Susan,Thompson,susan.thompson147@cybervault.com,CyberVault,Event,Working,41,,,,2020-01-28T00:00:00
148,Susan,Jones,susan.jones148@innovateco.com,InnovateCo,Inbound - Webinar,MQL,93,,,,2024-03-26T00:00:00
149,Jennifer,Anderson,jennifer.anderson149@quantumlogiclabs.com,QuantumLogic Labs,Inbound - Webinar,Disqualified,7,,,,2024-08-10T00:00:00
150,James,Miller,james.miller,CloudScale Systems,Paid Search,MQL,50,,,,2024-07-03T00:00:00
151,David,Taylor,david.taylor151@truenorthdata.com,TrueNorth Data,Paid Search,Working,33,,,,2024-09-19T00:00:00
152,Karen,Jackson,karen.jackson152@streamlineanalytics.com,StreamLine Analytics,Inbound - Web,Disqualified,30,,,,2022-07-24T00:00:00
153,Mary,Martin,mary.martin153@nexgensolutions.com,NexGen Solutions,Inbound - Webinar,MQL,98,,,,2021-09-11T00:00:00
154,Charles,Lee,charles.lee,CoreStack,Inbound - Content,Disqualified,16,,,,2020-08-25T00:00:00
155,Robert,Jackson,robert.jackson155@futureforge.com,FutureForge,Inbound - Content,Working,45,,,,2024-04-10T00:00:00
156,Karen,Lopez,karen.lopez156@insightplatforms.com,Insight Platforms,Paid Search,New,36,,,,2021-11-22T00:00:00
157,Elizabeth,Moore,elizabeth.moore157@pulsepointdigital.com,PulsePoint Digital,Product-Led,Converted,51,3159,408,2024-11-24,2024-09-13T00:00:00
158,William,Hernandez,william.hernandez,NexGen Solutions,Social Media,Disqualified,16,,,,2020-02-09T00:00:00
159,Lisa,Thompson,lisa.thompson159@techflowinc.com,TechFlow Inc,Partner Referral,Converted,96,4023,716,2024-11-29,2024-11-19T00:00:00
160,Elizabeth,Martin,elizabeth.martin160@corestack.com,CoreStack,Inbound - Web,Nurture,56,,,,2024-07-12T00:00:00
161,Barbara,Rodriguez,barbara.rodriguez161@metasync.com,MetaSync,Inbound - Content,MQL,54,,,,2021-03-27T00:00:00
162,Sarah,Lopez,sarah.lopez162@cybervault.com,CyberVault,Inbound - Webinar,Converted,64,3158,507,2022-11-09,2022-10-25T00:00:00
163,Thomas,Martinez,thomas.martinez163@quantumlogiclabs.com,QuantumLogic Labs,Product-Led,New,67,,,,2020-11-14T00:00:00
164,Jessica,Thompson,jessica.thompson,VertexAI,Social Media,MQL,94,,,,2021-10-17T00:00:00
165,Joseph,Johnson,joseph.johnson165@insightplatforms.com,Insight Platforms,Partner Referral,New,34,,,,2023-09-24T00:00:00
166,Charles,Moore,charles.moore166@cloudscalesystems.com,CloudScale Systems,Outbound - Cold,SQL,61,,,,2020-09-06T00:00:00
167,James,Johnson,james.johnson167@scaleupsystems.com,ScaleUp Systems,Outbound - SDR,MQL,59,,,,2023-06-24T00:00:00
168,Christopher,Thompson,christopher.thompson168@insightplatforms.com,Insight Platforms,Outbound - SDR,Disqualified,11,,,,2020-07-24T00:00:00
169,Karen,Lee,karen.lee169@vertexai.com,VertexAI,Partner Referral,Converted,71,1748,77,2022-10-19,2022-09-17T00:00:00
170,Thomas,Martinez,thomas.martinez170@truenorthdata.com,TrueNorth Data,Inbound - Webinar,Converted,97,965,92,2023-01-10,2022-11-20T00:00:00
171,William,Smith,,CloudScale Systems,Event,Converted,55,310,696,2023-11-03,2023-11-03T00:00:00
172,John,Lopez,john.lopez172@truenorthdata.com,TrueNorth Data,Product-Led,Converted,73,2523,154,2024-05-04,2024-03-23T00:00:00
173,Christopher,Wilson,christopher.wilson173@vertexai.com,VertexAI,Paid Search,Converted,65,637,133,2023-05-14,2023-03-26T00:00:00
174,Charles,Miller,charles.miller174@corestack.com,CoreStack,Outbound - Cold,Working,48,,,,2023-01-14T00:00:00
175,John,Moore,john.moore175@quantumlogiclabs.com,QuantumLogic Labs,Event,Converted,64,3077,449,2023-04-14,2023-02-12T00:00:00
176,William,Lopez,william.lopez176@metasync.com,MetaSync,,Disqualified,9,,,,2020-07-19T00:00:00
177,Elizabeth,Hernandez,elizabeth.hernandez177@insightplatforms.com,Insight Platforms,Product-Led,Converted,55,743,452,2023-01-03,2022-12-26T00:00:00
178,Mary,Brown,mary.brown178@insightplatforms.com,Insight Platforms,,MQL,72,,,,2020-02-27T00:00:00
179,Jennifer,Rodriguez,jennifer.rodriguez179@vertexai.com,VertexAI,Social Media,Nurture,64,,,,2024-06-28T00:00:00
180,Linda,Miller,linda.miller180@innovateco.com,InnovateCo,Social Media,Working,23,,,,2022-08-29T00:00:00
181,Jennifer,Anderson,jennifer.anderson181@brightwavetech.com,BrightWave Tech,Product-Led,Converted,87,3028,466,2024-12-08,2024-10-07T00:00:00
182,Jennifer,Thompson,jennifer.thompson182@scaleupsystems.com,ScaleUp Systems,Inbound - Web,Converted,51,344,760,2022-10-05,2022-08-07T00:00:00
183,Thomas,Smith,thomas.smith183@agiledynamics.com,Agile Dynamics,Partner Referral,Nurture,29,,,,2024-03-27T00:00:00
184,Mary,Wilson,mary.wilson184@truenorthdata.com,TrueNorth Data,Social Media,MQL,67,,,,2022-09-14T00:00:00
185,Jennifer,Williams,jennifer.williams185@scaleupsystems.com,ScaleUp Systems,Product-Led,Nurture,68,,,,2020-06-13T00:00:00
186,Linda,Davis,linda.davis186@streamlineanalytics.com,StreamLine Analytics,Partner Referral,Converted,84,3600,217,2024-09-26,2024-08-21T00:00:00
187,Jennifer,Martin,jennifer.martin187@truenorthdata.com,TrueNorth Data,Partner Referral,Working,13,,,,2024-07-23T00:00:00
188,Nancy,Taylor,nancy.taylor188@agiledynamics.com,Agile Dynamics,Social Media,Nurture,23,,,,2020-02-20T00:00:00
189,Mary,Hernandez,mary.hernandez189@futureforge.com,FutureForge,Outbound - SDR,Nurture,30,,,,2024-03-10T00:00:00
190,James,Thomas,james.thomas190@cybervault.com,CyberVault,Social Media,Working,23,,,,2022-03-05T00:00:00
191,Thomas,Garcia,thomas.garcia191@pulsepointdigital.com,PulsePoint Digital,Outbound - SDR,New,14,,,,2023-12-30T00:00:00
192,Jennifer,Thomas,jennifer.thomas192@agiledynamics.com,Agile Dynamics,Social Media,Disqualified,23,,,,2021-05-11T00:00:00
193,James,Smith,james.smith193@nexgensolutions.com,NexGen Solutions,Inbound - Content,Converted,82,1646,798,2022-06-03,2022-03-22T00:00:00
194,Patricia,Taylor,patricia.taylor194@primepathdigital.com,PrimePath Digital,Outbound - Cold,New,44,,,,2024-01-14T00:00:00
195,Joseph,Wilson,joseph.wilson195@brightwavetech.com,BrightWave Tech,Inbound - Webinar,Working,21,,,,2021-06-14T00:00:00
196,James,Johnson,james.johnson,NexGen Solutions,Inbound - Content,New,12,,,,2020-12-28T00:00:00
197,Elizabeth,Anderson,elizabeth.anderson197@cybervault.com,CyberVault,Product-Led,Disqualified,0,,,,2024-02-21T00:00:00
198,Michael,Smith,michael.smith198@primepathdigital.com,PrimePath Digital,Social Media,SQL,69,,,,2020-11-25T00:00:00
199,Robert,Moore,robert.moore199@brightwavetech.com,BrightWave Tech,Inbound - Webinar,New,66,,,,2020-05-19T00:00:00
200,Barbara,Garcia,barbara.garcia200@quantumlogiclabs.com,QuantumLogic Labs,Outbound - Cold,MQL,61,,,,2024-07-26T00:00:00
201,Richard,Lopez,richard.lopez201@streamlineanalytics.com,StreamLine Analytics,,Disqualified,18,,,,2021-04-27T00:00:00
202,Lisa,Hernandez,lisa.hernandez202@nexgensolutions.com,NexGen Solutions,Inbound - Content,Converted,60,1721,1,2021-08-08,2021-06-19T00:00:00
203,Jessica,Miller,jessica.miller203@streamlineanalytics.com,StreamLine Analytics,Inbound - Content,Disqualified,10,,,,2021-12-14T00:00:00
204,William,Johnson,william.johnson204@truenorthdata.com,TrueNorth Data,Outbound - Cold,Nurture,12,,,,2022-12-03T00:00:00
205,James,Garcia,james.garcia205@pulsepointdigital.com,PulsePoint Digital,Outbound - SDR,SQL,51,,,,2020-02-29T00:00:00
206,William,Martinez,william.martinez206@truenorthdata.com,TrueNorth Data,Paid Search,Nurture,60,,,,2020-06-27T00:00:00
207,Charles,Miller,charles.miller207@rapidcloud.com,RapidCloud,Paid Search,SQL,51,,,,2021-11-26T00:00:00
208,Sarah,Lopez,sarah.lopez208@corestack.com,CoreStack,Product-Led,MQL,69,,,,2020-07-28T00:00:00
209,Patricia,Rodriguez,patricia.rodriguez209@primepathdigital.com,PrimePath Digital,Inbound - Web,Disqualified,19,,,,2023-02-09T00:00:00
210,Sarah,Thompson,sarah.thompson210@streamlineanalytics.com,StreamLine Analytics,Social Media,Disqualified,18,,,,2020-01-23T00:00:00
211,James,Hernandez,james.hernandez211@cybervault.com,CyberVault,Inbound - Content,SQL,-97,,,,2020-07-10T00:00:00
212,Jessica,Johnson,jessica.johnson212@pulsepointdigital.com,PulsePoint Digital,Outbound - Cold,New,37,,,,2021-07-18T00:00:00
213,Jessica,Miller,jessica.miller213@innovateco.com,InnovateCo,Social Media,SQL,79,,,,2024-08-11T00:00:00
214,Elizabeth,Lopez,elizabeth.lopez214@brightwavetech.com,BrightWave Tech,Event,Disqualified,9,,,,2024-11-23T00:00:00
215,John,Moore,john.moore215@truenorthdata.com,TrueNorth Data,Inbound - Content,Working,39,,,,2022-05-10T00:00:00
216,Jessica,Davis,jessica.davis216@agiledynamics.com,Agile Dynamics,Inbound - Content,SQL,89,,,,2020-06-17T00:00:00
217,Michael,Smith,michael.smith217@primepathdigital.com,PrimePath Digital,Inbound - Webinar,MQL,97,,,,2020-02-02T00:00:00
218,Lisa,Wilson,lisa.wilson218@cybervault.com,CyberVault,Inbound - Webinar,Nurture,44,,,,2024-02-19T00:00:00
219,Joseph,Hernandez,joseph.hernandez219@insightplatforms.com,Insight Platforms,Inbound - Content,SQL,60,,,,2020-02-19T00:00:00
220,Christopher,Moore,christopher.moore220@scaleupsystems.com,ScaleUp Systems,Inbound - Web,SQL,-59,,,,2022-04-03T00:00:00
221,James,Martinez,james.martinez221@databridgecorp.com,DataBridge Corp,Paid Search,Disqualified,12,,,,2022-01-05T00:00:00
222,Barbara,Hernandez,barbara.hernandez,CloudScale Systems,Inbound - Content,Disqualified,24,,,,2021-09-23T00:00:00
223,Linda,Lee,linda.lee223@corestack.com,CoreStack,Social Media,Nurture,41,,,,2024-11-07T00:00:00
224,Linda,Jackson,linda.jackson224@quantumlogiclabs.com,QuantumLogic Labs,Paid Search,Working,44,,,,2024-04-03T00:00:00
225,Elizabeth,Smith,elizabeth.smith225@techflowinc.com,TechFlow Inc,Paid Search,Nurture,54,,,,2020-05-28T00:00:00
226,Mary,Williams,mary.williams226@streamlineanalytics.com,StreamLine Analytics,Inbound - Content,SQL,91,,,,2022-08-10T00:00:00
227,John,Thomas,john.thomas227@brightwavetech.com,BrightWave Tech,Outbound - Cold,SQL,90,,,,2024-05-31T00:00:00
228,Patricia,Lopez,patricia.lopez228@cybervault.com,CyberVault,Partner Referral,New,41,,,,2020-04-03T00:00:00
229,Susan,Rodriguez,susan.rodriguez229@agiledynamics.com,Agile Dynamics,Outbound - SDR,Disqualified,16,,,,2024-10-16T00:00:00
230,Richard,Miller,richard.miller230@truenorthdata.com,TrueNorth Data,Inbound - Webinar,Nurture,39,,,,2023-03-23T00:00:00
231,Joseph,Taylor,joseph.taylor231@innovateco.com,InnovateCo,Event,Nurture,22,,,,2020-07-28T00:00:00
232,William,Martinez,william.martinez232@corestack.com,CoreStack,Product-Led,Working,22,,,,2020-12-27T00:00:00
233,Daniel,Johnson,daniel.johnson233@cloudscalesystems.com,CloudScale Systems,Partner Referral,Working,32,,,,2022-08-06T00:00:00
234,Lisa,Martinez,lisa.martinez234@pulsepointdigital.com,PulsePoint Digital,Inbound - Web,New,65,,,,2021-07-05T00:00:00
235,Mary,Johnson,mary.johnson,StreamLine Analytics,Outbound - SDR,Nurture,67,,,,2020-05-24T00:00:00
236,Nancy,Gonzalez,nancy.gonzalez236@scaleupsystems.com,ScaleUp Systems,Inbound - Web,Converted,84,3265,953,2024-01-31,2023-12-14T00:00:00
237,Christopher,Davis,,TechFlow Inc,Inbound - Webinar,SQL,92,,,,2023-03-14T00:00:00
238,Barbara,Thompson,barbara.thompson238@techflowinc.com,TechFlow Inc,Outbound - Cold,Converted,97,4065,660,2024-05-18,2024-03-10T00:00:00
239,Patricia,Williams,patricia.williams239@rapidcloud.com,RapidCloud,Event,Converted,53,853,223,2024-07-28,2024-06-10T00:00:00
240,Thomas,Johnson,thomas.johnson240@insightplatforms.com,Insight Platforms,Inbound - Content,Disqualified,15,,,,2023-05-23T00:00:00
241,Christopher,Gonzalez,christopher.gonzalez241@futureforge.com,FutureForge,Social Media,Working,26,,,,2020-12-24T00:00:00
242,Nancy,Smith,nancy.smith242@vertexai.com,VertexAI,Social Media,New,58,,,,2022-12-09T00:00:00
243,Barbara,Miller,barbara.miller243@insightplatforms.com,Insight Platforms,Partner Referral,Converted,60,4987,431,2024-12-05,2024-12-01T00:00:00
244,Christopher,Smith,christopher.smith244@futureforge.com,FutureForge,Outbound - Cold,Disqualified,6,,,,2021-03-26T00:00:00
245,Joseph,Hernandez,joseph.hernandez245@techflowinc.com,TechFlow Inc,Inbound - Webinar,MQL,86,,,,2021-03-03T00:00:00
246,Susan,Hernandez,susan.hernandez246@brightwavetech.com,BrightWave Tech,Inbound - Web,Nurture,50,,,,2021-08-06T00:00:00
247,Mary,Martinez,mary.martinez247@futureforge.com,FutureForge,Inbound - Web,New,49,,,,2023-04-24T00:00:00
248,Elizabeth,Hernandez,elizabeth.hernandez248@insightplatforms.com,Insight Platforms,Event,Nurture,18,,,,2021-05-08T00:00:00
249,Michael,Williams,michael.williams249@rapidcloud.com,RapidCloud,Outbound - Cold,MQL,97,,,,2022-01-12T00:00:00
250,Nancy,Thomas,nancy.thomas250@techflowinc.com,TechFlow Inc,Inbound - Web,Working,15,,,,2020-03-17T00:00:00
251,Michael,Jackson,michael.jackson251@innovateco.com,InnovateCo,Product-Led,SQL,91,,,,2022-10-15T00:00:00
252,Sarah,Hernandez,sarah.hernandez252@agiledynamics.com,Agile Dynamics,Inbound - Webinar,Working,14,,,,2021-02-14T00:00:00
253,Richard,Brown,,PulsePoint Digital,Inbound - Content,SQL,91,,,,2022-02-23T00:00:00
254,Patricia,Hernandez,patricia.hernandez254@agiledynamics.com,Agile Dynamics,Inbound - Webinar,MQL,87,,,,2020-01-13T00:00:00
255,Jessica,Gonzalez,jessica.gonzalez255@scaleupsystems.com,ScaleUp Systems,Social Media,Working,59,,,,2020-10-28T00:00:00
256,Barbara,Martin,barbara.martin256@insightplatforms.com,Insight Platforms,Event,SQL,68,,,,2022-06-28T00:00:00
257,Robert,Jackson,robert.jackson257@corestack.com,CoreStack,Product-Led,Converted,81,4657,742,2024-01-28,2023-11-13T00:00:00
258,William,Davis,william.davis258@quantumlogiclabs.com,QuantumLogic Labs,Inbound - Content,MQL,90,,,,2022-11-03T00:00:00
259,James,Brown,james.brown259@streamlineanalytics.com,StreamLine Analytics,Outbound - SDR,SQL,90,,,,2021-02-03T00:00:00
260,James,Gonzalez,james.gonzalez260@pulsepointdigital.com,PulsePoint Digital,Social Media,MQL,83,,,,2021-04-29T00:00:00
261,Barbara,Jackson,barbara.jackson261@metasync.com,MetaSync,Partner Referral,Converted,65,2056,546,2023-05-10,2023-02-16T00:00:00
262,Nancy,Thomas,nancy.thomas262@nexgensolutions.com,NexGen Solutions,Outbound - Cold,Disqualified,3,,,,2023-04-26T00:00:00
263,Karen,Moore,karen.moore263@brightwavetech.com,BrightWave Tech,Event,Converted,95,1010,200,2021-10-14,2021-07-28T00:00:00
264,Jessica,Smith,jessica.smith264@insightplatforms.com,Insight Platforms,Outbound - SDR,Converted,93,3678,131,2024-03-21,2024-03-14T00:00:00
265,Michael,Moore,michael.moore265@rapidcloud.com,RapidCloud,Partner Referral,Nurture,69,,,,2024-12-04T00:00:00
266,Jennifer,Williams,jennifer.williams266@primepathdigital.com,PrimePath Digital,Inbound - Web,New,69,,,,2024-08-19T00:00:00
267,Mary,Garcia,mary.garcia267@metasync.com,MetaSync,Social Media,New,49,,,,2023-01-21T00:00:00
268,Elizabeth,Anderson,elizabeth.anderson268@agiledynamics.com,Agile Dynamics,Paid Search,Nurture,31,,,,2020-07-25T00:00:00
269,Joseph,Martin,joseph.martin269@cybervault.com,CyberVault,Social Media,MQL,63,,,,2021-10-17T00:00:00
270,James,Lopez,james.lopez270@streamlineanalytics.com,StreamLine Analytics,Event,Disqualified,18,,,,2023-06-24T00:00:00
271,John,Anderson,,RapidCloud,Product-Led,Working,14,,,,2020-10-04T00:00:00
272,Linda,Smith,linda.smith272@cybervault.com,CyberVault,Social Media,Working,63,,,,2021-10-23T00:00:00
273,Barbara,Brown,barbara.brown273@futureforge.com,FutureForge,Product-Led,Converted,88,1213,908,2024-05-30,2024-04-15T00:00:00
274,Linda,Lopez,linda.lopez274@cybervault.com,CyberVault,Paid Search,SQL,91,,,,2023-09-30T00:00:00
275,James,Anderson,james.anderson275@databridgecorp.com,DataBridge Corp,Inbound - Web,New,20,,,,2023-07-19T00:00:00
276,Richard,Jones,richard.jones276@pulsepointdigital.com,PulsePoint Digital,Inbound - Content,Converted,61,170,431,2024-11-30,2024-10-28T00:00:00
277,Thomas,Moore,thomas.moore277@cybervault.com,CyberVault,Outbound - Cold,Disqualified,10,,,,2024-06-10T00:00:00
278,Sarah,Garcia,sarah.garcia278@futureforge.com,FutureForge,Inbound - Content,Converted,75,2366,336,2024-02-02,2023-12-02T00:00:00
279,Richard,Taylor,richard.taylor279@metasync.com,MetaSync,Inbound - Content,Nurture,28,,,,2021-02-23T00:00:00
280,Lisa,Miller,lisa.miller280@primepathdigital.com,PrimePath Digital,Paid Search,Disqualified,2,,,,2022-12-29T00:00:00
281,Jennifer,Miller,jennifer.miller281@techflowinc.com,TechFlow Inc,Outbound - Cold,Disqualified,11,,,,2021-09-07T00:00:00
282,Joseph,Johnson,joseph.johnson282@databridgecorp.com,DataBridge Corp,Paid Search,MQL,54,,,,2023-09-04T00:00:00
283,Jennifer,Jackson,jennifer.jackson283@rapidcloud.com,RapidCloud,Social Media,MQL,51,,,,2020-03-26T00:00:00
284,William,Hernandez,william.hernandez284@futureforge.com,FutureForge,Social Media,Converted,63,1150,657,2024-03-05,2024-02-19T00:00:00
285,Daniel,Anderson,daniel.anderson285@cybervault.com,CyberVault,Event,Converted,89,623,509,2024-12-14,2024-10-30T00:00:00
286,Sarah,Anderson,sarah.anderson286@streamlineanalytics.com,StreamLine Analytics,Inbound - Web,Working,13,,,,2022-05-31T00:00:00
287,Barbara,Gonzalez,barbara.gonzalez287@primepathdigital.com,PrimePath Digital,Inbound - Webinar,Working,12,,,,2022-02-14T00:00:00
288,Joseph,Wilson,joseph.wilson288@insightplatforms.com,Insight Platforms,Product-Led,New,38,,,,2022-10-31T00:00:00
289,Charles,Lee,charles.lee289@databridgecorp.com,DataBridge Corp,Inbound - Content,Converted,98,2771,554,2024-09-29,2024-08-31T00:00:00
290,Christopher,Johnson,christopher.johnson290@brightwavetech.com,BrightWave Tech,Inbound - Webinar,MQL,63,,,,2023-04-26T00:00:00
291,David,Brown,david.brown291@agiledynamics.com,Agile Dynamics,Event,Disqualified,26,,,,2020-09-21T00:00:00
292,Nancy,Lopez,nancy.lopez292@insightplatforms.com,Insight Platforms,Product-Led,Working,30,,,,2020-05-31T00:00:00
293,Susan,Brown,susan.brown293@scaleupsystems.com,ScaleUp Systems,Event,New,65,,,,2022-04-02T00:00:00
294,Robert,Johnson,robert.johnson294@pulsepointdigital.com,PulsePoint Digital,Social Media,MQL,58,,,,2024-06-01T00:00:00
295,Christopher,Jackson,christopher.jackson,Insight Platforms,Outbound - Cold,Working,30,,,,2024-10-05T00:00:00
296,Thomas,Smith,thomas.smith296@primepathdigital.com,PrimePath Digital,Product-Led,Nurture,48,,,,2024-09-25T00:00:00
297,Lisa,Davis,lisa.davis297@corestack.com,CoreStack,Product-Led,Converted,73,1758,292,2024-07-07,2024-04-17T00:00:00
298,Linda,Taylor,linda.taylor298@databridgecorp.com,DataBridge Corp,Event,Disqualified,20,,,,2022-03-27T00:00:00
299,Jessica,Miller,jessica.miller299@futureforge.com,FutureForge,Outbound - SDR,Disqualified,19,,,,2023-01-25T00:00:00
300,Nancy,Rodriguez,nancy.rodriguez300@scaleupsystems.com,ScaleUp Systems,Outbound - SDR,Working,54,,,,2020-05-13T00:00:00
301,Charles,Lopez,charles.lopez301@futureforge.com,FutureForge,Inbound - Content,New,69,,,,2024-03-20T00:00:00
302,Mary,Brown,mary.brown302@insightplatforms.com,Insight Platforms,Outbound - Cold,SQL,-70,,,,2020-01-17T00:00:00
303,Lisa,Wilson,lisa.wilson303@innovateco.com,InnovateCo,Inbound - Webinar,Disqualified,25,,,,2021-06-06T00:00:00
304,John,Wilson,john.wilson304@metasync.com,MetaSync,Outbound - Cold,New,14,,,,2023-08-27T00:00:00
305,Karen,Moore,,MetaSync,Partner Referral,New,11,,,,2021-10-27T00:00:00
306,Richard,Smith,richard.smith306@primepathdigital.com,PrimePath Digital,Paid Search,SQL,91,,,,2024-01-10T00:00:00
307,Richard,Taylor,richard.taylor307@vertexai.com,VertexAI,Social Media,Working,66,,,,2021-06-29T00:00:00
308,Lisa,Rodriguez,lisa.rodriguez,CloudScale Systems,Inbound - Content,Converted,81,1133,696,2023-12-05,2023-11-19T00:00:00
309,Patricia,Garcia,patricia.garcia309@cybervault.com,CyberVault,Product-Led,SQL,88,,,,2022-06-19T00:00:00
310,Jennifer,Martin,jennifer.martin310@corestack.com,CoreStack,Paid Search,Converted,73,3264,801,2023-01-04,2022-12-26T00:00:00
311,Richard,Johnson,richard.johnson311@vertexai.com,VertexAI,Event,Nurture,43,,,,2021-01-26T00:00:00
312,Joseph,Taylor,joseph.taylor312@agiledynamics.com,Agile Dynamics,Inbound - Webinar,MQL,78,,,,2020-03-22T00:00:00
313,Richard,Smith,richard.smith313@databridgecorp.com,DataBridge Corp,Social Media,New,18,,,,2023-12-24T00:00:00
314,Robert,Thomas,robert.thomas314@metasync.com,MetaSync,Outbound - Cold,New,10,,,,2021-07-12T00:00:00
315,David,Anderson,david.anderson315@truenorthdata.com,TrueNorth Data,Partner Referral,Working,47,,,,2024-08-02T00:00:00
316,Jessica,Thomas,jessica.thomas316@pulsepointdigital.com,PulsePoint Digital,Paid Search,SQL,57,,,,2023-03-13T00:00:00
317,Barbara,Martinez,barbara.martinez,PulsePoint Digital,Product-Led,MQL,87,,,,2024-09-03T00:00:00
318,Nancy,Jones,nancy.jones318@cybervault.com,CyberVault,Product-Led,Converted,85,401,761,2024-08-15,2024-07-26T00:00:00
319,David,Jones,david.jones319@streamlineanalytics.com,StreamLine Analytics,Social Media,New,15,,,,2021-09-06T00:00:00
320,Nancy,Lee,nancy.lee320@pulsepointdigital.com,PulsePoint Digital,Outbound - SDR,Working,29,,,,2021-09-24T00:00:00
321,Michael,Taylor,michael.taylor321@primepathdigital.com,PrimePath Digital,Inbound - Webinar,Disqualified,7,,,,2024-04-12T00:00:00
322,Michael,Lopez,michael.lopez322@streamlineanalytics.com,StreamLine Analytics,Inbound - Webinar,Disqualified,29,,,,2023-02-08T00:00:00
323,David,Martin,david.martin323@nexgensolutions.com,NexGen Solutions,Partner Referral,Converted,64,635,836,2024-10-27,2024-10-27T00:00:00
324,Richard,Wilson,richard.wilson324@streamlineanalytics.com,StreamLine Analytics,Product-Led,Nurture,-44,,,,2022-04-29T00:00:00
325,Linda,Johnson,linda.johnson325@techflowinc.com,TechFlow Inc,,Converted,64,4358,515,2022-04-25,2022-02-24T00:00:00
326,Sarah,Taylor,sarah.taylor326@innovateco.com,InnovateCo,Event,SQL,100,,,,2022-03-14T00:00:00
327,David,Gonzalez,david.gonzalez327@insightplatforms.com,Insight Platforms,Outbound - SDR,MQL,83,,,,2020-01-23T00:00:00
328,Joseph,Wilson,joseph.wilson328@nexgensolutions.com,NexGen Solutions,Social Media,Nurture,21,,,,2024-09-24T00:00:00
329,Nancy,Johnson,nancy.johnson329@databridgecorp.com,DataBridge Corp,Inbound - Web,Working,15,,,,2024-08-27T00:00:00
330,James,Jones,james.jones330@agiledynamics.com,Agile Dynamics,Inbound - Content,Working,16,,,,2020-02-07T00:00:00
331,Jennifer,Thomas,jennifer.thomas331@pulsepointdigital.com,PulsePoint Digital,Event,SQL,85,,,,2021-08-09T00:00:00
332,Linda,Garcia,linda.garcia332@cloudscalesystems.com,CloudScale Systems,Event,Working,63,,,,2020-09-21T00:00:00
333,Mary,Brown,mary.brown333@cybervault.com,CyberVault,Outbound - SDR,SQL,70,,,,2021-11-22T00:00:00
334,Jennifer,Martin,jennifer.martin334@databridgecorp.com,DataBridge Corp,Inbound - Web,Disqualified,12,,,,2024-03-16T00:00:00
335,Linda,Thompson,linda.thompson335@quantumlogiclabs.com,QuantumLogic Labs,Outbound - Cold,MQL,86,,,,2021-06-13T00:00:00
336,Christopher,Martinez,christopher.martinez336@metasync.com,MetaSync,Social Media,New,67,,,,2023-01-24T00:00:00
337,Sarah,Wilson,sarah.wilson337@truenorthdata.com,TrueNorth Data,Social Media,New,47,,,,2022-02-02T00:00:00
338,Thomas,Taylor,thomas.taylor338@rapidcloud.com,RapidCloud,Social Media,New,38,,,,2023-02-05T00:00:00
339,Michael,Martinez,michael.martinez,QuantumLogic Labs,Outbound - SDR,Nurture,17,,,,2020-08-23T00:00:00
340,Christopher,Martin,christopher.martin340@cloudscalesystems.com,CloudScale Systems,Social Media,MQL,89,,,,2023-08-27T00:00:00
341,Susan,Garcia,susan.garcia341@quantumlogiclabs.com,QuantumLogic Labs,Social Media,Nurture,56,,,,2021-03-29T00:00:00
342,Linda,Lee,linda.lee342@rapidcloud.com,RapidCloud,Paid Search,Disqualified,5,,,,2021-10-28T00:00:00
343,Linda,Thomas,linda.thomas343@insightplatforms.com,Insight Platforms,Outbound - Cold,MQL,89,,,,2021-08-30T00:00:00
344,Patricia,Garcia,patricia.garcia344@brightwavetech.com,BrightWave Tech,Inbound - Web,SQL,93,,,,2020-10-13T00:00:00
345,Patricia,Martinez,,CyberVault,Outbound - SDR,MQL,62,,,,2020-05-09T00:00:00
346,William,Martinez,william.martinez346@databridgecorp.com,DataBridge Corp,Social Media,New,39,,,,2020-11-09T00:00:00
347,Lisa,Martin,lisa.martin347@cybervault.com,CyberVault,Outbound - SDR,Disqualified,2,,,,2022-02-04T00:00:00
348,Jessica,Brown,jessica.brown,PulsePoint Digital,Paid Search,Disqualified,8,,,,2020-09-09T00:00:00
349,Nancy,Thompson,nancy.thompson349@quantumlogiclabs.com,QuantumLogic Labs,,Converted,93,1,555,2024-03-02,2024-02-10T00:00:00
350,Christopher,Hernandez,christopher.hernandez350@scaleupsystems.com,ScaleUp Systems,Outbound - Cold,New,52,,,,2022-05-13T00:00:00
351,John,Thomas,john.thomas351@agiledynamics.com,Agile Dynamics,Social Media,Converted,74,3989,76,2024-02-25,2023-12-26T00:00:00
352,Susan,Gonzalez,susan.gonzalez352@quantumlogiclabs.com,QuantumLogic Labs,Outbound - SDR,Disqualified,1,,,,2020-06-19T00:00:00
353,Joseph,Davis,joseph.davis353@brightwavetech.com,BrightWave Tech,Product-Led,Disqualified,13,,,,2023-02-17T00:00:00
354,Christopher,Thomas,,CoreStack,Outbound - SDR,Nurture,65,,,,2022-06-05T00:00:00
355,Christopher,Williams,christopher.williams355@innovateco.com,InnovateCo,Social Media,SQL,99,,,,2022-09-08T00:00:00
356,Lisa,Anderson,lisa.anderson356@corestack.com,CoreStack,Outbound - Cold,Disqualified,11,,,,2024-11-18T00:00:00
357,William,Thompson,william.thompson,DataBridge Corp,Paid Search,MQL,64,,,,2023-05-04T00:00:00
358,John,Taylor,john.taylor358@futureforge.com,FutureForge,Event,Working,39,,,,2024-07-25T00:00:00
359,Jessica,Smith,jessica.smith359@techflowinc.com,TechFlow Inc,Inbound - Web,Nurture,69,,,,2024-05-08T00:00:00
360,Sarah,Miller,sarah.miller360@vertexai.com,VertexAI,Inbound - Content,Converted,70,3093,702,2024-11-29,2024-09-26T00:00:00
361,Christopher,Moore,christopher.moore361@techflowinc.com,TechFlow Inc,Inbound - Web,SQL,90,,,,2022-07-10T00:00:00
362,Joseph,Gonzalez,joseph.gonzalez362@innovateco.com,InnovateCo,Inbound - Webinar,MQL,96,,,,2024-07-24T00:00:00
363,Barbara,Thomas,barbara.thomas363@techflowinc.com,TechFlow Inc,Event,Converted,58,3850,445,2024-12-21,2024-12-15T00:00:00
364,Richard,Johnson,richard.johnson364@metasync.com,MetaSync,Product-Led,Converted,50,3646,114,2024-10-26,2024-09-17T00:00:00
365,Michael,Garcia,,DataBridge Corp,Paid Search,Nurture,-69,,,,2022-01-03T00:00:00
366,Thomas,Williams,thomas.williams366@brightwavetech.com,BrightWave Tech,Social Media,Nurture,46,,,,2022-08-14T00:00:00
367,Karen,Rodriguez,karen.rodriguez367@vertexai.com,VertexAI,Inbound - Content,Working,25,,,,2023-08-23T00:00:00
368,Elizabeth,Smith,elizabeth.smith,Agile Dynamics,Inbound - Content,MQL,63,,,,2020-08-07T00:00:00
369,Christopher,Smith,christopher.smith369@nexgensolutions.com,NexGen Solutions,Inbound - Content,New,40,,,,2023-09-15T00:00:00
370,James,Lopez,james.lopez370@corestack.com,CoreStack,Paid Search,Nurture,67,,,,2023-12-13T00:00:00
371,Sarah,Garcia,sarah.garcia371@futureforge.com,FutureForge,Product-Led,Nurture,24,,,,2022-07-05T00:00:00
372,Lisa,Smith,lisa.smith372@corestack.com,CoreStack,Partner Referral,Converted,77,3346,835,2024-11-26,2024-11-16T00:00:00
373,James,Gonzalez,james.gonzalez373@innovateco.com,InnovateCo,Outbound - Cold,MQL,50,,,,2021-03-30T00:00:00
374,Christopher,Taylor,christopher.taylor374@truenorthdata.com,TrueNorth Data,Product-Led,Converted,93,4118,716,2024-10-17,2024-08-05T00:00:00
375,Charles,Jackson,charles.jackson375@cybervault.com,CyberVault,Outbound - SDR,Disqualified,1,,,,2024-10-04T00:00:00
376,Nancy,Rodriguez,nancy.rodriguez376@vertexai.com,VertexAI,Outbound - Cold,Working,25,,,,2024-05-17T00:00:00
377,Michael,Miller,michael.miller377@techflowinc.com,TechFlow Inc,Partner Referral,Converted,76,603,128,2024-10-07,2024-08-28T00:00:00
378,Michael,Smith,michael.smith378@primepathdigital.com,PrimePath Digital,Inbound - Content,Converted,62,4462,716,2024-12-20,2024-11-23T00:00:00
379,Linda,Miller,linda.miller379@futureforge.com,FutureForge,Inbound - Content,Converted,100,1818,76,2024-11-09,2024-08-27T00:00:00
380,Sarah,Davis,sarah.davis380@brightwavetech.com,BrightWave Tech,Social Media,Converted,86,2527,648,2022-02-21,2021-12-22T00:00:00
381,Richard,Jones,richard.jones381@innovateco.com,InnovateCo,Event,Working,38,,,,2023-07-15T00:00:00
382,Charles,Wilson,,NexGen Solutions,Partner Referral,Working,19,,,,2023-12-10T00:00:00
383,Elizabeth,Martin,elizabeth.martin383@scaleupsystems.com,ScaleUp Systems,Product-Led,Converted,72,3608,451,2024-02-03,2024-01-15T00:00:00
384,James,Brown,james.brown384@databridgecorp.com,DataBridge Corp,Inbound - Content,Nurture,20,,,,2023-03-15T00:00:00
385,Nancy,Garcia,nancy.garcia385@techflowinc.com,TechFlow Inc,Inbound - Web,Disqualified,19,,,,2021-08-07T00:00:00
386,Sarah,Jackson,sarah.jackson386@rapidcloud.com,RapidCloud,Partner Referral,Working,15,,,,2021-07-04T00:00:00
387,Jennifer,Thomas,jennifer.thomas387@techflowinc.com,TechFlow Inc,Event,Working,41,,,,2022-09-24T00:00:00
388,Michael,Williams,michael.williams,PrimePath Digital,Social Media,SQL,82,,,,2022-06-15T00:00:00
389,Joseph,Lee,joseph.lee389@pulsepointdigital.com,PulsePoint Digital,Inbound - Web,SQL,79,,,,2023-10-28T00:00:00
390,Sarah,Hernandez,sarah.hernandez390@databridgecorp.com,DataBridge Corp,Partner Referral,MQL,70,,,,2023-12-09T00:00:00
391,Nancy,Garcia,nancy.garcia391@agiledynamics.com,Agile Dynamics,Paid Search,Converted,55,3455,484,2024-07-22,2024-06-29T00:00:00
392,Thomas,Anderson,thomas.anderson392@insightplatforms.com,Insight Platforms,Inbound - Webinar,Converted,78,4703,286,2024-09-01,2024-06-24T00:00:00
393,Christopher,Thompson,christopher.thompson393@techflowinc.com,TechFlow Inc,Inbound - Content,New,35,,,,2020-11-21T00:00:00
394,Nancy,Martinez,nancy.martinez394@metasync.com,MetaSync,Event,Converted,90,1441,161,2024-09-22,2024-09-14T00:00:00
395,Thomas,Wilson,thomas.wilson395@agiledynamics.com,Agile Dynamics,Partner Referral,MQL,63,,,,2024-03-09T00:00:00
396,Nancy,Lee,nancy.lee396@agiledynamics.com,Agile Dynamics,Inbound - Webinar,Working,56,,,,2024-04-07T00:00:00
397,Richard,Martinez,richard.martinez397@nexgensolutions.com,NexGen Solutions,Inbound - Web,Converted,59,4170,239,2024-12-06,2024-11-18T00:00:00
398,James,Thompson,,BrightWave Tech,Inbound - Webinar,Nurture,18,,,,2021-06-21T00:00:00
399,Daniel,Wilson,daniel.wilson399@brightwavetech.com,BrightWave Tech,Inbound - Content,New,31,,,,2020-11-29T00:00:00
400,Mary,Brown,mary.brown400@brightwavetech.com,BrightWave Tech,Partner Referral,MQL,53,,,,2023-08-12T00:00:00
401,Patricia,Moore,patricia.moore401@streamlineanalytics.com,StreamLine Analytics,Inbound - Web,SQL,65,,,,2020-02-22T00:00:00
402,Karen,Martinez,karen.martinez402@scaleupsystems.com,ScaleUp Systems,Inbound - Webinar,Nurture,45,,,,2023-08-25T00:00:00
403,Richard,Thomas,richard.thomas403@techflowinc.com,TechFlow Inc,Event,Disqualified,-7,,,,2022-02-27T00:00:00
404,Michael,Gonzalez,michael.gonzalez404@metasync.com,MetaSync,Social Media,Nurture,14,,,,2021-09-30T00:00:00
405,Richard,Davis,richard.davis405@vertexai.com,VertexAI,Paid Search,MQL,64,,,,2022-02-13T00:00:00
406,William,Rodriguez,william.rodriguez406@cybervault.com,CyberVault,Product-Led,Converted,60,815,495,2024-03-10,2024-01-28T00:00:00
407,Mary,Thomas,mary.thomas407@corestack.com,CoreStack,Paid Search,Converted,66,151,743,2024-11-13,2024-09-29T00:00:00
408,Michael,Martin,michael.martin408@insightplatforms.com,Insight Platforms,Inbound - Web,Converted,83,4588,200,2024-11-01,2024-08-16T00:00:00
409,Charles,Smith,charles.smith409@streamlineanalytics.com,StreamLine Analytics,Social Media,MQL,55,,,,2020-01-06T00:00:00
410,Patricia,Rodriguez,patricia.rodriguez410@techflowinc.com,TechFlow Inc,Outbound - Cold,Nurture,39,,,,2020-10-14T00:00:00
411,Robert,Gonzalez,robert.gonzalez411@techflowinc.com,TechFlow Inc,Inbound - Webinar,Working,56,,,,2022-01-04T00:00:00
412,Christopher,Anderson,christopher.anderson412@databridgecorp.com,DataBridge Corp,Outbound - Cold,SQL,98,,,,2023-09-19T00:00:00
413,Thomas,Martinez,thomas.martinez413@techflowinc.com,TechFlow Inc,Partner Referral,Disqualified,19,,,,2020-08-31T00:00:00
414,Barbara,Hernandez,barbara.hernandez414@pulsepointdigital.com,PulsePoint Digital,Inbound - Content,New,31,,,,2022-07-26T00:00:00
415,Daniel,Jackson,daniel.jackson415@primepathdigital.com,PrimePath Digital,Outbound - SDR,Converted,53,3981,384,2024-02-29,2023-12-14T00:00:00
416,Christopher,Jones,christopher.jones416@futureforge.com,FutureForge,Inbound - Content,Disqualified,4,,,,2024-03-30T00:00:00
417,Elizabeth,Lopez,elizabeth.lopez417@nexgensolutions.com,NexGen Solutions,Outbound - Cold,Nurture,48,,,,2023-05-30T00:00:00
418,Susan,Smith,susan.smith418@cloudscalesystems.com,CloudScale Systems,Outbound - SDR,MQL,72,,,,2021-10-23T00:00:00
419,Jessica,Moore,jessica.moore419@brightwavetech.com,BrightWave Tech,Inbound - Webinar,MQL,95,,,,2020-09-14T00:00:00
420,James,Wilson,james.wilson420@futureforge.com,FutureForge,Partner Referral,SQL,80,,,,2022-01-15T00:00:00
421,Elizabeth,Thomas,elizabeth.thomas421@innovateco.com,InnovateCo,Inbound - Web,Converted,-94,1719,261,2024-11-12,2024-10-13T00:00:00
422,Patricia,Miller,patricia.miller,CyberVault,Inbound - Content,SQL,56,,,,2020-06-04T00:00:00
423,Susan,Moore,susan.moore423@corestack.com,CoreStack,Outbound - Cold,SQL,83,,,,2021-06-21T00:00:00
424,John,Thompson,john.thompson424@scaleupsystems.com,ScaleUp Systems,Paid Search,SQL,62,,,,2022-01-04T00:00:00
425,Linda,Moore,linda.moore425@agiledynamics.com,Agile Dynamics,Partner Referral,Converted,79,622,732,2023-12-01,2023-11-10T00:00:00
426,Barbara,Taylor,barbara.taylor426@corestack.com,CoreStack,Outbound - Cold,Converted,89,4652,458,2024-12-04,2024-09-18T00:00:00
427,John,Jones,john.jones427@metasync.com,MetaSync,Outbound - Cold,New,28,,,,2022-02-04T00:00:00
428,Christopher,Moore,christopher.moore428@pulsepointdigital.com,PulsePoint Digital,Social Media,Working,37,,,,2021-09-21T00:00:00
429,Daniel,Jackson,daniel.jackson429@vertexai.com,VertexAI,Outbound - SDR,New,52,,,,2022-03-31T00:00:00
430,Lisa,Anderson,lisa.anderson430@streamlineanalytics.com,StreamLine Analytics,Outbound - SDR,SQL,97,,,,2024-04-26T00:00:00
431,David,Taylor,david.taylor431@insightplatforms.com,Insight Platforms,,Nurture,30,,,,2020-05-17T00:00:00
432,Daniel,Anderson,daniel.anderson432@scaleupsystems.com,ScaleUp Systems,Paid Search,Disqualified,4,,,,2022-10-14T00:00:00
433,Joseph,Thomas,,DataBridge Corp,Inbound - Webinar,Working,33,,,,2020-01-04T00:00:00
434,Daniel,Thomas,daniel.thomas434@vertexai.com,VertexAI,Inbound - Web,Disqualified,14,,,,2021-01-29T00:00:00
435,Barbara,Martin,barbara.martin435@techflowinc.com,TechFlow Inc,Inbound - Web,Converted,95,163,97,2024-05-27,2024-04-10T00:00:00
436,Susan,Wilson,susan.wilson436@truenorthdata.com,TrueNorth Data,Outbound - Cold,Working,22,,,,2024-12-18T00:00:00
437,Jessica,Gonzalez,,PulsePoint Digital,Outbound - Cold,New,32,,,,2022-08-19T00:00:00
438,Michael,Johnson,michael.johnson438@quantumlogiclabs.com,QuantumLogic Labs,Partner Referral,Converted,92,1250,289,2023-12-03,2023-12-03T00:00:00
439,Daniel,Lopez,daniel.lopez439@insightplatforms.com,Insight Platforms,Outbound - SDR,Nurture,62,,,,2024-08-20T00:00:00
440,Richard,Martin,richard.martin440@insightplatforms.com,Insight Platforms,Social Media,MQL,84,,,,2022-05-29T00:00:00
441,David,Thomas,david.thomas441@innovateco.com,InnovateCo,Product-Led,MQL,73,,,,2023-05-20T00:00:00
442,Michael,Johnson,michael.johnson442@corestack.com,CoreStack,Inbound - Web,SQL,97,,,,2023-08-21T00:00:00
443,Nancy,Taylor,nancy.taylor443@vertexai.com,VertexAI,Social Media,Working,32,,,,2022-09-11T00:00:00
444,Daniel,Martin,,CyberVault,Partner Referral,Converted,86,930,510,2024-04-30,2024-02-21T00:00:00
445,Daniel,Thomas,daniel.thomas445@techflowinc.com,TechFlow Inc,Inbound - Web,Converted,-92,4505,866,2024-07-24,2024-07-04T00:00:00
446,Jennifer,Taylor,jennifer.taylor,CoreStack,Paid Search,SQL,-73,,,,2022-12-31T00:00:00
447,Patricia,Jones,patricia.jones447@scaleupsystems.com,ScaleUp Systems,Paid Search,Converted,56,4161,779,2024-10-20,2024-08-23T00:00:00
448,Robert,Davis,,PulsePoint Digital,Partner Referral,New,28,,,,2024-11-02T00:00:00
449,Mary,Brown,,CyberVault,Product-Led,New,34,,,,2022-02-26T00:00:00
450,Jessica,Hernandez,jessica.hernandez450@cloudscalesystems.com,CloudScale Systems,Social Media,Working,50,,,,2022-02-07T00:00:00
451,Robert,Garcia,robert.garcia451@streamlineanalytics.com,StreamLine Analytics,Inbound - Content,Converted,99,2400,150,2024-05-29,2024-05-03T00:00:00
452,Nancy,Martin,,RapidCloud,Outbound - Cold,Working,63,,,,2021-01-02T00:00:00
453,Lisa,Lee,lisa.lee453@corestack.com,CoreStack,Partner Referral,Converted,56,3123,288,2024-09-20,2024-09-11T00:00:00
454,David,Lopez,david.lopez454@databridgecorp.com,DataBridge Corp,Outbound - Cold,Working,13,,,,2020-06-07T00:00:00
455,John,Thomas,john.thomas455@brightwavetech.com,BrightWave Tech,Social Media,MQL,79,,,,2021-06-05T00:00:00
456,Charles,Brown,charles.brown456@rapidcloud.com,RapidCloud,Product-Led,Converted,85,4006,380,2022-12-29,2022-10-11T00:00:00
457,Daniel,Lopez,daniel.lopez457@scaleupsystems.com,ScaleUp Systems,Outbound - SDR,Disqualified,-24,,,,2021-04-05T00:00:00
458,William,Thomas,william.thomas458@corestack.com,CoreStack,Social Media,New,12,,,,2021-10-24T00:00:00
459,Jennifer,Thomas,,Agile Dynamics,Social Media,Nurture,11,,,,2023-06-25T00:00:00
460,Jennifer,Johnson,jennifer.johnson460@brightwavetech.com,BrightWave Tech,Social Media,New,31,,,,2022-07-18T00:00:00
461,Jennifer,Anderson,jennifer.anderson461@metasync.com,MetaSync,Social Media,New,59,,,,2024-04-05T00:00:00
462,Thomas,Thomas,thomas.thomas462@cloudscalesystems.com,CloudScale Systems,Inbound - Content,MQL,84,,,,2020-08-21T00:00:00
463,Jennifer,Jackson,jennifer.jackson463@techflowinc.com,TechFlow Inc,Social Media,SQL,79,,,,2024-04-10T00:00:00
464,Daniel,Jones,daniel.jones464@agiledynamics.com,Agile Dynamics,Inbound - Content,MQL,92,,,,2020-11-13T00:00:00
465,Elizabeth,Brown,elizabeth.brown465@scaleupsystems.com,ScaleUp Systems,Outbound - SDR,Working,12,,,,2020-04-26T00:00:00
466,Jennifer,Jones,jennifer.jones466@streamlineanalytics.com,StreamLine Analytics,Inbound - Webinar,Converted,69,3950,828,2022-06-03,2022-03-12T00:00:00
467,Mary,Brown,mary.brown467@innovateco.com,InnovateCo,Outbound - SDR,MQL,77,,,,2022-12-20T00:00:00
468,Robert,Rodriguez,robert.rodriguez468@vertexai.com,VertexAI,Paid Search,Nurture,11,,,,2023-02-28T00:00:00
469,Mary,Gonzalez,mary.gonzalez469@metasync.com,MetaSync,Product-Led,Converted,63,1407,902,2024-10-17,2024-07-30T00:00:00
470,Lisa,Lee,lisa.lee470@innovateco.com,InnovateCo,Partner Referral,Converted,58,3317,278,2024-07-12,2024-07-09T00:00:00
471,Nancy,Martinez,nancy.martinez471@quantumlogiclabs.com,QuantumLogic Labs,Outbound - Cold,Working,37,,,,2020-12-14T00:00:00
472,Elizabeth,Martinez,elizabeth.martinez472@vertexai.com,VertexAI,Inbound - Webinar,Nurture,50,,,,2020-09-25T00:00:00
473,Linda,Brown,linda.brown473@metasync.com,MetaSync,Inbound - Content,Converted,67,3485,258,2022-09-10,2022-08-29T00:00:00
474,Linda,Taylor,linda.taylor474@quantumlogiclabs.com,QuantumLogic Labs,Product-Led,Converted,60,2470,147,2024-09-15,2024-09-14T00:00:00
475,Jessica,Lee,jessica.lee475@primepathdigital.com,PrimePath Digital,Inbound - Content,MQL,70,,,,2023-09-26T00:00:00
476,Jennifer,Gonzalez,jennifer.gonzalez476@agiledynamics.com,Agile Dynamics,Product-Led,Disqualified,22,,,,2020-02-18T00:00:00
477,Jessica,Wilson,jessica.wilson477@metasync.com,MetaSync,Inbound - Webinar,MQL,51,,,,2022-11-08T00:00:00
478,John,Martin,john.martin478@truenorthdata.com,TrueNorth Data,Outbound - SDR,Working,14,,,,2023-04-26T00:00:00
479,John,Martin,john.martin479@corestack.com,CoreStack,Inbound - Content,New,10,,,,2020-02-24T00:00:00
480,Susan,Williams,,PrimePath Digital,Paid Search,MQL,62,,,,2024-10-26T00:00:00
481,William,Taylor,william.taylor481@techflowinc.com,TechFlow Inc,Product-Led,Working,69,,,,2023-05-13T00:00:00
482,Jennifer,Rodriguez,jennifer.rodriguez482@innovateco.com,InnovateCo,Inbound - Content,SQL,57,,,,2022-12-05T00:00:00
483,Lisa,Martinez,lisa.martinez483@pulsepointdigital.com,PulsePoint Digital,Outbound - SDR,Nurture,34,,,,2020-01-09T00:00:00
484,Daniel,Wilson,daniel.wilson484@vertexai.com,VertexAI,Inbound - Content,Nurture,13,,,,2022-01-27T00:00:00
485,Lisa,Williams,lisa.williams485@metasync.com,MetaSync,Inbound - Web,New,40,,,,2023-03-30T00:00:00
486,John,Jackson,john.jackson486@techflowinc.com,TechFlow Inc,Social Media,Nurture,19,,,,2023-02-15T00:00:00
487,Patricia,Davis,patricia.davis487@nexgensolutions.com,NexGen Solutions,Event,Nurture,46,,,,2020-10-18T00:00:00
488,James,Brown,james.brown488@agiledynamics.com,Agile Dynamics,Inbound - Web,New,62,,,,2024-03-21T00:00:00
489,Jennifer,Thompson,,TechFlow Inc,Inbound - Web,Nurture,16,,,,2022-11-15T00:00:00
490,Karen,Brown,karen.brown490@insightplatforms.com,Insight Platforms,Event,Nurture,51,,,,2020-12-07T00:00:00
491,Charles,Thomas,charles.thomas491@truenorthdata.com,TrueNorth Data,Paid Search,MQL,94,,,,2023-02-22T00:00:00
492,Barbara,Rodriguez,barbara.rodriguez492@futureforge.com,FutureForge,Inbound - Web,Converted,77,3571,31,2024-09-06,2024-08-12T00:00:00
493,Richard,Wilson,richard.wilson493@brightwavetech.com,BrightWave Tech,Inbound - Web,Converted,53,2244,869,2024-06-15,2024-06-14T00:00:00
494,Barbara,Moore,barbara.moore494@scaleupsystems.com,ScaleUp Systems,Outbound - Cold,Working,62,,,,2024-09-23T00:00:00
495,Michael,Anderson,michael.anderson495@metasync.com,MetaSync,Outbound - SDR,Disqualified,-18,,,,2024-11-18T00:00:00
496,Thomas,Williams,thomas.williams496@scaleupsystems.com,ScaleUp Systems,Inbound - Webinar,Disqualified,7,,,,2024-09-15T00:00:00
497,David,Jones,david.jones497@futureforge.com,FutureForge,Event,Converted,94,1076,695,2024-07-28,2024-07-12T00:00:00
498,Charles,Jackson,charles.jackson498@truenorthdata.com,TrueNorth Data,Inbound - Content,Converted,80,3652,599,2024-06-06,2024-03-28T00:00:00
499,James,Smith,james.smith499@cloudscalesystems.com,CloudScale Systems,Outbound - SDR,Nurture,52,,,,2022-10-19T00:00:00
500,Patricia,Williams,patricia.williams500@quantumlogiclabs.com,QuantumLogic Labs,Paid Search,Converted,63,4424,709,2024-10-10,2024-10-03T00:00:00
501,Sarah,Jackson,sarah.jackson501@primepathdigital.com,PrimePath Digital,Social Media,New,17,,,,2023-12-02T00:00:00
502,David,Moore,david.moore502@futureforge.com,FutureForge,Inbound - Web,Disqualified,18,,,,2023-04-07T00:00:00
503,David,Brown,david.brown503@truenorthdata.com,TrueNorth Data,Inbound - Content,Nurture,30,,,,2024-04-13T00:00:00
504,Patricia,Jones,patricia.jones504@vertexai.com,VertexAI,Outbound - SDR,Converted,79,4175,812,2024-02-21,2024-02-08T00:00:00
505,John,Johnson,john.johnson505@databridgecorp.com,DataBridge Corp,Inbound - Web,MQL,60,,,,2024-06-25T00:00:00
506,Jennifer,Taylor,jennifer.taylor506@innovateco.com,InnovateCo,Inbound - Web,Working,13,,,,2024-06-09T00:00:00
507,Richard,Anderson,richard.anderson507@cybervault.com,CyberVault,Event,Working,58,,,,2024-11-08T00:00:00
508,Susan,Davis,susan.davis508@corestack.com,CoreStack,Product-Led,Disqualified,29,,,,2020-03-08T00:00:00
509,Elizabeth,Rodriguez,elizabeth.rodriguez509@nexgensolutions.com,NexGen Solutions,Outbound - Cold,MQL,100,,,,2020-04-04T00:00:00
510,Susan,Thompson,susan.thompson510@primepathdigital.com,PrimePath Digital,Outbound - SDR,Nurture,61,,,,2022-11-17T00:00:00
511,Robert,Wilson,robert.wilson511@quantumlogiclabs.com,QuantumLogic Labs,Inbound - Webinar,Nurture,29,,,,2024-06-05T00:00:00
512,Susan,Anderson,susan.anderson512@rapidcloud.com,RapidCloud,Product-Led,Disqualified,26,,,,2024-06-20T00:00:00
513,Elizabeth,Gonzalez,elizabeth.gonzalez513@nexgensolutions.com,NexGen Solutions,Inbound - Webinar,Nurture,28,,,,2022-04-17T00:00:00
514,Richard,Lopez,richard.lopez514@insightplatforms.com,Insight Platforms,Inbound - Content,Nurture,50,,,,2023-04-15T00:00:00
515,Nancy,Jones,nancy.jones515@quantumlogiclabs.com,QuantumLogic Labs,Inbound - Content,MQL,96,,,,2024-05-10T00:00:00
516,Joseph,Hernandez,joseph.hernandez516@rapidcloud.com,RapidCloud,Inbound - Content,Disqualified,17,,,,2023-04-14T00:00:00
517,Charles,Thomas,charles.thomas517@brightwavetech.com,BrightWave Tech,Event,Nurture,15,,,,2024-07-09T00:00:00
518,Mary,Brown,mary.brown,FutureForge,Outbound - SDR,Nurture,39,,,,2022-05-24T00:00:00
519,Nancy,Wilson,nancy.wilson519@cybervault.com,CyberVault,Product-Led,Converted,56,1393,290,2024-05-19,2024-04-13T00:00:00
520,Susan,Lee,susan.lee520@cloudscalesystems.com,CloudScale Systems,Inbound - Web,New,40,,,,2024-06-05T00:00:00
521,David,Moore,david.moore521@agiledynamics.com,Agile Dynamics,Inbound - Webinar,MQL,89,,,,2022-10-21T00:00:00
522,Barbara,Davis,barbara.davis522@cloudscalesystems.com,CloudScale Systems,Inbound - Web,SQL,99,,,,2024-03-15T00:00:00
523,James,Lee,james.lee523@streamlineanalytics.com,StreamLine Analytics,Paid Search,MQL,63,,,,2023-10-26T00:00:00
524,Patricia,Thomas,patricia.thomas524@streamlineanalytics.com,StreamLine Analytics,Inbound - Webinar,SQL,53,,,,2021-02-23T00:00:00
525,Lisa,Jones,lisa.jones525@rapidcloud.com,RapidCloud,Outbound - Cold,Disqualified,21,,,,2023-06-14T00:00:00
526,Charles,Lopez,charles.lopez526@cloudscalesystems.com,CloudScale Systems,,SQL,76,,,,2023-02-19T00:00:00
527,Jennifer,Hernandez,jennifer.hernandez527@rapidcloud.com,RapidCloud,Inbound - Webinar,MQL,78,,,,2024-01-09T00:00:00
528,Robert,Brown,robert.brown528@vertexai.com,VertexAI,Event,Converted,96,3055,243,2023-08-07,2023-06-19T00:00:00
529,Nancy,Martin,nancy.martin529@insightplatforms.com,Insight Platforms,Outbound - SDR,New,41,,,,2020-11-02T00:00:00
530,Elizabeth,Wilson,elizabeth.wilson530@cybervault.com,CyberVault,Paid Search,New,40,,,,2021-04-30T00:00:00
531,Barbara,Anderson,barbara.anderson531@primepathdigital.com,PrimePath Digital,Inbound - Web,New,54,,,,2021-01-13T00:00:00
532,Jessica,Williams,jessica.williams532@cybervault.com,CyberVault,Social Media,Converted,53,2851,885,2024-10-25,2024-08-13T00:00:00
533,Sarah,Smith,sarah.smith533@innovateco.com,InnovateCo,,Converted,97,4239,422,2024-01-09,2024-01-02T00:00:00
534,Daniel,Davis,daniel.davis534@streamlineanalytics.com,StreamLine Analytics,Inbound - Content,Converted,59,2753,879,2024-03-23,2024-01-31T00:00:00
535,Barbara,Jones,barbara.jones535@pulsepointdigital.com,PulsePoint Digital,Outbound - SDR,MQL,82,,,,2020-11-06T00:00:00
536,Michael,Davis,michael.davis536@databridgecorp.com,DataBridge Corp,Inbound - Content,Converted,68,4057,65,2023-04-26,2023-02-11T00:00:00
537,Jennifer,Wilson,jennifer.wilson537@metasync.com,MetaSync,Event,MQL,77,,,,2021-12-26T00:00:00
538,Daniel,Taylor,daniel.taylor538@agiledynamics.com,Agile Dynamics,Partner Referral,Converted,64,4288,975,2024-07-26,2024-05-21T00:00:00
539,Karen,Martin,karen.martin539@metasync.com,MetaSync,Inbound - Webinar,MQL,65,,,,2020-11-08T00:00:00
540,Richard,Garcia,richard.garcia540@scaleupsystems.com,ScaleUp Systems,Inbound - Webinar,MQL,55,,,,2020-06-12T00:00:00
541,Christopher,Taylor,christopher.taylor541@techflowinc.com,TechFlow Inc,Inbound - Web,Disqualified,7,,,,2021-12-31T00:00:00
542,Sarah,Martin,sarah.martin542@techflowinc.com,TechFlow Inc,Inbound - Web,Working,33,,,,2024-07-23T00:00:00
543,Mary,Anderson,mary.anderson543@cybervault.com,CyberVault,Inbound - Content,MQL,73,,,,2021-07-02T00:00:00
544,Robert,Williams,robert.williams544@pulsepointdigital.com,PulsePoint Digital,Inbound - Web,Working,58,,,,2020-11-06T00:00:00
545,Thomas,Lopez,thomas.lopez545@agiledynamics.com,Agile Dynamics,Outbound - Cold,MQL,77,,,,2022-12-22T00:00:00
546,Daniel,Rodriguez,daniel.rodriguez546@databridgecorp.com,DataBridge Corp,Inbound - Content,Disqualified,13,,,,2022-08-05T00:00:00
547,Lisa,Martinez,lisa.martinez547@techflowinc.com,TechFlow Inc,Inbound - Content,SQL,63,,,,2021-02-19T00:00:00
548,Jennifer,Gonzalez,jennifer.gonzalez548@quantumlogiclabs.com,QuantumLogic Labs,Outbound - Cold,MQL,62,,,,2022-08-31T00:00:00
549,David,Taylor,david.taylor549@futureforge.com,FutureForge,Social Media,SQL,71,,,,2021-11-24T00:00:00
550,Nancy,Thomas,,CyberVault,Inbound - Web,MQL,96,,,,2022-12-05T00:00:00
551,Jessica,Wilson,jessica.wilson551@brightwavetech.com,BrightWave Tech,Outbound - SDR,MQL,60,,,,2021-01-31T00:00:00
552,Elizabeth,Williams,elizabeth.williams552@techflowinc.com,TechFlow Inc,Social Media,Working,53,,,,2023-09-03T00:00:00
553,Charles,Jackson,charles.jackson553@cloudscalesystems.com,CloudScale Systems,Partner Referral,Working,48,,,,2022-01-28T00:00:00
554,Nancy,Martin,nancy.martin554@scaleupsystems.com,ScaleUp Systems,Outbound - Cold,SQL,60,,,,2024-01-23T00:00:00
555,Elizabeth,Anderson,elizabeth.anderson555@corestack.com,CoreStack,Inbound - Webinar,MQL,72,,,,2022-09-23T00:00:00
556,Mary,Johnson,mary.johnson556@scaleupsystems.com,ScaleUp Systems,Product-Led,MQL,81,,,,2022-04-08T00:00:00
557,Charles,Smith,charles.smith557@futureforge.com,FutureForge,Outbound - Cold,New,24,,,,2023-07-27T00:00:00
558,Sarah,Rodriguez,sarah.rodriguez558@quantumlogiclabs.com,QuantumLogic Labs,Inbound - Web,SQL,52,,,,2020-09-12T00:00:00
559,Robert,Wilson,robert.wilson559@databridgecorp.com,DataBridge Corp,Outbound - Cold,MQL,86,,,,2022-03-25T00:00:00
560,Thomas,Smith,thomas.smith560@agiledynamics.com,Agile Dynamics,Event,Working,10,,,,2020-12-20T00:00:00
561,Joseph,Thomas,joseph.thomas,PrimePath Digital,Outbound - SDR,Nurture,40,,,,2024-09-22T00:00:00
562,John,Garcia,john.garcia562@corestack.com,CoreStack,Inbound - Webinar,Disqualified,4,,,,2024-11-08T00:00:00
563,Charles,Thompson,,Agile Dynamics,Outbound - Cold,Working,33,,,,2022-11-03T00:00:00
564,Barbara,Thomas,barbara.thomas564@cloudscalesystems.com,CloudScale Systems,Inbound - Webinar,Working,49,,,,2021-10-02T00:00:00
565,Daniel,Williams,daniel.williams565@corestack.com,CoreStack,Inbound - Content,Disqualified,7,,,,2022-12-07T00:00:00
566,James,Rodriguez,james.rodriguez566@truenorthdata.com,TrueNorth Data,Inbound - Web,Working,27,,,,2022-04-01T00:00:00
567,Christopher,Davis,christopher.davis567@techflowinc.com,TechFlow Inc,Product-Led,MQL,63,,,,2022-06-22T00:00:00
568,Charles,Moore,charles.moore568@corestack.com,CoreStack,Paid Search,Disqualified,29,,,,2022-02-18T00:00:00
569,James,Thomas,james.thomas569@databridgecorp.com,DataBridge Corp,Outbound - Cold,New,69,,,,2020-10-08T00:00:00
570,William,Moore,william.moore570@corestack.com,CoreStack,Paid Search,New,66,,,,2023-12-18T00:00:00
571,Thomas,Hernandez,,InnovateCo,Inbound - Webinar,Converted,75,1446,399,2024-08-08,2024-05-28T00:00:00
572,Susan,Jackson,susan.jackson572@futureforge.com,FutureForge,Event,Converted,61,62,821,2023-11-19,2023-10-24T00:00:00
573,Linda,Garcia,linda.garcia573@rapidcloud.com,RapidCloud,Inbound - Webinar,Working,39,,,,2021-08-16T00:00:00
574,Patricia,Taylor,patricia.taylor574@truenorthdata.com,TrueNorth Data,Inbound - Web,SQL,-50,,,,2023-11-05T00:00:00
575,Lisa,Lee,lisa.lee575@pulsepointdigital.com,PulsePoint Digital,Inbound - Web,Disqualified,21,,,,2021-04-03T00:00:00
576,Susan,Miller,susan.miller576@streamlineanalytics.com,StreamLine Analytics,Inbound - Content,Converted,86,397,464,2023-12-08,2023-11-29T00:00:00
577,Nancy,Taylor,nancy.taylor577@quantumlogiclabs.com,QuantumLogic Labs,Inbound - Webinar,SQL,50,,,,2022-09-04T00:00:00
578,Richard,Brown,richard.brown578@scaleupsystems.com,ScaleUp Systems,Inbound - Web,Disqualified,23,,,,2022-03-22T00:00:00
579,James,Rodriguez,james.rodriguez579@scaleupsystems.com,ScaleUp Systems,Social Media,Converted,61,2893,41,2023-02-27,2023-02-05T00:00:00
580,Patricia,Gonzalez,patricia.gonzalez580@brightwavetech.com,BrightWave Tech,Outbound - Cold,Disqualified,1,,,,2023-03-30T00:00:00
581,Thomas,Smith,thomas.smith581@rapidcloud.com,RapidCloud,Inbound - Content,MQL,78,,,,2020-03-31T00:00:00
582,Charles,Martinez,charles.martinez582@metasync.com,MetaSync,Inbound - Web,Disqualified,14,,,,2022-06-17T00:00:00
583,Charles,Davis,charles.davis583@cloudscalesystems.com,CloudScale Systems,,Disqualified,27,,,,2021-05-19T00:00:00
584,Patricia,Johnson,patricia.johnson584@truenorthdata.com,TrueNorth Data,Partner Referral,Converted,80,3090,687,2024-08-06,2024-07-29T00:00:00
585,Jennifer,Jackson,jennifer.jackson585@quantumlogiclabs.com,QuantumLogic Labs,Paid Search,SQL,68,,,,2020-10-13T00:00:00
586,Elizabeth,Davis,elizabeth.davis586@quantumlogiclabs.com,QuantumLogic Labs,Outbound - Cold,Nurture,36,,,,2021-02-11T00:00:00
587,Jessica,Garcia,jessica.garcia587@techflowinc.com,TechFlow Inc,Social Media,Converted,79,1326,568,2024-02-05,2024-01-03T00:00:00
588,Lisa,Smith,lisa.smith588@innovateco.com,InnovateCo,Outbound - SDR,New,12,,,,2021-08-16T00:00:00
589,Susan,Hernandez,susan.hernandez589@insightplatforms.com,Insight Platforms,Inbound - Web,MQL,52,,,,2024-02-07T00:00:00
590,James,Lee,,FutureForge,Event,Nurture,28,,,,2023-10-03T00:00:00
591,Karen,Johnson,karen.johnson591@techflowinc.com,TechFlow Inc,Inbound - Web,Nurture,66,,,,2022-07-06T00:00:00
592,David,Lee,david.lee592@cybervault.com,CyberVault,Outbound - SDR,SQL,60,,,,2024-12-30T00:00:00
593,Charles,Jackson,charles.jackson593@futureforge.com,FutureForge,Event,Nurture,43,,,,2020-02-26T00:00:00
594,Charles,Smith,charles.smith594@innovateco.com,InnovateCo,Social Media,New,16,,,,2020-11-28T00:00:00
595,Christopher,Smith,christopher.smith595@quantumlogiclabs.com,QuantumLogic Labs,Product-Led,New,29,,,,2021-08-08T00:00:00
596,Michael,Davis,michael.davis596@cloudscalesystems.com,CloudScale Systems,Social Media,MQL,84,,,,2021-05-29T00:00:00
597,Barbara,Davis,barbara.davis597@nexgensolutions.com,NexGen Solutions,Partner Referral,SQL,63,,,,2021-07-19T00:00:00
598,Thomas,Brown,thomas.brown598@cybervault.com,CyberVault,Event,Converted,88,4232,675,2024-07-11,2024-05-23T00:00:00
599,John,Smith,john.smith599@rapidcloud.com,RapidCloud,,New,63,,,,2021-12-23T00:00:00
600,Sarah,Taylor,sarah.taylor600@pulsepointdigital.com,PulsePoint Digital,Inbound - Content,MQL,56,,,,2022-08-17T00:00:00
601,Lisa,Hernandez,lisa.hernandez601@brightwavetech.com,BrightWave Tech,Event,Working,16,,,,2023-07-08T00:00:00
602,Karen,Davis,karen.davis602@innovateco.com,InnovateCo,Inbound - Web,New,62,,,,2021-03-30T00:00:00
603,Linda,Wilson,linda.wilson603@futureforge.com,FutureForge,Inbound - Content,New,27,,,,2024-01-31T00:00:00
604,James,Taylor,james.taylor604@techflowinc.com,TechFlow Inc,Inbound - Webinar,Working,24,,,,2021-10-10T00:00:00
605,Jessica,Gonzalez,jessica.gonzalez605@streamlineanalytics.com,StreamLine Analytics,Inbound - Webinar,Nurture,33,,,,2023-02-22T00:00:00
606,Linda,Davis,linda.davis606@metasync.com,MetaSync,Outbound - Cold,SQL,68,,,,2020-05-30T00:00:00
607,Jennifer,Taylor,jennifer.taylor607@streamlineanalytics.com,StreamLine Analytics,Outbound - SDR,MQL,52,,,,2023-02-10T00:00:00
608,Sarah,Lee,sarah.lee,BrightWave Tech,Outbound - SDR,Working,35,,,,2024-08-22T00:00:00
609,Jessica,Brown,jessica.brown609@metasync.com,MetaSync,Event,Working,38,,,,2022-08-16T00:00:00
610,Thomas,Johnson,thomas.johnson610@databridgecorp.com,DataBridge Corp,,New,26,,,,2022-12-10T00:00:00
611,Christopher,Garcia,christopher.garcia,CoreStack,Paid Search,Converted,52,1865,356,2024-02-04,2024-02-01T00:00:00
612,Sarah,Miller,sarah.miller612@brightwavetech.com,BrightWave Tech,Inbound - Content,MQL,86,,,,2024-03-07T00:00:00
613,Susan,Rodriguez,susan.rodriguez613@brightwavetech.com,BrightWave Tech,Inbound - Webinar,Disqualified,3,,,,2021-04-29T00:00:00
614,Mary,Wilson,mary.wilson614@innovateco.com,InnovateCo,Event,Converted,60,655,32,2022-08-31,2022-08-09T00:00:00
615,Charles,Hernandez,charles.hernandez,CoreStack,Inbound - Webinar,MQL,91,,,,2023-09-23T00:00:00
616,David,Rodriguez,david.rodriguez616@vertexai.com,VertexAI,Partner Referral,Converted,63,2515,635,2024-05-14,2024-02-29T00:00:00
617,Jennifer,Brown,jennifer.brown617@scaleupsystems.com,ScaleUp Systems,Inbound - Webinar,SQL,72,,,,2020-04-08T00:00:00
618,Robert,Johnson,robert.johnson618@primepathdigital.com,PrimePath Digital,Paid Search,Converted,82,656,602,2024-09-23,2024-08-06T00:00:00
619,Elizabeth,Brown,elizabeth.brown619@vertexai.com,VertexAI,Social Media,Disqualified,28,,,,2022-12-26T00:00:00
620,Richard,Martinez,richard.martinez620@techflowinc.com,TechFlow Inc,Inbound - Content,Nurture,61,,,,2020-06-24T00:00:00
621,Barbara,Lopez,barbara.lopez621@futureforge.com,FutureForge,Event,New,16,,,,2024-03-12T00:00:00
622,Thomas,Martinez,thomas.martinez622@vertexai.com,VertexAI,Paid Search,MQL,59,,,,2024-03-19T00:00:00
623,Linda,Lopez,linda.lopez623@brightwavetech.com,BrightWave Tech,Social Media,Working,22,,,,2021-02-17T00:00:00
624,John,Jackson,john.jackson624@vertexai.com,VertexAI,Event,New,26,,,,2021-03-15T00:00:00
625,Thomas,Johnson,thomas.johnson625@truenorthdata.com,TrueNorth Data,Outbound - Cold,MQL,87,,,,2024-08-31T00:00:00
626,Barbara,Anderson,barbara.anderson626@insightplatforms.com,Insight Platforms,Partner Referral,Working,64,,,,2024-12-20T00:00:00
627,Christopher,Johnson,christopher.johnson627@pulsepointdigital.com,PulsePoint Digital,Inbound - Web,New,68,,,,2021-01-27T00:00:00
628,Patricia,Hernandez,patricia.hernandez628@databridgecorp.com,DataBridge Corp,Inbound - Content,Disqualified,10,,,,2023-05-15T00:00:00
629,John,Martinez,john.martinez,CoreStack,Outbound - Cold,New,47,,,,2021-08-18T00:00:00
630,Charles,Anderson,charles.anderson630@rapidcloud.com,RapidCloud,Outbound - SDR,Nurture,49,,,,2024-11-12T00:00:00
631,Jennifer,Thompson,jennifer.thompson,CloudScale Systems,Event,New,28,,,,2022-11-25T00:00:00
632,Karen,Brown,karen.brown632@primepathdigital.com,PrimePath Digital,Outbound - Cold,Working,32,,,,2024-05-06T00:00:00
633,Thomas,Wilson,thomas.wilson633@primepathdigital.com,PrimePath Digital,Social Media,MQL,79,,,,2021-12-12T00:00:00
634,Daniel,Martinez,daniel.martinez,TechFlow Inc,Product-Led,Disqualified,9,,,,2022-08-19T00:00:00
635,James,Thompson,james.thompson635@cloudscalesystems.com,CloudScale Systems,Outbound - Cold,Working,52,,,,2022-07-12T00:00:00
636,Mary,Martin,mary.martin636@techflowinc.com,TechFlow Inc,Inbound - Webinar,Nurture,49,,,,2020-10-06T00:00:00
637,Barbara,Thompson,barbara.thompson637@innovateco.com,InnovateCo,Partner Referral,Converted,84,1787,11,2023-12-29,2023-10-11T00:00:00
638,Lisa,Brown,lisa.brown638@pulsepointdigital.com,PulsePoint Digital,Partner Referral,Converted,94,2458,661,2024-07-31,2024-07-09T00:00:00
639,Lisa,Hernandez,lisa.hernandez639@nexgensolutions.com,NexGen Solutions,Inbound - Webinar,Converted,68,1390,979,2024-12-08,2024-12-10T00:00:00
640,Mary,Lee,mary.lee640@agiledynamics.com,Agile Dynamics,Outbound - Cold,Nurture,11,,,,2023-03-19T00:00:00
641,Thomas,Garcia,thomas.garcia641@vertexai.com,VertexAI,Paid Search,Converted,70,627,855,2024-11-13,2024-10-07T00:00:00
642,Linda,Johnson,linda.johnson642@corestack.com,CoreStack,Event,Converted,69,2327,19,2023-05-25,2023-04-17T00:00:00
643,Robert,Gonzalez,robert.gonzalez643@truenorthdata.com,TrueNorth Data,Paid Search,Converted,90,4403,928,2023-05-10,2023-05-02T00:00:00
644,Patricia,Gonzalez,patricia.gonzalez644@scaleupsystems.com,ScaleUp Systems,Social Media,New,50,,,,2021-02-15T00:00:00
645,Sarah,Lopez,sarah.lopez645@insightplatforms.com,Insight Platforms,Outbound - SDR,Nurture,63,,,,2023-09-09T00:00:00
646,Susan,Hernandez,susan.hernandez646@metasync.com,MetaSync,Paid Search,MQL,88,,,,2023-03-05T00:00:00
647,Sarah,Smith,sarah.smith647@databridgecorp.com,DataBridge Corp,Inbound - Web,Working,65,,,,2020-03-15T00:00:00
648,Jennifer,Smith,jennifer.smith648@quantumlogiclabs.com,QuantumLogic Labs,Inbound - Webinar,New,37,,,,2021-01-23T00:00:00
649,Karen,Martin,karen.martin649@cloudscalesystems.com,CloudScale Systems,Partner Referral,Converted,67,1380,553,2024-12-07,2024-10-05T00:00:00
650,Joseph,Thompson,joseph.thompson650@corestack.com,CoreStack,Outbound - SDR,Working,43,,,,2020-10-17T00:00:00
651,Jessica,Johnson,jessica.johnson651@nexgensolutions.com,NexGen Solutions,Social Media,Working,59,,,,2021-07-19T00:00:00
652,Elizabeth,Moore,,TechFlow Inc,Inbound - Webinar,Working,15,,,,2020-03-24T00:00:00
653,William,Miller,william.miller653@cloudscalesystems.com,CloudScale Systems,Outbound - Cold,Working,30,,,,2021-09-27T00:00:00
654,Lisa,Garcia,lisa.garcia654@quantumlogiclabs.com,QuantumLogic Labs,Partner Referral,Disqualified,12,,,,2023-06-24T00:00:00
655,Michael,Miller,michael.miller655@innovateco.com,InnovateCo,Product-Led,Converted,67,1192,713,2023-01-25,2022-12-19T00:00:00
656,William,Moore,william.moore656@brightwavetech.com,BrightWave Tech,Social Media,Working,11,,,,2022-01-28T00:00:00
657,Nancy,Jones,nancy.jones657@agiledynamics.com,Agile Dynamics,Outbound - Cold,New,44,,,,2021-11-21T00:00:00
658,Nancy,Smith,nancy.smith658@quantumlogiclabs.com,QuantumLogic Labs,Inbound - Web,MQL,93,,,,2021-09-14T00:00:00
659,William,Hernandez,william.hernandez659@pulsepointdigital.com,PulsePoint Digital,Partner Referral,Converted,88,2094,177,2021-10-24,2021-09-03T00:00:00
660,Mary,Taylor,mary.taylor660@innovateco.com,InnovateCo,Paid Search,Working,50,,,,2023-10-11T00:00:00
661,Thomas,Miller,thomas.miller661@cybervault.com,CyberVault,Outbound - SDR,New,35,,,,2021-02-24T00:00:00
662,James,Garcia,james.garcia662@futureforge.com,FutureForge,Product-Led,SQL,52,,,,2024-08-04T00:00:00
663,Jennifer,Thomas,jennifer.thomas663@truenorthdata.com,TrueNorth Data,Outbound - Cold,MQL,51,,,,2022-05-24T00:00:00
664,John,Hernandez,john.hernandez664@pulsepointdigital.com,PulsePoint Digital,Event,MQL,81,,,,2021-06-14T00:00:00
665,Joseph,Moore,joseph.moore665@databridgecorp.com,DataBridge Corp,Inbound - Content,New,20,,,,2024-10-25T00:00:00
666,Charles,Taylor,charles.taylor666@databridgecorp.com,DataBridge Corp,Outbound - SDR,Disqualified,4,,,,2022-02-12T00:00:00
667,Barbara,Martinez,barbara.martinez667@vertexai.com,VertexAI,Inbound - Content,Working,37,,,,2023-11-06T00:00:00
668,Barbara,Garcia,barbara.garcia668@pulsepointdigital.com,PulsePoint Digital,Outbound - SDR,New,17,,,,2023-10-14T00:00:00
669,Joseph,Hernandez,joseph.hernandez669@primepathdigital.com,PrimePath Digital,Product-Led,Disqualified,16,,,,2020-03-21T00:00:00
670,Thomas,Brown,thomas.brown670@scaleupsystems.com,ScaleUp Systems,Partner Referral,Disqualified,3,,,,2021-12-16T00:00:00
671,Karen,Johnson,karen.johnson671@nexgensolutions.com,NexGen Solutions,Partner Referral,Converted,86,1505,908,2024-11-28,2024-11-23T00:00:00
672,David,Hernandez,david.hernandez672@innovateco.com,InnovateCo,Paid Search,MQL,54,,,,2020-07-16T00:00:00
673,Barbara,Jones,barbara.jones673@rapidcloud.com,RapidCloud,Outbound - Cold,Disqualified,27,,,,2022-08-27T00:00:00
674,Charles,Lee,charles.lee674@agiledynamics.com,Agile Dynamics,Paid Search,New,34,,,,2024-03-09T00:00:00
675,Charles,Williams,charles.williams675@insightplatforms.com,Insight Platforms,Product-Led,SQL,96,,,,2021-08-10T00:00:00
676,Mary,Jones,mary.jones676@rapidcloud.com,RapidCloud,Product-Led,Working,18,,,,2024-09-30T00:00:00
677,Patricia,Hernandez,patricia.hernandez677@corestack.com,CoreStack,Inbound - Content,Converted,50,226,547,2024-10-20,2024-09-22T00:00:00
678,John,Jackson,,CyberVault,,New,36,,,,2023-03-03T00:00:00
679,Charles,Gonzalez,charles.gonzalez679@primepathdigital.com,PrimePath Digital,Outbound - Cold,Disqualified,6,,,,2021-11-15T00:00:00
680,Barbara,Moore,barbara.moore680@corestack.com,CoreStack,Inbound - Content,Nurture,38,,,,2020-06-20T00:00:00
681,Jennifer,Lee,jennifer.lee681@streamlineanalytics.com,StreamLine Analytics,Product-Led,MQL,97,,,,2023-12-27T00:00:00
682,Michael,Hernandez,michael.hernandez682@nexgensolutions.com,NexGen Solutions,,Converted,98,4010,639,2024-04-27,2024-04-02T00:00:00
683,Elizabeth,Gonzalez,elizabeth.gonzalez683@techflowinc.com,TechFlow Inc,Product-Led,Disqualified,15,,,,2021-03-21T00:00:00
684,David,Hernandez,david.hernandez,ScaleUp Systems,Partner Referral,Converted,94,4783,751,2024-10-25,2024-08-31T00:00:00
685,Christopher,Rodriguez,christopher.rodriguez685@scaleupsystems.com,ScaleUp Systems,Social Media,SQL,-97,,,,2021-09-21T00:00:00
686,Linda,Jackson,linda.jackson686@corestack.com,CoreStack,Product-Led,New,27,,,,2023-12-06T00:00:00
687,William,Martin,william.martin687@cloudscalesystems.com,CloudScale Systems,Outbound - Cold,New,51,,,,2021-03-25T00:00:00
688,Jennifer,Taylor,jennifer.taylor688@corestack.com,CoreStack,Partner Referral,MQL,51,,,,2021-09-02T00:00:00
689,William,Rodriguez,william.rodriguez689@databridgecorp.com,DataBridge Corp,Partner Referral,Converted,98,2236,376,2024-10-29,2024-09-04T00:00:00
690,Susan,Brown,susan.brown690@cloudscalesystems.com,CloudScale Systems,Paid Search,SQL,81,,,,2021-05-01T00:00:00
691,Michael,Martinez,michael.martinez691@metasync.com,MetaSync,Inbound - Webinar,New,15,,,,2023-07-13T00:00:00
692,Jennifer,Miller,jennifer.miller692@futureforge.com,FutureForge,Paid Search,Working,62,,,,2023-04-01T00:00:00
693,Susan,Lopez,susan.lopez693@nexgensolutions.com,NexGen Solutions,Inbound - Content,Disqualified,15,,,,2021-01-23T00:00:00
694,Karen,Lee,karen.lee694@scaleupsystems.com,ScaleUp Systems,Product-Led,Converted,73,1004,114,2024-08-13,2024-08-07T00:00:00
695,Elizabeth,Anderson,elizabeth.anderson695@cloudscalesystems.com,CloudScale Systems,Partner Referral,MQL,66,,,,2020-11-11T00:00:00
696,Karen,Hernandez,karen.hernandez,VertexAI,Event,Converted,90,1430,245,2024-06-07,2024-05-29T00:00:00
697,Barbara,Martinez,barbara.martinez697@vertexai.com,VertexAI,Partner Referral,Converted,93,37,719,2021-02-08,2020-11-25T00:00:00
698,James,Brown,james.brown698@nexgensolutions.com,NexGen Solutions,Outbound - SDR,Converted,81,4007,791,2024-09-01,2024-08-15T00:00:00
699,Barbara,Wilson,barbara.wilson699@brightwavetech.com,BrightWave Tech,Inbound - Web,Disqualified,28,,,,2022-08-23T00:00:00
700,Daniel,Jackson,daniel.jackson,PrimePath Digital,Inbound - Content,Nurture,60,,,,2023-10-23T00:00:00
701,Jessica,Smith,jessica.smith701@pulsepointdigital.com,PulsePoint Digital,Event,MQL,54,,,,2021-01-15T00:00:00
702,James,Lopez,james.lopez702@nexgensolutions.com,NexGen Solutions,Outbound - Cold,SQL,85,,,,2024-05-24T00:00:00
703,Barbara,Hernandez,barbara.hernandez703@databridgecorp.com,DataBridge Corp,Product-Led,Converted,56,4366,290,2024-12-07,2024-12-09T00:00:00
704,Daniel,Lee,daniel.lee704@nexgensolutions.com,NexGen Solutions,Outbound - Cold,Nurture,57,,,,2020-08-09T00:00:00
705,Nancy,Wilson,nancy.wilson705@cybervault.com,CyberVault,Inbound - Webinar,Working,58,,,,2021-12-18T00:00:00
706,Elizabeth,Taylor,elizabeth.taylor706@cybervault.com,CyberVault,,SQL,69,,,,2021-11-02T00:00:00
707,Thomas,Davis,thomas.davis707@cloudscalesystems.com,CloudScale Systems,Inbound - Content,Working,25,,,,2022-07-17T00:00:00
708,James,Martin,james.martin,NexGen Solutions,Outbound - SDR,Converted,79,2003,162,2022-04-04,2022-02-24T00:00:00
709,Nancy,Garcia,nancy.garcia709@databridgecorp.com,DataBridge Corp,Product-Led,Converted,97,2125,88,2024-06-28,2024-05-11T00:00:00
710,David,Jones,david.jones,CoreStack,Outbound - Cold,Nurture,36,,,,2020-01-04T00:00:00
711,James,Miller,james.miller711@streamlineanalytics.com,StreamLine Analytics,,MQL,71,,,,2021-09-14T00:00:00
712,Joseph,Smith,joseph.smith712@brightwavetech.com,BrightWave Tech,Inbound - Web,New,25,,,,2024-03-12T00:00:00
713,Nancy,Garcia,nancy.garcia713@pulsepointdigital.com,PulsePoint Digital,Product-Led,Nurture,49,,,,2021-07-02T00:00:00
714,Robert,Garcia,robert.garcia714@cloudscalesystems.com,CloudScale Systems,Outbound - Cold,Nurture,57,,,,2021-09-10T00:00:00
715,William,Lopez,william.lopez715@techflowinc.com,TechFlow Inc,Outbound - Cold,SQL,64,,,,2020-09-19T00:00:00
716,Charles,Wilson,charles.wilson716@pulsepointdigital.com,PulsePoint Digital,Partner Referral,SQL,62,,,,2024-06-28T00:00:00
717,William,Thompson,william.thompson717@pulsepointdigital.com,PulsePoint Digital,Social Media,Converted,56,4407,38,2024-12-20,2024-12-07T00:00:00
718,Daniel,Lee,daniel.lee718@innovateco.com,InnovateCo,Product-Led,SQL,88,,,,2022-03-07T00:00:00
719,William,Hernandez,william.hernandez719@databridgecorp.com,DataBridge Corp,Inbound - Content,Converted,70,2917,887,2022-09-18,2022-07-29T00:00:00
720,Nancy,Anderson,nancy.anderson720@corestack.com,CoreStack,Social Media,MQL,100,,,,2020-07-01T00:00:00
721,Charles,Miller,charles.miller721@truenorthdata.com,TrueNorth Data,Outbound - SDR,Converted,94,3531,572,2023-12-26,2023-11-17T00:00:00
722,Sarah,Davis,sarah.davis722@nexgensolutions.com,NexGen Solutions,Inbound - Content,Disqualified,19,,,,2024-12-17T00:00:00
723,James,Thompson,james.thompson723@techflowinc.com,TechFlow Inc,,Converted,85,392,246,2024-03-15,2024-01-12T00:00:00
724,Elizabeth,Wilson,elizabeth.wilson724@rapidcloud.com,RapidCloud,Inbound - Webinar,Working,22,,,,2021-09-26T00:00:00
725,Thomas,Taylor,thomas.taylor725@innovateco.com,InnovateCo,Product-Led,Converted,63,642,977,2024-08-07,2024-06-28T00:00:00
726,Sarah,Miller,sarah.miller726@vertexai.com,VertexAI,Paid Search,Disqualified,26,,,,2022-04-18T00:00:00
727,Charles,Rodriguez,charles.rodriguez727@streamlineanalytics.com,StreamLine Analytics,Outbound - SDR,SQL,63,,,,2023-02-11T00:00:00
728,Charles,Gonzalez,charles.gonzalez,BrightWave Tech,Partner Referral,Nurture,39,,,,2020-05-22T00:00:00
729,John,Brown,john.brown729@cloudscalesystems.com,CloudScale Systems,Inbound - Webinar,New,-28,,,,2023-02-10T00:00:00
730,Lisa,Miller,lisa.miller730@corestack.com,CoreStack,Outbound - SDR,Disqualified,23,,,,2024-09-28T00:00:00
731,Charles,Martin,charles.martin731@brightwavetech.com,BrightWave Tech,Inbound - Content,Nurture,60,,,,2023-08-04T00:00:00
732,Jessica,Miller,jessica.miller732@quantumlogiclabs.com,QuantumLogic Labs,Partner Referral,Working,48,,,,2024-10-11T00:00:00
733,Jennifer,Jackson,jennifer.jackson733@agiledynamics.com,Agile Dynamics,Outbound - Cold,New,60,,,,2020-07-05T00:00:00
734,James,Davis,james.davis734@rapidcloud.com,RapidCloud,,SQL,78,,,,2021-02-19T00:00:00
735,Karen,Davis,karen.davis735@corestack.com,CoreStack,Outbound - SDR,Disqualified,16,,,,2020-06-17T00:00:00
736,David,Thomas,david.thomas736@corestack.com,CoreStack,Outbound - Cold,Disqualified,5,,,,2020-10-08T00:00:00
737,Joseph,Martin,joseph.martin737@cloudscalesystems.com,CloudScale Systems,Paid Search,Converted,93,2127,384,2024-04-16,2024-03-02T00:00:00
738,Christopher,Williams,christopher.williams738@nexgensolutions.com,NexGen Solutions,Inbound - Webinar,Nurture,57,,,,2024-11-19T00:00:00
739,Richard,Lopez,richard.lopez739@brightwavetech.com,BrightWave Tech,,Disqualified,26,,,,2020-12-26T00:00:00
740,Patricia,Taylor,patricia.taylor740@cybervault.com,CyberVault,,New,12,,,,2022-06-11T00:00:00
741,Joseph,Anderson,joseph.anderson741@metasync.com,MetaSync,Partner Referral,Converted,79,2143,95,2023-02-04,2022-12-16T00:00:00
742,Lisa,Smith,lisa.smith742@nexgensolutions.com,NexGen Solutions,Partner Referral,MQL,96,,,,2023-09-23T00:00:00
743,Joseph,Jones,joseph.jones743@streamlineanalytics.com,StreamLine Analytics,Paid Search,Working,11,,,,2024-12-08T00:00:00
744,Barbara,Martin,barbara.martin744@metasync.com,MetaSync,Inbound - Content,SQL,81,,,,2023-07-27T00:00:00
745,Patricia,Garcia,patricia.garcia745@primepathdigital.com,PrimePath Digital,Paid Search,Working,57,,,,2021-04-14T00:00:00
746,Michael,Johnson,michael.johnson746@rapidcloud.com,RapidCloud,Inbound - Web,Nurture,25,,,,2024-10-13T00:00:00
747,Michael,Hernandez,michael.hernandez747@cybervault.com,CyberVault,Inbound - Webinar,Converted,80,4009,537,2023-08-08,2023-05-19T00:00:00
748,Nancy,Miller,nancy.miller748@rapidcloud.com,RapidCloud,Outbound - SDR,New,51,,,,2021-12-23T00:00:00
749,John,Williams,john.williams749@primepathdigital.com,PrimePath Digital,Inbound - Webinar,Nurture,34,,,,2023-09-30T00:00:00
750,James,Williams,james.williams750@rapidcloud.com,RapidCloud,Inbound - Web,Disqualified,29,,,,2023-10-29T00:00:00
751,Daniel,Lopez,daniel.lopez751@streamlineanalytics.com,StreamLine Analytics,Outbound - SDR,SQL,55,,,,2021-09-10T00:00:00
752,Nancy,Davis,,FutureForge,Inbound - Web,Working,48,,,,2023-08-30T00:00:00
753,Susan,Anderson,susan.anderson753@agiledynamics.com,Agile Dynamics,Product-Led,Converted,99,2492,367,2023-12-14,2023-12-09T00:00:00
754,Charles,Johnson,charles.johnson754@cloudscalesystems.com,CloudScale Systems,Inbound - Content,New,35,,,,2021-09-05T00:00:00
755,Jessica,Garcia,jessica.garcia,CloudScale Systems,Social Media,New,52,,,,2020-04-18T00:00:00
756,Michael,Jackson,michael.jackson756@cybervault.com,CyberVault,Outbound - SDR,Nurture,45,,,,2020-12-11T00:00:00
757,Linda,Lopez,linda.lopez757@quantumlogiclabs.com,QuantumLogic Labs,Outbound - SDR,Working,44,,,,2022-11-07T00:00:00
758,Karen,Taylor,karen.taylor758@insightplatforms.com,Insight Platforms,Event,MQL,84,,,,2022-12-16T00:00:00
759,Daniel,Jackson,daniel.jackson759@quantumlogiclabs.com,QuantumLogic Labs,Product-Led,New,65,,,,2020-09-17T00:00:00
760,Sarah,Rodriguez,sarah.rodriguez760@streamlineanalytics.com,StreamLine Analytics,Social Media,Nurture,62,,,,2021-01-21T00:00:00
761,Karen,Taylor,karen.taylor761@metasync.com,MetaSync,Inbound - Webinar,SQL,61,,,,2020-05-18T00:00:00
762,Jessica,Thomas,jessica.thomas762@cybervault.com,CyberVault,Paid Search,New,62,,,,2024-01-20T00:00:00
763,Joseph,Hernandez,joseph.hernandez763@innovateco.com,InnovateCo,Outbound - Cold,Disqualified,1,,,,2023-02-04T00:00:00
764,David,Martinez,david.martinez764@scaleupsystems.com,ScaleUp Systems,Paid Search,Disqualified,28,,,,2020-03-01T00:00:00
765,James,Thomas,james.thomas765@cloudscalesystems.com,CloudScale Systems,Inbound - Webinar,MQL,58,,,,2023-10-07T00:00:00
766,Thomas,Wilson,thomas.wilson766@insightplatforms.com,Insight Platforms,Product-Led,New,23,,,,2021-05-02T00:00:00
767,David,Thompson,david.thompson767@futureforge.com,FutureForge,Product-Led,Converted,86,1090,679,2021-02-22,2020-12-19T00:00:00
768,Jessica,Gonzalez,jessica.gonzalez768@nexgensolutions.com,NexGen Solutions,Outbound - SDR,Disqualified,14,,,,2024-11-17T00:00:00
769,James,Martin,james.martin769@vertexai.com,VertexAI,Paid Search,MQL,83,,,,2021-10-02T00:00:00
770,Jessica,Wilson,jessica.wilson770@primepathdigital.com,PrimePath Digital,Inbound - Content,MQL,96,,,,2021-01-18T00:00:00
771,Christopher,Martin,christopher.martin771@primepathdigital.com,PrimePath Digital,Product-Led,Nurture,36,,,,2021-10-07T00:00:00
772,Christopher,Jones,christopher.jones772@corestack.com,CoreStack,Product-Led,Converted,69,1939,537,2024-10-11,2024-07-26T00:00:00
773,Elizabeth,Thomas,elizabeth.thomas773@rapidcloud.com,RapidCloud,Outbound - Cold,MQL,98,,,,2020-08-28T00:00:00
774,Richard,Lopez,richard.lopez774@innovateco.com,InnovateCo,Outbound - Cold,New,37,,,,2020-03-18T00:00:00
775,Mary,Moore,mary.moore775@metasync.com,MetaSync,Social Media,Disqualified,3,,,,2020-06-30T00:00:00
776,Joseph,Lopez,joseph.lopez776@pulsepointdigital.com,PulsePoint Digital,Event,MQL,98,,,,2020-04-24T00:00:00
777,Nancy,Davis,nancy.davis777@futureforge.com,FutureForge,Event,Nurture,41,,,,2024-05-16T00:00:00
778,William,Davis,william.davis778@corestack.com,CoreStack,Inbound - Webinar,Disqualified,1,,,,2023-12-26T00:00:00
779,Susan,Lee,,PulsePoint Digital,Paid Search,MQL,93,,,,2023-10-22T00:00:00
780,Nancy,Martin,nancy.martin780@insightplatforms.com,Insight Platforms,Outbound - Cold,SQL,71,,,,2020-05-07T00:00:00
781,Michael,Anderson,michael.anderson781@databridgecorp.com,DataBridge Corp,Product-Led,Disqualified,19,,,,2021-03-29T00:00:00
782,Joseph,Gonzalez,joseph.gonzalez782@pulsepointdigital.com,PulsePoint Digital,Product-Led,MQL,82,,,,2023-12-02T00:00:00
783,Robert,Gonzalez,robert.gonzalez783@futureforge.com,FutureForge,Paid Search,Nurture,25,,,,2022-03-24T00:00:00
784,James,Anderson,james.anderson784@metasync.com,MetaSync,Outbound - SDR,Working,19,,,,2023-10-28T00:00:00
785,Linda,Lopez,linda.lopez785@corestack.com,CoreStack,Inbound - Web,Working,42,,,,2022-09-06T00:00:00
786,Richard,Brown,richard.brown786@agiledynamics.com,Agile Dynamics,Outbound - Cold,Disqualified,7,,,,2020-06-14T00:00:00
787,Jennifer,Jackson,jennifer.jackson,ScaleUp Systems,Event,Converted,53,3335,971,2024-10-25,2024-08-24T00:00:00
788,Patricia,Davis,patricia.davis788@innovateco.com,InnovateCo,Social Media,MQL,59,,,,2022-03-10T00:00:00
789,Linda,Anderson,linda.anderson789@brightwavetech.com,BrightWave Tech,Product-Led,Converted,57,3715,366,2023-12-08,2023-11-27T00:00:00
790,Christopher,Anderson,christopher.anderson790@streamlineanalytics.com,StreamLine Analytics,Outbound - Cold,SQL,52,,,,2024-02-10T00:00:00
791,Elizabeth,Brown,elizabeth.brown791@databridgecorp.com,DataBridge Corp,Inbound - Webinar,Converted,61,954,934,2023-06-16,2023-05-11T00:00:00
792,James,Thompson,,PrimePath Digital,Outbound - SDR,Converted,87,52,203,2024-09-13,2024-07-06T00:00:00
793,Nancy,Lee,nancy.lee793@databridgecorp.com,DataBridge Corp,Product-Led,SQL,-75,,,,2021-04-28T00:00:00
794,Daniel,Miller,daniel.miller794@scaleupsystems.com,ScaleUp Systems,Outbound - Cold,Converted,73,1859,152,2024-03-09,2024-01-14T00:00:00
795,Michael,Rodriguez,michael.rodriguez795@vertexai.com,VertexAI,Partner Referral,Converted,57,1875,212,2024-12-11,2024-12-03T00:00:00
796,Patricia,Martin,patricia.martin796@cloudscalesystems.com,CloudScale Systems,Partner Referral,MQL,66,,,,2021-10-29T00:00:00
797,Robert,Davis,robert.davis797@streamlineanalytics.com,StreamLine Analytics,Inbound - Webinar,MQL,85,,,,2024-03-05T00:00:00
798,John,Moore,john.moore798@innovateco.com,InnovateCo,Outbound - Cold,MQL,94,,,,2023-09-11T00:00:00
799,Mary,Moore,mary.moore799@corestack.com,CoreStack,Inbound - Web,MQL,82,,,,2021-12-09T00:00:00
800,Joseph,Miller,,Insight Platforms,Outbound - Cold,Disqualified,26,,,,2024-11-17T00:00:00
801,James,Martinez,james.martinez801@techflowinc.com,TechFlow Inc,Outbound - SDR,Disqualified,0,,,,2023-10-19T00:00:00
802,Daniel,Martinez,daniel.martinez,CyberVault,Outbound - SDR,MQL,93,,,,2023-09-01T00:00:00
803,Jessica,Thomas,jessica.thomas803@agiledynamics.com,Agile Dynamics,Event,Working,70,,,,2024-02-19T00:00:00
804,Jennifer,Johnson,jennifer.johnson804@quantumlogiclabs.com,QuantumLogic Labs,Inbound - Web,MQL,57,,,,2022-04-29T00:00:00
805,David,Martinez,david.martinez805@techflowinc.com,TechFlow Inc,Inbound - Web,Disqualified,26,,,,2023-11-12T00:00:00
806,Christopher,Lee,christopher.lee806@streamlineanalytics.com,StreamLine Analytics,Inbound - Web,Converted,83,2640,415,2024-09-20,2024-07-30T00:00:00
807,Charles,Jackson,charles.jackson807@techflowinc.com,TechFlow Inc,Inbound - Webinar,Converted,80,819,10,2024-08-10,2024-07-30T00:00:00
808,Joseph,Lopez,joseph.lopez808@nexgensolutions.com,NexGen Solutions,Event,New,60,,,,2024-01-12T00:00:00
809,Thomas,Brown,thomas.brown809@agiledynamics.com,Agile Dynamics,Outbound - Cold,SQL,73,,,,2021-03-31T00:00:00
810,Nancy,Smith,nancy.smith810@rapidcloud.com,RapidCloud,Outbound - Cold,Disqualified,21,,,,2020-06-13T00:00:00
811,Barbara,Jackson,barbara.jackson811@futureforge.com,FutureForge,Inbound - Content,Working,14,,,,2020-08-07T00:00:00
812,Robert,Jackson,robert.jackson812@vertexai.com,VertexAI,Inbound - Content,MQL,93,,,,2020-05-16T00:00:00
813,John,Taylor,john.taylor813@insightplatforms.com,Insight Platforms,Event,Nurture,60,,,,2022-06-11T00:00:00
814,Sarah,Miller,sarah.miller814@corestack.com,CoreStack,Product-Led,Working,40,,,,2020-09-29T00:00:00
815,Barbara,Lopez,barbara.lopez815@agiledynamics.com,Agile Dynamics,,MQL,60,,,,2020-01-30T00:00:00
816,James,Wilson,james.wilson816@metasync.com,MetaSync,Social Media,New,65,,,,2021-08-09T00:00:00
817,Patricia,Gonzalez,patricia.gonzalez817@streamlineanalytics.com,StreamLine Analytics,Partner Referral,Converted,74,3243,494,2021-03-30,2021-02-19T00:00:00
818,Jennifer,Rodriguez,jennifer.rodriguez818@corestack.com,CoreStack,Paid Search,Disqualified,30,,,,2022-01-30T00:00:00
819,Robert,Garcia,robert.garcia819@vertexai.com,VertexAI,Outbound - Cold,Disqualified,1,,,,2022-12-25T00:00:00
820,Christopher,Miller,christopher.miller820@scaleupsystems.com,ScaleUp Systems,Outbound - Cold,Disqualified,6,,,,2020-11-18T00:00:00
821,Patricia,Williams,patricia.williams821@cloudscalesystems.com,CloudScale Systems,Event,MQL,84,,,,2024-11-19T00:00:00
822,Lisa,Smith,lisa.smith822@streamlineanalytics.com,StreamLine Analytics,Partner Referral,Converted,55,4107,885,2024-09-09,2024-08-13T00:00:00
823,Susan,Smith,susan.smith823@brightwavetech.com,BrightWave Tech,Outbound - SDR,Nurture,68,,,,2024-02-05T00:00:00
824,Lisa,Lopez,lisa.lopez824@streamlineanalytics.com,StreamLine Analytics,Social Media,Working,35,,,,2021-05-10T00:00:00
825,Elizabeth,Moore,elizabeth.moore825@brightwavetech.com,BrightWave Tech,Inbound - Content,SQL,73,,,,2020-02-08T00:00:00
826,William,Martinez,william.martinez826@databridgecorp.com,DataBridge Corp,Inbound - Webinar,SQL,51,,,,2020-11-02T00:00:00
827,Linda,Anderson,linda.anderson827@streamlineanalytics.com,StreamLine Analytics,Event,New,45,,,,2021-02-09T00:00:00
828,Nancy,Hernandez,nancy.hernandez828@quantumlogiclabs.com,QuantumLogic Labs,Inbound - Web,SQL,59,,,,2023-08-10T00:00:00
829,David,Anderson,,TechFlow Inc,,MQL,84,,,,2022-01-01T00:00:00
830,Patricia,Garcia,patricia.garcia830@cloudscalesystems.com,CloudScale Systems,Inbound - Webinar,Disqualified,1,,,,2021-02-28T00:00:00
831,Patricia,Garcia,patricia.garcia831@streamlineanalytics.com,StreamLine Analytics,Paid Search,Disqualified,1,,,,2022-01-25T00:00:00
832,Jessica,Williams,jessica.williams832@quantumlogiclabs.com,QuantumLogic Labs,Inbound - Web,MQL,71,,,,2020-10-17T00:00:00
833,Joseph,Lopez,joseph.lopez833@agiledynamics.com,Agile Dynamics,Partner Referral,Working,28,,,,2021-01-26T00:00:00
834,William,Garcia,william.garcia834@databridgecorp.com,DataBridge Corp,Partner Referral,Converted,95,1195,235,2024-04-13,2024-04-17T00:00:00
835,Mary,Miller,mary.miller835@metasync.com,MetaSync,Inbound - Webinar,MQL,59,,,,2024-04-13T00:00:00
836,David,Thomas,david.thomas836@brightwavetech.com,BrightWave Tech,Partner Referral,New,52,,,,2021-11-11T00:00:00
837,Linda,Thompson,linda.thompson837@vertexai.com,VertexAI,Product-Led,Disqualified,27,,,,2020-08-19T00:00:00
838,Elizabeth,Thomas,elizabeth.thomas838@futureforge.com,FutureForge,Outbound - Cold,New,30,,,,2023-10-01T00:00:00
839,James,Martinez,james.martinez839@futureforge.com,FutureForge,Partner Referral,Working,27,,,,2024-08-04T00:00:00
840,Thomas,Moore,thomas.moore840@cybervault.com,CyberVault,Outbound - Cold,MQL,67,,,,2020-06-12T00:00:00
841,Nancy,Lopez,nancy.lopez,QuantumLogic Labs,Inbound - Webinar,Disqualified,10,,,,2024-09-15T00:00:00
842,John,Anderson,john.anderson842@vertexai.com,VertexAI,Social Media,Disqualified,25,,,,2024-10-03T00:00:00
843,Linda,Johnson,linda.johnson843@vertexai.com,VertexAI,Partner Referral,SQL,86,,,,2020-06-23T00:00:00
844,Susan,Moore,susan.moore844@cloudscalesystems.com,CloudScale Systems,Social Media,Nurture,48,,,,2024-05-24T00:00:00
845,Sarah,Martin,,ScaleUp Systems,Inbound - Content,Nurture,15,,,,2022-05-11T00:00:00
846,Christopher,Moore,christopher.moore846@brightwavetech.com,BrightWave Tech,Event,Converted,76,2582,541,2024-05-18,2024-03-29T00:00:00
847,Elizabeth,Thompson,elizabeth.thompson847@cybervault.com,CyberVault,Inbound - Webinar,SQL,81,,,,2020-12-11T00:00:00
848,Patricia,Martin,patricia.martin848@insightplatforms.com,Insight Platforms,Event,Nurture,56,,,,2024-05-04T00:00:00
849,Christopher,Thompson,christopher.thompson849@rapidcloud.com,RapidCloud,Product-Led,Nurture,19,,,,2020-04-06T00:00:00
850,Lisa,Jackson,lisa.jackson850@vertexai.com,VertexAI,Product-Led,Converted,76,2404,564,2023-11-07,2023-09-23T00:00:00
851,Daniel,Miller,daniel.miller851@agiledynamics.com,Agile Dynamics,Outbound - Cold,Nurture,32,,,,2024-10-26T00:00:00
852,Patricia,Lee,patricia.lee852@databridgecorp.com,DataBridge Corp,Inbound - Content,New,65,,,,2023-04-29T00:00:00
853,Karen,Davis,karen.davis853@brightwavetech.com,BrightWave Tech,Inbound - Content,Nurture,30,,,,2022-02-09T00:00:00
854,David,Thomas,david.thomas854@insightplatforms.com,Insight Platforms,Outbound - Cold,Disqualified,8,,,,2022-01-27T00:00:00
855,Charles,Lee,charles.lee855@nexgensolutions.com,NexGen Solutions,Inbound - Webinar,New,35,,,,2020-07-02T00:00:00
856,Nancy,Smith,nancy.smith856@agiledynamics.com,Agile Dynamics,Paid Search,Working,43,,,,2022-12-16T00:00:00
857,Daniel,Lopez,daniel.lopez857@futureforge.com,FutureForge,Inbound - Webinar,Converted,58,2160,107,2024-08-05,2024-07-01T00:00:00
858,Charles,Lee,charles.lee858@cybervault.com,CyberVault,Outbound - Cold,MQL,67,,,,2022-09-01T00:00:00
859,Lisa,Lee,lisa.lee859@nexgensolutions.com,NexGen Solutions,Event,Disqualified,21,,,,2020-11-27T00:00:00
860,Michael,Rodriguez,michael.rodriguez860@databridgecorp.com,DataBridge Corp,Inbound - Web,Converted,62,1480,939,2024-02-14,2023-12-24T00:00:00
861,Karen,Williams,karen.williams861@scaleupsystems.com,ScaleUp Systems,Partner Referral,MQL,98,,,,2022-04-15T00:00:00
862,Nancy,Rodriguez,nancy.rodriguez,TechFlow Inc,Inbound - Web,Disqualified,6,,,,2021-12-21T00:00:00
863,Charles,Garcia,charles.garcia863@corestack.com,CoreStack,Outbound - SDR,Disqualified,19,,,,2021-04-10T00:00:00
864,Robert,Garcia,robert.garcia864@scaleupsystems.com,ScaleUp Systems,Paid Search,Nurture,70,,,,2023-06-30T00:00:00
865,Mary,Lopez,mary.lopez865@futureforge.com,FutureForge,Social Media,SQL,75,,,,2024-10-24T00:00:00
866,William,Johnson,william.johnson866@vertexai.com,VertexAI,Product-Led,Converted,94,4117,227,2024-10-18,2024-10-08T00:00:00
867,Nancy,Wilson,nancy.wilson867@databridgecorp.com,DataBridge Corp,Inbound - Web,Converted,-53,4210,776,2023-10-13,2023-07-28T00:00:00
868,Joseph,Moore,joseph.moore868@techflowinc.com,TechFlow Inc,Outbound - Cold,New,32,,,,2024-01-12T00:00:00
869,Nancy,Thomas,nancy.thomas869@brightwavetech.com,BrightWave Tech,Outbound - SDR,Working,12,,,,2020-03-02T00:00:00
870,Karen,Anderson,karen.anderson870@futureforge.com,FutureForge,Product-Led,Working,57,,,,2020-12-10T00:00:00
871,Linda,Wilson,linda.wilson871@streamlineanalytics.com,StreamLine Analytics,Paid Search,Nurture,58,,,,2023-03-30T00:00:00
872,Nancy,Smith,nancy.smith872@scaleupsystems.com,ScaleUp Systems,Outbound - Cold,MQL,72,,,,2023-02-11T00:00:00
873,Robert,Martinez,robert.martinez873@futureforge.com,FutureForge,Social Media,New,67,,,,2022-07-13T00:00:00
874,Richard,Wilson,richard.wilson874@innovateco.com,InnovateCo,Inbound - Web,Nurture,36,,,,2020-05-10T00:00:00
875,Charles,Lopez,charles.lopez875@rapidcloud.com,RapidCloud,Inbound - Content,Working,26,,,,2021-01-09T00:00:00
876,Sarah,Miller,sarah.miller876@scaleupsystems.com,ScaleUp Systems,Event,Converted,75,3809,337,2023-06-18,2023-04-16T00:00:00
877,Charles,Williams,charles.williams877@pulsepointdigital.com,PulsePoint Digital,Social Media,Nurture,35,,,,2022-12-23T00:00:00
878,Christopher,Miller,christopher.miller878@scaleupsystems.com,ScaleUp Systems,,Converted,91,4576,928,2021-06-27,2021-04-27T00:00:00
879,Karen,Rodriguez,karen.rodriguez879@scaleupsystems.com,ScaleUp Systems,Outbound - SDR,Disqualified,30,,,,2022-11-17T00:00:00
880,Linda,Gonzalez,linda.gonzalez880@cybervault.com,CyberVault,Paid Search,Disqualified,12,,,,2020-10-03T00:00:00
881,Susan,Taylor,susan.taylor881@cybervault.com,CyberVault,Outbound - SDR,MQL,50,,,,2022-07-23T00:00:00
882,Karen,Davis,karen.davis,CyberVault,Inbound - Webinar,SQL,64,,,,2023-07-12T00:00:00
883,Karen,Williams,karen.williams883@rapidcloud.com,RapidCloud,Product-Led,Converted,65,2432,133,2024-11-02,2024-08-22T00:00:00
884,Elizabeth,Miller,elizabeth.miller884@scaleupsystems.com,ScaleUp Systems,Paid Search,Working,15,,,,2021-01-28T00:00:00
885,Mary,Taylor,mary.taylor885@futureforge.com,FutureForge,Paid Search,Working,28,,,,2021-06-17T00:00:00
886,Jessica,Anderson,jessica.anderson886@vertexai.com,VertexAI,Paid Search,New,37,,,,2023-11-18T00:00:00
887,Karen,Taylor,karen.taylor887@truenorthdata.com,TrueNorth Data,Outbound - SDR,SQL,76,,,,2024-03-31T00:00:00
888,Michael,Davis,michael.davis888@cybervault.com,CyberVault,Event,SQL,59,,,,2020-04-17T00:00:00
889,Barbara,Anderson,barbara.anderson889@nexgensolutions.com,NexGen Solutions,Partner Referral,New,59,,,,2022-06-29T00:00:00
890,Elizabeth,Wilson,,PulsePoint Digital,Inbound - Content,SQL,95,,,,2024-11-26T00:00:00
891,Jessica,Johnson,jessica.johnson891@quantumlogiclabs.com,QuantumLogic Labs,Inbound - Content,MQL,78,,,,2020-08-23T00:00:00
892,Mary,Williams,mary.williams892@cybervault.com,CyberVault,Paid Search,Converted,90,3917,137,2024-03-15,2024-02-28T00:00:00
893,William,Johnson,william.johnson893@nexgensolutions.com,NexGen Solutions,Product-Led,New,32,,,,2020-03-19T00:00:00
894,Sarah,Lopez,sarah.lopez894@futureforge.com,FutureForge,Outbound - SDR,Working,32,,,,2024-10-03T00:00:00
895,Michael,Thompson,michael.thompson895@primepathdigital.com,PrimePath Digital,Product-Led,Nurture,23,,,,2022-12-01T00:00:00
896,Robert,Rodriguez,robert.rodriguez896@rapidcloud.com,RapidCloud,Outbound - SDR,Converted,75,1206,356,2020-08-03,2020-06-06T00:00:00
897,Richard,Hernandez,richard.hernandez897@nexgensolutions.com,NexGen Solutions,Paid Search,SQL,79,,,,2024-01-17T00:00:00
898,Linda,Gonzalez,linda.gonzalez898@insightplatforms.com,Insight Platforms,Inbound - Content,New,24,,,,2022-03-29T00:00:00
899,Christopher,Gonzalez,christopher.gonzalez899@cybervault.com,CyberVault,Event,SQL,86,,,,2024-06-28T00:00:00
900,Daniel,Martin,daniel.martin900@corestack.com,CoreStack,Inbound - Content,New,10,,,,2023-09-22T00:00:00
901,James,Davis,james.davis901@innovateco.com,InnovateCo,Social Media,Converted,90,3506,754,2024-04-27,2024-03-22T00:00:00
902,Jennifer,Garcia,jennifer.garcia902@brightwavetech.com,BrightWave Tech,Paid Search,Nurture,66,,,,2023-02-06T00:00:00
903,James,Wilson,james.wilson903@pulsepointdigital.com,PulsePoint Digital,Social Media,Disqualified,11,,,,2024-11-08T00:00:00
904,Jessica,Lee,jessica.lee904@cybervault.com,CyberVault,Social Media,MQL,69,,,,2022-03-04T00:00:00
905,Joseph,Martin,joseph.martin905@cybervault.com,CyberVault,Partner Referral,SQL,76,,,,2021-10-14T00:00:00
906,Patricia,Anderson,patricia.anderson906@quantumlogiclabs.com,QuantumLogic Labs,Inbound - Content,Converted,98,156,175,2024-04-23,2024-03-18T00:00:00
907,Daniel,Williams,daniel.williams907@truenorthdata.com,TrueNorth Data,Outbound - Cold,Nurture,-13,,,,2024-07-27T00:00:00
908,John,Brown,john.brown908@pulsepointdigital.com,PulsePoint Digital,Inbound - Content,Converted,88,862,360,2024-04-19,2024-01-28T00:00:00
909,Michael,Martinez,michael.martinez909@insightplatforms.com,Insight Platforms,Product-Led,MQL,97,,,,2021-12-17T00:00:00
910,Patricia,Gonzalez,patricia.gonzalez910@pulsepointdigital.com,PulsePoint Digital,Paid Search,Disqualified,3,,,,2022-02-13T00:00:00
911,Joseph,Martin,joseph.martin911@primepathdigital.com,PrimePath Digital,,SQL,72,,,,2023-08-26T00:00:00
912,Barbara,Thompson,barbara.thompson912@vertexai.com,VertexAI,Paid Search,Converted,76,3354,202,2024-11-23,2024-10-30T00:00:00
913,Mary,Thomas,mary.thomas913@brightwavetech.com,BrightWave Tech,Partner Referral,Converted,100,3411,849,2023-07-07,2023-06-13T00:00:00
914,Michael,Davis,michael.davis914@insightplatforms.com,Insight Platforms,Outbound - SDR,Disqualified,20,,,,2022-10-12T00:00:00
915,Linda,Jones,linda.jones915@cybervault.com,CyberVault,Social Media,Disqualified,8,,,,2024-09-02T00:00:00
916,Susan,Hernandez,susan.hernandez916@metasync.com,MetaSync,Social Media,MQL,82,,,,2024-05-12T00:00:00
917,Michael,Jones,michael.jones917@scaleupsystems.com,ScaleUp Systems,Outbound - SDR,Converted,70,16,414,2024-09-26,2024-09-19T00:00:00
918,Thomas,Martinez,thomas.martinez918@rapidcloud.com,RapidCloud,Inbound - Webinar,New,61,,,,2023-09-15T00:00:00
919,Joseph,Wilson,joseph.wilson919@pulsepointdigital.com,PulsePoint Digital,Partner Referral,MQL,81,,,,2024-07-26T00:00:00
920,Karen,Anderson,karen.anderson920@corestack.com,CoreStack,Product-Led,Nurture,58,,,,2022-05-07T00:00:00
921,Mary,Johnson,mary.johnson921@brightwavetech.com,BrightWave Tech,Event,Converted,68,1377,960,2024-09-24,2024-09-11T00:00:00
922,Jessica,Jones,jessica.jones922@pulsepointdigital.com,PulsePoint Digital,Inbound - Web,Disqualified,15,,,,2024-01-05T00:00:00
923,Sarah,Johnson,sarah.johnson923@databridgecorp.com,DataBridge Corp,Inbound - Content,Converted,65,3363,480,2022-08-07,2022-07-19T00:00:00
924,Robert,Jones,robert.jones924@vertexai.com,VertexAI,Inbound - Content,Disqualified,18,,,,2023-05-04T00:00:00
925,Sarah,Wilson,sarah.wilson925@corestack.com,CoreStack,Product-Led,Disqualified,6,,,,2024-09-01T00:00:00
926,John,Jackson,john.jackson926@brightwavetech.com,BrightWave Tech,,MQL,74,,,,2024-07-23T00:00:00
927,Barbara,Jones,barbara.jones927@databridgecorp.com,DataBridge Corp,Outbound - Cold,New,-42,,,,2021-07-20T00:00:00
928,Joseph,Miller,,VertexAI,,Nurture,20,,,,2021-03-23T00:00:00
929,William,Smith,william.smith929@truenorthdata.com,TrueNorth Data,Outbound - Cold,Disqualified,16,,,,2024-10-06T00:00:00
930,Patricia,Taylor,patricia.taylor930@truenorthdata.com,TrueNorth Data,Product-Led,Nurture,46,,,,2022-01-31T00:00:00
931,Michael,Johnson,michael.johnson931@futureforge.com,FutureForge,Product-Led,Working,39,,,,2022-11-23T00:00:00
932,Mary,Garcia,mary.garcia932@futureforge.com,FutureForge,Inbound - Content,New,35,,,,2022-04-28T00:00:00
933,Nancy,Taylor,nancy.taylor933@pulsepointdigital.com,PulsePoint Digital,Product-Led,Disqualified,1,,,,2024-08-21T00:00:00
934,James,Wilson,james.wilson,VertexAI,Outbound - SDR,MQL,68,,,,2024-07-10T00:00:00
935,Mary,Martinez,mary.martinez935@streamlineanalytics.com,StreamLine Analytics,Paid Search,New,30,,,,2021-11-12T00:00:00
936,Barbara,Anderson,barbara.anderson936@streamlineanalytics.com,StreamLine Analytics,Paid Search,Nurture,41,,,,2020-09-22T00:00:00
937,James,Gonzalez,james.gonzalez937@cloudscalesystems.com,CloudScale Systems,Social Media,Disqualified,10,,,,2024-05-27T00:00:00
938,Robert,Davis,robert.davis938@scaleupsystems.com,ScaleUp Systems,Inbound - Content,Converted,51,2616,627,2024-11-24,2024-10-03T00:00:00
939,Linda,Moore,linda.moore939@innovateco.com,InnovateCo,Inbound - Content,Working,45,,,,2022-11-03T00:00:00
940,Joseph,Rodriguez,joseph.rodriguez940@pulsepointdigital.com,PulsePoint Digital,Outbound - Cold,New,66,,,,2020-04-20T00:00:00
941,Daniel,Rodriguez,daniel.rodriguez941@databridgecorp.com,DataBridge Corp,Inbound - Content,Disqualified,0,,,,2020-09-18T00:00:00
942,Karen,Martin,karen.martin942@scaleupsystems.com,ScaleUp Systems,Event,Nurture,40,,,,2024-07-03T00:00:00
943,Lisa,Hernandez,lisa.hernandez943@brightwavetech.com,BrightWave Tech,Outbound - Cold,MQL,95,,,,2020-12-22T00:00:00
944,James,Rodriguez,james.rodriguez944@insightplatforms.com,Insight Platforms,Outbound - SDR,Disqualified,12,,,,2021-04-12T00:00:00
945,Sarah,Wilson,,Agile Dynamics,Social Media,Converted,94,870,404,2024-05-10,2024-03-27T00:00:00
946,Daniel,Garcia,daniel.garcia946@truenorthdata.com,TrueNorth Data,Paid Search,Converted,78,607,899,2024-12-04,2024-09-19T00:00:00
947,Jennifer,Rodriguez,jennifer.rodriguez947@insightplatforms.com,Insight Platforms,Paid Search,Nurture,68,,,,2022-05-01T00:00:00
948,David,Williams,david.williams948@rapidcloud.com,RapidCloud,Partner Referral,Working,13,,,,2020-02-28T00:00:00
949,Christopher,Miller,christopher.miller949@nexgensolutions.com,NexGen Solutions,Social Media,MQL,52,,,,2020-04-27T00:00:00
950,James,Hernandez,james.hernandez950@quantumlogiclabs.com,QuantumLogic Labs,Inbound - Web,Nurture,60,,,,2024-10-28T00:00:00
951,Jessica,Thompson,jessica.thompson951@agiledynamics.com,Agile Dynamics,Partner Referral,New,25,,,,2024-06-20T00:00:00
952,Lisa,Rodriguez,lisa.rodriguez952@databridgecorp.com,DataBridge Corp,Inbound - Webinar,SQL,50,,,,2021-05-10T00:00:00
953,Jennifer,Miller,jennifer.miller953@rapidcloud.com,RapidCloud,Paid Search,Disqualified,-27,,,,2023-01-31T00:00:00
954,Jennifer,Wilson,jennifer.wilson954@nexgensolutions.com,NexGen Solutions,Event,SQL,75,,,,2021-08-10T00:00:00
955,William,Johnson,william.johnson955@brightwavetech.com,BrightWave Tech,Partner Referral,Converted,89,584,289,2023-03-03,2022-12-09T00:00:00
956,Charles,Miller,charles.miller956@insightplatforms.com,Insight Platforms,Inbound - Web,Converted,79,3459,607,2024-12-23,2024-12-06T00:00:00
957,James,Johnson,james.johnson957@metasync.com,MetaSync,Outbound - SDR,SQL,65,,,,2024-11-25T00:00:00
958,Richard,Anderson,richard.anderson958@truenorthdata.com,TrueNorth Data,Outbound - SDR,New,68,,,,2022-11-24T00:00:00
959,Lisa,Jackson,lisa.jackson959@agiledynamics.com,Agile Dynamics,Paid Search,MQL,57,,,,2024-10-12T00:00:00
960,Nancy,Gonzalez,nancy.gonzalez960@quantumlogiclabs.com,QuantumLogic Labs,Outbound - SDR,New,43,,,,2020-12-28T00:00:00
961,Lisa,Lee,lisa.lee961@insightplatforms.com,Insight Platforms,Paid Search,New,60,,,,2022-04-28T00:00:00
962,Sarah,Lopez,sarah.lopez962@streamlineanalytics.com,StreamLine Analytics,Outbound - SDR,SQL,78,,,,2021-06-09T00:00:00
963,John,Thomas,john.thomas963@techflowinc.com,TechFlow Inc,Inbound - Webinar,Working,60,,,,2021-02-05T00:00:00
964,Linda,Brown,linda.brown964@innovateco.com,InnovateCo,Partner Referral,Converted,92,265,626,2024-01-08,2023-12-06T00:00:00
965,Barbara,Martinez,barbara.martinez965@quantumlogiclabs.com,QuantumLogic Labs,Outbound - Cold,Disqualified,13,,,,2022-10-05T00:00:00
966,Jessica,Jones,jessica.jones966@cloudscalesystems.com,CloudScale Systems,Paid Search,MQL,98,,,,2022-01-07T00:00:00
967,Sarah,Thompson,sarah.thompson967@primepathdigital.com,PrimePath Digital,Inbound - Webinar,Nurture,22,,,,2022-02-15T00:00:00
968,Joseph,Davis,joseph.davis968@techflowinc.com,TechFlow Inc,Paid Search,Working,50,,,,2020-12-17T00:00:00
969,James,Wilson,james.wilson969@corestack.com,CoreStack,Partner Referral,Disqualified,30,,,,2020-08-14T00:00:00
970,Nancy,Anderson,nancy.anderson970@vertexai.com,VertexAI,Product-Led,MQL,54,,,,2024-11-21T00:00:00
971,Charles,Brown,charles.brown971@primepathdigital.com,PrimePath Digital,Event,SQL,71,,,,2022-06-14T00:00:00
972,Joseph,Lopez,joseph.lopez972@quantumlogiclabs.com,QuantumLogic Labs,Inbound - Content,MQL,61,,,,2024-06-24T00:00:00
973,Robert,Moore,robert.moore973@quantumlogiclabs.com,QuantumLogic Labs,Outbound - SDR,New,46,,,,2024-08-21T00:00:00
974,Karen,Anderson,karen.anderson974@techflowinc.com,TechFlow Inc,Paid Search,SQL,55,,,,2022-11-13T00:00:00
975,Sarah,Thomas,sarah.thomas975@agiledynamics.com,Agile Dynamics,Paid Search,MQL,74,,,,2020-09-25T00:00:00
976,Patricia,Smith,patricia.smith976@quantumlogiclabs.com,QuantumLogic Labs,Outbound - Cold,Disqualified,0,,,,2021-12-26T00:00:00
977,John,Thomas,john.thomas977@quantumlogiclabs.com,QuantumLogic Labs,Inbound - Webinar,New,53,,,,2024-09-10T00:00:00
978,Richard,Martinez,richard.martinez978@rapidcloud.com,RapidCloud,Event,Disqualified,19,,,,2021-02-20T00:00:00
979,Richard,Johnson,richard.johnson979@primepathdigital.com,PrimePath Digital,Outbound - Cold,MQL,97,,,,2024-05-15T00:00:00
980,Sarah,Lee,sarah.lee980@agiledynamics.com,Agile Dynamics,Social Media,Disqualified,6,,,,2024-08-18T00:00:00
981,Christopher,Martin,,CoreStack,Partner Referral,Disqualified,21,,,,2022-06-02T00:00:00
982,David,Thomas,david.thomas982@scaleupsystems.com,ScaleUp Systems,Event,New,51,,,,2020-03-14T00:00:00
983,Charles,Lopez,charles.lopez983@brightwavetech.com,BrightWave Tech,Outbound - SDR,SQL,72,,,,2022-09-10T00:00:00
984,Thomas,Williams,thomas.williams984@brightwavetech.com,BrightWave Tech,Inbound - Content,Nurture,24,,,,2024-02-10T00:00:00
985,Barbara,Anderson,,TrueNorth Data,Event,Converted,57,2154,833,2023-11-02,2023-08-17T00:00:00
986,Daniel,Martin,daniel.martin986@cybervault.com,CyberVault,Social Media,Working,19,,,,2023-11-02T00:00:00
987,Sarah,Smith,sarah.smith987@corestack.com,CoreStack,Partner Referral,New,69,,,,2023-08-30T00:00:00
988,Michael,Wilson,michael.wilson988@cybervault.com,CyberVault,Social Media,Disqualified,11,,,,2023-08-25T00:00:00
989,Robert,Gonzalez,robert.gonzalez989@innovateco.com,InnovateCo,Partner Referral,SQL,69,,,,2021-09-26T00:00:00
990,Lisa,Smith,lisa.smith990@insightplatforms.com,Insight Platforms,Product-Led,SQL,55,,,,2021-05-10T00:00:00
991,Nancy,Smith,,FutureForge,Outbound - SDR,MQL,60,,,,2024-03-18T00:00:00
992,Elizabeth,Martinez,elizabeth.martinez992@cloudscalesystems.com,CloudScale Systems,Inbound - Web,Working,22,,,,2021-01-15T00:00:00
993,David,Gonzalez,david.gonzalez993@quantumlogiclabs.com,QuantumLogic Labs,Partner Referral,Converted,95,2298,94,2024-12-16,2024-10-18T00:00:00
994,Karen,Wilson,karen.wilson994@metasync.com,MetaSync,Outbound - SDR,Disqualified,4,,,,2022-07-16T00:00:00
995,David,Williams,david.williams995@streamlineanalytics.com,StreamLine Analytics,Inbound - Content,Converted,93,2718,460,2024-09-09,2024-07-02T00:00:00
996,Barbara,Davis,barbara.davis996@corestack.com,CoreStack,Outbound - Cold,New,18,,,,2023-01-18T00:00:00
997,Nancy,Moore,nancy.moore997@vertexai.com,VertexAI,Inbound - Webinar,Converted,80,395,875,2023-05-30,2023-05-06T00:00:00
998,Elizabeth,Gonzalez,elizabeth.gonzalez998@innovateco.com,InnovateCo,Outbound - Cold,New,66,,,,2020-04-06T00:00:00
999,Charles,Wilson,charles.wilson999@innovateco.com,InnovateCo,Outbound - Cold,MQL,89,,,,2024-01-09T00:00:00
1000,James,Garcia,james.garcia1000@primepathdigital.com,PrimePath Digital,Product-Led,Converted,91,2960,430,2024-11-06,2024-10-27T00:00:00
1001,Sarah,Wilson,sarah.wilson1001@cybervault.com,CyberVault,Outbound - Cold,Disqualified,27,,,,2020-06-24T00:00:00
1002,Christopher,Miller,christopher.miller1002@insightplatforms.com,Insight Platforms,Inbound - Webinar,New,51,,,,2023-04-16T00:00:00
1003,Karen,Miller,karen.miller1003@truenorthdata.com,TrueNorth Data,Product-Led,Working,46,,,,2023-07-04T00:00:00
1004,Robert,Anderson,robert.anderson1004@innovateco.com,InnovateCo,Inbound - Web,SQL,73,,,,2022-10-29T00:00:00
1005,Patricia,Moore,patricia.moore1005@cloudscalesystems.com,CloudScale Systems,Product-Led,New,39,,,,2022-09-13T00:00:00
1006,William,Hernandez,william.hernandez1006@nexgensolutions.com,NexGen Solutions,Social Media,SQL,97,,,,2020-05-24T00:00:00
1007,John,Gonzalez,john.gonzalez1007@vertexai.com,VertexAI,Inbound - Content,SQL,95,,,,2020-02-15T00:00:00
1008,Karen,Moore,karen.moore1008@innovateco.com,InnovateCo,Paid Search,Nurture,68,,,,2024-02-24T00:00:00
1009,Susan,Jackson,susan.jackson1009@insightplatforms.com,Insight Platforms,Partner Referral,Disqualified,5,,,,2021-08-03T00:00:00
1010,Lisa,Williams,lisa.williams1010@quantumlogiclabs.com,QuantumLogic Labs,Inbound - Webinar,Converted,90,1881,420,2024-11-06,2024-08-18T00:00:00
1011,Karen,Taylor,karen.taylor1011@rapidcloud.com,RapidCloud,Paid Search,Converted,80,87,132,2024-08-06,2024-05-19T00:00:00
1012,Jennifer,Brown,jennifer.brown1012@cloudscalesystems.com,CloudScale Systems,Paid Search,MQL,73,,,,2021-05-17T00:00:00
1013,Michael,Hernandez,michael.hernandez1013@primepathdigital.com,PrimePath Digital,Inbound - Content,Disqualified,9,,,,2024-03-21T00:00:00
1014,Charles,Hernandez,charles.hernandez1014@agiledynamics.com,Agile Dynamics,Inbound - Content,Converted,63,3330,774,2024-07-06,2024-05-19T00:00:00
1015,Jessica,Gonzalez,jessica.gonzalez1015@techflowinc.com,TechFlow Inc,Inbound - Content,New,40,,,,2022-06-22T00:00:00
1016,Sarah,Garcia,sarah.garcia1016@rapidcloud.com,RapidCloud,Outbound - Cold,Disqualified,28,,,,2020-06-24T00:00:00
1017,Robert,Martinez,robert.martinez1017@techflowinc.com,TechFlow Inc,Partner Referral,New,15,,,,2023-06-10T00:00:00
1018,Michael,Smith,michael.smith1018@cloudscalesystems.com,CloudScale Systems,,MQL,100,,,,2022-11-03T00:00:00
1019,Joseph,Williams,joseph.williams1019@primepathdigital.com,PrimePath Digital,Outbound - Cold,SQL,100,,,,2021-07-09T00:00:00
1020,Thomas,Thomas,,BrightWave Tech,Event,Working,65,,,,2020-06-03T00:00:00
1021,James,Johnson,,Insight Platforms,Inbound - Web,Working,39,,,,2020-03-27T00:00:00
1022,Lisa,Garcia,lisa.garcia1022@streamlineanalytics.com,StreamLine Analytics,Outbound - Cold,Nurture,25,,,,2023-07-08T00:00:00
1023,Thomas,Davis,thomas.davis1023@nexgensolutions.com,NexGen Solutions,Outbound - SDR,SQL,54,,,,2024-07-03T00:00:00
1024,Linda,Wilson,linda.wilson1024@innovateco.com,InnovateCo,Product-Led,Disqualified,14,,,,2023-07-14T00:00:00
1025,Christopher,Wilson,christopher.wilson1025@primepathdigital.com,PrimePath Digital,Partner Referral,Converted,93,4600,947,2024-08-25,2024-07-06T00:00:00
1026,Lisa,Brown,lisa.brown1026@corestack.com,CoreStack,Inbound - Content,Converted,59,186,498,2024-11-20,2024-10-10T00:00:00
1027,Elizabeth,Hernandez,elizabeth.hernandez1027@nexgensolutions.com,NexGen Solutions,Social Media,New,57,,,,2020-06-02T00:00:00
1028,David,Johnson,david.johnson1028@cybervault.com,CyberVault,Inbound - Content,MQL,96,,,,2023-02-13T00:00:00
1029,William,Thompson,william.thompson1029@futureforge.com,FutureForge,Paid Search,New,59,,,,2022-05-14T00:00:00
1030,Christopher,Gonzalez,christopher.gonzalez1030@metasync.com,MetaSync,Product-Led,Converted,97,980,449,2023-12-26,2023-11-30T00:00:00
1031,William,Lee,william.lee1031@pulsepointdigital.com,PulsePoint Digital,Inbound - Web,Converted,93,3262,493,2024-11-15,2024-10-26T00:00:00
1032,Mary,Moore,mary.moore1032@truenorthdata.com,TrueNorth Data,Inbound - Content,Disqualified,23,,,,2020-06-23T00:00:00
1033,Linda,Davis,linda.davis1033@brightwavetech.com,BrightWave Tech,Inbound - Web,Converted,57,3165,770,2024-10-14,2024-09-18T00:00:00
1034,Christopher,Anderson,christopher.anderson1034@vertexai.com,VertexAI,Outbound - Cold,New,33,,,,2021-05-11T00:00:00
1035,Thomas,Thompson,thomas.thompson1035@vertexai.com,VertexAI,Paid Search,Working,62,,,,2023-03-12T00:00:00
1036,James,Taylor,james.taylor1036@truenorthdata.com,TrueNorth Data,Inbound - Content,MQL,70,,,,2022-06-20T00:00:00
1037,William,Miller,william.miller1037@techflowinc.com,TechFlow Inc,Outbound - Cold,Nurture,21,,,,2021-08-12T00:00:00
1038,James,Lee,james.lee1038@cloudscalesystems.com,CloudScale Systems,Outbound - SDR,New,65,,,,2024-06-22T00:00:00
1039,Richard,Hernandez,richard.hernandez1039@rapidcloud.com,RapidCloud,Inbound - Content,SQL,53,,,,2021-10-26T00:00:00
1040,Sarah,Rodriguez,sarah.rodriguez1040@innovateco.com,InnovateCo,Social Media,MQL,94,,,,2021-10-07T00:00:00
1041,Joseph,Thompson,joseph.thompson,PulsePoint Digital,Partner Referral,MQL,80,,,,2024-04-22T00:00:00
1042,Lisa,Taylor,lisa.taylor1042@nexgensolutions.com,NexGen Solutions,Paid Search,MQL,79,,,,2023-12-13T00:00:00
1043,Christopher,Lee,christopher.lee1043@innovateco.com,InnovateCo,Event,Converted,93,2330,877,2021-07-27,2021-05-15T00:00:00
1044,Charles,Rodriguez,charles.rodriguez1044@truenorthdata.com,TrueNorth Data,Outbound - Cold,Working,57,,,,2020-09-28T00:00:00
1045,Charles,Taylor,charles.taylor1045@insightplatforms.com,Insight Platforms,Paid Search,New,23,,,,2020-04-16T00:00:00
1046,Barbara,Jackson,barbara.jackson1046@innovateco.com,InnovateCo,Outbound - Cold,SQL,70,,,,2022-02-04T00:00:00
1047,Michael,Rodriguez,michael.rodriguez1047@scaleupsystems.com,ScaleUp Systems,Product-Led,Disqualified,0,,,,2020-05-17T00:00:00
1048,John,Lopez,john.lopez1048@rapidcloud.com,RapidCloud,Inbound - Web,New,49,,,,2023-02-24T00:00:00
1049,Jennifer,Anderson,jennifer.anderson1049@innovateco.com,InnovateCo,Outbound - Cold,Working,19,,,,2022-01-29T00:00:00
1050,Jessica,Miller,jessica.miller1050@cloudscalesystems.com,CloudScale Systems,Inbound - Webinar,SQL,80,,,,2020-08-02T00:00:00
1051,Barbara,Hernandez,barbara.hernandez1051@cloudscalesystems.com,CloudScale Systems,Partner Referral,New,64,,,,2020-03-06T00:00:00
1052,William,Johnson,william.johnson1052@techflowinc.com,TechFlow Inc,Outbound - Cold,Working,28,,,,2022-01-15T00:00:00
1053,William,Miller,william.miller1053@cybervault.com,CyberVault,Social Media,Working,13,,,,2020-08-09T00:00:00
1054,Richard,Smith,richard.smith1054@brightwavetech.com,BrightWave Tech,Outbound - Cold,New,27,,,,2021-06-19T00:00:00
1055,Jessica,Wilson,jessica.wilson1055@streamlineanalytics.com,StreamLine Analytics,Inbound - Web,Disqualified,9,,,,2023-09-30T00:00:00
1056,Elizabeth,Anderson,elizabeth.anderson1056@corestack.com,CoreStack,Inbound - Webinar,New,54,,,,2021-12-21T00:00:00
1057,Lisa,Smith,,StreamLine Analytics,Inbound - Web,Disqualified,24,,,,2020-07-16T00:00:00
1058,John,Martinez,john.martinez1058@corestack.com,CoreStack,Social Media,Working,38,,,,2022-08-26T00:00:00
1059,Charles,Lee,charles.lee1059@techflowinc.com,TechFlow Inc,Inbound - Web,Working,70,,,,2021-09-09T00:00:00
1060,William,Johnson,william.johnson1060@scaleupsystems.com,ScaleUp Systems,Partner Referral,Nurture,34,,,,2024-08-15T00:00:00
1061,Thomas,Martinez,,NexGen Solutions,,Nurture,11,,,,2022-03-17T00:00:00
1062,Christopher,Davis,christopher.davis1062@futureforge.com,FutureForge,Product-Led,Converted,81,2433,187,2023-08-20,2023-08-25T00:00:00
1063,Sarah,Moore,sarah.moore1063@scaleupsystems.com,ScaleUp Systems,Event,MQL,91,,,,2022-04-17T00:00:00
1064,Richard,Garcia,richard.garcia1064@metasync.com,MetaSync,,Converted,70,1835,609,2023-04-29,2023-02-20T00:00:00
1065,Barbara,Gonzalez,barbara.gonzalez1065@nexgensolutions.com,NexGen Solutions,Outbound - SDR,MQL,66,,,,2020-11-11T00:00:00
1066,Sarah,Smith,sarah.smith1066@rapidcloud.com,RapidCloud,Outbound - Cold,New,66,,,,2022-07-22T00:00:00
1067,Susan,Moore,susan.moore1067@brightwavetech.com,BrightWave Tech,Inbound - Content,SQL,66,,,,2023-06-26T00:00:00
1068,Charles,Moore,charles.moore1068@cybervault.com,CyberVault,Paid Search,MQL,55,,,,2020-09-10T00:00:00
1069,Mary,Lopez,mary.lopez1069@rapidcloud.com,RapidCloud,Inbound - Web,Converted,52,822,491,2024-10-18,2024-08-12T00:00:00
1070,Daniel,Miller,daniel.miller1070@truenorthdata.com,TrueNorth Data,Product-Led,Converted,96,3540,47,2024-05-11,2024-05-03T00:00:00
1071,Barbara,Garcia,barbara.garcia1071@streamlineanalytics.com,StreamLine Analytics,Inbound - Webinar,Disqualified,11,,,,2021-01-23T00:00:00
1072,James,Hernandez,james.hernandez1072@quantumlogiclabs.com,QuantumLogic Labs,Paid Search,SQL,56,,,,2023-10-04T00:00:00
1073,John,Smith,john.smith1073@agiledynamics.com,Agile Dynamics,Inbound - Content,Converted,53,1616,263,2021-01-22,2021-01-19T00:00:00
1074,Richard,Lee,richard.lee1074@pulsepointdigital.com,PulsePoint Digital,Partner Referral,Nurture,56,,,,2023-05-15T00:00:00
1075,William,Brown,william.brown1075@innovateco.com,InnovateCo,Outbound - Cold,Disqualified,15,,,,2022-04-20T00:00:00
1076,David,Wilson,david.wilson1076@futureforge.com,FutureForge,Inbound - Content,New,68,,,,2021-11-02T00:00:00
1077,Robert,Jones,robert.jones1077@futureforge.com,FutureForge,Inbound - Web,Converted,87,3984,119,2024-07-07,2024-06-20T00:00:00
1078,Christopher,Lee,christopher.lee1078@truenorthdata.com,TrueNorth Data,,Working,45,,,,2024-05-22T00:00:00
1079,Nancy,Lopez,nancy.lopez1079@quantumlogiclabs.com,QuantumLogic Labs,Paid Search,MQL,97,,,,2024-03-07T00:00:00
1080,Jessica,Williams,jessica.williams1080@innovateco.com,InnovateCo,Product-Led,Converted,97,2027,6,2024-06-07,2024-06-01T00:00:00
1081,William,Brown,william.brown1081@rapidcloud.com,RapidCloud,Event,Working,57,,,,2022-04-18T00:00:00
1082,Christopher,Johnson,christopher.johnson1082@cybervault.com,CyberVault,Outbound - SDR,MQL,66,,,,2024-07-06T00:00:00
1083,Lisa,Smith,lisa.smith1083@nexgensolutions.com,NexGen Solutions,,SQL,90,,,,2020-04-16T00:00:00
1084,Jessica,Moore,jessica.moore1084@agiledynamics.com,Agile Dynamics,Inbound - Content,Disqualified,18,,,,2022-09-18T00:00:00
1085,Susan,Lopez,susan.lopez1085@databridgecorp.com,DataBridge Corp,Event,Converted,84,4813,6,2024-06-28,2024-06-25T00:00:00
1086,Christopher,Thomas,christopher.thomas1086@pulsepointdigital.com,PulsePoint Digital,Partner Referral,Converted,63,3517,214,2022-03-21,2022-01-07T00:00:00
1087,Nancy,Rodriguez,,CoreStack,Outbound - Cold,Working,41,,,,2020-11-28T00:00:00
1088,William,Williams,william.williams1088@innovateco.com,InnovateCo,Partner Referral,Converted,73,3033,122,2024-05-31,2024-05-02T00:00:00
1089,Richard,Taylor,richard.taylor1089@streamlineanalytics.com,StreamLine Analytics,Paid Search,MQL,87,,,,2020-11-14T00:00:00
1090,Richard,Smith,richard.smith1090@vertexai.com,VertexAI,Outbound - SDR,MQL,88,,,,2020-01-12T00:00:00
1091,Susan,Thompson,susan.thompson,FutureForge,Product-Led,New,21,,,,2021-05-14T00:00:00
1092,Patricia,Hernandez,patricia.hernandez1092@streamlineanalytics.com,StreamLine Analytics,Inbound - Web,Converted,75,1238,995,2023-12-24,2023-11-30T00:00:00
1093,Joseph,Gonzalez,joseph.gonzalez1093@nexgensolutions.com,NexGen Solutions,Outbound - SDR,Disqualified,6,,,,2023-08-10T00:00:00
1094,Robert,Lee,robert.lee1094@techflowinc.com,TechFlow Inc,Inbound - Content,SQL,85,,,,2022-10-14T00:00:00
1095,Nancy,Wilson,nancy.wilson1095@scaleupsystems.com,ScaleUp Systems,Paid Search,Converted,87,4860,393,2024-11-26,2024-10-06T00:00:00
1096,John,Lee,,PrimePath Digital,Partner Referral,SQL,60,,,,2024-07-27T00:00:00
1097,Susan,Davis,susan.davis,QuantumLogic Labs,Partner Referral,New,30,,,,2024-07-15T00:00:00
1098,Barbara,Wilson,barbara.wilson1098@techflowinc.com,TechFlow Inc,Social Media,Working,-12,,,,2022-08-18T00:00:00
1099,Lisa,Garcia,lisa.garcia1099@streamlineanalytics.com,StreamLine Analytics,Inbound - Content,Nurture,10,,,,2023-05-19T00:00:00
1100,William,Jackson,william.jackson1100@pulsepointdigital.com,PulsePoint Digital,Paid Search,MQL,68,,,,2022-01-08T00:00:00
1101,Jessica,Rodriguez,jessica.rodriguez1101@brightwavetech.com,BrightWave Tech,Social Media,Disqualified,29,,,,2023-05-12T00:00:00
1102,Mary,Davis,mary.davis,RapidCloud,Social Media,Disqualified,16,,,,2024-03-21T00:00:00
1103,Susan,Anderson,susan.anderson1103@databridgecorp.com,DataBridge Corp,Paid Search,Working,42,,,,2023-06-09T00:00:00
1104,Robert,Jackson,robert.jackson1104@cloudscalesystems.com,CloudScale Systems,Inbound - Web,Working,12,,,,2020-12-19T00:00:00
1105,James,Moore,james.moore1105@primepathdigital.com,PrimePath Digital,Inbound - Web,New,45,,,,2024-11-24T00:00:00
1106,Daniel,Martin,daniel.martin1106@techflowinc.com,TechFlow Inc,Inbound - Content,SQL,62,,,,2023-03-16T00:00:00
1107,James,Anderson,james.anderson1107@techflowinc.com,TechFlow Inc,,MQL,61,,,,2024-07-01T00:00:00
1108,Barbara,Davis,barbara.davis1108@metasync.com,MetaSync,Social Media,New,10,,,,2023-05-22T00:00:00
1109,Elizabeth,Smith,elizabeth.smith1109@pulsepointdigital.com,PulsePoint Digital,,Working,61,,,,2024-04-06T00:00:00
1110,Thomas,Wilson,thomas.wilson1110@futureforge.com,FutureForge,Inbound - Web,Disqualified,23,,,,2023-09-23T00:00:00
1111,Karen,Jackson,karen.jackson1111@truenorthdata.com,TrueNorth Data,Inbound - Content,Nurture,36,,,,2021-08-10T00:00:00
1112,Richard,Brown,richard.brown1112@metasync.com,MetaSync,,Working,48,,,,2022-12-30T00:00:00
1113,Jessica,Hernandez,jessica.hernandez1113@vertexai.com,VertexAI,Social Media,Converted,-57,1696,643,2023-05-19,2023-05-11T00:00:00
1114,Jennifer,Jackson,jennifer.jackson1114@primepathdigital.com,PrimePath Digital,Social Media,SQL,77,,,,2022-08-11T00:00:00
1115,John,Thompson,john.thompson1115@cloudscalesystems.com,CloudScale Systems,Partner Referral,Working,42,,,,2020-03-25T00:00:00
1116,Lisa,Wilson,lisa.wilson1116@rapidcloud.com,RapidCloud,Product-Led,Working,64,,,,2024-11-04T00:00:00
1117,Patricia,Lee,patricia.lee1117@futureforge.com,FutureForge,Outbound - SDR,Disqualified,-2,,,,2024-06-15T00:00:00
1118,Lisa,Miller,lisa.miller1118@truenorthdata.com,TrueNorth Data,Product-Led,Converted,68,2881,739,2022-09-09,2022-08-06T00:00:00
1119,Christopher,Johnson,christopher.johnson1119@metasync.com,MetaSync,Inbound - Web,Nurture,50,,,,2021-09-27T00:00:00
1120,Nancy,Lee,nancy.lee1120@vertexai.com,VertexAI,Inbound - Web,Converted,54,1405,347,2024-07-06,2024-06-17T00:00:00
1121,Jennifer,Thompson,jennifer.thompson1121@rapidcloud.com,RapidCloud,Partner Referral,MQL,87,,,,2021-07-11T00:00:00
1122,Sarah,Smith,sarah.smith1122@cloudscalesystems.com,CloudScale Systems,Inbound - Web,Nurture,21,,,,2023-04-07T00:00:00
1123,Thomas,Johnson,thomas.johnson1123@insightplatforms.com,Insight Platforms,Inbound - Web,Disqualified,23,,,,2022-06-18T00:00:00
1124,Robert,Martinez,robert.martinez1124@innovateco.com,InnovateCo,Outbound - Cold,Working,68,,,,2024-12-12T00:00:00
1125,Jessica,Gonzalez,jessica.gonzalez1125@quantumlogiclabs.com,QuantumLogic Labs,Paid Search,Disqualified,18,,,,2024-08-11T00:00:00
1126,James,Gonzalez,james.gonzalez1126@innovateco.com,InnovateCo,Outbound - Cold,Working,10,,,,2022-03-04T00:00:00
1127,Elizabeth,Hernandez,elizabeth.hernandez1127@futureforge.com,FutureForge,Event,Disqualified,17,,,,2024-03-12T00:00:00
1128,Sarah,Jackson,sarah.jackson1128@brightwavetech.com,BrightWave Tech,Outbound - Cold,Nurture,18,,,,2023-02-24T00:00:00
1129,Susan,Thompson,susan.thompson1129@metasync.com,MetaSync,Inbound - Webinar,Converted,76,918,448,2024-07-05,2024-06-25T00:00:00
1130,Christopher,Davis,christopher.davis1130@streamlineanalytics.com,StreamLine Analytics,Social Media,Working,20,,,,2020-06-29T00:00:00
1131,Richard,Martinez,richard.martinez1131@primepathdigital.com,PrimePath Digital,Outbound - Cold,MQL,70,,,,2024-06-16T00:00:00
1132,Robert,Davis,robert.davis1132@streamlineanalytics.com,StreamLine Analytics,,Working,39,,,,2020-07-12T00:00:00
1133,Patricia,Brown,,CyberVault,Outbound - SDR,Working,24,,,,2020-02-20T00:00:00
1134,Charles,Martin,charles.martin1134@agiledynamics.com,Agile Dynamics,Event,SQL,-90,,,,2020-11-28T00:00:00
1135,Nancy,Martin,nancy.martin1135@quantumlogiclabs.com,QuantumLogic Labs,Event,Converted,74,1947,180,2024-12-22,2024-09-27T00:00:00
1136,William,Johnson,william.johnson1136@truenorthdata.com,TrueNorth Data,Inbound - Web,Disqualified,22,,,,2020-04-25T00:00:00
1137,Charles,Jones,charles.jones1137@insightplatforms.com,Insight Platforms,Inbound - Web,Disqualified,14,,,,2023-07-28T00:00:00
1138,William,Lopez,william.lopez1138@scaleupsystems.com,ScaleUp Systems,Paid Search,Disqualified,10,,,,2024-11-30T00:00:00
1139,Nancy,Anderson,nancy.anderson1139@innovateco.com,InnovateCo,Outbound - SDR,SQL,70,,,,2022-02-11T00:00:00
1140,Jessica,Garcia,jessica.garcia1140@primepathdigital.com,PrimePath Digital,Paid Search,New,53,,,,2021-03-18T00:00:00
1141,Robert,Smith,robert.smith1141@cybervault.com,CyberVault,Inbound - Web,Converted,89,3636,248,2024-01-16,2023-12-12T00:00:00
1142,Karen,Smith,karen.smith1142@cloudscalesystems.com,CloudScale Systems,Outbound - SDR,Nurture,16,,,,2024-07-12T00:00:00
1143,Elizabeth,Thompson,elizabeth.thompson1143@futureforge.com,FutureForge,Inbound - Web,SQL,75,,,,2021-04-09T00:00:00
1144,Nancy,Davis,nancy.davis1144@agiledynamics.com,Agile Dynamics,Social Media,New,59,,,,2020-03-04T00:00:00
1145,David,Gonzalez,david.gonzalez1145@quantumlogiclabs.com,QuantumLogic Labs,Paid Search,Converted,97,2029,119,2023-07-18,2023-07-10T00:00:00
1146,Charles,Gonzalez,charles.gonzalez1146@databridgecorp.com,DataBridge Corp,Inbound - Web,Disqualified,16,,,,2020-06-16T00:00:00
1147,James,Lopez,james.lopez1147@pulsepointdigital.com,PulsePoint Digital,Partner Referral,Disqualified,27,,,,2022-03-14T00:00:00
1148,Susan,Wilson,susan.wilson1148@agiledynamics.com,Agile Dynamics,Inbound - Webinar,Converted,83,1187,389,2024-04-12,2024-03-14T00:00:00
1149,David,Thompson,david.thompson1149@cybervault.com,CyberVault,Product-Led,New,44,,,,2021-05-13T00:00:00
1150,John,Jackson,john.jackson1150@quantumlogiclabs.com,QuantumLogic Labs,Product-Led,New,57,,,,2024-03-26T00:00:00
1151,Robert,Taylor,robert.taylor1151@streamlineanalytics.com,StreamLine Analytics,Paid Search,SQL,56,,,,2024-06-11T00:00:00
1152,Barbara,Wilson,barbara.wilson1152@insightplatforms.com,Insight Platforms,Paid Search,Working,26,,,,2023-05-12T00:00:00
1153,Daniel,Williams,daniel.williams1153@rapidcloud.com,RapidCloud,Outbound - Cold,MQL,92,,,,2023-10-06T00:00:00
1154,Richard,Jones,richard.jones1154@scaleupsystems.com,ScaleUp Systems,Paid Search,MQL,95,,,,2022-06-23T00:00:00
1155,Michael,Lopez,michael.lopez1155@brightwavetech.com,BrightWave Tech,Outbound - Cold,New,51,,,,2022-02-16T00:00:00
1156,Joseph,Rodriguez,joseph.rodriguez1156@vertexai.com,VertexAI,Event,Converted,90,3474,328,2024-11-22,2024-10-27T00:00:00
1157,Barbara,Williams,barbara.williams1157@pulsepointdigital.com,PulsePoint Digital,Outbound - SDR,Converted,74,4248,661,2022-09-20,2022-08-02T00:00:00
1158,Thomas,Thomas,thomas.thomas1158@cloudscalesystems.com,CloudScale Systems,Inbound - Web,SQL,63,,,,2023-06-26T00:00:00
1159,Linda,Thomas,linda.thomas1159@quantumlogiclabs.com,QuantumLogic Labs,Inbound - Webinar,MQL,57,,,,2022-10-28T00:00:00
1160,Lisa,Rodriguez,lisa.rodriguez1160@vertexai.com,VertexAI,Outbound - SDR,Working,65,,,,2023-01-12T00:00:00
1161,John,Garcia,john.garcia1161@quantumlogiclabs.com,QuantumLogic Labs,Inbound - Content,Working,46,,,,2024-04-08T00:00:00
1162,David,Anderson,david.anderson1162@metasync.com,MetaSync,Paid Search,New,54,,,,2020-04-06T00:00:00
1163,Charles,Jackson,charles.jackson1163@metasync.com,MetaSync,Product-Led,Disqualified,0,,,,2023-01-27T00:00:00
1164,Thomas,Hernandez,thomas.hernandez1164@agiledynamics.com,Agile Dynamics,Outbound - Cold,MQL,79,,,,2020-12-27T00:00:00
1165,Elizabeth,Rodriguez,elizabeth.rodriguez1165@cybervault.com,CyberVault,Outbound - SDR,New,59,,,,2020-12-27T00:00:00
1166,Patricia,Smith,patricia.smith1166@insightplatforms.com,Insight Platforms,Outbound - Cold,Disqualified,3,,,,2023-09-30T00:00:00
1167,William,Smith,william.smith1167@futureforge.com,FutureForge,Event,MQL,91,,,,2021-09-01T00:00:00
1168,Nancy,Rodriguez,nancy.rodriguez1168@agiledynamics.com,Agile Dynamics,Paid Search,New,27,,,,2024-08-16T00:00:00
1169,Thomas,Miller,,PulsePoint Digital,Inbound - Web,Working,62,,,,2023-05-13T00:00:00
1170,Joseph,Thompson,joseph.thompson1170@pulsepointdigital.com,PulsePoint Digital,Inbound - Content,New,16,,,,2021-05-26T00:00:00
1171,Nancy,Moore,nancy.moore1171@truenorthdata.com,TrueNorth Data,Outbound - Cold,Disqualified,15,,,,2024-10-03T00:00:00
1172,Daniel,Lee,daniel.lee1172@nexgensolutions.com,NexGen Solutions,Event,Converted,61,425,602,2024-09-12,2024-09-15T00:00:00
1173,Charles,Jackson,charles.jackson1173@brightwavetech.com,BrightWave Tech,Inbound - Webinar,MQL,-73,,,,2021-09-20T00:00:00
1174,John,Gonzalez,john.gonzalez1174@insightplatforms.com,Insight Platforms,Outbound - SDR,New,53,,,,2022-09-15T00:00:00
1175,Mary,Jones,mary.jones1175@scaleupsystems.com,ScaleUp Systems,Inbound - Webinar,Working,38,,,,2022-01-13T00:00:00
1176,John,Garcia,john.garcia1176@vertexai.com,VertexAI,Partner Referral,Nurture,14,,,,2023-11-06T00:00:00
1177,David,Moore,david.moore1177@truenorthdata.com,TrueNorth Data,Social Media,Working,35,,,,2024-06-30T00:00:00
1178,Barbara,Gonzalez,barbara.gonzalez1178@brightwavetech.com,BrightWave Tech,Social Media,Converted,62,1884,631,2024-09-09,2024-08-24T00:00:00
1179,Thomas,Jones,thomas.jones1179@truenorthdata.com,TrueNorth Data,Social Media,Disqualified,24,,,,2023-02-20T00:00:00
1180,Richard,Lee,,TechFlow Inc,,New,65,,,,2024-06-20T00:00:00
1181,Mary,Garcia,mary.garcia1181@innovateco.com,InnovateCo,Outbound - Cold,Converted,83,4592,407,2024-11-06,2024-10-06T00:00:00
1182,Linda,Thompson,linda.thompson1182@cloudscalesystems.com,CloudScale Systems,Outbound - Cold,New,24,,,,2022-09-11T00:00:00
1183,John,Taylor,john.taylor1183@agiledynamics.com,Agile Dynamics,Inbound - Content,MQL,65,,,,2022-08-10T00:00:00
1184,Joseph,Williams,joseph.williams1184@futureforge.com,FutureForge,Inbound - Content,SQL,88,,,,2022-01-07T00:00:00
1185,Nancy,Brown,nancy.brown1185@brightwavetech.com,BrightWave Tech,Paid Search,SQL,84,,,,2024-10-20T00:00:00
1186,William,Davis,william.davis1186@streamlineanalytics.com,StreamLine Analytics,Paid Search,SQL,60,,,,2024-10-06T00:00:00
1187,Michael,Rodriguez,michael.rodriguez1187@agiledynamics.com,Agile Dynamics,Event,MQL,92,,,,2022-09-24T00:00:00
1188,Linda,Wilson,linda.wilson1188@truenorthdata.com,TrueNorth Data,Social Media,MQL,76,,,,2024-09-28T00:00:00
1189,Christopher,Rodriguez,christopher.rodriguez1189@cloudscalesystems.com,CloudScale Systems,Event,Converted,87,1165,237,2024-03-19,2024-03-08T00:00:00
1190,Charles,Taylor,charles.taylor1190@streamlineanalytics.com,StreamLine Analytics,Inbound - Webinar,Nurture,45,,,,2021-11-16T00:00:00
1191,Mary,Moore,mary.moore1191@insightplatforms.com,Insight Platforms,Paid Search,MQL,72,,,,2021-11-28T00:00:00
1192,Jessica,Anderson,jessica.anderson1192@scaleupsystems.com,ScaleUp Systems,Partner Referral,Disqualified,25,,,,2022-11-16T00:00:00
1193,Nancy,Moore,nancy.moore1193@metasync.com,MetaSync,Inbound - Webinar,MQL,70,,,,2023-05-30T00:00:00
1194,Charles,Smith,charles.smith1194@scaleupsystems.com,ScaleUp Systems,Inbound - Web,SQL,94,,,,2021-01-26T00:00:00
1195,John,Davis,,CoreStack,Event,Working,11,,,,2022-06-18T00:00:00
1196,Charles,Johnson,charles.johnson1196@streamlineanalytics.com,StreamLine Analytics,Social Media,Working,38,,,,2023-06-21T00:00:00
1197,Karen,Jones,karen.jones,TechFlow Inc,Inbound - Web,SQL,74,,,,2022-01-04T00:00:00
1198,Daniel,Davis,daniel.davis1198@pulsepointdigital.com,PulsePoint Digital,Event,New,61,,,,2022-06-14T00:00:00
1199,Jessica,Lopez,jessica.lopez1199@vertexai.com,VertexAI,Partner Referral,Converted,79,3073,215,2023-08-27,2023-07-31T00:00:00
1200,Sarah,Davis,sarah.davis1200@streamlineanalytics.com,StreamLine Analytics,Outbound - Cold,Nurture,62,,,,2024-06-05T00:00:00
1201,Karen,Jones,karen.jones,PrimePath Digital,Social Media,Disqualified,26,,,,2020-11-08T00:00:00
1202,Jennifer,Moore,jennifer.moore,FutureForge,Outbound - Cold,MQL,77,,,,2022-08-16T00:00:00
1203,Charles,Johnson,charles.johnson1203@insightplatforms.com,Insight Platforms,Partner Referral,Converted,74,2106,129,2023-03-17,2023-02-04T00:00:00
1204,Daniel,Miller,daniel.miller1204@metasync.com,MetaSync,,SQL,99,,,,2021-04-14T00:00:00
1205,Sarah,Lopez,sarah.lopez1205@innovateco.com,InnovateCo,Social Media,Converted,60,2451,100,2024-12-09,2024-10-16T00:00:00
1206,Susan,Brown,susan.brown1206@databridgecorp.com,DataBridge Corp,Inbound - Webinar,SQL,81,,,,2023-09-30T00:00:00
1207,Susan,Rodriguez,susan.rodriguez1207@innovateco.com,InnovateCo,Product-Led,SQL,51,,,,2020-04-30T00:00:00
1208,John,Taylor,john.taylor1208@databridgecorp.com,DataBridge Corp,Partner Referral,Working,70,,,,2020-05-31T00:00:00
1209,Lisa,Hernandez,lisa.hernandez1209@vertexai.com,VertexAI,Inbound - Web,MQL,64,,,,2023-01-04T00:00:00
1210,James,Williams,james.williams1210@vertexai.com,VertexAI,Partner Referral,MQL,98,,,,2020-03-02T00:00:00
1211,Nancy,Gonzalez,nancy.gonzalez1211@nexgensolutions.com,NexGen Solutions,Paid Search,Converted,76,3734,123,2024-08-07,2024-07-09T00:00:00
1212,Christopher,Hernandez,christopher.hernandez1212@cybervault.com,CyberVault,Social Media,Disqualified,5,,,,2021-07-24T00:00:00
1213,Lisa,Gonzalez,lisa.gonzalez1213@agiledynamics.com,Agile Dynamics,Outbound - Cold,MQL,93,,,,2024-01-04T00:00:00
1214,William,Anderson,william.anderson1214@innovateco.com,InnovateCo,Product-Led,Working,57,,,,2024-06-21T00:00:00
1215,Lisa,Hernandez,lisa.hernandez1215@cloudscalesystems.com,CloudScale Systems,Product-Led,MQL,86,,,,2022-02-24T00:00:00
1216,Christopher,Rodriguez,christopher.rodriguez1216@futureforge.com,FutureForge,Event,MQL,67,,,,2023-02-05T00:00:00
1217,John,Moore,john.moore1217@truenorthdata.com,TrueNorth Data,Social Media,Disqualified,27,,,,2021-08-04T00:00:00
1218,Christopher,Garcia,christopher.garcia1218@primepathdigital.com,PrimePath Digital,Outbound - Cold,New,56,,,,2021-03-25T00:00:00
1219,Robert,Jones,robert.jones1219@techflowinc.com,TechFlow Inc,Inbound - Webinar,MQL,71,,,,2022-04-22T00:00:00
1220,Sarah,Wilson,sarah.wilson1220@futureforge.com,FutureForge,Social Media,Working,60,,,,2023-09-17T00:00:00
1221,Mary,Taylor,mary.taylor1221@rapidcloud.com,RapidCloud,Paid Search,New,10,,,,2021-09-17T00:00:00
1222,Elizabeth,Martinez,,Insight Platforms,Inbound - Content,Disqualified,30,,,,2022-01-17T00:00:00
1223,Thomas,Moore,,BrightWave Tech,Outbound - SDR,SQL,64,,,,2022-01-09T00:00:00
1224,Patricia,Johnson,patricia.johnson1224@truenorthdata.com,TrueNorth Data,Outbound - Cold,New,-47,,,,2023-11-09T00:00:00
1225,Barbara,Martin,barbara.martin1225@vertexai.com,VertexAI,Social Media,Working,61,,,,2020-04-24T00:00:00
1226,Susan,Jackson,susan.jackson1226@agiledynamics.com,Agile Dynamics,Event,Working,15,,,,2020-11-07T00:00:00
1227,William,Anderson,william.anderson1227@cybervault.com,CyberVault,Outbound - Cold,MQL,93,,,,2022-05-10T00:00:00
1228,Lisa,Gonzalez,lisa.gonzalez1228@pulsepointdigital.com,PulsePoint Digital,Partner Referral,SQL,80,,,,2024-02-08T00:00:00
1229,Jessica,Smith,jessica.smith1229@pulsepointdigital.com,PulsePoint Digital,Product-Led,Converted,99,3400,698,2024-07-07,2024-05-17T00:00:00
1230,Linda,Jones,linda.jones1230@primepathdigital.com,PrimePath Digital,Paid Search,New,33,,,,2024-06-20T00:00:00
1231,John,Thomas,john.thomas1231@insightplatforms.com,Insight Platforms,Event,SQL,59,,,,2024-10-02T00:00:00
1232,Jessica,Davis,jessica.davis1232@streamlineanalytics.com,StreamLine Analytics,Outbound - Cold,Working,27,,,,2024-04-14T00:00:00
1233,Charles,Smith,charles.smith,FutureForge,Inbound - Web,Converted,96,871,215,2023-12-19,2023-09-30T00:00:00
1234,Charles,Garcia,charles.garcia1234@agiledynamics.com,Agile Dynamics,Paid Search,Working,12,,,,2023-10-27T00:00:00
1235,Jennifer,Martin,jennifer.martin1235@streamlineanalytics.com,StreamLine Analytics,Event,Nurture,46,,,,2023-04-05T00:00:00
1236,Michael,Miller,michael.miller1236@rapidcloud.com,RapidCloud,Social Media,SQL,78,,,,2021-11-05T00:00:00
1237,Elizabeth,Johnson,elizabeth.johnson1237@pulsepointdigital.com,PulsePoint Digital,Product-Led,Nurture,58,,,,2024-04-17T00:00:00
1238,Barbara,Gonzalez,barbara.gonzalez1238@primepathdigital.com,PrimePath Digital,Product-Led,Converted,57,318,760,2024-10-29,2024-07-31T00:00:00
1239,John,Lee,john.lee1239@primepathdigital.com,PrimePath Digital,Inbound - Web,Disqualified,21,,,,2024-10-17T00:00:00
1240,David,Rodriguez,david.rodriguez1240@futureforge.com,FutureForge,Partner Referral,Disqualified,9,,,,2023-03-18T00:00:00
1241,Richard,Lopez,,CyberVault,Outbound - SDR,Nurture,12,,,,2022-02-06T00:00:00
1242,Barbara,Miller,barbara.miller1242@nexgensolutions.com,NexGen Solutions,Outbound - Cold,SQL,57,,,,2020-07-11T00:00:00
1243,Nancy,Wilson,nancy.wilson1243@primepathdigital.com,PrimePath Digital,Partner Referral,Disqualified,13,,,,2020-02-20T00:00:00
1244,Michael,Gonzalez,michael.gonzalez1244@innovateco.com,InnovateCo,Product-Led,Disqualified,14,,,,2020-09-15T00:00:00
1245,Susan,Brown,susan.brown1245@futureforge.com,FutureForge,Inbound - Webinar,Converted,98,760,692,2024-11-29,2024-10-28T00:00:00
1246,Jessica,Moore,jessica.moore1246@futureforge.com,FutureForge,Product-Led,SQL,89,,,,2020-06-09T00:00:00
1247,Richard,Garcia,richard.garcia1247@techflowinc.com,TechFlow Inc,Social Media,Working,10,,,,2024-05-27T00:00:00
1248,Elizabeth,Moore,elizabeth.moore1248@futureforge.com,FutureForge,Outbound - Cold,MQL,89,,,,2023-06-10T00:00:00
1249,Michael,Garcia,michael.garcia1249@techflowinc.com,TechFlow Inc,Inbound - Content,SQL,56,,,,2021-10-27T00:00:00
1250,Thomas,Wilson,,CloudScale Systems,Event,Converted,85,3915,423,2023-09-25,2023-07-23T00:00:00
1251,James,Brown,james.brown1251@agiledynamics.com,Agile Dynamics,Outbound - Cold,Disqualified,17,,,,2022-02-28T00:00:00
1252,Susan,Lopez,susan.lopez1252@agiledynamics.com,Agile Dynamics,Event,Converted,50,3246,794,2023-07-23,2023-06-03T00:00:00
1253,Mary,Miller,mary.miller1253@brightwavetech.com,BrightWave Tech,Product-Led,Working,38,,,,2024-08-08T00:00:00
1254,Charles,Jones,charles.jones1254@innovateco.com,InnovateCo,Partner Referral,Nurture,12,,,,2023-01-11T00:00:00
1255,John,Davis,john.davis1255@streamlineanalytics.com,StreamLine Analytics,Paid Search,Converted,58,911,17,2024-08-24,2024-07-02T00:00:00
1256,Susan,Martinez,susan.martinez1256@nexgensolutions.com,NexGen Solutions,Outbound - SDR,Working,55,,,,2023-07-06T00:00:00
1257,Karen,Lopez,,QuantumLogic Labs,Outbound - Cold,Disqualified,4,,,,2023-08-15T00:00:00
1258,Michael,Davis,michael.davis1258@truenorthdata.com,TrueNorth Data,Inbound - Content,MQL,75,,,,2020-07-05T00:00:00
1259,William,Rodriguez,william.rodriguez1259@pulsepointdigital.com,PulsePoint Digital,Product-Led,New,38,,,,2023-05-30T00:00:00
1260,Thomas,Wilson,thomas.wilson1260@quantumlogiclabs.com,QuantumLogic Labs,Inbound - Web,MQL,63,,,,2021-09-09T00:00:00
1261,Michael,Wilson,michael.wilson1261@nexgensolutions.com,NexGen Solutions,Product-Led,Disqualified,21,,,,2020-03-10T00:00:00
1262,Barbara,Martin,barbara.martin1262@databridgecorp.com,DataBridge Corp,Inbound - Web,New,70,,,,2022-03-08T00:00:00
1263,William,Thomas,william.thomas1263@vertexai.com,VertexAI,Paid Search,MQL,64,,,,2021-10-21T00:00:00
1264,David,Gonzalez,david.gonzalez1264@techflowinc.com,TechFlow Inc,Inbound - Content,Disqualified,30,,,,2024-03-29T00:00:00
1265,Sarah,Lopez,sarah.lopez1265@corestack.com,CoreStack,Social Media,Working,58,,,,2022-05-17T00:00:00
1266,Nancy,Jones,nancy.jones1266@futureforge.com,FutureForge,Product-Led,SQL,89,,,,2023-02-27T00:00:00
1267,Christopher,Brown,christopher.brown1267@innovateco.com,InnovateCo,Outbound - SDR,Disqualified,15,,,,2023-06-27T00:00:00
1268,Richard,Miller,richard.miller1268@metasync.com,MetaSync,,Converted,77,3079,84,2023-06-26,2023-04-24T00:00:00
1269,Linda,Rodriguez,linda.rodriguez1269@databridgecorp.com,DataBridge Corp,Outbound - Cold,Converted,94,3814,769,2021-12-19,2021-11-26T00:00:00
1270,David,Thompson,david.thompson1270@agiledynamics.com,Agile Dynamics,Social Media,Disqualified,21,,,,2020-05-22T00:00:00
1271,Sarah,Johnson,sarah.johnson1271@techflowinc.com,TechFlow Inc,,SQL,64,,,,2021-08-12T00:00:00
1272,Michael,Brown,michael.brown1272@streamlineanalytics.com,StreamLine Analytics,Paid Search,New,61,,,,2021-03-17T00:00:00
1273,Sarah,Martin,sarah.martin1273@rapidcloud.com,RapidCloud,Inbound - Content,MQL,100,,,,2021-09-01T00:00:00
1274,Robert,Anderson,robert.anderson1274@quantumlogiclabs.com,QuantumLogic Labs,Inbound - Webinar,Converted,93,985,767,2024-11-29,2024-10-30T00:00:00
1275,James,Gonzalez,james.gonzalez1275@rapidcloud.com,RapidCloud,Outbound - SDR,New,19,,,,2022-11-20T00:00:00
1276,Karen,Wilson,karen.wilson1276@brightwavetech.com,BrightWave Tech,Product-Led,Converted,64,4150,946,2024-08-14,2024-07-13T00:00:00
1277,Charles,Thomas,charles.thomas1277@nexgensolutions.com,NexGen Solutions,Inbound - Content,MQL,52,,,,2022-02-07T00:00:00
1278,Linda,Garcia,linda.garcia1278@innovateco.com,InnovateCo,Event,Disqualified,10,,,,2020-03-16T00:00:00
1279,William,Wilson,william.wilson1279@streamlineanalytics.com,StreamLine Analytics,Inbound - Web,Converted,85,3913,505,2024-07-08,2024-06-05T00:00:00
1280,Karen,Lee,karen.lee1280@quantumlogiclabs.com,QuantumLogic Labs,Partner Referral,Working,37,,,,2020-08-01T00:00:00
1281,Barbara,Martinez,barbara.martinez1281@corestack.com,CoreStack,Partner Referral,SQL,97,,,,2020-02-04T00:00:00
1282,Joseph,Miller,joseph.miller1282@scaleupsystems.com,ScaleUp Systems,Inbound - Web,Working,18,,,,2024-08-23T00:00:00
1283,David,Miller,,TrueNorth Data,Product-Led,Disqualified,1,,,,2022-07-06T00:00:00
1284,Charles,Johnson,charles.johnson1284@techflowinc.com,TechFlow Inc,Inbound - Content,SQL,52,,,,2023-09-30T00:00:00
1285,David,Davis,david.davis1285@cybervault.com,CyberVault,Inbound - Web,New,63,,,,2022-04-20T00:00:00
1286,Robert,Anderson,robert.anderson1286@brightwavetech.com,BrightWave Tech,Inbound - Web,Working,14,,,,2022-08-27T00:00:00
1287,Jennifer,Thomas,jennifer.thomas1287@primepathdigital.com,PrimePath Digital,Paid Search,New,69,,,,2024-03-02T00:00:00
1288,Jennifer,Thompson,jennifer.thompson1288@insightplatforms.com,Insight Platforms,Outbound - Cold,Working,26,,,,2020-12-14T00:00:00
1289,Thomas,Martin,thomas.martin1289@agiledynamics.com,Agile Dynamics,Social Media,Disqualified,25,,,,2024-05-08T00:00:00
1290,David,Johnson,david.johnson1290@cloudscalesystems.com,CloudScale Systems,Paid Search,Working,32,,,,2021-04-29T00:00:00
1291,Susan,Williams,susan.williams1291@metasync.com,MetaSync,Product-Led,Nurture,38,,,,2024-08-31T00:00:00
1292,Lisa,Williams,lisa.williams1292@cybervault.com,CyberVault,Product-Led,SQL,84,,,,2022-02-07T00:00:00
1293,Joseph,Johnson,joseph.johnson1293@nexgensolutions.com,NexGen Solutions,Social Media,Converted,88,1640,287,2023-02-07,2023-01-20T00:00:00
1294,Charles,Thompson,charles.thompson1294@insightplatforms.com,Insight Platforms,Outbound - SDR,Converted,99,2459,188,2024-07-04,2024-04-28T00:00:00
1295,Susan,Smith,susan.smith1295@nexgensolutions.com,NexGen Solutions,Inbound - Webinar,Working,10,,,,2021-06-17T00:00:00
1296,Robert,Thomas,robert.thomas1296@innovateco.com,InnovateCo,Product-Led,New,67,,,,2023-05-07T00:00:00
1297,Susan,Brown,susan.brown1297@rapidcloud.com,RapidCloud,Inbound - Web,Converted,72,74,186,2024-05-26,2024-05-11T00:00:00
1298,Robert,Lopez,robert.lopez1298@vertexai.com,VertexAI,Outbound - SDR,Working,13,,,,2023-07-28T00:00:00
1299,Karen,Williams,karen.williams1299@brightwavetech.com,BrightWave Tech,Outbound - Cold,Disqualified,26,,,,2023-05-02T00:00:00
1300,James,Thomas,james.thomas1300@innovateco.com,InnovateCo,Paid Search,Working,66,,,,2024-09-18T00:00:00
1301,John,Jones,john.jones1301@pulsepointdigital.com,PulsePoint Digital,Paid Search,Working,15,,,,2020-11-13T00:00:00
1302,Linda,Brown,linda.brown1302@truenorthdata.com,TrueNorth Data,Inbound - Webinar,Converted,73,3276,962,2024-05-18,2024-04-15T00:00:00
1303,Jennifer,Gonzalez,jennifer.gonzalez1303@pulsepointdigital.com,PulsePoint Digital,Inbound - Web,Converted,-74,1931,488,2021-07-18,2021-07-11T00:00:00
1304,Mary,Brown,mary.brown1304@scaleupsystems.com,ScaleUp Systems,Inbound - Webinar,SQL,57,,,,2021-06-24T00:00:00
1305,Thomas,Rodriguez,thomas.rodriguez1305@streamlineanalytics.com,StreamLine Analytics,Product-Led,Disqualified,30,,,,2022-03-26T00:00:00
1306,Lisa,Jackson,lisa.jackson1306@rapidcloud.com,RapidCloud,Inbound - Web,Converted,85,2843,191,2023-12-12,2023-10-06T00:00:00
1307,James,Thomas,james.thomas1307@databridgecorp.com,DataBridge Corp,Event,MQL,56,,,,2022-03-16T00:00:00
1308,Nancy,Thompson,nancy.thompson1308@techflowinc.com,TechFlow Inc,Partner Referral,Nurture,13,,,,2023-09-01T00:00:00
1309,Nancy,Hernandez,nancy.hernandez1309@agiledynamics.com,Agile Dynamics,Partner Referral,Disqualified,26,,,,2023-06-03T00:00:00
1310,Daniel,Brown,daniel.brown1310@streamlineanalytics.com,StreamLine Analytics,Inbound - Webinar,SQL,76,,,,2022-03-14T00:00:00
1311,Barbara,Moore,barbara.moore1311@nexgensolutions.com,NexGen Solutions,Inbound - Web,Converted,69,2384,449,2023-11-24,2023-10-27T00:00:00
1312,Elizabeth,Jones,elizabeth.jones1312@primepathdigital.com,PrimePath Digital,Social Media,Nurture,36,,,,2024-09-05T00:00:00
1313,Robert,Jones,robert.jones1313@agiledynamics.com,Agile Dynamics,Inbound - Content,SQL,64,,,,2024-02-13T00:00:00
1314,Thomas,Jackson,thomas.jackson1314@cloudscalesystems.com,CloudScale Systems,Outbound - SDR,MQL,71,,,,2023-06-08T00:00:00
1315,Susan,Lopez,susan.lopez1315@futureforge.com,FutureForge,Partner Referral,SQL,66,,,,2021-12-23T00:00:00
1316,James,Wilson,james.wilson,TrueNorth Data,Event,MQL,100,,,,2021-01-10T00:00:00
1317,Christopher,Rodriguez,christopher.rodriguez1317@innovateco.com,InnovateCo,Product-Led,New,28,,,,2023-04-26T00:00:00
1318,Susan,Thomas,susan.thomas1318@innovateco.com,InnovateCo,Inbound - Webinar,Working,57,,,,2020-09-29T00:00:00
1319,David,Garcia,david.garcia1319@futureforge.com,FutureForge,Social Media,MQL,78,,,,2022-05-11T00:00:00
1320,Christopher,Martinez,christopher.martinez1320@rapidcloud.com,RapidCloud,Inbound - Content,SQL,79,,,,2024-05-17T00:00:00
1321,Jessica,Martin,jessica.martin1321@rapidcloud.com,RapidCloud,Outbound - Cold,Working,-70,,,,2021-10-08T00:00:00
1322,Joseph,Wilson,joseph.wilson1322@pulsepointdigital.com,PulsePoint Digital,Outbound - SDR,New,27,,,,2023-08-04T00:00:00
1323,Robert,Thompson,robert.thompson1323@scaleupsystems.com,ScaleUp Systems,Social Media,New,21,,,,2022-09-19T00:00:00
1324,Robert,Davis,robert.davis1324@nexgensolutions.com,NexGen Solutions,Inbound - Webinar,Disqualified,8,,,,2024-12-12T00:00:00
1325,Thomas,Jones,thomas.jones1325@corestack.com,CoreStack,Event,New,49,,,,2023-09-06T00:00:00
1326,William,Moore,william.moore1326@corestack.com,CoreStack,Inbound - Web,Nurture,44,,,,2022-07-30T00:00:00
1327,Mary,Martin,mary.martin1327@scaleupsystems.com,ScaleUp Systems,Event,Converted,92,1050,74,2024-06-01,2024-05-28T00:00:00
1328,Elizabeth,Hernandez,elizabeth.hernandez1328@nexgensolutions.com,NexGen Solutions,Outbound - Cold,Converted,93,824,881,2024-04-30,2024-05-06T00:00:00
1329,Christopher,Williams,christopher.williams1329@insightplatforms.com,Insight Platforms,Inbound - Web,Disqualified,4,,,,2024-01-09T00:00:00
1330,Sarah,Smith,sarah.smith1330@techflowinc.com,TechFlow Inc,Partner Referral,Nurture,43,,,,2020-04-17T00:00:00
1331,Christopher,Smith,christopher.smith1331@metasync.com,MetaSync,Paid Search,MQL,64,,,,2023-02-25T00:00:00
1332,Nancy,Martin,nancy.martin1332@cloudscalesystems.com,CloudScale Systems,Inbound - Web,Converted,83,132,253,2023-03-15,2023-02-26T00:00:00
1333,John,Gonzalez,john.gonzalez1333@cybervault.com,CyberVault,Product-Led,Converted,100,933,450,2022-10-16,2022-10-17T00:00:00
1334,Joseph,Davis,joseph.davis1334@cybervault.com,CyberVault,Inbound - Content,Working,32,,,,2022-11-06T00:00:00
1335,Christopher,Thompson,christopher.thompson1335@truenorthdata.com,TrueNorth Data,Partner Referral,Converted,70,4821,655,2024-12-21,2024-11-16T00:00:00
1336,Linda,Johnson,linda.johnson1336@quantumlogiclabs.com,QuantumLogic Labs,Paid Search,Converted,77,1969,814,2024-09-30,2024-08-20T00:00:00
1337,Sarah,Miller,sarah.miller1337@brightwavetech.com,BrightWave Tech,,Disqualified,13,,,,2020-09-10T00:00:00
1338,Richard,Thompson,richard.thompson1338@futureforge.com,FutureForge,Partner Referral,Working,56,,,,2020-12-20T00:00:00
1339,Patricia,Johnson,patricia.johnson1339@techflowinc.com,TechFlow Inc,Event,Nurture,53,,,,2023-06-03T00:00:00
1340,David,Gonzalez,david.gonzalez1340@nexgensolutions.com,NexGen Solutions,Inbound - Content,Converted,90,3839,464,2023-03-16,2023-01-11T00:00:00
1341,Jennifer,Wilson,jennifer.wilson1341@truenorthdata.com,TrueNorth Data,Inbound - Webinar,Converted,63,4234,266,2023-07-27,2023-06-28T00:00:00
1342,William,Lopez,william.lopez1342@agiledynamics.com,Agile Dynamics,Inbound - Content,Converted,71,154,443,2024-07-20,2024-06-30T00:00:00
1343,Daniel,Williams,daniel.williams1343@cloudscalesystems.com,CloudScale Systems,Inbound - Content,SQL,83,,,,2024-10-08T00:00:00
1344,John,Gonzalez,john.gonzalez1344@primepathdigital.com,PrimePath Digital,Outbound - SDR,New,45,,,,2021-08-16T00:00:00
1345,James,Martinez,james.martinez1345@insightplatforms.com,Insight Platforms,Inbound - Web,Working,59,,,,2024-11-23T00:00:00
1346,Jessica,Gonzalez,jessica.gonzalez1346@metasync.com,MetaSync,Event,New,25,,,,2022-05-04T00:00:00
1347,Mary,Anderson,mary.anderson1347@primepathdigital.com,PrimePath Digital,Inbound - Content,SQL,50,,,,2021-06-11T00:00:00
1348,Michael,Brown,michael.brown1348@primepathdigital.com,PrimePath Digital,Inbound - Content,Working,64,,,,2021-03-31T00:00:00
1349,Jennifer,Davis,jennifer.davis1349@techflowinc.com,TechFlow Inc,Social Media,New,17,,,,2022-11-24T00:00:00
1350,Linda,Martinez,linda.martinez1350@innovateco.com,InnovateCo,Partner Referral,MQL,97,,,,2021-04-28T00:00:00
1351,William,Thompson,william.thompson1351@primepathdigital.com,PrimePath Digital,Product-Led,Converted,75,3219,334,2024-11-30,2024-11-22T00:00:00
1352,Christopher,Martin,christopher.martin1352@primepathdigital.com,PrimePath Digital,Outbound - SDR,Disqualified,17,,,,2024-09-14T00:00:00
1353,Thomas,Taylor,thomas.taylor1353@insightplatforms.com,Insight Platforms,Product-Led,Converted,68,2158,653,2023-04-12,2023-03-30T00:00:00
1354,Thomas,Miller,thomas.miller1354@scaleupsystems.com,ScaleUp Systems,Event,New,43,,,,2024-05-05T00:00:00
1355,David,Johnson,david.johnson1355@rapidcloud.com,RapidCloud,Paid Search,Converted,61,3954,232,2024-12-14,2024-09-26T00:00:00
1356,Barbara,Thompson,barbara.thompson1356@scaleupsystems.com,ScaleUp Systems,Product-Led,Converted,88,506,467,2023-09-12,2023-08-22T00:00:00
1357,Charles,Jackson,charles.jackson1357@rapidcloud.com,RapidCloud,Inbound - Content,Disqualified,3,,,,2024-08-10T00:00:00
1358,Susan,Williams,susan.williams1358@pulsepointdigital.com,PulsePoint Digital,Inbound - Content,MQL,90,,,,2021-12-05T00:00:00
1359,Christopher,Smith,christopher.smith1359@vertexai.com,VertexAI,Outbound - Cold,MQL,88,,,,2024-10-10T00:00:00
1360,Richard,Miller,richard.miller1360@brightwavetech.com,BrightWave Tech,Social Media,Working,55,,,,2023-03-05T00:00:00
1361,Barbara,Brown,barbara.brown1361@rapidcloud.com,RapidCloud,Event,MQL,86,,,,2022-11-28T00:00:00
1362,Lisa,Taylor,lisa.taylor1362@truenorthdata.com,TrueNorth Data,Inbound - Webinar,SQL,57,,,,2021-03-13T00:00:00
1363,Patricia,Smith,patricia.smith1363@vertexai.com,VertexAI,Inbound - Web,SQL,79,,,,2022-08-07T00:00:00
1364,Linda,Davis,linda.davis1364@databridgecorp.com,DataBridge Corp,Inbound - Content,Working,29,,,,2021-02-14T00:00:00
1365,Joseph,Hernandez,joseph.hernandez1365@streamlineanalytics.com,StreamLine Analytics,Inbound - Webinar,MQL,76,,,,2021-09-02T00:00:00
1366,Jennifer,Williams,jennifer.williams1366@streamlineanalytics.com,StreamLine Analytics,Outbound - SDR,Nurture,70,,,,2023-12-11T00:00:00
1367,James,Johnson,james.johnson1367@nexgensolutions.com,NexGen Solutions,Outbound - Cold,Working,64,,,,2024-02-29T00:00:00
1368,Susan,Jones,susan.jones1368@scaleupsystems.com,ScaleUp Systems,Partner Referral,Converted,60,2534,26,2024-08-10,2024-08-04T00:00:00
1369,Joseph,Davis,joseph.davis1369@databridgecorp.com,DataBridge Corp,Event,Disqualified,28,,,,2022-12-07T00:00:00
1370,Lisa,Davis,lisa.davis1370@scaleupsystems.com,ScaleUp Systems,Outbound - SDR,New,41,,,,2021-07-18T00:00:00
1371,Elizabeth,Williams,elizabeth.williams1371@agiledynamics.com,Agile Dynamics,Inbound - Web,New,12,,,,2023-01-30T00:00:00
1372,Jessica,Wilson,jessica.wilson,PrimePath Digital,Event,SQL,100,,,,2022-03-14T00:00:00
1373,Nancy,Thomas,nancy.thomas1373@primepathdigital.com,PrimePath Digital,Outbound - SDR,Disqualified,25,,,,2024-05-25T00:00:00
1374,Mary,Wilson,mary.wilson1374@innovateco.com,InnovateCo,Social Media,MQL,57,,,,2022-09-07T00:00:00
1375,Barbara,Wilson,barbara.wilson1375@streamlineanalytics.com,StreamLine Analytics,Inbound - Web,SQL,73,,,,2022-09-06T00:00:00
1376,Thomas,Davis,thomas.davis1376@streamlineanalytics.com,StreamLine Analytics,Inbound - Content,SQL,78,,,,2023-11-18T00:00:00
1377,Barbara,Martin,barbara.martin1377@quantumlogiclabs.com,QuantumLogic Labs,Paid Search,Working,42,,,,2024-12-13T00:00:00
1378,Barbara,Anderson,barbara.anderson1378@pulsepointdigital.com,PulsePoint Digital,Paid Search,MQL,58,,,,2020-03-13T00:00:00
1379,William,Miller,william.miller1379@techflowinc.com,TechFlow Inc,Outbound - SDR,SQL,93,,,,2023-02-03T00:00:00
1380,Nancy,Anderson,nancy.anderson1380@truenorthdata.com,TrueNorth Data,Partner Referral,Converted,65,1334,115,2023-08-13,2023-07-04T00:00:00
1381,Joseph,Hernandez,joseph.hernandez1381@rapidcloud.com,RapidCloud,Event,SQL,71,,,,2023-03-09T00:00:00
1382,Robert,Lee,robert.lee1382@databridgecorp.com,DataBridge Corp,Inbound - Content,SQL,64,,,,2021-05-02T00:00:00
1383,William,Taylor,william.taylor1383@truenorthdata.com,TrueNorth Data,Outbound - Cold,Disqualified,18,,,,2020-09-14T00:00:00
1384,Jessica,Jackson,jessica.jackson1384@techflowinc.com,TechFlow Inc,Social Media,Working,10,,,,2021-06-22T00:00:00
1385,Robert,Johnson,robert.johnson1385@scaleupsystems.com,ScaleUp Systems,Inbound - Web,Working,48,,,,2021-08-28T00:00:00
1386,John,Thomas,john.thomas1386@techflowinc.com,TechFlow Inc,Social Media,Disqualified,20,,,,2020-05-15T00:00:00
1387,Michael,Jones,michael.jones1387@databridgecorp.com,DataBridge Corp,Event,SQL,92,,,,2024-08-28T00:00:00
1388,Christopher,Anderson,christopher.anderson1388@cybervault.com,CyberVault,Event,Converted,75,4851,754,2024-05-03,2024-04-14T00:00:00
1389,Patricia,Martinez,patricia.martinez1389@pulsepointdigital.com,PulsePoint Digital,Event,MQL,55,,,,2022-10-26T00:00:00
1390,Charles,Johnson,charles.johnson1390@pulsepointdigital.com,PulsePoint Digital,Outbound - SDR,New,66,,,,2022-02-21T00:00:00
1391,Sarah,Thompson,sarah.thompson1391@rapidcloud.com,RapidCloud,Event,Working,62,,,,2024-03-31T00:00:00
1392,John,Miller,john.miller1392@pulsepointdigital.com,PulsePoint Digital,Paid Search,Disqualified,11,,,,2021-11-06T00:00:00
1393,John,Brown,john.brown1393@brightwavetech.com,BrightWave Tech,Inbound - Webinar,New,22,,,,2023-05-31T00:00:00
1394,James,Moore,james.moore1394@cloudscalesystems.com,CloudScale Systems,Inbound - Content,Disqualified,2,,,,2024-04-06T00:00:00
1395,Michael,Brown,michael.brown1395@databridgecorp.com,DataBridge Corp,Event,New,13,,,,2024-02-05T00:00:00
1396,Susan,Rodriguez,susan.rodriguez1396@metasync.com,MetaSync,Paid Search,Working,57,,,,2021-06-18T00:00:00
1397,Thomas,Davis,thomas.davis1397@quantumlogiclabs.com,QuantumLogic Labs,Product-Led,Converted,82,2369,444,2024-05-31,2024-05-02T00:00:00
1398,Jennifer,Johnson,jennifer.johnson1398@quantumlogiclabs.com,QuantumLogic Labs,Outbound - Cold,Disqualified,13,,,,2024-02-28T00:00:00
1399,Joseph,Davis,joseph.davis1399@cybervault.com,CyberVault,Inbound - Content,Converted,60,388,162,2024-04-18,2024-03-26T00:00:00
1400,William,Smith,william.smith1400@pulsepointdigital.com,PulsePoint Digital,Social Media,Converted,70,4386,335,2024-08-30,2024-07-03T00:00:00
1401,Thomas,Rodriguez,thomas.rodriguez1401@databridgecorp.com,DataBridge Corp,Social Media,New,45,,,,2021-07-08T00:00:00
1402,Thomas,Martin,thomas.martin1402@pulsepointdigital.com,PulsePoint Digital,Partner Referral,Nurture,13,,,,2023-11-26T00:00:00
1403,William,Jones,william.jones1403@innovateco.com,InnovateCo,Inbound - Webinar,Nurture,57,,,,2024-12-01T00:00:00
1404,Michael,Thomas,michael.thomas1404@insightplatforms.com,Insight Platforms,Event,New,40,,,,2023-01-08T00:00:00
1405,Jennifer,Taylor,jennifer.taylor1405@truenorthdata.com,TrueNorth Data,Outbound - Cold,SQL,53,,,,2021-09-03T00:00:00
1406,Daniel,Anderson,daniel.anderson1406@brightwavetech.com,BrightWave Tech,Event,MQL,62,,,,2024-11-03T00:00:00
1407,Jessica,Anderson,,CloudScale Systems,Social Media,Disqualified,9,,,,2021-02-28T00:00:00
1408,Robert,Gonzalez,robert.gonzalez1408@cloudscalesystems.com,CloudScale Systems,Social Media,Working,25,,,,2023-09-04T00:00:00
1409,Linda,Lee,linda.lee1409@vertexai.com,VertexAI,Inbound - Content,Converted,60,201,497,2024-08-29,2024-07-26T00:00:00
1410,Lisa,Garcia,lisa.garcia1410@vertexai.com,VertexAI,Event,Converted,74,4516,217,2024-04-22,2024-02-12T00:00:00
1411,Lisa,Moore,lisa.moore1411@corestack.com,CoreStack,Social Media,Disqualified,1,,,,2023-03-20T00:00:00
1412,Christopher,Williams,christopher.williams1412@quantumlogiclabs.com,QuantumLogic Labs,Inbound - Webinar,Converted,72,133,500,2024-12-18,2024-10-27T00:00:00
1413,Susan,Wilson,susan.wilson1413@rapidcloud.com,RapidCloud,Outbound - SDR,Converted,90,2010,451,2024-12-04,2024-12-01T00:00:00
1414,Mary,Lee,mary.lee1414@cloudscalesystems.com,CloudScale Systems,Event,MQL,99,,,,2022-08-18T00:00:00
1415,Susan,Lopez,susan.lopez1415@innovateco.com,InnovateCo,Product-Led,Converted,99,2719,881,2022-01-04,2021-11-16T00:00:00
1416,Susan,Jones,susan.jones1416@techflowinc.com,TechFlow Inc,Product-Led,MQL,53,,,,2021-12-28T00:00:00
1417,David,Rodriguez,david.rodriguez1417@futureforge.com,FutureForge,Inbound - Web,Working,23,,,,2021-10-04T00:00:00
1418,Barbara,Jackson,barbara.jackson1418@corestack.com,CoreStack,,Disqualified,26,,,,2020-02-15T00:00:00
1419,Jennifer,Johnson,jennifer.johnson1419@insightplatforms.com,Insight Platforms,Outbound - SDR,New,65,,,,2020-12-22T00:00:00
1420,Nancy,Gonzalez,nancy.gonzalez1420@truenorthdata.com,TrueNorth Data,Event,MQL,63,,,,2023-03-09T00:00:00
1421,Michael,Martin,michael.martin1421@cybervault.com,CyberVault,Inbound - Webinar,Converted,84,1093,145,2024-09-22,2024-08-30T00:00:00
1422,David,Johnson,,RapidCloud,Inbound - Web,Disqualified,17,,,,2024-12-25T00:00:00
1423,Christopher,Johnson,christopher.johnson1423@primepathdigital.com,PrimePath Digital,Inbound - Webinar,Working,46,,,,2022-09-09T00:00:00
1424,Elizabeth,Miller,elizabeth.miller1424@scaleupsystems.com,ScaleUp Systems,Outbound - Cold,Converted,79,3585,98,2024-05-30,2024-04-01T00:00:00
1425,Karen,Gonzalez,karen.gonzalez1425@quantumlogiclabs.com,QuantumLogic Labs,Social Media,Disqualified,28,,,,2023-05-20T00:00:00
1426,David,Jackson,david.jackson1426@cybervault.com,CyberVault,Outbound - SDR,MQL,91,,,,2022-04-24T00:00:00
1427,Barbara,Wilson,barbara.wilson1427@cybervault.com,CyberVault,Outbound - SDR,Converted,98,1609,735,2023-08-13,2023-08-15T00:00:00
1428,Susan,Jones,,CoreStack,Product-Led,Converted,64,3212,443,2024-05-28,2024-03-21T00:00:00
1429,James,Thompson,james.thompson1429@streamlineanalytics.com,StreamLine Analytics,,Working,48,,,,2022-01-12T00:00:00
1430,Richard,Smith,richard.smith1430@cybervault.com,CyberVault,Outbound - Cold,Disqualified,0,,,,2023-08-03T00:00:00
1431,Patricia,Smith,patricia.smith1431@cloudscalesystems.com,CloudScale Systems,Outbound - Cold,SQL,94,,,,2022-05-28T00:00:00
1432,Joseph,Davis,joseph.davis1432@pulsepointdigital.com,PulsePoint Digital,Product-Led,Converted,94,2528,767,2024-11-29,2024-10-27T00:00:00
1433,William,Garcia,william.garcia1433@brightwavetech.com,BrightWave Tech,Paid Search,Working,-15,,,,2021-04-11T00:00:00
1434,Robert,Jackson,robert.jackson1434@pulsepointdigital.com,PulsePoint Digital,Inbound - Content,Working,69,,,,2022-06-20T00:00:00
1435,John,Miller,john.miller1435@primepathdigital.com,PrimePath Digital,Inbound - Webinar,Converted,81,3379,258,2021-12-31,2021-12-13T00:00:00
1436,Linda,Garcia,linda.garcia1436@nexgensolutions.com,NexGen Solutions,Inbound - Web,New,63,,,,2022-03-27T00:00:00
1437,Karen,Wilson,karen.wilson1437@insightplatforms.com,Insight Platforms,Inbound - Web,Converted,90,2344,674,2021-05-19,2021-04-09T00:00:00
1438,Elizabeth,Hernandez,elizabeth.hernandez1438@streamlineanalytics.com,StreamLine Analytics,Event,SQL,59,,,,2023-05-24T00:00:00
1439,Susan,Williams,susan.williams1439@metasync.com,MetaSync,Product-Led,Working,69,,,,2024-04-06T00:00:00
1440,Patricia,Williams,patricia.williams1440@cybervault.com,CyberVault,Outbound - SDR,Converted,58,4277,515,2021-11-15,2021-10-23T00:00:00
1441,Charles,Smith,charles.smith1441@truenorthdata.com,TrueNorth Data,Inbound - Web,Converted,81,1653,94,2024-12-11,2024-11-21T00:00:00
1442,Joseph,Taylor,joseph.taylor1442@futureforge.com,FutureForge,Inbound - Content,Working,29,,,,2024-12-07T00:00:00
1443,Christopher,Martin,christopher.martin1443@cybervault.com,CyberVault,Inbound - Web,Nurture,20,,,,2023-08-16T00:00:00
1444,David,Johnson,david.johnson1444@truenorthdata.com,TrueNorth Data,Social Media,New,23,,,,2022-10-17T00:00:00
1445,Lisa,Gonzalez,lisa.gonzalez1445@rapidcloud.com,RapidCloud,Inbound - Content,New,41,,,,2024-06-15T00:00:00
1446,Robert,Thomas,robert.thomas1446@streamlineanalytics.com,StreamLine Analytics,Outbound - SDR,Working,70,,,,2020-11-04T00:00:00
1447,Patricia,Jones,patricia.jones1447@rapidcloud.com,RapidCloud,,New,63,,,,2020-01-20T00:00:00
1448,Lisa,Johnson,lisa.johnson1448@databridgecorp.com,DataBridge Corp,Inbound - Web,SQL,66,,,,2021-06-06T00:00:00
1449,Michael,Johnson,michael.johnson1449@metasync.com,MetaSync,Inbound - Webinar,New,12,,,,2020-11-03T00:00:00
1450,Jennifer,Thomas,jennifer.thomas1450@streamlineanalytics.com,StreamLine Analytics,Event,Converted,90,138,95,2023-12-13,2023-10-29T00:00:00
1451,Joseph,Davis,joseph.davis1451@brightwavetech.com,BrightWave Tech,Event,Converted,84,3270,670,2024-12-06,2024-10-16T00:00:00
1452,Nancy,Taylor,nancy.taylor1452@agiledynamics.com,Agile Dynamics,Social Media,Converted,50,4940,488,2024-11-18,2024-10-04T00:00:00
1453,Barbara,Lopez,barbara.lopez1453@cloudscalesystems.com,CloudScale Systems,Paid Search,Working,15,,,,2021-06-16T00:00:00
1454,David,Martinez,david.martinez1454@cybervault.com,CyberVault,Partner Referral,Nurture,68,,,,2024-09-05T00:00:00
1455,Robert,Jones,robert.jones1455@techflowinc.com,TechFlow Inc,Partner Referral,Disqualified,14,,,,2021-10-21T00:00:00
1456,Thomas,Taylor,thomas.taylor1456@agiledynamics.com,Agile Dynamics,Event,SQL,97,,,,2024-04-04T00:00:00
1457,Barbara,Brown,barbara.brown1457@innovateco.com,InnovateCo,Paid Search,New,69,,,,2020-09-10T00:00:00
1458,Charles,Johnson,charles.johnson1458@techflowinc.com,TechFlow Inc,Product-Led,MQL,72,,,,2021-12-25T00:00:00
1459,Thomas,Davis,thomas.davis1459@vertexai.com,VertexAI,Outbound - Cold,New,42,,,,2021-01-26T00:00:00
1460,Barbara,Hernandez,barbara.hernandez1460@pulsepointdigital.com,PulsePoint Digital,Inbound - Content,Converted,100,2825,132,2022-02-05,2021-12-05T00:00:00
1461,Elizabeth,Miller,elizabeth.miller1461@agiledynamics.com,Agile Dynamics,Outbound - SDR,Disqualified,27,,,,2021-03-10T00:00:00
1462,Barbara,Garcia,barbara.garcia1462@insightplatforms.com,Insight Platforms,Inbound - Content,Converted,96,3218,391,2024-12-01,2024-10-03T00:00:00
1463,Daniel,Miller,daniel.miller1463@corestack.com,CoreStack,Product-Led,Converted,84,4503,457,2023-01-09,2022-12-28T00:00:00
1464,Thomas,Thompson,thomas.thompson1464@nexgensolutions.com,NexGen Solutions,Product-Led,Converted,99,4085,727,2022-12-06,2022-10-20T00:00:00
1465,Patricia,Lee,patricia.lee1465@corestack.com,CoreStack,,Converted,55,189,182,2024-02-11,2023-12-29T00:00:00
1466,Nancy,Wilson,nancy.wilson1466@rapidcloud.com,RapidCloud,Paid Search,SQL,96,,,,2021-11-14T00:00:00
1467,Joseph,Jackson,joseph.jackson1467@agiledynamics.com,Agile Dynamics,Event,Nurture,66,,,,2021-01-06T00:00:00
1468,James,Smith,james.smith1468@rapidcloud.com,RapidCloud,Event,Nurture,22,,,,2021-05-19T00:00:00
1469,Richard,Thomas,richard.thomas1469@scaleupsystems.com,ScaleUp Systems,Inbound - Content,MQL,99,,,,2020-11-23T00:00:00
1470,Christopher,Johnson,christopher.johnson1470@innovateco.com,InnovateCo,Event,Converted,52,2634,889,2021-09-27,2021-09-14T00:00:00
1471,Patricia,Thompson,patricia.thompson1471@cloudscalesystems.com,CloudScale Systems,,Converted,87,292,465,2024-10-21,2024-09-05T00:00:00
1472,Robert,Thompson,robert.thompson1472@corestack.com,CoreStack,Inbound - Web,MQL,100,,,,2022-09-15T00:00:00
1473,Richard,Davis,richard.davis,Agile Dynamics,Partner Referral,Disqualified,3,,,,2024-05-06T00:00:00
1474,Karen,Moore,karen.moore1474@corestack.com,CoreStack,Social Media,MQL,90,,,,2022-09-28T00:00:00
1475,John,Martin,,TrueNorth Data,Paid Search,Nurture,58,,,,2022-01-23T00:00:00
1476,David,Brown,david.brown1476@techflowinc.com,TechFlow Inc,Partner Referral,MQL,95,,,,2022-10-18T00:00:00
1477,John,Lopez,john.lopez1477@streamlineanalytics.com,StreamLine Analytics,Inbound - Content,MQL,100,,,,2023-03-10T00:00:00
1478,Susan,Moore,susan.moore1478@streamlineanalytics.com,StreamLine Analytics,Outbound - Cold,Working,38,,,,2021-06-22T00:00:00
1479,Jessica,Johnson,jessica.johnson1479@corestack.com,CoreStack,Partner Referral,Disqualified,30,,,,2024-05-29T00:00:00
1480,Jessica,Thompson,jessica.thompson1480@corestack.com,CoreStack,,Working,65,,,,2024-09-12T00:00:00
1481,Patricia,Jackson,patricia.jackson,DataBridge Corp,Paid Search,New,50,,,,2023-07-16T00:00:00
1482,Barbara,Wilson,barbara.wilson1482@metasync.com,MetaSync,Paid Search,Converted,62,3957,593,2023-10-20,2023-09-10T00:00:00
1483,Robert,Wilson,robert.wilson1483@innovateco.com,InnovateCo,Event,New,37,,,,2020-03-03T00:00:00
1484,John,Wilson,john.wilson1484@cloudscalesystems.com,CloudScale Systems,Paid Search,MQL,79,,,,2024-08-22T00:00:00
1485,Jennifer,Taylor,jennifer.taylor1485@scaleupsystems.com,ScaleUp Systems,Social Media,Disqualified,3,,,,2022-11-16T00:00:00
1486,Linda,Garcia,linda.garcia1486@quantumlogiclabs.com,QuantumLogic Labs,Inbound - Webinar,Disqualified,21,,,,2021-04-13T00:00:00
1487,William,Williams,william.williams1487@nexgensolutions.com,NexGen Solutions,Paid Search,Working,23,,,,2020-12-09T00:00:00
1488,James,Smith,james.smith1488@primepathdigital.com,PrimePath Digital,Outbound - Cold,Nurture,43,,,,2022-02-12T00:00:00
1489,Daniel,Smith,daniel.smith1489@metasync.com,MetaSync,Inbound - Webinar,SQL,73,,,,2024-12-03T00:00:00
1490,Karen,Lee,karen.lee1490@quantumlogiclabs.com,QuantumLogic Labs,Social Media,Disqualified,0,,,,2023-06-02T00:00:00
1491,Daniel,Hernandez,daniel.hernandez1491@streamlineanalytics.com,StreamLine Analytics,Paid Search,New,32,,,,2020-10-26T00:00:00
1492,Nancy,Thomas,nancy.thomas1492@scaleupsystems.com,ScaleUp Systems,Outbound - Cold,SQL,71,,,,2021-08-29T00:00:00
1493,Lisa,Davis,lisa.davis1493@innovateco.com,InnovateCo,Outbound - Cold,Converted,63,1711,321,2024-10-02,2024-07-28T00:00:00
1494,Susan,Moore,,ScaleUp Systems,Outbound - SDR,New,30,,,,2024-08-18T00:00:00
1495,Jennifer,Martinez,jennifer.martinez1495@cybervault.com,CyberVault,Partner Referral,Disqualified,29,,,,2020-01-21T00:00:00
1496,Elizabeth,Anderson,elizabeth.anderson1496@cloudscalesystems.com,CloudScale Systems,Paid Search,Working,53,,,,2022-02-02T00:00:00
1497,Thomas,Jones,thomas.jones1497@cloudscalesystems.com,CloudScale Systems,Social Media,Disqualified,30,,,,2020-04-09T00:00:00
1498,Charles,Martin,charles.martin1498@vertexai.com,VertexAI,Product-Led,Working,35,,,,2020-10-08T00:00:00
1499,David,Garcia,david.garcia1499@insightplatforms.com,Insight Platforms,Outbound - SDR,Working,30,,,,2021-06-11T00:00:00
1500,Sarah,Rodriguez,,StreamLine Analytics,Partner Referral,Working,63,,,,2023-06-17T00:00:00
1501,Karen,Brown,karen.brown1501@cloudscalesystems.com,CloudScale Systems,Inbound - Web,SQL,80,,,,2023-04-28T00:00:00
1502,Linda,Lopez,linda.lopez,PrimePath Digital,Partner Referral,SQL,74,,,,2022-03-01T00:00:00
1503,Daniel,Lopez,daniel.lopez1503@vertexai.com,VertexAI,Event,Working,66,,,,2024-09-17T00:00:00
1504,William,Lee,william.lee1504@streamlineanalytics.com,StreamLine Analytics,Outbound - Cold,New,51,,,,2023-10-10T00:00:00
1505,Patricia,Anderson,patricia.anderson1505@brightwavetech.com,BrightWave Tech,Partner Referral,New,63,,,,2021-12-15T00:00:00
1506,Elizabeth,Johnson,elizabeth.johnson1506@nexgensolutions.com,NexGen Solutions,Outbound - SDR,Disqualified,20,,,,2024-09-12T00:00:00
1507,Sarah,Jones,sarah.jones1507@cybervault.com,CyberVault,Partner Referral,Disqualified,3,,,,2022-08-01T00:00:00
1508,Susan,Garcia,susan.garcia1508@metasync.com,MetaSync,Event,Converted,66,1951,232,2024-11-29,2024-10-09T00:00:00
1509,Christopher,Hernandez,christopher.hernandez1509@insightplatforms.com,Insight Platforms,Outbound - SDR,MQL,82,,,,2020-11-23T00:00:00
1510,Barbara,Martin,barbara.martin1510@metasync.com,MetaSync,Outbound - SDR,New,23,,,,2021-12-06T00:00:00
1511,William,Williams,william.williams1511@vertexai.com,VertexAI,Social Media,MQL,99,,,,2022-03-23T00:00:00
1512,Patricia,Martinez,patricia.martinez1512@cloudscalesystems.com,CloudScale Systems,Inbound - Content,Working,22,,,,2021-11-02T00:00:00
1513,Michael,Jones,michael.jones1513@agiledynamics.com,Agile Dynamics,,Converted,96,1352,564,2024-04-23,2024-03-05T00:00:00
1514,Jessica,Thomas,jessica.thomas1514@pulsepointdigital.com,PulsePoint Digital,Social Media,MQL,71,,,,2024-08-29T00:00:00
1515,Christopher,Thompson,christopher.thompson1515@insightplatforms.com,Insight Platforms,Event,MQL,93,,,,2024-04-30T00:00:00
1516,Patricia,Johnson,patricia.johnson1516@insightplatforms.com,Insight Platforms,Outbound - Cold,Disqualified,18,,,,2020-01-06T00:00:00
1517,Barbara,Miller,barbara.miller1517@techflowinc.com,TechFlow Inc,Product-Led,SQL,74,,,,2023-08-03T00:00:00
1518,Christopher,Lee,christopher.lee1518@cloudscalesystems.com,CloudScale Systems,Outbound - SDR,Converted,93,3695,51,2024-10-05,2024-07-23T00:00:00
1519,David,Lopez,david.lopez1519@rapidcloud.com,RapidCloud,Inbound - Webinar,MQL,81,,,,2022-11-10T00:00:00
1520,Richard,Davis,richard.davis1520@truenorthdata.com,TrueNorth Data,Paid Search,Converted,64,993,641,2024-08-12,2024-07-13T00:00:00
1521,Barbara,Jones,barbara.jones1521@primepathdigital.com,PrimePath Digital,Social Media,MQL,54,,,,2022-10-15T00:00:00
1522,James,Williams,james.williams,ScaleUp Systems,Outbound - Cold,SQL,81,,,,2021-06-27T00:00:00
1523,Charles,Lee,charles.lee1523@cybervault.com,CyberVault,Partner Referral,Converted,75,4147,676,2022-03-23,2022-01-22T00:00:00
1524,Susan,Brown,susan.brown1524@techflowinc.com,TechFlow Inc,Event,New,38,,,,2024-02-12T00:00:00
1525,Jessica,Johnson,,CoreStack,Paid Search,Converted,52,209,571,2024-12-02,2024-09-16T00:00:00
1526,Jennifer,Martin,jennifer.martin1526@pulsepointdigital.com,PulsePoint Digital,Outbound - SDR,Disqualified,23,,,,2022-04-03T00:00:00
1527,Lisa,Miller,lisa.miller1527@innovateco.com,InnovateCo,Partner Referral,SQL,99,,,,2020-12-19T00:00:00
1528,Sarah,Davis,,RapidCloud,Social Media,SQL,100,,,,2024-03-29T00:00:00
1529,Thomas,Miller,thomas.miller1529@innovateco.com,InnovateCo,Partner Referral,New,29,,,,2021-04-29T00:00:00
1530,Thomas,Hernandez,thomas.hernandez1530@pulsepointdigital.com,PulsePoint Digital,Event,Working,34,,,,2021-06-12T00:00:00
1531,John,Taylor,john.taylor,MetaSync,Inbound - Webinar,MQL,73,,,,2024-03-04T00:00:00
1532,Charles,Lee,charles.lee1532@streamlineanalytics.com,StreamLine Analytics,Product-Led,MQL,75,,,,2024-08-08T00:00:00
1533,David,Martin,david.martin1533@brightwavetech.com,BrightWave Tech,Social Media,Disqualified,12,,,,2022-04-14T00:00:00
1534,Jessica,Hernandez,jessica.hernandez1534@truenorthdata.com,TrueNorth Data,Outbound - SDR,New,14,,,,2024-07-28T00:00:00
1535,Michael,Jackson,michael.jackson1535@insightplatforms.com,Insight Platforms,Partner Referral,Working,52,,,,2023-05-04T00:00:00
1536,Joseph,Martin,joseph.martin1536@rapidcloud.com,RapidCloud,Outbound - Cold,SQL,75,,,,2023-07-21T00:00:00
1537,Jennifer,Thomas,jennifer.thomas1537@nexgensolutions.com,NexGen Solutions,Inbound - Webinar,Nurture,39,,,,2023-01-07T00:00:00
1538,Sarah,Jackson,sarah.jackson1538@cloudscalesystems.com,CloudScale Systems,Outbound - SDR,MQL,-68,,,,2024-12-17T00:00:00
1539,Patricia,Jones,patricia.jones1539@brightwavetech.com,BrightWave Tech,Inbound - Content,New,12,,,,2024-01-16T00:00:00
1540,Mary,Lopez,,PrimePath Digital,Paid Search,Disqualified,15,,,,2020-06-19T00:00:00
1541,Elizabeth,Martinez,elizabeth.martinez1541@truenorthdata.com,TrueNorth Data,Inbound - Webinar,New,55,,,,2021-11-04T00:00:00
1542,Karen,Martin,karen.martin1542@futureforge.com,FutureForge,Inbound - Content,New,67,,,,2024-09-19T00:00:00
1543,Christopher,Wilson,christopher.wilson1543@quantumlogiclabs.com,QuantumLogic Labs,Social Media,Disqualified,13,,,,2023-09-23T00:00:00
1544,William,Garcia,william.garcia1544@nexgensolutions.com,NexGen Solutions,Inbound - Content,SQL,64,,,,2023-05-24T00:00:00
1545,Elizabeth,Jackson,elizabeth.jackson1545@streamlineanalytics.com,StreamLine Analytics,Inbound - Content,SQL,78,,,,2022-11-30T00:00:00
1546,John,Gonzalez,john.gonzalez1546@insightplatforms.com,Insight Platforms,Paid Search,Nurture,44,,,,2024-04-29T00:00:00
1547,Jessica,Martin,jessica.martin1547@databridgecorp.com,DataBridge Corp,Partner Referral,Converted,77,4198,749,2024-09-17,2024-09-03T00:00:00
1548,Jessica,Williams,jessica.williams1548@metasync.com,MetaSync,Social Media,SQL,76,,,,2023-02-02T00:00:00
1549,Thomas,Gonzalez,thomas.gonzalez1549@pulsepointdigital.com,PulsePoint Digital,Outbound - Cold,Disqualified,9,,,,2022-06-13T00:00:00
1550,Linda,Brown,linda.brown1550@nexgensolutions.com,NexGen Solutions,Inbound - Content,New,47,,,,2023-03-26T00:00:00
1551,John,Martin,john.martin1551@scaleupsystems.com,ScaleUp Systems,Event,Converted,74,3951,246,2022-06-26,2022-06-13T00:00:00
1552,Jessica,Taylor,jessica.taylor1552@cybervault.com,CyberVault,Inbound - Webinar,Nurture,23,,,,2023-12-15T00:00:00
1553,Mary,Davis,mary.davis1553@cloudscalesystems.com,CloudScale Systems,Social Media,Working,61,,,,2020-04-15T00:00:00
1554,Daniel,Gonzalez,daniel.gonzalez1554@rapidcloud.com,RapidCloud,Outbound - SDR,Nurture,56,,,,2022-01-18T00:00:00
1555,Michael,Jackson,michael.jackson1555@futureforge.com,FutureForge,Inbound - Webinar,New,12,,,,2024-08-16T00:00:00
1556,Christopher,Garcia,christopher.garcia1556@streamlineanalytics.com,StreamLine Analytics,Outbound - Cold,Working,24,,,,2022-12-29T00:00:00
1557,Robert,Wilson,robert.wilson1557@agiledynamics.com,Agile Dynamics,Inbound - Webinar,New,70,,,,2024-08-02T00:00:00
1558,John,Johnson,john.johnson1558@truenorthdata.com,TrueNorth Data,Partner Referral,Working,11,,,,2023-10-04T00:00:00
1559,David,Jackson,david.jackson1559@techflowinc.com,TechFlow Inc,Inbound - Webinar,Converted,88,4302,314,2024-12-07,2024-10-23T00:00:00
1560,Sarah,Smith,sarah.smith1560@brightwavetech.com,BrightWave Tech,Product-Led,MQL,60,,,,2020-04-17T00:00:00
1561,Richard,Wilson,richard.wilson1561@streamlineanalytics.com,StreamLine Analytics,Event,MQL,63,,,,2023-02-06T00:00:00
1562,John,Miller,john.miller1562@nexgensolutions.com,NexGen Solutions,Partner Referral,Converted,85,211,22,2024-04-18,2024-03-01T00:00:00
1563,Elizabeth,Brown,elizabeth.brown1563@scaleupsystems.com,ScaleUp Systems,Outbound - Cold,Working,63,,,,2023-08-09T00:00:00
1564,Richard,Martinez,richard.martinez1564@rapidcloud.com,RapidCloud,Outbound - SDR,Working,38,,,,2022-06-11T00:00:00
1565,John,Jones,john.jones1565@nexgensolutions.com,NexGen Solutions,Outbound - Cold,Disqualified,6,,,,2020-11-11T00:00:00
1566,Charles,Miller,charles.miller1566@databridgecorp.com,DataBridge Corp,Inbound - Web,Converted,70,927,835,2024-10-01,2024-09-30T00:00:00
1567,Nancy,Gonzalez,nancy.gonzalez1567@corestack.com,CoreStack,Partner Referral,Converted,78,4326,69,2024-12-01,2024-10-20T00:00:00
1568,Karen,Williams,karen.williams1568@brightwavetech.com,BrightWave Tech,Outbound - SDR,MQL,71,,,,2023-09-05T00:00:00
1569,Linda,Lopez,linda.lopez1569@cybervault.com,CyberVault,Product-Led,Working,48,,,,2021-11-05T00:00:00
1570,James,Miller,james.miller1570@techflowinc.com,TechFlow Inc,Inbound - Content,Working,36,,,,2020-07-26T00:00:00
1571,Lisa,Williams,lisa.williams1571@brightwavetech.com,BrightWave Tech,Inbound - Web,Working,58,,,,2020-02-20T00:00:00
1572,Jennifer,Moore,jennifer.moore1572@streamlineanalytics.com,StreamLine Analytics,Partner Referral,Converted,80,2561,297,2024-10-23,2024-10-19T00:00:00
1573,Sarah,Jackson,sarah.jackson1573@futureforge.com,FutureForge,Inbound - Web,Disqualified,25,,,,2020-07-10T00:00:00
1574,Elizabeth,Martin,elizabeth.martin1574@insightplatforms.com,Insight Platforms,Inbound - Web,Working,63,,,,2023-03-18T00:00:00
1575,Jessica,Lee,jessica.lee1575@innovateco.com,InnovateCo,Event,MQL,76,,,,2020-09-27T00:00:00
1576,John,Lopez,john.lopez1576@databridgecorp.com,DataBridge Corp,Event,Converted,83,3777,382,2024-10-30,2024-10-11T00:00:00
1577,Charles,Gonzalez,charles.gonzalez1577@insightplatforms.com,Insight Platforms,Inbound - Webinar,Working,35,,,,2024-07-29T00:00:00
1578,Linda,Williams,linda.williams1578@vertexai.com,VertexAI,Product-Led,Working,54,,,,2022-09-20T00:00:00
1579,Linda,Miller,linda.miller1579@metasync.com,MetaSync,Inbound - Webinar,MQL,96,,,,2024-06-02T00:00:00
1580,Robert,Thomas,robert.thomas,CoreStack,Partner Referral,Converted,91,1267,824,2024-11-07,2024-08-31T00:00:00
1581,Barbara,Lopez,barbara.lopez1581@innovateco.com,InnovateCo,Inbound - Content,Nurture,57,,,,2023-11-01T00:00:00
1582,Jennifer,Brown,jennifer.brown1582@quantumlogiclabs.com,QuantumLogic Labs,Event,MQL,98,,,,2021-10-26T00:00:00
1583,Jessica,Williams,jessica.williams1583@agiledynamics.com,Agile Dynamics,Social Media,Nurture,35,,,,2022-07-20T00:00:00
1584,Thomas,Martinez,thomas.martinez1584@primepathdigital.com,PrimePath Digital,Partner Referral,Converted,82,1720,154,2024-03-23,2024-02-15T00:00:00
1585,Robert,Davis,robert.davis1585@futureforge.com,FutureForge,Outbound - Cold,Disqualified,19,,,,2024-03-26T00:00:00
1586,David,Wilson,david.wilson1586@agiledynamics.com,Agile Dynamics,Inbound - Webinar,Converted,95,3548,137,2022-08-19,2022-06-27T00:00:00
1587,Michael,Moore,michael.moore1587@brightwavetech.com,BrightWave Tech,Inbound - Content,Disqualified,26,,,,2023-11-09T00:00:00
1588,Robert,Rodriguez,robert.rodriguez1588@truenorthdata.com,TrueNorth Data,Partner Referral,Disqualified,16,,,,2020-04-14T00:00:00
1589,Joseph,Anderson,,ScaleUp Systems,Event,Nurture,61,,,,2023-12-21T00:00:00
1590,Joseph,Johnson,joseph.johnson1590@scaleupsystems.com,ScaleUp Systems,Inbound - Web,Converted,92,2189,148,2023-11-13,2023-10-14T00:00:00
1591,Linda,Lee,linda.lee1591@cloudscalesystems.com,CloudScale Systems,Event,Converted,97,2686,147,2024-08-30,2024-06-17T00:00:00
1592,Daniel,Garcia,daniel.garcia1592@techflowinc.com,TechFlow Inc,Outbound - Cold,New,24,,,,2023-08-22T00:00:00
1593,Sarah,Thomas,sarah.thomas1593@rapidcloud.com,RapidCloud,Event,SQL,73,,,,2021-01-31T00:00:00
1594,Michael,Anderson,michael.anderson1594@cybervault.com,CyberVault,Event,New,59,,,,2024-06-16T00:00:00
1595,Daniel,Gonzalez,daniel.gonzalez1595@rapidcloud.com,RapidCloud,Event,MQL,-71,,,,2020-01-17T00:00:00
1596,Susan,Davis,,PrimePath Digital,Inbound - Webinar,MQL,92,,,,2021-08-18T00:00:00
1597,Robert,Garcia,robert.garcia1597@quantumlogiclabs.com,QuantumLogic Labs,Partner Referral,Nurture,11,,,,2022-05-26T00:00:00
1598,Karen,Rodriguez,karen.rodriguez1598@nexgensolutions.com,NexGen Solutions,Partner Referral,Working,46,,,,2020-10-29T00:00:00
1599,Jennifer,Jones,jennifer.jones,PulsePoint Digital,Outbound - Cold,New,43,,,,2022-11-19T00:00:00
1600,John,Thomas,john.thomas1600@vertexai.com,VertexAI,Outbound - SDR,MQL,79,,,,2020-06-28T00:00:00
1601,Patricia,Jackson,patricia.jackson1601@pulsepointdigital.com,PulsePoint Digital,Paid Search,Working,63,,,,2022-02-27T00:00:00
1602,Thomas,Hernandez,thomas.hernandez1602@pulsepointdigital.com,PulsePoint Digital,Inbound - Webinar,Nurture,29,,,,2020-01-07T00:00:00
1603,Robert,Gonzalez,robert.gonzalez1603@cloudscalesystems.com,CloudScale Systems,Inbound - Content,New,28,,,,2020-09-19T00:00:00
1604,Susan,Martinez,susan.martinez1604@cloudscalesystems.com,CloudScale Systems,Partner Referral,Converted,91,3441,69,2024-12-11,2024-11-08T00:00:00
1605,Richard,Gonzalez,,QuantumLogic Labs,Inbound - Web,Converted,75,3273,121,2024-01-05,2023-10-20T00:00:00
1606,Barbara,Anderson,barbara.anderson1606@vertexai.com,VertexAI,,New,69,,,,2022-02-21T00:00:00
1607,David,Jackson,david.jackson1607@rapidcloud.com,RapidCloud,Social Media,Disqualified,11,,,,2022-03-03T00:00:00
1608,David,Martinez,david.martinez1608@cloudscalesystems.com,CloudScale Systems,Outbound - Cold,MQL,99,,,,2020-03-25T00:00:00
1609,Susan,Lee,susan.lee1609@cybervault.com,CyberVault,Social Media,SQL,63,,,,2020-01-01T00:00:00
1610,Daniel,Williams,daniel.williams1610@primepathdigital.com,PrimePath Digital,Inbound - Content,Disqualified,7,,,,2020-10-04T00:00:00
1611,Elizabeth,Thomas,elizabeth.thomas1611@truenorthdata.com,TrueNorth Data,Outbound - SDR,MQL,53,,,,2024-12-27T00:00:00
1612,Thomas,Moore,thomas.moore1612@techflowinc.com,TechFlow Inc,Outbound - Cold,Converted,67,2233,588,2024-07-13,2024-06-08T00:00:00
1613,Barbara,Smith,barbara.smith1613@cybervault.com,CyberVault,Product-Led,MQL,66,,,,2022-08-22T00:00:00
1614,Mary,Taylor,mary.taylor1614@futureforge.com,FutureForge,Inbound - Webinar,MQL,57,,,,2023-11-13T00:00:00
1615,Daniel,Rodriguez,daniel.rodriguez1615@futureforge.com,FutureForge,Event,MQL,69,,,,2022-01-24T00:00:00
1616,Patricia,Martin,patricia.martin1616@cybervault.com,CyberVault,Paid Search,Working,24,,,,2023-01-02T00:00:00
1617,James,Williams,james.williams1617@databridgecorp.com,DataBridge Corp,Inbound - Web,MQL,92,,,,2021-06-27T00:00:00
1618,Daniel,Moore,daniel.moore1618@innovateco.com,InnovateCo,Outbound - SDR,Working,42,,,,2020-06-02T00:00:00
1619,Daniel,Thompson,daniel.thompson1619@techflowinc.com,TechFlow Inc,Paid Search,Disqualified,9,,,,2024-02-10T00:00:00
1620,Daniel,Smith,daniel.smith1620@cybervault.com,CyberVault,Event,Working,34,,,,2020-01-04T00:00:00
1621,Robert,Miller,robert.miller1621@vertexai.com,VertexAI,Paid Search,SQL,97,,,,2023-08-18T00:00:00
1622,William,Brown,william.brown1622@cybervault.com,CyberVault,Inbound - Web,Nurture,28,,,,2024-12-16T00:00:00
1623,Susan,Martinez,susan.martinez1623@corestack.com,CoreStack,Inbound - Web,Converted,62,2708,935,2024-03-16,2024-03-07T00:00:00
1624,Karen,Johnson,karen.johnson1624@techflowinc.com,TechFlow Inc,Inbound - Web,New,23,,,,2020-12-12T00:00:00
1625,Jessica,Taylor,jessica.taylor1625@quantumlogiclabs.com,QuantumLogic Labs,Event,Working,69,,,,2021-10-08T00:00:00
1626,Sarah,Lee,sarah.lee1626@databridgecorp.com,DataBridge Corp,Outbound - SDR,MQL,81,,,,2022-08-24T00:00:00
1627,Jessica,Jackson,jessica.jackson1627@innovateco.com,InnovateCo,Outbound - SDR,New,46,,,,2020-01-04T00:00:00
1628,Daniel,Thomas,daniel.thomas1628@metasync.com,MetaSync,Paid Search,MQL,84,,,,2020-12-13T00:00:00
1629,Christopher,Wilson,christopher.wilson,TrueNorth Data,Inbound - Web,Working,20,,,,2023-02-18T00:00:00
1630,Robert,Brown,robert.brown1630@nexgensolutions.com,NexGen Solutions,Partner Referral,SQL,95,,,,2022-07-03T00:00:00
1631,Richard,Rodriguez,richard.rodriguez1631@primepathdigital.com,PrimePath Digital,Inbound - Content,New,17,,,,2024-08-24T00:00:00
1632,Elizabeth,Williams,elizabeth.williams1632@corestack.com,CoreStack,Inbound - Web,Nurture,28,,,,2024-07-13T00:00:00
1633,Linda,Johnson,linda.johnson1633@nexgensolutions.com,NexGen Solutions,Social Media,Working,37,,,,2020-01-22T00:00:00
1634,Thomas,Garcia,thomas.garcia1634@futureforge.com,FutureForge,Social Media,New,35,,,,2020-03-09T00:00:00
1635,David,Smith,david.smith1635@pulsepointdigital.com,PulsePoint Digital,Outbound - Cold,Nurture,18,,,,2024-04-10T00:00:00
1636,John,Taylor,john.taylor1636@metasync.com,MetaSync,Paid Search,Disqualified,26,,,,2020-06-02T00:00:00
1637,William,Moore,william.moore1637@vertexai.com,VertexAI,Outbound - SDR,Nurture,53,,,,2022-11-20T00:00:00
1638,Charles,Taylor,charles.taylor1638@techflowinc.com,TechFlow Inc,Social Media,SQL,81,,,,2020-03-26T00:00:00
1639,Charles,Smith,charles.smith1639@brightwavetech.com,BrightWave Tech,Inbound - Web,Converted,87,191,570,2023-03-12,2023-01-25T00:00:00
1640,David,Hernandez,david.hernandez1640@metasync.com,MetaSync,Paid Search,Working,46,,,,2024-06-17T00:00:00
1641,Richard,Williams,richard.williams1641@futureforge.com,FutureForge,Paid Search,SQL,79,,,,2020-03-22T00:00:00
1642,Richard,Thomas,richard.thomas1642@metasync.com,MetaSync,Event,Nurture,61,,,,2020-04-16T00:00:00
1643,Charles,Moore,charles.moore1643@databridgecorp.com,DataBridge Corp,Inbound - Webinar,Working,62,,,,2024-09-19T00:00:00
1644,David,Jackson,david.jackson1644@futureforge.com,FutureForge,Inbound - Web,Working,12,,,,2020-03-15T00:00:00
1645,John,Anderson,john.anderson1645@pulsepointdigital.com,PulsePoint Digital,Inbound - Web,Disqualified,1,,,,2022-10-27T00:00:00
1646,Sarah,Jackson,sarah.jackson1646@futureforge.com,FutureForge,Partner Referral,MQL,56,,,,2020-01-09T00:00:00
1647,David,Wilson,david.wilson1647@streamlineanalytics.com,StreamLine Analytics,Product-Led,Converted,62,3187,869,2023-04-01,2023-01-07T00:00:00
1648,Sarah,Smith,sarah.smith1648@insightplatforms.com,Insight Platforms,Inbound - Webinar,Nurture,37,,,,2021-05-20T00:00:00
1649,Richard,Thomas,richard.thomas1649@techflowinc.com,TechFlow Inc,Inbound - Webinar,SQL,84,,,,2024-08-05T00:00:00
1650,Jessica,Williams,jessica.williams1650@primepathdigital.com,PrimePath Digital,Inbound - Webinar,Converted,59,1733,420,2022-10-10,2022-09-21T00:00:00
1651,Susan,Thomas,susan.thomas,NexGen Solutions,Inbound - Web,New,17,,,,2023-03-11T00:00:00
1652,Richard,Williams,richard.williams1652@primepathdigital.com,PrimePath Digital,Paid Search,Nurture,37,,,,2023-04-11T00:00:00
1653,James,Williams,james.williams1653@techflowinc.com,TechFlow Inc,Outbound - Cold,Working,41,,,,2021-10-16T00:00:00
1654,Nancy,Gonzalez,nancy.gonzalez1654@quantumlogiclabs.com,QuantumLogic Labs,Inbound - Webinar,New,49,,,,2022-12-23T00:00:00
1655,Linda,Lee,linda.lee1655@brightwavetech.com,BrightWave Tech,Product-Led,Working,68,,,,2023-09-18T00:00:00
1656,Jessica,Hernandez,jessica.hernandez1656@techflowinc.com,TechFlow Inc,Inbound - Web,New,25,,,,2024-03-03T00:00:00
1657,Nancy,Lopez,nancy.lopez1657@rapidcloud.com,RapidCloud,Outbound - Cold,MQL,86,,,,2023-09-26T00:00:00
1658,David,Davis,david.davis1658@innovateco.com,InnovateCo,Inbound - Webinar,Nurture,45,,,,2022-12-24T00:00:00
1659,Christopher,Martinez,christopher.martinez1659@innovateco.com,InnovateCo,Inbound - Content,SQL,79,,,,2020-03-19T00:00:00
1660,Christopher,Martin,christopher.martin1660@metasync.com,MetaSync,Inbound - Content,Converted,72,687,9,2024-12-12,2024-10-03T00:00:00
1661,Thomas,Taylor,thomas.taylor1661@futureforge.com,FutureForge,Product-Led,MQL,94,,,,2020-07-01T00:00:00
1662,Susan,Brown,susan.brown1662@cloudscalesystems.com,CloudScale Systems,Social Media,Disqualified,29,,,,2024-09-05T00:00:00
1663,Mary,Moore,mary.moore1663@truenorthdata.com,TrueNorth Data,Inbound - Content,New,35,,,,2024-09-06T00:00:00
1664,James,Davis,james.davis1664@streamlineanalytics.com,StreamLine Analytics,Event,Disqualified,26,,,,2022-12-30T00:00:00
1665,Linda,Gonzalez,linda.gonzalez1665@pulsepointdigital.com,PulsePoint Digital,Outbound - SDR,Working,52,,,,2024-03-20T00:00:00
1666,Daniel,Anderson,daniel.anderson1666@rapidcloud.com,RapidCloud,Outbound - Cold,Working,51,,,,2023-05-26T00:00:00
1667,David,Thomas,david.thomas1667@quantumlogiclabs.com,QuantumLogic Labs,Paid Search,New,58,,,,2020-07-23T00:00:00
1668,David,Miller,david.miller1668@cybervault.com,CyberVault,Inbound - Web,Converted,66,2841,824,2024-11-25,2024-09-19T00:00:00
1669,Richard,Taylor,richard.taylor1669@metasync.com,MetaSync,Product-Led,Working,42,,,,2022-09-15T00:00:00
1670,Patricia,Wilson,patricia.wilson,DataBridge Corp,Event,MQL,67,,,,2023-06-02T00:00:00
1671,Mary,Lee,mary.lee1671@streamlineanalytics.com,StreamLine Analytics,Partner Referral,Disqualified,29,,,,2022-12-27T00:00:00
1672,Karen,Miller,karen.miller1672@metasync.com,MetaSync,Inbound - Webinar,MQL,93,,,,2023-01-26T00:00:00
1673,Linda,Lee,linda.lee1673@nexgensolutions.com,NexGen Solutions,Product-Led,Disqualified,6,,,,2022-11-20T00:00:00
1674,Christopher,Jones,christopher.jones1674@agiledynamics.com,Agile Dynamics,Social Media,New,40,,,,2021-03-30T00:00:00
1675,Jennifer,Smith,jennifer.smith1675@nexgensolutions.com,NexGen Solutions,Paid Search,Converted,69,2360,378,2021-01-20,2020-12-12T00:00:00
1676,Elizabeth,Anderson,elizabeth.anderson1676@metasync.com,MetaSync,Paid Search,Disqualified,1,,,,2024-07-31T00:00:00
1677,Jessica,Brown,jessica.brown1677@pulsepointdigital.com,PulsePoint Digital,Partner Referral,Disqualified,24,,,,2022-01-21T00:00:00
1678,Joseph,Lee,joseph.lee1678@cloudscalesystems.com,CloudScale Systems,Product-Led,Converted,55,1468,599,2024-09-19,2024-07-15T00:00:00
1679,Charles,Miller,charles.miller1679@insightplatforms.com,Insight Platforms,Inbound - Content,New,66,,,,2023-09-03T00:00:00
1680,Mary,Rodriguez,mary.rodriguez,InnovateCo,Product-Led,Converted,55,4141,706,2024-10-02,2024-08-17T00:00:00
1681,Charles,Garcia,charles.garcia1681@corestack.com,CoreStack,Social Media,MQL,56,,,,2020-10-20T00:00:00
1682,Linda,Jackson,linda.jackson1682@agiledynamics.com,Agile Dynamics,Product-Led,Disqualified,30,,,,2022-01-27T00:00:00
1683,Linda,Wilson,linda.wilson1683@scaleupsystems.com,ScaleUp Systems,Event,Working,30,,,,2021-11-26T00:00:00
1684,Elizabeth,Martin,elizabeth.martin1684@cloudscalesystems.com,CloudScale Systems,Inbound - Web,MQL,51,,,,2020-05-11T00:00:00
1685,Charles,Gonzalez,charles.gonzalez1685@cloudscalesystems.com,CloudScale Systems,Inbound - Content,MQL,62,,,,2024-07-15T00:00:00
1686,Robert,Jackson,robert.jackson1686@nexgensolutions.com,NexGen Solutions,,MQL,97,,,,2020-06-21T00:00:00
1687,Linda,Davis,linda.davis1687@vertexai.com,VertexAI,Paid Search,New,70,,,,2022-03-20T00:00:00
1688,Jessica,Thomas,jessica.thomas1688@futureforge.com,FutureForge,Product-Led,MQL,68,,,,2022-10-02T00:00:00
1689,Patricia,Garcia,patricia.garcia1689@agiledynamics.com,Agile Dynamics,Partner Referral,Nurture,-21,,,,2020-04-03T00:00:00
1690,Charles,Johnson,charles.johnson1690@rapidcloud.com,RapidCloud,Social Media,Working,40,,,,2020-11-10T00:00:00
1691,Christopher,Martin,christopher.martin1691@cybervault.com,CyberVault,Outbound - SDR,Nurture,52,,,,2023-06-20T00:00:00
1692,Richard,Hernandez,richard.hernandez1692@corestack.com,CoreStack,Inbound - Webinar,MQL,57,,,,2023-06-22T00:00:00
1693,Jessica,Anderson,jessica.anderson1693@metasync.com,MetaSync,Social Media,SQL,67,,,,2023-01-10T00:00:00
1694,David,Hernandez,david.hernandez1694@brightwavetech.com,BrightWave Tech,Outbound - Cold,New,42,,,,2021-08-13T00:00:00
1695,Nancy,Lee,nancy.lee1695@cloudscalesystems.com,CloudScale Systems,Outbound - SDR,SQL,59,,,,2024-06-25T00:00:00
1696,Christopher,Moore,christopher.moore1696@brightwavetech.com,BrightWave Tech,Inbound - Webinar,Working,29,,,,2022-12-11T00:00:00
1697,Elizabeth,Taylor,elizabeth.taylor1697@cloudscalesystems.com,CloudScale Systems,Inbound - Web,Working,64,,,,2020-11-21T00:00:00
1698,Linda,Jones,linda.jones1698@techflowinc.com,TechFlow Inc,Inbound - Webinar,Converted,100,673,705,2024-01-25,2023-12-12T00:00:00
1699,Karen,Thompson,karen.thompson1699@nexgensolutions.com,NexGen Solutions,Paid Search,Working,63,,,,2022-06-13T00:00:00
1700,David,Hernandez,david.hernandez1700@vertexai.com,VertexAI,Outbound - Cold,Disqualified,20,,,,2022-06-12T00:00:00
1701,Elizabeth,Smith,elizabeth.smith1701@futureforge.com,FutureForge,Outbound - SDR,Working,39,,,,2021-11-23T00:00:00
1702,Susan,Wilson,susan.wilson1702@pulsepointdigital.com,PulsePoint Digital,Inbound - Content,Working,53,,,,2021-10-30T00:00:00
1703,Patricia,Anderson,patricia.anderson1703@insightplatforms.com,Insight Platforms,Social Media,New,33,,,,2022-02-14T00:00:00
1704,Patricia,Smith,patricia.smith1704@corestack.com,CoreStack,Inbound - Webinar,Working,63,,,,2021-11-09T00:00:00
1705,Sarah,Hernandez,sarah.hernandez1705@cloudscalesystems.com,CloudScale Systems,Partner Referral,Disqualified,19,,,,2021-02-09T00:00:00
1706,Nancy,Taylor,nancy.taylor1706@nexgensolutions.com,NexGen Solutions,Event,Converted,85,4779,759,2024-12-14,2024-11-23T00:00:00
1707,Joseph,Thomas,joseph.thomas1707@insightplatforms.com,Insight Platforms,Partner Referral,Disqualified,1,,,,2022-11-28T00:00:00
1708,Richard,Hernandez,richard.hernandez1708@nexgensolutions.com,NexGen Solutions,Paid Search,New,37,,,,2020-05-06T00:00:00
1709,Elizabeth,Jones,elizabeth.jones1709@pulsepointdigital.com,PulsePoint Digital,Inbound - Content,Nurture,-42,,,,2020-03-14T00:00:00
1710,Christopher,Jackson,christopher.jackson1710@cloudscalesystems.com,CloudScale Systems,Social Media,Disqualified,4,,,,2022-04-09T00:00:00
1711,Susan,Williams,susan.williams1711@databridgecorp.com,DataBridge Corp,Inbound - Web,MQL,50,,,,2022-12-06T00:00:00
1712,Lisa,Martinez,lisa.martinez,DataBridge Corp,Outbound - Cold,Working,27,,,,2023-11-10T00:00:00
1713,Thomas,Johnson,thomas.johnson1713@insightplatforms.com,Insight Platforms,Outbound - SDR,Converted,61,2062,502,2024-09-19,2024-07-20T00:00:00
1714,Thomas,Miller,thomas.miller1714@rapidcloud.com,RapidCloud,Inbound - Webinar,SQL,63,,,,2021-02-09T00:00:00
1715,Christopher,Jackson,christopher.jackson1715@agiledynamics.com,Agile Dynamics,Inbound - Web,Nurture,38,,,,2022-11-15T00:00:00
1716,John,Lee,john.lee1716@cloudscalesystems.com,CloudScale Systems,Partner Referral,Working,26,,,,2022-06-02T00:00:00
1717,Lisa,Taylor,lisa.taylor1717@futureforge.com,FutureForge,Inbound - Webinar,Disqualified,21,,,,2022-03-26T00:00:00
1718,Sarah,Jackson,sarah.jackson1718@rapidcloud.com,RapidCloud,Partner Referral,New,30,,,,2024-06-03T00:00:00
1719,Susan,Jones,susan.jones1719@rapidcloud.com,RapidCloud,Social Media,Disqualified,7,,,,2024-09-03T00:00:00
1720,Barbara,Jones,barbara.jones1720@primepathdigital.com,PrimePath Digital,Product-Led,MQL,67,,,,2020-10-11T00:00:00
1721,William,Lopez,william.lopez1721@brightwavetech.com,BrightWave Tech,Inbound - Webinar,New,51,,,,2020-08-14T00:00:00
1722,Sarah,Lee,sarah.lee1722@corestack.com,CoreStack,Social Media,New,36,,,,2020-11-06T00:00:00
1723,John,Wilson,john.wilson1723@corestack.com,CoreStack,Outbound - SDR,MQL,97,,,,2022-11-09T00:00:00
1724,Elizabeth,Rodriguez,elizabeth.rodriguez1724@truenorthdata.com,TrueNorth Data,Event,Converted,69,2982,847,2023-06-07,2023-05-27T00:00:00
1725,Jessica,Garcia,jessica.garcia1725@streamlineanalytics.com,StreamLine Analytics,Event,Disqualified,8,,,,2020-01-22T00:00:00
1726,Karen,Lopez,karen.lopez1726@innovateco.com,InnovateCo,Partner Referral,Working,16,,,,2021-03-29T00:00:00
1727,Sarah,Gonzalez,sarah.gonzalez1727@futureforge.com,FutureForge,Outbound - Cold,MQL,98,,,,2020-11-02T00:00:00
1728,Susan,Lopez,susan.lopez1728@truenorthdata.com,TrueNorth Data,Inbound - Web,MQL,54,,,,2021-12-16T00:00:00
1729,Elizabeth,Miller,elizabeth.miller1729@cloudscalesystems.com,CloudScale Systems,Event,Disqualified,25,,,,2024-06-24T00:00:00
1730,James,Brown,,CloudScale Systems,Partner Referral,Disqualified,23,,,,2024-07-10T00:00:00
1731,Charles,Johnson,charles.johnson1731@databridgecorp.com,DataBridge Corp,Partner Referral,MQL,73,,,,2024-06-28T00:00:00
1732,Patricia,Taylor,patricia.taylor1732@truenorthdata.com,TrueNorth Data,Event,Disqualified,22,,,,2020-08-25T00:00:00
1733,Mary,Moore,mary.moore1733@pulsepointdigital.com,PulsePoint Digital,Social Media,Disqualified,13,,,,2021-01-31T00:00:00
1734,Michael,Moore,michael.moore1734@nexgensolutions.com,NexGen Solutions,Product-Led,Disqualified,19,,,,2020-07-22T00:00:00
1735,David,Hernandez,david.hernandez1735@techflowinc.com,TechFlow Inc,Social Media,Nurture,22,,,,2023-05-19T00:00:00
1736,Patricia,Wilson,patricia.wilson1736@cloudscalesystems.com,CloudScale Systems,Inbound - Web,MQL,96,,,,2021-06-10T00:00:00
1737,Jennifer,Moore,jennifer.moore1737@insightplatforms.com,Insight Platforms,Paid Search,Nurture,27,,,,2022-07-21T00:00:00
1738,Charles,Miller,charles.miller1738@pulsepointdigital.com,PulsePoint Digital,Social Media,Nurture,32,,,,2024-07-06T00:00:00
1739,Susan,Martin,susan.martin1739@streamlineanalytics.com,StreamLine Analytics,Social Media,Converted,62,348,47,2024-12-20,2024-10-15T00:00:00
1740,Charles,Thomas,charles.thomas1740@rapidcloud.com,RapidCloud,Social Media,Working,29,,,,2022-03-23T00:00:00
1741,Karen,Thompson,karen.thompson1741@brightwavetech.com,BrightWave Tech,Event,Working,18,,,,2020-09-30T00:00:00
1742,Mary,Rodriguez,mary.rodriguez1742@agiledynamics.com,Agile Dynamics,Product-Led,New,41,,,,2022-08-20T00:00:00
1743,Charles,Thompson,charles.thompson1743@primepathdigital.com,PrimePath Digital,Outbound - Cold,MQL,71,,,,2022-02-05T00:00:00
1744,Jennifer,Taylor,jennifer.taylor1744@nexgensolutions.com,NexGen Solutions,Outbound - SDR,MQL,99,,,,2023-11-12T00:00:00
1745,Thomas,Moore,thomas.moore1745@quantumlogiclabs.com,QuantumLogic Labs,Paid Search,SQL,53,,,,2020-06-04T00:00:00
1746,Joseph,Moore,joseph.moore1746@streamlineanalytics.com,StreamLine Analytics,Product-Led,Converted,68,1419,350,2024-10-17,2024-08-25T00:00:00
1747,Nancy,Martin,nancy.martin,InnovateCo,Inbound - Webinar,Working,55,,,,2023-09-17T00:00:00
1748,Linda,Thomas,linda.thomas1748@quantumlogiclabs.com,QuantumLogic Labs,Inbound - Webinar,Working,37,,,,2021-08-20T00:00:00
1749,Daniel,Johnson,,InnovateCo,Outbound - Cold,New,18,,,,2024-03-24T00:00:00
1750,Daniel,Lee,daniel.lee1750@scaleupsystems.com,ScaleUp Systems,Event,Converted,87,338,884,2024-09-07,2024-08-28T00:00:00
1751,David,Jackson,david.jackson1751@truenorthdata.com,TrueNorth Data,Paid Search,Converted,72,2697,44,2023-07-15,2023-05-18T00:00:00
1752,James,Lee,,QuantumLogic Labs,Paid Search,Working,39,,,,2024-02-12T00:00:00
1753,Jessica,Smith,jessica.smith1753@techflowinc.com,TechFlow Inc,Social Media,Disqualified,7,,,,2023-04-19T00:00:00
1754,Daniel,Garcia,daniel.garcia1754@databridgecorp.com,DataBridge Corp,Outbound - Cold,Working,25,,,,2022-09-06T00:00:00
1755,Barbara,Lee,barbara.lee1755@cloudscalesystems.com,CloudScale Systems,Outbound - SDR,New,35,,,,2020-12-28T00:00:00
1756,Nancy,Garcia,nancy.garcia1756@truenorthdata.com,TrueNorth Data,Product-Led,Disqualified,0,,,,2022-07-20T00:00:00
1757,Sarah,Jones,sarah.jones1757@databridgecorp.com,DataBridge Corp,Inbound - Content,Converted,59,1623,852,2024-11-04,2024-10-02T00:00:00
1758,Joseph,Jackson,joseph.jackson1758@scaleupsystems.com,ScaleUp Systems,Event,Disqualified,16,,,,2020-04-24T00:00:00
1759,Nancy,Thompson,nancy.thompson1759@nexgensolutions.com,NexGen Solutions,Inbound - Webinar,SQL,50,,,,2022-03-29T00:00:00
1760,Daniel,Gonzalez,daniel.gonzalez1760@insightplatforms.com,Insight Platforms,Partner Referral,Converted,78,178,29,2023-08-22,2023-08-08T00:00:00
1761,Linda,Johnson,linda.johnson1761@cybervault.com,CyberVault,Product-Led,SQL,63,,,,2023-01-03T00:00:00
1762,Charles,Smith,charles.smith1762@primepathdigital.com,PrimePath Digital,Inbound - Content,New,41,,,,2024-07-21T00:00:00
1763,Joseph,Martinez,joseph.martinez1763@truenorthdata.com,TrueNorth Data,Product-Led,Disqualified,1,,,,2021-11-28T00:00:00
1764,Michael,Smith,michael.smith1764@streamlineanalytics.com,StreamLine Analytics,Outbound - Cold,New,-20,,,,2022-08-29T00:00:00
1765,Michael,Lopez,michael.lopez1765@primepathdigital.com,PrimePath Digital,Paid Search,Converted,100,2308,644,2024-12-14,2024-10-21T00:00:00
1766,Michael,Martin,michael.martin1766@streamlineanalytics.com,StreamLine Analytics,Outbound - SDR,New,42,,,,2023-12-21T00:00:00
1767,Robert,Jones,,CyberVault,Product-Led,Converted,56,345,238,2021-10-11,2021-07-25T00:00:00
1768,David,Martin,david.martin1768@vertexai.com,VertexAI,Product-Led,Disqualified,23,,,,2024-08-11T00:00:00
1769,William,Gonzalez,william.gonzalez1769@vertexai.com,VertexAI,Partner Referral,New,50,,,,2024-08-12T00:00:00
1770,William,Rodriguez,william.rodriguez1770@quantumlogiclabs.com,QuantumLogic Labs,Inbound - Web,Working,17,,,,2020-04-11T00:00:00
1771,Karen,Taylor,karen.taylor1771@brightwavetech.com,BrightWave Tech,Partner Referral,Nurture,59,,,,2022-04-02T00:00:00
1772,David,Martin,david.martin1772@cybervault.com,CyberVault,Paid Search,New,46,,,,2024-12-15T00:00:00
1773,Patricia,Thompson,patricia.thompson1773@innovateco.com,InnovateCo,Product-Led,MQL,77,,,,2024-06-09T00:00:00
1774,David,Anderson,david.anderson1774@brightwavetech.com,BrightWave Tech,Social Media,SQL,87,,,,2022-03-04T00:00:00
1775,John,Thompson,john.thompson1775@techflowinc.com,TechFlow Inc,Outbound - Cold,MQL,84,,,,2022-11-30T00:00:00
1776,Lisa,Lee,lisa.lee1776@vertexai.com,VertexAI,Event,Working,64,,,,2021-10-21T00:00:00
1777,Joseph,Anderson,joseph.anderson1777@nexgensolutions.com,NexGen Solutions,Outbound - SDR,Working,13,,,,2022-08-07T00:00:00
1778,Christopher,Davis,christopher.davis1778@databridgecorp.com,DataBridge Corp,Outbound - SDR,Nurture,69,,,,2023-12-28T00:00:00
1779,David,Williams,david.williams1779@vertexai.com,VertexAI,Event,MQL,100,,,,2021-03-24T00:00:00
1780,John,Williams,john.williams1780@agiledynamics.com,Agile Dynamics,Partner Referral,Converted,78,886,943,2024-12-05,2024-11-18T00:00:00
1781,Jennifer,Jackson,jennifer.jackson1781@innovateco.com,InnovateCo,Social Media,Working,37,,,,2020-02-17T00:00:00
1782,Christopher,Anderson,christopher.anderson1782@futureforge.com,FutureForge,Outbound - Cold,Nurture,57,,,,2021-06-20T00:00:00
1783,Nancy,Martinez,nancy.martinez1783@futureforge.com,FutureForge,Product-Led,Converted,97,3856,701,2022-10-04,2022-07-26T00:00:00
1784,James,Miller,james.miller1784@agiledynamics.com,Agile Dynamics,Partner Referral,New,13,,,,2022-02-04T00:00:00
1785,Patricia,Rodriguez,patricia.rodriguez1785@techflowinc.com,TechFlow Inc,Outbound - SDR,Disqualified,22,,,,2024-07-22T00:00:00
1786,John,Taylor,john.taylor1786@innovateco.com,InnovateCo,Outbound - SDR,Disqualified,19,,,,2022-06-04T00:00:00
1787,Joseph,Wilson,joseph.wilson1787@agiledynamics.com,Agile Dynamics,Partner Referral,Disqualified,24,,,,2021-08-11T00:00:00
1788,Christopher,Williams,,DataBridge Corp,Social Media,Working,35,,,,2021-08-15T00:00:00
1789,Linda,Lee,linda.lee1789@brightwavetech.com,BrightWave Tech,Inbound - Web,Converted,-97,1541,491,2024-01-03,2023-11-14T00:00:00
1790,William,Taylor,william.taylor1790@insightplatforms.com,Insight Platforms,Inbound - Web,Nurture,58,,,,2023-09-03T00:00:00
1791,Karen,Garcia,karen.garcia1791@streamlineanalytics.com,StreamLine Analytics,Inbound - Content,Converted,77,2959,593,2023-11-12,2023-11-03T00:00:00
1792,Patricia,Rodriguez,patricia.rodriguez1792@insightplatforms.com,Insight Platforms,Outbound - Cold,MQL,65,,,,2023-02-26T00:00:00
1793,Karen,Martin,karen.martin1793@streamlineanalytics.com,StreamLine Analytics,Inbound - Webinar,New,25,,,,2023-11-08T00:00:00
1794,Lisa,Smith,lisa.smith1794@pulsepointdigital.com,PulsePoint Digital,Partner Referral,Working,54,,,,2020-02-28T00:00:00
1795,John,Martin,john.martin1795@scaleupsystems.com,ScaleUp Systems,Paid Search,Nurture,47,,,,2023-06-30T00:00:00
1796,David,Davis,david.davis1796@rapidcloud.com,RapidCloud,Product-Led,MQL,63,,,,2021-01-11T00:00:00
1797,James,Brown,james.brown1797@agiledynamics.com,Agile Dynamics,Event,Nurture,55,,,,2024-08-11T00:00:00
1798,Jessica,Brown,jessica.brown1798@rapidcloud.com,RapidCloud,Outbound - Cold,MQL,80,,,,2022-08-11T00:00:00
1799,James,Brown,james.brown1799@cloudscalesystems.com,CloudScale Systems,Paid Search,Converted,51,2677,784,2024-07-29,2024-08-02T00:00:00
1800,Patricia,Gonzalez,patricia.gonzalez1800@truenorthdata.com,TrueNorth Data,Outbound - Cold,Disqualified,26,,,,2023-04-06T00:00:00
1801,Lisa,Miller,lisa.miller,CyberVault,Inbound - Web,Converted,56,755,733,2024-06-09,2024-04-12T00:00:00
1802,Lisa,Hernandez,lisa.hernandez1802@vertexai.com,VertexAI,Product-Led,Working,60,,,,2021-06-05T00:00:00
1803,Sarah,Jones,sarah.jones1803@brightwavetech.com,BrightWave Tech,Inbound - Content,Disqualified,17,,,,2024-07-31T00:00:00
1804,John,Thomas,john.thomas1804@corestack.com,CoreStack,Event,Working,60,,,,2024-05-14T00:00:00
1805,Michael,Davis,michael.davis1805@databridgecorp.com,DataBridge Corp,Social Media,MQL,99,,,,2023-11-14T00:00:00
1806,Susan,Davis,susan.davis1806@truenorthdata.com,TrueNorth Data,Inbound - Webinar,MQL,76,,,,2021-05-04T00:00:00
1807,Charles,Garcia,charles.garcia1807@corestack.com,CoreStack,Outbound - SDR,SQL,98,,,,2021-05-27T00:00:00
1808,James,Rodriguez,james.rodriguez1808@corestack.com,CoreStack,Paid Search,Converted,94,376,741,2024-05-23,2024-03-02T00:00:00
1809,Jessica,Garcia,jessica.garcia,PrimePath Digital,Inbound - Webinar,Nurture,34,,,,2020-11-25T00:00:00
1810,Nancy,Martinez,nancy.martinez1810@innovateco.com,InnovateCo,Outbound - Cold,MQL,78,,,,2024-03-02T00:00:00
1811,Sarah,Martin,sarah.martin1811@corestack.com,CoreStack,Outbound - Cold,Disqualified,24,,,,2021-07-04T00:00:00
1812,James,Wilson,james.wilson1812@cybervault.com,CyberVault,Outbound - SDR,Working,38,,,,2023-10-31T00:00:00
1813,Thomas,Martin,thomas.martin1813@techflowinc.com,TechFlow Inc,Paid Search,Converted,100,2042,168,2024-01-25,2024-01-25T00:00:00
1814,James,Davis,james.davis1814@futureforge.com,FutureForge,Inbound - Webinar,New,11,,,,2023-05-04T00:00:00
1815,Mary,Johnson,mary.johnson1815@databridgecorp.com,DataBridge Corp,Social Media,Nurture,17,,,,2021-10-21T00:00:00
1816,Jennifer,Martinez,jennifer.martinez1816@cloudscalesystems.com,CloudScale Systems,Outbound - SDR,Converted,57,1923,206,2024-01-20,2024-01-13T00:00:00
1817,Patricia,Anderson,patricia.anderson1817@streamlineanalytics.com,StreamLine Analytics,Social Media,MQL,77,,,,2022-05-06T00:00:00
1818,Joseph,Wilson,joseph.wilson1818@futureforge.com,FutureForge,Social Media,Disqualified,18,,,,2023-08-12T00:00:00
1819,Sarah,Lee,sarah.lee1819@corestack.com,CoreStack,Inbound - Web,Converted,99,1702,505,2023-08-22,2023-08-06T00:00:00
1820,David,Gonzalez,david.gonzalez1820@pulsepointdigital.com,PulsePoint Digital,Outbound - SDR,Working,52,,,,2022-10-20T00:00:00
1821,Lisa,Lee,lisa.lee1821@nexgensolutions.com,NexGen Solutions,Inbound - Webinar,MQL,91,,,,2020-04-01T00:00:00
1822,Daniel,Martinez,daniel.martinez1822@agiledynamics.com,Agile Dynamics,Product-Led,New,18,,,,2023-01-16T00:00:00
1823,Charles,Gonzalez,charles.gonzalez1823@agiledynamics.com,Agile Dynamics,Inbound - Webinar,Working,39,,,,2024-08-11T00:00:00
1824,David,Anderson,david.anderson1824@streamlineanalytics.com,StreamLine Analytics,Product-Led,New,45,,,,2020-12-29T00:00:00
1825,Sarah,Martin,sarah.martin1825@metasync.com,MetaSync,Inbound - Webinar,Disqualified,14,,,,2024-12-01T00:00:00
1826,William,Lopez,william.lopez1826@corestack.com,CoreStack,Event,Nurture,63,,,,2020-11-10T00:00:00
1827,Joseph,Williams,joseph.williams1827@nexgensolutions.com,NexGen Solutions,Inbound - Webinar,Nurture,58,,,,2022-07-19T00:00:00
1828,Lisa,Lee,lisa.lee1828@truenorthdata.com,TrueNorth Data,Event,SQL,73,,,,2023-03-05T00:00:00
1829,Nancy,Taylor,nancy.taylor1829@insightplatforms.com,Insight Platforms,Inbound - Webinar,Disqualified,9,,,,2023-01-16T00:00:00
1830,Charles,Jackson,charles.jackson1830@primepathdigital.com,PrimePath Digital,Outbound - SDR,Working,68,,,,2020-12-27T00:00:00
1831,David,Moore,david.moore1831@insightplatforms.com,Insight Platforms,Outbound - SDR,Converted,89,3879,207,2023-07-23,2023-05-25T00:00:00
1832,Susan,Lee,susan.lee1832@pulsepointdigital.com,PulsePoint Digital,Inbound - Webinar,New,48,,,,2022-11-15T00:00:00
1833,Susan,Moore,,StreamLine Analytics,Social Media,MQL,86,,,,2020-01-28T00:00:00
1834,Jessica,Wilson,jessica.wilson1834@truenorthdata.com,TrueNorth Data,Outbound - Cold,Nurture,34,,,,2020-10-05T00:00:00
1835,Elizabeth,Moore,elizabeth.moore1835@quantumlogiclabs.com,QuantumLogic Labs,Outbound - SDR,Working,65,,,,2020-11-15T00:00:00
1836,Michael,Miller,michael.miller1836@brightwavetech.com,BrightWave Tech,Social Media,SQL,90,,,,2022-05-21T00:00:00
1837,Michael,Thomas,michael.thomas1837@scaleupsystems.com,ScaleUp Systems,Social Media,Nurture,30,,,,2021-05-22T00:00:00
1838,Linda,Gonzalez,linda.gonzalez1838@cybervault.com,CyberVault,Event,Nurture,50,,,,2021-04-21T00:00:00
1839,Daniel,Thompson,daniel.thompson1839@truenorthdata.com,TrueNorth Data,Product-Led,SQL,53,,,,2024-11-23T00:00:00
1840,Charles,Brown,charles.brown1840@pulsepointdigital.com,PulsePoint Digital,Inbound - Web,MQL,66,,,,2024-08-06T00:00:00
1841,James,Jones,james.jones1841@cloudscalesystems.com,CloudScale Systems,Event,New,30,,,,2020-11-14T00:00:00
1842,William,Anderson,william.anderson1842@rapidcloud.com,RapidCloud,Outbound - SDR,MQL,73,,,,2020-06-18T00:00:00
1843,Michael,Thompson,michael.thompson1843@futureforge.com,FutureForge,Outbound - SDR,New,36,,,,2024-10-18T00:00:00
1844,Barbara,Taylor,barbara.taylor,PulsePoint Digital,Inbound - Content,Working,16,,,,2022-12-22T00:00:00
1845,Joseph,Anderson,joseph.anderson1845@scaleupsystems.com,ScaleUp Systems,Outbound - Cold,Converted,84,2417,31,2024-10-19,2024-08-23T00:00:00
1846,Lisa,Smith,lisa.smith1846@innovateco.com,InnovateCo,Event,New,13,,,,2021-09-17T00:00:00
1847,Mary,Taylor,mary.taylor1847@agiledynamics.com,Agile Dynamics,Product-Led,Disqualified,20,,,,2020-07-06T00:00:00
1848,Mary,Moore,mary.moore1848@metasync.com,MetaSync,Paid Search,SQL,94,,,,2021-02-27T00:00:00
1849,Mary,Moore,mary.moore1849@cloudscalesystems.com,CloudScale Systems,Inbound - Webinar,SQL,53,,,,2022-01-01T00:00:00
1850,Barbara,Lee,barbara.lee1850@quantumlogiclabs.com,QuantumLogic Labs,Social Media,Disqualified,7,,,,2023-07-26T00:00:00
1851,Elizabeth,Moore,elizabeth.moore1851@vertexai.com,VertexAI,Outbound - SDR,New,36,,,,2021-10-07T00:00:00
1852,Sarah,Davis,sarah.davis1852@pulsepointdigital.com,PulsePoint Digital,Event,Nurture,47,,,,2021-07-05T00:00:00
1853,Joseph,Lee,joseph.lee1853@databridgecorp.com,DataBridge Corp,Product-Led,Converted,50,1322,937,2024-09-30,2024-09-24T00:00:00
1854,James,Brown,james.brown1854@rapidcloud.com,RapidCloud,Outbound - SDR,New,64,,,,2020-04-02T00:00:00
1855,Elizabeth,Johnson,elizabeth.johnson1855@brightwavetech.com,BrightWave Tech,Product-Led,MQL,85,,,,2024-11-28T00:00:00
1856,Michael,Thompson,michael.thompson,MetaSync,Inbound - Webinar,Converted,55,1491,472,2023-05-23,2023-03-21T00:00:00
1857,Jessica,Hernandez,jessica.hernandez1857@cybervault.com,CyberVault,Inbound - Web,Converted,96,1,664,2023-07-06,2023-05-16T00:00:00
1858,Nancy,Martinez,nancy.martinez1858@futureforge.com,FutureForge,Inbound - Web,New,70,,,,2023-11-23T00:00:00
1859,Karen,Miller,karen.miller1859@brightwavetech.com,BrightWave Tech,Outbound - SDR,Disqualified,8,,,,2021-04-29T00:00:00
1860,John,Rodriguez,john.rodriguez1860@pulsepointdigital.com,PulsePoint Digital,Partner Referral,MQL,59,,,,2021-06-22T00:00:00
1861,Susan,Johnson,susan.johnson1861@metasync.com,MetaSync,Outbound - SDR,SQL,84,,,,2021-02-16T00:00:00
1862,Michael,Davis,michael.davis1862@truenorthdata.com,TrueNorth Data,,Converted,94,3866,593,2023-05-24,2023-03-09T00:00:00
1863,David,Martinez,david.martinez1863@cloudscalesystems.com,CloudScale Systems,Inbound - Web,MQL,63,,,,2021-04-26T00:00:00
1864,Daniel,Johnson,daniel.johnson1864@scaleupsystems.com,ScaleUp Systems,Inbound - Webinar,MQL,85,,,,2022-04-25T00:00:00
1865,Elizabeth,Jackson,elizabeth.jackson1865@primepathdigital.com,PrimePath Digital,Inbound - Webinar,New,44,,,,2024-12-03T00:00:00
1866,James,Jackson,james.jackson1866@vertexai.com,VertexAI,Outbound - SDR,New,12,,,,2023-06-10T00:00:00
1867,Christopher,Garcia,christopher.garcia1867@cybervault.com,CyberVault,Partner Referral,Converted,67,367,5,2022-10-27,2022-09-13T00:00:00
1868,Joseph,Hernandez,joseph.hernandez1868@truenorthdata.com,TrueNorth Data,Event,Working,62,,,,2021-06-12T00:00:00
1869,Patricia,Brown,patricia.brown1869@corestack.com,CoreStack,Event,Converted,90,3350,925,2023-01-12,2022-11-12T00:00:00
1870,Elizabeth,Davis,elizabeth.davis1870@vertexai.com,VertexAI,Outbound - SDR,Working,57,,,,2023-08-02T00:00:00
1871,Karen,Anderson,karen.anderson1871@agiledynamics.com,Agile Dynamics,Paid Search,New,48,,,,2021-04-08T00:00:00
1872,Sarah,Brown,sarah.brown1872@techflowinc.com,TechFlow Inc,Inbound - Web,Working,64,,,,2021-02-01T00:00:00
1873,Christopher,Smith,christopher.smith1873@quantumlogiclabs.com,QuantumLogic Labs,Paid Search,New,16,,,,2023-06-18T00:00:00
1874,Barbara,Smith,barbara.smith1874@quantumlogiclabs.com,QuantumLogic Labs,Paid Search,Converted,83,3618,132,2022-06-24,2022-06-13T00:00:00
1875,Charles,Hernandez,charles.hernandez1875@futureforge.com,FutureForge,Outbound - SDR,Working,40,,,,2024-07-14T00:00:00
1876,Charles,Johnson,charles.johnson1876@nexgensolutions.com,NexGen Solutions,Outbound - SDR,MQL,75,,,,2024-09-30T00:00:00
1877,William,Miller,william.miller1877@scaleupsystems.com,ScaleUp Systems,Inbound - Webinar,Nurture,31,,,,2020-07-30T00:00:00
1878,Christopher,Martin,christopher.martin1878@brightwavetech.com,BrightWave Tech,Social Media,New,48,,,,2021-11-08T00:00:00
1879,Karen,Williams,karen.williams1879@cloudscalesystems.com,CloudScale Systems,Inbound - Content,New,26,,,,2024-08-19T00:00:00
1880,David,Lopez,david.lopez1880@metasync.com,MetaSync,Product-Led,Converted,95,1425,729,2024-07-22,2024-06-08T00:00:00
1881,Charles,Williams,charles.williams1881@vertexai.com,VertexAI,Inbound - Content,SQL,59,,,,2024-03-27T00:00:00
1882,Patricia,Lopez,patricia.lopez1882@scaleupsystems.com,ScaleUp Systems,Inbound - Content,Converted,52,1949,543,2024-01-19,2023-12-16T00:00:00
1883,Christopher,Thomas,christopher.thomas1883@futureforge.com,FutureForge,Social Media,MQL,80,,,,2023-06-19T00:00:00
1884,Michael,Rodriguez,michael.rodriguez1884@corestack.com,CoreStack,Social Media,Disqualified,15,,,,2020-09-10T00:00:00
1885,James,Martinez,james.martinez1885@cybervault.com,CyberVault,Product-Led,Working,67,,,,2021-12-26T00:00:00
1886,Robert,Thompson,robert.thompson,PrimePath Digital,,Converted,59,4542,102,2024-12-14,2024-11-06T00:00:00
1887,Patricia,Johnson,patricia.johnson1887@insightplatforms.com,Insight Platforms,Inbound - Web,SQL,59,,,,2021-05-17T00:00:00
1888,William,Davis,william.davis1888@brightwavetech.com,BrightWave Tech,Social Media,Nurture,32,,,,2023-05-14T00:00:00
1889,Linda,Williams,linda.williams,Insight Platforms,Event,Converted,61,2199,391,2024-08-31,2024-08-30T00:00:00
1890,Barbara,Johnson,barbara.johnson1890@corestack.com,CoreStack,Event,SQL,86,,,,2020-11-22T00:00:00
1891,Nancy,Martinez,nancy.martinez1891@innovateco.com,InnovateCo,Paid Search,Converted,56,460,452,2023-03-19,2023-02-01T00:00:00
1892,Lisa,Thomas,,TechFlow Inc,Inbound - Web,SQL,97,,,,2020-05-25T00:00:00
1893,Mary,Martinez,mary.martinez1893@cloudscalesystems.com,CloudScale Systems,Social Media,Nurture,29,,,,2024-03-12T00:00:00
1894,Joseph,Garcia,joseph.garcia1894@brightwavetech.com,BrightWave Tech,Event,New,30,,,,2021-12-21T00:00:00
1895,Richard,Anderson,richard.anderson1895@agiledynamics.com,Agile Dynamics,Product-Led,Converted,51,3884,592,2023-11-05,2023-10-11T00:00:00
1896,Patricia,Wilson,patricia.wilson1896@pulsepointdigital.com,PulsePoint Digital,,Working,25,,,,2024-07-05T00:00:00
1897,Thomas,Anderson,thomas.anderson1897@brightwavetech.com,BrightWave Tech,Partner Referral,New,54,,,,2022-03-23T00:00:00
1898,Christopher,Johnson,christopher.johnson1898@insightplatforms.com,Insight Platforms,Outbound - Cold,Working,10,,,,2022-05-09T00:00:00
1899,Jennifer,Lee,jennifer.lee1899@insightplatforms.com,Insight Platforms,Outbound - Cold,MQL,75,,,,2022-02-12T00:00:00
1900,David,Martinez,david.martinez1900@techflowinc.com,TechFlow Inc,Outbound - Cold,SQL,76,,,,2022-10-25T00:00:00
1901,Lisa,Anderson,lisa.anderson1901@streamlineanalytics.com,StreamLine Analytics,Partner Referral,Working,40,,,,2023-04-10T00:00:00
1902,Daniel,Lee,daniel.lee1902@cybervault.com,CyberVault,Partner Referral,SQL,69,,,,2021-12-12T00:00:00
1903,Patricia,Davis,patricia.davis1903@corestack.com,CoreStack,Outbound - SDR,MQL,50,,,,2023-02-20T00:00:00
1904,Lisa,Jackson,lisa.jackson1904@agiledynamics.com,Agile Dynamics,Product-Led,Nurture,12,,,,2021-11-17T00:00:00
1905,David,Thomas,david.thomas1905@vertexai.com,VertexAI,Partner Referral,Nurture,49,,,,2020-08-17T00:00:00
1906,Michael,Taylor,michael.taylor1906@agiledynamics.com,Agile Dynamics,Paid Search,New,33,,,,2022-07-04T00:00:00
1907,Linda,Thomas,linda.thomas1907@innovateco.com,InnovateCo,Inbound - Webinar,Working,31,,,,2024-03-12T00:00:00
1908,Thomas,Jackson,thomas.jackson1908@quantumlogiclabs.com,QuantumLogic Labs,Event,MQL,56,,,,2024-05-11T00:00:00
1909,Richard,Jones,richard.jones1909@agiledynamics.com,Agile Dynamics,Inbound - Content,Converted,92,408,502,2021-11-27,2021-09-19T00:00:00
1910,Charles,Anderson,charles.anderson1910@agiledynamics.com,Agile Dynamics,Social Media,New,37,,,,2022-12-15T00:00:00
1911,Lisa,Taylor,lisa.taylor1911@cybervault.com,CyberVault,Outbound - SDR,SQL,65,,,,2021-07-08T00:00:00
1912,William,Jones,william.jones1912@cloudscalesystems.com,CloudScale Systems,Inbound - Webinar,MQL,78,,,,2021-10-21T00:00:00
1913,Jessica,Johnson,jessica.johnson1913@cloudscalesystems.com,CloudScale Systems,Social Media,MQL,65,,,,2020-01-08T00:00:00
1914,Jessica,Jackson,jessica.jackson1914@streamlineanalytics.com,StreamLine Analytics,Paid Search,Converted,56,1394,875,2023-05-04,2023-02-20T00:00:00
1915,Nancy,Rodriguez,nancy.rodriguez1915@scaleupsystems.com,ScaleUp Systems,Inbound - Content,Working,42,,,,2020-03-02T00:00:00
1916,Michael,Miller,michael.miller1916@techflowinc.com,TechFlow Inc,Partner Referral,New,14,,,,2021-04-18T00:00:00
1917,David,Lee,david.lee,TrueNorth Data,Inbound - Webinar,SQL,99,,,,2024-05-05T00:00:00
1918,Patricia,Davis,patricia.davis1918@innovateco.com,InnovateCo,Inbound - Webinar,SQL,72,,,,2023-01-24T00:00:00
1919,Robert,Wilson,robert.wilson1919@cloudscalesystems.com,CloudScale Systems,Outbound - Cold,MQL,88,,,,2022-08-20T00:00:00
1920,Barbara,Jones,barbara.jones1920@streamlineanalytics.com,StreamLine Analytics,Partner Referral,Nurture,11,,,,2023-08-12T00:00:00
1921,Richard,Moore,richard.moore1921@cybervault.com,CyberVault,Outbound - Cold,MQL,78,,,,2023-10-12T00:00:00
1922,Linda,Jackson,,DataBridge Corp,Social Media,SQL,73,,,,2023-10-26T00:00:00
1923,Linda,Smith,linda.smith1923@agiledynamics.com,Agile Dynamics,Social Media,Converted,60,2783,650,2024-12-25,2024-12-18T00:00:00
1924,Joseph,Thomas,joseph.thomas1924@rapidcloud.com,RapidCloud,Inbound - Web,Converted,86,1973,971,2023-07-02,2023-04-22T00:00:00
1925,Mary,Thompson,,TechFlow Inc,Event,MQL,72,,,,2020-10-15T00:00:00
1926,Jennifer,Hernandez,jennifer.hernandez1926@techflowinc.com,TechFlow Inc,Partner Referral,Nurture,57,,,,2020-10-06T00:00:00
1927,Charles,Lopez,charles.lopez1927@primepathdigital.com,PrimePath Digital,Product-Led,MQL,59,,,,2021-02-11T00:00:00
1928,Jennifer,Jones,jennifer.jones1928@rapidcloud.com,RapidCloud,Inbound - Content,Disqualified,21,,,,2020-02-02T00:00:00
1929,Nancy,Hernandez,nancy.hernandez1929@quantumlogiclabs.com,QuantumLogic Labs,Inbound - Web,Nurture,38,,,,2020-06-29T00:00:00
1930,John,Jackson,john.jackson1930@futureforge.com,FutureForge,Outbound - Cold,SQL,71,,,,2023-11-21T00:00:00
1931,Jessica,Smith,jessica.smith1931@corestack.com,CoreStack,Inbound - Webinar,Converted,77,4920,769,2023-01-11,2022-11-20T00:00:00
1932,James,Thompson,james.thompson1932@cloudscalesystems.com,CloudScale Systems,Inbound - Web,Nurture,30,,,,2023-03-07T00:00:00
1933,Linda,Anderson,linda.anderson1933@cloudscalesystems.com,CloudScale Systems,Inbound - Web,New,17,,,,2021-10-07T00:00:00
1934,William,Lee,william.lee1934@innovateco.com,InnovateCo,Outbound - SDR,MQL,50,,,,2021-01-08T00:00:00
1935,John,Davis,john.davis1935@scaleupsystems.com,ScaleUp Systems,Outbound - Cold,Working,23,,,,2023-03-10T00:00:00
1936,David,Wilson,david.wilson1936@vertexai.com,VertexAI,Inbound - Content,MQL,99,,,,2022-08-11T00:00:00
1937,Joseph,Moore,joseph.moore1937@corestack.com,CoreStack,Paid Search,MQL,97,,,,2024-11-14T00:00:00
1938,Susan,Martinez,susan.martinez1938@pulsepointdigital.com,PulsePoint Digital,Event,Nurture,39,,,,2023-11-19T00:00:00
1939,Thomas,Gonzalez,thomas.gonzalez1939@cybervault.com,CyberVault,Paid Search,New,42,,,,2024-04-21T00:00:00
1940,Linda,Jones,linda.jones1940@pulsepointdigital.com,PulsePoint Digital,Outbound - SDR,New,68,,,,2024-03-06T00:00:00
1941,David,Williams,david.williams1941@cybervault.com,CyberVault,Social Media,SQL,91,,,,2023-02-02T00:00:00
1942,Michael,Anderson,michael.anderson1942@streamlineanalytics.com,StreamLine Analytics,Partner Referral,Working,35,,,,2020-03-10T00:00:00
1943,Patricia,Moore,patricia.moore1943@primepathdigital.com,PrimePath Digital,Outbound - SDR,Converted,56,3477,880,2024-09-08,2024-08-11T00:00:00
1944,Richard,Taylor,richard.taylor1944@primepathdigital.com,PrimePath Digital,Outbound - Cold,MQL,60,,,,2022-07-04T00:00:00
1945,Richard,Martin,richard.martin1945@truenorthdata.com,TrueNorth Data,,SQL,79,,,,2021-04-26T00:00:00
1946,Jessica,Williams,jessica.williams1946@futureforge.com,FutureForge,Outbound - Cold,New,29,,,,2022-10-26T00:00:00
1947,James,Garcia,james.garcia1947@pulsepointdigital.com,PulsePoint Digital,Inbound - Webinar,Working,64,,,,2022-09-22T00:00:00
1948,Patricia,Brown,patricia.brown1948@metasync.com,MetaSync,,Disqualified,29,,,,2022-02-26T00:00:00
1949,John,Rodriguez,john.rodriguez1949@futureforge.com,FutureForge,Product-Led,Converted,72,3365,283,2021-08-06,2021-08-01T00:00:00
1950,Charles,Lee,charles.lee1950@rapidcloud.com,RapidCloud,Paid Search,Disqualified,15,,,,2022-04-02T00:00:00
1951,Susan,Wilson,susan.wilson1951@futureforge.com,FutureForge,Partner Referral,Converted,56,1427,89,2022-08-04,2022-07-15T00:00:00
1952,Robert,Wilson,robert.wilson1952@corestack.com,CoreStack,Partner Referral,SQL,52,,,,2023-09-21T00:00:00
1953,Patricia,Taylor,patricia.taylor1953@agiledynamics.com,Agile Dynamics,Outbound - SDR,Nurture,43,,,,2024-04-12T00:00:00
1954,Charles,Gonzalez,charles.gonzalez1954@insightplatforms.com,Insight Platforms,Outbound - Cold,Converted,67,4658,363,2022-05-22,2022-03-19T00:00:00
1955,Richard,Smith,richard.smith1955@truenorthdata.com,TrueNorth Data,Social Media,Working,68,,,,2020-11-17T00:00:00
1956,James,Martin,james.martin1956@metasync.com,MetaSync,Inbound - Content,New,58,,,,2023-10-25T00:00:00
1957,Linda,Lee,,Agile Dynamics,Inbound - Webinar,Working,18,,,,2021-03-02T00:00:00
1958,Joseph,Thompson,joseph.thompson1958@quantumlogiclabs.com,QuantumLogic Labs,Social Media,Converted,70,4836,593,2023-01-19,2022-12-11T00:00:00
1959,Sarah,Jones,sarah.jones1959@streamlineanalytics.com,StreamLine Analytics,Partner Referral,Converted,86,951,324,2023-02-06,2023-01-01T00:00:00
1960,Nancy,Thomas,nancy.thomas1960@databridgecorp.com,DataBridge Corp,Event,Working,47,,,,2022-09-25T00:00:00
1961,William,Williams,william.williams,TechFlow Inc,Event,New,-68,,,,2022-05-29T00:00:00
1962,Linda,Lee,linda.lee1962@agiledynamics.com,Agile Dynamics,Inbound - Webinar,MQL,60,,,,2024-06-10T00:00:00
1963,Jennifer,Moore,jennifer.moore1963@databridgecorp.com,DataBridge Corp,Social Media,New,44,,,,2024-11-11T00:00:00
1964,Mary,Anderson,mary.anderson1964@quantumlogiclabs.com,QuantumLogic Labs,Social Media,Nurture,63,,,,2021-11-07T00:00:00
1965,Thomas,Thomas,thomas.thomas1965@primepathdigital.com,PrimePath Digital,Product-Led,Disqualified,6,,,,2024-08-27T00:00:00
1966,Karen,Martinez,karen.martinez1966@futureforge.com,FutureForge,Partner Referral,Nurture,64,,,,2024-06-23T00:00:00
1967,Linda,Smith,linda.smith1967@databridgecorp.com,DataBridge Corp,Partner Referral,Converted,98,1193,733,2023-10-22,2023-09-07T00:00:00
1968,Joseph,Garcia,joseph.garcia1968@brightwavetech.com,BrightWave Tech,Event,Converted,89,720,415,2024-11-09,2024-08-25T00:00:00
1969,John,Lopez,john.lopez1969@vertexai.com,VertexAI,Inbound - Content,SQL,88,,,,2024-02-03T00:00:00
1970,Sarah,Moore,sarah.moore1970@agiledynamics.com,Agile Dynamics,Social Media,Disqualified,19,,,,2021-04-20T00:00:00
1971,Barbara,Garcia,barbara.garcia1971@streamlineanalytics.com,StreamLine Analytics,Outbound - SDR,Converted,86,679,205,2021-12-29,2021-12-12T00:00:00
1972,Barbara,Garcia,barbara.garcia1972@brightwavetech.com,BrightWave Tech,Inbound - Content,Converted,93,1899,567,2024-06-23,2024-05-01T00:00:00
1973,Christopher,Hernandez,christopher.hernandez1973@rapidcloud.com,RapidCloud,Paid Search,Working,62,,,,2021-10-27T00:00:00
1974,Charles,Williams,charles.williams1974@metasync.com,MetaSync,Product-Led,Converted,93,63,229,2023-06-19,2023-05-18T00:00:00
1975,Jessica,Davis,jessica.davis1975@brightwavetech.com,BrightWave Tech,Paid Search,SQL,83,,,,2023-06-27T00:00:00
1976,Christopher,Davis,christopher.davis1976@futureforge.com,FutureForge,Inbound - Content,Converted,81,1906,967,2024-10-10,2024-08-10T00:00:00
1977,Linda,Martin,linda.martin1977@nexgensolutions.com,NexGen Solutions,Inbound - Webinar,Working,59,,,,2024-09-29T00:00:00
1978,John,Davis,john.davis1978@primepathdigital.com,PrimePath Digital,Outbound - SDR,MQL,91,,,,2024-05-10T00:00:00
1979,Nancy,Jackson,nancy.jackson1979@pulsepointdigital.com,PulsePoint Digital,Inbound - Content,New,68,,,,2022-06-18T00:00:00
1980,Nancy,Thompson,nancy.thompson1980@scaleupsystems.com,ScaleUp Systems,Product-Led,Converted,65,4412,385,2022-04-05,2022-02-28T00:00:00
1981,Daniel,Thompson,daniel.thompson1981@vertexai.com,VertexAI,Inbound - Webinar,SQL,96,,,,2021-03-08T00:00:00
1982,Linda,Miller,linda.miller1982@corestack.com,CoreStack,Product-Led,MQL,85,,,,2022-01-16T00:00:00
1983,Michael,Martinez,michael.martinez,CoreStack,Inbound - Webinar,Disqualified,28,,,,2021-04-26T00:00:00
1984,Lisa,Hernandez,lisa.hernandez1984@techflowinc.com,TechFlow Inc,Paid Search,Nurture,22,,,,2024-09-05T00:00:00
1985,Elizabeth,Jackson,elizabeth.jackson1985@metasync.com,MetaSync,Inbound - Web,Nurture,11,,,,2024-05-16T00:00:00
1986,Jennifer,Thomas,,InnovateCo,Event,Working,10,,,,2022-09-25T00:00:00
1987,Barbara,Thomas,barbara.thomas1987@nexgensolutions.com,NexGen Solutions,Product-Led,Working,14,,,,2022-05-09T00:00:00
1988,Michael,Lee,michael.lee1988@brightwavetech.com,BrightWave Tech,Partner Referral,Converted,99,222,228,2023-07-18,2023-06-21T00:00:00
1989,David,Davis,david.davis1989@innovateco.com,InnovateCo,Outbound - SDR,Working,66,,,,2024-09-14T00:00:00
1990,Thomas,Jones,thomas.jones1990@cybervault.com,CyberVault,Partner Referral,Working,55,,,,2021-11-22T00:00:00
1991,David,Miller,david.miller1991@agiledynamics.com,Agile Dynamics,Event,Working,27,,,,2024-07-11T00:00:00
1992,Charles,Anderson,charles.anderson1992@streamlineanalytics.com,StreamLine Analytics,Event,MQL,70,,,,2023-03-31T00:00:00
1993,Lisa,Jones,lisa.jones1993@scaleupsystems.com,ScaleUp Systems,Inbound - Web,MQL,51,,,,2024-07-17T00:00:00
1994,James,Jones,james.jones1994@databridgecorp.com,DataBridge Corp,Inbound - Web,MQL,100,,,,2021-08-28T00:00:00
1995,Karen,Hernandez,karen.hernandez1995@innovateco.com,InnovateCo,Inbound - Web,MQL,-64,,,,2024-07-10T00:00:00
1996,Nancy,Moore,nancy.moore1996@innovateco.com,InnovateCo,Social Media,Working,50,,,,2023-10-04T00:00:00
1997,Christopher,Williams,christopher.williams1997@metasync.com,MetaSync,Inbound - Webinar,New,62,,,,2021-07-03T00:00:00
1998,David,Wilson,david.wilson1998@quantumlogiclabs.com,QuantumLogic Labs,Outbound - Cold,Nurture,29,,,,2020-12-01T00:00:00
1999,Mary,Wilson,mary.wilson1999@cloudscalesystems.com,CloudScale Systems,Social Media,SQL,69,,,,2023-07-13T00:00:00
2000,Patricia,Jackson,patricia.jackson2000@brightwavetech.com,BrightWave Tech,Partner Referral,Working,39,,,,2024-06-23T00:00:00
2001,Daniel,Garcia,daniel.garcia2001@quantumlogiclabs.com,QuantumLogic Labs,Outbound - SDR,Disqualified,29,,,,2023-10-06T00:00:00
2002,Jennifer,Brown,jennifer.brown2002@nexgensolutions.com,NexGen Solutions,Outbound - SDR,MQL,78,,,,2022-06-01T00:00:00
2003,Jennifer,Johnson,jennifer.johnson2003@rapidcloud.com,RapidCloud,Social Media,Disqualified,30,,,,2024-12-12T00:00:00
2004,Jennifer,Johnson,jennifer.johnson2004@streamlineanalytics.com,StreamLine Analytics,Inbound - Webinar,Working,38,,,,2022-11-06T00:00:00
2005,Karen,Smith,karen.smith2005@nexgensolutions.com,NexGen Solutions,Social Media,MQL,86,,,,2021-02-09T00:00:00
2006,Thomas,Moore,thomas.moore2006@brightwavetech.com,BrightWave Tech,Inbound - Content,MQL,67,,,,2024-01-18T00:00:00
2007,Sarah,Moore,sarah.moore2007@vertexai.com,VertexAI,Event,MQL,72,,,,2020-12-18T00:00:00
2008,Christopher,Miller,christopher.miller,TechFlow Inc,Inbound - Webinar,Converted,82,2361,227,2021-06-03,2021-04-09T00:00:00
2009,James,Anderson,james.anderson2009@metasync.com,MetaSync,,New,51,,,,2022-04-03T00:00:00
2010,Daniel,Brown,daniel.brown2010@streamlineanalytics.com,StreamLine Analytics,Product-Led,Disqualified,14,,,,2021-08-15T00:00:00
2011,Sarah,Gonzalez,sarah.gonzalez2011@quantumlogiclabs.com,QuantumLogic Labs,Outbound - Cold,SQL,50,,,,2021-04-19T00:00:00
2012,Elizabeth,Martin,elizabeth.martin2012@nexgensolutions.com,NexGen Solutions,Inbound - Content,SQL,80,,,,2024-08-16T00:00:00
2013,James,Moore,james.moore2013@quantumlogiclabs.com,QuantumLogic Labs,Inbound - Webinar,New,31,,,,2024-10-23T00:00:00
2014,Sarah,Brown,sarah.brown2014@techflowinc.com,TechFlow Inc,,Converted,70,1454,755,2024-12-24,2024-10-08T00:00:00
2015,Christopher,Smith,christopher.smith2015@primepathdigital.com,PrimePath Digital,Inbound - Content,Converted,74,2425,124,2024-04-02,2024-01-22T00:00:00
2016,Charles,Davis,charles.davis2016@vertexai.com,VertexAI,Outbound - Cold,MQL,96,,,,2022-06-11T00:00:00
2017,Lisa,Lee,lisa.lee2017@quantumlogiclabs.com,QuantumLogic Labs,Outbound - Cold,Working,42,,,,2020-07-02T00:00:00
2018,Joseph,Johnson,joseph.johnson2018@cybervault.com,CyberVault,Event,Converted,80,1615,775,2024-12-13,2024-11-16T00:00:00
2019,Jessica,Williams,jessica.williams2019@brightwavetech.com,BrightWave Tech,Outbound - Cold,MQL,69,,,,2022-04-15T00:00:00
2020,William,Garcia,william.garcia2020@insightplatforms.com,Insight Platforms,Inbound - Webinar,Converted,65,1314,569,2024-08-31,2024-07-03T00:00:00
2021,Elizabeth,Thomas,elizabeth.thomas2021@futureforge.com,FutureForge,Outbound - SDR,MQL,70,,,,2024-10-22T00:00:00
2022,Linda,Lopez,linda.lopez2022@cloudscalesystems.com,CloudScale Systems,Inbound - Webinar,Nurture,62,,,,2023-09-06T00:00:00
2023,Lisa,Anderson,lisa.anderson2023@futureforge.com,FutureForge,Product-Led,MQL,97,,,,2021-02-25T00:00:00
2024,Michael,Smith,michael.smith2024@brightwavetech.com,BrightWave Tech,Outbound - SDR,Converted,90,739,978,2023-06-04,2023-05-30T00:00:00
2025,Thomas,Hernandez,thomas.hernandez2025@truenorthdata.com,TrueNorth Data,Event,New,17,,,,2024-05-24T00:00:00
2026,Joseph,Lee,joseph.lee2026@primepathdigital.com,PrimePath Digital,Paid Search,Working,45,,,,2024-04-19T00:00:00
2027,Patricia,Anderson,patricia.anderson2027@cybervault.com,CyberVault,,Nurture,66,,,,2021-07-06T00:00:00
2028,Lisa,Martinez,lisa.martinez2028@metasync.com,MetaSync,Outbound - Cold,Working,42,,,,2021-01-02T00:00:00
2029,Michael,Brown,michael.brown2029@databridgecorp.com,DataBridge Corp,Social Media,Working,26,,,,2020-06-21T00:00:00
2030,Michael,Smith,michael.smith,Insight Platforms,Paid Search,Converted,89,2664,712,2021-11-25,2021-11-08T00:00:00
2031,Lisa,Thompson,lisa.thompson2031@agiledynamics.com,Agile Dynamics,Product-Led,Converted,80,252,674,2024-03-21,2024-02-19T00:00:00
2032,James,Hernandez,james.hernandez2032@agiledynamics.com,Agile Dynamics,Inbound - Content,New,43,,,,2020-12-05T00:00:00
2033,Michael,Wilson,michael.wilson2033@cloudscalesystems.com,CloudScale Systems,Social Media,MQL,97,,,,2020-11-14T00:00:00
2034,Nancy,Wilson,nancy.wilson2034@scaleupsystems.com,ScaleUp Systems,Inbound - Web,Working,44,,,,2022-09-19T00:00:00
2035,Susan,Thomas,susan.thomas2035@cybervault.com,CyberVault,Partner Referral,MQL,-82,,,,2021-04-27T00:00:00
2036,Patricia,Gonzalez,patricia.gonzalez2036@quantumlogiclabs.com,QuantumLogic Labs,Outbound - Cold,Disqualified,25,,,,2023-09-02T00:00:00
2037,Richard,Smith,richard.smith2037@primepathdigital.com,PrimePath Digital,Product-Led,SQL,80,,,,2021-04-14T00:00:00
2038,Sarah,Jackson,sarah.jackson2038@streamlineanalytics.com,StreamLine Analytics,Inbound - Webinar,Working,61,,,,2021-04-03T00:00:00
2039,Elizabeth,Martinez,elizabeth.martinez2039@cybervault.com,CyberVault,Paid Search,Nurture,15,,,,2020-07-22T00:00:00
2040,Christopher,Thompson,christopher.thompson2040@cybervault.com,CyberVault,Event,Disqualified,24,,,,2024-03-12T00:00:00
2041,Thomas,Martinez,thomas.martinez2041@innovateco.com,InnovateCo,Product-Led,Disqualified,9,,,,2021-01-17T00:00:00
2042,David,Williams,david.williams2042@insightplatforms.com,Insight Platforms,Product-Led,Disqualified,28,,,,2024-06-20T00:00:00
2043,Sarah,Brown,sarah.brown2043@corestack.com,CoreStack,Partner Referral,SQL,78,,,,2024-03-21T00:00:00
2044,Mary,Lee,mary.lee2044@innovateco.com,InnovateCo,Partner Referral,Converted,60,2225,727,2023-01-13,2022-12-19T00:00:00
2045,Richard,Martinez,richard.martinez2045@agiledynamics.com,Agile Dynamics,Product-Led,Disqualified,5,,,,2024-12-10T00:00:00
2046,John,Gonzalez,john.gonzalez2046@nexgensolutions.com,NexGen Solutions,Inbound - Web,Working,15,,,,2023-09-17T00:00:00
2047,Patricia,Davis,patricia.davis2047@corestack.com,CoreStack,Partner Referral,Converted,57,3827,641,2024-08-11,2024-07-23T00:00:00
2048,Lisa,Jones,lisa.jones,MetaSync,Product-Led,New,15,,,,2020-05-10T00:00:00
2049,Patricia,Smith,,TechFlow Inc,Outbound - SDR,Converted,99,665,163,2024-05-16,2024-05-03T00:00:00
2050,Sarah,Johnson,sarah.johnson2050@futureforge.com,FutureForge,Inbound - Content,New,32,,,,2022-03-20T00:00:00
2051,Richard,Rodriguez,richard.rodriguez2051@rapidcloud.com,RapidCloud,Inbound - Webinar,Converted,62,3085,666,2023-12-01,2023-11-26T00:00:00
2052,Elizabeth,Jones,elizabeth.jones2052@rapidcloud.com,RapidCloud,Event,Disqualified,21,,,,2021-03-10T00:00:00
2053,Lisa,Rodriguez,lisa.rodriguez2053@primepathdigital.com,PrimePath Digital,Social Media,MQL,50,,,,2023-01-30T00:00:00
2054,Linda,Taylor,linda.taylor2054@techflowinc.com,TechFlow Inc,Event,MQL,61,,,,2024-06-08T00:00:00
2055,David,Lopez,,TrueNorth Data,Event,Working,43,,,,2024-05-09T00:00:00
2056,Jessica,Moore,jessica.moore2056@pulsepointdigital.com,PulsePoint Digital,Inbound - Web,MQL,98,,,,2022-12-27T00:00:00
2057,Robert,Taylor,robert.taylor2057@streamlineanalytics.com,StreamLine Analytics,Social Media,MQL,86,,,,2022-10-07T00:00:00
2058,Daniel,Lopez,daniel.lopez2058@databridgecorp.com,DataBridge Corp,Inbound - Webinar,New,56,,,,2022-01-16T00:00:00
2059,John,Moore,john.moore2059@innovateco.com,InnovateCo,Event,New,28,,,,2023-09-27T00:00:00
2060,John,Rodriguez,john.rodriguez2060@insightplatforms.com,Insight Platforms,Outbound - Cold,New,51,,,,2020-03-20T00:00:00
2061,Mary,Moore,mary.moore2061@brightwavetech.com,BrightWave Tech,Outbound - SDR,Working,43,,,,2024-12-09T00:00:00
2062,Jennifer,Taylor,jennifer.taylor2062@techflowinc.com,TechFlow Inc,Event,Converted,73,2303,330,2024-03-18,2024-01-28T00:00:00
2063,Jessica,Thompson,jessica.thompson2063@primepathdigital.com,PrimePath Digital,Paid Search,SQL,77,,,,2020-02-29T00:00:00
2064,Susan,Jackson,susan.jackson2064@futureforge.com,FutureForge,Outbound - SDR,MQL,53,,,,2020-04-15T00:00:00
2065,Michael,Gonzalez,michael.gonzalez2065@rapidcloud.com,RapidCloud,Paid Search,MQL,77,,,,2023-02-12T00:00:00
2066,Charles,Hernandez,charles.hernandez2066@insightplatforms.com,Insight Platforms,Outbound - Cold,Working,34,,,,2021-10-17T00:00:00
2067,Karen,Wilson,karen.wilson2067@nexgensolutions.com,NexGen Solutions,Paid Search,Working,39,,,,2023-07-26T00:00:00
2068,Daniel,Thompson,daniel.thompson2068@agiledynamics.com,Agile Dynamics,Outbound - Cold,Nurture,14,,,,2022-07-01T00:00:00
2069,Lisa,Martinez,lisa.martinez2069@streamlineanalytics.com,StreamLine Analytics,Outbound - Cold,SQL,82,,,,2020-11-09T00:00:00
2070,Barbara,Smith,barbara.smith2070@truenorthdata.com,TrueNorth Data,Outbound - SDR,Working,61,,,,2021-12-18T00:00:00
2071,Jessica,Martinez,jessica.martinez2071@streamlineanalytics.com,StreamLine Analytics,Partner Referral,MQL,69,,,,2024-04-02T00:00:00
2072,Susan,Johnson,susan.johnson2072@metasync.com,MetaSync,Paid Search,Nurture,10,,,,2023-12-17T00:00:00
2073,Mary,Hernandez,mary.hernandez2073@cybervault.com,CyberVault,Outbound - Cold,New,46,,,,2024-06-17T00:00:00
2074,Patricia,Brown,patricia.brown2074@primepathdigital.com,PrimePath Digital,,Working,11,,,,2021-09-25T00:00:00
2075,Joseph,Smith,joseph.smith2075@pulsepointdigital.com,PulsePoint Digital,Event,Disqualified,18,,,,2023-01-01T00:00:00
2076,Mary,Martinez,mary.martinez2076@metasync.com,MetaSync,Product-Led,MQL,91,,,,2022-10-25T00:00:00
2077,Lisa,Anderson,,CloudScale Systems,Inbound - Web,Nurture,32,,,,2020-06-25T00:00:00
2078,Robert,Rodriguez,robert.rodriguez2078@agiledynamics.com,Agile Dynamics,Inbound - Webinar,Working,45,,,,2022-10-10T00:00:00
2079,James,Lee,james.lee2079@cybervault.com,CyberVault,Inbound - Webinar,MQL,78,,,,2021-07-10T00:00:00
2080,John,Wilson,john.wilson2080@primepathdigital.com,PrimePath Digital,Product-Led,Converted,64,4528,343,2024-07-05,2024-04-24T00:00:00
2081,Charles,Lopez,charles.lopez2081@cloudscalesystems.com,CloudScale Systems,Partner Referral,Converted,99,4863,833,2022-08-28,2022-08-10T00:00:00
2082,William,Martin,william.martin2082@pulsepointdigital.com,PulsePoint Digital,Product-Led,Working,42,,,,2023-06-19T00:00:00
2083,Nancy,Taylor,nancy.taylor2083@brightwavetech.com,BrightWave Tech,Outbound - Cold,Working,25,,,,2021-09-29T00:00:00
2084,Patricia,Smith,patricia.smith2084@metasync.com,MetaSync,Inbound - Web,SQL,52,,,,2024-01-13T00:00:00
2085,Sarah,Martin,sarah.martin2085@metasync.com,MetaSync,Partner Referral,Converted,58,4931,715,2023-12-05,2023-11-06T00:00:00
2086,Jessica,Hernandez,jessica.hernandez2086@brightwavetech.com,BrightWave Tech,Inbound - Content,Converted,50,2103,78,2024-02-09,2024-02-01T00:00:00
2087,Jessica,Miller,jessica.miller2087@databridgecorp.com,DataBridge Corp,Inbound - Content,MQL,57,,,,2024-11-24T00:00:00
2088,Michael,Martin,michael.martin2088@techflowinc.com,TechFlow Inc,Inbound - Webinar,Working,22,,,,2021-01-18T00:00:00
2089,Jessica,Jones,jessica.jones2089@quantumlogiclabs.com,QuantumLogic Labs,Social Media,Nurture,10,,,,2021-10-25T00:00:00
2090,Joseph,Smith,joseph.smith2090@metasync.com,MetaSync,Partner Referral,New,30,,,,2024-07-04T00:00:00
2091,James,Lee,james.lee2091@databridgecorp.com,DataBridge Corp,Outbound - Cold,New,30,,,,2023-08-07T00:00:00
2092,Lisa,Lopez,lisa.lopez2092@cloudscalesystems.com,CloudScale Systems,Outbound - Cold,SQL,89,,,,2023-03-06T00:00:00
2093,Jessica,Lopez,jessica.lopez2093@brightwavetech.com,BrightWave Tech,Partner Referral,Converted,87,3691,373,2023-03-02,2023-02-28T00:00:00
2094,Linda,Thompson,linda.thompson2094@agiledynamics.com,Agile Dynamics,Outbound - Cold,MQL,68,,,,2023-03-18T00:00:00
2095,Elizabeth,Wilson,elizabeth.wilson2095@scaleupsystems.com,ScaleUp Systems,Paid Search,Converted,95,376,465,2024-11-08,2024-09-26T00:00:00
2096,Jessica,Thomas,jessica.thomas2096@metasync.com,MetaSync,Inbound - Web,Disqualified,2,,,,2021-08-16T00:00:00
2097,Sarah,Wilson,sarah.wilson2097@futureforge.com,FutureForge,,SQL,81,,,,2022-04-21T00:00:00
2098,John,Johnson,john.johnson2098@rapidcloud.com,RapidCloud,Inbound - Content,New,61,,,,2024-05-05T00:00:00
2099,William,Thompson,william.thompson2099@innovateco.com,InnovateCo,Inbound - Content,Working,70,,,,2023-01-28T00:00:00
2100,William,Jackson,william.jackson2100@databridgecorp.com,DataBridge Corp,Partner Referral,Disqualified,26,,,,2020-03-26T00:00:00
2101,Mary,Johnson,mary.johnson2101@quantumlogiclabs.com,QuantumLogic Labs,Inbound - Web,Disqualified,10,,,,2023-06-28T00:00:00
2102,Nancy,Hernandez,nancy.hernandez2102@databridgecorp.com,DataBridge Corp,Inbound - Web,Converted,75,4970,406,2020-07-31,2020-05-15T00:00:00
2103,Mary,Williams,mary.williams2103@quantumlogiclabs.com,QuantumLogic Labs,Outbound - SDR,Working,54,,,,2021-10-26T00:00:00
2104,Jessica,Martinez,jessica.martinez2104@metasync.com,MetaSync,Outbound - Cold,Disqualified,23,,,,2022-05-19T00:00:00
2105,Jessica,Jones,jessica.jones2105@rapidcloud.com,RapidCloud,Inbound - Content,Converted,79,4941,869,2023-10-01,2023-08-11T00:00:00
2106,Daniel,Jackson,daniel.jackson2106@futureforge.com,FutureForge,Product-Led,Converted,59,336,30,2024-08-18,2024-06-02T00:00:00
2107,Susan,Brown,susan.brown2107@primepathdigital.com,PrimePath Digital,Outbound - Cold,New,27,,,,2023-05-16T00:00:00
2108,Mary,Lee,mary.lee2108@corestack.com,CoreStack,Inbound - Web,New,55,,,,2021-08-28T00:00:00
2109,David,Martin,david.martin2109@insightplatforms.com,Insight Platforms,Outbound - SDR,MQL,76,,,,2022-05-09T00:00:00
2110,Nancy,Martin,,FutureForge,Outbound - Cold,Disqualified,1,,,,2023-08-27T00:00:00
2111,James,Moore,james.moore2111@agiledynamics.com,Agile Dynamics,Paid Search,Disqualified,20,,,,2023-01-02T00:00:00
2112,Richard,Williams,,QuantumLogic Labs,Inbound - Web,MQL,57,,,,2022-10-31T00:00:00
2113,Lisa,Anderson,lisa.anderson2113@metasync.com,MetaSync,Paid Search,New,18,,,,2020-10-21T00:00:00
2114,Barbara,Anderson,barbara.anderson2114@truenorthdata.com,TrueNorth Data,Outbound - Cold,Disqualified,6,,,,2020-08-23T00:00:00
2115,Christopher,Martin,christopher.martin2115@insightplatforms.com,Insight Platforms,Product-Led,Nurture,64,,,,2020-02-14T00:00:00
2116,Susan,Jones,susan.jones2116@metasync.com,MetaSync,Event,Converted,98,2862,240,2023-12-24,2023-11-14T00:00:00
2117,Elizabeth,Thomas,elizabeth.thomas2117@streamlineanalytics.com,StreamLine Analytics,Outbound - Cold,Nurture,27,,,,2021-08-16T00:00:00
2118,John,Johnson,john.johnson,QuantumLogic Labs,Outbound - Cold,Working,21,,,,2024-04-19T00:00:00
2119,Joseph,Brown,joseph.brown2119@agiledynamics.com,Agile Dynamics,Inbound - Webinar,Converted,61,2619,505,2023-08-12,2023-07-14T00:00:00
2120,Christopher,Smith,christopher.smith2120@agiledynamics.com,Agile Dynamics,Inbound - Webinar,Converted,97,2341,123,2021-11-05,2021-08-27T00:00:00
2121,Robert,Martin,robert.martin2121@brightwavetech.com,BrightWave Tech,Inbound - Webinar,New,24,,,,2023-03-05T00:00:00
2122,Thomas,Lopez,thomas.lopez2122@metasync.com,MetaSync,Inbound - Content,Converted,91,4605,179,2021-10-23,2021-09-05T00:00:00
2123,William,Taylor,william.taylor2123@scaleupsystems.com,ScaleUp Systems,Inbound - Content,Disqualified,30,,,,2024-12-04T00:00:00
2124,Karen,Thomas,karen.thomas2124@corestack.com,CoreStack,Event,New,10,,,,2023-09-11T00:00:00
2125,James,Jones,james.jones2125@vertexai.com,VertexAI,Outbound - SDR,New,13,,,,2024-10-10T00:00:00
2126,Joseph,Williams,joseph.williams2126@agiledynamics.com,Agile Dynamics,Social Media,MQL,56,,,,2022-09-19T00:00:00
2127,David,Jones,david.jones2127@agiledynamics.com,Agile Dynamics,Product-Led,Converted,56,3596,127,2023-12-03,2023-10-21T00:00:00
2128,Daniel,Moore,daniel.moore2128@brightwavetech.com,BrightWave Tech,Inbound - Web,MQL,63,,,,2021-07-28T00:00:00
2129,Jennifer,Gonzalez,jennifer.gonzalez2129@quantumlogiclabs.com,QuantumLogic Labs,Outbound - Cold,MQL,85,,,,2024-08-24T00:00:00
2130,Susan,Thomas,susan.thomas2130@quantumlogiclabs.com,QuantumLogic Labs,Social Media,New,13,,,,2024-12-25T00:00:00
2131,Linda,Martinez,linda.martinez2131@futureforge.com,FutureForge,Product-Led,Converted,57,1323,440,2024-12-20,2024-12-14T00:00:00
2132,Susan,Lee,susan.lee2132@agiledynamics.com,Agile Dynamics,Event,New,68,,,,2023-03-07T00:00:00
2133,Michael,Wilson,michael.wilson2133@techflowinc.com,TechFlow Inc,Social Media,SQL,93,,,,2021-03-30T00:00:00
2134,Nancy,Smith,nancy.smith2134@corestack.com,CoreStack,Inbound - Web,MQL,87,,,,2022-02-12T00:00:00
2135,Karen,Martinez,karen.martinez2135@brightwavetech.com,BrightWave Tech,Outbound - Cold,MQL,73,,,,2021-01-02T00:00:00
2136,Nancy,Miller,nancy.miller2136@streamlineanalytics.com,StreamLine Analytics,Inbound - Web,Working,65,,,,2020-08-23T00:00:00
2137,Thomas,Jackson,thomas.jackson2137@databridgecorp.com,DataBridge Corp,Inbound - Content,MQL,55,,,,2020-09-05T00:00:00
2138,Lisa,Anderson,lisa.anderson2138@pulsepointdigital.com,PulsePoint Digital,Partner Referral,New,37,,,,2021-07-30T00:00:00
2139,Barbara,Williams,barbara.williams2139@primepathdigital.com,PrimePath Digital,,Working,23,,,,2023-03-30T00:00:00
2140,William,Brown,william.brown2140@pulsepointdigital.com,PulsePoint Digital,Product-Led,Converted,74,4829,25,2023-05-03,2023-03-25T00:00:00
2141,Barbara,Anderson,barbara.anderson2141@vertexai.com,VertexAI,Paid Search,Working,17,,,,2022-10-20T00:00:00
2142,Elizabeth,Anderson,elizabeth.anderson2142@rapidcloud.com,RapidCloud,Inbound - Web,Working,63,,,,2024-01-08T00:00:00
2143,Joseph,Miller,joseph.miller2143@futureforge.com,FutureForge,Product-Led,Converted,77,2035,958,2024-12-24,2024-10-26T00:00:00
2144,Richard,Rodriguez,richard.rodriguez2144@nexgensolutions.com,NexGen Solutions,Inbound - Web,MQL,89,,,,2020-12-03T00:00:00
2145,Robert,Martin,robert.martin2145@streamlineanalytics.com,StreamLine Analytics,Product-Led,MQL,68,,,,2020-06-15T00:00:00
2146,Barbara,Davis,barbara.davis2146@primepathdigital.com,PrimePath Digital,Partner Referral,Disqualified,17,,,,2022-12-02T00:00:00
2147,Daniel,Brown,daniel.brown2147@corestack.com,CoreStack,Product-Led,Working,14,,,,2021-07-08T00:00:00
2148,Linda,Garcia,linda.garcia2148@cybervault.com,CyberVault,Partner Referral,Nurture,34,,,,2023-04-26T00:00:00
2149,Karen,Taylor,karen.taylor2149@innovateco.com,InnovateCo,Inbound - Content,MQL,98,,,,2020-11-06T00:00:00
2150,Sarah,Lopez,,CoreStack,Outbound - Cold,MQL,50,,,,2020-02-21T00:00:00
2151,John,Jackson,john.jackson2151@truenorthdata.com,TrueNorth Data,Outbound - SDR,Converted,64,1057,47,2024-06-13,2024-03-31T00:00:00
2152,David,Lopez,david.lopez2152@truenorthdata.com,TrueNorth Data,Inbound - Webinar,New,16,,,,2024-10-16T00:00:00
2153,Mary,Davis,mary.davis,Insight Platforms,Social Media,Disqualified,6,,,,2024-02-24T00:00:00
2154,Robert,Rodriguez,robert.rodriguez,VertexAI,Product-Led,Working,49,,,,2023-08-22T00:00:00
2155,Mary,Smith,mary.smith2155@scaleupsystems.com,ScaleUp Systems,Product-Led,MQL,63,,,,2022-04-12T00:00:00
2156,Daniel,Brown,daniel.brown2156@rapidcloud.com,RapidCloud,,Working,12,,,,2021-10-24T00:00:00
2157,David,Johnson,david.johnson2157@cybervault.com,CyberVault,Outbound - Cold,New,19,,,,2024-09-05T00:00:00
2158,Jessica,Jackson,jessica.jackson2158@primepathdigital.com,PrimePath Digital,Inbound - Webinar,Converted,87,3377,8,2024-06-02,2024-03-15T00:00:00
2159,James,Anderson,james.anderson2159@innovateco.com,InnovateCo,Social Media,Nurture,38,,,,2020-08-03T00:00:00
2160,Mary,Brown,mary.brown2160@primepathdigital.com,PrimePath Digital,Paid Search,Disqualified,26,,,,2021-10-29T00:00:00
2161,James,Miller,james.miller2161@vertexai.com,VertexAI,Inbound - Webinar,Working,62,,,,2023-01-06T00:00:00
2162,Barbara,Moore,barbara.moore2162@futureforge.com,FutureForge,Social Media,Converted,50,3886,14,2024-08-08,2024-05-16T00:00:00
2163,Sarah,Rodriguez,sarah.rodriguez,CoreStack,Social Media,MQL,70,,,,2022-11-13T00:00:00
2164,Mary,Brown,mary.brown2164@corestack.com,CoreStack,Inbound - Content,MQL,62,,,,2022-06-06T00:00:00
2165,John,Smith,john.smith2165@primepathdigital.com,PrimePath Digital,Outbound - SDR,Converted,76,4928,637,2022-09-21,2022-06-30T00:00:00
2166,Barbara,Lee,barbara.lee2166@techflowinc.com,TechFlow Inc,Partner Referral,SQL,64,,,,2023-04-12T00:00:00
2167,David,Taylor,david.taylor2167@databridgecorp.com,DataBridge Corp,Inbound - Webinar,Converted,100,3053,125,2022-03-27,2022-02-04T00:00:00
2168,John,Brown,john.brown2168@innovateco.com,InnovateCo,Outbound - SDR,Working,25,,,,2023-11-07T00:00:00
2169,Linda,Rodriguez,linda.rodriguez2169@pulsepointdigital.com,PulsePoint Digital,Inbound - Webinar,MQL,69,,,,2023-08-16T00:00:00
2170,Michael,Thomas,michael.thomas2170@nexgensolutions.com,NexGen Solutions,Inbound - Web,Nurture,14,,,,2020-06-20T00:00:00
2171,David,Miller,david.miller2171@rapidcloud.com,RapidCloud,Social Media,Working,11,,,,2021-07-20T00:00:00
2172,Charles,Thomas,charles.thomas2172@futureforge.com,FutureForge,Social Media,Disqualified,29,,,,2020-04-27T00:00:00
2173,Michael,Martin,michael.martin2173@cloudscalesystems.com,CloudScale Systems,Inbound - Content,Working,10,,,,2021-07-28T00:00:00
2174,Charles,Moore,charles.moore2174@cybervault.com,CyberVault,Event,Converted,52,2998,343,2024-11-02,2024-10-06T00:00:00
2175,Nancy,Smith,nancy.smith2175@insightplatforms.com,Insight Platforms,Social Media,MQL,65,,,,2021-06-21T00:00:00
2176,Lisa,Miller,lisa.miller2176@futureforge.com,FutureForge,Product-Led,Converted,56,1329,777,2023-08-23,2023-08-15T00:00:00
2177,Mary,Johnson,mary.johnson2177@truenorthdata.com,TrueNorth Data,Inbound - Webinar,Nurture,35,,,,2023-10-01T00:00:00
2178,Barbara,Lee,barbara.lee2178@quantumlogiclabs.com,QuantumLogic Labs,Inbound - Webinar,Working,26,,,,2024-09-04T00:00:00
2179,Joseph,Jackson,joseph.jackson2179@quantumlogiclabs.com,QuantumLogic Labs,Inbound - Content,Converted,72,1839,106,2024-09-29,2024-09-08T00:00:00
2180,James,Johnson,james.johnson2180@insightplatforms.com,Insight Platforms,Paid Search,Disqualified,9,,,,2022-12-24T00:00:00
2181,Linda,Gonzalez,linda.gonzalez2181@metasync.com,MetaSync,Partner Referral,Converted,66,1224,832,2024-09-13,2024-08-13T00:00:00
2182,Charles,Davis,charles.davis2182@insightplatforms.com,Insight Platforms,Social Media,Working,57,,,,2024-09-15T00:00:00
2183,Sarah,Lee,sarah.lee2183@metasync.com,MetaSync,Paid Search,MQL,95,,,,2022-01-08T00:00:00
2184,Joseph,Anderson,joseph.anderson2184@pulsepointdigital.com,PulsePoint Digital,Partner Referral,Converted,61,2717,296,2022-05-16,2022-05-01T00:00:00
2185,Karen,Miller,karen.miller2185@nexgensolutions.com,NexGen Solutions,Event,Working,49,,,,2022-04-20T00:00:00
2186,Patricia,Rodriguez,patricia.rodriguez2186@techflowinc.com,TechFlow Inc,Paid Search,Working,28,,,,2022-10-31T00:00:00
2187,Linda,Hernandez,linda.hernandez2187@agiledynamics.com,Agile Dynamics,Social Media,SQL,52,,,,2023-02-27T00:00:00
2188,Christopher,Wilson,christopher.wilson2188@agiledynamics.com,Agile Dynamics,Outbound - Cold,Converted,72,4216,687,2024-01-24,2024-01-10T00:00:00
2189,Sarah,Thompson,sarah.thompson2189@truenorthdata.com,TrueNorth Data,Event,MQL,57,,,,2021-01-28T00:00:00
2190,Sarah,Miller,sarah.miller2190@cybervault.com,CyberVault,Product-Led,Converted,54,1449,15,2024-12-10,2024-10-26T00:00:00
2191,Nancy,Lopez,nancy.lopez2191@techflowinc.com,TechFlow Inc,Social Media,Nurture,51,,,,2021-07-17T00:00:00
2192,Christopher,Garcia,christopher.garcia2192@agiledynamics.com,Agile Dynamics,Outbound - Cold,SQL,63,,,,2024-10-21T00:00:00
2193,Linda,Moore,linda.moore2193@agiledynamics.com,Agile Dynamics,Paid Search,Working,23,,,,2020-05-14T00:00:00
2194,Mary,Miller,mary.miller2194@corestack.com,CoreStack,Inbound - Web,SQL,58,,,,2023-12-02T00:00:00
2195,Linda,Taylor,linda.taylor2195@databridgecorp.com,DataBridge Corp,Social Media,Working,70,,,,2022-06-10T00:00:00
2196,Nancy,Lopez,nancy.lopez,PrimePath Digital,Paid Search,Disqualified,28,,,,2024-10-09T00:00:00
2197,Sarah,Brown,sarah.brown2197@brightwavetech.com,BrightWave Tech,Inbound - Content,Working,42,,,,2023-07-11T00:00:00
2198,Susan,Jackson,susan.jackson2198@insightplatforms.com,Insight Platforms,,Nurture,20,,,,2021-04-19T00:00:00
2199,Patricia,Miller,patricia.miller2199@innovateco.com,InnovateCo,Outbound - SDR,Working,49,,,,2024-05-23T00:00:00
2200,Mary,Lee,mary.lee2200@quantumlogiclabs.com,QuantumLogic Labs,Paid Search,Disqualified,29,,,,2021-02-10T00:00:00
2201,Robert,Gonzalez,robert.gonzalez2201@vertexai.com,VertexAI,Paid Search,SQL,74,,,,2021-05-04T00:00:00
2202,Joseph,Williams,joseph.williams2202@cloudscalesystems.com,CloudScale Systems,Outbound - Cold,Disqualified,21,,,,2024-01-11T00:00:00
2203,Linda,Thompson,linda.thompson2203@pulsepointdigital.com,PulsePoint Digital,Social Media,Converted,62,1063,166,2023-03-03,2022-12-20T00:00:00
2204,Nancy,Anderson,nancy.anderson2204@primepathdigital.com,PrimePath Digital,,Converted,91,1536,514,2024-01-04,2023-12-02T00:00:00
2205,Lisa,Moore,lisa.moore2205@nexgensolutions.com,NexGen Solutions,Paid Search,Disqualified,9,,,,2021-01-19T00:00:00
2206,Mary,Davis,mary.davis2206@agiledynamics.com,Agile Dynamics,Partner Referral,Converted,58,2468,226,2022-08-15,2022-06-26T00:00:00
2207,Susan,Miller,susan.miller2207@futureforge.com,FutureForge,Inbound - Web,Converted,68,4508,706,2024-03-13,2024-02-12T00:00:00
2208,Jennifer,Davis,jennifer.davis2208@truenorthdata.com,TrueNorth Data,Social Media,SQL,54,,,,2023-05-17T00:00:00
2209,Richard,Johnson,richard.johnson2209@futureforge.com,FutureForge,Social Media,Converted,80,2273,32,2024-06-01,2024-05-07T00:00:00
2210,Christopher,Brown,,PrimePath Digital,Product-Led,Converted,57,4630,829,2024-12-04,2024-10-12T00:00:00
2211,Christopher,Martin,christopher.martin2211@databridgecorp.com,DataBridge Corp,Inbound - Webinar,Nurture,19,,,,2022-08-30T00:00:00
2212,Daniel,Jackson,daniel.jackson2212@rapidcloud.com,RapidCloud,Product-Led,Converted,83,1307,984,2024-09-14,2024-08-01T00:00:00
2213,Robert,Lee,robert.lee2213@innovateco.com,InnovateCo,Event,Converted,71,1698,675,2023-02-02,2022-11-26T00:00:00
2214,David,Jackson,david.jackson2214@cloudscalesystems.com,CloudScale Systems,Outbound - SDR,Converted,59,542,377,2023-08-16,2023-07-01T00:00:00
2215,Barbara,Davis,barbara.davis2215@agiledynamics.com,Agile Dynamics,Event,Disqualified,9,,,,2023-09-23T00:00:00
2216,David,Taylor,david.taylor2216@pulsepointdigital.com,PulsePoint Digital,Event,Converted,98,1104,597,2024-06-14,2024-03-28T00:00:00
2217,Linda,Davis,linda.davis2217@corestack.com,CoreStack,Partner Referral,MQL,56,,,,2020-01-05T00:00:00
2218,Christopher,Thomas,christopher.thomas2218@pulsepointdigital.com,PulsePoint Digital,Outbound - SDR,Working,59,,,,2021-01-22T00:00:00
2219,William,Lopez,william.lopez2219@cybervault.com,CyberVault,Product-Led,Working,32,,,,2023-09-14T00:00:00
2220,Daniel,Martinez,daniel.martinez2220@quantumlogiclabs.com,QuantumLogic Labs,Social Media,Disqualified,12,,,,2024-02-03T00:00:00
2221,Jessica,Garcia,jessica.garcia2221@nexgensolutions.com,NexGen Solutions,Event,MQL,71,,,,2024-08-29T00:00:00
2222,Lisa,Moore,lisa.moore2222@streamlineanalytics.com,StreamLine Analytics,Outbound - Cold,MQL,72,,,,2024-04-30T00:00:00
2223,Barbara,Wilson,barbara.wilson,BrightWave Tech,Inbound - Content,SQL,80,,,,2024-01-24T00:00:00
2224,Joseph,Anderson,joseph.anderson2224@databridgecorp.com,DataBridge Corp,Social Media,Working,39,,,,2022-04-12T00:00:00
2225,Charles,Garcia,charles.garcia2225@scaleupsystems.com,ScaleUp Systems,Event,Converted,50,2192,435,2022-07-26,2022-05-13T00:00:00
2226,Christopher,Wilson,christopher.wilson2226@streamlineanalytics.com,StreamLine Analytics,Product-Led,Converted,61,4705,153,2024-08-15,2024-07-15T00:00:00
2227,Linda,Jackson,linda.jackson2227@agiledynamics.com,Agile Dynamics,Outbound - Cold,SQL,96,,,,2022-09-03T00:00:00
2228,Mary,Thomas,mary.thomas2228@metasync.com,MetaSync,,New,21,,,,2024-02-26T00:00:00
2229,William,Rodriguez,william.rodriguez2229@corestack.com,CoreStack,Social Media,Working,46,,,,2023-09-13T00:00:00
2230,David,Martin,david.martin2230@vertexai.com,VertexAI,Inbound - Content,MQL,84,,,,2020-07-31T00:00:00
2231,Nancy,Martinez,nancy.martinez2231@futureforge.com,FutureForge,,Nurture,51,,,,2020-02-11T00:00:00
2232,Michael,Hernandez,michael.hernandez2232@metasync.com,MetaSync,Outbound - Cold,Nurture,48,,,,2023-06-01T00:00:00
2233,Richard,Garcia,richard.garcia2233@pulsepointdigital.com,PulsePoint Digital,Inbound - Content,New,41,,,,2024-09-20T00:00:00
2234,Daniel,Gonzalez,daniel.gonzalez2234@techflowinc.com,TechFlow Inc,Product-Led,Converted,67,2316,744,2024-03-03,2023-12-14T00:00:00
2235,Sarah,Martinez,sarah.martinez2235@innovateco.com,InnovateCo,Event,SQL,77,,,,2022-02-27T00:00:00
2236,Richard,Brown,richard.brown2236@brightwavetech.com,BrightWave Tech,Inbound - Content,Disqualified,25,,,,2022-10-31T00:00:00
2237,Richard,Lopez,richard.lopez2237@cybervault.com,CyberVault,Outbound - Cold,Working,54,,,,2020-04-24T00:00:00
2238,Robert,Miller,robert.miller2238@cybervault.com,CyberVault,Inbound - Content,Working,63,,,,2024-07-27T00:00:00
2239,Linda,Brown,linda.brown2239@nexgensolutions.com,NexGen Solutions,Paid Search,Nurture,23,,,,2022-11-27T00:00:00
2240,James,Hernandez,,Agile Dynamics,Inbound - Web,SQL,53,,,,2023-12-30T00:00:00
2241,William,Lee,william.lee2241@cybervault.com,CyberVault,Product-Led,New,33,,,,2024-11-27T00:00:00
2242,Charles,Smith,charles.smith2242@streamlineanalytics.com,StreamLine Analytics,Outbound - Cold,MQL,-79,,,,2021-07-10T00:00:00
2243,Joseph,Thomas,joseph.thomas2243@cloudscalesystems.com,CloudScale Systems,Product-Led,Converted,80,2096,34,2023-02-26,2023-01-30T00:00:00
2244,Nancy,Brown,nancy.brown2244@cybervault.com,CyberVault,Social Media,MQL,95,,,,2021-03-19T00:00:00
2245,Michael,Rodriguez,michael.rodriguez2245@techflowinc.com,TechFlow Inc,Outbound - SDR,Nurture,52,,,,2020-02-10T00:00:00
2246,Charles,Smith,charles.smith,VertexAI,Event,Nurture,56,,,,2023-10-07T00:00:00
2247,James,Davis,james.davis2247@metasync.com,MetaSync,Inbound - Content,SQL,56,,,,2020-04-20T00:00:00
2248,Susan,Gonzalez,susan.gonzalez2248@brightwavetech.com,BrightWave Tech,Paid Search,Converted,67,4264,256,2024-07-31,2024-06-23T00:00:00
2249,Michael,Hernandez,michael.hernandez2249@techflowinc.com,TechFlow Inc,Outbound - SDR,Disqualified,1,,,,2022-03-31T00:00:00
2250,Richard,Taylor,richard.taylor2250@quantumlogiclabs.com,QuantumLogic Labs,Inbound - Web,Converted,66,1548,591,2022-12-02,2022-10-29T00:00:00
2251,Lisa,Brown,lisa.brown2251@quantumlogiclabs.com,QuantumLogic Labs,Outbound - SDR,New,47,,,,2022-11-20T00:00:00
2252,Susan,Miller,susan.miller2252@brightwavetech.com,BrightWave Tech,Outbound - SDR,Converted,68,469,539,2020-02-03,2019-12-30T00:00:00
2253,Linda,Davis,linda.davis2253@primepathdigital.com,PrimePath Digital,Paid Search,New,13,,,,2020-11-28T00:00:00
2254,Elizabeth,Miller,elizabeth.miller2254@quantumlogiclabs.com,QuantumLogic Labs,Inbound - Webinar,MQL,95,,,,2020-04-13T00:00:00
2255,Richard,Garcia,richard.garcia2255@quantumlogiclabs.com,QuantumLogic Labs,Inbound - Content,Working,22,,,,2021-06-08T00:00:00
2256,Mary,Anderson,mary.anderson2256@brightwavetech.com,BrightWave Tech,Partner Referral,New,42,,,,2021-08-06T00:00:00
2257,Mary,Brown,mary.brown2257@innovateco.com,InnovateCo,Social Media,MQL,89,,,,2024-02-12T00:00:00
2258,Jessica,Smith,jessica.smith2258@metasync.com,MetaSync,Outbound - SDR,MQL,58,,,,2021-01-12T00:00:00
2259,Joseph,Rodriguez,joseph.rodriguez2259@metasync.com,MetaSync,Inbound - Webinar,MQL,59,,,,2022-12-07T00:00:00
2260,Jennifer,Moore,jennifer.moore2260@metasync.com,MetaSync,Partner Referral,Nurture,11,,,,2023-04-14T00:00:00
2261,Linda,Moore,,CyberVault,Social Media,Nurture,16,,,,2021-05-13T00:00:00
2262,Linda,Johnson,linda.johnson2262@techflowinc.com,TechFlow Inc,Outbound - Cold,Converted,86,640,605,2022-07-23,2022-05-28T00:00:00
2263,Linda,Martinez,linda.martinez2263@databridgecorp.com,DataBridge Corp,Social Media,MQL,91,,,,2021-07-12T00:00:00
2264,Jennifer,Lee,jennifer.lee2264@cloudscalesystems.com,CloudScale Systems,Outbound - Cold,SQL,78,,,,2023-11-28T00:00:00
2265,Nancy,Gonzalez,nancy.gonzalez2265@brightwavetech.com,BrightWave Tech,Partner Referral,Converted,79,2357,44,2023-12-29,2023-12-23T00:00:00
2266,Christopher,Thompson,christopher.thompson2266@brightwavetech.com,BrightWave Tech,Inbound - Content,Converted,65,586,422,2023-10-12,2023-09-05T00:00:00
2267,Joseph,Johnson,joseph.johnson2267@corestack.com,CoreStack,Inbound - Content,Converted,51,1905,410,2023-06-29,2023-06-10T00:00:00
2268,John,Lopez,john.lopez2268@futureforge.com,FutureForge,Outbound - SDR,MQL,69,,,,2022-11-19T00:00:00
2269,Mary,Smith,mary.smith2269@primepathdigital.com,PrimePath Digital,Inbound - Content,MQL,62,,,,2023-07-12T00:00:00
2270,Robert,Rodriguez,,PrimePath Digital,Social Media,Nurture,43,,,,2022-10-18T00:00:00
2271,William,Wilson,william.wilson2271@quantumlogiclabs.com,QuantumLogic Labs,Partner Referral,Converted,57,4258,955,2022-10-12,2022-08-19T00:00:00
2272,Susan,Rodriguez,susan.rodriguez2272@streamlineanalytics.com,StreamLine Analytics,Event,Working,12,,,,2021-08-12T00:00:00
2273,Susan,Davis,susan.davis2273@cybervault.com,CyberVault,Outbound - Cold,Working,69,,,,2021-03-09T00:00:00
2274,Elizabeth,Brown,elizabeth.brown2274@futureforge.com,FutureForge,Product-Led,New,32,,,,2021-01-27T00:00:00
2275,Barbara,Smith,barbara.smith2275@metasync.com,MetaSync,Product-Led,Converted,50,2202,894,2022-08-29,2022-06-23T00:00:00
2276,Charles,Davis,charles.davis2276@brightwavetech.com,BrightWave Tech,Inbound - Content,Nurture,43,,,,2022-05-05T00:00:00
2277,Linda,Hernandez,linda.hernandez2277@scaleupsystems.com,ScaleUp Systems,Outbound - Cold,New,57,,,,2024-10-26T00:00:00
2278,Lisa,Taylor,lisa.taylor2278@truenorthdata.com,TrueNorth Data,Paid Search,New,29,,,,2022-12-31T00:00:00
2279,James,Jackson,james.jackson2279@cloudscalesystems.com,CloudScale Systems,Outbound - SDR,SQL,89,,,,2020-03-25T00:00:00
2280,Nancy,Anderson,nancy.anderson2280@databridgecorp.com,DataBridge Corp,Inbound - Web,SQL,63,,,,2024-06-10T00:00:00
2281,Elizabeth,Martinez,elizabeth.martinez2281@quantumlogiclabs.com,QuantumLogic Labs,Outbound - SDR,Working,20,,,,2023-07-10T00:00:00
2282,David,Lopez,david.lopez2282@cybervault.com,CyberVault,Inbound - Web,Nurture,63,,,,2020-03-15T00:00:00
2283,Daniel,Moore,daniel.moore2283@databridgecorp.com,DataBridge Corp,Inbound - Content,Disqualified,21,,,,2023-08-14T00:00:00
2284,Patricia,Miller,patricia.miller2284@metasync.com,MetaSync,Outbound - Cold,Nurture,49,,,,2021-02-04T00:00:00
2285,Daniel,Williams,daniel.williams2285@cloudscalesystems.com,CloudScale Systems,Paid Search,MQL,73,,,,2023-01-09T00:00:00
2286,Richard,Thompson,richard.thompson2286@databridgecorp.com,DataBridge Corp,,Converted,61,3684,88,2024-10-17,2024-09-06T00:00:00
2287,Linda,Anderson,linda.anderson2287@techflowinc.com,TechFlow Inc,Social Media,Disqualified,14,,,,2020-06-08T00:00:00
2288,Susan,Williams,,DataBridge Corp,Inbound - Content,SQL,64,,,,2023-02-28T00:00:00
2289,Charles,Williams,charles.williams2289@innovateco.com,InnovateCo,Social Media,Working,39,,,,2024-05-16T00:00:00
2290,Jennifer,Hernandez,jennifer.hernandez2290@agiledynamics.com,Agile Dynamics,Partner Referral,Converted,88,4384,544,2024-10-07,2024-07-26T00:00:00
2291,Jennifer,Wilson,jennifer.wilson2291@quantumlogiclabs.com,QuantumLogic Labs,Social Media,Working,24,,,,2022-10-12T00:00:00
2292,Jessica,Thompson,jessica.thompson2292@quantumlogiclabs.com,QuantumLogic Labs,Inbound - Web,MQL,68,,,,2023-07-30T00:00:00
2293,John,Lee,john.lee2293@insightplatforms.com,Insight Platforms,Inbound - Webinar,MQL,91,,,,2022-06-06T00:00:00
2294,Linda,Brown,linda.brown2294@pulsepointdigital.com,PulsePoint Digital,Outbound - SDR,SQL,71,,,,2020-01-28T00:00:00
2295,Susan,Rodriguez,susan.rodriguez2295@insightplatforms.com,Insight Platforms,Product-Led,MQL,83,,,,2020-09-13T00:00:00
2296,Susan,Brown,susan.brown2296@pulsepointdigital.com,PulsePoint Digital,Partner Referral,New,41,,,,2020-05-28T00:00:00
2297,Mary,Anderson,mary.anderson2297@agiledynamics.com,Agile Dynamics,Event,Working,29,,,,2024-04-26T00:00:00
2298,Thomas,Miller,thomas.miller2298@futureforge.com,FutureForge,Inbound - Content,Converted,52,2392,751,2024-09-21,2024-08-03T00:00:00
2299,Elizabeth,Gonzalez,elizabeth.gonzalez2299@streamlineanalytics.com,StreamLine Analytics,Product-Led,New,29,,,,2022-04-21T00:00:00
2300,Charles,Jackson,charles.jackson2300@rapidcloud.com,RapidCloud,Event,Disqualified,22,,,,2024-03-22T00:00:00
2301,Jennifer,Lopez,jennifer.lopez2301@nexgensolutions.com,NexGen Solutions,Partner Referral,New,70,,,,2023-02-05T00:00:00
2302,William,Thomas,william.thomas2302@agiledynamics.com,Agile Dynamics,Inbound - Content,Nurture,50,,,,2020-07-08T00:00:00
2303,Jessica,Brown,jessica.brown,QuantumLogic Labs,Event,Converted,74,4154,207,2023-03-19,2023-01-13T00:00:00
2304,David,Anderson,david.anderson2304@brightwavetech.com,BrightWave Tech,Paid Search,Converted,66,749,798,2022-03-29,2022-01-25T00:00:00
2305,Susan,Taylor,susan.taylor2305@quantumlogiclabs.com,QuantumLogic Labs,Inbound - Webinar,SQL,77,,,,2022-03-28T00:00:00
2306,Karen,Johnson,karen.johnson2306@insightplatforms.com,Insight Platforms,Outbound - Cold,Converted,71,1965,130,2024-01-17,2023-12-24T00:00:00
2307,William,Taylor,william.taylor2307@brightwavetech.com,BrightWave Tech,Inbound - Content,MQL,62,,,,2023-07-10T00:00:00
2308,Richard,Miller,richard.miller2308@pulsepointdigital.com,PulsePoint Digital,Social Media,Working,56,,,,2023-05-10T00:00:00
2309,Susan,Rodriguez,susan.rodriguez2309@brightwavetech.com,BrightWave Tech,Inbound - Content,MQL,98,,,,2024-08-06T00:00:00
2310,Mary,Rodriguez,mary.rodriguez2310@vertexai.com,VertexAI,Inbound - Content,Converted,97,3408,952,2024-04-04,2024-03-10T00:00:00
2311,John,Taylor,john.taylor2311@streamlineanalytics.com,StreamLine Analytics,Event,Working,51,,,,2020-05-03T00:00:00
2312,Lisa,Martin,lisa.martin2312@nexgensolutions.com,NexGen Solutions,Outbound - Cold,MQL,58,,,,2022-10-16T00:00:00
2313,Charles,Lee,charles.lee2313@cybervault.com,CyberVault,Inbound - Webinar,Converted,66,983,29,2024-10-31,2024-09-03T00:00:00
2314,Karen,Lopez,karen.lopez2314@vertexai.com,VertexAI,Paid Search,Nurture,20,,,,2023-09-18T00:00:00
2315,Barbara,Thompson,barbara.thompson2315@techflowinc.com,TechFlow Inc,Inbound - Web,Converted,67,934,138,2024-08-18,2024-08-11T00:00:00
2316,Robert,Hernandez,robert.hernandez2316@rapidcloud.com,RapidCloud,Social Media,Disqualified,8,,,,2022-03-15T00:00:00
2317,Lisa,Thompson,lisa.thompson2317@scaleupsystems.com,ScaleUp Systems,Inbound - Content,New,39,,,,2024-03-09T00:00:00
2318,Christopher,Jones,christopher.jones2318@brightwavetech.com,BrightWave Tech,Paid Search,New,33,,,,2022-12-30T00:00:00
2319,Barbara,Martin,barbara.martin2319@agiledynamics.com,Agile Dynamics,Inbound - Content,Disqualified,0,,,,2022-06-22T00:00:00
2320,Lisa,Anderson,lisa.anderson2320@brightwavetech.com,BrightWave Tech,Inbound - Web,New,30,,,,2020-05-26T00:00:00
2321,Robert,Anderson,robert.anderson2321@vertexai.com,VertexAI,Inbound - Content,Converted,81,1353,310,2023-12-04,2023-09-26T00:00:00
2322,Robert,Jackson,robert.jackson2322@quantumlogiclabs.com,QuantumLogic Labs,Outbound - SDR,SQL,79,,,,2020-01-29T00:00:00
2323,Nancy,Lee,nancy.lee2323@corestack.com,CoreStack,Social Media,Working,28,,,,2022-12-12T00:00:00
2324,Karen,Brown,karen.brown2324@databridgecorp.com,DataBridge Corp,Inbound - Web,New,51,,,,2020-07-28T00:00:00
2325,Charles,Thompson,charles.thompson2325@vertexai.com,VertexAI,Outbound - SDR,Working,30,,,,2020-09-14T00:00:00
2326,Karen,Wilson,karen.wilson2326@cybervault.com,CyberVault,Partner Referral,Disqualified,15,,,,2022-12-22T00:00:00
2327,Nancy,Jackson,nancy.jackson2327@insightplatforms.com,Insight Platforms,Inbound - Web,New,19,,,,2023-12-15T00:00:00
2328,Christopher,Miller,christopher.miller2328@quantumlogiclabs.com,QuantumLogic Labs,Outbound - Cold,Nurture,54,,,,2024-11-09T00:00:00
2329,Jennifer,Johnson,jennifer.johnson2329@cloudscalesystems.com,CloudScale Systems,Outbound - SDR,MQL,88,,,,2020-06-15T00:00:00
2330,Michael,Thomas,michael.thomas2330@pulsepointdigital.com,PulsePoint Digital,Paid Search,Disqualified,26,,,,2020-01-23T00:00:00
2331,Linda,Lee,linda.lee2331@truenorthdata.com,TrueNorth Data,Social Media,Working,23,,,,2024-03-30T00:00:00
2332,David,Davis,david.davis2332@cybervault.com,CyberVault,Inbound - Web,Disqualified,2,,,,2021-03-24T00:00:00
2333,Charles,Miller,charles.miller2333@cybervault.com,CyberVault,Product-Led,Nurture,57,,,,2020-05-02T00:00:00
2334,Charles,Anderson,charles.anderson2334@primepathdigital.com,PrimePath Digital,Outbound - Cold,Working,44,,,,2020-07-25T00:00:00
2335,William,Jackson,william.jackson2335@cybervault.com,CyberVault,Outbound - SDR,New,-30,,,,2024-08-18T00:00:00
2336,Mary,Davis,mary.davis2336@primepathdigital.com,PrimePath Digital,Inbound - Content,SQL,95,,,,2021-07-02T00:00:00
2337,Nancy,Davis,nancy.davis2337@nexgensolutions.com,NexGen Solutions,Social Media,Disqualified,24,,,,2021-06-07T00:00:00
2338,Nancy,Hernandez,nancy.hernandez2338@cybervault.com,CyberVault,Outbound - Cold,New,50,,,,2022-08-11T00:00:00
2339,Michael,Rodriguez,michael.rodriguez2339@cloudscalesystems.com,CloudScale Systems,Social Media,Nurture,11,,,,2024-01-09T00:00:00
2340,Susan,Taylor,susan.taylor,NexGen Solutions,Partner Referral,Nurture,16,,,,2023-04-28T00:00:00
2341,Patricia,Jackson,patricia.jackson2341@streamlineanalytics.com,StreamLine Analytics,Partner Referral,Converted,58,1971,1,2020-11-05,2020-10-30T00:00:00
2342,Susan,Rodriguez,susan.rodriguez2342@corestack.com,CoreStack,Inbound - Webinar,SQL,90,,,,2023-02-25T00:00:00
2343,Lisa,Wilson,lisa.wilson2343@futureforge.com,FutureForge,Partner Referral,Converted,85,1841,826,2024-08-19,2024-07-01T00:00:00
2344,William,Rodriguez,william.rodriguez2344@brightwavetech.com,BrightWave Tech,Inbound - Web,New,64,,,,2024-05-19T00:00:00
2345,Patricia,Taylor,patricia.taylor2345@databridgecorp.com,DataBridge Corp,Outbound - SDR,MQL,58,,,,2024-01-09T00:00:00
2346,Elizabeth,Gonzalez,elizabeth.gonzalez2346@rapidcloud.com,RapidCloud,Social Media,New,33,,,,2020-09-29T00:00:00
2347,Karen,Taylor,karen.taylor2347@corestack.com,CoreStack,Event,Converted,57,1060,444,2023-07-01,2023-06-11T00:00:00
2348,David,Wilson,david.wilson2348@agiledynamics.com,Agile Dynamics,Product-Led,Nurture,66,,,,2021-03-10T00:00:00
2349,Lisa,Williams,,BrightWave Tech,Paid Search,New,67,,,,2021-11-02T00:00:00
2350,Karen,Taylor,karen.taylor2350@innovateco.com,InnovateCo,Inbound - Webinar,Converted,81,1431,839,2023-11-02,2023-08-31T00:00:00
2351,Joseph,Jackson,joseph.jackson2351@truenorthdata.com,TrueNorth Data,Social Media,Disqualified,6,,,,2020-10-13T00:00:00
2352,Nancy,Martinez,nancy.martinez2352@pulsepointdigital.com,PulsePoint Digital,Outbound - SDR,Nurture,52,,,,2021-09-27T00:00:00
2353,Nancy,Wilson,nancy.wilson2353@brightwavetech.com,BrightWave Tech,Inbound - Webinar,Converted,63,2592,938,2024-12-01,2024-11-05T00:00:00
2354,William,Johnson,william.johnson2354@insightplatforms.com,Insight Platforms,Product-Led,New,21,,,,2022-04-12T00:00:00
2355,James,Lee,james.lee2355@pulsepointdigital.com,PulsePoint Digital,Inbound - Content,Converted,69,4981,988,2024-01-08,2023-11-27T00:00:00
2356,Michael,Taylor,michael.taylor2356@primepathdigital.com,PrimePath Digital,Partner Referral,SQL,87,,,,2024-11-03T00:00:00
2357,Charles,Thompson,charles.thompson2357@techflowinc.com,TechFlow Inc,Partner Referral,Disqualified,15,,,,2021-04-03T00:00:00
2358,Nancy,Martin,nancy.martin2358@corestack.com,CoreStack,Partner Referral,Converted,72,1630,717,2023-07-10,2023-06-22T00:00:00
2359,Lisa,Jackson,lisa.jackson2359@nexgensolutions.com,NexGen Solutions,Inbound - Content,Nurture,30,,,,2021-01-13T00:00:00
2360,Richard,Jackson,richard.jackson2360@metasync.com,MetaSync,Inbound - Webinar,Converted,87,546,958,2023-11-09,2023-10-16T00:00:00
2361,Karen,Smith,karen.smith2361@techflowinc.com,TechFlow Inc,Outbound - Cold,Disqualified,7,,,,2020-06-09T00:00:00
2362,Sarah,Jones,sarah.jones2362@corestack.com,CoreStack,Outbound - SDR,MQL,96,,,,2022-06-23T00:00:00
2363,Robert,Gonzalez,robert.gonzalez2363@insightplatforms.com,Insight Platforms,Paid Search,Disqualified,4,,,,2020-12-01T00:00:00
2364,Barbara,Williams,barbara.williams2364@quantumlogiclabs.com,QuantumLogic Labs,Product-Led,New,65,,,,2021-02-08T00:00:00
2365,Nancy,Thompson,nancy.thompson2365@pulsepointdigital.com,PulsePoint Digital,Event,SQL,98,,,,2020-01-10T00:00:00
2366,Robert,Lee,robert.lee2366@techflowinc.com,TechFlow Inc,Product-Led,Converted,100,2613,2,2024-12-04,2024-11-06T00:00:00
2367,Susan,Taylor,susan.taylor2367@cloudscalesystems.com,CloudScale Systems,Inbound - Web,New,28,,,,2020-11-19T00:00:00
2368,Robert,Taylor,robert.taylor2368@cybervault.com,CyberVault,Inbound - Web,Working,45,,,,2022-05-18T00:00:00
2369,Sarah,Lopez,sarah.lopez2369@scaleupsystems.com,ScaleUp Systems,Paid Search,Converted,92,27,635,2024-04-09,2024-02-12T00:00:00
2370,Jennifer,Miller,jennifer.miller2370@insightplatforms.com,Insight Platforms,Inbound - Web,SQL,57,,,,2021-06-25T00:00:00
2371,John,Hernandez,john.hernandez2371@rapidcloud.com,RapidCloud,Inbound - Content,SQL,56,,,,2020-05-05T00:00:00
2372,Barbara,Martinez,barbara.martinez2372@pulsepointdigital.com,PulsePoint Digital,Event,MQL,96,,,,2024-03-02T00:00:00
2373,Daniel,Gonzalez,daniel.gonzalez2373@cloudscalesystems.com,CloudScale Systems,Outbound - Cold,Disqualified,12,,,,2020-02-27T00:00:00
2374,Linda,Davis,linda.davis2374@insightplatforms.com,Insight Platforms,Product-Led,Converted,96,393,611,2024-07-29,2024-06-24T00:00:00
2375,Karen,Rodriguez,karen.rodriguez2375@insightplatforms.com,Insight Platforms,Paid Search,Disqualified,21,,,,2021-01-31T00:00:00
2376,Lisa,Jones,lisa.jones,CloudScale Systems,Social Media,MQL,77,,,,2023-01-05T00:00:00
2377,William,Davis,william.davis2377@vertexai.com,VertexAI,Outbound - SDR,New,14,,,,2020-03-17T00:00:00
2378,Jennifer,Hernandez,jennifer.hernandez2378@rapidcloud.com,RapidCloud,Event,New,30,,,,2023-05-21T00:00:00
2379,John,Rodriguez,john.rodriguez,NexGen Solutions,Outbound - SDR,Converted,82,4325,513,2022-02-09,2021-11-27T00:00:00
2380,Charles,Garcia,charles.garcia2380@truenorthdata.com,TrueNorth Data,Social Media,New,50,,,,2022-10-26T00:00:00
2381,Christopher,Moore,,Insight Platforms,Outbound - Cold,Disqualified,8,,,,2023-04-22T00:00:00
2382,Nancy,Lee,nancy.lee2382@pulsepointdigital.com,PulsePoint Digital,Outbound - SDR,New,32,,,,2021-04-10T00:00:00
2383,Thomas,Thompson,thomas.thompson2383@vertexai.com,VertexAI,Event,Converted,57,3272,602,2024-03-12,2024-01-24T00:00:00
2384,James,Miller,james.miller2384@metasync.com,MetaSync,Inbound - Content,SQL,94,,,,2021-01-21T00:00:00
2385,Susan,Thomas,susan.thomas2385@nexgensolutions.com,NexGen Solutions,Outbound - Cold,Nurture,-59,,,,2022-01-28T00:00:00
2386,Jessica,Taylor,jessica.taylor2386@streamlineanalytics.com,StreamLine Analytics,Product-Led,New,43,,,,2021-09-27T00:00:00
2387,David,Miller,david.miller2387@futureforge.com,FutureForge,Social Media,New,63,,,,2021-11-01T00:00:00
2388,Christopher,Wilson,christopher.wilson2388@primepathdigital.com,PrimePath Digital,Social Media,Disqualified,1,,,,2020-01-11T00:00:00
2389,Christopher,Martinez,christopher.martinez2389@cloudscalesystems.com,CloudScale Systems,Partner Referral,Disqualified,30,,,,2020-08-04T00:00:00
2390,Linda,Jackson,linda.jackson2390@rapidcloud.com,RapidCloud,Outbound - SDR,MQL,82,,,,2021-02-04T00:00:00
2391,Lisa,Wilson,lisa.wilson2391@innovateco.com,InnovateCo,Paid Search,Working,45,,,,2020-07-06T00:00:00
2392,Sarah,Thomas,sarah.thomas2392@databridgecorp.com,DataBridge Corp,Inbound - Content,Converted,77,4720,184,2022-08-16,2022-05-28T00:00:00
2393,John,Smith,john.smith2393@cybervault.com,CyberVault,Product-Led,Converted,57,767,615,2023-11-08,2023-11-08T00:00:00
2394,Elizabeth,Thompson,elizabeth.thompson2394@rapidcloud.com,RapidCloud,,SQL,69,,,,2023-09-18T00:00:00
2395,James,Johnson,james.johnson2395@truenorthdata.com,TrueNorth Data,Outbound - Cold,Working,54,,,,2023-11-25T00:00:00
2396,Thomas,Thomas,thomas.thomas2396@techflowinc.com,TechFlow Inc,Inbound - Webinar,SQL,58,,,,2024-05-28T00:00:00
2397,Sarah,Johnson,,BrightWave Tech,Inbound - Webinar,Converted,96,3115,221,2024-08-15,2024-08-06T00:00:00
2398,Jessica,Martin,jessica.martin2398@nexgensolutions.com,NexGen Solutions,Event,Working,32,,,,2024-04-06T00:00:00
2399,Jennifer,Rodriguez,jennifer.rodriguez,PulsePoint Digital,,Converted,82,3348,165,2022-07-26,2022-07-21T00:00:00
2400,Charles,Moore,charles.moore2400@insightplatforms.com,Insight Platforms,Inbound - Content,SQL,53,,,,2023-08-10T00:00:00
2401,Nancy,Wilson,nancy.wilson2401@truenorthdata.com,TrueNorth Data,Outbound - Cold,Working,18,,,,2023-09-02T00:00:00
2402,Jennifer,Wilson,jennifer.wilson2402@scaleupsystems.com,ScaleUp Systems,Event,Working,10,,,,2020-04-20T00:00:00
2403,Thomas,Garcia,thomas.garcia2403@cybervault.com,CyberVault,Inbound - Webinar,Disqualified,0,,,,2022-04-13T00:00:00
2404,Mary,Martinez,mary.martinez2404@primepathdigital.com,PrimePath Digital,Paid Search,MQL,97,,,,2021-07-02T00:00:00
2405,Nancy,Miller,nancy.miller2405@agiledynamics.com,Agile Dynamics,Event,MQL,97,,,,2021-11-05T00:00:00
2406,Linda,Lee,linda.lee2406@rapidcloud.com,RapidCloud,Inbound - Webinar,New,34,,,,2024-03-01T00:00:00
2407,Barbara,Johnson,barbara.johnson2407@rapidcloud.com,RapidCloud,Event,MQL,81,,,,2024-09-16T00:00:00
2408,Linda,Thompson,linda.thompson2408@vertexai.com,VertexAI,Outbound - Cold,Working,58,,,,2024-03-02T00:00:00
2409,Elizabeth,Thompson,elizabeth.thompson,PrimePath Digital,Paid Search,Working,41,,,,2021-09-18T00:00:00
2410,Elizabeth,Anderson,elizabeth.anderson2410@insightplatforms.com,Insight Platforms,Inbound - Webinar,Nurture,62,,,,2023-02-14T00:00:00
2411,John,Lee,john.lee2411@cloudscalesystems.com,CloudScale Systems,Outbound - SDR,Working,26,,,,2023-11-07T00:00:00
2412,Jennifer,Martinez,jennifer.martinez2412@innovateco.com,InnovateCo,Event,MQL,79,,,,2023-01-09T00:00:00
2413,Jessica,Gonzalez,jessica.gonzalez2413@futureforge.com,FutureForge,Partner Referral,Converted,72,4484,493,2024-12-29,2024-10-24T00:00:00
2414,Susan,Thompson,susan.thompson2414@brightwavetech.com,BrightWave Tech,Inbound - Content,Working,24,,,,2021-10-13T00:00:00
2415,Richard,Davis,richard.davis2415@nexgensolutions.com,NexGen Solutions,Partner Referral,Converted,61,455,161,2024-07-12,2024-06-03T00:00:00
2416,Joseph,Jackson,joseph.jackson2416@cloudscalesystems.com,CloudScale Systems,Outbound - SDR,Disqualified,26,,,,2021-11-04T00:00:00
2417,Joseph,Moore,joseph.moore2417@scaleupsystems.com,ScaleUp Systems,Social Media,Disqualified,15,,,,2023-09-07T00:00:00
2418,Robert,Rodriguez,robert.rodriguez2418@corestack.com,CoreStack,Inbound - Webinar,SQL,93,,,,2022-02-06T00:00:00
2419,Mary,Thompson,mary.thompson2419@scaleupsystems.com,ScaleUp Systems,Product-Led,Converted,88,3998,11,2021-05-19,2021-05-13T00:00:00
2420,Jessica,Anderson,jessica.anderson2420@streamlineanalytics.com,StreamLine Analytics,Inbound - Webinar,Disqualified,8,,,,2023-01-07T00:00:00
2421,Susan,Lee,susan.lee2421@nexgensolutions.com,NexGen Solutions,Product-Led,Working,60,,,,2022-02-09T00:00:00
2422,Thomas,Hernandez,thomas.hernandez2422@corestack.com,CoreStack,Event,Nurture,44,,,,2023-11-16T00:00:00
2423,Mary,Johnson,mary.johnson2423@rapidcloud.com,RapidCloud,Inbound - Content,Working,28,,,,2024-11-15T00:00:00
2424,Susan,Moore,susan.moore2424@innovateco.com,InnovateCo,Product-Led,Converted,58,1347,990,2021-11-20,2021-10-05T00:00:00
2425,Charles,Jones,charles.jones2425@pulsepointdigital.com,PulsePoint Digital,Partner Referral,MQL,86,,,,2020-03-17T00:00:00
2426,Richard,Jones,richard.jones2426@streamlineanalytics.com,StreamLine Analytics,Outbound - SDR,Working,29,,,,2024-07-01T00:00:00
2427,Jessica,Taylor,jessica.taylor2427@truenorthdata.com,TrueNorth Data,Inbound - Webinar,Converted,80,2138,818,2024-03-24,2024-02-25T00:00:00
2428,Sarah,Brown,sarah.brown2428@rapidcloud.com,RapidCloud,Social Media,MQL,82,,,,2022-10-31T00:00:00
2429,Barbara,Hernandez,barbara.hernandez2429@databridgecorp.com,DataBridge Corp,Inbound - Webinar,Converted,70,285,337,2023-06-11,2023-05-29T00:00:00
2430,Sarah,Davis,sarah.davis2430@techflowinc.com,TechFlow Inc,Inbound - Web,New,25,,,,2021-11-08T00:00:00
2431,Patricia,Taylor,patricia.taylor,ScaleUp Systems,Outbound - Cold,MQL,68,,,,2021-08-04T00:00:00
2432,Elizabeth,Davis,elizabeth.davis2432@truenorthdata.com,TrueNorth Data,Outbound - SDR,Converted,72,1100,681,2023-01-08,2022-11-15T00:00:00
2433,William,Hernandez,william.hernandez2433@insightplatforms.com,Insight Platforms,Inbound - Webinar,Converted,51,3183,269,2024-11-18,2024-11-11T00:00:00
2434,Susan,Lopez,susan.lopez,BrightWave Tech,Paid Search,Nurture,56,,,,2023-10-27T00:00:00
2435,Nancy,Jackson,nancy.jackson2435@rapidcloud.com,RapidCloud,Partner Referral,Converted,94,4857,827,2022-06-30,2022-04-21T00:00:00
2436,Joseph,Miller,joseph.miller2436@futureforge.com,FutureForge,Inbound - Content,Working,51,,,,2023-04-02T00:00:00
2437,Jessica,Taylor,jessica.taylor2437@vertexai.com,VertexAI,Paid Search,New,39,,,,2022-09-13T00:00:00
2438,Elizabeth,Hernandez,elizabeth.hernandez2438@techflowinc.com,TechFlow Inc,Partner Referral,MQL,50,,,,2022-09-15T00:00:00
2439,Mary,Lopez,mary.lopez2439@databridgecorp.com,DataBridge Corp,Social Media,Nurture,10,,,,2023-01-27T00:00:00
2440,Joseph,Jones,joseph.jones2440@brightwavetech.com,BrightWave Tech,Outbound - Cold,MQL,83,,,,2021-08-12T00:00:00
2441,Linda,Garcia,linda.garcia2441@quantumlogiclabs.com,QuantumLogic Labs,Outbound - SDR,SQL,70,,,,2021-04-04T00:00:00
2442,Thomas,Thompson,,CoreStack,Outbound - SDR,SQL,57,,,,2020-10-14T00:00:00
2443,Elizabeth,Anderson,elizabeth.anderson2443@techflowinc.com,TechFlow Inc,Outbound - SDR,Working,11,,,,2022-05-08T00:00:00
2444,William,Hernandez,william.hernandez2444@rapidcloud.com,RapidCloud,Inbound - Content,Converted,65,2822,500,2024-11-06,2024-08-26T00:00:00
2445,Susan,Miller,susan.miller2445@cybervault.com,CyberVault,Inbound - Webinar,Disqualified,14,,,,2020-06-02T00:00:00
2446,Nancy,Hernandez,,TechFlow Inc,Social Media,Converted,67,2600,623,2022-05-25,2022-04-09T00:00:00
2447,John,Martinez,john.martinez2447@vertexai.com,VertexAI,Paid Search,Working,38,,,,2024-02-01T00:00:00
2448,David,Miller,david.miller2448@truenorthdata.com,TrueNorth Data,Paid Search,Disqualified,18,,,,2020-09-22T00:00:00
2449,Sarah,Garcia,sarah.garcia2449@futureforge.com,FutureForge,Inbound - Webinar,Converted,81,558,746,2024-09-02,2024-07-27T00:00:00
2450,Jessica,Taylor,jessica.taylor2450@innovateco.com,InnovateCo,Paid Search,Working,54,,,,2020-04-24T00:00:00
2451,Christopher,Rodriguez,christopher.rodriguez2451@brightwavetech.com,BrightWave Tech,Product-Led,Disqualified,4,,,,2023-06-04T00:00:00
2452,Joseph,Garcia,joseph.garcia2452@metasync.com,MetaSync,Social Media,New,56,,,,2023-05-23T00:00:00
2453,Robert,Lopez,robert.lopez2453@techflowinc.com,TechFlow Inc,Inbound - Web,Converted,91,2104,182,2024-06-06,2024-05-09T00:00:00
2454,Mary,Garcia,mary.garcia2454@primepathdigital.com,PrimePath Digital,Outbound - SDR,MQL,88,,,,2024-09-01T00:00:00
2455,Daniel,Davis,daniel.davis2455@vertexai.com,VertexAI,Inbound - Content,Working,14,,,,2024-10-01T00:00:00
2456,Barbara,Anderson,barbara.anderson2456@streamlineanalytics.com,StreamLine Analytics,Paid Search,Converted,92,4162,988,2024-11-12,2024-11-03T00:00:00
2457,William,Jackson,william.jackson2457@pulsepointdigital.com,PulsePoint Digital,Inbound - Webinar,Converted,62,1975,128,2024-10-20,2024-10-01T00:00:00
2458,Charles,Moore,charles.moore2458@insightplatforms.com,Insight Platforms,Outbound - SDR,MQL,65,,,,2023-11-08T00:00:00
2459,Jessica,Smith,jessica.smith2459@cybervault.com,CyberVault,Paid Search,Disqualified,28,,,,2020-01-12T00:00:00
2460,Joseph,Jones,joseph.jones2460@insightplatforms.com,Insight Platforms,Outbound - Cold,MQL,77,,,,2024-08-06T00:00:00
2461,Joseph,Lee,joseph.lee2461@brightwavetech.com,BrightWave Tech,Event,New,63,,,,2020-11-26T00:00:00
2462,Michael,Gonzalez,michael.gonzalez2462@techflowinc.com,TechFlow Inc,Outbound - SDR,Disqualified,0,,,,2020-04-09T00:00:00
2463,Michael,Hernandez,michael.hernandez2463@primepathdigital.com,PrimePath Digital,Inbound - Webinar,Nurture,65,,,,2020-02-01T00:00:00
2464,Karen,Brown,karen.brown2464@insightplatforms.com,Insight Platforms,Social Media,MQL,-57,,,,2021-07-28T00:00:00
2465,Mary,Wilson,mary.wilson2465@rapidcloud.com,RapidCloud,Partner Referral,New,16,,,,2024-04-15T00:00:00
2466,Daniel,Martin,daniel.martin2466@streamlineanalytics.com,StreamLine Analytics,Inbound - Content,SQL,52,,,,2023-05-18T00:00:00
2467,Daniel,Johnson,daniel.johnson2467@agiledynamics.com,Agile Dynamics,Inbound - Webinar,New,69,,,,2022-09-18T00:00:00
2468,David,Brown,david.brown2468@vertexai.com,VertexAI,Inbound - Web,Nurture,59,,,,2022-11-03T00:00:00
2469,Sarah,Taylor,sarah.taylor2469@primepathdigital.com,PrimePath Digital,Inbound - Web,MQL,82,,,,2023-08-10T00:00:00
2470,Karen,Davis,karen.davis2470@insightplatforms.com,Insight Platforms,Inbound - Content,Converted,52,3293,878,2022-12-17,2022-12-07T00:00:00
2471,Michael,Johnson,michael.johnson2471@pulsepointdigital.com,PulsePoint Digital,Paid Search,MQL,95,,,,2021-06-03T00:00:00
2472,Mary,Williams,mary.williams2472@vertexai.com,VertexAI,Social Media,Disqualified,19,,,,2022-04-08T00:00:00
2473,David,Gonzalez,david.gonzalez2473@primepathdigital.com,PrimePath Digital,Inbound - Webinar,MQL,58,,,,2023-11-13T00:00:00
2474,Barbara,Smith,barbara.smith2474@pulsepointdigital.com,PulsePoint Digital,Inbound - Webinar,New,16,,,,2021-08-30T00:00:00
2475,Lisa,Hernandez,lisa.hernandez2475@truenorthdata.com,TrueNorth Data,Paid Search,New,25,,,,2022-02-08T00:00:00
2476,Barbara,Gonzalez,barbara.gonzalez2476@agiledynamics.com,Agile Dynamics,Inbound - Webinar,MQL,81,,,,2024-05-29T00:00:00
2477,Christopher,Martinez,christopher.martinez2477@truenorthdata.com,TrueNorth Data,Inbound - Webinar,Converted,87,113,510,2024-07-13,2024-06-09T00:00:00
2478,Elizabeth,Hernandez,elizabeth.hernandez2478@innovateco.com,InnovateCo,Outbound - Cold,Disqualified,27,,,,2020-01-02T00:00:00
2479,Joseph,Johnson,joseph.johnson2479@truenorthdata.com,TrueNorth Data,Inbound - Webinar,SQL,77,,,,2020-11-09T00:00:00
2480,James,Jones,james.jones2480@vertexai.com,VertexAI,Inbound - Content,Nurture,47,,,,2023-11-16T00:00:00
2481,Daniel,Anderson,daniel.anderson2481@rapidcloud.com,RapidCloud,Event,New,66,,,,2024-06-27T00:00:00
2482,Richard,Jones,richard.jones2482@pulsepointdigital.com,PulsePoint Digital,Paid Search,Disqualified,30,,,,2021-06-23T00:00:00
2483,Karen,Jackson,karen.jackson2483@quantumlogiclabs.com,QuantumLogic Labs,Partner Referral,Converted,85,851,226,2024-06-05,2024-05-20T00:00:00
2484,Thomas,Thompson,thomas.thompson2484@primepathdigital.com,PrimePath Digital,Partner Referral,Nurture,36,,,,2021-10-25T00:00:00
2485,James,Williams,james.williams2485@rapidcloud.com,RapidCloud,Inbound - Webinar,SQL,94,,,,2024-04-30T00:00:00
2486,Elizabeth,Jackson,elizabeth.jackson2486@brightwavetech.com,BrightWave Tech,Outbound - Cold,New,62,,,,2022-11-14T00:00:00
2487,Daniel,Davis,daniel.davis2487@corestack.com,CoreStack,Inbound - Webinar,Nurture,48,,,,2024-06-15T00:00:00
2488,David,Miller,david.miller2488@streamlineanalytics.com,StreamLine Analytics,Outbound - SDR,Working,38,,,,2020-07-28T00:00:00
2489,Jessica,Davis,jessica.davis2489@agiledynamics.com,Agile Dynamics,Inbound - Web,Converted,59,3103,219,2021-10-08,2021-10-02T00:00:00
2490,Jennifer,Brown,jennifer.brown,VertexAI,Inbound - Webinar,Working,17,,,,2022-05-14T00:00:00
2491,Robert,Davis,robert.davis2491@corestack.com,CoreStack,Inbound - Content,SQL,57,,,,2020-04-14T00:00:00
2492,Robert,Martin,robert.martin2492@cloudscalesystems.com,CloudScale Systems,Product-Led,Converted,68,3967,660,2024-03-24,2024-02-14T00:00:00
2493,Charles,Brown,charles.brown2493@pulsepointdigital.com,PulsePoint Digital,Inbound - Web,SQL,58,,,,2024-12-27T00:00:00
2494,Nancy,Thompson,nancy.thompson2494@metasync.com,MetaSync,Paid Search,Converted,67,2126,481,2024-03-28,2024-01-24T00:00:00
2495,John,Martinez,john.martinez2495@brightwavetech.com,BrightWave Tech,Outbound - SDR,MQL,86,,,,2023-02-13T00:00:00
2496,John,Rodriguez,john.rodriguez2496@primepathdigital.com,PrimePath Digital,Inbound - Content,Working,54,,,,2021-12-24T00:00:00
2497,James,Johnson,james.johnson2497@insightplatforms.com,Insight Platforms,Outbound - SDR,Working,21,,,,2022-03-04T00:00:00
2498,Robert,Gonzalez,robert.gonzalez2498@insightplatforms.com,Insight Platforms,Product-Led,Working,31,,,,2021-11-27T00:00:00
2499,Patricia,Anderson,patricia.anderson2499@cybervault.com,CyberVault,Social Media,Disqualified,-29,,,,2020-02-04T00:00:00
2500,Richard,Thompson,richard.thompson2500@pulsepointdigital.com,PulsePoint Digital,Partner Referral,New,46,,,,2024-08-02T00:00:00
2501,Daniel,Gonzalez,daniel.gonzalez2501@pulsepointdigital.com,PulsePoint Digital,Paid Search,SQL,81,,,,2021-01-18T00:00:00
2502,John,Smith,john.smith2502@metasync.com,MetaSync,Social Media,Nurture,39,,,,2022-12-30T00:00:00
2503,William,Jackson,william.jackson2503@streamlineanalytics.com,StreamLine Analytics,Social Media,Working,41,,,,2023-12-11T00:00:00
2504,Elizabeth,Martin,elizabeth.martin2504@quantumlogiclabs.com,QuantumLogic Labs,Inbound - Content,Working,10,,,,2023-05-21T00:00:00
2505,Thomas,Jackson,thomas.jackson2505@primepathdigital.com,PrimePath Digital,Outbound - Cold,SQL,57,,,,2024-05-18T00:00:00
2506,William,Miller,william.miller2506@metasync.com,MetaSync,Outbound - SDR,Disqualified,4,,,,2020-12-13T00:00:00
2507,David,Martin,david.martin2507@brightwavetech.com,BrightWave Tech,Outbound - SDR,MQL,73,,,,2022-02-20T00:00:00
2508,Daniel,Williams,daniel.williams2508@rapidcloud.com,RapidCloud,Paid Search,Disqualified,24,,,,2022-06-28T00:00:00
2509,Barbara,Martin,barbara.martin2509@streamlineanalytics.com,StreamLine Analytics,Paid Search,Working,38,,,,2023-10-25T00:00:00
2510,Sarah,Martinez,sarah.martinez2510@cloudscalesystems.com,CloudScale Systems,Paid Search,Working,15,,,,2021-08-26T00:00:00
2511,Nancy,Hernandez,nancy.hernandez2511@cybervault.com,CyberVault,Event,MQL,60,,,,2022-02-08T00:00:00
2512,Patricia,Jackson,patricia.jackson2512@streamlineanalytics.com,StreamLine Analytics,Outbound - SDR,Working,24,,,,2021-01-20T00:00:00
2513,Daniel,Thomas,daniel.thomas2513@brightwavetech.com,BrightWave Tech,Outbound - Cold,Disqualified,27,,,,2021-10-16T00:00:00
2514,Patricia,Williams,patricia.williams2514@primepathdigital.com,PrimePath Digital,Event,New,16,,,,2020-09-03T00:00:00
2515,Joseph,Gonzalez,joseph.gonzalez2515@techflowinc.com,TechFlow Inc,Outbound - Cold,New,46,,,,2022-12-30T00:00:00
2516,Barbara,Hernandez,barbara.hernandez2516@quantumlogiclabs.com,QuantumLogic Labs,Event,Converted,67,3307,272,2024-09-02,2024-07-14T00:00:00
2517,Thomas,Anderson,thomas.anderson2517@streamlineanalytics.com,StreamLine Analytics,Inbound - Content,Nurture,43,,,,2022-03-27T00:00:00
2518,Thomas,Johnson,thomas.johnson,NexGen Solutions,Inbound - Web,SQL,93,,,,2020-03-10T00:00:00
2519,Mary,Anderson,mary.anderson2519@nexgensolutions.com,NexGen Solutions,Outbound - SDR,Disqualified,27,,,,2021-08-19T00:00:00
2520,Mary,Thompson,mary.thompson2520@pulsepointdigital.com,PulsePoint Digital,Inbound - Content,Converted,74,4073,228,2023-01-08,2022-11-16T00:00:00
2521,Richard,Lee,richard.lee2521@cybervault.com,CyberVault,Partner Referral,Nurture,19,,,,2024-07-06T00:00:00
2522,Susan,Jackson,susan.jackson2522@primepathdigital.com,PrimePath Digital,Paid Search,Converted,57,1992,37,2024-12-05,2024-11-20T00:00:00
2523,Elizabeth,Garcia,elizabeth.garcia2523@vertexai.com,VertexAI,Event,MQL,60,,,,2020-04-22T00:00:00
2524,Patricia,Martin,patricia.martin2524@techflowinc.com,TechFlow Inc,Event,MQL,91,,,,2020-07-22T00:00:00
2525,Richard,Gonzalez,richard.gonzalez2525@futureforge.com,FutureForge,Outbound - SDR,Disqualified,2,,,,2024-07-18T00:00:00
2526,Richard,Lopez,richard.lopez2526@metasync.com,MetaSync,Partner Referral,SQL,70,,,,2022-01-14T00:00:00
2527,Thomas,Davis,,DataBridge Corp,Inbound - Web,Working,58,,,,2022-05-19T00:00:00
2528,David,Lopez,david.lopez2528@vertexai.com,VertexAI,Inbound - Webinar,Disqualified,10,,,,2023-11-20T00:00:00
2529,Nancy,Hernandez,nancy.hernandez2529@corestack.com,CoreStack,Inbound - Web,New,32,,,,2023-06-12T00:00:00
2530,Patricia,Lee,patricia.lee2530@scaleupsystems.com,ScaleUp Systems,Partner Referral,Working,52,,,,2022-01-23T00:00:00
2531,Joseph,Garcia,joseph.garcia2531@pulsepointdigital.com,PulsePoint Digital,Outbound - SDR,Nurture,62,,,,2023-08-07T00:00:00
2532,John,Miller,john.miller2532@streamlineanalytics.com,StreamLine Analytics,,SQL,91,,,,2021-05-13T00:00:00
2533,Nancy,Williams,nancy.williams2533@brightwavetech.com,BrightWave Tech,Paid Search,Nurture,70,,,,2020-08-06T00:00:00
2534,Karen,Miller,karen.miller2534@corestack.com,CoreStack,Product-Led,New,67,,,,2020-01-11T00:00:00
2535,Karen,Garcia,karen.garcia2535@insightplatforms.com,Insight Platforms,Outbound - Cold,Working,10,,,,2021-08-23T00:00:00
2536,Sarah,Anderson,sarah.anderson2536@brightwavetech.com,BrightWave Tech,Inbound - Web,Disqualified,18,,,,2023-09-20T00:00:00
2537,Jessica,Gonzalez,jessica.gonzalez2537@innovateco.com,InnovateCo,Paid Search,Disqualified,11,,,,2021-08-02T00:00:00
2538,James,Lee,james.lee2538@innovateco.com,InnovateCo,,SQL,51,,,,2021-08-31T00:00:00
2539,Mary,Gonzalez,mary.gonzalez2539@cloudscalesystems.com,CloudScale Systems,Partner Referral,Disqualified,21,,,,2023-10-02T00:00:00
2540,Patricia,Thomas,patricia.thomas2540@pulsepointdigital.com,PulsePoint Digital,Product-Led,Nurture,67,,,,2021-02-23T00:00:00
2541,Linda,Thomas,linda.thomas2541@truenorthdata.com,TrueNorth Data,Product-Led,Converted,67,4180,740,2024-04-30,2024-04-16T00:00:00
2542,Thomas,Taylor,thomas.taylor2542@nexgensolutions.com,NexGen Solutions,Inbound - Content,Converted,66,4537,587,2024-08-25,2024-08-22T00:00:00
2543,Patricia,Rodriguez,patricia.rodriguez2543@brightwavetech.com,BrightWave Tech,Partner Referral,Working,22,,,,2022-08-20T00:00:00
2544,William,Martinez,william.martinez2544@innovateco.com,InnovateCo,Inbound - Web,Disqualified,2,,,,2022-12-10T00:00:00
2545,Daniel,Smith,daniel.smith2545@techflowinc.com,TechFlow Inc,Partner Referral,MQL,91,,,,2024-05-03T00:00:00
2546,Michael,Williams,michael.williams2546@futureforge.com,FutureForge,Partner Referral,Converted,62,1493,622,2024-12-16,2024-11-08T00:00:00
2547,Jessica,Martinez,jessica.martinez2547@primepathdigital.com,PrimePath Digital,Product-Led,Disqualified,27,,,,2024-04-06T00:00:00
2548,Susan,Johnson,susan.johnson2548@scaleupsystems.com,ScaleUp Systems,Inbound - Webinar,MQL,58,,,,2020-12-02T00:00:00
2549,David,Davis,david.davis2549@cybervault.com,CyberVault,Partner Referral,Working,67,,,,2024-07-04T00:00:00
2550,Linda,Johnson,linda.johnson2550@primepathdigital.com,PrimePath Digital,Inbound - Content,Working,17,,,,2020-11-24T00:00:00
2551,Linda,Gonzalez,linda.gonzalez2551@innovateco.com,InnovateCo,Social Media,MQL,91,,,,2022-02-14T00:00:00
2552,Susan,Martin,susan.martin2552@databridgecorp.com,DataBridge Corp,Partner Referral,MQL,63,,,,2021-09-15T00:00:00
2553,Lisa,Johnson,lisa.johnson2553@streamlineanalytics.com,StreamLine Analytics,Inbound - Webinar,MQL,79,,,,2023-01-08T00:00:00
2554,David,Martinez,david.martinez2554@quantumlogiclabs.com,QuantumLogic Labs,Inbound - Content,New,56,,,,2023-11-14T00:00:00
2555,Karen,Thompson,karen.thompson2555@techflowinc.com,TechFlow Inc,Paid Search,MQL,85,,,,2021-11-01T00:00:00
2556,Sarah,Johnson,sarah.johnson2556@techflowinc.com,TechFlow Inc,Outbound - Cold,Working,40,,,,2024-01-30T00:00:00
2557,Elizabeth,Lopez,elizabeth.lopez2557@databridgecorp.com,DataBridge Corp,,New,62,,,,2022-09-26T00:00:00
2558,Christopher,Brown,christopher.brown2558@nexgensolutions.com,NexGen Solutions,,MQL,92,,,,2020-08-03T00:00:00
2559,Robert,Smith,robert.smith2559@innovateco.com,InnovateCo,Paid Search,MQL,63,,,,2024-08-25T00:00:00
2560,Sarah,Lee,sarah.lee2560@cybervault.com,CyberVault,Inbound - Content,SQL,-65,,,,2021-12-17T00:00:00
2561,Charles,Moore,charles.moore2561@pulsepointdigital.com,PulsePoint Digital,Event,Converted,64,695,557,2022-01-01,2021-10-15T00:00:00
2562,Linda,Martinez,linda.martinez2562@scaleupsystems.com,ScaleUp Systems,,Disqualified,14,,,,2022-12-29T00:00:00
2563,Sarah,Garcia,sarah.garcia2563@primepathdigital.com,PrimePath Digital,Paid Search,SQL,88,,,,2024-12-18T00:00:00
2564,Susan,Jones,susan.jones2564@agiledynamics.com,Agile Dynamics,Partner Referral,MQL,95,,,,2023-11-23T00:00:00
2565,Karen,Garcia,karen.garcia2565@techflowinc.com,TechFlow Inc,Product-Led,Converted,70,421,77,2022-06-03,2022-03-10T00:00:00
2566,Barbara,Lopez,barbara.lopez2566@primepathdigital.com,PrimePath Digital,,MQL,53,,,,2024-04-16T00:00:00
2567,Patricia,Garcia,patricia.garcia2567@databridgecorp.com,DataBridge Corp,Product-Led,Converted,56,3871,627,2024-10-31,2024-08-29T00:00:00
2568,Karen,Johnson,karen.johnson2568@quantumlogiclabs.com,QuantumLogic Labs,Product-Led,Converted,95,1268,648,2022-08-28,2022-07-21T00:00:00
2569,Richard,Williams,richard.williams2569@streamlineanalytics.com,StreamLine Analytics,,SQL,65,,,,2022-05-01T00:00:00
2570,Charles,Wilson,charles.wilson2570@truenorthdata.com,TrueNorth Data,Paid Search,Disqualified,18,,,,2021-06-19T00:00:00
2571,Robert,Williams,robert.williams2571@insightplatforms.com,Insight Platforms,Inbound - Webinar,New,42,,,,2023-07-08T00:00:00
2572,Charles,Anderson,charles.anderson2572@databridgecorp.com,DataBridge Corp,Inbound - Webinar,Nurture,70,,,,2022-12-02T00:00:00
2573,Jennifer,Smith,jennifer.smith2573@quantumlogiclabs.com,QuantumLogic Labs,Inbound - Web,Nurture,23,,,,2023-08-16T00:00:00
2574,Daniel,Martinez,daniel.martinez2574@futureforge.com,FutureForge,Social Media,Working,59,,,,2022-08-03T00:00:00
2575,Karen,Brown,karen.brown2575@cybervault.com,CyberVault,Partner Referral,New,61,,,,2022-03-25T00:00:00
2576,Linda,Martin,linda.martin2576@primepathdigital.com,PrimePath Digital,Inbound - Webinar,Nurture,20,,,,2021-07-26T00:00:00
2577,Karen,Anderson,karen.anderson2577@vertexai.com,VertexAI,Outbound - SDR,Disqualified,-17,,,,2023-01-16T00:00:00
2578,Richard,Williams,richard.williams2578@quantumlogiclabs.com,QuantumLogic Labs,Partner Referral,New,14,,,,2022-01-26T00:00:00
2579,James,Davis,james.davis2579@pulsepointdigital.com,PulsePoint Digital,Partner Referral,Nurture,21,,,,2021-01-18T00:00:00
2580,Daniel,Taylor,daniel.taylor2580@rapidcloud.com,RapidCloud,Outbound - Cold,Nurture,62,,,,2020-02-21T00:00:00
2581,Sarah,Smith,sarah.smith2581@brightwavetech.com,BrightWave Tech,Paid Search,New,13,,,,2024-08-26T00:00:00
2582,Michael,Davis,michael.davis2582@scaleupsystems.com,ScaleUp Systems,Outbound - Cold,MQL,57,,,,2021-04-26T00:00:00
2583,Sarah,Moore,sarah.moore2583@cloudscalesystems.com,CloudScale Systems,Event,Disqualified,15,,,,2023-05-30T00:00:00
2584,Linda,Wilson,linda.wilson2584@agiledynamics.com,Agile Dynamics,Social Media,MQL,63,,,,2023-12-04T00:00:00
2585,John,Jackson,john.jackson2585@pulsepointdigital.com,PulsePoint Digital,Outbound - SDR,Nurture,43,,,,2021-06-14T00:00:00
2586,Karen,Lee,karen.lee2586@quantumlogiclabs.com,QuantumLogic Labs,Partner Referral,Converted,76,212,888,2024-03-28,2024-03-19T00:00:00
2587,Jennifer,Williams,jennifer.williams2587@insightplatforms.com,Insight Platforms,Outbound - SDR,MQL,70,,,,2022-01-02T00:00:00
2588,Thomas,Wilson,thomas.wilson2588@truenorthdata.com,TrueNorth Data,Product-Led,Converted,73,1919,816,2023-09-22,2023-08-21T00:00:00
2589,Sarah,Martinez,sarah.martinez2589@databridgecorp.com,DataBridge Corp,Product-Led,Working,46,,,,2021-07-04T00:00:00
2590,Thomas,Garcia,thomas.garcia2590@metasync.com,MetaSync,Outbound - Cold,SQL,86,,,,2023-07-19T00:00:00
2591,William,Brown,william.brown2591@innovateco.com,InnovateCo,Partner Referral,MQL,72,,,,2024-02-11T00:00:00
2592,Karen,Brown,karen.brown2592@metasync.com,MetaSync,Event,MQL,53,,,,2021-02-11T00:00:00
2593,Richard,Rodriguez,richard.rodriguez,DataBridge Corp,Product-Led,Converted,82,3232,645,2023-01-20,2022-12-20T00:00:00
2594,John,Thompson,john.thompson2594@agiledynamics.com,Agile Dynamics,Social Media,Nurture,45,,,,2022-11-14T00:00:00
2595,James,Thompson,james.thompson2595@brightwavetech.com,BrightWave Tech,Paid Search,Disqualified,23,,,,2023-05-10T00:00:00
2596,Lisa,Brown,lisa.brown2596@metasync.com,MetaSync,Partner Referral,MQL,50,,,,2022-07-17T00:00:00
2597,Linda,Wilson,linda.wilson2597@corestack.com,CoreStack,Social Media,Disqualified,9,,,,2023-03-30T00:00:00
2598,Nancy,Hernandez,nancy.hernandez2598@rapidcloud.com,RapidCloud,Inbound - Web,Converted,60,1636,874,2024-06-28,2024-04-09T00:00:00
2599,Mary,Garcia,mary.garcia2599@metasync.com,MetaSync,Inbound - Content,MQL,86,,,,2024-03-01T00:00:00
2600,Michael,Johnson,michael.johnson2600@nexgensolutions.com,NexGen Solutions,Event,Nurture,20,,,,2023-06-07T00:00:00
2601,Joseph,Martinez,joseph.martinez2601@cybervault.com,CyberVault,Event,Converted,79,3110,898,2024-10-27,2024-10-06T00:00:00
2602,Joseph,Thomas,joseph.thomas2602@corestack.com,CoreStack,Product-Led,Converted,68,2290,967,2023-01-27,2022-12-09T00:00:00
2603,James,Wilson,,Agile Dynamics,Product-Led,Converted,74,2151,897,2024-04-14,2024-04-09T00:00:00
2604,Jennifer,Martin,jennifer.martin2604@nexgensolutions.com,NexGen Solutions,Social Media,SQL,67,,,,2022-05-25T00:00:00
2605,Robert,Jones,robert.jones2605@brightwavetech.com,BrightWave Tech,Product-Led,Working,63,,,,2020-06-03T00:00:00
2606,John,Lee,john.lee2606@pulsepointdigital.com,PulsePoint Digital,Outbound - SDR,Nurture,52,,,,2021-01-26T00:00:00
2607,David,Smith,david.smith2607@nexgensolutions.com,NexGen Solutions,Inbound - Webinar,Working,26,,,,2024-03-15T00:00:00
2608,David,Williams,david.williams2608@pulsepointdigital.com,PulsePoint Digital,Product-Led,Nurture,31,,,,2020-01-15T00:00:00
2609,Jessica,Martinez,jessica.martinez2609@primepathdigital.com,PrimePath Digital,Outbound - SDR,New,54,,,,2020-03-01T00:00:00
2610,Christopher,Brown,christopher.brown2610@rapidcloud.com,RapidCloud,Paid Search,Disqualified,21,,,,2024-06-26T00:00:00
2611,Daniel,Garcia,daniel.garcia2611@vertexai.com,VertexAI,Inbound - Web,MQL,68,,,,2022-08-08T00:00:00
2612,William,Jackson,william.jackson2612@cybervault.com,CyberVault,Outbound - SDR,MQL,61,,,,2021-06-29T00:00:00
2613,Susan,Gonzalez,susan.gonzalez2613@futureforge.com,FutureForge,Inbound - Webinar,Converted,73,71,854,2023-06-17,2023-04-30T00:00:00
2614,Mary,Williams,,CoreStack,Inbound - Web,Nurture,44,,,,2023-01-02T00:00:00
2615,Christopher,Jones,christopher.jones,PulsePoint Digital,Outbound - SDR,MQL,98,,,,2024-12-21T00:00:00
2616,Michael,Gonzalez,michael.gonzalez2616@corestack.com,CoreStack,Inbound - Web,New,54,,,,2020-12-04T00:00:00
2617,Christopher,Garcia,christopher.garcia,NexGen Solutions,Inbound - Web,Working,55,,,,2022-09-30T00:00:00
2618,David,Miller,david.miller2618@primepathdigital.com,PrimePath Digital,Outbound - Cold,Converted,59,3825,253,2024-03-26,2024-03-16T00:00:00
2619,Daniel,Thompson,daniel.thompson2619@rapidcloud.com,RapidCloud,Outbound - SDR,Nurture,57,,,,2021-03-07T00:00:00
2620,Patricia,Moore,patricia.moore2620@cloudscalesystems.com,CloudScale Systems,Paid Search,MQL,66,,,,2022-07-15T00:00:00
2621,William,Brown,william.brown2621@nexgensolutions.com,NexGen Solutions,Inbound - Webinar,Converted,74,947,496,2023-11-15,2023-09-14T00:00:00
2622,Elizabeth,Miller,elizabeth.miller2622@futureforge.com,FutureForge,Paid Search,Disqualified,4,,,,2020-02-01T00:00:00
2623,Charles,Martin,charles.martin2623@rapidcloud.com,RapidCloud,Outbound - SDR,MQL,53,,,,2020-04-21T00:00:00
2624,Joseph,Hernandez,joseph.hernandez2624@insightplatforms.com,Insight Platforms,,Disqualified,30,,,,2024-09-27T00:00:00
2625,Elizabeth,Smith,elizabeth.smith2625@techflowinc.com,TechFlow Inc,Outbound - SDR,Working,50,,,,2020-04-23T00:00:00
2626,Robert,Taylor,robert.taylor2626@agiledynamics.com,Agile Dynamics,Inbound - Webinar,Working,26,,,,2020-08-23T00:00:00
2627,David,Wilson,david.wilson2627@vertexai.com,VertexAI,Inbound - Content,Converted,56,4778,370,2024-12-12,2024-11-24T00:00:00
2628,Charles,Jones,charles.jones2628@rapidcloud.com,RapidCloud,Inbound - Webinar,SQL,93,,,,2023-05-23T00:00:00
2629,Patricia,Brown,patricia.brown2629@truenorthdata.com,TrueNorth Data,Outbound - SDR,Disqualified,17,,,,2020-04-20T00:00:00
2630,William,Wilson,william.wilson2630@pulsepointdigital.com,PulsePoint Digital,Social Media,Disqualified,22,,,,2023-05-22T00:00:00
2631,Jessica,Hernandez,jessica.hernandez2631@pulsepointdigital.com,PulsePoint Digital,Inbound - Webinar,Converted,65,4843,590,2024-05-06,2024-02-25T00:00:00
2632,Sarah,Moore,sarah.moore2632@cloudscalesystems.com,CloudScale Systems,Inbound - Webinar,Nurture,23,,,,2021-02-13T00:00:00
2633,Linda,Taylor,linda.taylor2633@scaleupsystems.com,ScaleUp Systems,Partner Referral,Disqualified,13,,,,2023-01-30T00:00:00
2634,Joseph,Moore,joseph.moore2634@cloudscalesystems.com,CloudScale Systems,Social Media,SQL,84,,,,2020-08-14T00:00:00
2635,Daniel,Jackson,daniel.jackson2635@scaleupsystems.com,ScaleUp Systems,Partner Referral,New,24,,,,2024-05-03T00:00:00
2636,Daniel,Davis,daniel.davis2636@pulsepointdigital.com,PulsePoint Digital,Inbound - Content,MQL,67,,,,2021-10-01T00:00:00
2637,Nancy,Martin,nancy.martin2637@metasync.com,MetaSync,Event,SQL,90,,,,2024-11-22T00:00:00
2638,Barbara,Garcia,barbara.garcia2638@cloudscalesystems.com,CloudScale Systems,Paid Search,Disqualified,23,,,,2024-01-06T00:00:00
2639,Mary,Hernandez,mary.hernandez2639@futureforge.com,FutureForge,Outbound - Cold,SQL,51,,,,2022-08-09T00:00:00
2640,Sarah,Martinez,sarah.martinez2640@insightplatforms.com,Insight Platforms,Product-Led,Disqualified,23,,,,2020-02-04T00:00:00
2641,Thomas,Garcia,thomas.garcia2641@cloudscalesystems.com,CloudScale Systems,Outbound - Cold,Nurture,38,,,,2020-11-13T00:00:00
2642,David,Gonzalez,david.gonzalez2642@futureforge.com,FutureForge,Paid Search,Working,44,,,,2024-11-14T00:00:00
2643,Elizabeth,Williams,elizabeth.williams2643@metasync.com,MetaSync,Outbound - SDR,MQL,93,,,,2023-06-08T00:00:00
2644,Christopher,Hernandez,christopher.hernandez2644@brightwavetech.com,BrightWave Tech,Outbound - SDR,SQL,83,,,,2022-05-01T00:00:00
2645,James,Martinez,james.martinez2645@nexgensolutions.com,NexGen Solutions,Inbound - Content,New,11,,,,2023-01-01T00:00:00
2646,Charles,Rodriguez,charles.rodriguez2646@vertexai.com,VertexAI,Inbound - Content,Working,13,,,,2024-05-16T00:00:00
2647,Barbara,Rodriguez,barbara.rodriguez2647@primepathdigital.com,PrimePath Digital,Inbound - Webinar,Converted,70,1291,501,2023-09-19,2023-09-16T00:00:00
2648,Christopher,Thompson,christopher.thompson2648@insightplatforms.com,Insight Platforms,Inbound - Webinar,New,14,,,,2020-10-24T00:00:00
2649,Charles,Smith,charles.smith2649@innovateco.com,InnovateCo,Product-Led,New,56,,,,2022-06-08T00:00:00
2650,Jennifer,Hernandez,jennifer.hernandez2650@scaleupsystems.com,ScaleUp Systems,Outbound - SDR,Nurture,62,,,,2021-12-18T00:00:00
2651,Linda,Taylor,linda.taylor2651@streamlineanalytics.com,StreamLine Analytics,Paid Search,MQL,100,,,,2020-09-01T00:00:00
2652,John,Hernandez,john.hernandez2652@techflowinc.com,TechFlow Inc,Inbound - Content,New,60,,,,2021-02-01T00:00:00
2653,Daniel,Wilson,daniel.wilson2653@quantumlogiclabs.com,QuantumLogic Labs,Social Media,New,12,,,,2024-05-09T00:00:00
2654,Robert,Williams,robert.williams2654@rapidcloud.com,RapidCloud,Paid Search,Disqualified,11,,,,2020-01-11T00:00:00
2655,John,Miller,john.miller2655@futureforge.com,FutureForge,Inbound - Webinar,MQL,52,,,,2024-09-20T00:00:00
2656,Susan,Johnson,susan.johnson2656@primepathdigital.com,PrimePath Digital,Event,Converted,68,167,276,2024-12-10,2024-11-27T00:00:00
2657,Lisa,Jackson,lisa.jackson2657@vertexai.com,VertexAI,Inbound - Content,Converted,99,1392,334,2024-11-28,2024-10-06T00:00:00
2658,Michael,Rodriguez,michael.rodriguez2658@vertexai.com,VertexAI,Partner Referral,Converted,52,2365,387,2024-10-20,2024-08-24T00:00:00
2659,James,Davis,james.davis2659@insightplatforms.com,Insight Platforms,Event,Working,61,,,,2021-04-19T00:00:00
2660,Nancy,Martinez,nancy.martinez2660@futureforge.com,FutureForge,Inbound - Webinar,New,61,,,,2024-01-09T00:00:00
2661,Linda,Smith,linda.smith2661@cloudscalesystems.com,CloudScale Systems,Outbound - Cold,Working,36,,,,2021-01-31T00:00:00
2662,Joseph,Miller,joseph.miller2662@brightwavetech.com,BrightWave Tech,Outbound - SDR,Converted,79,1226,426,2022-09-23,2022-07-24T00:00:00
2663,Lisa,Martinez,lisa.martinez2663@databridgecorp.com,DataBridge Corp,Paid Search,Converted,52,3030,466,2024-07-15,2024-05-13T00:00:00
2664,James,Rodriguez,james.rodriguez2664@scaleupsystems.com,ScaleUp Systems,Inbound - Content,Disqualified,13,,,,2022-08-19T00:00:00
2665,Thomas,Jones,thomas.jones2665@corestack.com,CoreStack,Event,MQL,84,,,,2020-12-16T00:00:00
2666,Joseph,Anderson,joseph.anderson2666@cybervault.com,CyberVault,Social Media,New,21,,,,2022-08-19T00:00:00
2667,Mary,Jackson,,FutureForge,Partner Referral,SQL,52,,,,2023-03-12T00:00:00
2668,Jessica,Moore,jessica.moore2668@truenorthdata.com,TrueNorth Data,Partner Referral,Nurture,20,,,,2022-05-10T00:00:00
2669,Sarah,Johnson,sarah.johnson2669@brightwavetech.com,BrightWave Tech,Outbound - Cold,Working,44,,,,2023-11-26T00:00:00
2670,James,Taylor,james.taylor2670@rapidcloud.com,RapidCloud,Social Media,Disqualified,21,,,,2020-09-07T00:00:00
2671,William,Hernandez,william.hernandez,InnovateCo,Inbound - Web,New,10,,,,2020-02-08T00:00:00
2672,Elizabeth,Smith,elizabeth.smith2672@databridgecorp.com,DataBridge Corp,Outbound - Cold,Working,61,,,,2020-10-18T00:00:00
2673,Joseph,Davis,joseph.davis2673@nexgensolutions.com,NexGen Solutions,Event,Disqualified,9,,,,2020-03-20T00:00:00
2674,William,Gonzalez,william.gonzalez,ScaleUp Systems,Outbound - Cold,Nurture,53,,,,2023-08-07T00:00:00
2675,Christopher,Wilson,christopher.wilson2675@scaleupsystems.com,ScaleUp Systems,Event,Nurture,18,,,,2024-08-02T00:00:00
2676,Barbara,Garcia,barbara.garcia2676@futureforge.com,FutureForge,Event,Working,51,,,,2020-06-20T00:00:00
2677,Nancy,Moore,nancy.moore2677@databridgecorp.com,DataBridge Corp,,New,43,,,,2022-04-05T00:00:00
2678,Sarah,Martinez,sarah.martinez2678@scaleupsystems.com,ScaleUp Systems,Social Media,New,68,,,,2023-10-07T00:00:00
2679,Karen,Lopez,karen.lopez2679@truenorthdata.com,TrueNorth Data,Product-Led,Converted,97,4031,371,2024-05-04,2024-03-17T00:00:00
2680,Karen,Garcia,karen.garcia2680@corestack.com,CoreStack,Inbound - Web,Converted,58,4051,470,2024-01-10,2023-11-16T00:00:00
2681,Sarah,Jackson,sarah.jackson2681@insightplatforms.com,Insight Platforms,Inbound - Webinar,Converted,54,382,254,2024-03-18,2024-03-02T00:00:00
2682,Richard,Jones,richard.jones2682@metasync.com,MetaSync,Outbound - Cold,SQL,82,,,,2020-03-05T00:00:00
2683,Thomas,Hernandez,thomas.hernandez2683@insightplatforms.com,Insight Platforms,Outbound - SDR,Working,13,,,,2021-04-04T00:00:00
2684,Richard,Davis,richard.davis2684@cloudscalesystems.com,CloudScale Systems,Outbound - SDR,MQL,56,,,,2023-11-29T00:00:00
2685,Mary,Miller,mary.miller2685@nexgensolutions.com,NexGen Solutions,Inbound - Webinar,MQL,85,,,,2023-03-18T00:00:00
2686,Sarah,Brown,sarah.brown2686@futureforge.com,FutureForge,Partner Referral,Converted,79,829,761,2024-09-06,2024-08-22T00:00:00
2687,Elizabeth,Garcia,elizabeth.garcia2687@brightwavetech.com,BrightWave Tech,Product-Led,MQL,-98,,,,2022-10-18T00:00:00
2688,Richard,Johnson,richard.johnson2688@vertexai.com,VertexAI,Inbound - Web,Converted,62,2789,911,2024-11-08,2024-08-23T00:00:00
2689,Susan,Hernandez,susan.hernandez2689@nexgensolutions.com,NexGen Solutions,Event,Working,65,,,,2024-07-31T00:00:00
2690,Jennifer,Taylor,jennifer.taylor2690@quantumlogiclabs.com,QuantumLogic Labs,Inbound - Webinar,Disqualified,2,,,,2023-11-06T00:00:00
2691,Charles,Rodriguez,charles.rodriguez2691@futureforge.com,FutureForge,Product-Led,SQL,85,,,,2022-09-26T00:00:00
2692,Barbara,Davis,barbara.davis2692@innovateco.com,InnovateCo,Event,MQL,51,,,,2023-04-17T00:00:00
2693,Michael,Davis,michael.davis2693@rapidcloud.com,RapidCloud,Paid Search,Disqualified,13,,,,2023-07-17T00:00:00
2694,Jessica,Hernandez,jessica.hernandez2694@agiledynamics.com,Agile Dynamics,Outbound - SDR,MQL,74,,,,2023-02-07T00:00:00
2695,Daniel,Davis,daniel.davis2695@streamlineanalytics.com,StreamLine Analytics,Outbound - SDR,SQL,71,,,,2021-06-06T00:00:00
2696,Charles,Brown,charles.brown2696@scaleupsystems.com,ScaleUp Systems,Social Media,Nurture,35,,,,2024-03-18T00:00:00
2697,Jessica,Jackson,jessica.jackson2697@innovateco.com,InnovateCo,Inbound - Web,Disqualified,16,,,,2020-02-10T00:00:00
2698,Sarah,Williams,sarah.williams2698@scaleupsystems.com,ScaleUp Systems,Event,Disqualified,4,,,,2021-02-06T00:00:00
2699,Mary,Johnson,mary.johnson2699@brightwavetech.com,BrightWave Tech,Outbound - SDR,MQL,62,,,,2021-07-11T00:00:00
2700,Christopher,Lee,christopher.lee2700@agiledynamics.com,Agile Dynamics,Inbound - Web,Disqualified,7,,,,2023-08-17T00:00:00
2701,Karen,Martin,karen.martin2701@agiledynamics.com,Agile Dynamics,Partner Referral,Converted,75,383,994,2024-11-26,2024-09-18T00:00:00
2702,Robert,Davis,robert.davis2702@corestack.com,CoreStack,Social Media,MQL,58,,,,2022-07-14T00:00:00
2703,Patricia,Miller,patricia.miller2703@brightwavetech.com,BrightWave Tech,Inbound - Web,New,46,,,,2022-11-25T00:00:00
2704,Joseph,Lee,joseph.lee2704@nexgensolutions.com,NexGen Solutions,Inbound - Webinar,Working,45,,,,2022-06-08T00:00:00
2705,Daniel,Davis,daniel.davis2705@scaleupsystems.com,ScaleUp Systems,Paid Search,Working,12,,,,2021-01-01T00:00:00
2706,Nancy,Jones,nancy.jones2706@techflowinc.com,TechFlow Inc,Outbound - SDR,Converted,85,1114,350,2024-10-13,2024-07-15T00:00:00
2707,Joseph,Lee,joseph.lee2707@scaleupsystems.com,ScaleUp Systems,Inbound - Webinar,Converted,70,4781,616,2021-08-23,2021-08-19T00:00:00
2708,Patricia,Lee,patricia.lee2708@corestack.com,CoreStack,,Working,38,,,,2020-06-28T00:00:00
2709,Nancy,Lee,nancy.lee2709@scaleupsystems.com,ScaleUp Systems,Inbound - Web,Working,18,,,,2024-05-18T00:00:00
2710,Mary,Garcia,mary.garcia2710@cloudscalesystems.com,CloudScale Systems,Outbound - SDR,Disqualified,27,,,,2021-08-19T00:00:00
2711,Thomas,Moore,thomas.moore2711@vertexai.com,VertexAI,Product-Led,Nurture,37,,,,2023-07-30T00:00:00
2712,Charles,Brown,charles.brown2712@truenorthdata.com,TrueNorth Data,Partner Referral,Converted,83,2376,517,2021-08-17,2021-06-29T00:00:00
2713,Charles,Rodriguez,charles.rodriguez2713@corestack.com,CoreStack,Paid Search,SQL,58,,,,2022-07-24T00:00:00
2714,Jennifer,Garcia,jennifer.garcia2714@techflowinc.com,TechFlow Inc,Social Media,MQL,64,,,,2020-03-17T00:00:00
2715,Joseph,Thomas,,TrueNorth Data,Inbound - Web,Working,37,,,,2024-11-16T00:00:00
2716,John,Davis,john.davis2716@corestack.com,CoreStack,Paid Search,Working,65,,,,2021-04-16T00:00:00
2717,Robert,Lopez,robert.lopez2717@truenorthdata.com,TrueNorth Data,Outbound - Cold,SQL,62,,,,2022-07-17T00:00:00
2718,Susan,Davis,susan.davis2718@streamlineanalytics.com,StreamLine Analytics,Outbound - Cold,New,66,,,,2021-10-14T00:00:00
2719,Nancy,Miller,nancy.miller2719@truenorthdata.com,TrueNorth Data,Inbound - Content,SQL,66,,,,2021-06-08T00:00:00
2720,David,Martin,david.martin2720@metasync.com,MetaSync,Inbound - Web,New,18,,,,2021-09-04T00:00:00
2721,Karen,Davis,karen.davis2721@primepathdigital.com,PrimePath Digital,Event,Nurture,17,,,,2023-05-27T00:00:00
2722,Michael,Taylor,michael.taylor2722@primepathdigital.com,PrimePath Digital,Paid Search,Working,13,,,,2024-10-06T00:00:00
2723,Sarah,Taylor,sarah.taylor2723@futureforge.com,FutureForge,Inbound - Webinar,New,69,,,,2024-06-19T00:00:00
2724,Patricia,Jackson,patricia.jackson2724@innovateco.com,InnovateCo,Event,New,23,,,,2023-07-31T00:00:00
2725,Jennifer,Moore,jennifer.moore2725@cybervault.com,CyberVault,,New,54,,,,2023-06-19T00:00:00
2726,Sarah,Thomas,sarah.thomas2726@agiledynamics.com,Agile Dynamics,Event,New,65,,,,2022-01-03T00:00:00
2727,Lisa,Taylor,lisa.taylor2727@scaleupsystems.com,ScaleUp Systems,Partner Referral,New,43,,,,2023-01-27T00:00:00
2728,Nancy,Martinez,nancy.martinez2728@quantumlogiclabs.com,QuantumLogic Labs,Outbound - Cold,MQL,70,,,,2021-02-20T00:00:00
2729,Michael,Lopez,,Agile Dynamics,Outbound - Cold,New,30,,,,2022-09-05T00:00:00
2730,Linda,Anderson,linda.anderson2730@truenorthdata.com,TrueNorth Data,Inbound - Web,Working,17,,,,2020-04-27T00:00:00
2731,Daniel,Johnson,daniel.johnson,CyberVault,Inbound - Content,Converted,89,3854,33,2024-05-10,2024-03-19T00:00:00
2732,David,Thomas,david.thomas2732@agiledynamics.com,Agile Dynamics,Outbound - SDR,Disqualified,29,,,,2021-02-22T00:00:00
2733,Jennifer,Martin,jennifer.martin2733@quantumlogiclabs.com,QuantumLogic Labs,,Converted,97,702,192,2024-10-18,2024-09-20T00:00:00
2734,Richard,Anderson,richard.anderson2734@metasync.com,MetaSync,Event,New,59,,,,2022-10-05T00:00:00
2735,William,Johnson,william.johnson2735@primepathdigital.com,PrimePath Digital,Social Media,Disqualified,19,,,,2023-01-30T00:00:00
2736,Elizabeth,Thomas,elizabeth.thomas2736@corestack.com,CoreStack,Paid Search,Converted,99,4614,550,2024-10-19,2024-09-26T00:00:00
2737,Sarah,Jones,sarah.jones2737@streamlineanalytics.com,StreamLine Analytics,Inbound - Webinar,New,65,,,,2023-12-04T00:00:00
2738,Jessica,Thomas,jessica.thomas2738@truenorthdata.com,TrueNorth Data,Event,Converted,85,4683,610,2023-12-26,2023-11-08T00:00:00
2739,Jessica,Moore,jessica.moore2739@databridgecorp.com,DataBridge Corp,Outbound - Cold,Disqualified,17,,,,2022-08-30T00:00:00
2740,Barbara,Taylor,barbara.taylor2740@futureforge.com,FutureForge,Product-Led,Converted,79,2421,397,2022-10-24,2022-08-30T00:00:00
2741,Sarah,Lee,sarah.lee2741@databridgecorp.com,DataBridge Corp,Event,New,-18,,,,2023-11-20T00:00:00
2742,Daniel,Jones,daniel.jones2742@futureforge.com,FutureForge,Outbound - Cold,SQL,89,,,,2024-06-17T00:00:00
2743,Thomas,Hernandez,thomas.hernandez2743@brightwavetech.com,BrightWave Tech,Inbound - Web,New,11,,,,2022-12-04T00:00:00
2744,Christopher,Johnson,christopher.johnson2744@cloudscalesystems.com,CloudScale Systems,Product-Led,New,65,,,,2024-06-02T00:00:00
2745,Susan,Wilson,,BrightWave Tech,Partner Referral,Converted,79,4317,115,2023-12-05,2023-09-30T00:00:00
2746,Michael,Williams,michael.williams2746@pulsepointdigital.com,PulsePoint Digital,Inbound - Content,Converted,75,4822,761,2024-10-05,2024-08-15T00:00:00
2747,Lisa,Moore,lisa.moore2747@rapidcloud.com,RapidCloud,Social Media,Disqualified,25,,,,2023-11-15T00:00:00
2748,Karen,Martinez,karen.martinez2748@databridgecorp.com,DataBridge Corp,Inbound - Content,SQL,56,,,,2020-11-05T00:00:00
2749,Mary,Wilson,mary.wilson2749@agiledynamics.com,Agile Dynamics,Product-Led,Nurture,66,,,,2024-11-09T00:00:00
2750,Elizabeth,Taylor,elizabeth.taylor2750@techflowinc.com,TechFlow Inc,Outbound - Cold,MQL,97,,,,2020-12-05T00:00:00
2751,Karen,Jackson,karen.jackson2751@streamlineanalytics.com,StreamLine Analytics,Outbound - Cold,Disqualified,4,,,,2021-08-24T00:00:00
2752,Sarah,Smith,sarah.smith2752@quantumlogiclabs.com,QuantumLogic Labs,Outbound - SDR,Nurture,34,,,,2021-01-24T00:00:00
2753,Charles,Martinez,charles.martinez2753@cloudscalesystems.com,CloudScale Systems,Social Media,Working,18,,,,2021-07-17T00:00:00
2754,Lisa,Thomas,lisa.thomas2754@insightplatforms.com,Insight Platforms,Event,New,61,,,,2022-09-15T00:00:00
2755,Susan,Jones,susan.jones2755@rapidcloud.com,RapidCloud,Paid Search,Disqualified,24,,,,2024-08-12T00:00:00
2756,Barbara,Jones,barbara.jones2756@pulsepointdigital.com,PulsePoint Digital,Social Media,Working,46,,,,2020-06-19T00:00:00
2757,Barbara,Martinez,barbara.martinez2757@futureforge.com,FutureForge,Outbound - Cold,Disqualified,29,,,,2022-02-17T00:00:00
2758,Barbara,Williams,barbara.williams2758@agiledynamics.com,Agile Dynamics,Event,Nurture,45,,,,2022-05-02T00:00:00
2759,Sarah,Davis,sarah.davis2759@vertexai.com,VertexAI,Paid Search,Nurture,12,,,,2022-09-17T00:00:00
2760,Joseph,Lee,joseph.lee2760@cybervault.com,CyberVault,Inbound - Web,Nurture,38,,,,2024-06-08T00:00:00
2761,Thomas,Brown,thomas.brown2761@databridgecorp.com,DataBridge Corp,Outbound - Cold,Working,56,,,,2024-09-21T00:00:00
2762,Joseph,Garcia,joseph.garcia,TrueNorth Data,Inbound - Content,Converted,55,1276,100,2024-11-29,2024-09-26T00:00:00
2763,Elizabeth,Martin,elizabeth.martin2763@metasync.com,MetaSync,Event,Converted,62,4997,788,2024-09-10,2024-08-10T00:00:00
2764,Karen,Garcia,karen.garcia2764@pulsepointdigital.com,PulsePoint Digital,Inbound - Webinar,Working,25,,,,2023-11-05T00:00:00
2765,Jessica,Smith,jessica.smith2765@streamlineanalytics.com,StreamLine Analytics,Outbound - SDR,MQL,59,,,,2020-10-25T00:00:00
2766,Patricia,Thompson,patricia.thompson2766@agiledynamics.com,Agile Dynamics,Inbound - Webinar,MQL,58,,,,2020-10-28T00:00:00
2767,Mary,Gonzalez,mary.gonzalez2767@agiledynamics.com,Agile Dynamics,Product-Led,Disqualified,25,,,,2022-08-26T00:00:00
2768,Sarah,Williams,sarah.williams2768@brightwavetech.com,BrightWave Tech,Inbound - Content,MQL,77,,,,2022-04-29T00:00:00
2769,Patricia,Gonzalez,patricia.gonzalez2769@scaleupsystems.com,ScaleUp Systems,,Working,69,,,,2023-01-15T00:00:00
2770,Barbara,Johnson,barbara.johnson2770@vertexai.com,VertexAI,Outbound - SDR,Nurture,55,,,,2020-02-15T00:00:00
2771,Robert,Martinez,robert.martinez,FutureForge,Outbound - SDR,Working,16,,,,2023-06-11T00:00:00
2772,Barbara,Davis,barbara.davis2772@techflowinc.com,TechFlow Inc,Product-Led,New,35,,,,2020-06-11T00:00:00
2773,Barbara,Smith,barbara.smith2773@databridgecorp.com,DataBridge Corp,Inbound - Web,New,42,,,,2020-06-06T00:00:00
2774,John,Thompson,john.thompson2774@innovateco.com,InnovateCo,Inbound - Web,MQL,60,,,,2020-01-12T00:00:00
2775,Lisa,Brown,lisa.brown2775@streamlineanalytics.com,StreamLine Analytics,,SQL,67,,,,2020-10-05T00:00:00
2776,Jessica,Davis,jessica.davis2776@pulsepointdigital.com,PulsePoint Digital,,Converted,-85,3345,604,2024-01-11,2023-11-01T00:00:00
2777,Susan,Williams,susan.williams2777@databridgecorp.com,DataBridge Corp,Inbound - Web,MQL,91,,,,2024-07-24T00:00:00
2778,Thomas,Thompson,thomas.thompson,VertexAI,Product-Led,Working,29,,,,2020-06-20T00:00:00
2779,Christopher,Thomas,christopher.thomas2779@scaleupsystems.com,ScaleUp Systems,Paid Search,MQL,92,,,,2022-10-18T00:00:00
2780,Jessica,Davis,jessica.davis2780@cloudscalesystems.com,CloudScale Systems,Inbound - Content,New,16,,,,2020-10-21T00:00:00
2781,Charles,Johnson,charles.johnson2781@pulsepointdigital.com,PulsePoint Digital,Outbound - Cold,Nurture,44,,,,2020-07-15T00:00:00
2782,Elizabeth,Jones,elizabeth.jones,PrimePath Digital,Event,MQL,89,,,,2021-11-01T00:00:00
2783,Mary,Moore,mary.moore2783@pulsepointdigital.com,PulsePoint Digital,,MQL,60,,,,2022-05-15T00:00:00
2784,Barbara,Martin,barbara.martin2784@vertexai.com,VertexAI,Inbound - Content,Disqualified,28,,,,2022-03-09T00:00:00
2785,Linda,Wilson,linda.wilson2785@metasync.com,MetaSync,Product-Led,Nurture,34,,,,2024-04-08T00:00:00
2786,Jennifer,Jackson,jennifer.jackson2786@nexgensolutions.com,NexGen Solutions,Inbound - Webinar,Nurture,36,,,,2024-09-05T00:00:00
2787,James,Williams,james.williams2787@primepathdigital.com,PrimePath Digital,Outbound - SDR,Converted,76,2144,909,2024-04-29,2024-02-24T00:00:00
2788,Nancy,Lopez,nancy.lopez2788@databridgecorp.com,DataBridge Corp,Outbound - Cold,Nurture,60,,,,2023-11-06T00:00:00
2789,Thomas,Jackson,thomas.jackson2789@brightwavetech.com,BrightWave Tech,Partner Referral,Converted,63,1448,597,2021-10-08,2021-08-27T00:00:00
2790,Karen,Gonzalez,karen.gonzalez2790@quantumlogiclabs.com,QuantumLogic Labs,Social Media,Converted,85,3128,369,2024-08-14,2024-07-02T00:00:00
2791,Joseph,Martin,joseph.martin2791@streamlineanalytics.com,StreamLine Analytics,Event,Disqualified,10,,,,2021-06-13T00:00:00
2792,Joseph,Lopez,joseph.lopez2792@primepathdigital.com,PrimePath Digital,Event,Converted,68,523,63,2024-04-12,2024-03-15T00:00:00
2793,Thomas,Hernandez,thomas.hernandez2793@rapidcloud.com,RapidCloud,Outbound - Cold,Converted,54,2149,352,2024-07-24,2024-07-12T00:00:00
2794,Charles,Jackson,charles.jackson2794@brightwavetech.com,BrightWave Tech,Paid Search,Working,27,,,,2021-03-30T00:00:00
2795,Robert,Thomas,robert.thomas2795@quantumlogiclabs.com,QuantumLogic Labs,Outbound - Cold,MQL,67,,,,2024-08-08T00:00:00
2796,Nancy,Jones,nancy.jones2796@techflowinc.com,TechFlow Inc,Product-Led,SQL,91,,,,2021-07-31T00:00:00
2797,Robert,Lee,robert.lee2797@streamlineanalytics.com,StreamLine Analytics,Inbound - Content,New,40,,,,2020-05-12T00:00:00
2798,Robert,Gonzalez,robert.gonzalez2798@primepathdigital.com,PrimePath Digital,Inbound - Webinar,New,42,,,,2024-08-12T00:00:00
2799,Karen,Hernandez,karen.hernandez2799@insightplatforms.com,Insight Platforms,Outbound - Cold,New,37,,,,2023-11-01T00:00:00
2800,Nancy,Lee,nancy.lee2800@innovateco.com,InnovateCo,Inbound - Webinar,SQL,83,,,,2020-08-16T00:00:00
2801,Elizabeth,Smith,elizabeth.smith2801@techflowinc.com,TechFlow Inc,Inbound - Web,SQL,90,,,,2021-01-15T00:00:00
2802,Daniel,Johnson,daniel.johnson2802@agiledynamics.com,Agile Dynamics,Product-Led,Converted,99,499,983,2024-05-14,2024-04-16T00:00:00
2803,Richard,Jones,richard.jones2803@brightwavetech.com,BrightWave Tech,Outbound - Cold,Disqualified,23,,,,2021-10-25T00:00:00
2804,Nancy,Williams,nancy.williams2804@quantumlogiclabs.com,QuantumLogic Labs,Outbound - Cold,Nurture,67,,,,2022-09-08T00:00:00
2805,Sarah,Davis,sarah.davis2805@scaleupsystems.com,ScaleUp Systems,Inbound - Content,SQL,51,,,,2023-06-23T00:00:00
2806,William,Miller,,RapidCloud,Partner Referral,Nurture,51,,,,2020-05-03T00:00:00
2807,Linda,Williams,linda.williams2807@scaleupsystems.com,ScaleUp Systems,Outbound - Cold,SQL,93,,,,2023-09-09T00:00:00
2808,David,Rodriguez,david.rodriguez2808@nexgensolutions.com,NexGen Solutions,Inbound - Web,Working,38,,,,2022-12-04T00:00:00
2809,Mary,Wilson,mary.wilson2809@nexgensolutions.com,NexGen Solutions,,MQL,90,,,,2024-04-10T00:00:00
2810,Richard,Taylor,richard.taylor2810@cloudscalesystems.com,CloudScale Systems,Paid Search,MQL,60,,,,2022-06-16T00:00:00
2811,Jessica,Miller,jessica.miller2811@techflowinc.com,TechFlow Inc,Partner Referral,MQL,53,,,,2022-03-06T00:00:00
2812,Elizabeth,Wilson,elizabeth.wilson2812@quantumlogiclabs.com,QuantumLogic Labs,Event,New,60,,,,2023-04-14T00:00:00
2813,Richard,Smith,richard.smith2813@corestack.com,CoreStack,Outbound - Cold,Working,47,,,,2023-07-19T00:00:00
2814,Mary,Smith,mary.smith2814@cybervault.com,CyberVault,Outbound - SDR,Nurture,55,,,,2020-12-27T00:00:00
2815,Robert,Lee,robert.lee2815@futureforge.com,FutureForge,Product-Led,Nurture,35,,,,2020-04-21T00:00:00
2816,Thomas,Taylor,thomas.taylor2816@cybervault.com,CyberVault,Inbound - Webinar,Working,69,,,,2021-03-28T00:00:00
2817,John,Anderson,john.anderson2817@truenorthdata.com,TrueNorth Data,Inbound - Webinar,Disqualified,20,,,,2020-06-05T00:00:00
2818,Karen,Brown,,CoreStack,Inbound - Web,MQL,64,,,,2023-02-20T00:00:00
2819,Christopher,Miller,,InnovateCo,Outbound - SDR,Disqualified,17,,,,2021-07-19T00:00:00
2820,David,Johnson,david.johnson2820@truenorthdata.com,TrueNorth Data,Product-Led,SQL,65,,,,2024-10-28T00:00:00
2821,Mary,Martinez,mary.martinez2821@rapidcloud.com,RapidCloud,Event,New,53,,,,2023-05-23T00:00:00
2822,Christopher,Johnson,christopher.johnson2822@insightplatforms.com,Insight Platforms,Paid Search,Working,50,,,,2023-11-21T00:00:00
2823,Jennifer,Brown,jennifer.brown2823@quantumlogiclabs.com,QuantumLogic Labs,Inbound - Web,Working,33,,,,2020-12-21T00:00:00
2824,Jennifer,Martinez,jennifer.martinez2824@brightwavetech.com,BrightWave Tech,Outbound - Cold,Disqualified,13,,,,2020-08-21T00:00:00
2825,Linda,Lopez,linda.lopez2825@databridgecorp.com,DataBridge Corp,Inbound - Content,MQL,59,,,,2020-04-09T00:00:00
2826,Joseph,Moore,joseph.moore2826@techflowinc.com,TechFlow Inc,Inbound - Web,Converted,66,3759,426,2021-11-07,2021-10-06T00:00:00
2827,James,Hernandez,james.hernandez2827@cybervault.com,CyberVault,Product-Led,New,11,,,,2020-06-11T00:00:00
2828,Elizabeth,Thompson,elizabeth.thompson2828@metasync.com,MetaSync,Social Media,New,55,,,,2020-08-15T00:00:00
2829,David,Smith,david.smith2829@truenorthdata.com,TrueNorth Data,Social Media,New,13,,,,2024-10-06T00:00:00
2830,Barbara,Martin,barbara.martin2830@brightwavetech.com,BrightWave Tech,Outbound - SDR,New,58,,,,2021-12-16T00:00:00
2831,Richard,Davis,richard.davis2831@nexgensolutions.com,NexGen Solutions,Inbound - Content,Converted,80,3603,463,2023-12-16,2023-10-04T00:00:00
2832,Joseph,Thomas,joseph.thomas2832@cybervault.com,CyberVault,Inbound - Web,Disqualified,30,,,,2021-07-03T00:00:00
2833,Karen,Thompson,karen.thompson2833@quantumlogiclabs.com,QuantumLogic Labs,Inbound - Content,MQL,56,,,,2022-09-18T00:00:00
2834,Jessica,Taylor,jessica.taylor2834@innovateco.com,InnovateCo,Paid Search,Nurture,57,,,,2024-11-19T00:00:00
2835,Elizabeth,Jackson,elizabeth.jackson2835@futureforge.com,FutureForge,Partner Referral,Converted,76,1715,814,2023-12-24,2023-10-06T00:00:00
2836,Sarah,Taylor,sarah.taylor2836@futureforge.com,FutureForge,Social Media,Nurture,15,,,,2020-01-09T00:00:00
2837,Barbara,Moore,barbara.moore2837@nexgensolutions.com,NexGen Solutions,Product-Led,New,28,,,,2023-11-15T00:00:00
2838,Elizabeth,Lopez,elizabeth.lopez2838@corestack.com,CoreStack,Inbound - Content,Nurture,12,,,,2020-01-10T00:00:00
2839,Charles,Jones,charles.jones2839@vertexai.com,VertexAI,Outbound - SDR,Disqualified,12,,,,2024-04-23T00:00:00
2840,Patricia,Smith,patricia.smith2840@corestack.com,CoreStack,Social Media,Converted,52,1172,372,2024-11-14,2024-10-10T00:00:00
2841,Jessica,Hernandez,jessica.hernandez2841@scaleupsystems.com,ScaleUp Systems,Inbound - Content,MQL,91,,,,2020-11-12T00:00:00
2842,Karen,Lopez,karen.lopez2842@quantumlogiclabs.com,QuantumLogic Labs,Outbound - Cold,Nurture,42,,,,2020-02-02T00:00:00
2843,Susan,Taylor,susan.taylor2843@truenorthdata.com,TrueNorth Data,Inbound - Webinar,Working,11,,,,2022-10-29T00:00:00
2844,Charles,Thomas,,DataBridge Corp,Product-Led,Converted,69,4190,329,2024-01-11,2023-11-30T00:00:00
2845,Patricia,Lopez,patricia.lopez2845@streamlineanalytics.com,StreamLine Analytics,Product-Led,Disqualified,7,,,,2022-07-12T00:00:00
2846,Christopher,Smith,christopher.smith2846@databridgecorp.com,DataBridge Corp,Outbound - Cold,Working,45,,,,2024-01-27T00:00:00
2847,Sarah,Jones,sarah.jones2847@futureforge.com,FutureForge,Inbound - Content,MQL,50,,,,2020-12-10T00:00:00
2848,David,Williams,david.williams2848@agiledynamics.com,Agile Dynamics,Partner Referral,Disqualified,1,,,,2023-11-05T00:00:00
2849,Charles,Gonzalez,charles.gonzalez2849@metasync.com,MetaSync,Outbound - SDR,Nurture,-69,,,,2024-11-24T00:00:00
2850,Patricia,Williams,patricia.williams2850@agiledynamics.com,Agile Dynamics,Outbound - SDR,New,59,,,,2022-02-21T00:00:00
2851,Mary,Johnson,mary.johnson2851@cloudscalesystems.com,CloudScale Systems,Outbound - Cold,Working,70,,,,2023-08-24T00:00:00
2852,Patricia,Davis,patricia.davis2852@corestack.com,CoreStack,Outbound - SDR,New,31,,,,2024-01-06T00:00:00
2853,Susan,Davis,susan.davis2853@insightplatforms.com,Insight Platforms,Product-Led,Disqualified,28,,,,2021-06-08T00:00:00
2854,Jennifer,Smith,jennifer.smith2854@corestack.com,CoreStack,Outbound - Cold,New,16,,,,2024-03-12T00:00:00
2855,Jennifer,Martinez,jennifer.martinez2855@agiledynamics.com,Agile Dynamics,Social Media,New,52,,,,2021-08-07T00:00:00
2856,Karen,Thomas,karen.thomas2856@truenorthdata.com,TrueNorth Data,Partner Referral,Nurture,-57,,,,2023-04-25T00:00:00
2857,Thomas,Garcia,thomas.garcia2857@agiledynamics.com,Agile Dynamics,Product-Led,Working,63,,,,2021-10-24T00:00:00
2858,Robert,Williams,robert.williams2858@scaleupsystems.com,ScaleUp Systems,,Disqualified,15,,,,2023-04-02T00:00:00
2859,Mary,Lee,mary.lee2859@innovateco.com,InnovateCo,Social Media,MQL,59,,,,2021-09-14T00:00:00
2860,Barbara,Smith,barbara.smith2860@nexgensolutions.com,NexGen Solutions,Inbound - Webinar,Converted,51,188,835,2024-09-03,2024-07-16T00:00:00
2861,Elizabeth,Anderson,elizabeth.anderson2861@insightplatforms.com,Insight Platforms,Social Media,Working,44,,,,2021-03-09T00:00:00
2862,Nancy,Davis,nancy.davis2862@databridgecorp.com,DataBridge Corp,Product-Led,Converted,64,1785,248,2024-10-31,2024-09-28T00:00:00
2863,Mary,Davis,mary.davis2863@metasync.com,MetaSync,Inbound - Content,Converted,69,3931,413,2024-10-01,2024-09-01T00:00:00
2864,Patricia,Moore,patricia.moore2864@primepathdigital.com,PrimePath Digital,Outbound - SDR,Working,29,,,,2024-04-26T00:00:00
2865,William,Davis,william.davis2865@corestack.com,CoreStack,Outbound - Cold,Working,23,,,,2023-03-07T00:00:00
2866,Mary,Brown,mary.brown2866@databridgecorp.com,DataBridge Corp,Inbound - Web,SQL,70,,,,2023-07-08T00:00:00
2867,Thomas,Jones,,PulsePoint Digital,Inbound - Webinar,MQL,71,,,,2022-11-23T00:00:00
2868,Mary,Wilson,mary.wilson2868@innovateco.com,InnovateCo,Outbound - SDR,New,59,,,,2021-12-09T00:00:00
2869,Susan,Jones,susan.jones2869@pulsepointdigital.com,PulsePoint Digital,Partner Referral,SQL,58,,,,2022-04-01T00:00:00
2870,Elizabeth,Rodriguez,elizabeth.rodriguez2870@futureforge.com,FutureForge,Inbound - Web,Disqualified,16,,,,2023-01-10T00:00:00
2871,Nancy,Anderson,,PrimePath Digital,Event,New,11,,,,2023-03-21T00:00:00
2872,Linda,Hernandez,linda.hernandez2872@rapidcloud.com,RapidCloud,Inbound - Webinar,MQL,89,,,,2024-08-29T00:00:00
2873,Patricia,Davis,patricia.davis2873@agiledynamics.com,Agile Dynamics,Outbound - Cold,Disqualified,6,,,,2021-03-07T00:00:00
2874,William,Hernandez,william.hernandez2874@vertexai.com,VertexAI,Event,New,51,,,,2021-10-07T00:00:00
2875,John,Jones,john.jones2875@scaleupsystems.com,ScaleUp Systems,Product-Led,Disqualified,30,,,,2020-12-17T00:00:00
2876,David,Rodriguez,david.rodriguez2876@quantumlogiclabs.com,QuantumLogic Labs,Outbound - SDR,New,63,,,,2020-02-22T00:00:00
2877,David,Johnson,david.johnson2877@nexgensolutions.com,NexGen Solutions,Inbound - Webinar,Converted,64,4458,390,2023-12-31,2023-11-12T00:00:00
2878,Lisa,Jones,lisa.jones2878@scaleupsystems.com,ScaleUp Systems,Product-Led,Converted,90,76,542,2024-07-12,2024-06-24T00:00:00
2879,Jessica,Jackson,jessica.jackson2879@quantumlogiclabs.com,QuantumLogic Labs,,SQL,81,,,,2021-04-04T00:00:00
2880,David,Gonzalez,david.gonzalez2880@pulsepointdigital.com,PulsePoint Digital,Paid Search,Working,11,,,,2021-08-15T00:00:00
2881,Joseph,Moore,joseph.moore2881@primepathdigital.com,PrimePath Digital,Inbound - Webinar,Converted,75,2092,780,2022-11-19,2022-11-19T00:00:00
2882,Jessica,Williams,jessica.williams2882@scaleupsystems.com,ScaleUp Systems,Outbound - SDR,New,19,,,,2020-10-04T00:00:00
2883,Patricia,Anderson,,PulsePoint Digital,Product-Led,Disqualified,17,,,,2023-08-23T00:00:00
2884,Barbara,Taylor,barbara.taylor2884@nexgensolutions.com,NexGen Solutions,Inbound - Content,Converted,81,582,112,2024-04-17,2024-03-17T00:00:00
2885,Karen,Rodriguez,karen.rodriguez2885@innovateco.com,InnovateCo,Inbound - Webinar,Working,21,,,,2021-12-20T00:00:00
2886,Elizabeth,Davis,elizabeth.davis2886@futureforge.com,FutureForge,Product-Led,Disqualified,13,,,,2022-07-27T00:00:00
2887,Susan,Jones,susan.jones2887@quantumlogiclabs.com,QuantumLogic Labs,Social Media,Working,15,,,,2022-04-04T00:00:00
2888,Mary,Jones,mary.jones2888@cloudscalesystems.com,CloudScale Systems,Partner Referral,Working,29,,,,2023-12-19T00:00:00
2889,Joseph,Thompson,joseph.thompson2889@cybervault.com,CyberVault,Paid Search,New,39,,,,2021-11-26T00:00:00
2890,Thomas,Thompson,thomas.thompson2890@rapidcloud.com,RapidCloud,Outbound - Cold,MQL,93,,,,2024-10-08T00:00:00
2891,Robert,Miller,robert.miller2891@agiledynamics.com,Agile Dynamics,Outbound - SDR,MQL,73,,,,2024-12-23T00:00:00
2892,James,Davis,james.davis2892@scaleupsystems.com,ScaleUp Systems,Outbound - Cold,SQL,61,,,,2024-05-26T00:00:00
2893,Charles,Martinez,charles.martinez2893@quantumlogiclabs.com,QuantumLogic Labs,Product-Led,Converted,53,2431,77,2023-10-31,2023-09-24T00:00:00
2894,Christopher,Miller,christopher.miller2894@innovateco.com,InnovateCo,Outbound - SDR,Working,64,,,,2024-01-02T00:00:00
2895,Daniel,Martin,daniel.martin2895@cloudscalesystems.com,CloudScale Systems,Inbound - Web,Nurture,22,,,,2023-02-23T00:00:00
2896,John,Lopez,john.lopez2896@pulsepointdigital.com,PulsePoint Digital,Inbound - Web,Working,32,,,,2020-10-17T00:00:00
2897,Linda,Jones,linda.jones2897@futureforge.com,FutureForge,Outbound - SDR,Converted,61,4136,456,2024-12-13,2024-11-03T00:00:00
2898,Susan,Smith,susan.smith2898@scaleupsystems.com,ScaleUp Systems,Product-Led,New,31,,,,2024-07-09T00:00:00
2899,Patricia,Taylor,patricia.taylor2899@metasync.com,MetaSync,Inbound - Webinar,MQL,59,,,,2023-08-10T00:00:00
2900,Joseph,Moore,,MetaSync,Social Media,Nurture,16,,,,2020-07-22T00:00:00
2901,Nancy,Miller,nancy.miller2901@rapidcloud.com,RapidCloud,Product-Led,Converted,99,2078,854,2023-04-23,2023-02-09T00:00:00
2902,Barbara,Martinez,barbara.martinez2902@quantumlogiclabs.com,QuantumLogic Labs,Product-Led,Nurture,20,,,,2023-12-20T00:00:00
2903,Thomas,Anderson,thomas.anderson2903@insightplatforms.com,Insight Platforms,Outbound - SDR,SQL,62,,,,2024-03-21T00:00:00
2904,Susan,Rodriguez,susan.rodriguez2904@cybervault.com,CyberVault,Social Media,MQL,86,,,,2021-11-13T00:00:00
2905,Joseph,Johnson,joseph.johnson2905@streamlineanalytics.com,StreamLine Analytics,Partner Referral,New,22,,,,2023-05-07T00:00:00
2906,William,Lee,william.lee2906@truenorthdata.com,TrueNorth Data,Social Media,New,38,,,,2022-09-22T00:00:00
2907,Lisa,Miller,lisa.miller2907@pulsepointdigital.com,PulsePoint Digital,Partner Referral,Disqualified,11,,,,2023-03-10T00:00:00
2908,Mary,Lopez,mary.lopez2908@rapidcloud.com,RapidCloud,Inbound - Web,New,15,,,,2020-12-02T00:00:00
2909,Thomas,Lee,thomas.lee2909@metasync.com,MetaSync,Partner Referral,Converted,100,3157,477,2024-07-30,2024-05-26T00:00:00
2910,Michael,Garcia,michael.garcia2910@cloudscalesystems.com,CloudScale Systems,Social Media,Working,11,,,,2022-08-27T00:00:00
2911,Susan,Brown,susan.brown2911@brightwavetech.com,BrightWave Tech,Inbound - Web,New,45,,,,2024-07-13T00:00:00
2912,William,Anderson,william.anderson2912@truenorthdata.com,TrueNorth Data,Partner Referral,Converted,93,2218,166,2023-12-12,2023-11-10T00:00:00
2913,Thomas,Lee,thomas.lee2913@futureforge.com,FutureForge,Product-Led,Converted,66,2807,7,2021-09-14,2021-07-09T00:00:00
2914,Thomas,Johnson,thomas.johnson2914@innovateco.com,InnovateCo,Inbound - Content,Converted,98,710,979,2024-12-09,2024-09-26T00:00:00
2915,Sarah,Moore,sarah.moore2915@primepathdigital.com,PrimePath Digital,Event,SQL,51,,,,2024-01-30T00:00:00
2916,Nancy,Jones,nancy.jones2916@cloudscalesystems.com,CloudScale Systems,Event,New,50,,,,2020-05-19T00:00:00
2917,Mary,Hernandez,,QuantumLogic Labs,Inbound - Web,Nurture,51,,,,2024-11-09T00:00:00
2918,Patricia,Smith,patricia.smith2918@agiledynamics.com,Agile Dynamics,Event,MQL,72,,,,2020-05-23T00:00:00
2919,Patricia,Garcia,patricia.garcia2919@vertexai.com,VertexAI,Inbound - Web,New,65,,,,2023-07-03T00:00:00
2920,Charles,Thompson,charles.thompson2920@rapidcloud.com,RapidCloud,Outbound - Cold,Nurture,35,,,,2023-09-09T00:00:00
2921,Thomas,Martinez,thomas.martinez2921@cloudscalesystems.com,CloudScale Systems,Paid Search,New,10,,,,2023-09-18T00:00:00
2922,Mary,Brown,mary.brown2922@scaleupsystems.com,ScaleUp Systems,Outbound - Cold,Disqualified,27,,,,2024-10-30T00:00:00
2923,Lisa,Jones,lisa.jones2923@insightplatforms.com,Insight Platforms,Partner Referral,New,54,,,,2024-10-08T00:00:00
2924,Christopher,Thompson,christopher.thompson2924@metasync.com,MetaSync,Inbound - Web,Converted,51,2157,805,2024-08-28,2024-08-09T00:00:00
2925,Elizabeth,Wilson,elizabeth.wilson2925@cybervault.com,CyberVault,Outbound - Cold,Converted,50,996,809,2022-12-10,2022-11-13T00:00:00
2926,Karen,Jones,,PrimePath Digital,Outbound - SDR,Disqualified,24,,,,2023-05-03T00:00:00
2927,Patricia,Lee,patricia.lee2927@databridgecorp.com,DataBridge Corp,Paid Search,New,40,,,,2022-02-28T00:00:00
2928,Elizabeth,Anderson,elizabeth.anderson2928@streamlineanalytics.com,StreamLine Analytics,Inbound - Webinar,Disqualified,18,,,,2020-12-18T00:00:00
2929,Sarah,Davis,sarah.davis,PrimePath Digital,,Working,11,,,,2023-01-19T00:00:00
2930,Jessica,Anderson,jessica.anderson2930@metasync.com,MetaSync,Outbound - Cold,Working,42,,,,2022-02-26T00:00:00
2931,Linda,Thomas,linda.thomas,PrimePath Digital,Outbound - SDR,Disqualified,11,,,,2020-04-29T00:00:00
2932,John,Brown,john.brown2932@cloudscalesystems.com,CloudScale Systems,Partner Referral,Nurture,44,,,,2023-01-09T00:00:00
2933,Michael,Anderson,michael.anderson2933@agiledynamics.com,Agile Dynamics,Outbound - SDR,SQL,84,,,,2023-02-04T00:00:00
2934,Patricia,Lopez,patricia.lopez2934@streamlineanalytics.com,StreamLine Analytics,,Nurture,54,,,,2021-01-22T00:00:00
2935,Jennifer,Smith,jennifer.smith2935@insightplatforms.com,Insight Platforms,Event,MQL,75,,,,2023-09-10T00:00:00
2936,Elizabeth,Garcia,elizabeth.garcia2936@nexgensolutions.com,NexGen Solutions,Inbound - Content,Nurture,47,,,,2021-05-06T00:00:00
2937,Daniel,Brown,daniel.brown2937@quantumlogiclabs.com,QuantumLogic Labs,Event,Converted,87,4638,221,2024-10-30,2024-08-20T00:00:00
2938,James,Jones,james.jones2938@databridgecorp.com,DataBridge Corp,Inbound - Web,MQL,88,,,,2020-03-19T00:00:00
2939,Robert,Wilson,robert.wilson2939@metasync.com,MetaSync,Paid Search,New,20,,,,2020-07-30T00:00:00
2940,Richard,Jones,richard.jones2940@techflowinc.com,TechFlow Inc,Partner Referral,Working,12,,,,2022-05-05T00:00:00
2941,Susan,Lee,susan.lee2941@cloudscalesystems.com,CloudScale Systems,Outbound - SDR,Disqualified,30,,,,2024-04-12T00:00:00
2942,Robert,Jones,robert.jones2942@quantumlogiclabs.com,QuantumLogic Labs,Outbound - Cold,Converted,86,1451,286,2024-09-28,2024-08-16T00:00:00
2943,Nancy,Gonzalez,nancy.gonzalez2943@streamlineanalytics.com,StreamLine Analytics,,Converted,84,1757,881,2022-12-15,2022-12-02T00:00:00
2944,John,Thomas,john.thomas2944@agiledynamics.com,Agile Dynamics,Event,Converted,52,3424,263,2021-07-31,2021-05-15T00:00:00
2945,Barbara,Moore,barbara.moore2945@pulsepointdigital.com,PulsePoint Digital,Event,Working,52,,,,2024-07-04T00:00:00
2946,Michael,Martinez,michael.martinez2946@vertexai.com,VertexAI,Paid Search,Nurture,27,,,,2022-11-18T00:00:00
2947,Susan,Jones,susan.jones2947@agiledynamics.com,Agile Dynamics,Event,Nurture,24,,,,2024-07-12T00:00:00
2948,James,Smith,james.smith2948@corestack.com,CoreStack,Inbound - Content,Nurture,14,,,,2023-04-17T00:00:00
2949,William,Lopez,william.lopez2949@corestack.com,CoreStack,Inbound - Webinar,MQL,90,,,,2021-12-28T00:00:00
2950,David,Garcia,david.garcia2950@corestack.com,CoreStack,Product-Led,Working,52,,,,2021-05-21T00:00:00
2951,Robert,Lee,robert.lee2951@techflowinc.com,TechFlow Inc,Inbound - Webinar,Working,69,,,,2024-12-14T00:00:00
2952,Jessica,Anderson,jessica.anderson2952@metasync.com,MetaSync,Paid Search,Converted,79,2901,336,2022-12-27,2022-12-20T00:00:00
2953,Joseph,Davis,joseph.davis2953@futureforge.com,FutureForge,Social Media,Disqualified,13,,,,2023-12-20T00:00:00
2954,Mary,Moore,mary.moore2954@corestack.com,CoreStack,Inbound - Content,SQL,59,,,,2022-02-24T00:00:00
2955,James,Brown,james.brown2955@brightwavetech.com,BrightWave Tech,Event,Working,50,,,,2020-05-28T00:00:00
2956,Linda,Martin,linda.martin2956@databridgecorp.com,DataBridge Corp,Inbound - Content,New,30,,,,2024-11-19T00:00:00
2957,Susan,Lopez,susan.lopez2957@cloudscalesystems.com,CloudScale Systems,Paid Search,MQL,77,,,,2023-09-21T00:00:00
2958,Linda,Moore,linda.moore2958@techflowinc.com,TechFlow Inc,Social Media,New,49,,,,2020-09-17T00:00:00
2959,Sarah,Williams,sarah.williams2959@cybervault.com,CyberVault,Inbound - Content,Disqualified,4,,,,2022-04-23T00:00:00
2960,Jessica,Moore,jessica.moore2960@cybervault.com,CyberVault,Social Media,SQL,69,,,,2020-02-16T00:00:00
2961,Michael,Hernandez,michael.hernandez2961@rapidcloud.com,RapidCloud,Inbound - Webinar,Disqualified,28,,,,2021-10-12T00:00:00
2962,John,Brown,john.brown2962@vertexai.com,VertexAI,,Working,68,,,,2021-11-25T00:00:00
2963,Thomas,Rodriguez,thomas.rodriguez2963@cybervault.com,CyberVault,Outbound - SDR,New,18,,,,2024-03-05T00:00:00
2964,Richard,Gonzalez,richard.gonzalez2964@nexgensolutions.com,NexGen Solutions,Product-Led,Converted,82,3387,388,2024-06-24,2024-06-12T00:00:00
2965,Jessica,Lee,jessica.lee2965@brightwavetech.com,BrightWave Tech,Partner Referral,Nurture,31,,,,2023-03-06T00:00:00
2966,Barbara,Martin,barbara.martin2966@rapidcloud.com,RapidCloud,Partner Referral,Converted,50,2438,649,2024-10-18,2024-08-19T00:00:00
2967,Mary,Gonzalez,mary.gonzalez2967@pulsepointdigital.com,PulsePoint Digital,Product-Led,Disqualified,6,,,,2022-02-11T00:00:00
2968,Susan,Wilson,susan.wilson2968@metasync.com,MetaSync,Product-Led,Disqualified,12,,,,2021-04-08T00:00:00
2969,Susan,Anderson,susan.anderson2969@databridgecorp.com,DataBridge Corp,Event,New,43,,,,2024-07-16T00:00:00
2970,Mary,Jones,mary.jones2970@vertexai.com,VertexAI,Paid Search,Working,60,,,,2023-11-19T00:00:00
2971,Michael,Martinez,michael.martinez2971@nexgensolutions.com,NexGen Solutions,Inbound - Content,New,65,,,,2023-05-17T00:00:00
2972,Patricia,Lopez,patricia.lopez2972@vertexai.com,VertexAI,Product-Led,Disqualified,26,,,,2020-06-18T00:00:00
2973,Barbara,Lee,barbara.lee2973@scaleupsystems.com,ScaleUp Systems,Paid Search,Converted,73,261,406,2021-05-04,2021-04-09T00:00:00
2974,Richard,Davis,richard.davis2974@streamlineanalytics.com,StreamLine Analytics,Partner Referral,Converted,97,3000,359,2022-04-18,2022-01-26T00:00:00
2975,Jennifer,Lopez,jennifer.lopez2975@futureforge.com,FutureForge,Paid Search,New,22,,,,2023-09-28T00:00:00
2976,Nancy,Lopez,nancy.lopez2976@pulsepointdigital.com,PulsePoint Digital,Social Media,New,31,,,,2021-05-05T00:00:00
2977,Linda,Brown,linda.brown2977@primepathdigital.com,PrimePath Digital,Inbound - Webinar,Nurture,16,,,,2023-05-04T00:00:00
2978,David,Johnson,david.johnson2978@scaleupsystems.com,ScaleUp Systems,Partner Referral,Disqualified,18,,,,2024-08-28T00:00:00
2979,James,Martin,james.martin2979@cloudscalesystems.com,CloudScale Systems,Paid Search,Disqualified,9,,,,2021-01-17T00:00:00
2980,James,Rodriguez,james.rodriguez2980@insightplatforms.com,Insight Platforms,,MQL,61,,,,2021-04-29T00:00:00
2981,Robert,Garcia,robert.garcia2981@innovateco.com,InnovateCo,Partner Referral,MQL,-79,,,,2021-02-25T00:00:00
2982,Linda,Rodriguez,linda.rodriguez2982@nexgensolutions.com,NexGen Solutions,Partner Referral,Converted,89,526,119,2022-05-29,2022-04-22T00:00:00
2983,Charles,Jones,charles.jones2983@insightplatforms.com,Insight Platforms,Inbound - Content,MQL,97,,,,2020-03-08T00:00:00
2984,Lisa,Rodriguez,lisa.rodriguez2984@cybervault.com,CyberVault,Partner Referral,New,30,,,,2022-07-18T00:00:00
2985,Lisa,Brown,lisa.brown2985@vertexai.com,VertexAI,Inbound - Content,Converted,64,1570,605,2024-06-23,2024-04-07T00:00:00
2986,Karen,Hernandez,,ScaleUp Systems,Partner Referral,Converted,90,515,477,2024-04-10,2024-01-28T00:00:00
2987,Elizabeth,Thomas,elizabeth.thomas2987@agiledynamics.com,Agile Dynamics,Paid Search,New,67,,,,2023-06-08T00:00:00
2988,Nancy,Jones,nancy.jones2988@vertexai.com,VertexAI,Inbound - Web,Converted,70,1418,324,2024-09-09,2024-08-21T00:00:00
2989,David,Davis,david.davis2989@nexgensolutions.com,NexGen Solutions,Inbound - Web,Nurture,31,,,,2020-08-16T00:00:00
2990,Barbara,Rodriguez,barbara.rodriguez2990@pulsepointdigital.com,PulsePoint Digital,Inbound - Webinar,New,41,,,,2020-12-03T00:00:00
2991,Nancy,Martinez,nancy.martinez2991@brightwavetech.com,BrightWave Tech,Partner Referral,Nurture,13,,,,2021-10-15T00:00:00
2992,David,Jones,david.jones,PrimePath Digital,Outbound - SDR,Working,36,,,,2022-02-22T00:00:00
2993,Jessica,Johnson,jessica.johnson2993@insightplatforms.com,Insight Platforms,Inbound - Content,New,24,,,,2022-04-26T00:00:00
2994,Thomas,Martin,thomas.martin2994@nexgensolutions.com,NexGen Solutions,Inbound - Webinar,Working,17,,,,2022-05-14T00:00:00
2995,Linda,Williams,linda.williams2995@innovateco.com,InnovateCo,Social Media,Working,22,,,,2024-09-22T00:00:00
2996,Jennifer,Anderson,jennifer.anderson2996@quantumlogiclabs.com,QuantumLogic Labs,Partner Referral,Working,16,,,,2020-11-18T00:00:00
2997,Michael,Martin,michael.martin2997@metasync.com,MetaSync,Outbound - Cold,New,42,,,,2023-09-19T00:00:00
2998,Karen,Martinez,karen.martinez2998@truenorthdata.com,TrueNorth Data,Outbound - Cold,Disqualified,2,,,,2021-08-01T00:00:00
2999,Linda,Jackson,linda.jackson2999@quantumlogiclabs.com,QuantumLogic Labs,Inbound - Web,Converted,93,677,231,2024-11-20,2024-11-04T00:00:00
3000,Patricia,Jones,patricia.jones3000@rapidcloud.com,RapidCloud,Paid Search,Working,32,,,,2024-02-03T00:00:00
3001,Sarah,Lopez,sarah.lopez3001@quantumlogiclabs.com,QuantumLogic Labs,Social Media,Converted,71,1857,111,2023-08-01,2023-05-18T00:00:00
3002,Barbara,Jones,barbara.jones3002@insightplatforms.com,Insight Platforms,Product-Led,Converted,91,4173,653,2022-06-25,2022-06-15T00:00:00
3003,Susan,Lee,susan.lee3003@insightplatforms.com,Insight Platforms,Outbound - Cold,Working,64,,,,2021-12-30T00:00:00
3004,Barbara,Jones,barbara.jones3004@techflowinc.com,TechFlow Inc,Event,SQL,78,,,,2022-09-15T00:00:00
3005,Robert,Davis,robert.davis3005@techflowinc.com,TechFlow Inc,Outbound - Cold,Nurture,14,,,,2024-01-17T00:00:00
3006,Nancy,Martinez,nancy.martinez3006@rapidcloud.com,RapidCloud,Inbound - Web,New,43,,,,2022-09-30T00:00:00
3007,James,Miller,james.miller3007@pulsepointdigital.com,PulsePoint Digital,,SQL,83,,,,2022-12-03T00:00:00
3008,Michael,Jackson,michael.jackson3008@primepathdigital.com,PrimePath Digital,Outbound - SDR,Working,21,,,,2023-02-19T00:00:00
3009,Linda,Garcia,linda.garcia3009@databridgecorp.com,DataBridge Corp,,MQL,98,,,,2024-06-05T00:00:00
3010,Jennifer,Thomas,jennifer.thomas3010@techflowinc.com,TechFlow Inc,Partner Referral,Converted,88,4877,394,2023-04-01,2023-02-14T00:00:00
3011,Thomas,Smith,thomas.smith3011@cybervault.com,CyberVault,Social Media,MQL,52,,,,2024-04-21T00:00:00
3012,Robert,Hernandez,robert.hernandez3012@nexgensolutions.com,NexGen Solutions,Partner Referral,Disqualified,14,,,,2020-07-02T00:00:00
3013,Daniel,Lopez,daniel.lopez3013@streamlineanalytics.com,StreamLine Analytics,Product-Led,Converted,84,3922,85,2024-10-07,2024-07-25T00:00:00
3014,Barbara,Garcia,barbara.garcia3014@cloudscalesystems.com,CloudScale Systems,Product-Led,Converted,95,436,911,2024-12-14,2024-12-06T00:00:00
3015,Linda,Jackson,linda.jackson3015@nexgensolutions.com,NexGen Solutions,Social Media,New,55,,,,2021-05-19T00:00:00
3016,Karen,Martin,karen.martin3016@scaleupsystems.com,ScaleUp Systems,Inbound - Webinar,Disqualified,8,,,,2021-11-20T00:00:00
3017,John,Hernandez,john.hernandez3017@rapidcloud.com,RapidCloud,Social Media,Disqualified,1,,,,2022-05-11T00:00:00
3018,Jessica,Thompson,jessica.thompson3018@databridgecorp.com,DataBridge Corp,Social Media,Nurture,65,,,,2023-01-07T00:00:00
3019,Patricia,Lopez,patricia.lopez3019@vertexai.com,VertexAI,Inbound - Webinar,New,63,,,,2024-03-13T00:00:00
3020,Mary,Lopez,mary.lopez3020@innovateco.com,InnovateCo,Inbound - Content,Working,24,,,,2020-01-02T00:00:00
3021,Richard,Hernandez,richard.hernandez3021@cloudscalesystems.com,CloudScale Systems,Social Media,MQL,60,,,,2023-12-13T00:00:00
3022,Michael,Wilson,michael.wilson3022@agiledynamics.com,Agile Dynamics,Outbound - Cold,Nurture,62,,,,2020-08-19T00:00:00
3023,David,Gonzalez,david.gonzalez3023@corestack.com,CoreStack,Inbound - Webinar,Converted,79,1183,607,2024-12-26,2024-10-01T00:00:00
3024,Sarah,Thompson,sarah.thompson3024@streamlineanalytics.com,StreamLine Analytics,Outbound - SDR,MQL,99,,,,2024-12-28T00:00:00
3025,Richard,Anderson,richard.anderson3025@brightwavetech.com,BrightWave Tech,Inbound - Web,SQL,73,,,,2024-01-12T00:00:00
3026,Thomas,Taylor,,CoreStack,,SQL,72,,,,2021-01-06T00:00:00
3027,Joseph,Moore,joseph.moore3027@nexgensolutions.com,NexGen Solutions,Outbound - SDR,New,40,,,,2021-04-07T00:00:00
3028,Barbara,Lee,barbara.lee3028@rapidcloud.com,RapidCloud,Partner Referral,Disqualified,28,,,,2021-11-16T00:00:00
3029,Linda,Johnson,linda.johnson3029@quantumlogiclabs.com,QuantumLogic Labs,Inbound - Content,Converted,66,249,396,2024-02-16,2024-01-21T00:00:00
3030,Barbara,Brown,barbara.brown3030@innovateco.com,InnovateCo,Event,Disqualified,19,,,,2023-10-27T00:00:00
3031,Susan,Smith,susan.smith3031@vertexai.com,VertexAI,Partner Referral,Disqualified,11,,,,2023-01-21T00:00:00
3032,Charles,Smith,charles.smith3032@agiledynamics.com,Agile Dynamics,Product-Led,MQL,90,,,,2022-01-08T00:00:00
3033,David,Lopez,,RapidCloud,Outbound - SDR,MQL,72,,,,2021-05-17T00:00:00
3034,Charles,Hernandez,charles.hernandez3034@pulsepointdigital.com,PulsePoint Digital,Outbound - SDR,New,25,,,,2020-08-12T00:00:00
3035,Barbara,Jackson,barbara.jackson3035@truenorthdata.com,TrueNorth Data,Inbound - Content,Converted,75,4143,150,2024-07-20,2024-07-08T00:00:00
3036,Lisa,Davis,lisa.davis3036@primepathdigital.com,PrimePath Digital,Outbound - SDR,Disqualified,2,,,,2021-07-08T00:00:00
3037,John,Moore,john.moore3037@rapidcloud.com,RapidCloud,Inbound - Content,Converted,77,3901,75,2024-03-24,2024-02-04T00:00:00
3038,Barbara,Moore,barbara.moore3038@cloudscalesystems.com,CloudScale Systems,Outbound - Cold,MQL,55,,,,2022-06-17T00:00:00
3039,Susan,Martinez,susan.martinez3039@brightwavetech.com,BrightWave Tech,Social Media,Converted,87,1793,502,2023-10-08,2023-09-30T00:00:00
3040,William,Johnson,william.johnson3040@insightplatforms.com,Insight Platforms,Paid Search,Converted,65,1408,582,2022-12-31,2022-12-17T00:00:00
3041,David,Garcia,david.garcia3041@cloudscalesystems.com,CloudScale Systems,Partner Referral,MQL,73,,,,2020-01-28T00:00:00
3042,William,Anderson,william.anderson3042@nexgensolutions.com,NexGen Solutions,Partner Referral,Nurture,43,,,,2023-07-15T00:00:00
3043,Michael,Brown,michael.brown3043@insightplatforms.com,Insight Platforms,Inbound - Web,Working,53,,,,2022-01-19T00:00:00
3044,Daniel,Martin,daniel.martin3044@nexgensolutions.com,NexGen Solutions,Inbound - Content,Nurture,25,,,,2020-07-28T00:00:00
3045,Karen,Davis,karen.davis3045@primepathdigital.com,PrimePath Digital,Outbound - SDR,Working,62,,,,2024-04-09T00:00:00
3046,William,Wilson,william.wilson3046@techflowinc.com,TechFlow Inc,Outbound - SDR,Converted,64,3191,611,2024-11-01,2024-09-03T00:00:00
3047,Joseph,Miller,joseph.miller3047@agiledynamics.com,Agile Dynamics,Product-Led,Converted,70,4949,140,2024-09-27,2024-07-11T00:00:00
3048,Thomas,Smith,thomas.smith3048@metasync.com,MetaSync,Inbound - Web,MQL,94,,,,2020-09-21T00:00:00
3049,Robert,Martin,robert.martin3049@rapidcloud.com,RapidCloud,Event,Converted,75,402,279,2023-12-11,2023-11-28T00:00:00
3050,Susan,Thompson,susan.thompson3050@pulsepointdigital.com,PulsePoint Digital,Partner Referral,SQL,57,,,,2020-09-05T00:00:00
3051,John,Williams,john.williams3051@futureforge.com,FutureForge,Partner Referral,Working,62,,,,2020-06-13T00:00:00
3052,Nancy,Lopez,nancy.lopez3052@nexgensolutions.com,NexGen Solutions,Outbound - SDR,Working,49,,,,2023-12-02T00:00:00
3053,Joseph,Johnson,joseph.johnson3053@streamlineanalytics.com,StreamLine Analytics,Outbound - SDR,Disqualified,30,,,,2022-05-13T00:00:00
3054,Daniel,Thompson,daniel.thompson3054@cloudscalesystems.com,CloudScale Systems,Product-Led,MQL,96,,,,2023-08-09T00:00:00
3055,Daniel,Jones,daniel.jones3055@pulsepointdigital.com,PulsePoint Digital,Inbound - Content,New,30,,,,2024-08-11T00:00:00
3056,Charles,Hernandez,charles.hernandez3056@futureforge.com,FutureForge,Partner Referral,New,21,,,,2023-03-24T00:00:00
3057,William,Martinez,william.martinez3057@brightwavetech.com,BrightWave Tech,Event,Disqualified,12,,,,2021-08-18T00:00:00
3058,David,Lee,david.lee3058@quantumlogiclabs.com,QuantumLogic Labs,,Nurture,64,,,,2021-02-27T00:00:00
3059,Patricia,Brown,patricia.brown3059@nexgensolutions.com,NexGen Solutions,Inbound - Content,Disqualified,5,,,,2023-02-21T00:00:00
3060,Linda,Lopez,linda.lopez3060@metasync.com,MetaSync,Inbound - Web,Converted,81,2930,884,2024-08-27,2024-07-31T00:00:00
3061,James,Miller,james.miller3061@truenorthdata.com,TrueNorth Data,Outbound - SDR,Disqualified,1,,,,2021-06-25T00:00:00
3062,Lisa,Thompson,lisa.thompson3062@rapidcloud.com,RapidCloud,Outbound - SDR,Disqualified,25,,,,2020-06-18T00:00:00
3063,Karen,Smith,karen.smith3063@primepathdigital.com,PrimePath Digital,Product-Led,SQL,69,,,,2022-10-05T00:00:00
3064,Linda,Taylor,linda.taylor3064@quantumlogiclabs.com,QuantumLogic Labs,Product-Led,Converted,73,85,383,2023-05-17,2023-02-17T00:00:00
3065,Patricia,Wilson,patricia.wilson3065@scaleupsystems.com,ScaleUp Systems,Event,Nurture,47,,,,2020-03-17T00:00:00
3066,Jessica,Smith,jessica.smith3066@nexgensolutions.com,NexGen Solutions,Paid Search,SQL,55,,,,2020-05-16T00:00:00
3067,Susan,Lee,susan.lee3067@metasync.com,MetaSync,Product-Led,New,34,,,,2020-12-03T00:00:00
3068,Daniel,Miller,daniel.miller3068@truenorthdata.com,TrueNorth Data,Product-Led,MQL,54,,,,2021-06-27T00:00:00
3069,Lisa,Rodriguez,lisa.rodriguez3069@techflowinc.com,TechFlow Inc,Social Media,Working,37,,,,2022-11-25T00:00:00
3070,Thomas,Hernandez,thomas.hernandez3070@primepathdigital.com,PrimePath Digital,Event,Disqualified,16,,,,2024-07-18T00:00:00
3071,Mary,Lee,mary.lee3071@corestack.com,CoreStack,Outbound - SDR,Disqualified,3,,,,2024-11-07T00:00:00
3072,Thomas,Smith,thomas.smith3072@cybervault.com,CyberVault,Outbound - SDR,Working,70,,,,2022-11-02T00:00:00
3073,James,Brown,james.brown3073@streamlineanalytics.com,StreamLine Analytics,Inbound - Web,New,53,,,,2023-01-28T00:00:00
3074,Daniel,Moore,daniel.moore3074@innovateco.com,InnovateCo,Paid Search,Converted,63,4420,916,2024-10-17,2024-08-02T00:00:00
3075,Susan,Davis,susan.davis3075@futureforge.com,FutureForge,Event,Working,37,,,,2020-03-22T00:00:00
3076,William,Taylor,william.taylor3076@databridgecorp.com,DataBridge Corp,Inbound - Webinar,Disqualified,2,,,,2020-06-17T00:00:00
3077,Robert,Garcia,robert.garcia3077@truenorthdata.com,TrueNorth Data,Inbound - Web,Working,22,,,,2022-12-01T00:00:00
3078,Mary,Hernandez,mary.hernandez3078@rapidcloud.com,RapidCloud,Inbound - Web,New,54,,,,2022-03-18T00:00:00
3079,David,Rodriguez,david.rodriguez3079@cybervault.com,CyberVault,Event,SQL,83,,,,2024-01-15T00:00:00
3080,Richard,Davis,richard.davis3080@databridgecorp.com,DataBridge Corp,Product-Led,Converted,60,2070,377,2023-09-06,2023-06-21T00:00:00
3081,Thomas,Johnson,thomas.johnson3081@cloudscalesystems.com,CloudScale Systems,Event,Working,58,,,,2021-08-07T00:00:00
3082,Joseph,Jones,joseph.jones3082@pulsepointdigital.com,PulsePoint Digital,Partner Referral,MQL,99,,,,2024-04-22T00:00:00
3083,Joseph,Smith,joseph.smith3083@cybervault.com,CyberVault,Inbound - Web,SQL,90,,,,2021-01-21T00:00:00
3084,Nancy,Garcia,,TrueNorth Data,Event,Converted,61,3370,617,2022-04-22,2022-02-05T00:00:00
3085,Daniel,Martinez,daniel.martinez3085@innovateco.com,InnovateCo,Inbound - Content,Converted,58,990,723,2024-01-14,2023-11-29T00:00:00
3086,Charles,Lopez,charles.lopez3086@databridgecorp.com,DataBridge Corp,Paid Search,Working,26,,,,2021-02-15T00:00:00
3087,James,Hernandez,james.hernandez3087@truenorthdata.com,TrueNorth Data,Outbound - Cold,New,41,,,,2022-09-21T00:00:00
3088,John,Miller,john.miller3088@pulsepointdigital.com,PulsePoint Digital,Outbound - SDR,Nurture,28,,,,2021-05-26T00:00:00
3089,Joseph,Moore,joseph.moore3089@agiledynamics.com,Agile Dynamics,Paid Search,Nurture,35,,,,2023-11-20T00:00:00
3090,Daniel,Davis,daniel.davis3090@metasync.com,MetaSync,Inbound - Web,SQL,65,,,,2023-09-26T00:00:00
3091,Robert,Moore,robert.moore3091@primepathdigital.com,PrimePath Digital,Inbound - Content,Converted,55,370,866,2023-08-02,2023-06-15T00:00:00
3092,Nancy,Anderson,nancy.anderson3092@nexgensolutions.com,NexGen Solutions,Paid Search,SQL,82,,,,2020-02-28T00:00:00
3093,Sarah,Taylor,sarah.taylor3093@primepathdigital.com,PrimePath Digital,Social Media,SQL,57,,,,2020-03-08T00:00:00
3094,Robert,Thomas,robert.thomas3094@databridgecorp.com,DataBridge Corp,Event,Disqualified,23,,,,2023-04-16T00:00:00
3095,Daniel,Davis,daniel.davis3095@innovateco.com,InnovateCo,Partner Referral,New,10,,,,2024-02-29T00:00:00
3096,Lisa,Anderson,lisa.anderson3096@brightwavetech.com,BrightWave Tech,Inbound - Webinar,Converted,78,3763,248,2024-06-29,2024-04-21T00:00:00
3097,Daniel,Johnson,daniel.johnson3097@techflowinc.com,TechFlow Inc,Inbound - Web,Working,29,,,,2020-05-17T00:00:00
3098,Susan,Miller,susan.miller3098@vertexai.com,VertexAI,Inbound - Web,Nurture,63,,,,2022-04-13T00:00:00
3099,Karen,Wilson,karen.wilson3099@rapidcloud.com,RapidCloud,Product-Led,Converted,76,4502,876,2024-12-23,2024-10-31T00:00:00
3100,Charles,Williams,charles.williams3100@techflowinc.com,TechFlow Inc,Outbound - Cold,Nurture,39,,,,2023-01-02T00:00:00
3101,Nancy,Garcia,nancy.garcia3101@insightplatforms.com,Insight Platforms,Product-Led,Nurture,69,,,,2023-10-26T00:00:00
3102,Joseph,Anderson,joseph.anderson3102@scaleupsystems.com,ScaleUp Systems,Inbound - Content,Nurture,24,,,,2024-09-01T00:00:00
3103,Christopher,Davis,christopher.davis3103@truenorthdata.com,TrueNorth Data,Outbound - SDR,Working,33,,,,2023-05-14T00:00:00
3104,Mary,Jones,mary.jones3104@scaleupsystems.com,ScaleUp Systems,Product-Led,Converted,59,4426,697,2024-11-10,2024-11-04T00:00:00
3105,Joseph,Brown,joseph.brown3105@nexgensolutions.com,NexGen Solutions,Inbound - Webinar,Nurture,54,,,,2020-10-17T00:00:00
3106,David,Lopez,david.lopez3106@pulsepointdigital.com,PulsePoint Digital,Paid Search,SQL,59,,,,2024-04-04T00:00:00
3107,Karen,Thomas,karen.thomas3107@streamlineanalytics.com,StreamLine Analytics,Product-Led,Converted,93,4290,286,2024-11-27,2024-11-15T00:00:00
3108,Charles,Lopez,charles.lopez3108@techflowinc.com,TechFlow Inc,Paid Search,New,45,,,,2022-01-18T00:00:00
3109,Mary,Anderson,,TechFlow Inc,Inbound - Webinar,Converted,92,2203,492,2023-10-12,2023-10-07T00:00:00
3110,Mary,Hernandez,mary.hernandez,MetaSync,,Converted,60,2434,238,2023-06-07,2023-03-18T00:00:00
3111,Elizabeth,Gonzalez,elizabeth.gonzalez3111@cloudscalesystems.com,CloudScale Systems,Paid Search,MQL,96,,,,2022-04-06T00:00:00
3112,William,Wilson,william.wilson3112@cybervault.com,CyberVault,Social Media,Disqualified,26,,,,2022-05-07T00:00:00
3113,Joseph,Miller,joseph.miller3113@metasync.com,MetaSync,Event,Working,57,,,,2020-03-18T00:00:00
3114,Elizabeth,Thompson,elizabeth.thompson3114@primepathdigital.com,PrimePath Digital,Event,Disqualified,28,,,,2020-06-02T00:00:00
3115,Daniel,Brown,daniel.brown3115@scaleupsystems.com,ScaleUp Systems,Social Media,SQL,72,,,,2022-06-19T00:00:00
3116,Christopher,Lopez,christopher.lopez3116@cybervault.com,CyberVault,Social Media,MQL,53,,,,2020-03-02T00:00:00
3117,William,Smith,william.smith3117@corestack.com,CoreStack,Social Media,MQL,83,,,,2021-03-24T00:00:00
3118,Joseph,Miller,joseph.miller3118@cybervault.com,CyberVault,Partner Referral,Disqualified,12,,,,2023-05-18T00:00:00
3119,Karen,Jackson,karen.jackson3119@cloudscalesystems.com,CloudScale Systems,Inbound - Webinar,Converted,82,1569,798,2024-01-29,2024-01-14T00:00:00
3120,Elizabeth,Jackson,elizabeth.jackson3120@innovateco.com,InnovateCo,Inbound - Webinar,New,36,,,,2023-03-30T00:00:00
3121,Mary,Brown,mary.brown3121@agiledynamics.com,Agile Dynamics,Inbound - Webinar,Converted,79,902,468,2024-11-04,2024-09-18T00:00:00
3122,Barbara,Smith,barbara.smith3122@quantumlogiclabs.com,QuantumLogic Labs,Inbound - Web,New,22,,,,2021-07-17T00:00:00
3123,Lisa,Lee,lisa.lee3123@nexgensolutions.com,NexGen Solutions,Inbound - Webinar,Nurture,12,,,,2023-03-12T00:00:00
3124,Karen,Smith,karen.smith3124@techflowinc.com,TechFlow Inc,Event,MQL,70,,,,2022-08-13T00:00:00
3125,Christopher,Wilson,christopher.wilson3125@brightwavetech.com,BrightWave Tech,Paid Search,MQL,55,,,,2024-12-30T00:00:00
3126,Susan,Wilson,susan.wilson3126@rapidcloud.com,RapidCloud,Paid Search,Working,65,,,,2020-08-31T00:00:00
3127,Charles,Jones,charles.jones3127@corestack.com,CoreStack,Event,Working,29,,,,2020-11-23T00:00:00
3128,Richard,Martinez,richard.martinez3128@corestack.com,CoreStack,Inbound - Content,New,69,,,,2022-10-12T00:00:00
3129,Sarah,Williams,sarah.williams3129@cloudscalesystems.com,CloudScale Systems,Outbound - SDR,Disqualified,22,,,,2021-02-23T00:00:00
3130,Karen,Rodriguez,karen.rodriguez3130@futureforge.com,FutureForge,Inbound - Content,MQL,86,,,,2022-10-31T00:00:00
3131,James,Garcia,james.garcia3131@agiledynamics.com,Agile Dynamics,Partner Referral,MQL,63,,,,2024-07-08T00:00:00
3132,Lisa,Taylor,lisa.taylor3132@primepathdigital.com,PrimePath Digital,Partner Referral,Working,10,,,,2023-04-28T00:00:00
3133,Nancy,Johnson,nancy.johnson3133@cloudscalesystems.com,CloudScale Systems,Paid Search,New,52,,,,2021-06-11T00:00:00
3134,Jessica,Rodriguez,jessica.rodriguez3134@brightwavetech.com,BrightWave Tech,Event,New,62,,,,2024-10-12T00:00:00
3135,Barbara,Williams,barbara.williams3135@nexgensolutions.com,NexGen Solutions,Outbound - Cold,New,50,,,,2020-10-30T00:00:00
3136,Elizabeth,Wilson,elizabeth.wilson3136@cybervault.com,CyberVault,Outbound - Cold,New,15,,,,2023-01-25T00:00:00
3137,Jennifer,Garcia,jennifer.garcia3137@cybervault.com,CyberVault,Social Media,SQL,61,,,,2024-01-18T00:00:00
3138,James,Wilson,james.wilson3138@brightwavetech.com,BrightWave Tech,Event,MQL,80,,,,2022-12-12T00:00:00
3139,William,Thompson,william.thompson3139@rapidcloud.com,RapidCloud,Partner Referral,Nurture,65,,,,2022-02-17T00:00:00
3140,Mary,Rodriguez,mary.rodriguez3140@primepathdigital.com,PrimePath Digital,Outbound - SDR,Nurture,31,,,,2023-02-08T00:00:00
3141,Michael,Garcia,michael.garcia3141@truenorthdata.com,TrueNorth Data,Outbound - SDR,SQL,51,,,,2021-05-29T00:00:00
3142,Robert,Williams,robert.williams3142@truenorthdata.com,TrueNorth Data,Paid Search,Disqualified,6,,,,2022-05-21T00:00:00
3143,Michael,Garcia,michael.garcia3143@streamlineanalytics.com,StreamLine Analytics,Inbound - Web,Disqualified,19,,,,2024-10-06T00:00:00
3144,David,Martinez,david.martinez3144@nexgensolutions.com,NexGen Solutions,Partner Referral,MQL,100,,,,2023-10-04T00:00:00
3145,Charles,Gonzalez,charles.gonzalez3145@brightwavetech.com,BrightWave Tech,,Converted,69,371,181,2022-10-20,2022-08-16T00:00:00
3146,James,Taylor,james.taylor3146@rapidcloud.com,RapidCloud,Inbound - Web,Working,14,,,,2024-08-13T00:00:00
3147,John,Jones,john.jones3147@techflowinc.com,TechFlow Inc,Partner Referral,Working,42,,,,2022-09-20T00:00:00
3148,Christopher,Thompson,christopher.thompson3148@pulsepointdigital.com,PulsePoint Digital,Inbound - Webinar,New,70,,,,2023-01-09T00:00:00
3149,Richard,Lopez,richard.lopez3149@quantumlogiclabs.com,QuantumLogic Labs,Event,Converted,62,2058,126,2024-08-19,2024-06-13T00:00:00
3150,John,Anderson,john.anderson3150@quantumlogiclabs.com,QuantumLogic Labs,Paid Search,Nurture,53,,,,2021-12-02T00:00:00
3151,Michael,Williams,michael.williams3151@vertexai.com,VertexAI,Inbound - Web,Converted,70,1633,260,2023-03-22,2023-02-27T00:00:00
3152,Susan,Davis,susan.davis3152@insightplatforms.com,Insight Platforms,Outbound - Cold,Nurture,69,,,,2022-01-20T00:00:00
3153,Jennifer,Rodriguez,jennifer.rodriguez3153@databridgecorp.com,DataBridge Corp,Paid Search,Disqualified,4,,,,2024-10-23T00:00:00
3154,Robert,Davis,robert.davis3154@metasync.com,MetaSync,Outbound - Cold,New,27,,,,2022-03-10T00:00:00
3155,Nancy,Anderson,nancy.anderson3155@truenorthdata.com,TrueNorth Data,Partner Referral,Converted,75,220,285,2024-04-04,2024-02-10T00:00:00
3156,Lisa,Martinez,lisa.martinez3156@streamlineanalytics.com,StreamLine Analytics,Social Media,New,11,,,,2020-05-05T00:00:00
3157,Christopher,Taylor,christopher.taylor3157@truenorthdata.com,TrueNorth Data,Inbound - Web,Converted,54,368,753,2024-06-03,2024-06-10T00:00:00
3158,Barbara,Thompson,barbara.thompson3158@techflowinc.com,TechFlow Inc,Inbound - Content,Working,64,,,,2021-11-21T00:00:00
3159,Daniel,Jackson,daniel.jackson3159@brightwavetech.com,BrightWave Tech,Social Media,Converted,56,242,522,2024-01-16,2023-10-26T00:00:00
3160,Michael,Taylor,,TrueNorth Data,Event,SQL,81,,,,2020-05-24T00:00:00
3161,Charles,Rodriguez,charles.rodriguez3161@streamlineanalytics.com,StreamLine Analytics,Partner Referral,Nurture,51,,,,2020-02-21T00:00:00
3162,Jessica,Rodriguez,jessica.rodriguez3162@techflowinc.com,TechFlow Inc,Outbound - Cold,New,40,,,,2023-09-24T00:00:00
3163,Susan,Williams,susan.williams3163@truenorthdata.com,TrueNorth Data,Social Media,New,67,,,,2022-07-15T00:00:00
3164,Nancy,Martinez,nancy.martinez3164@innovateco.com,InnovateCo,Social Media,Converted,76,3380,775,2024-06-11,2024-05-30T00:00:00
3165,William,Lopez,william.lopez3165@nexgensolutions.com,NexGen Solutions,Outbound - Cold,Working,70,,,,2021-04-14T00:00:00
3166,Daniel,Wilson,daniel.wilson3166@futureforge.com,FutureForge,Outbound - Cold,SQL,69,,,,2021-08-29T00:00:00
3167,James,Davis,james.davis3167@nexgensolutions.com,NexGen Solutions,Outbound - SDR,Disqualified,4,,,,2023-01-19T00:00:00
3168,Nancy,Garcia,nancy.garcia3168@scaleupsystems.com,ScaleUp Systems,Product-Led,Working,56,,,,2021-04-22T00:00:00
3169,Susan,Hernandez,susan.hernandez3169@techflowinc.com,TechFlow Inc,Paid Search,Disqualified,5,,,,2020-12-10T00:00:00
3170,Joseph,Wilson,joseph.wilson3170@cybervault.com,CyberVault,Outbound - Cold,Disqualified,23,,,,2022-11-04T00:00:00
3171,David,Brown,david.brown3171@pulsepointdigital.com,PulsePoint Digital,Outbound - Cold,Working,50,,,,2022-01-26T00:00:00
3172,Robert,Lopez,robert.lopez3172@streamlineanalytics.com,StreamLine Analytics,Event,Nurture,58,,,,2022-01-17T00:00:00
3173,Thomas,Martin,thomas.martin3173@cybervault.com,CyberVault,Inbound - Content,New,12,,,,2021-11-19T00:00:00
3174,Christopher,Hernandez,christopher.hernandez3174@quantumlogiclabs.com,QuantumLogic Labs,Paid Search,Converted,77,359,68,2020-02-23,2020-01-21T00:00:00
3175,Susan,Miller,susan.miller3175@techflowinc.com,TechFlow Inc,Event,SQL,60,,,,2023-04-19T00:00:00
3176,John,Martin,john.martin3176@brightwavetech.com,BrightWave Tech,Paid Search,New,46,,,,2020-06-14T00:00:00
3177,Richard,Thomas,richard.thomas3177@streamlineanalytics.com,StreamLine Analytics,Inbound - Webinar,Converted,68,1515,688,2024-06-01,2024-05-05T00:00:00
3178,Jennifer,Moore,jennifer.moore3178@truenorthdata.com,TrueNorth Data,Partner Referral,SQL,88,,,,2020-11-26T00:00:00
3179,Linda,Miller,linda.miller3179@quantumlogiclabs.com,QuantumLogic Labs,Inbound - Webinar,MQL,81,,,,2022-05-23T00:00:00
3180,James,Martinez,james.martinez3180@primepathdigital.com,PrimePath Digital,Partner Referral,Working,43,,,,2021-06-04T00:00:00
3181,Joseph,Thompson,joseph.thompson3181@scaleupsystems.com,ScaleUp Systems,Product-Led,Converted,63,3883,959,2024-10-18,2024-08-30T00:00:00
3182,Jessica,Miller,jessica.miller3182@databridgecorp.com,DataBridge Corp,Product-Led,New,57,,,,2023-03-09T00:00:00
3183,Patricia,Jones,patricia.jones3183@pulsepointdigital.com,PulsePoint Digital,Event,Converted,94,1861,383,2023-05-23,2023-03-24T00:00:00
3184,Mary,Moore,mary.moore3184@cloudscalesystems.com,CloudScale Systems,Social Media,Converted,78,180,553,2024-08-03,2024-05-26T00:00:00
3185,Susan,Rodriguez,susan.rodriguez3185@scaleupsystems.com,ScaleUp Systems,Event,Nurture,45,,,,2022-06-27T00:00:00
3186,Nancy,Wilson,nancy.wilson3186@agiledynamics.com,Agile Dynamics,Inbound - Web,Converted,59,869,942,2024-08-04,2024-05-17T00:00:00
3187,Linda,Anderson,linda.anderson3187@innovateco.com,InnovateCo,Product-Led,SQL,53,,,,2021-05-05T00:00:00
3188,William,Thompson,william.thompson3188@streamlineanalytics.com,StreamLine Analytics,Inbound - Content,Working,70,,,,2024-12-17T00:00:00
3189,Jennifer,Thomas,jennifer.thomas3189@scaleupsystems.com,ScaleUp Systems,Outbound - Cold,Working,22,,,,2020-01-08T00:00:00
3190,Linda,Anderson,linda.anderson3190@databridgecorp.com,DataBridge Corp,Partner Referral,Nurture,35,,,,2020-01-17T00:00:00
3191,Lisa,Taylor,lisa.taylor3191@cloudscalesystems.com,CloudScale Systems,Outbound - Cold,New,67,,,,2021-05-16T00:00:00
3192,Elizabeth,Lee,elizabeth.lee3192@vertexai.com,VertexAI,Inbound - Web,MQL,68,,,,2023-07-12T00:00:00
3193,Charles,Lee,charles.lee3193@databridgecorp.com,DataBridge Corp,Inbound - Content,MQL,76,,,,2023-01-05T00:00:00
3194,Jessica,Miller,jessica.miller3194@agiledynamics.com,Agile Dynamics,Partner Referral,SQL,80,,,,2020-07-14T00:00:00
3195,Robert,Anderson,robert.anderson3195@metasync.com,MetaSync,Inbound - Web,Working,59,,,,2020-03-17T00:00:00
3196,Lisa,Jackson,lisa.jackson3196@nexgensolutions.com,NexGen Solutions,Inbound - Webinar,Converted,100,1774,200,2022-03-19,2022-01-28T00:00:00
3197,Joseph,Anderson,joseph.anderson3197@cybervault.com,CyberVault,Outbound - SDR,MQL,64,,,,2020-09-24T00:00:00
3198,Michael,Jones,michael.jones3198@primepathdigital.com,PrimePath Digital,Social Media,Disqualified,27,,,,2024-10-16T00:00:00
3199,Patricia,Moore,patricia.moore3199@insightplatforms.com,Insight Platforms,Event,SQL,86,,,,2022-10-01T00:00:00
3200,Linda,Thomas,linda.thomas3200@innovateco.com,InnovateCo,,MQL,76,,,,2020-01-18T00:00:00
3201,Jennifer,Williams,jennifer.williams3201@streamlineanalytics.com,StreamLine Analytics,Partner Referral,Converted,59,733,495,2024-03-13,2024-01-25T00:00:00
3202,Daniel,Lopez,daniel.lopez3202@vertexai.com,VertexAI,Social Media,Working,35,,,,2020-03-28T00:00:00
3203,Lisa,Jackson,lisa.jackson3203@corestack.com,CoreStack,Inbound - Web,Disqualified,19,,,,2022-12-06T00:00:00
3204,Richard,Jones,richard.jones3204@metasync.com,MetaSync,Outbound - Cold,Working,10,,,,2022-08-04T00:00:00
3205,Jessica,Wilson,jessica.wilson3205@agiledynamics.com,Agile Dynamics,Outbound - Cold,Working,27,,,,2024-01-28T00:00:00
3206,Mary,Hernandez,mary.hernandez3206@nexgensolutions.com,NexGen Solutions,Outbound - SDR,MQL,85,,,,2020-11-11T00:00:00
3207,James,Taylor,james.taylor3207@rapidcloud.com,RapidCloud,Social Media,Nurture,53,,,,2021-12-31T00:00:00
3208,Sarah,Moore,sarah.moore3208@streamlineanalytics.com,StreamLine Analytics,Partner Referral,Converted,88,4937,653,2021-12-26,2021-10-21T00:00:00
3209,Susan,Davis,susan.davis3209@streamlineanalytics.com,StreamLine Analytics,Inbound - Web,MQL,71,,,,2023-11-04T00:00:00
3210,Lisa,Thomas,lisa.thomas3210@corestack.com,CoreStack,Partner Referral,Nurture,48,,,,2022-06-05T00:00:00
3211,Thomas,Garcia,thomas.garcia3211@futureforge.com,FutureForge,Inbound - Webinar,SQL,59,,,,2020-05-24T00:00:00
3212,Patricia,Wilson,patricia.wilson3212@rapidcloud.com,RapidCloud,Inbound - Webinar,Converted,57,664,216,2024-05-14,2024-03-11T00:00:00
3213,Michael,Williams,michael.williams3213@agiledynamics.com,Agile Dynamics,Product-Led,Converted,68,1266,196,2022-10-14,2022-09-05T00:00:00
3214,David,Miller,david.miller3214@cloudscalesystems.com,CloudScale Systems,Social Media,MQL,59,,,,2022-12-14T00:00:00
3215,Michael,Anderson,michael.anderson3215@rapidcloud.com,RapidCloud,Outbound - Cold,Disqualified,23,,,,2023-07-02T00:00:00
3216,Linda,Moore,linda.moore3216@agiledynamics.com,Agile Dynamics,Partner Referral,Converted,84,2476,922,2024-09-27,2024-08-24T00:00:00
3217,Richard,Johnson,richard.johnson3217@pulsepointdigital.com,PulsePoint Digital,Product-Led,Converted,65,2471,356,2022-05-22,2022-04-06T00:00:00
3218,Christopher,Thomas,christopher.thomas3218@pulsepointdigital.com,PulsePoint Digital,Inbound - Content,SQL,59,,,,2022-10-30T00:00:00
3219,Jennifer,Jackson,jennifer.jackson3219@nexgensolutions.com,NexGen Solutions,Outbound - SDR,Converted,84,4667,824,2024-11-25,2024-10-27T00:00:00
3220,Thomas,Lee,thomas.lee3220@vertexai.com,VertexAI,Inbound - Webinar,Nurture,31,,,,2021-03-01T00:00:00
3221,Nancy,Wilson,nancy.wilson3221@pulsepointdigital.com,PulsePoint Digital,Product-Led,Disqualified,6,,,,2020-04-22T00:00:00
3222,Barbara,Brown,barbara.brown3222@pulsepointdigital.com,PulsePoint Digital,Outbound - Cold,SQL,65,,,,2024-11-16T00:00:00
3223,Charles,Moore,charles.moore3223@truenorthdata.com,TrueNorth Data,Paid Search,Converted,53,3240,368,2023-12-28,2023-12-12T00:00:00
3224,Nancy,Rodriguez,nancy.rodriguez3224@pulsepointdigital.com,PulsePoint Digital,Paid Search,SQL,60,,,,2024-06-12T00:00:00
3225,Thomas,Thomas,thomas.thomas3225@databridgecorp.com,DataBridge Corp,Partner Referral,Nurture,13,,,,2020-06-11T00:00:00
3226,Joseph,Thomas,joseph.thomas,CoreStack,Product-Led,Disqualified,27,,,,2024-07-21T00:00:00
3227,Barbara,Martin,barbara.martin3227@brightwavetech.com,BrightWave Tech,Partner Referral,Working,69,,,,2024-09-28T00:00:00
3228,William,Lee,william.lee3228@insightplatforms.com,Insight Platforms,,Disqualified,18,,,,2023-07-23T00:00:00
3229,James,Hernandez,james.hernandez3229@corestack.com,CoreStack,Outbound - SDR,New,50,,,,2022-07-27T00:00:00
3230,Nancy,Davis,nancy.davis3230@databridgecorp.com,DataBridge Corp,Event,Nurture,65,,,,2023-08-26T00:00:00
3231,David,Davis,david.davis3231@insightplatforms.com,Insight Platforms,Outbound - Cold,MQL,100,,,,2022-02-05T00:00:00
3232,Nancy,Rodriguez,nancy.rodriguez3232@cybervault.com,CyberVault,Inbound - Webinar,Converted,59,1190,963,2023-11-14,2023-10-06T00:00:00
3233,Sarah,Thompson,,NexGen Solutions,Inbound - Web,MQL,55,,,,2024-09-26T00:00:00
3234,Lisa,Gonzalez,lisa.gonzalez3234@streamlineanalytics.com,StreamLine Analytics,Inbound - Web,Converted,72,3952,855,2024-10-06,2024-09-29T00:00:00
3235,Lisa,Gonzalez,lisa.gonzalez3235@corestack.com,CoreStack,Inbound - Web,New,46,,,,2020-05-14T00:00:00
3236,Karen,Thompson,karen.thompson3236@primepathdigital.com,PrimePath Digital,Inbound - Content,Disqualified,14,,,,2024-07-27T00:00:00
3237,Karen,Thompson,karen.thompson3237@truenorthdata.com,TrueNorth Data,Paid Search,Converted,86,3310,280,2022-02-26,2022-01-16T00:00:00
3238,John,Lopez,john.lopez3238@pulsepointdigital.com,PulsePoint Digital,Partner Referral,Nurture,46,,,,2022-11-13T00:00:00
3239,Lisa,Rodriguez,lisa.rodriguez3239@brightwavetech.com,BrightWave Tech,Product-Led,Disqualified,26,,,,2023-09-21T00:00:00
3240,Mary,Hernandez,mary.hernandez3240@insightplatforms.com,Insight Platforms,Event,New,39,,,,2022-12-06T00:00:00
3241,Daniel,Martinez,daniel.martinez3241@corestack.com,CoreStack,Paid Search,MQL,75,,,,2024-01-25T00:00:00
3242,Jennifer,Moore,jennifer.moore3242@scaleupsystems.com,ScaleUp Systems,Outbound - Cold,MQL,70,,,,2020-05-12T00:00:00
3243,Nancy,Moore,nancy.moore3243@techflowinc.com,TechFlow Inc,Outbound - SDR,Nurture,42,,,,2023-12-28T00:00:00
3244,Thomas,Lopez,thomas.lopez3244@insightplatforms.com,Insight Platforms,Event,Disqualified,5,,,,2024-06-26T00:00:00
3245,Richard,Rodriguez,richard.rodriguez3245@futureforge.com,FutureForge,Inbound - Webinar,Converted,-73,4044,160,2024-02-12,2024-01-18T00:00:00
3246,Barbara,Hernandez,barbara.hernandez3246@brightwavetech.com,BrightWave Tech,Inbound - Web,MQL,87,,,,2023-11-15T00:00:00
3247,Elizabeth,Hernandez,elizabeth.hernandez3247@rapidcloud.com,RapidCloud,Outbound - Cold,Converted,55,2159,399,2024-08-02,2024-06-08T00:00:00
3248,Susan,Wilson,susan.wilson3248@innovateco.com,InnovateCo,Inbound - Web,SQL,61,,,,2021-09-11T00:00:00
3249,Mary,Gonzalez,mary.gonzalez3249@pulsepointdigital.com,PulsePoint Digital,Paid Search,Working,28,,,,2020-06-15T00:00:00
3250,Robert,Miller,robert.miller3250@cybervault.com,CyberVault,Product-Led,Nurture,53,,,,2023-07-06T00:00:00
3251,Patricia,Rodriguez,patricia.rodriguez3251@brightwavetech.com,BrightWave Tech,Partner Referral,MQL,79,,,,2020-04-25T00:00:00
3252,Daniel,Anderson,daniel.anderson3252@nexgensolutions.com,NexGen Solutions,Outbound - Cold,SQL,92,,,,2024-09-25T00:00:00
3253,Michael,Brown,michael.brown3253@futureforge.com,FutureForge,Outbound - Cold,New,70,,,,2021-03-29T00:00:00
3254,Elizabeth,Lopez,,VertexAI,Inbound - Web,Working,60,,,,2024-07-15T00:00:00
3255,William,Gonzalez,william.gonzalez3255@primepathdigital.com,PrimePath Digital,Paid Search,New,29,,,,2024-06-29T00:00:00
3256,Christopher,Martinez,christopher.martinez3256@quantumlogiclabs.com,QuantumLogic Labs,Outbound - SDR,Working,54,,,,2024-09-27T00:00:00
3257,Christopher,Wilson,,BrightWave Tech,Outbound - SDR,MQL,64,,,,2020-10-02T00:00:00
3258,Joseph,Gonzalez,joseph.gonzalez3258@rapidcloud.com,RapidCloud,Product-Led,SQL,64,,,,2022-05-25T00:00:00
3259,David,Rodriguez,david.rodriguez3259@rapidcloud.com,RapidCloud,Inbound - Web,MQL,100,,,,2021-05-13T00:00:00
3260,Susan,Gonzalez,susan.gonzalez3260@vertexai.com,VertexAI,Inbound - Webinar,New,13,,,,2024-10-05T00:00:00
3261,John,Williams,john.williams3261@cybervault.com,CyberVault,Inbound - Content,New,37,,,,2024-11-13T00:00:00
3262,Linda,Jones,linda.jones3262@techflowinc.com,TechFlow Inc,Product-Led,Disqualified,7,,,,2022-03-26T00:00:00
3263,Mary,Jones,mary.jones3263@vertexai.com,VertexAI,Partner Referral,Converted,74,2646,361,2023-08-05,2023-05-11T00:00:00
3264,Mary,Davis,mary.davis3264@primepathdigital.com,PrimePath Digital,Outbound - Cold,MQL,53,,,,2024-01-30T00:00:00
3265,Charles,Thompson,charles.thompson3265@vertexai.com,VertexAI,Partner Referral,New,15,,,,2024-06-01T00:00:00
3266,John,Thompson,john.thompson3266@corestack.com,CoreStack,Inbound - Content,Nurture,26,,,,2024-02-12T00:00:00
3267,James,Gonzalez,james.gonzalez3267@techflowinc.com,TechFlow Inc,Social Media,Nurture,-31,,,,2021-10-16T00:00:00
3268,Christopher,Martin,christopher.martin3268@pulsepointdigital.com,PulsePoint Digital,Outbound - Cold,Nurture,48,,,,2023-08-18T00:00:00
3269,Lisa,Williams,lisa.williams3269@pulsepointdigital.com,PulsePoint Digital,Inbound - Webinar,Disqualified,25,,,,2021-02-19T00:00:00
3270,Joseph,Davis,joseph.davis3270@streamlineanalytics.com,StreamLine Analytics,Partner Referral,New,56,,,,2020-10-31T00:00:00
3271,Richard,Wilson,richard.wilson3271@insightplatforms.com,Insight Platforms,Event,New,47,,,,2022-06-02T00:00:00
3272,Karen,Martin,karen.martin3272@innovateco.com,InnovateCo,Event,Converted,100,1534,502,2024-07-26,2024-05-31T00:00:00
3273,Jennifer,Taylor,jennifer.taylor3273@insightplatforms.com,Insight Platforms,Inbound - Webinar,Converted,53,539,12,2023-02-17,2022-12-27T00:00:00
3274,Nancy,Moore,nancy.moore3274@insightplatforms.com,Insight Platforms,Product-Led,Working,35,,,,2021-04-01T00:00:00
3275,Elizabeth,Lopez,elizabeth.lopez3275@truenorthdata.com,TrueNorth Data,Inbound - Content,Disqualified,0,,,,2022-02-09T00:00:00
3276,Christopher,Anderson,christopher.anderson3276@agiledynamics.com,Agile Dynamics,Inbound - Web,MQL,62,,,,2022-07-12T00:00:00
3277,Lisa,Jones,lisa.jones3277@metasync.com,MetaSync,Event,Converted,60,3220,426,2024-09-04,2024-06-13T00:00:00
3278,John,Taylor,john.taylor3278@insightplatforms.com,Insight Platforms,Inbound - Webinar,New,18,,,,2024-10-10T00:00:00
3279,Linda,Brown,linda.brown3279@futureforge.com,FutureForge,Inbound - Content,SQL,67,,,,2021-07-06T00:00:00
3280,Richard,Wilson,richard.wilson3280@pulsepointdigital.com,PulsePoint Digital,Event,Nurture,27,,,,2020-02-09T00:00:00
3281,Christopher,Thomas,christopher.thomas3281@innovateco.com,InnovateCo,Inbound - Web,Nurture,21,,,,2024-10-28T00:00:00
3282,Robert,Gonzalez,robert.gonzalez3282@insightplatforms.com,Insight Platforms,Outbound - SDR,MQL,97,,,,2024-05-25T00:00:00
3283,Thomas,Thomas,thomas.thomas3283@innovateco.com,InnovateCo,Outbound - Cold,Disqualified,29,,,,2021-06-26T00:00:00
3284,Sarah,Wilson,sarah.wilson3284@brightwavetech.com,BrightWave Tech,Partner Referral,Converted,78,4524,572,2023-03-30,2023-02-14T00:00:00
3285,Michael,Miller,michael.miller3285@primepathdigital.com,PrimePath Digital,Outbound - SDR,SQL,56,,,,2020-04-01T00:00:00
3286,Robert,Smith,robert.smith3286@cybervault.com,CyberVault,Inbound - Content,Converted,89,4568,368,2024-07-24,2024-05-12T00:00:00
3287,James,Smith,james.smith3287@metasync.com,MetaSync,Inbound - Web,Converted,59,4445,214,2021-10-22,2021-08-06T00:00:00
3288,Linda,Martinez,linda.martinez3288@insightplatforms.com,Insight Platforms,Partner Referral,Converted,59,2933,677,2024-07-12,2024-06-29T00:00:00
3289,Joseph,Smith,joseph.smith3289@rapidcloud.com,RapidCloud,Inbound - Web,MQL,94,,,,2023-08-20T00:00:00
3290,Linda,Lee,linda.lee3290@pulsepointdigital.com,PulsePoint Digital,Partner Referral,Converted,90,2178,583,2024-12-17,2024-12-01T00:00:00
3291,Barbara,Thomas,barbara.thomas3291@techflowinc.com,TechFlow Inc,Outbound - SDR,Disqualified,26,,,,2021-01-19T00:00:00
3292,Sarah,Williams,sarah.williams3292@rapidcloud.com,RapidCloud,Partner Referral,Converted,51,1981,500,2024-11-04,2024-09-28T00:00:00
3293,Joseph,Taylor,joseph.taylor3293@pulsepointdigital.com,PulsePoint Digital,Event,New,46,,,,2020-09-19T00:00:00
3294,Lisa,Miller,lisa.miller3294@cybervault.com,CyberVault,Paid Search,SQL,59,,,,2022-05-30T00:00:00
3295,Thomas,Miller,thomas.miller3295@quantumlogiclabs.com,QuantumLogic Labs,Partner Referral,MQL,51,,,,2020-05-11T00:00:00
3296,Sarah,Brown,sarah.brown3296@insightplatforms.com,Insight Platforms,Paid Search,New,24,,,,2021-01-17T00:00:00
3297,Christopher,Miller,christopher.miller3297@vertexai.com,VertexAI,Inbound - Webinar,Nurture,40,,,,2023-08-21T00:00:00
3298,Richard,Taylor,richard.taylor3298@databridgecorp.com,DataBridge Corp,Social Media,MQL,94,,,,2024-12-25T00:00:00
3299,Joseph,Thomas,joseph.thomas3299@rapidcloud.com,RapidCloud,Outbound - SDR,Converted,68,124,123,2023-06-17,2023-05-03T00:00:00
3300,Patricia,Garcia,patricia.garcia3300@techflowinc.com,TechFlow Inc,Inbound - Content,Nurture,12,,,,2023-01-17T00:00:00
3301,Thomas,Rodriguez,thomas.rodriguez3301@insightplatforms.com,Insight Platforms,Inbound - Web,Working,50,,,,2023-07-14T00:00:00
3302,David,Thomas,david.thomas3302@brightwavetech.com,BrightWave Tech,Partner Referral,New,39,,,,2022-09-13T00:00:00
3303,Thomas,Williams,thomas.williams3303@techflowinc.com,TechFlow Inc,Outbound - SDR,MQL,94,,,,2021-10-03T00:00:00
3304,Joseph,Lee,joseph.lee3304@cloudscalesystems.com,CloudScale Systems,Inbound - Content,Working,65,,,,2022-02-01T00:00:00
3305,Jessica,Taylor,jessica.taylor3305@primepathdigital.com,PrimePath Digital,Outbound - Cold,Nurture,44,,,,2023-05-20T00:00:00
3306,Susan,Gonzalez,susan.gonzalez3306@innovateco.com,InnovateCo,Paid Search,MQL,99,,,,2024-10-26T00:00:00
3307,Richard,Wilson,richard.wilson3307@corestack.com,CoreStack,Social Media,Disqualified,16,,,,2020-03-29T00:00:00
3308,David,Smith,david.smith3308@truenorthdata.com,TrueNorth Data,Social Media,MQL,99,,,,2024-11-15T00:00:00
3309,David,Jones,david.jones3309@streamlineanalytics.com,StreamLine Analytics,Event,Converted,99,1244,459,2022-04-13,2022-03-16T00:00:00
3310,Richard,Martinez,richard.martinez3310@nexgensolutions.com,NexGen Solutions,Outbound - SDR,Disqualified,4,,,,2022-12-30T00:00:00
3311,Richard,Rodriguez,richard.rodriguez3311@truenorthdata.com,TrueNorth Data,Inbound - Web,New,46,,,,2023-09-24T00:00:00
3312,Daniel,Taylor,daniel.taylor3312@streamlineanalytics.com,StreamLine Analytics,Product-Led,Working,23,,,,2023-09-06T00:00:00
3313,Linda,Martin,linda.martin3313@nexgensolutions.com,NexGen Solutions,,Converted,54,2352,257,2023-02-03,2022-11-26T00:00:00
3314,Susan,Williams,susan.williams3314@nexgensolutions.com,NexGen Solutions,Outbound - SDR,Nurture,38,,,,2022-08-07T00:00:00
3315,Lisa,Jackson,lisa.jackson3315@corestack.com,CoreStack,Inbound - Content,Converted,73,2764,594,2024-09-06,2024-07-21T00:00:00
3316,William,Garcia,william.garcia3316@scaleupsystems.com,ScaleUp Systems,Inbound - Web,New,15,,,,2023-11-17T00:00:00
3317,Sarah,Gonzalez,sarah.gonzalez3317@pulsepointdigital.com,PulsePoint Digital,Paid Search,Disqualified,18,,,,2020-04-18T00:00:00
3318,Lisa,Lee,lisa.lee3318@cybervault.com,CyberVault,Partner Referral,MQL,100,,,,2020-03-25T00:00:00
3319,Charles,Moore,charles.moore3319@metasync.com,MetaSync,Inbound - Webinar,Disqualified,7,,,,2021-04-13T00:00:00
3320,Barbara,Moore,barbara.moore3320@insightplatforms.com,Insight Platforms,Inbound - Web,Nurture,31,,,,2023-03-17T00:00:00
3321,James,Wilson,james.wilson3321@innovateco.com,InnovateCo,Inbound - Webinar,New,61,,,,2022-10-24T00:00:00
3322,James,Jackson,james.jackson3322@corestack.com,CoreStack,Event,New,49,,,,2020-04-12T00:00:00
3323,William,Anderson,william.anderson3323@pulsepointdigital.com,PulsePoint Digital,Outbound - SDR,New,28,,,,2021-01-11T00:00:00
3324,Jessica,Gonzalez,jessica.gonzalez3324@cloudscalesystems.com,CloudScale Systems,Outbound - SDR,Working,57,,,,2024-05-09T00:00:00
3325,Robert,Hernandez,robert.hernandez3325@techflowinc.com,TechFlow Inc,Paid Search,Disqualified,21,,,,2021-10-11T00:00:00
3326,David,Miller,david.miller3326@futureforge.com,FutureForge,Product-Led,Nurture,64,,,,2022-11-06T00:00:00
3327,Joseph,Smith,joseph.smith3327@cybervault.com,CyberVault,Inbound - Webinar,Disqualified,12,,,,2021-06-02T00:00:00
3328,David,Smith,david.smith3328@nexgensolutions.com,NexGen Solutions,Inbound - Webinar,Disqualified,17,,,,2024-03-14T00:00:00
3329,Lisa,Martin,,CoreStack,Outbound - Cold,Converted,97,269,415,2024-10-27,2024-09-20T00:00:00
3330,Lisa,Davis,lisa.davis3330@truenorthdata.com,TrueNorth Data,Paid Search,Working,50,,,,2024-04-04T00:00:00
3331,Sarah,Martinez,sarah.martinez3331@databridgecorp.com,DataBridge Corp,Event,MQL,66,,,,2024-08-29T00:00:00
3332,Jessica,Hernandez,jessica.hernandez3332@nexgensolutions.com,NexGen Solutions,Partner Referral,New,14,,,,2021-04-08T00:00:00
3333,Patricia,Taylor,patricia.taylor3333@futureforge.com,FutureForge,Social Media,SQL,67,,,,2020-09-16T00:00:00
3334,Charles,Williams,charles.williams3334@nexgensolutions.com,NexGen Solutions,Social Media,SQL,83,,,,2023-06-15T00:00:00
3335,Joseph,Wilson,joseph.wilson3335@quantumlogiclabs.com,QuantumLogic Labs,Paid Search,Disqualified,4,,,,2022-03-12T00:00:00
3336,Barbara,Davis,barbara.davis3336@quantumlogiclabs.com,QuantumLogic Labs,Outbound - SDR,SQL,75,,,,2024-10-24T00:00:00
3337,James,Davis,james.davis3337@streamlineanalytics.com,StreamLine Analytics,Social Media,New,53,,,,2023-09-03T00:00:00
3338,Nancy,Lee,nancy.lee3338@metasync.com,MetaSync,Outbound - SDR,Converted,89,2714,31,2023-09-07,2023-08-25T00:00:00
3339,Michael,Brown,michael.brown3339@innovateco.com,InnovateCo,Inbound - Content,Nurture,61,,,,2023-05-12T00:00:00
3340,Charles,Davis,charles.davis3340@vertexai.com,VertexAI,,Converted,79,3728,190,2024-12-10,2024-11-16T00:00:00
3341,Christopher,Smith,christopher.smith3341@innovateco.com,InnovateCo,Inbound - Content,Disqualified,12,,,,2021-12-22T00:00:00
3342,David,Gonzalez,david.gonzalez3342@techflowinc.com,TechFlow Inc,Inbound - Web,MQL,73,,,,2023-12-26T00:00:00
3343,Daniel,Wilson,daniel.wilson3343@techflowinc.com,TechFlow Inc,Inbound - Web,Nurture,53,,,,2023-10-25T00:00:00
3344,James,Lopez,james.lopez3344@cloudscalesystems.com,CloudScale Systems,Product-Led,Converted,52,4713,521,2024-09-01,2024-07-10T00:00:00
3345,Joseph,Johnson,joseph.johnson3345@cloudscalesystems.com,CloudScale Systems,Outbound - Cold,Disqualified,7,,,,2022-08-30T00:00:00
3346,Barbara,Smith,barbara.smith3346@insightplatforms.com,Insight Platforms,Partner Referral,Converted,54,4478,815,2024-10-16,2024-09-27T00:00:00
3347,Susan,Thompson,susan.thompson3347@innovateco.com,InnovateCo,Partner Referral,Disqualified,1,,,,2023-03-10T00:00:00
3348,Jessica,Thompson,jessica.thompson,Agile Dynamics,Event,New,26,,,,2021-04-18T00:00:00
3349,Karen,Smith,karen.smith3349@primepathdigital.com,PrimePath Digital,Outbound - Cold,New,17,,,,2024-12-07T00:00:00
3350,Mary,Hernandez,mary.hernandez3350@techflowinc.com,TechFlow Inc,Paid Search,Working,44,,,,2022-02-20T00:00:00
3351,Elizabeth,Smith,elizabeth.smith3351@truenorthdata.com,TrueNorth Data,Inbound - Content,MQL,71,,,,2021-04-22T00:00:00
3352,David,Johnson,david.johnson3352@innovateco.com,InnovateCo,Product-Led,Disqualified,23,,,,2022-11-24T00:00:00
3353,Daniel,Miller,daniel.miller3353@scaleupsystems.com,ScaleUp Systems,Paid Search,SQL,94,,,,2024-01-04T00:00:00
3354,Christopher,Moore,christopher.moore3354@quantumlogiclabs.com,QuantumLogic Labs,Partner Referral,Working,22,,,,2023-11-14T00:00:00
3355,John,Miller,john.miller3355@cybervault.com,CyberVault,Outbound - Cold,Working,36,,,,2020-03-31T00:00:00
3356,Jessica,Lopez,jessica.lopez3356@agiledynamics.com,Agile Dynamics,Outbound - Cold,New,46,,,,2023-04-02T00:00:00
3357,John,Martinez,john.martinez3357@quantumlogiclabs.com,QuantumLogic Labs,Social Media,MQL,52,,,,2020-02-05T00:00:00
3358,Richard,Davis,richard.davis3358@innovateco.com,InnovateCo,Partner Referral,Disqualified,25,,,,2024-11-10T00:00:00
3359,William,Rodriguez,william.rodriguez3359@futureforge.com,FutureForge,Event,Disqualified,24,,,,2021-11-20T00:00:00
3360,Robert,Moore,robert.moore3360@vertexai.com,VertexAI,Product-Led,New,40,,,,2022-01-21T00:00:00
3361,Nancy,Davis,nancy.davis3361@corestack.com,CoreStack,Event,Converted,86,4919,129,2024-11-12,2024-09-17T00:00:00
3362,Christopher,Taylor,christopher.taylor3362@pulsepointdigital.com,PulsePoint Digital,,Disqualified,12,,,,2020-07-08T00:00:00
3363,Joseph,Anderson,joseph.anderson3363@quantumlogiclabs.com,QuantumLogic Labs,Paid Search,New,52,,,,2020-12-20T00:00:00
3364,Nancy,Taylor,nancy.taylor3364@futureforge.com,FutureForge,Event,New,37,,,,2021-10-03T00:00:00
3365,James,Rodriguez,james.rodriguez3365@databridgecorp.com,DataBridge Corp,Inbound - Webinar,SQL,98,,,,2022-10-12T00:00:00
3366,Karen,Hernandez,karen.hernandez3366@agiledynamics.com,Agile Dynamics,Inbound - Content,Working,17,,,,2023-03-26T00:00:00
3367,Thomas,Taylor,thomas.taylor3367@quantumlogiclabs.com,QuantumLogic Labs,Paid Search,Nurture,41,,,,2024-01-21T00:00:00
3368,Patricia,Jackson,patricia.jackson3368@quantumlogiclabs.com,QuantumLogic Labs,Partner Referral,Working,59,,,,2022-09-03T00:00:00
3369,Sarah,Lee,sarah.lee3369@metasync.com,MetaSync,Inbound - Web,Converted,60,3769,997,2024-10-30,2024-08-27T00:00:00
3370,Jennifer,Thomas,jennifer.thomas3370@scaleupsystems.com,ScaleUp Systems,Inbound - Content,MQL,93,,,,2021-12-01T00:00:00
3371,David,Thompson,david.thompson3371@databridgecorp.com,DataBridge Corp,Inbound - Web,Nurture,37,,,,2024-09-20T00:00:00
3372,Lisa,Brown,lisa.brown3372@streamlineanalytics.com,StreamLine Analytics,Outbound - SDR,MQL,75,,,,2020-05-25T00:00:00
3373,Joseph,Wilson,joseph.wilson3373@agiledynamics.com,Agile Dynamics,Inbound - Web,Converted,60,356,243,2024-12-07,2024-09-28T00:00:00
3374,Jennifer,Anderson,jennifer.anderson3374@pulsepointdigital.com,PulsePoint Digital,Inbound - Webinar,Nurture,44,,,,2024-12-10T00:00:00
3375,John,Gonzalez,john.gonzalez3375@metasync.com,MetaSync,Outbound - Cold,Working,50,,,,2023-06-21T00:00:00
3376,Daniel,Wilson,daniel.wilson3376@cybervault.com,CyberVault,Outbound - Cold,New,69,,,,2023-03-06T00:00:00
3377,Thomas,Anderson,thomas.anderson3377@metasync.com,MetaSync,,Working,19,,,,2020-01-30T00:00:00
3378,Michael,Davis,michael.davis3378@nexgensolutions.com,NexGen Solutions,Event,Converted,69,1798,881,2021-12-10,2021-11-03T00:00:00
3379,Susan,Lee,susan.lee3379@cloudscalesystems.com,CloudScale Systems,Outbound - Cold,Nurture,13,,,,2023-08-12T00:00:00
3380,Daniel,Jones,daniel.jones,TechFlow Inc,Outbound - Cold,New,31,,,,2024-11-30T00:00:00
3381,Jennifer,Lee,jennifer.lee3381@databridgecorp.com,DataBridge Corp,Outbound - SDR,New,52,,,,2024-08-29T00:00:00
3382,Charles,Lopez,charles.lopez3382@techflowinc.com,TechFlow Inc,Outbound - SDR,New,62,,,,2021-07-17T00:00:00
3383,Elizabeth,Williams,elizabeth.williams3383@cloudscalesystems.com,CloudScale Systems,Inbound - Web,Working,31,,,,2022-04-18T00:00:00
3384,William,Garcia,william.garcia3384@primepathdigital.com,PrimePath Digital,Inbound - Web,Converted,95,3674,984,2024-11-03,2024-10-23T00:00:00
3385,Susan,Martinez,susan.martinez3385@futureforge.com,FutureForge,Inbound - Web,MQL,68,,,,2022-11-07T00:00:00
3386,Joseph,Thomas,joseph.thomas3386@databridgecorp.com,DataBridge Corp,Event,New,-14,,,,2020-09-13T00:00:00
3387,Thomas,Gonzalez,thomas.gonzalez3387@cybervault.com,CyberVault,Partner Referral,Working,15,,,,2021-06-09T00:00:00
3388,Jennifer,Brown,jennifer.brown3388@innovateco.com,InnovateCo,Product-Led,Converted,91,3764,745,2023-02-03,2022-11-19T00:00:00
3389,Robert,Taylor,robert.taylor,BrightWave Tech,Outbound - Cold,MQL,73,,,,2020-05-09T00:00:00
3390,Susan,Lopez,susan.lopez3390@streamlineanalytics.com,StreamLine Analytics,Event,Converted,74,490,481,2024-08-21,2024-06-20T00:00:00
3391,Richard,Williams,richard.williams3391@scaleupsystems.com,ScaleUp Systems,Event,Converted,87,139,698,2024-06-19,2024-04-15T00:00:00
3392,Michael,Miller,michael.miller3392@cybervault.com,CyberVault,Inbound - Webinar,MQL,92,,,,2024-04-27T00:00:00
3393,Susan,Davis,,InnovateCo,Social Media,Disqualified,28,,,,2023-05-13T00:00:00
3394,Daniel,Miller,daniel.miller3394@agiledynamics.com,Agile Dynamics,Partner Referral,MQL,79,,,,2021-10-10T00:00:00
3395,Daniel,Jackson,daniel.jackson3395@rapidcloud.com,RapidCloud,Event,Working,59,,,,2022-12-26T00:00:00
3396,Robert,Gonzalez,robert.gonzalez3396@truenorthdata.com,TrueNorth Data,Outbound - SDR,SQL,67,,,,2024-03-14T00:00:00
3397,Michael,Jones,michael.jones3397@streamlineanalytics.com,StreamLine Analytics,Inbound - Web,New,54,,,,2020-02-14T00:00:00
3398,Nancy,Martin,nancy.martin3398@scaleupsystems.com,ScaleUp Systems,Paid Search,MQL,74,,,,2020-02-17T00:00:00
3399,James,Garcia,james.garcia3399@cloudscalesystems.com,CloudScale Systems,Partner Referral,Working,44,,,,2020-12-05T00:00:00
3400,Joseph,Jones,joseph.jones3400@rapidcloud.com,RapidCloud,Inbound - Web,Nurture,13,,,,2022-05-17T00:00:00
3401,James,Martin,james.martin3401@agiledynamics.com,Agile Dynamics,Outbound - Cold,New,69,,,,2021-08-15T00:00:00
3402,Charles,Lee,charles.lee3402@cybervault.com,CyberVault,Outbound - Cold,Disqualified,24,,,,2023-07-31T00:00:00
3403,Karen,Gonzalez,karen.gonzalez,RapidCloud,Event,MQL,54,,,,2023-05-26T00:00:00
3404,Joseph,Hernandez,joseph.hernandez3404@corestack.com,CoreStack,Paid Search,MQL,58,,,,2024-02-29T00:00:00
3405,Barbara,Martinez,barbara.martinez3405@cloudscalesystems.com,CloudScale Systems,Outbound - Cold,Working,22,,,,2021-04-30T00:00:00
3406,Linda,Williams,linda.williams3406@innovateco.com,InnovateCo,Paid Search,New,38,,,,2023-07-05T00:00:00
3407,Mary,Lopez,mary.lopez3407@cybervault.com,CyberVault,Outbound - SDR,Converted,94,4120,866,2023-12-10,2023-10-06T00:00:00
3408,Joseph,Miller,joseph.miller3408@techflowinc.com,TechFlow Inc,Inbound - Content,MQL,50,,,,2022-10-16T00:00:00
3409,John,Miller,john.miller3409@truenorthdata.com,TrueNorth Data,Outbound - SDR,Working,48,,,,2021-06-23T00:00:00
3410,Charles,Lee,charles.lee3410@databridgecorp.com,DataBridge Corp,Social Media,MQL,73,,,,2024-04-30T00:00:00
3411,William,Johnson,william.johnson3411@metasync.com,MetaSync,Social Media,Converted,91,2763,300,2024-01-28,2024-01-09T00:00:00
3412,Robert,Wilson,robert.wilson3412@rapidcloud.com,RapidCloud,Outbound - SDR,Nurture,36,,,,2020-01-27T00:00:00
3413,Michael,Hernandez,michael.hernandez3413@agiledynamics.com,Agile Dynamics,Partner Referral,Converted,83,3737,589,2024-10-01,2024-08-19T00:00:00
3414,Daniel,Martin,daniel.martin3414@cloudscalesystems.com,CloudScale Systems,Partner Referral,Converted,86,3857,706,2023-07-11,2023-06-06T00:00:00
3415,Thomas,Martinez,thomas.martinez3415@nexgensolutions.com,NexGen Solutions,Inbound - Web,Working,58,,,,2022-09-02T00:00:00
3416,Christopher,Smith,christopher.smith3416@databridgecorp.com,DataBridge Corp,Product-Led,Disqualified,3,,,,2021-05-07T00:00:00
3417,Patricia,Miller,patricia.miller3417@truenorthdata.com,TrueNorth Data,Product-Led,Converted,67,1461,651,2022-05-18,2022-03-27T00:00:00
3418,Jennifer,Jones,jennifer.jones3418@techflowinc.com,TechFlow Inc,Social Media,MQL,93,,,,2022-07-16T00:00:00
3419,Patricia,Lee,patricia.lee3419@primepathdigital.com,PrimePath Digital,Inbound - Web,Disqualified,29,,,,2024-07-24T00:00:00
3420,Richard,Miller,richard.miller3420@scaleupsystems.com,ScaleUp Systems,Outbound - Cold,Disqualified,0,,,,2024-03-28T00:00:00
3421,Karen,Jones,karen.jones3421@truenorthdata.com,TrueNorth Data,Inbound - Webinar,Converted,52,974,695,2024-10-12,2024-07-28T00:00:00
3422,Lisa,Lee,lisa.lee3422@truenorthdata.com,TrueNorth Data,Partner Referral,Disqualified,9,,,,2022-01-29T00:00:00
3423,Jennifer,Garcia,jennifer.garcia3423@innovateco.com,InnovateCo,Inbound - Content,MQL,88,,,,2023-10-20T00:00:00
3424,John,Garcia,john.garcia3424@corestack.com,CoreStack,Outbound - SDR,Disqualified,7,,,,2022-06-07T00:00:00
3425,Susan,Gonzalez,susan.gonzalez3425@primepathdigital.com,PrimePath Digital,Inbound - Webinar,Nurture,44,,,,2022-12-31T00:00:00
3426,Patricia,Lee,patricia.lee3426@agiledynamics.com,Agile Dynamics,Inbound - Web,SQL,88,,,,2023-05-01T00:00:00
3427,Joseph,Jackson,,NexGen Solutions,Product-Led,MQL,69,,,,2023-01-18T00:00:00
3428,James,Garcia,james.garcia3428@agiledynamics.com,Agile Dynamics,Inbound - Content,MQL,65,,,,2023-02-03T00:00:00
3429,Susan,Taylor,susan.taylor3429@metasync.com,MetaSync,Social Media,Disqualified,-13,,,,2021-07-10T00:00:00
3430,Susan,Garcia,,Agile Dynamics,Product-Led,New,20,,,,2023-11-03T00:00:00
3431,Michael,Lopez,michael.lopez3431@nexgensolutions.com,NexGen Solutions,Outbound - Cold,Nurture,45,,,,2021-01-15T00:00:00
3432,Mary,Anderson,mary.anderson3432@innovateco.com,InnovateCo,,New,11,,,,2024-06-15T00:00:00
3433,James,Williams,james.williams3433@cloudscalesystems.com,CloudScale Systems,Partner Referral,Converted,75,2651,900,2024-01-27,2023-12-04T00:00:00
3434,Joseph,Brown,joseph.brown3434@quantumlogiclabs.com,QuantumLogic Labs,Event,SQL,96,,,,2024-06-21T00:00:00
3435,Elizabeth,Lee,elizabeth.lee3435@brightwavetech.com,BrightWave Tech,Inbound - Webinar,New,29,,,,2021-02-01T00:00:00
3436,William,Rodriguez,william.rodriguez3436@primepathdigital.com,PrimePath Digital,Event,New,55,,,,2023-07-15T00:00:00
3437,Mary,Johnson,mary.johnson3437@techflowinc.com,TechFlow Inc,,MQL,56,,,,2021-05-21T00:00:00
3438,Karen,Anderson,karen.anderson3438@techflowinc.com,TechFlow Inc,Outbound - Cold,MQL,64,,,,2020-04-12T00:00:00
3439,Jessica,Lee,jessica.lee3439@pulsepointdigital.com,PulsePoint Digital,Partner Referral,Working,43,,,,2020-06-05T00:00:00
3440,Charles,Davis,charles.davis3440@scaleupsystems.com,ScaleUp Systems,Inbound - Web,Converted,53,2164,624,2024-10-17,2024-07-27T00:00:00
3441,Patricia,Davis,patricia.davis3441@metasync.com,MetaSync,Inbound - Web,Working,32,,,,2020-12-02T00:00:00
3442,Nancy,Taylor,nancy.taylor3442@quantumlogiclabs.com,QuantumLogic Labs,Outbound - SDR,New,45,,,,2024-12-07T00:00:00
3443,Nancy,Hernandez,nancy.hernandez3443@futureforge.com,FutureForge,Outbound - Cold,SQL,78,,,,2023-05-03T00:00:00
3444,Elizabeth,Gonzalez,elizabeth.gonzalez3444@streamlineanalytics.com,StreamLine Analytics,Outbound - SDR,Working,57,,,,2020-02-22T00:00:00
3445,Mary,Anderson,mary.anderson3445@scaleupsystems.com,ScaleUp Systems,Inbound - Content,Nurture,42,,,,2022-05-10T00:00:00
3446,Nancy,Martinez,nancy.martinez3446@primepathdigital.com,PrimePath Digital,Inbound - Content,New,69,,,,2020-10-17T00:00:00
3447,Jennifer,Thomas,jennifer.thomas3447@scaleupsystems.com,ScaleUp Systems,Inbound - Web,Nurture,55,,,,2022-07-10T00:00:00
3448,John,Smith,john.smith3448@metasync.com,MetaSync,Inbound - Webinar,Nurture,11,,,,2021-05-27T00:00:00
3449,Linda,Thomas,linda.thomas3449@primepathdigital.com,PrimePath Digital,Social Media,MQL,97,,,,2022-10-01T00:00:00
3450,David,Jackson,david.jackson3450@rapidcloud.com,RapidCloud,Outbound - Cold,SQL,81,,,,2023-07-16T00:00:00
3451,Karen,Wilson,karen.wilson3451@brightwavetech.com,BrightWave Tech,Inbound - Content,SQL,71,,,,2023-05-02T00:00:00
3452,Charles,Rodriguez,charles.rodriguez3452@quantumlogiclabs.com,QuantumLogic Labs,Product-Led,Converted,58,416,965,2024-03-20,2024-02-26T00:00:00
3453,Elizabeth,Martin,elizabeth.martin3453@primepathdigital.com,PrimePath Digital,Paid Search,Working,25,,,,2020-06-08T00:00:00
3454,Karen,Williams,karen.williams3454@cloudscalesystems.com,CloudScale Systems,Event,Converted,66,1320,216,2023-08-20,2023-08-07T00:00:00
3455,Lisa,Anderson,lisa.anderson3455@quantumlogiclabs.com,QuantumLogic Labs,Outbound - Cold,SQL,91,,,,2021-10-14T00:00:00
3456,Lisa,Davis,lisa.davis3456@streamlineanalytics.com,StreamLine Analytics,Event,MQL,52,,,,2024-09-20T00:00:00
3457,James,Jones,james.jones3457@vertexai.com,VertexAI,Outbound - SDR,Converted,67,2074,416,2024-03-19,2024-02-08T00:00:00
3458,Linda,Anderson,linda.anderson3458@metasync.com,MetaSync,Outbound - SDR,Nurture,-36,,,,2023-10-02T00:00:00
3459,Mary,Anderson,mary.anderson3459@brightwavetech.com,BrightWave Tech,Outbound - Cold,Converted,100,2877,443,2024-10-09,2024-08-04T00:00:00
3460,Joseph,Moore,joseph.moore3460@databridgecorp.com,DataBridge Corp,Outbound - SDR,SQL,96,,,,2020-11-11T00:00:00
3461,Charles,Moore,charles.moore3461@cloudscalesystems.com,CloudScale Systems,Event,New,62,,,,2021-06-08T00:00:00
3462,Nancy,Rodriguez,nancy.rodriguez3462@rapidcloud.com,RapidCloud,Inbound - Content,MQL,96,,,,2022-10-05T00:00:00
3463,Susan,Jones,susan.jones3463@nexgensolutions.com,NexGen Solutions,Outbound - Cold,Nurture,61,,,,2022-12-23T00:00:00
3464,Thomas,Wilson,thomas.wilson3464@streamlineanalytics.com,StreamLine Analytics,Inbound - Web,New,-49,,,,2021-08-05T00:00:00
3465,Elizabeth,Miller,elizabeth.miller3465@metasync.com,MetaSync,Outbound - Cold,Converted,60,1378,318,2024-06-16,2024-05-05T00:00:00
3466,Elizabeth,Martinez,elizabeth.martinez3466@vertexai.com,VertexAI,Inbound - Webinar,Converted,54,97,884,2024-11-25,2024-10-22T00:00:00
3467,Susan,Gonzalez,susan.gonzalez3467@brightwavetech.com,BrightWave Tech,Social Media,Converted,97,1032,273,2024-10-07,2024-09-21T00:00:00
3468,Barbara,Martin,barbara.martin3468@futureforge.com,FutureForge,Inbound - Content,Working,44,,,,2022-08-04T00:00:00
3469,Joseph,Gonzalez,joseph.gonzalez3469@truenorthdata.com,TrueNorth Data,Paid Search,New,42,,,,2021-10-21T00:00:00
3470,Patricia,Martinez,patricia.martinez3470@cybervault.com,CyberVault,Outbound - Cold,MQL,53,,,,2020-03-05T00:00:00
3471,Daniel,Jackson,daniel.jackson3471@databridgecorp.com,DataBridge Corp,Inbound - Webinar,Working,37,,,,2020-08-14T00:00:00
3472,Lisa,Lee,lisa.lee3472@vertexai.com,VertexAI,Partner Referral,MQL,83,,,,2021-04-30T00:00:00
3473,Jessica,Johnson,jessica.johnson,DataBridge Corp,,MQL,88,,,,2024-06-02T00:00:00
3474,Patricia,Martinez,patricia.martinez3474@insightplatforms.com,Insight Platforms,Outbound - Cold,Disqualified,3,,,,2023-11-12T00:00:00
3475,Susan,Gonzalez,susan.gonzalez3475@pulsepointdigital.com,PulsePoint Digital,Social Media,Disqualified,15,,,,2021-03-17T00:00:00
3476,Michael,Johnson,michael.johnson3476@cybervault.com,CyberVault,Social Media,MQL,55,,,,2020-02-08T00:00:00
3477,David,Lopez,david.lopez,CyberVault,Product-Led,Working,35,,,,2023-11-13T00:00:00
3478,James,Brown,james.brown3478@databridgecorp.com,DataBridge Corp,Outbound - Cold,MQL,69,,,,2022-11-24T00:00:00
3479,Christopher,Lee,christopher.lee3479@pulsepointdigital.com,PulsePoint Digital,Inbound - Webinar,Working,26,,,,2021-04-07T00:00:00
3480,Linda,Miller,linda.miller3480@rapidcloud.com,RapidCloud,Inbound - Webinar,Converted,89,2108,761,2024-12-13,2024-11-29T00:00:00
3481,Elizabeth,Garcia,elizabeth.garcia3481@quantumlogiclabs.com,QuantumLogic Labs,Inbound - Content,SQL,73,,,,2020-12-12T00:00:00
3482,Sarah,Hernandez,sarah.hernandez3482@scaleupsystems.com,ScaleUp Systems,Inbound - Webinar,New,44,,,,2024-04-01T00:00:00
3483,William,Brown,william.brown3483@agiledynamics.com,Agile Dynamics,Partner Referral,Nurture,26,,,,2021-03-18T00:00:00
3484,Thomas,Taylor,thomas.taylor3484@streamlineanalytics.com,StreamLine Analytics,Event,MQL,66,,,,2020-11-20T00:00:00
3485,Robert,Taylor,robert.taylor3485@brightwavetech.com,BrightWave Tech,Event,MQL,89,,,,2024-09-28T00:00:00
3486,Linda,Rodriguez,linda.rodriguez3486@truenorthdata.com,TrueNorth Data,Inbound - Webinar,Converted,67,2349,750,2024-11-16,2024-10-23T00:00:00
3487,Karen,Thomas,karen.thomas3487@databridgecorp.com,DataBridge Corp,Inbound - Webinar,Converted,97,4339,252,2023-04-29,2023-02-17T00:00:00
3488,Susan,Jones,susan.jones3488@insightplatforms.com,Insight Platforms,Partner Referral,Converted,-79,273,901,2024-07-18,2024-05-06T00:00:00
3489,Daniel,Moore,daniel.moore3489@cloudscalesystems.com,CloudScale Systems,Inbound - Webinar,Working,33,,,,2023-11-19T00:00:00
3490,Sarah,Williams,sarah.williams3490@rapidcloud.com,RapidCloud,Inbound - Webinar,New,52,,,,2020-03-20T00:00:00
3491,Karen,Garcia,karen.garcia3491@cybervault.com,CyberVault,Paid Search,MQL,-56,,,,2022-07-10T00:00:00
3492,Barbara,Gonzalez,barbara.gonzalez3492@databridgecorp.com,DataBridge Corp,Partner Referral,Nurture,64,,,,2023-07-18T00:00:00
3493,Michael,Martinez,michael.martinez3493@scaleupsystems.com,ScaleUp Systems,Event,Converted,74,4437,530,2022-03-20,2022-01-07T00:00:00
3494,Robert,Miller,robert.miller3494@cybervault.com,CyberVault,Inbound - Webinar,SQL,60,,,,2024-12-14T00:00:00
3495,Elizabeth,Miller,elizabeth.miller3495@insightplatforms.com,Insight Platforms,Paid Search,Converted,72,3247,786,2024-04-01,2024-03-07T00:00:00
3496,Lisa,Lee,lisa.lee3496@scaleupsystems.com,ScaleUp Systems,Outbound - SDR,New,28,,,,2022-11-29T00:00:00
3497,Barbara,Martin,barbara.martin3497@truenorthdata.com,TrueNorth Data,Inbound - Webinar,SQL,55,,,,2022-06-13T00:00:00
3498,Thomas,Thompson,thomas.thompson3498@pulsepointdigital.com,PulsePoint Digital,Paid Search,Converted,78,2685,871,2023-12-27,2023-11-06T00:00:00
3499,Christopher,Moore,christopher.moore3499@nexgensolutions.com,NexGen Solutions,Outbound - SDR,New,17,,,,2022-04-06T00:00:00
3500,Mary,Jackson,mary.jackson3500@nexgensolutions.com,NexGen Solutions,Outbound - Cold,Disqualified,25,,,,2023-03-09T00:00:00
3501,David,Garcia,david.garcia,PulsePoint Digital,Inbound - Webinar,MQL,57,,,,2020-05-18T00:00:00
3502,Elizabeth,Rodriguez,elizabeth.rodriguez3502@truenorthdata.com,TrueNorth Data,Outbound - SDR,Converted,96,3108,446,2023-03-13,2023-02-25T00:00:00
3503,Sarah,Williams,sarah.williams3503@truenorthdata.com,TrueNorth Data,Product-Led,Working,16,,,,2022-10-04T00:00:00
3504,Christopher,Thomas,christopher.thomas3504@techflowinc.com,TechFlow Inc,Paid Search,MQL,69,,,,2021-09-22T00:00:00
3505,Joseph,Brown,joseph.brown3505@agiledynamics.com,Agile Dynamics,Paid Search,Converted,81,2715,768,2024-06-09,2024-05-03T00:00:00
3506,Lisa,Taylor,lisa.taylor,Insight Platforms,,Converted,81,502,613,2024-07-19,2024-06-03T00:00:00
3507,Linda,Anderson,linda.anderson3507@pulsepointdigital.com,PulsePoint Digital,Paid Search,Nurture,54,,,,2023-05-15T00:00:00
3508,John,Martinez,john.martinez3508@quantumlogiclabs.com,QuantumLogic Labs,Inbound - Web,Working,42,,,,2024-11-17T00:00:00
3509,Barbara,Rodriguez,barbara.rodriguez3509@streamlineanalytics.com,StreamLine Analytics,Event,Disqualified,8,,,,2024-07-22T00:00:00
3510,Sarah,Jackson,sarah.jackson3510@rapidcloud.com,RapidCloud,Inbound - Content,Working,27,,,,2021-04-11T00:00:00
3511,Thomas,Wilson,thomas.wilson3511@primepathdigital.com,PrimePath Digital,Event,Working,57,,,,2024-08-10T00:00:00
3512,Elizabeth,Johnson,elizabeth.johnson3512@databridgecorp.com,DataBridge Corp,Outbound - Cold,Disqualified,10,,,,2024-04-10T00:00:00
3513,Robert,Moore,robert.moore3513@futureforge.com,FutureForge,Outbound - Cold,MQL,57,,,,2022-03-22T00:00:00
3514,Robert,Rodriguez,robert.rodriguez3514@databridgecorp.com,DataBridge Corp,Inbound - Webinar,SQL,90,,,,2022-07-06T00:00:00
3515,David,Hernandez,david.hernandez3515@pulsepointdigital.com,PulsePoint Digital,Inbound - Webinar,Disqualified,27,,,,2022-07-03T00:00:00
3516,John,Davis,john.davis3516@scaleupsystems.com,ScaleUp Systems,Inbound - Web,MQL,65,,,,2022-11-26T00:00:00
3517,John,Lopez,john.lopez3517@cybervault.com,CyberVault,Paid Search,MQL,82,,,,2021-07-06T00:00:00
3518,Jennifer,Thompson,jennifer.thompson3518@databridgecorp.com,DataBridge Corp,Inbound - Web,Working,14,,,,2021-01-26T00:00:00
3519,Daniel,Rodriguez,daniel.rodriguez3519@metasync.com,MetaSync,Outbound - Cold,SQL,92,,,,2023-07-30T00:00:00
3520,Sarah,Jones,sarah.jones3520@nexgensolutions.com,NexGen Solutions,Paid Search,Converted,-98,3933,607,2024-12-23,2024-10-08T00:00:00
3521,Joseph,Taylor,joseph.taylor3521@quantumlogiclabs.com,QuantumLogic Labs,Inbound - Content,Nurture,56,,,,2022-05-16T00:00:00
3522,Jessica,Hernandez,jessica.hernandez3522@agiledynamics.com,Agile Dynamics,Paid Search,Nurture,47,,,,2023-12-26T00:00:00
3523,Richard,Johnson,richard.johnson3523@primepathdigital.com,PrimePath Digital,Outbound - SDR,Working,16,,,,2022-01-19T00:00:00
3524,Richard,Davis,richard.davis3524@futureforge.com,FutureForge,,Converted,88,1553,213,2024-10-08,2024-08-08T00:00:00
3525,Jessica,Martinez,jessica.martinez3525@insightplatforms.com,Insight Platforms,Partner Referral,MQL,69,,,,2020-12-18T00:00:00
3526,Thomas,Williams,thomas.williams3526@metasync.com,MetaSync,Outbound - SDR,SQL,82,,,,2020-09-10T00:00:00
3527,William,Rodriguez,william.rodriguez3527@streamlineanalytics.com,StreamLine Analytics,Social Media,MQL,51,,,,2023-07-15T00:00:00
3528,Charles,Davis,charles.davis3528@metasync.com,MetaSync,Product-Led,Nurture,12,,,,2020-10-20T00:00:00
3529,Jessica,Thomas,jessica.thomas3529@techflowinc.com,TechFlow Inc,Paid Search,Disqualified,0,,,,2024-07-13T00:00:00
3530,Patricia,Taylor,patricia.taylor3530@databridgecorp.com,DataBridge Corp,Inbound - Webinar,MQL,98,,,,2022-06-21T00:00:00
3531,Lisa,Williams,lisa.williams3531@truenorthdata.com,TrueNorth Data,Inbound - Content,SQL,51,,,,2022-05-24T00:00:00
3532,James,Wilson,james.wilson3532@techflowinc.com,TechFlow Inc,Outbound - SDR,MQL,77,,,,2023-11-25T00:00:00
3533,Mary,Wilson,mary.wilson3533@primepathdigital.com,PrimePath Digital,Inbound - Webinar,Nurture,14,,,,2021-10-23T00:00:00
3534,Elizabeth,Thompson,elizabeth.thompson3534@vertexai.com,VertexAI,Partner Referral,New,50,,,,2020-03-27T00:00:00
3535,Jennifer,Anderson,jennifer.anderson3535@rapidcloud.com,RapidCloud,Product-Led,Converted,95,1175,90,2024-11-09,2024-09-02T00:00:00
3536,John,Davis,john.davis3536@futureforge.com,FutureForge,Product-Led,MQL,81,,,,2024-03-29T00:00:00
3537,Jennifer,Brown,jennifer.brown3537@scaleupsystems.com,ScaleUp Systems,Product-Led,New,61,,,,2023-12-05T00:00:00
3538,Daniel,Johnson,daniel.johnson3538@vertexai.com,VertexAI,Inbound - Content,Converted,74,2935,386,2023-04-15,2023-04-04T00:00:00
3539,Patricia,Anderson,patricia.anderson,Agile Dynamics,Outbound - SDR,Disqualified,-9,,,,2022-09-30T00:00:00
3540,Elizabeth,Martin,elizabeth.martin3540@nexgensolutions.com,NexGen Solutions,Inbound - Web,New,55,,,,2021-11-14T00:00:00
3541,Jennifer,Thompson,jennifer.thompson3541@scaleupsystems.com,ScaleUp Systems,Outbound - Cold,SQL,71,,,,2022-11-19T00:00:00
3542,David,Brown,david.brown3542@rapidcloud.com,RapidCloud,Inbound - Content,Disqualified,17,,,,2024-06-15T00:00:00
3543,Barbara,Lee,barbara.lee3543@agiledynamics.com,Agile Dynamics,Inbound - Content,Converted,58,2406,296,2024-04-20,2024-03-20T00:00:00
3544,Patricia,Brown,patricia.brown3544@primepathdigital.com,PrimePath Digital,Product-Led,Converted,50,3570,871,2021-06-08,2021-06-03T00:00:00
3545,Christopher,Martin,christopher.martin3545@futureforge.com,FutureForge,Inbound - Webinar,MQL,100,,,,2022-06-13T00:00:00
3546,Susan,Rodriguez,susan.rodriguez3546@techflowinc.com,TechFlow Inc,Inbound - Content,SQL,62,,,,2020-04-14T00:00:00
3547,David,Hernandez,david.hernandez3547@truenorthdata.com,TrueNorth Data,Outbound - Cold,Nurture,33,,,,2023-02-12T00:00:00
3548,Sarah,Anderson,sarah.anderson3548@innovateco.com,InnovateCo,Event,Working,31,,,,2020-11-19T00:00:00
3549,Richard,Thompson,richard.thompson3549@futureforge.com,FutureForge,Social Media,Working,23,,,,2020-05-23T00:00:00
3550,Daniel,Davis,daniel.davis3550@pulsepointdigital.com,PulsePoint Digital,,New,25,,,,2023-05-19T00:00:00
3551,William,Hernandez,william.hernandez3551@truenorthdata.com,TrueNorth Data,Inbound - Content,Converted,93,1988,12,2023-05-14,2023-04-28T00:00:00
3552,Daniel,Garcia,daniel.garcia3552@cloudscalesystems.com,CloudScale Systems,Outbound - Cold,Working,23,,,,2020-09-14T00:00:00
3553,Lisa,Garcia,lisa.garcia3553@futureforge.com,FutureForge,Partner Referral,Converted,75,1181,640,2023-09-07,2023-08-07T00:00:00
3554,Christopher,Brown,christopher.brown3554@databridgecorp.com,DataBridge Corp,Product-Led,Converted,91,2079,241,2024-04-12,2024-02-27T00:00:00
3555,Charles,Smith,charles.smith3555@brightwavetech.com,BrightWave Tech,Social Media,Working,10,,,,2022-07-08T00:00:00
3556,John,Martin,john.martin3556@databridgecorp.com,DataBridge Corp,Social Media,New,62,,,,2020-03-03T00:00:00
3557,William,Wilson,william.wilson3557@corestack.com,CoreStack,Inbound - Content,Disqualified,1,,,,2021-08-13T00:00:00
3558,William,Lopez,william.lopez3558@streamlineanalytics.com,StreamLine Analytics,Inbound - Web,MQL,59,,,,2022-04-21T00:00:00
3559,Patricia,Moore,patricia.moore3559@databridgecorp.com,DataBridge Corp,Partner Referral,MQL,82,,,,2020-12-07T00:00:00
3560,Richard,Anderson,richard.anderson,PulsePoint Digital,Outbound - SDR,Working,25,,,,2020-08-15T00:00:00
3561,Barbara,Gonzalez,barbara.gonzalez3561@nexgensolutions.com,NexGen Solutions,Partner Referral,Converted,85,3649,425,2023-11-05,2023-09-02T00:00:00
3562,Susan,Martinez,susan.martinez3562@rapidcloud.com,RapidCloud,Social Media,Converted,92,1604,492,2021-05-01,2021-03-07T00:00:00
3563,David,Lopez,david.lopez3563@innovateco.com,InnovateCo,Outbound - SDR,Disqualified,16,,,,2022-12-02T00:00:00
3564,Susan,Rodriguez,susan.rodriguez3564@quantumlogiclabs.com,QuantumLogic Labs,Partner Referral,New,69,,,,2020-02-26T00:00:00
3565,Christopher,Miller,christopher.miller3565@vertexai.com,VertexAI,Paid Search,Converted,59,1977,965,2023-10-13,2023-10-14T00:00:00
3566,Susan,Martinez,susan.martinez3566@futureforge.com,FutureForge,Outbound - Cold,Working,70,,,,2024-12-24T00:00:00
3567,Linda,Lopez,linda.lopez,InnovateCo,Partner Referral,Converted,99,4896,172,2024-12-11,2024-09-30T00:00:00
3568,Mary,Jones,mary.jones3568@metasync.com,MetaSync,Outbound - Cold,Nurture,66,,,,2020-10-24T00:00:00
3569,Mary,Miller,mary.miller3569@nexgensolutions.com,NexGen Solutions,Partner Referral,Converted,83,2985,767,2024-12-02,2024-10-21T00:00:00
3570,Elizabeth,Taylor,elizabeth.taylor3570@agiledynamics.com,Agile Dynamics,Partner Referral,MQL,96,,,,2024-02-11T00:00:00
3571,Thomas,Jackson,thomas.jackson3571@futureforge.com,FutureForge,Partner Referral,Disqualified,1,,,,2021-02-22T00:00:00
3572,Richard,Thomas,,TrueNorth Data,,Converted,97,3675,938,2024-12-28,2024-12-09T00:00:00
3573,Daniel,Lopez,daniel.lopez3573@quantumlogiclabs.com,QuantumLogic Labs,Event,Disqualified,24,,,,2022-09-28T00:00:00
3574,Barbara,Hernandez,barbara.hernandez3574@streamlineanalytics.com,StreamLine Analytics,,Converted,61,2794,256,2024-08-06,2024-06-26T00:00:00
3575,Robert,Williams,,InnovateCo,Event,SQL,71,,,,2024-02-10T00:00:00
3576,Lisa,Thomas,lisa.thomas3576@techflowinc.com,TechFlow Inc,Inbound - Web,Converted,77,2754,19,2023-11-13,2023-10-25T00:00:00
3577,Sarah,Taylor,sarah.taylor3577@databridgecorp.com,DataBridge Corp,Inbound - Webinar,Working,51,,,,2024-12-08T00:00:00
3578,Joseph,Williams,joseph.williams3578@techflowinc.com,TechFlow Inc,Partner Referral,Disqualified,11,,,,2022-10-04T00:00:00
3579,Richard,Miller,richard.miller3579@rapidcloud.com,RapidCloud,Inbound - Web,Disqualified,14,,,,2020-04-24T00:00:00
3580,Karen,Jones,karen.jones3580@cloudscalesystems.com,CloudScale Systems,Social Media,Working,26,,,,2024-03-01T00:00:00
3581,William,Wilson,william.wilson3581@innovateco.com,InnovateCo,Event,MQL,97,,,,2024-09-07T00:00:00
3582,Lisa,Martin,lisa.martin3582@databridgecorp.com,DataBridge Corp,Social Media,New,18,,,,2023-08-12T00:00:00
3583,Patricia,Miller,patricia.miller3583@cloudscalesystems.com,CloudScale Systems,Product-Led,Nurture,40,,,,2024-07-03T00:00:00
3584,Patricia,Jackson,patricia.jackson3584@pulsepointdigital.com,PulsePoint Digital,Outbound - SDR,Nurture,23,,,,2024-05-19T00:00:00
3585,John,Garcia,john.garcia3585@techflowinc.com,TechFlow Inc,,New,15,,,,2023-04-18T00:00:00
3586,Sarah,Jones,sarah.jones3586@futureforge.com,FutureForge,Inbound - Web,MQL,56,,,,2022-06-19T00:00:00
3587,Barbara,Martin,barbara.martin3587@databridgecorp.com,DataBridge Corp,Inbound - Content,Converted,87,3368,169,2023-05-30,2023-05-15T00:00:00
3588,John,Moore,john.moore,Agile Dynamics,,Converted,-68,1709,663,2024-03-24,2024-02-11T00:00:00
3589,Thomas,Taylor,thomas.taylor3589@primepathdigital.com,PrimePath Digital,Inbound - Web,SQL,64,,,,2022-03-20T00:00:00
3590,William,Gonzalez,william.gonzalez3590@corestack.com,CoreStack,Event,Converted,87,809,465,2024-10-12,2024-08-24T00:00:00
3591,Elizabeth,Smith,elizabeth.smith3591@databridgecorp.com,DataBridge Corp,Partner Referral,Converted,92,2563,830,2023-03-09,2023-02-04T00:00:00
3592,Michael,Jones,michael.jones3592@scaleupsystems.com,ScaleUp Systems,Inbound - Web,New,24,,,,2020-03-02T00:00:00
3593,Charles,Thompson,charles.thompson3593@nexgensolutions.com,NexGen Solutions,Outbound - SDR,New,46,,,,2021-03-22T00:00:00
3594,William,Thompson,william.thompson3594@vertexai.com,VertexAI,Social Media,Nurture,47,,,,2022-05-07T00:00:00
3595,Sarah,Thompson,sarah.thompson3595@vertexai.com,VertexAI,Outbound - SDR,New,14,,,,2021-02-10T00:00:00
3596,Susan,Thomas,susan.thomas3596@primepathdigital.com,PrimePath Digital,Event,Disqualified,0,,,,2020-11-20T00:00:00
3597,Susan,Martin,susan.martin3597@cloudscalesystems.com,CloudScale Systems,Partner Referral,New,34,,,,2022-12-19T00:00:00
3598,Barbara,Thompson,barbara.thompson3598@truenorthdata.com,TrueNorth Data,Social Media,Disqualified,12,,,,2024-06-14T00:00:00
3599,Linda,Wilson,linda.wilson3599@corestack.com,CoreStack,Social Media,Disqualified,20,,,,2021-02-25T00:00:00
3600,Lisa,Lopez,lisa.lopez3600@scaleupsystems.com,ScaleUp Systems,Product-Led,New,12,,,,2021-11-08T00:00:00
3601,Charles,Rodriguez,charles.rodriguez3601@truenorthdata.com,TrueNorth Data,Outbound - Cold,New,-40,,,,2020-07-19T00:00:00
3602,Elizabeth,Jackson,elizabeth.jackson,FutureForge,Inbound - Content,MQL,72,,,,2021-06-27T00:00:00
3603,William,Thomas,william.thomas3603@metasync.com,MetaSync,Outbound - SDR,SQL,89,,,,2023-03-13T00:00:00
3604,Robert,Thompson,robert.thompson3604@innovateco.com,InnovateCo,Inbound - Web,Working,18,,,,2020-06-03T00:00:00
3605,Daniel,Miller,daniel.miller3605@cybervault.com,CyberVault,Event,Working,34,,,,2024-07-07T00:00:00
3606,Michael,Wilson,michael.wilson3606@primepathdigital.com,PrimePath Digital,,New,54,,,,2022-09-23T00:00:00
3607,Elizabeth,Thomas,elizabeth.thomas3607@truenorthdata.com,TrueNorth Data,Product-Led,MQL,82,,,,2020-07-25T00:00:00
3608,Charles,Taylor,charles.taylor3608@metasync.com,MetaSync,Product-Led,Converted,65,1953,685,2022-05-18,2022-03-05T00:00:00
3609,Jessica,Thomas,jessica.thomas3609@corestack.com,CoreStack,Inbound - Webinar,New,54,,,,2021-11-28T00:00:00
3610,David,Johnson,david.johnson3610@scaleupsystems.com,ScaleUp Systems,,SQL,93,,,,2022-09-25T00:00:00
3611,Mary,Martinez,,ScaleUp Systems,Inbound - Web,Converted,69,1499,280,2024-01-14,2024-01-06T00:00:00
3612,Richard,Brown,richard.brown3612@streamlineanalytics.com,StreamLine Analytics,Product-Led,New,29,,,,2023-02-12T00:00:00
3613,Susan,Johnson,susan.johnson3613@cloudscalesystems.com,CloudScale Systems,Outbound - SDR,MQL,78,,,,2022-05-28T00:00:00
3614,John,Jones,john.jones3614@corestack.com,CoreStack,Inbound - Webinar,Disqualified,18,,,,2024-04-14T00:00:00
3615,Nancy,Miller,nancy.miller3615@truenorthdata.com,TrueNorth Data,Product-Led,Disqualified,13,,,,2020-04-07T00:00:00
3616,Christopher,Taylor,christopher.taylor3616@techflowinc.com,TechFlow Inc,Paid Search,Working,63,,,,2020-01-15T00:00:00
3617,Karen,Hernandez,karen.hernandez3617@streamlineanalytics.com,StreamLine Analytics,Partner Referral,Nurture,60,,,,2023-12-14T00:00:00
3618,Richard,Garcia,,TrueNorth Data,Paid Search,MQL,89,,,,2024-02-16T00:00:00
3619,Lisa,Lopez,lisa.lopez3619@techflowinc.com,TechFlow Inc,Event,Nurture,57,,,,2021-05-06T00:00:00
3620,William,Davis,william.davis,DataBridge Corp,Social Media,SQL,53,,,,2022-03-19T00:00:00
3621,Linda,Gonzalez,linda.gonzalez3621@quantumlogiclabs.com,QuantumLogic Labs,Event,Nurture,15,,,,2023-04-19T00:00:00
3622,Lisa,Miller,lisa.miller3622@metasync.com,MetaSync,,Disqualified,19,,,,2021-05-22T00:00:00
3623,John,Davis,john.davis3623@primepathdigital.com,PrimePath Digital,Paid Search,Disqualified,2,,,,2022-08-29T00:00:00
3624,Lisa,Lopez,lisa.lopez3624@corestack.com,CoreStack,Paid Search,Disqualified,23,,,,2024-01-13T00:00:00
3625,Karen,Johnson,karen.johnson3625@innovateco.com,InnovateCo,Product-Led,Disqualified,23,,,,2020-09-05T00:00:00
3626,Lisa,Gonzalez,lisa.gonzalez3626@innovateco.com,InnovateCo,Inbound - Content,MQL,54,,,,2022-12-16T00:00:00
3627,Jessica,Garcia,jessica.garcia3627@agiledynamics.com,Agile Dynamics,Outbound - SDR,SQL,78,,,,2022-12-29T00:00:00
3628,Barbara,Gonzalez,barbara.gonzalez3628@quantumlogiclabs.com,QuantumLogic Labs,Paid Search,MQL,77,,,,2020-11-17T00:00:00
3629,Karen,Hernandez,karen.hernandez3629@vertexai.com,VertexAI,Paid Search,Working,26,,,,2021-03-07T00:00:00
3630,Lisa,Miller,,CyberVault,Inbound - Webinar,Working,64,,,,2024-09-09T00:00:00
3631,James,Anderson,james.anderson3631@truenorthdata.com,TrueNorth Data,Social Media,MQL,63,,,,2023-02-24T00:00:00
3632,Michael,Thompson,michael.thompson3632@streamlineanalytics.com,StreamLine Analytics,Product-Led,Nurture,44,,,,2021-10-28T00:00:00
3633,Karen,Lee,karen.lee3633@pulsepointdigital.com,PulsePoint Digital,Inbound - Webinar,New,43,,,,2022-07-30T00:00:00
3634,Thomas,Jones,thomas.jones3634@cloudscalesystems.com,CloudScale Systems,Inbound - Content,Converted,80,553,804,2022-08-06,2022-07-20T00:00:00
3635,Richard,Gonzalez,richard.gonzalez3635@cloudscalesystems.com,CloudScale Systems,Outbound - SDR,Working,-37,,,,2021-11-07T00:00:00
3636,Christopher,Johnson,christopher.johnson3636@techflowinc.com,TechFlow Inc,Event,Working,31,,,,2022-08-02T00:00:00
3637,Linda,Martin,linda.martin3637@metasync.com,MetaSync,Product-Led,SQL,78,,,,2024-06-17T00:00:00
3638,Richard,Rodriguez,richard.rodriguez3638@vertexai.com,VertexAI,Inbound - Webinar,Disqualified,26,,,,2023-08-15T00:00:00
3639,Robert,Brown,robert.brown3639@databridgecorp.com,DataBridge Corp,Social Media,Converted,98,3757,901,2024-03-10,2023-12-23T00:00:00
3640,Karen,Hernandez,karen.hernandez3640@quantumlogiclabs.com,QuantumLogic Labs,Social Media,Converted,92,3510,50,2023-11-18,2023-10-06T00:00:00
3641,Patricia,Lopez,patricia.lopez3641@brightwavetech.com,BrightWave Tech,Social Media,MQL,100,,,,2022-09-28T00:00:00
3642,Patricia,Anderson,patricia.anderson3642@pulsepointdigital.com,PulsePoint Digital,Inbound - Web,New,33,,,,2020-10-19T00:00:00
3643,Robert,Brown,robert.brown3643@streamlineanalytics.com,StreamLine Analytics,Product-Led,Nurture,66,,,,2023-10-22T00:00:00
3644,Elizabeth,Hernandez,elizabeth.hernandez3644@insightplatforms.com,Insight Platforms,Product-Led,Working,41,,,,2021-06-27T00:00:00
3645,Richard,Davis,richard.davis3645@streamlineanalytics.com,StreamLine Analytics,Event,Working,37,,,,2020-07-25T00:00:00
3646,Joseph,Jones,joseph.jones3646@corestack.com,CoreStack,Inbound - Web,Converted,62,4543,572,2022-11-16,2022-11-08T00:00:00
3647,Mary,Hernandez,mary.hernandez3647@metasync.com,MetaSync,Outbound - Cold,New,67,,,,2024-02-17T00:00:00
3648,Charles,Jackson,charles.jackson3648@nexgensolutions.com,NexGen Solutions,Inbound - Web,Disqualified,8,,,,2024-11-01T00:00:00
3649,Daniel,Johnson,daniel.johnson3649@corestack.com,CoreStack,Event,Disqualified,26,,,,2024-01-24T00:00:00
3650,William,Rodriguez,william.rodriguez3650@corestack.com,CoreStack,Partner Referral,New,43,,,,2022-06-08T00:00:00
3651,Michael,Martin,michael.martin3651@databridgecorp.com,DataBridge Corp,Inbound - Webinar,Nurture,46,,,,2022-08-15T00:00:00
3652,Barbara,Jackson,barbara.jackson3652@cybervault.com,CyberVault,Inbound - Webinar,Working,52,,,,2023-03-30T00:00:00
3653,Richard,Hernandez,richard.hernandez3653@primepathdigital.com,PrimePath Digital,Product-Led,Converted,93,3793,868,2024-05-24,2024-03-15T00:00:00
3654,Patricia,Thompson,patricia.thompson3654@databridgecorp.com,DataBridge Corp,Outbound - Cold,MQL,-81,,,,2021-02-14T00:00:00
3655,Karen,Rodriguez,karen.rodriguez,BrightWave Tech,Event,Nurture,46,,,,2023-10-28T00:00:00
3656,Richard,Martinez,richard.martinez3656@metasync.com,MetaSync,Event,Converted,56,562,990,2022-09-09,2022-08-06T00:00:00
3657,Patricia,Smith,patricia.smith3657@vertexai.com,VertexAI,Outbound - SDR,Working,31,,,,2024-02-02T00:00:00
3658,Christopher,Thompson,christopher.thompson3658@innovateco.com,InnovateCo,Inbound - Webinar,SQL,53,,,,2020-06-24T00:00:00
3659,David,Lopez,david.lopez3659@cloudscalesystems.com,CloudScale Systems,Inbound - Webinar,SQL,60,,,,2020-07-08T00:00:00
3660,Patricia,Wilson,patricia.wilson3660@nexgensolutions.com,NexGen Solutions,Outbound - Cold,New,50,,,,2021-02-06T00:00:00
3661,Christopher,Johnson,christopher.johnson3661@scaleupsystems.com,ScaleUp Systems,Outbound - SDR,Disqualified,21,,,,2021-04-29T00:00:00
3662,Richard,Smith,richard.smith3662@rapidcloud.com,RapidCloud,Product-Led,Disqualified,8,,,,2024-09-06T00:00:00
3663,Jennifer,Smith,jennifer.smith3663@cybervault.com,CyberVault,Inbound - Content,Disqualified,29,,,,2022-07-14T00:00:00
3664,Susan,Martinez,,VertexAI,Inbound - Webinar,Nurture,21,,,,2023-10-02T00:00:00
3665,Nancy,Lopez,nancy.lopez3665@rapidcloud.com,RapidCloud,Product-Led,SQL,98,,,,2020-02-03T00:00:00
3666,Mary,Williams,mary.williams3666@techflowinc.com,TechFlow Inc,Inbound - Web,SQL,85,,,,2020-06-12T00:00:00
3667,Jennifer,Moore,jennifer.moore3667@cybervault.com,CyberVault,Inbound - Webinar,MQL,97,,,,2020-07-05T00:00:00
3668,John,Garcia,john.garcia3668@futureforge.com,FutureForge,Outbound - Cold,MQL,52,,,,2023-06-10T00:00:00
3669,Mary,Garcia,mary.garcia3669@streamlineanalytics.com,StreamLine Analytics,Outbound - SDR,MQL,83,,,,2021-10-23T00:00:00
3670,Susan,Lopez,susan.lopez3670@cybervault.com,CyberVault,Product-Led,New,20,,,,2023-02-25T00:00:00
3671,Karen,Davis,karen.davis3671@quantumlogiclabs.com,QuantumLogic Labs,Paid Search,Working,62,,,,2020-04-23T00:00:00
3672,Mary,Thompson,mary.thompson3672@insightplatforms.com,Insight Platforms,Outbound - Cold,Working,17,,,,2024-11-15T00:00:00
3673,Nancy,Wilson,nancy.wilson3673@databridgecorp.com,DataBridge Corp,Inbound - Content,MQL,81,,,,2020-10-11T00:00:00
3674,Susan,Jackson,susan.jackson3674@scaleupsystems.com,ScaleUp Systems,Product-Led,Converted,71,2066,546,2024-10-22,2024-09-28T00:00:00
3675,Susan,Smith,susan.smith3675@nexgensolutions.com,NexGen Solutions,Event,Disqualified,12,,,,2021-10-01T00:00:00
3676,Robert,Gonzalez,robert.gonzalez3676@cybervault.com,CyberVault,Partner Referral,Nurture,59,,,,2021-02-05T00:00:00
3677,Daniel,Smith,daniel.smith3677@nexgensolutions.com,NexGen Solutions,Inbound - Web,Nurture,13,,,,2020-04-02T00:00:00
3678,David,Rodriguez,david.rodriguez3678@streamlineanalytics.com,StreamLine Analytics,Event,Converted,97,3130,83,2024-11-11,2024-11-06T00:00:00
3679,Thomas,Miller,thomas.miller3679@rapidcloud.com,RapidCloud,Paid Search,New,61,,,,2023-05-14T00:00:00
3680,Lisa,Jones,lisa.jones3680@innovateco.com,InnovateCo,Product-Led,MQL,78,,,,2023-05-17T00:00:00
3681,Elizabeth,Anderson,elizabeth.anderson3681@cloudscalesystems.com,CloudScale Systems,Event,Nurture,57,,,,2021-06-03T00:00:00
3682,David,Thomas,david.thomas3682@futureforge.com,FutureForge,Paid Search,Disqualified,28,,,,2021-09-23T00:00:00
3683,Mary,Wilson,mary.wilson3683@techflowinc.com,TechFlow Inc,Inbound - Content,Working,24,,,,2024-10-02T00:00:00
3684,Patricia,Martinez,patricia.martinez3684@streamlineanalytics.com,StreamLine Analytics,Event,Converted,97,1760,348,2024-12-05,2024-11-27T00:00:00
3685,Lisa,Rodriguez,lisa.rodriguez3685@techflowinc.com,TechFlow Inc,Social Media,New,19,,,,2021-12-26T00:00:00
3686,Thomas,Wilson,thomas.wilson3686@corestack.com,CoreStack,Event,MQL,75,,,,2021-11-13T00:00:00
3687,John,Taylor,john.taylor3687@cloudscalesystems.com,CloudScale Systems,Inbound - Content,MQL,52,,,,2023-10-03T00:00:00
3688,Charles,Lopez,charles.lopez3688@nexgensolutions.com,NexGen Solutions,Inbound - Webinar,Disqualified,15,,,,2024-09-23T00:00:00
3689,Robert,Thomas,robert.thomas3689@brightwavetech.com,BrightWave Tech,Inbound - Content,Nurture,31,,,,2021-09-30T00:00:00
3690,Linda,Martin,linda.martin3690@streamlineanalytics.com,StreamLine Analytics,Partner Referral,Converted,68,2279,92,2023-12-10,2023-11-17T00:00:00
3691,Susan,Davis,susan.davis3691@innovateco.com,InnovateCo,Inbound - Content,New,17,,,,2024-05-08T00:00:00
3692,Jennifer,Martinez,jennifer.martinez3692@cloudscalesystems.com,CloudScale Systems,Outbound - SDR,Disqualified,28,,,,2024-09-02T00:00:00
3693,William,Johnson,william.johnson3693@techflowinc.com,TechFlow Inc,Event,Converted,53,2095,465,2024-10-29,2024-08-10T00:00:00
3694,Richard,Lopez,richard.lopez3694@insightplatforms.com,Insight Platforms,Outbound - SDR,Converted,63,4881,224,2023-06-14,2023-04-12T00:00:00
3695,Barbara,Jackson,barbara.jackson3695@databridgecorp.com,DataBridge Corp,Social Media,Working,18,,,,2024-04-09T00:00:00
3696,Thomas,Thomas,thomas.thomas3696@insightplatforms.com,Insight Platforms,Inbound - Webinar,Nurture,13,,,,2023-08-18T00:00:00
3697,Richard,Garcia,richard.garcia3697@pulsepointdigital.com,PulsePoint Digital,Outbound - SDR,Converted,89,2865,880,2024-12-09,2024-10-30T00:00:00
3698,Christopher,Lopez,christopher.lopez3698@pulsepointdigital.com,PulsePoint Digital,Outbound - Cold,Working,66,,,,2022-01-09T00:00:00
3699,David,Gonzalez,david.gonzalez3699@futureforge.com,FutureForge,Product-Led,SQL,78,,,,2020-01-28T00:00:00
3700,Elizabeth,Smith,elizabeth.smith3700@truenorthdata.com,TrueNorth Data,Social Media,MQL,58,,,,2023-11-02T00:00:00
3701,Jennifer,Anderson,jennifer.anderson3701@futureforge.com,FutureForge,Outbound - Cold,Disqualified,4,,,,2022-03-18T00:00:00
3702,Linda,Lopez,linda.lopez3702@brightwavetech.com,BrightWave Tech,Social Media,SQL,95,,,,2020-01-31T00:00:00
3703,Jessica,Miller,jessica.miller3703@corestack.com,CoreStack,Outbound - SDR,Converted,97,557,652,2023-10-08,2023-09-14T00:00:00
3704,Daniel,Hernandez,daniel.hernandez3704@vertexai.com,VertexAI,Inbound - Content,SQL,87,,,,2023-02-04T00:00:00
3705,Sarah,Lopez,sarah.lopez3705@vertexai.com,VertexAI,Outbound - SDR,Disqualified,4,,,,2024-04-20T00:00:00
3706,James,Thomas,james.thomas3706@pulsepointdigital.com,PulsePoint Digital,Product-Led,Converted,100,4725,921,2024-05-07,2024-02-28T00:00:00
3707,Mary,Martin,mary.martin3707@truenorthdata.com,TrueNorth Data,Inbound - Web,MQL,87,,,,2020-01-31T00:00:00
3708,Jessica,Martin,jessica.martin3708@cybervault.com,CyberVault,Paid Search,Nurture,21,,,,2020-03-15T00:00:00
3709,Jessica,Thompson,jessica.thompson3709@scaleupsystems.com,ScaleUp Systems,Outbound - Cold,Disqualified,12,,,,2024-10-29T00:00:00
3710,John,Thomas,john.thomas3710@nexgensolutions.com,NexGen Solutions,Outbound - SDR,Disqualified,5,,,,2024-08-19T00:00:00
3711,Charles,Rodriguez,charles.rodriguez3711@metasync.com,MetaSync,Partner Referral,New,52,,,,2024-07-08T00:00:00
3712,Thomas,Hernandez,thomas.hernandez3712@scaleupsystems.com,ScaleUp Systems,,New,67,,,,2021-11-26T00:00:00
3713,Susan,Martinez,susan.martinez3713@insightplatforms.com,Insight Platforms,Outbound - SDR,Disqualified,4,,,,2023-04-05T00:00:00
3714,Lisa,Miller,lisa.miller3714@innovateco.com,InnovateCo,Outbound - Cold,MQL,87,,,,2021-06-01T00:00:00
3715,James,Gonzalez,james.gonzalez3715@streamlineanalytics.com,StreamLine Analytics,Event,Working,55,,,,2024-05-14T00:00:00
3716,Michael,Garcia,michael.garcia3716@scaleupsystems.com,ScaleUp Systems,Social Media,MQL,92,,,,2021-08-25T00:00:00
3717,James,Williams,james.williams3717@nexgensolutions.com,NexGen Solutions,Inbound - Web,SQL,90,,,,2021-09-23T00:00:00
3718,Christopher,Lopez,christopher.lopez3718@cloudscalesystems.com,CloudScale Systems,Social Media,MQL,52,,,,2022-12-06T00:00:00
3719,Robert,Miller,robert.miller3719@techflowinc.com,TechFlow Inc,Outbound - Cold,Nurture,17,,,,2024-02-14T00:00:00
3720,Robert,Hernandez,robert.hernandez3720@techflowinc.com,TechFlow Inc,Partner Referral,Nurture,31,,,,2023-01-28T00:00:00
3721,Christopher,Wilson,christopher.wilson3721@nexgensolutions.com,NexGen Solutions,Outbound - Cold,Converted,86,4744,221,2024-05-11,2024-02-20T00:00:00
3722,Linda,Moore,linda.moore3722@insightplatforms.com,Insight Platforms,Partner Referral,Nurture,18,,,,2023-08-11T00:00:00
3723,Elizabeth,Brown,elizabeth.brown3723@pulsepointdigital.com,PulsePoint Digital,Event,Converted,97,685,940,2023-12-13,2023-11-20T00:00:00
3724,Linda,Brown,linda.brown3724@cloudscalesystems.com,CloudScale Systems,Paid Search,Nurture,16,,,,2024-06-20T00:00:00
3725,David,Wilson,david.wilson3725@primepathdigital.com,PrimePath Digital,Outbound - SDR,Disqualified,7,,,,2020-02-18T00:00:00
3726,Barbara,Gonzalez,barbara.gonzalez3726@scaleupsystems.com,ScaleUp Systems,Paid Search,Working,11,,,,2024-08-04T00:00:00
3727,Thomas,Johnson,thomas.johnson3727@insightplatforms.com,Insight Platforms,Inbound - Web,New,39,,,,2024-10-19T00:00:00
3728,Thomas,Martinez,thomas.martinez3728@agiledynamics.com,Agile Dynamics,Outbound - SDR,Nurture,10,,,,2020-05-29T00:00:00
3729,Patricia,Lee,patricia.lee3729@pulsepointdigital.com,PulsePoint Digital,Inbound - Content,Disqualified,11,,,,2024-09-10T00:00:00
3730,Elizabeth,Moore,elizabeth.moore3730@streamlineanalytics.com,StreamLine Analytics,Inbound - Content,Disqualified,28,,,,2024-03-08T00:00:00
3731,Joseph,Davis,joseph.davis3731@vertexai.com,VertexAI,Inbound - Web,New,15,,,,2022-07-05T00:00:00
3732,Charles,Thomas,charles.thomas3732@metasync.com,MetaSync,Inbound - Web,SQL,87,,,,2021-03-19T00:00:00
3733,Robert,Davis,robert.davis3733@vertexai.com,VertexAI,Social Media,Nurture,13,,,,2021-05-25T00:00:00
3734,Michael,Smith,michael.smith3734@brightwavetech.com,BrightWave Tech,,Converted,64,2731,745,2023-07-27,2023-06-04T00:00:00
3735,Elizabeth,Martinez,elizabeth.martinez3735@rapidcloud.com,RapidCloud,Inbound - Web,New,33,,,,2024-03-20T00:00:00
3736,Michael,Brown,michael.brown3736@futureforge.com,FutureForge,Outbound - Cold,Disqualified,30,,,,2024-10-15T00:00:00
3737,Elizabeth,Wilson,elizabeth.wilson3737@metasync.com,MetaSync,Product-Led,Nurture,18,,,,2023-01-30T00:00:00
3738,Jennifer,Rodriguez,jennifer.rodriguez,RapidCloud,Inbound - Webinar,Converted,87,3552,382,2024-10-10,2024-07-23T00:00:00
3739,Jessica,Rodriguez,jessica.rodriguez3739@techflowinc.com,TechFlow Inc,Inbound - Content,Working,69,,,,2023-02-09T00:00:00
3740,Jessica,Miller,jessica.miller3740@vertexai.com,VertexAI,Outbound - SDR,Converted,53,3152,518,2023-12-29,2023-11-19T00:00:00
3741,Elizabeth,Jones,elizabeth.jones3741@innovateco.com,InnovateCo,Paid Search,Converted,61,1970,548,2024-03-28,2024-03-27T00:00:00
3742,Linda,Johnson,linda.johnson,TechFlow Inc,Paid Search,Working,58,,,,2020-05-29T00:00:00
3743,Jessica,Rodriguez,jessica.rodriguez3743@techflowinc.com,TechFlow Inc,Outbound - SDR,New,26,,,,2021-10-25T00:00:00
3744,Nancy,Rodriguez,nancy.rodriguez3744@quantumlogiclabs.com,QuantumLogic Labs,Outbound - SDR,SQL,71,,,,2020-08-07T00:00:00
3745,Patricia,Davis,patricia.davis3745@techflowinc.com,TechFlow Inc,Paid Search,New,30,,,,2023-10-30T00:00:00
3746,David,Martin,david.martin3746@metasync.com,MetaSync,Inbound - Webinar,Disqualified,28,,,,2024-12-19T00:00:00
3747,John,Lopez,john.lopez3747@quantumlogiclabs.com,QuantumLogic Labs,Partner Referral,New,58,,,,2021-03-11T00:00:00
3748,James,Garcia,james.garcia3748@insightplatforms.com,Insight Platforms,Inbound - Webinar,Converted,83,1201,776,2023-11-21,2023-10-02T00:00:00
3749,Jennifer,Jones,jennifer.jones3749@pulsepointdigital.com,PulsePoint Digital,,SQL,90,,,,2024-06-05T00:00:00
3750,Joseph,Thompson,joseph.thompson3750@brightwavetech.com,BrightWave Tech,Event,New,33,,,,2023-06-30T00:00:00
3751,Jennifer,Thomas,jennifer.thomas3751@cloudscalesystems.com,CloudScale Systems,,Disqualified,27,,,,2021-03-01T00:00:00
3752,James,Davis,james.davis3752@agiledynamics.com,Agile Dynamics,Event,Converted,53,4257,758,2024-06-08,2024-04-30T00:00:00
3753,Barbara,Brown,barbara.brown3753@primepathdigital.com,PrimePath Digital,Paid Search,Working,62,,,,2020-05-20T00:00:00
3754,Charles,Williams,charles.williams3754@vertexai.com,VertexAI,Partner Referral,New,25,,,,2022-06-14T00:00:00
3755,Elizabeth,Davis,elizabeth.davis3755@databridgecorp.com,DataBridge Corp,Paid Search,MQL,56,,,,2022-12-13T00:00:00
3756,Linda,Williams,linda.williams3756@innovateco.com,InnovateCo,Paid Search,Working,65,,,,2024-10-31T00:00:00
3757,Christopher,Moore,christopher.moore3757@techflowinc.com,TechFlow Inc,Social Media,MQL,65,,,,2021-06-04T00:00:00
3758,John,Miller,john.miller3758@scaleupsystems.com,ScaleUp Systems,Outbound - Cold,Nurture,36,,,,2022-05-08T00:00:00
3759,William,Davis,william.davis3759@nexgensolutions.com,NexGen Solutions,Inbound - Webinar,Converted,93,3081,70,2024-04-04,2024-03-23T00:00:00
3760,David,Davis,,MetaSync,Event,Disqualified,20,,,,2024-08-18T00:00:00
3761,Sarah,Lee,sarah.lee3761@cloudscalesystems.com,CloudScale Systems,Event,Disqualified,17,,,,2021-02-06T00:00:00
3762,Barbara,Martin,barbara.martin3762@vertexai.com,VertexAI,,Working,37,,,,2020-04-17T00:00:00
3763,Christopher,Smith,christopher.smith3763@databridgecorp.com,DataBridge Corp,Inbound - Webinar,MQL,87,,,,2021-10-03T00:00:00
3764,Mary,Davis,mary.davis3764@agiledynamics.com,Agile Dynamics,Inbound - Content,New,27,,,,2023-04-01T00:00:00
3765,Patricia,Martinez,patricia.martinez3765@futureforge.com,FutureForge,Event,MQL,87,,,,2020-11-02T00:00:00
3766,Charles,Williams,charles.williams3766@metasync.com,MetaSync,Event,SQL,53,,,,2024-02-14T00:00:00
3767,Mary,Garcia,mary.garcia3767@innovateco.com,InnovateCo,Event,Disqualified,22,,,,2021-05-29T00:00:00
3768,Patricia,Lopez,patricia.lopez3768@streamlineanalytics.com,StreamLine Analytics,Inbound - Webinar,Disqualified,17,,,,2024-02-20T00:00:00
3769,Barbara,Jones,barbara.jones3769@cybervault.com,CyberVault,Product-Led,Working,-48,,,,2021-08-16T00:00:00
3770,Robert,Smith,robert.smith3770@brightwavetech.com,BrightWave Tech,Outbound - Cold,MQL,88,,,,2023-01-17T00:00:00
3771,Joseph,Hernandez,joseph.hernandez3771@streamlineanalytics.com,StreamLine Analytics,Product-Led,Nurture,57,,,,2021-10-15T00:00:00
3772,Susan,Thompson,susan.thompson3772@scaleupsystems.com,ScaleUp Systems,Event,Converted,70,4953,731,2024-08-21,2024-07-20T00:00:00
3773,Jennifer,Gonzalez,jennifer.gonzalez3773@innovateco.com,InnovateCo,Outbound - Cold,Working,38,,,,2022-02-28T00:00:00
3774,Robert,Martin,,MetaSync,Social Media,Working,35,,,,2020-04-25T00:00:00
3775,John,Miller,john.miller3775@cloudscalesystems.com,CloudScale Systems,Paid Search,MQL,76,,,,2020-10-26T00:00:00
3776,Mary,Brown,,VertexAI,Product-Led,Converted,86,3664,987,2024-04-22,2024-03-25T00:00:00
3777,James,Jackson,james.jackson3777@quantumlogiclabs.com,QuantumLogic Labs,Social Media,MQL,99,,,,2020-02-17T00:00:00
3778,Thomas,Gonzalez,thomas.gonzalez3778@innovateco.com,InnovateCo,Outbound - Cold,New,63,,,,2022-11-07T00:00:00
3779,Charles,Hernandez,charles.hernandez3779@truenorthdata.com,TrueNorth Data,Inbound - Web,SQL,92,,,,2024-08-01T00:00:00
3780,Nancy,Davis,nancy.davis,StreamLine Analytics,Outbound - SDR,SQL,68,,,,2023-10-25T00:00:00
3781,Daniel,Smith,daniel.smith3781@nexgensolutions.com,NexGen Solutions,Outbound - Cold,New,33,,,,2023-04-20T00:00:00
3782,Christopher,Williams,christopher.williams3782@pulsepointdigital.com,PulsePoint Digital,Paid Search,Nurture,41,,,,2020-09-24T00:00:00
3783,Jennifer,Miller,jennifer.miller3783@insightplatforms.com,Insight Platforms,Inbound - Content,Disqualified,19,,,,2023-01-16T00:00:00
3784,Jennifer,Moore,jennifer.moore3784@rapidcloud.com,RapidCloud,Event,Disqualified,7,,,,2021-01-28T00:00:00
3785,Thomas,Jackson,,DataBridge Corp,Outbound - Cold,Disqualified,2,,,,2021-02-18T00:00:00
3786,Nancy,Martinez,nancy.martinez3786@brightwavetech.com,BrightWave Tech,Social Media,SQL,55,,,,2024-11-21T00:00:00
3787,Linda,Anderson,linda.anderson3787@nexgensolutions.com,NexGen Solutions,Inbound - Webinar,SQL,88,,,,2022-03-26T00:00:00
3788,Barbara,Wilson,barbara.wilson3788@insightplatforms.com,Insight Platforms,Product-Led,Disqualified,16,,,,2023-09-07T00:00:00
3789,Thomas,Johnson,thomas.johnson3789@insightplatforms.com,Insight Platforms,Product-Led,Converted,59,3972,516,2023-07-11,2023-05-14T00:00:00
3790,Christopher,Taylor,christopher.taylor,Agile Dynamics,,Working,67,,,,2024-05-29T00:00:00
3791,Michael,Williams,michael.williams,InnovateCo,Paid Search,Working,42,,,,2020-02-26T00:00:00
3792,Michael,Thomas,michael.thomas3792@scaleupsystems.com,ScaleUp Systems,Event,Converted,62,4172,583,2024-12-09,2024-10-10T00:00:00
3793,Patricia,Lee,patricia.lee3793@agiledynamics.com,Agile Dynamics,Product-Led,Converted,73,2681,879,2024-08-08,2024-06-30T00:00:00
3794,Michael,Martin,michael.martin3794@rapidcloud.com,RapidCloud,Social Media,MQL,87,,,,2024-11-28T00:00:00
3795,Elizabeth,Thomas,elizabeth.thomas3795@quantumlogiclabs.com,QuantumLogic Labs,Product-Led,Disqualified,16,,,,2022-10-20T00:00:00
3796,Nancy,Martin,nancy.martin3796@streamlineanalytics.com,StreamLine Analytics,Product-Led,New,14,,,,2022-12-31T00:00:00
3797,Jessica,Jones,jessica.jones3797@streamlineanalytics.com,StreamLine Analytics,Partner Referral,Nurture,69,,,,2020-09-26T00:00:00
3798,Mary,Brown,mary.brown3798@streamlineanalytics.com,StreamLine Analytics,Outbound - Cold,Nurture,36,,,,2021-07-24T00:00:00
3799,Robert,Thomas,robert.thomas3799@primepathdigital.com,PrimePath Digital,Event,New,45,,,,2020-06-06T00:00:00
3800,Patricia,Jones,patricia.jones3800@insightplatforms.com,Insight Platforms,Social Media,Converted,88,2891,654,2024-04-05,2024-04-02T00:00:00
3801,Patricia,Jackson,patricia.jackson3801@streamlineanalytics.com,StreamLine Analytics,Product-Led,Disqualified,3,,,,2023-03-20T00:00:00
3802,Charles,Hernandez,charles.hernandez3802@primepathdigital.com,PrimePath Digital,Inbound - Webinar,Converted,98,567,61,2024-12-03,2024-09-22T00:00:00
3803,Patricia,Williams,patricia.williams3803@databridgecorp.com,DataBridge Corp,Social Media,MQL,84,,,,2022-05-15T00:00:00
3804,David,Jones,,InnovateCo,,Converted,74,3959,75,2024-02-29,2024-03-01T00:00:00
3805,Jessica,Martin,jessica.martin3805@metasync.com,MetaSync,Event,Nurture,53,,,,2020-09-14T00:00:00
3806,Patricia,Miller,patricia.miller3806@quantumlogiclabs.com,QuantumLogic Labs,Inbound - Webinar,Working,28,,,,2020-02-05T00:00:00
3807,Linda,Anderson,linda.anderson3807@cloudscalesystems.com,CloudScale Systems,Paid Search,Working,65,,,,2021-08-12T00:00:00
3808,Jessica,Anderson,jessica.anderson3808@databridgecorp.com,DataBridge Corp,Outbound - SDR,Working,18,,,,2021-04-10T00:00:00
3809,Jessica,Garcia,jessica.garcia3809@truenorthdata.com,TrueNorth Data,Outbound - Cold,Working,41,,,,2024-06-09T00:00:00
3810,Sarah,Williams,sarah.williams3810@nexgensolutions.com,NexGen Solutions,Inbound - Webinar,MQL,99,,,,2021-12-13T00:00:00
3811,Sarah,Miller,sarah.miller3811@databridgecorp.com,DataBridge Corp,Paid Search,Nurture,39,,,,2024-03-08T00:00:00
3812,Robert,Miller,robert.miller3812@innovateco.com,InnovateCo,Social Media,Working,22,,,,2020-11-18T00:00:00
3813,David,Jackson,david.jackson3813@cybervault.com,CyberVault,Social Media,Converted,76,4269,151,2024-11-15,2024-09-19T00:00:00
3814,Joseph,Rodriguez,joseph.rodriguez3814@vertexai.com,VertexAI,,MQL,60,,,,2024-02-28T00:00:00
3815,David,Brown,david.brown3815@agiledynamics.com,Agile Dynamics,Outbound - Cold,Converted,95,2585,139,2024-02-26,2023-12-31T00:00:00
3816,Richard,Taylor,richard.taylor3816@cloudscalesystems.com,CloudScale Systems,Paid Search,SQL,85,,,,2024-04-01T00:00:00
3817,William,Lopez,william.lopez3817@cloudscalesystems.com,CloudScale Systems,Event,Disqualified,6,,,,2020-09-11T00:00:00
3818,David,Smith,david.smith3818@corestack.com,CoreStack,Inbound - Web,MQL,-76,,,,2020-01-15T00:00:00
3819,Susan,Martin,susan.martin3819@quantumlogiclabs.com,QuantumLogic Labs,Social Media,SQL,78,,,,2024-11-02T00:00:00
3820,Susan,Jones,susan.jones3820@vertexai.com,VertexAI,Social Media,Nurture,45,,,,2022-05-23T00:00:00
3821,David,Martinez,,StreamLine Analytics,Event,Nurture,50,,,,2024-01-20T00:00:00
3822,James,Lopez,james.lopez3822@rapidcloud.com,RapidCloud,Social Media,Converted,79,3513,843,2024-03-09,2024-01-05T00:00:00
3823,Joseph,Garcia,joseph.garcia3823@pulsepointdigital.com,PulsePoint Digital,Outbound - SDR,Working,48,,,,2021-09-09T00:00:00
3824,Daniel,Thomas,daniel.thomas3824@innovateco.com,InnovateCo,Outbound - SDR,Working,38,,,,2021-02-03T00:00:00
3825,Linda,Thompson,linda.thompson3825@innovateco.com,InnovateCo,Outbound - Cold,Working,-11,,,,2022-08-21T00:00:00
3826,Robert,Garcia,robert.garcia3826@pulsepointdigital.com,PulsePoint Digital,Paid Search,MQL,66,,,,2020-07-23T00:00:00
3827,Jessica,Jones,jessica.jones3827@nexgensolutions.com,NexGen Solutions,Social Media,SQL,95,,,,2024-06-05T00:00:00
3828,Jessica,Wilson,,RapidCloud,Inbound - Webinar,SQL,75,,,,2023-07-01T00:00:00
3829,Elizabeth,Martinez,elizabeth.martinez3829@scaleupsystems.com,ScaleUp Systems,Outbound - Cold,Disqualified,29,,,,2021-03-04T00:00:00
3830,William,Gonzalez,william.gonzalez3830@agiledynamics.com,Agile Dynamics,Outbound - Cold,Working,37,,,,2022-11-15T00:00:00
3831,Michael,Anderson,michael.anderson3831@techflowinc.com,TechFlow Inc,Social Media,New,52,,,,2023-10-28T00:00:00
3832,Sarah,Lopez,sarah.lopez3832@rapidcloud.com,RapidCloud,Partner Referral,Converted,58,1573,170,2022-01-07,2021-12-27T00:00:00
3833,William,Taylor,william.taylor3833@databridgecorp.com,DataBridge Corp,Social Media,Working,30,,,,2024-08-09T00:00:00
3834,Karen,Thomas,karen.thomas3834@futureforge.com,FutureForge,Inbound - Web,Converted,56,2914,446,2023-05-27,2023-05-14T00:00:00
3835,William,Hernandez,william.hernandez3835@insightplatforms.com,Insight Platforms,Partner Referral,Disqualified,13,,,,2023-09-01T00:00:00
3836,Karen,Jones,karen.jones3836@corestack.com,CoreStack,Event,Converted,69,3739,704,2024-04-29,2024-04-16T00:00:00
3837,Barbara,Johnson,barbara.johnson3837@agiledynamics.com,Agile Dynamics,Product-Led,Nurture,52,,,,2024-06-26T00:00:00
3838,Christopher,Johnson,christopher.johnson3838@corestack.com,CoreStack,,Nurture,15,,,,2022-07-27T00:00:00
3839,David,Williams,david.williams3839@vertexai.com,VertexAI,Inbound - Content,New,-63,,,,2022-08-16T00:00:00
3840,Patricia,Wilson,patricia.wilson3840@databridgecorp.com,DataBridge Corp,Product-Led,Converted,63,4316,279,2023-05-12,2023-05-09T00:00:00
3841,Christopher,Smith,christopher.smith3841@cloudscalesystems.com,CloudScale Systems,Partner Referral,Converted,-56,4052,275,2024-11-16,2024-09-09T00:00:00
3842,Karen,Smith,karen.smith3842@databridgecorp.com,DataBridge Corp,Inbound - Web,Converted,92,2994,161,2024-04-25,2024-03-08T00:00:00
3843,William,Anderson,william.anderson3843@insightplatforms.com,Insight Platforms,Event,Nurture,55,,,,2024-04-27T00:00:00
3844,Barbara,Gonzalez,barbara.gonzalez3844@scaleupsystems.com,ScaleUp Systems,Event,MQL,80,,,,2023-01-13T00:00:00
3845,Nancy,Martin,nancy.martin3845@scaleupsystems.com,ScaleUp Systems,Event,Working,52,,,,2024-01-22T00:00:00
3846,Christopher,Rodriguez,christopher.rodriguez3846@futureforge.com,FutureForge,Paid Search,Nurture,-16,,,,2020-03-07T00:00:00
3847,Daniel,Thompson,daniel.thompson3847@rapidcloud.com,RapidCloud,Event,MQL,72,,,,2022-12-01T00:00:00
3848,Patricia,Moore,patricia.moore3848@streamlineanalytics.com,StreamLine Analytics,Outbound - Cold,MQL,86,,,,2023-05-27T00:00:00
3849,James,Martinez,james.martinez3849@insightplatforms.com,Insight Platforms,Inbound - Web,New,42,,,,2022-12-03T00:00:00
3850,Barbara,Lopez,barbara.lopez3850@primepathdigital.com,PrimePath Digital,Inbound - Content,Converted,56,1288,95,2024-11-09,2024-09-16T00:00:00
3851,Susan,Gonzalez,susan.gonzalez3851@vertexai.com,VertexAI,Inbound - Content,Disqualified,26,,,,2021-04-10T00:00:00
3852,Robert,Anderson,robert.anderson3852@pulsepointdigital.com,PulsePoint Digital,Product-Led,Converted,93,840,920,2024-11-03,2024-09-24T00:00:00
3853,Michael,Jackson,michael.jackson3853@quantumlogiclabs.com,QuantumLogic Labs,Inbound - Content,Working,43,,,,2024-04-10T00:00:00
3854,Charles,Williams,charles.williams3854@cybervault.com,CyberVault,Event,SQL,97,,,,2021-11-12T00:00:00
3855,Robert,Rodriguez,robert.rodriguez3855@scaleupsystems.com,ScaleUp Systems,Social Media,MQL,52,,,,2024-10-23T00:00:00
3856,David,Garcia,david.garcia3856@cloudscalesystems.com,CloudScale Systems,Event,MQL,93,,,,2020-04-17T00:00:00
3857,David,Miller,,TrueNorth Data,Inbound - Web,Converted,83,1940,709,2023-02-21,2022-12-03T00:00:00
3858,Lisa,Thomas,lisa.thomas,ScaleUp Systems,,Working,49,,,,2020-10-23T00:00:00
3859,Joseph,Rodriguez,joseph.rodriguez3859@truenorthdata.com,TrueNorth Data,Social Media,New,42,,,,2024-09-16T00:00:00
3860,Richard,Lee,richard.lee3860@corestack.com,CoreStack,Outbound - SDR,Converted,98,2289,236,2022-01-06,2021-12-02T00:00:00
3861,Thomas,Garcia,thomas.garcia3861@pulsepointdigital.com,PulsePoint Digital,Inbound - Web,Nurture,25,,,,2023-12-03T00:00:00
3862,Linda,Thompson,linda.thompson3862@techflowinc.com,TechFlow Inc,Inbound - Webinar,Converted,84,3436,896,2024-11-17,2024-10-08T00:00:00
3863,Susan,Anderson,susan.anderson3863@pulsepointdigital.com,PulsePoint Digital,Partner Referral,Working,69,,,,2022-08-30T00:00:00
3864,Michael,Brown,michael.brown3864@cybervault.com,CyberVault,Partner Referral,Nurture,56,,,,2021-04-24T00:00:00
3865,Patricia,Wilson,patricia.wilson3865@techflowinc.com,TechFlow Inc,Paid Search,Working,34,,,,2020-06-06T00:00:00
3866,Nancy,Lee,nancy.lee3866@streamlineanalytics.com,StreamLine Analytics,Product-Led,New,33,,,,2022-10-06T00:00:00
3867,Susan,Lee,susan.lee3867@pulsepointdigital.com,PulsePoint Digital,Inbound - Webinar,SQL,89,,,,2022-11-10T00:00:00
3868,Robert,Williams,robert.williams3868@streamlineanalytics.com,StreamLine Analytics,Paid Search,Converted,74,691,413,2024-12-19,2024-10-26T00:00:00
3869,Jennifer,Miller,jennifer.miller,CyberVault,Partner Referral,Converted,72,378,82,2024-12-24,2024-11-19T00:00:00
3870,Jennifer,Gonzalez,jennifer.gonzalez3870@streamlineanalytics.com,StreamLine Analytics,Inbound - Content,MQL,89,,,,2022-11-29T00:00:00
3871,Barbara,Gonzalez,barbara.gonzalez3871@agiledynamics.com,Agile Dynamics,Outbound - Cold,Disqualified,16,,,,2022-05-01T00:00:00
3872,Susan,Miller,susan.miller3872@corestack.com,CoreStack,Outbound - SDR,Disqualified,17,,,,2020-06-04T00:00:00
3873,Thomas,Wilson,thomas.wilson3873@corestack.com,CoreStack,Inbound - Webinar,New,27,,,,2022-08-20T00:00:00
3874,Michael,Martin,michael.martin3874@rapidcloud.com,RapidCloud,Inbound - Content,Disqualified,8,,,,2021-04-07T00:00:00
3875,Christopher,Lopez,christopher.lopez3875@nexgensolutions.com,NexGen Solutions,Outbound - Cold,MQL,50,,,,2023-08-25T00:00:00
3876,Patricia,Gonzalez,patricia.gonzalez3876@futureforge.com,FutureForge,Inbound - Content,SQL,82,,,,2020-03-07T00:00:00
3877,Nancy,Anderson,nancy.anderson3877@scaleupsystems.com,ScaleUp Systems,Paid Search,Nurture,10,,,,2024-10-19T00:00:00
3878,Christopher,Martinez,christopher.martinez3878@insightplatforms.com,Insight Platforms,Outbound - Cold,Disqualified,6,,,,2022-06-18T00:00:00
3879,Nancy,Thomas,nancy.thomas3879@cybervault.com,CyberVault,Outbound - SDR,Working,58,,,,2020-07-08T00:00:00
3880,Barbara,Gonzalez,barbara.gonzalez3880@pulsepointdigital.com,PulsePoint Digital,Product-Led,Nurture,63,,,,2023-07-22T00:00:00
3881,Susan,Taylor,susan.taylor3881@agiledynamics.com,Agile Dynamics,Inbound - Web,Converted,81,1987,661,2020-08-27,2020-08-23T00:00:00
3882,Robert,Moore,robert.moore3882@cybervault.com,CyberVault,Partner Referral,SQL,75,,,,2021-07-26T00:00:00
3883,Daniel,Lee,daniel.lee3883@streamlineanalytics.com,StreamLine Analytics,Outbound - Cold,New,69,,,,2021-10-13T00:00:00
3884,Joseph,Williams,joseph.williams3884@rapidcloud.com,RapidCloud,Outbound - SDR,Converted,68,1904,428,2023-07-04,2023-05-21T00:00:00
3885,John,Martinez,john.martinez3885@cybervault.com,CyberVault,Social Media,Disqualified,20,,,,2022-03-15T00:00:00
3886,Barbara,Williams,barbara.williams3886@insightplatforms.com,Insight Platforms,Event,Working,23,,,,2022-10-02T00:00:00
3887,Thomas,Smith,thomas.smith3887@databridgecorp.com,DataBridge Corp,Partner Referral,Converted,63,3004,920,2024-08-23,2024-06-16T00:00:00
3888,James,Brown,james.brown3888@vertexai.com,VertexAI,Inbound - Web,Working,11,,,,2022-10-31T00:00:00
3889,Jessica,Jackson,jessica.jackson3889@scaleupsystems.com,ScaleUp Systems,Product-Led,SQL,52,,,,2021-11-20T00:00:00
3890,Elizabeth,Garcia,elizabeth.garcia3890@metasync.com,MetaSync,Inbound - Webinar,New,11,,,,2023-09-29T00:00:00
3891,Nancy,Williams,nancy.williams3891@cloudscalesystems.com,CloudScale Systems,Outbound - Cold,New,25,,,,2023-12-08T00:00:00
3892,Nancy,Anderson,nancy.anderson3892@quantumlogiclabs.com,QuantumLogic Labs,,Working,20,,,,2024-11-09T00:00:00
3893,Karen,Thomas,karen.thomas3893@databridgecorp.com,DataBridge Corp,Partner Referral,MQL,60,,,,2022-11-14T00:00:00
3894,Karen,Martin,karen.martin3894@innovateco.com,InnovateCo,Partner Referral,MQL,53,,,,2020-03-19T00:00:00
3895,Lisa,Smith,lisa.smith3895@rapidcloud.com,RapidCloud,Paid Search,Disqualified,12,,,,2022-06-16T00:00:00
3896,Christopher,Gonzalez,christopher.gonzalez,VertexAI,Product-Led,SQL,89,,,,2024-10-01T00:00:00
3897,Linda,Wilson,linda.wilson3897@vertexai.com,VertexAI,Inbound - Web,Converted,50,3376,27,2024-06-04,2024-05-23T00:00:00
3898,Daniel,Davis,daniel.davis3898@rapidcloud.com,RapidCloud,Inbound - Web,Disqualified,17,,,,2021-12-05T00:00:00
3899,Joseph,Garcia,joseph.garcia3899@quantumlogiclabs.com,QuantumLogic Labs,Inbound - Web,Working,16,,,,2020-12-21T00:00:00
3900,Lisa,Anderson,lisa.anderson3900@streamlineanalytics.com,StreamLine Analytics,Inbound - Web,MQL,96,,,,2023-10-09T00:00:00
3901,Linda,Moore,linda.moore3901@quantumlogiclabs.com,QuantumLogic Labs,Event,Converted,68,686,457,2024-01-11,2023-10-30T00:00:00
3902,Richard,Thomas,richard.thomas3902@vertexai.com,VertexAI,Inbound - Content,Nurture,36,,,,2023-05-16T00:00:00
3903,James,Lee,james.lee3903@futureforge.com,FutureForge,Inbound - Webinar,MQL,69,,,,2023-10-24T00:00:00
3904,William,Anderson,william.anderson3904@scaleupsystems.com,ScaleUp Systems,Inbound - Web,MQL,63,,,,2022-05-24T00:00:00
3905,Christopher,Gonzalez,christopher.gonzalez3905@corestack.com,CoreStack,Event,Converted,100,315,965,2024-01-22,2023-11-11T00:00:00
3906,Mary,Garcia,mary.garcia3906@streamlineanalytics.com,StreamLine Analytics,Product-Led,Converted,57,73,266,2023-06-03,2023-04-10T00:00:00
3907,Joseph,Jones,joseph.jones3907@streamlineanalytics.com,StreamLine Analytics,Inbound - Web,Converted,68,440,491,2024-06-30,2024-05-01T00:00:00
3908,Jessica,Brown,jessica.brown3908@truenorthdata.com,TrueNorth Data,Outbound - Cold,Working,24,,,,2021-08-05T00:00:00
3909,Michael,Williams,michael.williams3909@quantumlogiclabs.com,QuantumLogic Labs,Outbound - SDR,Working,58,,,,2021-02-14T00:00:00
3910,Thomas,Johnson,thomas.johnson3910@techflowinc.com,TechFlow Inc,,MQL,66,,,,2022-10-13T00:00:00
3911,Barbara,Wilson,barbara.wilson3911@cloudscalesystems.com,CloudScale Systems,Outbound - Cold,MQL,51,,,,2022-02-22T00:00:00
3912,Sarah,Miller,sarah.miller,TechFlow Inc,Product-Led,Converted,73,1651,660,2023-05-29,2023-05-16T00:00:00
3913,Elizabeth,Jones,elizabeth.jones3913@primepathdigital.com,PrimePath Digital,Inbound - Web,Converted,52,2183,818,2024-06-17,2024-04-02T00:00:00
3914,Daniel,Jackson,daniel.jackson3914@quantumlogiclabs.com,QuantumLogic Labs,Event,New,43,,,,2021-05-27T00:00:00
3915,Patricia,Johnson,patricia.johnson3915@vertexai.com,VertexAI,Event,Disqualified,10,,,,2021-07-25T00:00:00
3916,James,Rodriguez,james.rodriguez3916@rapidcloud.com,RapidCloud,Inbound - Webinar,New,17,,,,2022-10-28T00:00:00
3917,Linda,Davis,linda.davis3917@innovateco.com,InnovateCo,Inbound - Content,Converted,50,3198,669,2023-07-30,2023-07-25T00:00:00
3918,John,Anderson,,CyberVault,Outbound - SDR,Disqualified,17,,,,2021-12-04T00:00:00
3919,Patricia,Gonzalez,patricia.gonzalez3919@cybervault.com,CyberVault,Inbound - Content,SQL,51,,,,2023-05-03T00:00:00
3920,Mary,Miller,mary.miller3920@insightplatforms.com,Insight Platforms,Partner Referral,Converted,89,264,68,2022-05-01,2022-02-21T00:00:00
3921,Christopher,Martin,christopher.martin3921@corestack.com,CoreStack,,Working,18,,,,2024-05-16T00:00:00
3922,Christopher,Lee,christopher.lee3922@futureforge.com,FutureForge,Outbound - SDR,Working,47,,,,2020-02-12T00:00:00
3923,Nancy,Hernandez,nancy.hernandez3923@insightplatforms.com,Insight Platforms,Inbound - Web,MQL,79,,,,2020-03-28T00:00:00
3924,Jennifer,Miller,jennifer.miller3924@rapidcloud.com,RapidCloud,Product-Led,Converted,86,4251,866,2022-11-26,2022-11-08T00:00:00
3925,Nancy,Gonzalez,nancy.gonzalez,QuantumLogic Labs,Partner Referral,Converted,79,2090,89,2024-10-06,2024-08-18T00:00:00
3926,Patricia,Rodriguez,patricia.rodriguez3926@brightwavetech.com,BrightWave Tech,Outbound - Cold,SQL,55,,,,2023-12-03T00:00:00
3927,William,Johnson,william.johnson3927@innovateco.com,InnovateCo,Outbound - Cold,Disqualified,6,,,,2022-01-22T00:00:00
3928,Robert,Brown,robert.brown3928@techflowinc.com,TechFlow Inc,Inbound - Webinar,Disqualified,16,,,,2024-04-16T00:00:00
3929,Lisa,Moore,lisa.moore3929@vertexai.com,VertexAI,Paid Search,SQL,79,,,,2021-07-25T00:00:00
3930,David,Johnson,david.johnson3930@agiledynamics.com,Agile Dynamics,,Disqualified,27,,,,2021-06-16T00:00:00
3931,Sarah,Martinez,sarah.martinez3931@streamlineanalytics.com,StreamLine Analytics,Outbound - SDR,Working,13,,,,2023-05-07T00:00:00
3932,Michael,Garcia,michael.garcia3932@vertexai.com,VertexAI,Partner Referral,Nurture,34,,,,2022-07-18T00:00:00
3933,Jennifer,Taylor,jennifer.taylor3933@databridgecorp.com,DataBridge Corp,Paid Search,MQL,93,,,,2023-04-03T00:00:00
3934,Elizabeth,Lopez,elizabeth.lopez3934@scaleupsystems.com,ScaleUp Systems,Social Media,New,34,,,,2020-07-27T00:00:00
3935,Jennifer,Davis,jennifer.davis3935@databridgecorp.com,DataBridge Corp,Social Media,SQL,62,,,,2020-04-11T00:00:00
3936,Lisa,Jackson,lisa.jackson3936@streamlineanalytics.com,StreamLine Analytics,Inbound - Content,Working,57,,,,2022-06-06T00:00:00
3937,Robert,Thomas,robert.thomas3937@cybervault.com,CyberVault,Inbound - Content,Nurture,61,,,,2024-12-04T00:00:00
3938,Michael,Miller,michael.miller3938@brightwavetech.com,BrightWave Tech,Product-Led,Nurture,59,,,,2022-03-07T00:00:00
3939,Mary,Brown,mary.brown3939@techflowinc.com,TechFlow Inc,Outbound - SDR,Converted,72,225,567,2024-02-01,2024-01-29T00:00:00
3940,Nancy,Lopez,nancy.lopez3940@innovateco.com,InnovateCo,Inbound - Web,Converted,75,3374,398,2024-08-23,2024-07-12T00:00:00
3941,John,Rodriguez,john.rodriguez3941@insightplatforms.com,Insight Platforms,Product-Led,Nurture,70,,,,2022-04-21T00:00:00
3942,Susan,Lee,susan.lee3942@agiledynamics.com,Agile Dynamics,Outbound - SDR,Disqualified,25,,,,2021-03-15T00:00:00
3943,Nancy,Davis,nancy.davis3943@truenorthdata.com,TrueNorth Data,Event,Converted,50,2944,519,2024-03-21,2024-03-13T00:00:00
3944,James,Garcia,james.garcia3944@futureforge.com,FutureForge,Product-Led,New,54,,,,2022-02-06T00:00:00
3945,Nancy,Martinez,nancy.martinez3945@insightplatforms.com,Insight Platforms,Inbound - Content,Converted,91,1360,661,2021-04-08,2021-01-16T00:00:00
3946,Elizabeth,Taylor,elizabeth.taylor3946@techflowinc.com,TechFlow Inc,Event,Converted,91,2559,893,2024-09-23,2024-07-12T00:00:00
3947,Sarah,Martin,sarah.martin3947@insightplatforms.com,Insight Platforms,Partner Referral,Converted,53,1624,352,2024-08-15,2024-08-11T00:00:00
3948,Barbara,Garcia,barbara.garcia3948@brightwavetech.com,BrightWave Tech,Partner Referral,New,21,,,,2023-06-21T00:00:00
3949,Elizabeth,Thomas,elizabeth.thomas3949@scaleupsystems.com,ScaleUp Systems,Outbound - Cold,MQL,74,,,,2020-03-22T00:00:00
3950,Christopher,Miller,,PrimePath Digital,Outbound - SDR,MQL,92,,,,2023-01-24T00:00:00
3951,Charles,Lopez,charles.lopez3951@truenorthdata.com,TrueNorth Data,Paid Search,SQL,55,,,,2024-09-22T00:00:00
3952,Joseph,Gonzalez,joseph.gonzalez3952@insightplatforms.com,Insight Platforms,Inbound - Webinar,Working,13,,,,2022-03-30T00:00:00
3953,Richard,Thompson,richard.thompson3953@primepathdigital.com,PrimePath Digital,Outbound - Cold,Disqualified,11,,,,2023-08-20T00:00:00
3954,Richard,Lee,richard.lee3954@metasync.com,MetaSync,Inbound - Webinar,Converted,57,3834,462,2024-01-17,2023-11-01T00:00:00
3955,Jennifer,Brown,jennifer.brown3955@techflowinc.com,TechFlow Inc,Inbound - Content,Converted,69,1337,646,2024-07-26,2024-06-20T00:00:00
3956,Sarah,Williams,sarah.williams3956@databridgecorp.com,DataBridge Corp,Partner Referral,Converted,70,1176,486,2022-11-23,2022-10-19T00:00:00
3957,Thomas,Martinez,thomas.martinez3957@pulsepointdigital.com,PulsePoint Digital,Outbound - Cold,Nurture,29,,,,2022-07-08T00:00:00
3958,Lisa,Hernandez,lisa.hernandez3958@corestack.com,CoreStack,Product-Led,Converted,88,3324,800,2024-03-30,2024-03-10T00:00:00
3959,Jessica,Davis,jessica.davis3959@vertexai.com,VertexAI,Product-Led,Working,21,,,,2020-09-18T00:00:00
3960,Robert,Thomas,robert.thomas3960@scaleupsystems.com,ScaleUp Systems,Inbound - Content,MQL,89,,,,2021-04-08T00:00:00
3961,James,Lee,james.lee3961@corestack.com,CoreStack,Inbound - Content,Working,35,,,,2024-09-24T00:00:00
3962,Charles,Thompson,charles.thompson3962@agiledynamics.com,Agile Dynamics,Outbound - Cold,Working,66,,,,2022-02-01T00:00:00
3963,Robert,Anderson,robert.anderson3963@nexgensolutions.com,NexGen Solutions,Inbound - Content,Converted,88,3051,14,2024-06-17,2024-06-12T00:00:00
3964,Michael,Taylor,michael.taylor3964@rapidcloud.com,RapidCloud,Paid Search,New,18,,,,2020-04-19T00:00:00
3965,Robert,Lopez,robert.lopez3965@insightplatforms.com,Insight Platforms,Product-Led,New,50,,,,2020-12-09T00:00:00
3966,Jessica,Martinez,jessica.martinez3966@primepathdigital.com,PrimePath Digital,Product-Led,Converted,77,1626,992,2024-09-19,2024-08-13T00:00:00
3967,Susan,Brown,susan.brown3967@agiledynamics.com,Agile Dynamics,Inbound - Content,Working,66,,,,2021-04-01T00:00:00
3968,Linda,Garcia,linda.garcia3968@innovateco.com,InnovateCo,Paid Search,Disqualified,18,,,,2022-04-20T00:00:00
3969,James,Martinez,james.martinez3969@rapidcloud.com,RapidCloud,Outbound - Cold,New,30,,,,2022-04-15T00:00:00
3970,Christopher,Hernandez,christopher.hernandez3970@metasync.com,MetaSync,Outbound - Cold,New,53,,,,2024-06-27T00:00:00
3971,Mary,Williams,mary.williams3971@cloudscalesystems.com,CloudScale Systems,Outbound - Cold,MQL,82,,,,2020-03-02T00:00:00
3972,Jessica,Martin,jessica.martin3972@truenorthdata.com,TrueNorth Data,Social Media,Converted,92,327,775,2024-08-17,2024-06-02T00:00:00
3973,Mary,Moore,mary.moore3973@techflowinc.com,TechFlow Inc,Partner Referral,SQL,92,,,,2023-10-27T00:00:00
3974,Christopher,Thomas,christopher.thomas3974@quantumlogiclabs.com,QuantumLogic Labs,Event,Disqualified,7,,,,2022-01-13T00:00:00
3975,Joseph,Brown,joseph.brown3975@futureforge.com,FutureForge,Product-Led,SQL,66,,,,2024-06-29T00:00:00
3976,Karen,Davis,karen.davis,StreamLine Analytics,Product-Led,New,48,,,,2024-10-29T00:00:00
3977,Daniel,Thompson,daniel.thompson3977@primepathdigital.com,PrimePath Digital,Product-Led,New,36,,,,2021-08-14T00:00:00
3978,Elizabeth,Lopez,,CloudScale Systems,Paid Search,Working,59,,,,2021-05-24T00:00:00
3979,Daniel,Williams,daniel.williams3979@corestack.com,CoreStack,Outbound - SDR,New,45,,,,2023-12-05T00:00:00
3980,Daniel,Williams,daniel.williams3980@pulsepointdigital.com,PulsePoint Digital,Paid Search,Working,15,,,,2022-01-06T00:00:00
3981,Mary,Brown,mary.brown3981@agiledynamics.com,Agile Dynamics,Outbound - Cold,Working,53,,,,2020-03-10T00:00:00
3982,Christopher,Johnson,,MetaSync,Paid Search,Disqualified,14,,,,2022-07-25T00:00:00
3983,Susan,Garcia,susan.garcia3983@futureforge.com,FutureForge,Partner Referral,New,45,,,,2022-04-09T00:00:00
3984,Karen,Anderson,karen.anderson3984@quantumlogiclabs.com,QuantumLogic Labs,Partner Referral,Nurture,11,,,,2020-04-24T00:00:00
3985,Susan,Martin,susan.martin3985@scaleupsystems.com,ScaleUp Systems,Partner Referral,Converted,86,1593,148,2024-06-02,2024-05-01T00:00:00
3986,Michael,Davis,michael.davis3986@vertexai.com,VertexAI,Product-Led,New,70,,,,2020-03-28T00:00:00
3987,Robert,Thompson,robert.thompson3987@quantumlogiclabs.com,QuantumLogic Labs,Partner Referral,SQL,92,,,,2020-04-03T00:00:00
3988,Elizabeth,Jackson,elizabeth.jackson3988@innovateco.com,InnovateCo,Inbound - Web,Disqualified,26,,,,2023-02-23T00:00:00
3989,Richard,Martin,richard.martin3989@metasync.com,MetaSync,Outbound - SDR,Disqualified,23,,,,2020-03-17T00:00:00
3990,David,Williams,david.williams3990@quantumlogiclabs.com,QuantumLogic Labs,Inbound - Webinar,MQL,51,,,,2021-01-23T00:00:00
3991,Christopher,Williams,christopher.williams3991@cybervault.com,CyberVault,Outbound - Cold,SQL,63,,,,2021-04-27T00:00:00
3992,Jessica,Taylor,jessica.taylor3992@vertexai.com,VertexAI,Inbound - Webinar,Disqualified,21,,,,2023-12-17T00:00:00
3993,Sarah,Rodriguez,sarah.rodriguez3993@futureforge.com,FutureForge,Partner Referral,Converted,66,856,650,2024-10-16,2024-08-02T00:00:00
3994,David,Jackson,david.jackson3994@innovateco.com,InnovateCo,Inbound - Webinar,Nurture,43,,,,2021-04-04T00:00:00
3995,Susan,Wilson,susan.wilson3995@insightplatforms.com,Insight Platforms,Social Media,New,64,,,,2023-01-07T00:00:00
3996,John,Taylor,john.taylor3996@corestack.com,CoreStack,Inbound - Web,SQL,57,,,,2020-01-20T00:00:00
3997,Elizabeth,Lopez,elizabeth.lopez3997@vertexai.com,VertexAI,Inbound - Webinar,SQL,54,,,,2020-06-08T00:00:00
3998,Richard,Lee,richard.lee3998@nexgensolutions.com,NexGen Solutions,Social Media,New,50,,,,2024-10-28T00:00:00
3999,John,Thomas,john.thomas3999@primepathdigital.com,PrimePath Digital,Outbound - SDR,SQL,62,,,,2021-04-02T00:00:00
4000,Sarah,Miller,sarah.miller4000@pulsepointdigital.com,PulsePoint Digital,Paid Search,Working,26,,,,2022-09-20T00:00:00
4001,Barbara,Martin,barbara.martin4001@scaleupsystems.com,ScaleUp Systems,Product-Led,Disqualified,25,,,,2020-02-23T00:00:00
4002,Robert,Johnson,robert.johnson4002@agiledynamics.com,Agile Dynamics,Outbound - Cold,MQL,100,,,,2024-05-17T00:00:00
4003,Jennifer,Anderson,jennifer.anderson4003@innovateco.com,InnovateCo,,Converted,93,3899,819,2024-06-10,2024-04-28T00:00:00
4004,Karen,Miller,karen.miller4004@innovateco.com,InnovateCo,Event,Working,10,,,,2023-01-31T00:00:00
4005,Michael,Johnson,michael.johnson4005@metasync.com,MetaSync,Partner Referral,Converted,64,3389,89,2023-08-28,2023-06-28T00:00:00
4006,Susan,Williams,susan.williams4006@cybervault.com,CyberVault,Product-Led,Disqualified,18,,,,2023-08-06T00:00:00
4007,Thomas,Williams,thomas.williams4007@innovateco.com,InnovateCo,Inbound - Webinar,MQL,94,,,,2024-12-15T00:00:00
4008,Daniel,Garcia,daniel.garcia4008@agiledynamics.com,Agile Dynamics,Inbound - Content,Working,70,,,,2020-03-19T00:00:00
4009,Susan,Garcia,susan.garcia4009@corestack.com,CoreStack,Event,New,59,,,,2024-06-30T00:00:00
4010,David,Anderson,david.anderson4010@cloudscalesystems.com,CloudScale Systems,Partner Referral,SQL,75,,,,2020-02-15T00:00:00
4011,Elizabeth,Moore,elizabeth.moore4011@corestack.com,CoreStack,Outbound - SDR,Working,47,,,,2024-01-16T00:00:00
4012,Nancy,Lopez,nancy.lopez4012@scaleupsystems.com,ScaleUp Systems,Social Media,SQL,89,,,,2020-01-04T00:00:00
4013,Elizabeth,Johnson,elizabeth.johnson4013@insightplatforms.com,Insight Platforms,Social Media,Working,69,,,,2023-10-21T00:00:00
4014,James,Taylor,james.taylor4014@futureforge.com,FutureForge,Inbound - Webinar,Converted,80,1996,687,2024-09-08,2024-08-06T00:00:00
4015,Charles,Gonzalez,charles.gonzalez4015@streamlineanalytics.com,StreamLine Analytics,Partner Referral,Disqualified,7,,,,2020-07-29T00:00:00
4016,Lisa,Anderson,lisa.anderson4016@insightplatforms.com,Insight Platforms,Outbound - SDR,New,41,,,,2022-05-23T00:00:00
4017,Christopher,Davis,christopher.davis4017@pulsepointdigital.com,PulsePoint Digital,Event,Working,65,,,,2020-10-17T00:00:00
4018,Elizabeth,Rodriguez,elizabeth.rodriguez4018@cybervault.com,CyberVault,Partner Referral,MQL,77,,,,2022-08-07T00:00:00
4019,John,Martin,john.martin4019@cloudscalesystems.com,CloudScale Systems,Product-Led,Disqualified,15,,,,2021-12-30T00:00:00
4020,Linda,Smith,linda.smith4020@futureforge.com,FutureForge,Product-Led,Working,19,,,,2024-11-01T00:00:00
4021,Elizabeth,Brown,elizabeth.brown4021@rapidcloud.com,RapidCloud,Outbound - SDR,Nurture,67,,,,2024-07-28T00:00:00
4022,Robert,Johnson,robert.johnson4022@brightwavetech.com,BrightWave Tech,Product-Led,Converted,95,2961,92,2024-09-01,2024-08-25T00:00:00
4023,Barbara,Hernandez,barbara.hernandez4023@cybervault.com,CyberVault,Partner Referral,MQL,75,,,,2020-12-19T00:00:00
4024,Jennifer,Hernandez,jennifer.hernandez4024@techflowinc.com,TechFlow Inc,Outbound - SDR,Working,49,,,,2023-03-21T00:00:00
4025,Michael,Lee,michael.lee4025@primepathdigital.com,PrimePath Digital,Product-Led,Converted,90,405,839,2023-09-10,2023-08-23T00:00:00
4026,Richard,Moore,richard.moore4026@nexgensolutions.com,NexGen Solutions,Partner Referral,New,20,,,,2020-03-04T00:00:00
4027,Nancy,Gonzalez,nancy.gonzalez4027@cloudscalesystems.com,CloudScale Systems,Event,Converted,75,3391,531,2024-08-16,2024-07-24T00:00:00
4028,Robert,Wilson,robert.wilson4028@corestack.com,CoreStack,Inbound - Content,Nurture,29,,,,2021-12-05T00:00:00
4029,James,Hernandez,james.hernandez4029@insightplatforms.com,Insight Platforms,Outbound - Cold,New,41,,,,2021-05-18T00:00:00
4030,Elizabeth,Martinez,elizabeth.martinez4030@primepathdigital.com,PrimePath Digital,Social Media,New,66,,,,2024-06-04T00:00:00
4031,William,Martin,william.martin4031@scaleupsystems.com,ScaleUp Systems,Inbound - Webinar,Converted,50,2321,729,2024-10-29,2024-09-03T00:00:00
4032,William,Brown,william.brown4032@pulsepointdigital.com,PulsePoint Digital,Event,Converted,79,2566,461,2023-03-11,2023-03-07T00:00:00
4033,Susan,Wilson,susan.wilson4033@scaleupsystems.com,ScaleUp Systems,Paid Search,Working,23,,,,2020-03-07T00:00:00
4034,James,Garcia,james.garcia4034@streamlineanalytics.com,StreamLine Analytics,Outbound - Cold,Nurture,-46,,,,2022-06-21T00:00:00
4035,Christopher,Williams,christopher.williams4035@corestack.com,CoreStack,Social Media,Disqualified,1,,,,2022-11-28T00:00:00
4036,John,Rodriguez,john.rodriguez4036@cybervault.com,CyberVault,Social Media,New,42,,,,2024-04-10T00:00:00
4037,James,Jackson,james.jackson4037@cloudscalesystems.com,CloudScale Systems,Outbound - Cold,SQL,-96,,,,2020-04-25T00:00:00
4038,Elizabeth,Williams,elizabeth.williams4038@streamlineanalytics.com,StreamLine Analytics,Inbound - Web,Converted,95,1222,793,2023-04-30,2023-02-15T00:00:00
4039,Sarah,Thompson,sarah.thompson4039@pulsepointdigital.com,PulsePoint Digital,Inbound - Webinar,Disqualified,20,,,,2022-10-16T00:00:00
4040,Richard,Anderson,richard.anderson4040@scaleupsystems.com,ScaleUp Systems,Outbound - SDR,SQL,81,,,,2024-10-29T00:00:00
4041,Robert,Jones,robert.jones4041@scaleupsystems.com,ScaleUp Systems,Event,New,67,,,,2022-07-25T00:00:00
4042,Patricia,Jackson,patricia.jackson4042@databridgecorp.com,DataBridge Corp,Product-Led,MQL,56,,,,2023-04-15T00:00:00
4043,Jennifer,Williams,jennifer.williams4043@insightplatforms.com,Insight Platforms,Partner Referral,SQL,88,,,,2020-01-04T00:00:00
4044,Patricia,Brown,patricia.brown4044@scaleupsystems.com,ScaleUp Systems,Outbound - Cold,Nurture,58,,,,2022-07-05T00:00:00
4045,Thomas,Rodriguez,thomas.rodriguez4045@streamlineanalytics.com,StreamLine Analytics,Product-Led,Disqualified,18,,,,2020-08-10T00:00:00
4046,Thomas,Miller,thomas.miller4046@futureforge.com,FutureForge,Inbound - Web,Working,17,,,,2020-03-25T00:00:00
4047,Elizabeth,Martin,elizabeth.martin4047@cloudscalesystems.com,CloudScale Systems,Outbound - Cold,New,50,,,,2022-09-07T00:00:00
4048,Joseph,Lopez,joseph.lopez4048@primepathdigital.com,PrimePath Digital,Inbound - Webinar,New,70,,,,2021-06-06T00:00:00
4049,Robert,Lopez,robert.lopez4049@streamlineanalytics.com,StreamLine Analytics,Inbound - Content,Converted,85,4099,146,2024-11-03,2024-09-07T00:00:00
4050,David,Martinez,david.martinez4050@metasync.com,MetaSync,Product-Led,Converted,98,780,467,2022-10-07,2022-09-21T00:00:00
4051,Christopher,Miller,christopher.miller4051@techflowinc.com,TechFlow Inc,Inbound - Webinar,New,24,,,,2021-01-08T00:00:00
4052,Richard,Wilson,richard.wilson4052@primepathdigital.com,PrimePath Digital,Outbound - SDR,New,53,,,,2020-03-03T00:00:00
4053,Jennifer,Anderson,jennifer.anderson4053@rapidcloud.com,RapidCloud,Outbound - SDR,New,66,,,,2022-10-20T00:00:00
4054,James,Gonzalez,james.gonzalez4054@techflowinc.com,TechFlow Inc,Inbound - Content,MQL,93,,,,2020-04-11T00:00:00
4055,Jessica,Lee,jessica.lee4055@techflowinc.com,TechFlow Inc,Inbound - Content,MQL,74,,,,2022-11-24T00:00:00
4056,John,Gonzalez,john.gonzalez4056@brightwavetech.com,BrightWave Tech,Outbound - Cold,New,10,,,,2023-06-17T00:00:00
4057,Charles,Thompson,charles.thompson4057@agiledynamics.com,Agile Dynamics,Paid Search,Disqualified,12,,,,2020-12-06T00:00:00
4058,Thomas,Brown,thomas.brown4058@databridgecorp.com,DataBridge Corp,Social Media,Disqualified,0,,,,2020-09-04T00:00:00
4059,Christopher,Jackson,christopher.jackson4059@vertexai.com,VertexAI,Product-Led,New,46,,,,2022-09-26T00:00:00
4060,Karen,Lopez,karen.lopez4060@primepathdigital.com,PrimePath Digital,Inbound - Webinar,Nurture,36,,,,2023-07-29T00:00:00
4061,Jessica,Smith,jessica.smith4061@techflowinc.com,TechFlow Inc,Paid Search,MQL,81,,,,2022-09-02T00:00:00
4062,Thomas,Martin,thomas.martin4062@metasync.com,MetaSync,Product-Led,New,53,,,,2022-09-18T00:00:00
4063,Robert,Moore,robert.moore4063@metasync.com,MetaSync,Partner Referral,Nurture,21,,,,2022-06-27T00:00:00
4064,Jennifer,Smith,jennifer.smith4064@truenorthdata.com,TrueNorth Data,Inbound - Content,Disqualified,9,,,,2021-06-11T00:00:00
4065,Thomas,Miller,thomas.miller4065@truenorthdata.com,TrueNorth Data,Inbound - Content,Working,44,,,,2021-11-18T00:00:00
4066,Jessica,Smith,jessica.smith4066@corestack.com,CoreStack,Product-Led,MQL,61,,,,2022-02-05T00:00:00
4067,Barbara,Brown,barbara.brown4067@pulsepointdigital.com,PulsePoint Digital,Event,Converted,55,4632,175,2024-04-19,2024-03-04T00:00:00
4068,Susan,Jackson,susan.jackson4068@cloudscalesystems.com,CloudScale Systems,Social Media,MQL,78,,,,2020-08-22T00:00:00
4069,Richard,Johnson,richard.johnson4069@streamlineanalytics.com,StreamLine Analytics,Social Media,Disqualified,6,,,,2022-03-09T00:00:00
4070,Linda,Lopez,linda.lopez4070@cloudscalesystems.com,CloudScale Systems,Outbound - Cold,Working,68,,,,2021-07-10T00:00:00
4071,Patricia,Garcia,patricia.garcia4071@rapidcloud.com,RapidCloud,Event,New,48,,,,2024-09-27T00:00:00
4072,Christopher,Thomas,christopher.thomas4072@quantumlogiclabs.com,QuantumLogic Labs,Inbound - Web,New,52,,,,2024-06-05T00:00:00
4073,Joseph,Martin,,StreamLine Analytics,Outbound - SDR,SQL,93,,,,2024-12-10T00:00:00
4074,Robert,Lee,robert.lee4074@nexgensolutions.com,NexGen Solutions,Product-Led,Converted,90,1567,909,2023-10-04,2023-08-11T00:00:00
4075,Patricia,Martinez,patricia.martinez4075@innovateco.com,InnovateCo,Outbound - SDR,Converted,82,1789,636,2024-08-09,2024-07-13T00:00:00
4076,Sarah,Williams,sarah.williams4076@vertexai.com,VertexAI,Social Media,Converted,56,1281,941,2024-07-09,2024-06-14T00:00:00
4077,Daniel,Taylor,daniel.taylor4077@techflowinc.com,TechFlow Inc,Paid Search,SQL,52,,,,2020-04-16T00:00:00
4078,Michael,Taylor,michael.taylor4078@cloudscalesystems.com,CloudScale Systems,Inbound - Web,Disqualified,8,,,,2022-02-15T00:00:00
4079,Karen,Thomas,karen.thomas,StreamLine Analytics,Paid Search,Nurture,44,,,,2020-05-24T00:00:00
4080,John,Moore,john.moore4080@primepathdigital.com,PrimePath Digital,Social Media,Disqualified,30,,,,2023-05-12T00:00:00
4081,William,Johnson,william.johnson4081@innovateco.com,InnovateCo,Inbound - Web,MQL,60,,,,2020-09-20T00:00:00
4082,Patricia,Thomas,patricia.thomas4082@agiledynamics.com,Agile Dynamics,Social Media,Converted,88,283,9,2024-09-09,2024-06-26T00:00:00
4083,Charles,Thompson,charles.thompson4083@quantumlogiclabs.com,QuantumLogic Labs,Inbound - Web,Nurture,37,,,,2024-06-17T00:00:00
4084,Lisa,Anderson,lisa.anderson4084@rapidcloud.com,RapidCloud,Product-Led,MQL,97,,,,2023-06-14T00:00:00
4085,Lisa,Taylor,lisa.taylor4085@futureforge.com,FutureForge,Outbound - SDR,Working,64,,,,2022-01-29T00:00:00
4086,John,Brown,john.brown4086@pulsepointdigital.com,PulsePoint Digital,Inbound - Web,Disqualified,8,,,,2023-11-13T00:00:00
4087,Mary,Miller,,InnovateCo,Outbound - SDR,Disqualified,26,,,,2020-07-27T00:00:00
4088,Nancy,Martin,nancy.martin4088@nexgensolutions.com,NexGen Solutions,Paid Search,Converted,71,4343,84,2024-08-31,2024-07-04T00:00:00
4089,Thomas,Wilson,thomas.wilson4089@agiledynamics.com,Agile Dynamics,Partner Referral,Converted,92,2252,160,2023-07-01,2023-04-16T00:00:00
4090,Barbara,Jones,barbara.jones4090@agiledynamics.com,Agile Dynamics,Paid Search,SQL,62,,,,2020-07-10T00:00:00
4091,James,Miller,james.miller4091@insightplatforms.com,Insight Platforms,Outbound - SDR,Converted,82,265,234,2024-10-16,2024-08-08T00:00:00
4092,Susan,Hernandez,susan.hernandez4092@scaleupsystems.com,ScaleUp Systems,Inbound - Webinar,New,63,,,,2022-09-27T00:00:00
4093,Jessica,Davis,jessica.davis4093@scaleupsystems.com,ScaleUp Systems,Event,Working,39,,,,2020-06-27T00:00:00
4094,Lisa,Taylor,lisa.taylor4094@brightwavetech.com,BrightWave Tech,Outbound - Cold,SQL,54,,,,2020-08-27T00:00:00
4095,Christopher,Jackson,christopher.jackson4095@scaleupsystems.com,ScaleUp Systems,Outbound - SDR,MQL,63,,,,2022-05-28T00:00:00
4096,Elizabeth,Wilson,elizabeth.wilson4096@innovateco.com,InnovateCo,Inbound - Webinar,Nurture,45,,,,2020-06-18T00:00:00
4097,Patricia,Lee,patricia.lee4097@primepathdigital.com,PrimePath Digital,Outbound - SDR,Nurture,56,,,,2022-01-09T00:00:00
4098,Sarah,Johnson,sarah.johnson4098@insightplatforms.com,Insight Platforms,Outbound - SDR,New,57,,,,2020-11-18T00:00:00
4099,Nancy,Moore,nancy.moore4099@cloudscalesystems.com,CloudScale Systems,Inbound - Webinar,Disqualified,17,,,,2021-10-23T00:00:00
4100,Thomas,Lee,thomas.lee4100@innovateco.com,InnovateCo,Inbound - Webinar,SQL,98,,,,2020-06-04T00:00:00
4101,Lisa,Miller,lisa.miller4101@insightplatforms.com,Insight Platforms,Paid Search,MQL,92,,,,2024-01-18T00:00:00
4102,Karen,Gonzalez,karen.gonzalez,CyberVault,,Working,66,,,,2021-03-07T00:00:00
4103,Daniel,Martinez,daniel.martinez4103@techflowinc.com,TechFlow Inc,Inbound - Webinar,New,28,,,,2024-04-25T00:00:00
4104,Karen,Lopez,karen.lopez4104@nexgensolutions.com,NexGen Solutions,Social Media,MQL,92,,,,2023-01-19T00:00:00
4105,Daniel,Davis,daniel.davis4105@vertexai.com,VertexAI,Inbound - Web,Converted,51,671,21,2023-09-26,2023-07-08T00:00:00
4106,Patricia,Garcia,patricia.garcia4106@pulsepointdigital.com,PulsePoint Digital,Event,Converted,87,1526,724,2024-08-04,2024-07-09T00:00:00
4107,Michael,Moore,michael.moore4107@rapidcloud.com,RapidCloud,Inbound - Web,New,68,,,,2022-02-25T00:00:00
4108,Lisa,Johnson,lisa.johnson4108@pulsepointdigital.com,PulsePoint Digital,Partner Referral,Working,27,,,,2023-07-19T00:00:00
4109,Michael,Gonzalez,,BrightWave Tech,Outbound - SDR,SQL,57,,,,2022-05-30T00:00:00
4110,Karen,Miller,karen.miller4110@agiledynamics.com,Agile Dynamics,Partner Referral,Disqualified,19,,,,2020-06-01T00:00:00
4111,David,Miller,david.miller4111@quantumlogiclabs.com,QuantumLogic Labs,Outbound - SDR,Working,53,,,,2020-08-23T00:00:00
4112,Karen,Hernandez,karen.hernandez4112@cybervault.com,CyberVault,Inbound - Web,MQL,-98,,,,2022-03-09T00:00:00
4113,Daniel,Smith,daniel.smith4113@databridgecorp.com,DataBridge Corp,Outbound - Cold,MQL,73,,,,2023-01-16T00:00:00
4114,James,Miller,james.miller4114@nexgensolutions.com,NexGen Solutions,Inbound - Content,Converted,88,4018,965,2023-06-09,2023-04-02T00:00:00
4115,Karen,Moore,karen.moore4115@metasync.com,MetaSync,Inbound - Web,Disqualified,30,,,,2020-02-22T00:00:00
4116,William,Rodriguez,william.rodriguez4116@corestack.com,CoreStack,Product-Led,Working,38,,,,2024-11-17T00:00:00
4117,Elizabeth,Davis,elizabeth.davis4117@insightplatforms.com,Insight Platforms,Inbound - Content,Disqualified,15,,,,2022-06-02T00:00:00
4118,Lisa,Davis,lisa.davis4118@streamlineanalytics.com,StreamLine Analytics,Outbound - Cold,New,69,,,,2022-11-19T00:00:00
4119,Patricia,Jones,patricia.jones4119@innovateco.com,InnovateCo,Inbound - Content,Nurture,64,,,,2020-06-13T00:00:00
4120,Richard,Smith,richard.smith4120@futureforge.com,FutureForge,Outbound - Cold,New,60,,,,2021-10-22T00:00:00
4121,Karen,Moore,karen.moore4121@rapidcloud.com,RapidCloud,Inbound - Webinar,Converted,65,2026,160,2024-10-08,2024-09-23T00:00:00
4122,William,Williams,william.williams,Agile Dynamics,Outbound - Cold,New,69,,,,2024-03-21T00:00:00
4123,Richard,Martinez,richard.martinez4123@techflowinc.com,TechFlow Inc,Product-Led,Converted,51,1177,68,2020-04-10,2020-02-11T00:00:00
4124,Susan,Martinez,susan.martinez4124@corestack.com,CoreStack,Outbound - Cold,SQL,75,,,,2020-10-09T00:00:00
4125,Jennifer,Hernandez,jennifer.hernandez4125@techflowinc.com,TechFlow Inc,Inbound - Webinar,Converted,63,2493,99,2023-10-07,2023-09-08T00:00:00
4126,Linda,Davis,linda.davis4126@truenorthdata.com,TrueNorth Data,Paid Search,New,47,,,,2022-06-11T00:00:00
4127,Karen,Jones,karen.jones4127@agiledynamics.com,Agile Dynamics,Outbound - SDR,Disqualified,11,,,,2023-01-20T00:00:00
4128,Elizabeth,Martin,elizabeth.martin4128@futureforge.com,FutureForge,Product-Led,SQL,73,,,,2021-01-03T00:00:00
4129,Michael,Wilson,michael.wilson4129@agiledynamics.com,Agile Dynamics,Paid Search,MQL,92,,,,2021-05-18T00:00:00
4130,Michael,Wilson,michael.wilson4130@truenorthdata.com,TrueNorth Data,Social Media,Nurture,54,,,,2020-02-16T00:00:00
4131,Patricia,Garcia,patricia.garcia4131@metasync.com,MetaSync,,Converted,84,3469,391,2024-11-16,2024-08-24T00:00:00
4132,Daniel,Gonzalez,daniel.gonzalez4132@databridgecorp.com,DataBridge Corp,Social Media,Nurture,16,,,,2023-09-02T00:00:00
4133,Mary,Williams,mary.williams4133@futureforge.com,FutureForge,Event,MQL,86,,,,2020-02-27T00:00:00
4134,Mary,Anderson,mary.anderson4134@rapidcloud.com,RapidCloud,Inbound - Web,Disqualified,2,,,,2023-10-08T00:00:00
4135,Joseph,Wilson,joseph.wilson4135@truenorthdata.com,TrueNorth Data,Inbound - Webinar,Converted,78,4976,23,2024-05-06,2024-03-07T00:00:00
4136,Charles,Jones,charles.jones4136@rapidcloud.com,RapidCloud,Outbound - Cold,Nurture,54,,,,2024-04-25T00:00:00
4137,Nancy,Anderson,nancy.anderson4137@streamlineanalytics.com,StreamLine Analytics,Social Media,SQL,85,,,,2022-01-06T00:00:00
4138,Susan,Martinez,susan.martinez4138@primepathdigital.com,PrimePath Digital,Product-Led,New,33,,,,2023-09-08T00:00:00
4139,Susan,Johnson,susan.johnson4139@nexgensolutions.com,NexGen Solutions,Paid Search,Working,60,,,,2023-11-25T00:00:00
4140,Barbara,Martin,barbara.martin4140@techflowinc.com,TechFlow Inc,Event,Nurture,10,,,,2020-09-12T00:00:00
4141,Nancy,Lopez,,FutureForge,Outbound - SDR,New,64,,,,2021-01-20T00:00:00
4142,Mary,Williams,mary.williams4142@databridgecorp.com,DataBridge Corp,Social Media,Converted,77,4620,71,2024-10-28,2024-10-26T00:00:00
4143,Linda,Rodriguez,linda.rodriguez4143@innovateco.com,InnovateCo,Product-Led,New,49,,,,2023-01-05T00:00:00
4144,Lisa,Wilson,lisa.wilson4144@corestack.com,CoreStack,Inbound - Web,Disqualified,0,,,,2021-07-22T00:00:00
4145,Elizabeth,Rodriguez,elizabeth.rodriguez4145@pulsepointdigital.com,PulsePoint Digital,Inbound - Content,Working,33,,,,2021-10-07T00:00:00
4146,Charles,Martin,charles.martin4146@rapidcloud.com,RapidCloud,Inbound - Web,Disqualified,4,,,,2021-06-02T00:00:00
4147,Barbara,Moore,,MetaSync,Paid Search,Nurture,18,,,,2021-08-26T00:00:00
4148,Daniel,Lee,daniel.lee4148@corestack.com,CoreStack,Event,New,41,,,,2024-10-19T00:00:00
4149,Sarah,Jackson,sarah.jackson4149@cloudscalesystems.com,CloudScale Systems,Outbound - SDR,Disqualified,26,,,,2021-10-16T00:00:00
4150,Lisa,Gonzalez,lisa.gonzalez,CoreStack,Paid Search,SQL,84,,,,2021-10-29T00:00:00
4151,Daniel,Smith,daniel.smith4151@vertexai.com,VertexAI,Paid Search,New,68,,,,2021-05-15T00:00:00
4152,Patricia,Anderson,patricia.anderson4152@databridgecorp.com,DataBridge Corp,Inbound - Web,New,50,,,,2023-01-25T00:00:00
4153,Joseph,Miller,joseph.miller4153@primepathdigital.com,PrimePath Digital,Partner Referral,Converted,80,592,987,2023-10-24,2023-08-23T00:00:00
4154,Thomas,Brown,thomas.brown4154@scaleupsystems.com,ScaleUp Systems,Outbound - Cold,Working,61,,,,2021-12-30T00:00:00
4155,Nancy,Johnson,nancy.johnson4155@primepathdigital.com,PrimePath Digital,Outbound - Cold,MQL,77,,,,2023-09-07T00:00:00
4156,Elizabeth,Thompson,elizabeth.thompson4156@corestack.com,CoreStack,Event,SQL,53,,,,2023-05-03T00:00:00
4157,Nancy,Smith,nancy.smith4157@techflowinc.com,TechFlow Inc,Inbound - Web,Working,50,,,,2020-09-23T00:00:00
4158,Patricia,Lopez,patricia.lopez4158@nexgensolutions.com,NexGen Solutions,Product-Led,SQL,78,,,,2020-03-09T00:00:00
4159,Barbara,Smith,barbara.smith,TrueNorth Data,Inbound - Content,Converted,85,3794,782,2024-08-23,2024-06-17T00:00:00
4160,Sarah,Brown,sarah.brown4160@databridgecorp.com,DataBridge Corp,Inbound - Webinar,SQL,77,,,,2023-12-11T00:00:00
4161,Karen,Davis,karen.davis4161@primepathdigital.com,PrimePath Digital,Inbound - Web,SQL,87,,,,2022-10-31T00:00:00
4162,Richard,Thomas,richard.thomas4162@cybervault.com,CyberVault,Product-Led,Converted,56,4455,63,2024-07-09,2024-04-27T00:00:00
4163,Lisa,Lopez,,RapidCloud,Paid Search,SQL,63,,,,2023-03-28T00:00:00
4164,David,Moore,david.moore4164@streamlineanalytics.com,StreamLine Analytics,Inbound - Content,Converted,60,2240,97,2024-06-06,2024-04-24T00:00:00
4165,Robert,Martinez,robert.martinez4165@nexgensolutions.com,NexGen Solutions,Inbound - Web,SQL,72,,,,2021-11-11T00:00:00
4166,Patricia,Davis,patricia.davis4166@brightwavetech.com,BrightWave Tech,Inbound - Content,New,18,,,,2020-01-13T00:00:00
4167,Christopher,Miller,,ScaleUp Systems,Inbound - Webinar,Nurture,50,,,,2024-03-18T00:00:00
4168,James,Gonzalez,james.gonzalez4168@streamlineanalytics.com,StreamLine Analytics,Outbound - Cold,Working,58,,,,2024-10-26T00:00:00
4169,Jennifer,Williams,jennifer.williams4169@rapidcloud.com,RapidCloud,Event,Disqualified,11,,,,2022-07-05T00:00:00
4170,Robert,Williams,robert.williams4170@truenorthdata.com,TrueNorth Data,Inbound - Web,MQL,90,,,,2022-12-18T00:00:00
4171,Elizabeth,Smith,elizabeth.smith4171@pulsepointdigital.com,PulsePoint Digital,Inbound - Web,Disqualified,9,,,,2021-12-02T00:00:00
4172,David,Wilson,david.wilson4172@techflowinc.com,TechFlow Inc,Outbound - SDR,MQL,71,,,,2021-01-23T00:00:00
4173,Susan,Gonzalez,susan.gonzalez4173@insightplatforms.com,Insight Platforms,Event,SQL,55,,,,2023-03-29T00:00:00
4174,Barbara,Brown,barbara.brown4174@streamlineanalytics.com,StreamLine Analytics,Inbound - Web,Disqualified,17,,,,2022-09-15T00:00:00
4175,Barbara,Gonzalez,barbara.gonzalez4175@innovateco.com,InnovateCo,Paid Search,Nurture,70,,,,2023-03-30T00:00:00
4176,Sarah,Jackson,sarah.jackson4176@pulsepointdigital.com,PulsePoint Digital,Inbound - Web,Working,57,,,,2020-06-03T00:00:00
4177,Karen,Taylor,karen.taylor4177@vertexai.com,VertexAI,Outbound - Cold,Working,55,,,,2023-03-30T00:00:00
4178,Mary,Brown,mary.brown4178@brightwavetech.com,BrightWave Tech,Inbound - Web,SQL,72,,,,2020-06-21T00:00:00
4179,Karen,Jones,karen.jones4179@metasync.com,MetaSync,Outbound - SDR,Converted,59,1814,909,2021-11-21,2021-08-28T00:00:00
4180,Nancy,Brown,nancy.brown4180@brightwavetech.com,BrightWave Tech,Paid Search,Disqualified,26,,,,2022-02-08T00:00:00
4181,Christopher,Martinez,christopher.martinez4181@databridgecorp.com,DataBridge Corp,Partner Referral,MQL,100,,,,2022-09-29T00:00:00
4182,Lisa,Miller,lisa.miller4182@brightwavetech.com,BrightWave Tech,Paid Search,Disqualified,5,,,,2020-05-05T00:00:00
4183,Robert,Jackson,robert.jackson4183@truenorthdata.com,TrueNorth Data,Event,MQL,61,,,,2021-09-16T00:00:00
4184,Michael,Garcia,,Insight Platforms,Inbound - Webinar,SQL,66,,,,2023-07-21T00:00:00
4185,William,Hernandez,william.hernandez,CoreStack,Inbound - Webinar,Disqualified,5,,,,2022-12-27T00:00:00
4186,Lisa,Martinez,lisa.martinez4186@brightwavetech.com,BrightWave Tech,Partner Referral,Disqualified,10,,,,2023-08-10T00:00:00
4187,Elizabeth,Miller,elizabeth.miller4187@vertexai.com,VertexAI,Social Media,MQL,67,,,,2023-09-28T00:00:00
4188,Nancy,Lopez,nancy.lopez4188@agiledynamics.com,Agile Dynamics,Event,Converted,63,2130,762,2023-03-30,2023-01-26T00:00:00
4189,Nancy,Jackson,nancy.jackson4189@quantumlogiclabs.com,QuantumLogic Labs,Outbound - SDR,Converted,63,4320,690,2024-06-05,2024-05-07T00:00:00
4190,Michael,Hernandez,michael.hernandez4190@innovateco.com,InnovateCo,Event,MQL,70,,,,2023-06-04T00:00:00
4191,Patricia,Wilson,patricia.wilson4191@databridgecorp.com,DataBridge Corp,Event,Working,14,,,,2020-11-27T00:00:00
4192,Lisa,Lopez,lisa.lopez4192@futureforge.com,FutureForge,Inbound - Content,MQL,66,,,,2023-02-10T00:00:00
4193,Nancy,Moore,nancy.moore4193@quantumlogiclabs.com,QuantumLogic Labs,Inbound - Web,New,64,,,,2024-10-22T00:00:00
4194,Robert,Gonzalez,robert.gonzalez4194@agiledynamics.com,Agile Dynamics,Product-Led,Converted,53,2271,174,2024-04-23,2024-02-23T00:00:00
4195,Susan,Wilson,susan.wilson4195@cloudscalesystems.com,CloudScale Systems,Product-Led,SQL,91,,,,2021-12-08T00:00:00
4196,Robert,Lee,robert.lee4196@primepathdigital.com,PrimePath Digital,Event,Working,30,,,,2020-07-15T00:00:00
4197,Linda,Smith,linda.smith4197@rapidcloud.com,RapidCloud,Social Media,SQL,70,,,,2024-08-26T00:00:00
4198,Nancy,Williams,nancy.williams4198@innovateco.com,InnovateCo,Inbound - Content,New,19,,,,2022-10-11T00:00:00
4199,Richard,Smith,richard.smith4199@innovateco.com,InnovateCo,Outbound - SDR,Nurture,47,,,,2024-12-09T00:00:00
4200,Susan,Hernandez,susan.hernandez4200@nexgensolutions.com,NexGen Solutions,Inbound - Web,Disqualified,15,,,,2020-11-11T00:00:00
4201,Lisa,Moore,lisa.moore4201@nexgensolutions.com,NexGen Solutions,Outbound - SDR,New,19,,,,2021-02-06T00:00:00
4202,Elizabeth,Jackson,elizabeth.jackson4202@metasync.com,MetaSync,Inbound - Content,Disqualified,3,,,,2023-03-07T00:00:00
4203,Patricia,Miller,patricia.miller4203@brightwavetech.com,BrightWave Tech,Outbound - SDR,Nurture,34,,,,2023-07-24T00:00:00
4204,Elizabeth,Brown,elizabeth.brown4204@metasync.com,MetaSync,Inbound - Web,MQL,71,,,,2023-03-18T00:00:00
4205,Robert,Miller,robert.miller4205@metasync.com,MetaSync,Social Media,Nurture,20,,,,2023-11-13T00:00:00
4206,Richard,Smith,richard.smith4206@truenorthdata.com,TrueNorth Data,Event,New,40,,,,2020-04-28T00:00:00
4207,John,Rodriguez,john.rodriguez4207@innovateco.com,InnovateCo,Outbound - SDR,Converted,81,1595,594,2024-07-27,2024-06-19T00:00:00
4208,William,Taylor,william.taylor4208@databridgecorp.com,DataBridge Corp,Inbound - Webinar,MQL,69,,,,2021-03-09T00:00:00
4209,William,Taylor,william.taylor4209@scaleupsystems.com,ScaleUp Systems,Partner Referral,Converted,51,3489,689,2021-03-21,2021-03-02T00:00:00
4210,Sarah,Thompson,sarah.thompson4210@techflowinc.com,TechFlow Inc,Social Media,Converted,73,1763,11,2022-02-27,2022-01-05T00:00:00
4211,Charles,Garcia,charles.garcia4211@brightwavetech.com,BrightWave Tech,Outbound - SDR,MQL,55,,,,2022-05-24T00:00:00
4212,Charles,Martin,charles.martin4212@futureforge.com,FutureForge,Inbound - Webinar,Working,51,,,,2022-03-30T00:00:00
4213,Barbara,Thompson,barbara.thompson4213@truenorthdata.com,TrueNorth Data,Product-Led,Working,35,,,,2022-11-12T00:00:00
4214,Elizabeth,Jones,elizabeth.jones4214@truenorthdata.com,TrueNorth Data,Product-Led,Converted,70,726,451,2024-12-14,2024-12-13T00:00:00
4215,Linda,Martin,,Insight Platforms,Outbound - Cold,SQL,58,,,,2022-05-24T00:00:00
4216,Robert,Anderson,robert.anderson4216@primepathdigital.com,PrimePath Digital,Partner Referral,SQL,77,,,,2024-06-15T00:00:00
4217,Christopher,Lopez,christopher.lopez4217@streamlineanalytics.com,StreamLine Analytics,Outbound - SDR,Nurture,16,,,,2021-06-05T00:00:00
4218,William,Lopez,william.lopez4218@corestack.com,CoreStack,Outbound - Cold,MQL,67,,,,2021-12-18T00:00:00
4219,Joseph,Moore,joseph.moore4219@cloudscalesystems.com,CloudScale Systems,Inbound - Content,Converted,89,4718,567,2023-12-29,2023-11-20T00:00:00
4220,Patricia,Martin,patricia.martin4220@cloudscalesystems.com,CloudScale Systems,Outbound - SDR,Disqualified,17,,,,2022-01-30T00:00:00
4221,Jennifer,Lopez,jennifer.lopez4221@cybervault.com,CyberVault,Inbound - Content,Converted,80,1445,53,2024-07-18,2024-04-24T00:00:00
4222,Nancy,Johnson,nancy.johnson,Agile Dynamics,Inbound - Web,Converted,72,2642,545,2022-11-30,2022-11-04T00:00:00
4223,Joseph,Rodriguez,joseph.rodriguez4223@rapidcloud.com,RapidCloud,Event,Disqualified,4,,,,2023-07-14T00:00:00
4224,Christopher,Taylor,christopher.taylor,VertexAI,Partner Referral,SQL,68,,,,2024-02-09T00:00:00
4225,Susan,Lee,susan.lee4225@vertexai.com,VertexAI,Paid Search,New,40,,,,2021-11-11T00:00:00
4226,Linda,Jackson,linda.jackson4226@primepathdigital.com,PrimePath Digital,Inbound - Webinar,New,60,,,,2024-11-11T00:00:00
4227,Mary,Thompson,,TrueNorth Data,Outbound - Cold,Disqualified,1,,,,2020-04-15T00:00:00
4228,Susan,Jones,susan.jones4228@cybervault.com,CyberVault,Inbound - Content,Converted,90,1325,11,2024-04-04,2024-03-01T00:00:00
4229,William,Hernandez,william.hernandez4229@rapidcloud.com,RapidCloud,Inbound - Content,Converted,99,2746,861,2024-10-24,2024-08-23T00:00:00
4230,James,Thompson,,RapidCloud,Partner Referral,Converted,68,4259,431,2024-12-23,2024-10-02T00:00:00
4231,Sarah,Lee,sarah.lee4231@cloudscalesystems.com,CloudScale Systems,Inbound - Webinar,SQL,93,,,,2022-09-05T00:00:00
4232,Karen,Jackson,karen.jackson4232@insightplatforms.com,Insight Platforms,Inbound - Content,MQL,86,,,,2023-05-16T00:00:00
4233,Charles,Rodriguez,charles.rodriguez4233@innovateco.com,InnovateCo,Outbound - SDR,Nurture,44,,,,2023-09-10T00:00:00
4234,Joseph,Lopez,joseph.lopez4234@corestack.com,CoreStack,,MQL,71,,,,2021-04-09T00:00:00
4235,Elizabeth,Wilson,elizabeth.wilson4235@streamlineanalytics.com,StreamLine Analytics,Social Media,Disqualified,28,,,,2021-07-22T00:00:00
4236,Robert,Thompson,robert.thompson4236@streamlineanalytics.com,StreamLine Analytics,Paid Search,SQL,51,,,,2020-05-05T00:00:00
4237,Daniel,Rodriguez,daniel.rodriguez4237@scaleupsystems.com,ScaleUp Systems,Inbound - Web,Converted,90,3912,197,2024-03-08,2024-02-17T00:00:00
4238,Barbara,Anderson,barbara.anderson4238@streamlineanalytics.com,StreamLine Analytics,Inbound - Content,Converted,79,732,881,2021-09-11,2021-09-08T00:00:00
4239,John,Thompson,john.thompson4239@quantumlogiclabs.com,QuantumLogic Labs,Inbound - Webinar,MQL,97,,,,2020-06-09T00:00:00
4240,Elizabeth,Martinez,elizabeth.martinez4240@innovateco.com,InnovateCo,Outbound - SDR,New,55,,,,2023-05-04T00:00:00
4241,Joseph,Garcia,joseph.garcia4241@cloudscalesystems.com,CloudScale Systems,Inbound - Webinar,Working,68,,,,2023-07-30T00:00:00
4242,Thomas,Jones,thomas.jones4242@streamlineanalytics.com,StreamLine Analytics,Outbound - SDR,MQL,55,,,,2022-03-24T00:00:00
4243,Christopher,Hernandez,christopher.hernandez4243@quantumlogiclabs.com,QuantumLogic Labs,Partner Referral,MQL,54,,,,2024-05-06T00:00:00
4244,Linda,Martin,linda.martin4244@corestack.com,CoreStack,Product-Led,Converted,83,2695,482,2023-12-25,2023-11-05T00:00:00
4245,Thomas,Rodriguez,thomas.rodriguez4245@techflowinc.com,TechFlow Inc,Social Media,Disqualified,14,,,,2022-07-08T00:00:00
4246,Karen,Wilson,karen.wilson4246@vertexai.com,VertexAI,Inbound - Webinar,Converted,51,2422,917,2024-11-05,2024-11-03T00:00:00
4247,John,Martin,john.martin4247@rapidcloud.com,RapidCloud,Product-Led,New,59,,,,2021-08-31T00:00:00
4248,Jennifer,Lee,jennifer.lee4248@innovateco.com,InnovateCo,Inbound - Content,Working,64,,,,2024-08-31T00:00:00
4249,Linda,Thomas,linda.thomas4249@nexgensolutions.com,NexGen Solutions,Product-Led,Disqualified,14,,,,2024-10-29T00:00:00
4250,Jennifer,Moore,jennifer.moore4250@truenorthdata.com,TrueNorth Data,Outbound - SDR,New,10,,,,2024-04-18T00:00:00
4251,Robert,Garcia,robert.garcia4251@innovateco.com,InnovateCo,Event,Working,66,,,,2020-12-16T00:00:00
4252,Richard,Lopez,richard.lopez4252@futureforge.com,FutureForge,Social Media,New,24,,,,2020-03-11T00:00:00
4253,David,Thompson,david.thompson4253@databridgecorp.com,DataBridge Corp,,New,59,,,,2024-03-10T00:00:00
4254,Robert,Miller,robert.miller4254@pulsepointdigital.com,PulsePoint Digital,Social Media,MQL,83,,,,2020-06-03T00:00:00
4255,Barbara,Hernandez,barbara.hernandez4255@pulsepointdigital.com,PulsePoint Digital,Outbound - Cold,Nurture,10,,,,2021-11-18T00:00:00
4256,Daniel,Johnson,daniel.johnson4256@brightwavetech.com,BrightWave Tech,Inbound - Web,SQL,71,,,,2023-09-17T00:00:00
4257,Christopher,Martinez,christopher.martinez4257@rapidcloud.com,RapidCloud,Event,Converted,70,3448,770,2024-09-30,2024-08-16T00:00:00
4258,Joseph,Williams,joseph.williams4258@brightwavetech.com,BrightWave Tech,Partner Referral,SQL,73,,,,2020-06-07T00:00:00
4259,John,Lee,john.lee,NexGen Solutions,Partner Referral,Working,14,,,,2024-08-23T00:00:00
4260,Jessica,Martin,jessica.martin4260@quantumlogiclabs.com,QuantumLogic Labs,Paid Search,MQL,59,,,,2024-03-16T00:00:00
4261,Nancy,Johnson,nancy.johnson,TechFlow Inc,Event,MQL,70,,,,2022-05-18T00:00:00
4262,Thomas,Gonzalez,thomas.gonzalez4262@rapidcloud.com,RapidCloud,,Disqualified,20,,,,2023-12-20T00:00:00
4263,Robert,Miller,robert.miller4263@techflowinc.com,TechFlow Inc,Outbound - SDR,MQL,97,,,,2020-05-11T00:00:00
4264,Elizabeth,Brown,elizabeth.brown4264@metasync.com,MetaSync,Outbound - Cold,Converted,58,676,323,2024-12-12,2024-11-29T00:00:00
4265,John,Jackson,john.jackson,PrimePath Digital,Inbound - Webinar,SQL,75,,,,2020-02-16T00:00:00
4266,Barbara,Garcia,barbara.garcia4266@agiledynamics.com,Agile Dynamics,Outbound - SDR,New,16,,,,2023-05-05T00:00:00
4267,David,Lee,david.lee4267@techflowinc.com,TechFlow Inc,Event,Nurture,-25,,,,2022-06-07T00:00:00
4268,Charles,Thompson,charles.thompson4268@streamlineanalytics.com,StreamLine Analytics,Paid Search,MQL,62,,,,2023-07-13T00:00:00
4269,Mary,Williams,mary.williams4269@agiledynamics.com,Agile Dynamics,Paid Search,Converted,99,106,902,2024-05-18,2024-04-14T00:00:00
4270,Sarah,Anderson,sarah.anderson4270@metasync.com,MetaSync,Outbound - SDR,MQL,56,,,,2024-03-21T00:00:00
4271,Barbara,Johnson,barbara.johnson4271@cloudscalesystems.com,CloudScale Systems,Partner Referral,MQL,50,,,,2023-09-29T00:00:00
4272,Richard,Thomas,richard.thomas4272@truenorthdata.com,TrueNorth Data,Event,Converted,50,613,1000,2020-12-31,2021-01-02T00:00:00
4273,Christopher,Thomas,christopher.thomas4273@metasync.com,MetaSync,Paid Search,MQL,62,,,,2022-03-03T00:00:00
4274,Patricia,Thompson,patricia.thompson4274@quantumlogiclabs.com,QuantumLogic Labs,Event,Working,57,,,,2023-12-30T00:00:00
4275,Nancy,Martin,nancy.martin4275@cybervault.com,CyberVault,Paid Search,MQL,70,,,,2024-11-13T00:00:00
4276,Mary,Martinez,mary.martinez4276@databridgecorp.com,DataBridge Corp,Paid Search,Converted,71,4436,251,2024-11-02,2024-09-18T00:00:00
4277,Lisa,Gonzalez,lisa.gonzalez4277@primepathdigital.com,PrimePath Digital,Partner Referral,SQL,95,,,,2020-03-17T00:00:00
4278,Jennifer,Jones,jennifer.jones4278@agiledynamics.com,Agile Dynamics,Outbound - SDR,MQL,89,,,,2022-12-02T00:00:00
4279,Patricia,Taylor,patricia.taylor4279@truenorthdata.com,TrueNorth Data,Product-Led,SQL,90,,,,2022-04-25T00:00:00
4280,John,Anderson,john.anderson4280@agiledynamics.com,Agile Dynamics,Paid Search,MQL,63,,,,2021-06-24T00:00:00
4281,Jennifer,Martinez,,FutureForge,Outbound - SDR,Working,43,,,,2023-10-22T00:00:00
4282,Linda,Davis,linda.davis4282@streamlineanalytics.com,StreamLine Analytics,Event,Disqualified,9,,,,2024-11-09T00:00:00
4283,James,Martinez,james.martinez4283@brightwavetech.com,BrightWave Tech,Inbound - Webinar,New,23,,,,2024-07-08T00:00:00
4284,Jessica,Jackson,jessica.jackson4284@truenorthdata.com,TrueNorth Data,Outbound - Cold,Disqualified,5,,,,2021-05-16T00:00:00
4285,Mary,Miller,mary.miller4285@quantumlogiclabs.com,QuantumLogic Labs,Inbound - Webinar,New,16,,,,2024-01-06T00:00:00
4286,William,Lee,william.lee4286@databridgecorp.com,DataBridge Corp,Inbound - Web,Converted,88,1315,638,2024-09-02,2024-08-01T00:00:00
4287,Patricia,Lopez,patricia.lopez4287@databridgecorp.com,DataBridge Corp,Inbound - Web,Converted,65,1375,171,2020-12-30,2020-11-27T00:00:00
4288,Nancy,Smith,nancy.smith4288@rapidcloud.com,RapidCloud,Inbound - Webinar,Nurture,55,,,,2021-11-24T00:00:00
4289,Thomas,Moore,thomas.moore4289@cybervault.com,CyberVault,Inbound - Webinar,New,20,,,,2023-06-08T00:00:00
4290,James,Thomas,james.thomas4290@truenorthdata.com,TrueNorth Data,Partner Referral,Disqualified,15,,,,2021-06-02T00:00:00
4291,Nancy,Thompson,nancy.thompson4291@agiledynamics.com,Agile Dynamics,Social Media,Working,14,,,,2022-11-10T00:00:00
4292,Mary,Smith,mary.smith4292@brightwavetech.com,BrightWave Tech,Inbound - Content,New,18,,,,2020-09-21T00:00:00
4293,Michael,Johnson,michael.johnson4293@agiledynamics.com,Agile Dynamics,Social Media,Working,34,,,,2022-11-14T00:00:00
4294,William,Martin,william.martin4294@innovateco.com,InnovateCo,Inbound - Web,MQL,60,,,,2021-07-21T00:00:00
4295,James,Anderson,james.anderson4295@cybervault.com,CyberVault,Inbound - Webinar,SQL,58,,,,2024-09-26T00:00:00
4296,Robert,Thompson,robert.thompson4296@pulsepointdigital.com,PulsePoint Digital,Paid Search,MQL,65,,,,2022-07-18T00:00:00
4297,John,Brown,john.brown4297@scaleupsystems.com,ScaleUp Systems,Inbound - Content,MQL,77,,,,2024-09-09T00:00:00
4298,Linda,Lopez,linda.lopez4298@quantumlogiclabs.com,QuantumLogic Labs,Outbound - Cold,Converted,100,4934,481,2024-10-25,2024-09-19T00:00:00
4299,Karen,Brown,karen.brown4299@streamlineanalytics.com,StreamLine Analytics,Partner Referral,Disqualified,21,,,,2024-02-02T00:00:00
4300,Robert,Garcia,,CloudScale Systems,Outbound - Cold,Disqualified,25,,,,2020-03-04T00:00:00
4301,Richard,Lopez,richard.lopez4301@vertexai.com,VertexAI,Inbound - Webinar,Working,34,,,,2024-02-15T00:00:00
4302,James,Brown,james.brown4302@cybervault.com,CyberVault,,Nurture,66,,,,2023-02-19T00:00:00
4303,Jennifer,Lopez,jennifer.lopez4303@brightwavetech.com,BrightWave Tech,Product-Led,Converted,58,1233,900,2024-05-28,2024-04-21T00:00:00
4304,Robert,Miller,robert.miller4304@streamlineanalytics.com,StreamLine Analytics,Inbound - Webinar,Converted,52,1664,944,2024-10-26,2024-09-23T00:00:00
4305,Michael,Thomas,michael.thomas4305@rapidcloud.com,RapidCloud,Event,Converted,78,3536,932,2023-11-15,2023-10-29T00:00:00
4306,Joseph,Martinez,joseph.martinez4306@nexgensolutions.com,NexGen Solutions,Inbound - Webinar,New,55,,,,2024-08-25T00:00:00
4307,Joseph,Wilson,joseph.wilson4307@quantumlogiclabs.com,QuantumLogic Labs,Event,Disqualified,0,,,,2022-08-05T00:00:00
4308,Lisa,Brown,lisa.brown4308@streamlineanalytics.com,StreamLine Analytics,Product-Led,Disqualified,27,,,,2021-11-28T00:00:00
4309,Elizabeth,Thompson,elizabeth.thompson4309@pulsepointdigital.com,PulsePoint Digital,Product-Led,Working,66,,,,2023-03-11T00:00:00
4310,Michael,Garcia,michael.garcia4310@insightplatforms.com,Insight Platforms,,Converted,77,1415,503,2024-03-10,2024-01-22T00:00:00
4311,Joseph,Lee,joseph.lee4311@innovateco.com,InnovateCo,Social Media,Nurture,35,,,,2022-09-30T00:00:00
4312,David,Martin,david.martin4312@futureforge.com,FutureForge,Outbound - Cold,New,44,,,,2021-10-25T00:00:00
4313,James,Gonzalez,james.gonzalez4313@cybervault.com,CyberVault,Partner Referral,SQL,93,,,,2024-02-09T00:00:00
4314,John,Garcia,john.garcia4314@techflowinc.com,TechFlow Inc,Partner Referral,MQL,75,,,,2023-07-10T00:00:00
4315,Michael,Gonzalez,michael.gonzalez4315@quantumlogiclabs.com,QuantumLogic Labs,Outbound - SDR,Nurture,26,,,,2022-01-24T00:00:00
4316,Daniel,Williams,daniel.williams4316@cloudscalesystems.com,CloudScale Systems,Inbound - Webinar,MQL,88,,,,2024-10-27T00:00:00
4317,Michael,Lopez,michael.lopez4317@innovateco.com,InnovateCo,Inbound - Web,MQL,72,,,,2021-08-13T00:00:00
4318,John,Miller,john.miller4318@futureforge.com,FutureForge,Inbound - Web,Working,52,,,,2022-05-27T00:00:00
4319,Susan,Lopez,susan.lopez4319@truenorthdata.com,TrueNorth Data,Product-Led,Disqualified,26,,,,2024-07-24T00:00:00
4320,Barbara,Gonzalez,barbara.gonzalez4320@futureforge.com,FutureForge,,MQL,58,,,,2020-10-06T00:00:00
4321,Richard,Thompson,richard.thompson4321@cloudscalesystems.com,CloudScale Systems,Inbound - Content,Working,-55,,,,2022-11-13T00:00:00
4322,Jennifer,Lee,jennifer.lee4322@futureforge.com,FutureForge,Partner Referral,Converted,61,3837,17,2024-10-29,2024-10-26T00:00:00
4323,Nancy,Brown,nancy.brown4323@futureforge.com,FutureForge,Outbound - SDR,Disqualified,18,,,,2024-11-04T00:00:00
4324,David,Jackson,david.jackson4324@pulsepointdigital.com,PulsePoint Digital,Inbound - Content,New,62,,,,2023-03-15T00:00:00
4325,Karen,Davis,karen.davis4325@vertexai.com,VertexAI,Inbound - Web,MQL,58,,,,2022-01-07T00:00:00
4326,Jessica,Brown,jessica.brown,MetaSync,Partner Referral,SQL,53,,,,2021-03-13T00:00:00
4327,Elizabeth,Rodriguez,elizabeth.rodriguez4327@cloudscalesystems.com,CloudScale Systems,Paid Search,Disqualified,25,,,,2020-05-23T00:00:00
4328,Christopher,Anderson,christopher.anderson4328@innovateco.com,InnovateCo,Product-Led,Disqualified,14,,,,2022-06-07T00:00:00
4329,Michael,Miller,michael.miller4329@metasync.com,MetaSync,Inbound - Content,Converted,61,2048,726,2022-07-01,2022-06-13T00:00:00
4330,Linda,Miller,linda.miller4330@rapidcloud.com,RapidCloud,Inbound - Webinar,SQL,83,,,,2023-09-29T00:00:00
4331,Jessica,Garcia,jessica.garcia4331@nexgensolutions.com,NexGen Solutions,Outbound - Cold,Nurture,37,,,,2022-10-10T00:00:00
4332,Thomas,Hernandez,thomas.hernandez4332@vertexai.com,VertexAI,Outbound - Cold,Nurture,40,,,,2022-08-17T00:00:00
4333,David,Thomas,david.thomas4333@insightplatforms.com,Insight Platforms,Outbound - SDR,Working,26,,,,2020-12-24T00:00:00
4334,Susan,Lopez,susan.lopez4334@techflowinc.com,TechFlow Inc,Product-Led,Working,46,,,,2024-10-11T00:00:00
4335,John,Martin,john.martin4335@quantumlogiclabs.com,QuantumLogic Labs,Inbound - Web,Working,15,,,,2024-08-15T00:00:00
4336,Charles,Davis,charles.davis4336@cloudscalesystems.com,CloudScale Systems,Inbound - Web,Working,45,,,,2022-04-19T00:00:00
4337,Thomas,Smith,thomas.smith4337@innovateco.com,InnovateCo,Inbound - Content,MQL,55,,,,2021-07-12T00:00:00
4338,Robert,Lee,robert.lee4338@agiledynamics.com,Agile Dynamics,Event,SQL,92,,,,2024-04-18T00:00:00
4339,Linda,Johnson,linda.johnson4339@brightwavetech.com,BrightWave Tech,Paid Search,Nurture,61,,,,2022-10-03T00:00:00
4340,Elizabeth,Moore,elizabeth.moore4340@scaleupsystems.com,ScaleUp Systems,Inbound - Content,Working,16,,,,2020-06-27T00:00:00
4341,Jessica,Williams,,Insight Platforms,Inbound - Content,Converted,62,4132,163,2024-04-22,2024-03-17T00:00:00
4342,James,Johnson,james.johnson4342@insightplatforms.com,Insight Platforms,Inbound - Webinar,Converted,82,3351,747,2023-10-14,2023-09-09T00:00:00
4343,Michael,Taylor,michael.taylor4343@futureforge.com,FutureForge,,SQL,82,,,,2022-04-20T00:00:00
4344,Christopher,Lee,christopher.lee4344@pulsepointdigital.com,PulsePoint Digital,Product-Led,New,12,,,,2020-05-11T00:00:00
4345,David,Martinez,david.martinez4345@primepathdigital.com,PrimePath Digital,Social Media,Disqualified,18,,,,2024-08-17T00:00:00
4346,Christopher,Wilson,christopher.wilson4346@quantumlogiclabs.com,QuantumLogic Labs,Product-Led,Working,44,,,,2023-07-31T00:00:00
4347,Susan,Garcia,susan.garcia4347@insightplatforms.com,Insight Platforms,Paid Search,Nurture,48,,,,2024-01-08T00:00:00
4348,Lisa,Brown,lisa.brown4348@cloudscalesystems.com,CloudScale Systems,Outbound - SDR,Nurture,70,,,,2020-10-05T00:00:00
4349,Thomas,Martinez,thomas.martinez4349@vertexai.com,VertexAI,Outbound - SDR,Working,40,,,,2021-09-28T00:00:00
4350,Karen,Gonzalez,karen.gonzalez4350@insightplatforms.com,Insight Platforms,Product-Led,New,42,,,,2022-11-06T00:00:00
4351,Jennifer,Martinez,jennifer.martinez4351@scaleupsystems.com,ScaleUp Systems,Partner Referral,Nurture,10,,,,2020-11-05T00:00:00
4352,Michael,Johnson,michael.johnson4352@vertexai.com,VertexAI,Inbound - Webinar,Converted,69,3955,288,2024-07-15,2024-07-07T00:00:00
4353,Christopher,Johnson,christopher.johnson4353@pulsepointdigital.com,PulsePoint Digital,Social Media,Working,32,,,,2020-03-07T00:00:00
4354,Jessica,Smith,jessica.smith4354@corestack.com,CoreStack,Social Media,MQL,72,,,,2021-02-23T00:00:00
4355,Patricia,Anderson,,Agile Dynamics,Paid Search,Converted,94,2554,46,2023-05-31,2023-05-25T00:00:00
4356,John,Rodriguez,john.rodriguez4356@cloudscalesystems.com,CloudScale Systems,Event,Nurture,32,,,,2020-06-12T00:00:00
4357,Karen,Garcia,karen.garcia4357@scaleupsystems.com,ScaleUp Systems,Outbound - Cold,SQL,50,,,,2023-11-29T00:00:00
4358,Jessica,Jackson,jessica.jackson4358@innovateco.com,InnovateCo,Inbound - Web,MQL,53,,,,2020-03-08T00:00:00
4359,Charles,Lopez,charles.lopez4359@agiledynamics.com,Agile Dynamics,Product-Led,Converted,91,1136,989,2024-03-06,2023-12-25T00:00:00
4360,David,Miller,david.miller4360@innovateco.com,InnovateCo,Event,SQL,79,,,,2021-01-04T00:00:00
4361,David,Thompson,david.thompson4361@metasync.com,MetaSync,Outbound - SDR,SQL,78,,,,2020-02-16T00:00:00
4362,Joseph,Taylor,joseph.taylor4362@futureforge.com,FutureForge,Paid Search,Disqualified,0,,,,2023-05-16T00:00:00
4363,David,Lopez,david.lopez4363@corestack.com,CoreStack,Paid Search,New,44,,,,2023-01-08T00:00:00
4364,Lisa,Rodriguez,lisa.rodriguez4364@cloudscalesystems.com,CloudScale Systems,Partner Referral,Converted,67,4504,461,2024-08-05,2024-06-11T00:00:00
4365,Christopher,Hernandez,christopher.hernandez4365@futureforge.com,FutureForge,Inbound - Web,Converted,75,3005,725,2023-02-23,2023-01-16T00:00:00
4366,Thomas,Gonzalez,thomas.gonzalez,VertexAI,Inbound - Webinar,Nurture,30,,,,2023-12-10T00:00:00
4367,Barbara,Thomas,barbara.thomas4367@corestack.com,CoreStack,Outbound - Cold,Working,13,,,,2024-12-15T00:00:00
4368,Thomas,Miller,thomas.miller4368@cloudscalesystems.com,CloudScale Systems,Paid Search,Converted,96,3320,918,2024-08-30,2024-08-20T00:00:00
4369,Michael,Gonzalez,michael.gonzalez4369@cloudscalesystems.com,CloudScale Systems,Outbound - Cold,Working,17,,,,2024-08-29T00:00:00
4370,Barbara,Anderson,barbara.anderson4370@streamlineanalytics.com,StreamLine Analytics,Inbound - Content,Disqualified,10,,,,2023-05-06T00:00:00
4371,David,Moore,david.moore4371@corestack.com,CoreStack,Paid Search,Converted,76,3211,334,2024-12-22,2024-11-20T00:00:00
4372,Mary,Jones,mary.jones4372@primepathdigital.com,PrimePath Digital,Partner Referral,Converted,64,157,173,2024-01-31,2024-02-02T00:00:00
4373,Elizabeth,Rodriguez,elizabeth.rodriguez4373@metasync.com,MetaSync,Inbound - Webinar,Nurture,30,,,,2020-08-30T00:00:00
4374,Elizabeth,Jackson,elizabeth.jackson4374@corestack.com,CoreStack,Outbound - SDR,New,32,,,,2024-10-23T00:00:00
4375,Richard,Smith,richard.smith4375@primepathdigital.com,PrimePath Digital,Outbound - SDR,Working,29,,,,2020-07-31T00:00:00
4376,Barbara,Johnson,barbara.johnson4376@metasync.com,MetaSync,Event,Working,55,,,,2024-07-11T00:00:00
4377,Christopher,Smith,christopher.smith4377@pulsepointdigital.com,PulsePoint Digital,Inbound - Web,Working,12,,,,2022-08-05T00:00:00
4378,Sarah,Wilson,sarah.wilson4378@agiledynamics.com,Agile Dynamics,Partner Referral,New,43,,,,2023-02-20T00:00:00
4379,Jennifer,Thompson,jennifer.thompson4379@futureforge.com,FutureForge,Product-Led,Working,18,,,,2024-03-16T00:00:00
4380,Mary,Williams,mary.williams4380@truenorthdata.com,TrueNorth Data,Inbound - Content,MQL,53,,,,2024-10-30T00:00:00
4381,Michael,Rodriguez,michael.rodriguez4381@rapidcloud.com,RapidCloud,Partner Referral,New,27,,,,2023-06-22T00:00:00
4382,Daniel,Smith,daniel.smith4382@scaleupsystems.com,ScaleUp Systems,Inbound - Web,Converted,78,1706,407,2024-10-09,2024-10-01T00:00:00
4383,Daniel,Wilson,,FutureForge,Inbound - Content,Converted,97,1384,588,2024-11-27,2024-09-15T00:00:00
4384,Lisa,Lee,lisa.lee4384@rapidcloud.com,RapidCloud,Partner Referral,MQL,90,,,,2022-10-04T00:00:00
4385,Michael,Williams,michael.williams4385@nexgensolutions.com,NexGen Solutions,Event,Converted,91,1411,319,2024-12-23,2024-10-15T00:00:00
4386,John,Jackson,john.jackson4386@rapidcloud.com,RapidCloud,Event,Working,59,,,,2024-03-26T00:00:00
4387,Richard,Rodriguez,richard.rodriguez4387@streamlineanalytics.com,StreamLine Analytics,Event,MQL,68,,,,2020-05-13T00:00:00
4388,Nancy,Garcia,nancy.garcia4388@brightwavetech.com,BrightWave Tech,Inbound - Webinar,Working,20,,,,2024-12-26T00:00:00
4389,Jessica,Thompson,jessica.thompson4389@innovateco.com,InnovateCo,Social Media,Working,36,,,,2024-06-26T00:00:00
4390,William,Martinez,william.martinez4390@metasync.com,MetaSync,Partner Referral,MQL,77,,,,2024-01-02T00:00:00
4391,Sarah,Garcia,sarah.garcia4391@innovateco.com,InnovateCo,Product-Led,Converted,89,1406,872,2024-12-13,2024-11-10T00:00:00
4392,Mary,Davis,mary.davis4392@quantumlogiclabs.com,QuantumLogic Labs,Outbound - Cold,Converted,56,1537,574,2024-04-23,2024-04-23T00:00:00
4393,Barbara,Garcia,barbara.garcia4393@streamlineanalytics.com,StreamLine Analytics,Social Media,Working,50,,,,2024-11-04T00:00:00
4394,Karen,Hernandez,karen.hernandez4394@metasync.com,MetaSync,Product-Led,SQL,78,,,,2021-10-15T00:00:00
4395,Linda,Smith,linda.smith4395@metasync.com,MetaSync,Outbound - SDR,Nurture,47,,,,2023-01-22T00:00:00
4396,Christopher,Davis,christopher.davis4396@futureforge.com,FutureForge,Paid Search,MQL,96,,,,2020-12-15T00:00:00
4397,Mary,Gonzalez,mary.gonzalez4397@techflowinc.com,TechFlow Inc,Event,New,41,,,,2024-02-06T00:00:00
4398,Lisa,Wilson,lisa.wilson4398@primepathdigital.com,PrimePath Digital,Inbound - Content,Working,70,,,,2022-03-19T00:00:00
4399,Mary,Wilson,mary.wilson4399@primepathdigital.com,PrimePath Digital,Inbound - Content,Working,25,,,,2022-04-12T00:00:00
4400,Lisa,Williams,lisa.williams4400@innovateco.com,InnovateCo,Product-Led,New,29,,,,2022-07-27T00:00:00
4401,Barbara,Martinez,barbara.martinez4401@vertexai.com,VertexAI,Product-Led,Working,14,,,,2020-04-29T00:00:00
4402,Jennifer,Brown,jennifer.brown4402@nexgensolutions.com,NexGen Solutions,,Disqualified,15,,,,2022-08-17T00:00:00
4403,Elizabeth,Anderson,elizabeth.anderson4403@truenorthdata.com,TrueNorth Data,Outbound - Cold,Nurture,47,,,,2023-05-29T00:00:00
4404,Barbara,Jones,barbara.jones4404@innovateco.com,InnovateCo,Partner Referral,SQL,74,,,,2020-07-21T00:00:00
4405,Mary,Lee,mary.lee4405@futureforge.com,FutureForge,Inbound - Web,Working,62,,,,2022-12-13T00:00:00
4406,John,Rodriguez,john.rodriguez4406@insightplatforms.com,Insight Platforms,Event,SQL,50,,,,2023-12-07T00:00:00
4407,Mary,Lee,mary.lee4407@insightplatforms.com,Insight Platforms,Inbound - Web,Nurture,34,,,,2022-03-22T00:00:00
4408,Jennifer,Thompson,jennifer.thompson4408@insightplatforms.com,Insight Platforms,Product-Led,Converted,55,3423,918,2024-03-03,2024-03-01T00:00:00
4409,Christopher,Wilson,christopher.wilson4409@nexgensolutions.com,NexGen Solutions,Outbound - SDR,MQL,65,,,,2022-10-10T00:00:00
4410,Christopher,Thompson,christopher.thompson4410@scaleupsystems.com,ScaleUp Systems,Event,Disqualified,-12,,,,2023-10-13T00:00:00
4411,Michael,Thomas,,CyberVault,Inbound - Web,Nurture,40,,,,2023-12-25T00:00:00
4412,Michael,Thompson,michael.thompson4412@metasync.com,MetaSync,Inbound - Web,SQL,72,,,,2020-07-23T00:00:00
4413,Charles,Miller,charles.miller4413@databridgecorp.com,DataBridge Corp,Outbound - SDR,Disqualified,23,,,,2020-07-03T00:00:00
4414,Jessica,Davis,jessica.davis4414@rapidcloud.com,RapidCloud,Paid Search,SQL,75,,,,2022-11-03T00:00:00
4415,Charles,Hernandez,charles.hernandez4415@agiledynamics.com,Agile Dynamics,Inbound - Web,Nurture,39,,,,2023-02-13T00:00:00
4416,Barbara,Davis,barbara.davis4416@techflowinc.com,TechFlow Inc,Paid Search,Converted,67,2204,924,2024-08-17,2024-06-16T00:00:00
4417,Nancy,Jackson,nancy.jackson4417@brightwavetech.com,BrightWave Tech,Inbound - Content,Disqualified,22,,,,2024-10-19T00:00:00
4418,Charles,Davis,charles.davis4418@insightplatforms.com,Insight Platforms,Inbound - Content,Working,58,,,,2021-07-20T00:00:00
4419,Thomas,Garcia,thomas.garcia4419@cybervault.com,CyberVault,Event,Working,52,,,,2022-05-05T00:00:00
4420,Michael,Hernandez,michael.hernandez4420@metasync.com,MetaSync,,New,41,,,,2024-04-09T00:00:00
4421,Jennifer,Smith,jennifer.smith4421@insightplatforms.com,Insight Platforms,Inbound - Content,Converted,51,3375,95,2024-07-21,2024-05-14T00:00:00
4422,William,Johnson,william.johnson4422@pulsepointdigital.com,PulsePoint Digital,Event,Working,44,,,,2023-09-15T00:00:00
4423,Thomas,Anderson,thomas.anderson4423@brightwavetech.com,BrightWave Tech,Inbound - Webinar,SQL,88,,,,2024-03-20T00:00:00
4424,Richard,Taylor,richard.taylor4424@metasync.com,MetaSync,Inbound - Content,Converted,50,3107,199,2022-08-26,2022-07-08T00:00:00
4425,Robert,Hernandez,robert.hernandez4425@vertexai.com,VertexAI,Partner Referral,SQL,62,,,,2024-09-17T00:00:00
4426,Michael,Martinez,michael.martinez4426@scaleupsystems.com,ScaleUp Systems,Paid Search,Disqualified,18,,,,2021-06-20T00:00:00
4427,John,Davis,john.davis4427@vertexai.com,VertexAI,Event,MQL,52,,,,2021-12-10T00:00:00
4428,Jessica,Hernandez,jessica.hernandez4428@insightplatforms.com,Insight Platforms,Product-Led,New,12,,,,2020-11-24T00:00:00
4429,Charles,Martin,charles.martin4429@truenorthdata.com,TrueNorth Data,Outbound - Cold,Disqualified,24,,,,2021-01-11T00:00:00
4430,Joseph,Lopez,joseph.lopez4430@corestack.com,CoreStack,Outbound - Cold,Working,58,,,,2020-01-22T00:00:00
4431,Richard,Moore,richard.moore4431@quantumlogiclabs.com,QuantumLogic Labs,Outbound - SDR,MQL,91,,,,2022-03-24T00:00:00
4432,Michael,Thomas,michael.thomas4432@techflowinc.com,TechFlow Inc,Inbound - Web,Working,69,,,,2024-10-01T00:00:00
4433,Michael,Jackson,michael.jackson4433@rapidcloud.com,RapidCloud,Inbound - Content,New,40,,,,2021-06-12T00:00:00
4434,Daniel,Hernandez,daniel.hernandez4434@cloudscalesystems.com,CloudScale Systems,Inbound - Content,Converted,75,3245,418,2020-05-23,2020-03-23T00:00:00
4435,Thomas,Thomas,thomas.thomas4435@metasync.com,MetaSync,Event,MQL,59,,,,2021-02-26T00:00:00
4436,Charles,Davis,charles.davis4436@brightwavetech.com,BrightWave Tech,Social Media,MQL,81,,,,2022-05-16T00:00:00
4437,Linda,Anderson,linda.anderson4437@innovateco.com,InnovateCo,Inbound - Webinar,Converted,95,2691,331,2021-06-28,2021-05-18T00:00:00
4438,John,Anderson,john.anderson4438@vertexai.com,VertexAI,Product-Led,Disqualified,15,,,,2023-05-09T00:00:00
4439,Thomas,Thomas,thomas.thomas4439@cloudscalesystems.com,CloudScale Systems,Event,MQL,98,,,,2021-12-07T00:00:00
4440,Daniel,Thomas,daniel.thomas4440@rapidcloud.com,RapidCloud,Event,MQL,83,,,,2020-03-24T00:00:00
4441,Jessica,Hernandez,jessica.hernandez4441@cybervault.com,CyberVault,Inbound - Webinar,SQL,74,,,,2020-01-11T00:00:00
4442,Mary,Miller,mary.miller4442@scaleupsystems.com,ScaleUp Systems,Event,Converted,85,2005,700,2024-09-10,2024-09-02T00:00:00
4443,Robert,Thomas,robert.thomas4443@primepathdigital.com,PrimePath Digital,,Converted,92,1587,253,2024-03-26,2024-01-01T00:00:00
4444,John,Jones,john.jones4444@quantumlogiclabs.com,QuantumLogic Labs,Paid Search,MQL,74,,,,2021-05-27T00:00:00
4445,John,Martinez,john.martinez4445@databridgecorp.com,DataBridge Corp,Outbound - SDR,Working,50,,,,2021-04-23T00:00:00
4446,Susan,Wilson,susan.wilson4446@agiledynamics.com,Agile Dynamics,Outbound - SDR,Disqualified,25,,,,2020-02-04T00:00:00
4447,Joseph,Smith,joseph.smith4447@futureforge.com,FutureForge,Partner Referral,Converted,60,2350,696,2024-10-27,2024-09-30T00:00:00
4448,Jennifer,Hernandez,jennifer.hernandez4448@techflowinc.com,TechFlow Inc,Inbound - Content,Nurture,12,,,,2021-01-02T00:00:00
4449,Robert,Johnson,robert.johnson4449@scaleupsystems.com,ScaleUp Systems,,Disqualified,17,,,,2020-05-18T00:00:00
4450,Michael,Thompson,michael.thompson4450@nexgensolutions.com,NexGen Solutions,Event,Disqualified,10,,,,2023-11-25T00:00:00
4451,Sarah,Gonzalez,sarah.gonzalez4451@agiledynamics.com,Agile Dynamics,Product-Led,Converted,57,2265,470,2023-12-24,2023-12-02T00:00:00
4452,Sarah,Martinez,sarah.martinez4452@futureforge.com,FutureForge,Social Media,New,25,,,,2024-02-25T00:00:00
4453,Sarah,Thompson,sarah.thompson,FutureForge,Inbound - Content,Nurture,34,,,,2020-08-20T00:00:00
4454,Thomas,Smith,thomas.smith4454@corestack.com,CoreStack,Paid Search,Converted,62,485,457,2024-11-22,2024-10-02T00:00:00
4455,Jennifer,Wilson,jennifer.wilson4455@innovateco.com,InnovateCo,Product-Led,Converted,58,1576,927,2023-09-28,2023-08-31T00:00:00
4456,Mary,Martin,mary.martin4456@brightwavetech.com,BrightWave Tech,Outbound - Cold,Working,67,,,,2024-01-26T00:00:00
4457,Elizabeth,Hernandez,elizabeth.hernandez4457@cloudscalesystems.com,CloudScale Systems,Outbound - Cold,Nurture,29,,,,2021-11-12T00:00:00
4458,Michael,Williams,michael.williams4458@databridgecorp.com,DataBridge Corp,Product-Led,Disqualified,23,,,,2020-06-15T00:00:00
4459,Charles,Thomas,charles.thomas4459@quantumlogiclabs.com,QuantumLogic Labs,Paid Search,New,15,,,,2022-07-21T00:00:00
4460,Charles,Martinez,charles.martinez4460@insightplatforms.com,Insight Platforms,Partner Referral,Converted,52,1055,222,2023-02-15,2022-12-17T00:00:00
4461,Sarah,Thomas,sarah.thomas4461@futureforge.com,FutureForge,Paid Search,MQL,63,,,,2022-02-05T00:00:00
4462,William,Taylor,william.taylor4462@metasync.com,MetaSync,Social Media,SQL,51,,,,2020-04-08T00:00:00
4463,Susan,Jackson,susan.jackson4463@pulsepointdigital.com,PulsePoint Digital,Outbound - Cold,Nurture,20,,,,2022-07-24T00:00:00
4464,Charles,Williams,charles.williams4464@primepathdigital.com,PrimePath Digital,Product-Led,Nurture,36,,,,2022-09-17T00:00:00
4465,Elizabeth,Thomas,elizabeth.thomas4465@futureforge.com,FutureForge,Partner Referral,SQL,83,,,,2023-01-11T00:00:00
4466,Sarah,Smith,sarah.smith4466@corestack.com,CoreStack,Outbound - Cold,MQL,51,,,,2024-06-15T00:00:00
4467,Patricia,Martin,patricia.martin4467@rapidcloud.com,RapidCloud,Partner Referral,Disqualified,10,,,,2021-11-11T00:00:00
4468,Thomas,Thompson,thomas.thompson4468@innovateco.com,InnovateCo,Inbound - Content,New,52,,,,2024-02-17T00:00:00
4469,Joseph,Taylor,joseph.taylor4469@vertexai.com,VertexAI,Inbound - Webinar,Converted,55,2299,959,2024-12-03,2024-12-01T00:00:00
4470,Michael,Davis,michael.davis4470@cybervault.com,CyberVault,Partner Referral,Nurture,59,,,,2022-03-19T00:00:00
4471,Nancy,Williams,,PulsePoint Digital,Inbound - Content,Converted,72,1067,613,2024-08-03,2024-06-01T00:00:00
4472,Patricia,Martinez,patricia.martinez4472@quantumlogiclabs.com,QuantumLogic Labs,Paid Search,MQL,77,,,,2023-05-21T00:00:00
4473,David,Lee,david.lee4473@nexgensolutions.com,NexGen Solutions,Outbound - Cold,SQL,56,,,,2022-02-01T00:00:00
4474,Jessica,Thomas,jessica.thomas4474@cybervault.com,CyberVault,Inbound - Web,MQL,100,,,,2022-10-19T00:00:00
4475,Charles,Martin,charles.martin4475@cloudscalesystems.com,CloudScale Systems,Outbound - Cold,New,31,,,,2023-03-10T00:00:00
4476,Susan,Thompson,susan.thompson4476@truenorthdata.com,TrueNorth Data,Inbound - Content,Converted,70,1610,160,2023-03-19,2023-02-22T00:00:00
4477,James,Smith,james.smith4477@pulsepointdigital.com,PulsePoint Digital,Social Media,Nurture,17,,,,2020-08-23T00:00:00
4478,Michael,Williams,michael.williams4478@streamlineanalytics.com,StreamLine Analytics,Inbound - Content,Working,21,,,,2022-02-25T00:00:00
4479,Michael,Jones,michael.jones4479@cloudscalesystems.com,CloudScale Systems,Social Media,SQL,93,,,,2022-02-26T00:00:00
4480,Charles,Anderson,charles.anderson4480@techflowinc.com,TechFlow Inc,Partner Referral,Disqualified,16,,,,2021-02-28T00:00:00
4481,James,Davis,james.davis4481@nexgensolutions.com,NexGen Solutions,Outbound - Cold,Working,66,,,,2020-07-07T00:00:00
4482,Nancy,Smith,nancy.smith4482@primepathdigital.com,PrimePath Digital,Partner Referral,Converted,81,194,469,2024-10-27,2024-09-29T00:00:00
4483,William,Anderson,william.anderson4483@metasync.com,MetaSync,Paid Search,SQL,67,,,,2021-10-29T00:00:00
4484,Thomas,Williams,thomas.williams4484@quantumlogiclabs.com,QuantumLogic Labs,Product-Led,Nurture,30,,,,2022-07-06T00:00:00
4485,Linda,Miller,linda.miller4485@techflowinc.com,TechFlow Inc,Partner Referral,SQL,57,,,,2022-07-30T00:00:00
4486,Nancy,Lee,nancy.lee,TechFlow Inc,Event,Working,53,,,,2021-10-27T00:00:00
4487,Daniel,Martin,daniel.martin4487@corestack.com,CoreStack,Partner Referral,Disqualified,4,,,,2021-11-11T00:00:00
4488,Daniel,Jackson,daniel.jackson4488@primepathdigital.com,PrimePath Digital,Inbound - Content,MQL,84,,,,2023-03-28T00:00:00
4489,Lisa,Rodriguez,lisa.rodriguez4489@primepathdigital.com,PrimePath Digital,Inbound - Web,Working,30,,,,2021-06-24T00:00:00
4490,Charles,Martinez,charles.martinez4490@cybervault.com,CyberVault,Product-Led,SQL,70,,,,2020-09-27T00:00:00
4491,Lisa,Martin,lisa.martin4491@quantumlogiclabs.com,QuantumLogic Labs,Partner Referral,Working,59,,,,2022-12-10T00:00:00
4492,Jennifer,Gonzalez,jennifer.gonzalez4492@brightwavetech.com,BrightWave Tech,Partner Referral,SQL,50,,,,2024-03-11T00:00:00
4493,David,Thompson,david.thompson4493@databridgecorp.com,DataBridge Corp,Product-Led,Converted,-100,1556,325,2023-11-03,2023-09-24T00:00:00
4494,Karen,Miller,karen.miller4494@cloudscalesystems.com,CloudScale Systems,Inbound - Web,Working,30,,,,2022-12-27T00:00:00
4495,Thomas,Garcia,thomas.garcia4495@vertexai.com,VertexAI,Social Media,MQL,96,,,,2020-04-21T00:00:00
4496,Robert,Thomas,robert.thomas4496@cloudscalesystems.com,CloudScale Systems,Event,Nurture,39,,,,2024-11-25T00:00:00
4497,William,Moore,william.moore4497@corestack.com,CoreStack,Social Media,Working,39,,,,2021-04-19T00:00:00
4498,Barbara,Brown,barbara.brown4498@databridgecorp.com,DataBridge Corp,Inbound - Web,New,48,,,,2022-09-08T00:00:00
4499,William,Jackson,william.jackson4499@innovateco.com,InnovateCo,Partner Referral,Converted,85,4110,527,2022-12-20,2022-12-02T00:00:00
4500,David,Smith,david.smith4500@cloudscalesystems.com,CloudScale Systems,Inbound - Content,Disqualified,4,,,,2024-02-28T00:00:00
4501,Lisa,Thompson,lisa.thompson4501@corestack.com,CoreStack,Social Media,Converted,64,1739,407,2024-12-03,2024-10-01T00:00:00
4502,Susan,Garcia,,CyberVault,Inbound - Web,Converted,54,4671,855,2024-07-05,2024-06-02T00:00:00
4503,John,Davis,john.davis4503@futureforge.com,FutureForge,Paid Search,Nurture,-29,,,,2022-04-20T00:00:00
4504,Sarah,Brown,sarah.brown4504@futureforge.com,FutureForge,Product-Led,Converted,50,4565,377,2023-09-03,2023-08-05T00:00:00
4505,Karen,Taylor,karen.taylor4505@futureforge.com,FutureForge,Inbound - Content,SQL,63,,,,2024-07-26T00:00:00
4506,Robert,Martinez,,MetaSync,Outbound - Cold,New,60,,,,2020-10-12T00:00:00
4507,Thomas,Miller,thomas.miller4507@truenorthdata.com,TrueNorth Data,Inbound - Web,Disqualified,10,,,,2021-03-18T00:00:00
4508,Richard,Garcia,richard.garcia,StreamLine Analytics,Outbound - SDR,Converted,70,3045,92,2023-09-07,2023-08-31T00:00:00
4509,Elizabeth,Moore,elizabeth.moore4509@streamlineanalytics.com,StreamLine Analytics,Product-Led,Nurture,34,,,,2023-12-20T00:00:00
4510,David,Gonzalez,david.gonzalez4510@cloudscalesystems.com,CloudScale Systems,Partner Referral,Converted,55,4274,162,2024-07-30,2024-07-27T00:00:00
4511,John,Gonzalez,john.gonzalez4511@pulsepointdigital.com,PulsePoint Digital,Event,Converted,72,2604,871,2024-01-31,2024-01-06T00:00:00
4512,Lisa,Lopez,lisa.lopez4512@primepathdigital.com,PrimePath Digital,Partner Referral,Converted,80,1716,223,2024-08-30,2024-07-26T00:00:00
4513,Susan,Garcia,susan.garcia4513@brightwavetech.com,BrightWave Tech,Partner Referral,Disqualified,15,,,,2022-09-16T00:00:00
4514,Christopher,Gonzalez,christopher.gonzalez4514@cloudscalesystems.com,CloudScale Systems,Inbound - Web,Working,61,,,,2022-01-11T00:00:00
4515,Daniel,Martin,daniel.martin4515@metasync.com,MetaSync,Partner Referral,Working,23,,,,2023-03-18T00:00:00
4516,Sarah,Lopez,sarah.lopez4516@primepathdigital.com,PrimePath Digital,Paid Search,MQL,87,,,,2023-07-16T00:00:00
4517,Thomas,Jones,thomas.jones4517@cloudscalesystems.com,CloudScale Systems,Outbound - SDR,MQL,55,,,,2022-07-29T00:00:00
4518,Joseph,Thomas,joseph.thomas4518@agiledynamics.com,Agile Dynamics,Partner Referral,Converted,50,4801,695,2024-08-27,2024-07-27T00:00:00
4519,Jennifer,Jones,jennifer.jones4519@vertexai.com,VertexAI,Partner Referral,MQL,76,,,,2021-01-16T00:00:00
4520,Jessica,Hernandez,jessica.hernandez4520@primepathdigital.com,PrimePath Digital,Paid Search,SQL,54,,,,2022-06-24T00:00:00
4521,Robert,Gonzalez,robert.gonzalez4521@insightplatforms.com,Insight Platforms,Inbound - Content,New,50,,,,2023-10-26T00:00:00
4522,Elizabeth,Thompson,elizabeth.thompson4522@scaleupsystems.com,ScaleUp Systems,Outbound - SDR,Working,31,,,,2020-12-04T00:00:00
4523,Lisa,Williams,lisa.williams4523@databridgecorp.com,DataBridge Corp,Paid Search,Disqualified,28,,,,2021-03-27T00:00:00
4524,Mary,Thompson,mary.thompson4524@metasync.com,MetaSync,Outbound - Cold,Disqualified,0,,,,2022-10-12T00:00:00
4525,Patricia,Lee,patricia.lee,TrueNorth Data,Outbound - SDR,Nurture,24,,,,2021-04-19T00:00:00
4526,Barbara,Gonzalez,barbara.gonzalez4526@cybervault.com,CyberVault,Product-Led,Converted,77,4494,629,2023-10-09,2023-08-18T00:00:00
4527,Sarah,Garcia,sarah.garcia4527@truenorthdata.com,TrueNorth Data,Inbound - Content,SQL,87,,,,2024-09-26T00:00:00
4528,James,Taylor,james.taylor4528@streamlineanalytics.com,StreamLine Analytics,Inbound - Web,New,60,,,,2024-02-22T00:00:00
4529,Christopher,Lee,christopher.lee4529@rapidcloud.com,RapidCloud,Partner Referral,Disqualified,18,,,,2022-05-23T00:00:00
4530,Susan,Wilson,susan.wilson4530@primepathdigital.com,PrimePath Digital,Social Media,SQL,70,,,,2021-06-15T00:00:00
4531,Nancy,Hernandez,nancy.hernandez4531@streamlineanalytics.com,StreamLine Analytics,Inbound - Content,New,13,,,,2023-11-23T00:00:00
4532,Linda,Davis,,BrightWave Tech,Outbound - Cold,Working,39,,,,2022-03-23T00:00:00
4533,Jennifer,Miller,jennifer.miller4533@cloudscalesystems.com,CloudScale Systems,Inbound - Content,Working,28,,,,2021-01-10T00:00:00
4534,Michael,Lopez,michael.lopez4534@agiledynamics.com,Agile Dynamics,Paid Search,Converted,76,2834,146,2024-09-29,2024-07-31T00:00:00
4535,Michael,Johnson,michael.johnson4535@insightplatforms.com,Insight Platforms,Partner Referral,New,18,,,,2022-07-18T00:00:00
4536,Thomas,Williams,thomas.williams4536@agiledynamics.com,Agile Dynamics,Partner Referral,Disqualified,23,,,,2020-11-28T00:00:00
4537,John,Williams,john.williams4537@futureforge.com,FutureForge,Inbound - Web,Working,17,,,,2024-11-17T00:00:00
4538,Charles,Wilson,charles.wilson4538@brightwavetech.com,BrightWave Tech,Outbound - SDR,Disqualified,15,,,,2022-08-12T00:00:00
4539,Richard,Martin,,CoreStack,Event,New,38,,,,2022-07-25T00:00:00
4540,Christopher,Thompson,christopher.thompson4540@vertexai.com,VertexAI,Inbound - Webinar,Disqualified,13,,,,2023-02-25T00:00:00
4541,Lisa,Martinez,,Agile Dynamics,Inbound - Web,Converted,85,1221,677,2023-10-29,2023-09-27T00:00:00
4542,Daniel,Lopez,daniel.lopez4542@insightplatforms.com,Insight Platforms,Paid Search,New,55,,,,2024-02-29T00:00:00
4543,Jennifer,Davis,jennifer.davis4543@insightplatforms.com,Insight Platforms,Inbound - Content,MQL,86,,,,2023-08-18T00:00:00
4544,David,Hernandez,david.hernandez4544@futureforge.com,FutureForge,Inbound - Content,MQL,88,,,,2024-03-22T00:00:00
4545,Robert,Taylor,robert.taylor4545@scaleupsystems.com,ScaleUp Systems,Product-Led,New,57,,,,2023-05-04T00:00:00
4546,Joseph,Jones,joseph.jones4546@scaleupsystems.com,ScaleUp Systems,Outbound - Cold,New,42,,,,2021-10-13T00:00:00
4547,Nancy,Brown,nancy.brown4547@brightwavetech.com,BrightWave Tech,Product-Led,New,27,,,,2024-02-10T00:00:00
4548,David,Anderson,david.anderson4548@scaleupsystems.com,ScaleUp Systems,Inbound - Web,Disqualified,14,,,,2023-11-20T00:00:00
4549,John,Lopez,john.lopez4549@streamlineanalytics.com,StreamLine Analytics,Partner Referral,Converted,90,1198,28,2020-02-22,2020-02-23T00:00:00
4550,John,Thomas,john.thomas4550@cloudscalesystems.com,CloudScale Systems,Inbound - Content,New,-48,,,,2021-03-28T00:00:00
4551,Michael,Brown,michael.brown4551@cloudscalesystems.com,CloudScale Systems,Inbound - Webinar,Disqualified,30,,,,2023-02-21T00:00:00
4552,David,Jones,david.jones4552@streamlineanalytics.com,StreamLine Analytics,Partner Referral,SQL,77,,,,2021-05-14T00:00:00
4553,Sarah,Wilson,,MetaSync,Outbound - Cold,MQL,96,,,,2023-09-16T00:00:00
4554,Daniel,Martinez,daniel.martinez4554@vertexai.com,VertexAI,Outbound - SDR,SQL,53,,,,2024-08-13T00:00:00
4555,Elizabeth,Wilson,,CyberVault,Partner Referral,Converted,96,4587,856,2023-02-26,2023-01-13T00:00:00
4556,Susan,Wilson,susan.wilson4556@corestack.com,CoreStack,Inbound - Content,Converted,78,4025,348,2024-11-22,2024-09-12T00:00:00
4557,Susan,Miller,susan.miller4557@pulsepointdigital.com,PulsePoint Digital,Outbound - SDR,New,13,,,,2021-12-29T00:00:00
4558,Thomas,Lopez,thomas.lopez4558@insightplatforms.com,Insight Platforms,Inbound - Webinar,MQL,100,,,,2022-05-28T00:00:00
4559,Sarah,Moore,sarah.moore4559@databridgecorp.com,DataBridge Corp,Outbound - SDR,Converted,82,2903,579,2024-08-10,2024-07-15T00:00:00
4560,Jennifer,Anderson,jennifer.anderson4560@cybervault.com,CyberVault,Inbound - Web,Working,36,,,,2022-10-02T00:00:00
4561,William,Smith,william.smith4561@metasync.com,MetaSync,Event,MQL,90,,,,2023-10-08T00:00:00
4562,Charles,Thomas,charles.thomas4562@pulsepointdigital.com,PulsePoint Digital,Inbound - Content,Disqualified,9,,,,2022-07-07T00:00:00
4563,John,Anderson,john.anderson4563@vertexai.com,VertexAI,Inbound - Webinar,Converted,72,4380,913,2024-11-24,2024-09-05T00:00:00
4564,Richard,Miller,richard.miller4564@rapidcloud.com,RapidCloud,Inbound - Webinar,New,48,,,,2024-10-10T00:00:00
4565,James,Hernandez,james.hernandez4565@agiledynamics.com,Agile Dynamics,Partner Referral,New,66,,,,2024-05-23T00:00:00
4566,Elizabeth,Smith,elizabeth.smith4566@truenorthdata.com,TrueNorth Data,Product-Led,Converted,98,98,326,2021-05-15,2021-05-11T00:00:00
4567,Richard,Smith,richard.smith4567@databridgecorp.com,DataBridge Corp,Inbound - Webinar,SQL,88,,,,2020-06-05T00:00:00
4568,Joseph,Wilson,joseph.wilson4568@metasync.com,MetaSync,Inbound - Web,SQL,80,,,,2020-11-21T00:00:00
4569,John,Davis,john.davis4569@innovateco.com,InnovateCo,Outbound - Cold,SQL,80,,,,2022-09-04T00:00:00
4570,Richard,Miller,richard.miller4570@insightplatforms.com,Insight Platforms,Inbound - Webinar,MQL,93,,,,2021-04-06T00:00:00
4571,Susan,Lopez,susan.lopez4571@scaleupsystems.com,ScaleUp Systems,Inbound - Webinar,Converted,98,2899,925,2024-02-26,2024-02-23T00:00:00
4572,Sarah,Hernandez,sarah.hernandez4572@rapidcloud.com,RapidCloud,Partner Referral,Disqualified,0,,,,2020-11-08T00:00:00
4573,Nancy,Davis,nancy.davis4573@cloudscalesystems.com,CloudScale Systems,Product-Led,Converted,-80,1029,806,2023-04-08,2023-03-16T00:00:00
4574,Sarah,Lee,sarah.lee4574@cybervault.com,CyberVault,Inbound - Web,Nurture,63,,,,2020-08-14T00:00:00
4575,Sarah,Lopez,sarah.lopez4575@brightwavetech.com,BrightWave Tech,Social Media,Nurture,15,,,,2022-02-03T00:00:00
4576,Michael,Martinez,,NexGen Solutions,Social Media,Disqualified,29,,,,2023-01-06T00:00:00
4577,David,Lee,david.lee4577@innovateco.com,InnovateCo,Social Media,New,48,,,,2021-06-25T00:00:00
4578,Linda,Moore,linda.moore4578@brightwavetech.com,BrightWave Tech,Paid Search,New,12,,,,2023-08-03T00:00:00
4579,Sarah,Taylor,sarah.taylor4579@cloudscalesystems.com,CloudScale Systems,Inbound - Webinar,Working,68,,,,2022-06-18T00:00:00
4580,Linda,Wilson,linda.wilson4580@corestack.com,CoreStack,Product-Led,Converted,76,1466,947,2024-09-19,2024-08-21T00:00:00
4581,Robert,Moore,robert.moore4581@futureforge.com,FutureForge,Outbound - Cold,Working,28,,,,2023-11-01T00:00:00
4582,Nancy,Davis,nancy.davis4582@pulsepointdigital.com,PulsePoint Digital,Inbound - Webinar,Disqualified,23,,,,2024-09-18T00:00:00
4583,William,Brown,william.brown4583@cloudscalesystems.com,CloudScale Systems,,New,10,,,,2024-09-13T00:00:00
4584,Richard,Thompson,richard.thompson4584@corestack.com,CoreStack,Inbound - Web,SQL,81,,,,2021-06-01T00:00:00
4585,Christopher,Davis,christopher.davis4585@databridgecorp.com,DataBridge Corp,Product-Led,Disqualified,15,,,,2023-08-08T00:00:00
4586,Mary,Miller,,RapidCloud,Event,MQL,70,,,,2021-06-15T00:00:00
4587,Karen,Jones,karen.jones4587@scaleupsystems.com,ScaleUp Systems,Social Media,New,43,,,,2023-05-12T00:00:00
4588,John,Martinez,john.martinez4588@streamlineanalytics.com,StreamLine Analytics,Outbound - Cold,Disqualified,3,,,,2020-09-20T00:00:00
4589,Patricia,Wilson,patricia.wilson4589@innovateco.com,InnovateCo,Outbound - Cold,Disqualified,13,,,,2021-03-20T00:00:00
4590,Jessica,Jones,,CoreStack,Outbound - SDR,Working,24,,,,2021-10-21T00:00:00
4591,Sarah,Lopez,sarah.lopez4591@cybervault.com,CyberVault,Partner Referral,MQL,63,,,,2023-02-01T00:00:00
4592,William,Martin,william.martin4592@corestack.com,CoreStack,Inbound - Web,New,15,,,,2023-06-21T00:00:00
4593,Barbara,Hernandez,barbara.hernandez4593@agiledynamics.com,Agile Dynamics,Social Media,Disqualified,19,,,,2024-10-25T00:00:00
4594,Jennifer,Wilson,jennifer.wilson4594@databridgecorp.com,DataBridge Corp,Partner Referral,SQL,55,,,,2024-07-06T00:00:00
4595,Nancy,Moore,nancy.moore4595@metasync.com,MetaSync,Partner Referral,Converted,100,215,465,2024-12-03,2024-10-25T00:00:00
4596,John,Lee,john.lee4596@nexgensolutions.com,NexGen Solutions,Product-Led,Working,27,,,,2021-02-02T00:00:00
4597,David,Brown,david.brown,CyberVault,Partner Referral,Converted,54,1072,813,2023-05-04,2023-03-23T00:00:00
4598,Karen,Jackson,karen.jackson4598@innovateco.com,InnovateCo,Outbound - Cold,SQL,81,,,,2022-07-24T00:00:00
4599,Thomas,Martin,thomas.martin4599@cloudscalesystems.com,CloudScale Systems,Outbound - Cold,SQL,89,,,,2024-08-28T00:00:00
4600,Susan,Hernandez,susan.hernandez4600@techflowinc.com,TechFlow Inc,Product-Led,Converted,68,2980,219,2023-06-04,2023-04-08T00:00:00
4601,Nancy,Smith,nancy.smith4601@scaleupsystems.com,ScaleUp Systems,Inbound - Web,Working,14,,,,2020-01-15T00:00:00
4602,Karen,Thompson,karen.thompson4602@futureforge.com,FutureForge,Inbound - Web,Working,33,,,,2023-02-18T00:00:00
4603,Jennifer,Miller,jennifer.miller4603@scaleupsystems.com,ScaleUp Systems,Partner Referral,New,64,,,,2024-08-19T00:00:00
4604,Robert,Miller,robert.miller4604@vertexai.com,VertexAI,Outbound - SDR,SQL,52,,,,2024-11-08T00:00:00
4605,Robert,Taylor,robert.taylor4605@techflowinc.com,TechFlow Inc,Outbound - Cold,MQL,83,,,,2020-05-13T00:00:00
4606,Daniel,Johnson,daniel.johnson4606@cybervault.com,CyberVault,,Nurture,55,,,,2024-07-15T00:00:00
4607,Richard,Hernandez,richard.hernandez4607@futureforge.com,FutureForge,Event,New,48,,,,2021-03-01T00:00:00
4608,Barbara,Martin,barbara.martin4608@cybervault.com,CyberVault,Event,Disqualified,0,,,,2023-01-24T00:00:00
4609,William,Miller,william.miller4609@truenorthdata.com,TrueNorth Data,Paid Search,Working,49,,,,2023-12-23T00:00:00
4610,Michael,Thomas,michael.thomas4610@databridgecorp.com,DataBridge Corp,Paid Search,New,60,,,,2023-08-24T00:00:00
4611,Mary,Anderson,mary.anderson4611@corestack.com,CoreStack,,New,41,,,,2024-03-24T00:00:00
4612,Nancy,Hernandez,nancy.hernandez4612@metasync.com,MetaSync,Inbound - Web,Working,64,,,,2024-11-23T00:00:00
4613,Lisa,Martinez,lisa.martinez4613@cloudscalesystems.com,CloudScale Systems,Outbound - SDR,MQL,66,,,,2020-05-05T00:00:00
4614,Barbara,Thompson,barbara.thompson4614@futureforge.com,FutureForge,Paid Search,Disqualified,12,,,,2023-07-23T00:00:00
4615,Patricia,Hernandez,patricia.hernandez4615@quantumlogiclabs.com,QuantumLogic Labs,Social Media,Working,10,,,,2021-01-25T00:00:00
4616,Mary,Garcia,mary.garcia4616@futureforge.com,FutureForge,Inbound - Content,New,25,,,,2023-02-17T00:00:00
4617,Barbara,Hernandez,barbara.hernandez4617@nexgensolutions.com,NexGen Solutions,Outbound - SDR,Working,70,,,,2020-02-29T00:00:00
4618,Christopher,Miller,christopher.miller4618@primepathdigital.com,PrimePath Digital,Social Media,Disqualified,29,,,,2021-07-08T00:00:00
4619,Karen,Thompson,karen.thompson4619@primepathdigital.com,PrimePath Digital,Product-Led,Nurture,12,,,,2024-04-08T00:00:00
4620,Jessica,Taylor,jessica.taylor4620@techflowinc.com,TechFlow Inc,Paid Search,Working,54,,,,2020-02-07T00:00:00
4621,Daniel,Garcia,daniel.garcia4621@truenorthdata.com,TrueNorth Data,Event,Working,58,,,,2022-02-04T00:00:00
4622,Jennifer,Thompson,jennifer.thompson4622@brightwavetech.com,BrightWave Tech,Product-Led,MQL,97,,,,2024-11-28T00:00:00
4623,John,Wilson,john.wilson4623@databridgecorp.com,DataBridge Corp,Paid Search,Disqualified,30,,,,2021-01-01T00:00:00
4624,Linda,Taylor,linda.taylor4624@agiledynamics.com,Agile Dynamics,Partner Referral,MQL,96,,,,2020-03-20T00:00:00
4625,Robert,Wilson,robert.wilson4625@cybervault.com,CyberVault,Outbound - Cold,New,24,,,,2022-06-04T00:00:00
4626,Mary,Thompson,mary.thompson4626@rapidcloud.com,RapidCloud,Inbound - Content,New,14,,,,2022-07-23T00:00:00
4627,Christopher,Martin,christopher.martin4627@agiledynamics.com,Agile Dynamics,Inbound - Webinar,Working,44,,,,2020-11-01T00:00:00
4628,Susan,Martin,susan.martin4628@scaleupsystems.com,ScaleUp Systems,Event,Disqualified,14,,,,2020-09-18T00:00:00
4629,Nancy,Miller,nancy.miller4629@innovateco.com,InnovateCo,Inbound - Web,Nurture,-55,,,,2024-10-10T00:00:00
4630,Daniel,Thomas,daniel.thomas4630@truenorthdata.com,TrueNorth Data,Outbound - Cold,New,19,,,,2021-01-06T00:00:00
4631,James,Johnson,james.johnson4631@techflowinc.com,TechFlow Inc,Product-Led,Converted,88,1566,912,2024-06-29,2024-05-28T00:00:00
4632,Christopher,Jackson,christopher.jackson,QuantumLogic Labs,Inbound - Webinar,MQL,83,,,,2023-03-09T00:00:00
4633,Christopher,Brown,christopher.brown4633@vertexai.com,VertexAI,Outbound - Cold,Converted,96,1637,666,2021-11-14,2021-09-08T00:00:00
4634,Jessica,Jackson,jessica.jackson4634@truenorthdata.com,TrueNorth Data,Outbound - SDR,MQL,61,,,,2020-09-01T00:00:00
4635,Mary,Gonzalez,mary.gonzalez4635@databridgecorp.com,DataBridge Corp,Outbound - SDR,New,16,,,,2021-12-01T00:00:00
4636,Michael,Brown,michael.brown4636@vertexai.com,VertexAI,Inbound - Web,Working,57,,,,2020-09-04T00:00:00
4637,Sarah,Williams,sarah.williams4637@nexgensolutions.com,NexGen Solutions,Paid Search,Working,35,,,,2020-12-12T00:00:00
4638,Karen,Anderson,karen.anderson4638@insightplatforms.com,Insight Platforms,Event,Converted,75,3716,235,2022-10-05,2022-07-27T00:00:00
4639,John,Lopez,john.lopez4639@cloudscalesystems.com,CloudScale Systems,Event,Converted,56,4855,372,2023-12-16,2023-10-12T00:00:00
4640,Charles,Lee,charles.lee4640@brightwavetech.com,BrightWave Tech,Inbound - Webinar,Converted,86,4809,199,2024-01-08,2024-01-06T00:00:00
4641,Christopher,Davis,christopher.davis4641@insightplatforms.com,Insight Platforms,Partner Referral,Nurture,35,,,,2022-02-14T00:00:00
4642,Mary,Smith,mary.smith4642@databridgecorp.com,DataBridge Corp,Partner Referral,Converted,65,2331,563,2024-08-06,2024-08-06T00:00:00
4643,Mary,Brown,mary.brown4643@primepathdigital.com,PrimePath Digital,Event,Converted,53,977,331,2024-04-26,2024-04-02T00:00:00
4644,Jessica,Smith,jessica.smith4644@nexgensolutions.com,NexGen Solutions,Outbound - Cold,Working,23,,,,2022-03-26T00:00:00
4645,Charles,Smith,charles.smith4645@nexgensolutions.com,NexGen Solutions,Product-Led,MQL,87,,,,2020-10-29T00:00:00
4646,William,Garcia,william.garcia4646@metasync.com,MetaSync,Social Media,Converted,87,4664,843,2024-03-29,2024-02-08T00:00:00
4647,Robert,Thomas,robert.thomas4647@corestack.com,CoreStack,Inbound - Webinar,New,30,,,,2020-05-01T00:00:00
4648,Michael,Williams,michael.williams4648@truenorthdata.com,TrueNorth Data,Product-Led,MQL,70,,,,2020-07-06T00:00:00
4649,Michael,Thomas,michael.thomas4649@brightwavetech.com,BrightWave Tech,Inbound - Webinar,New,41,,,,2020-03-24T00:00:00
4650,Barbara,Moore,barbara.moore4650@techflowinc.com,TechFlow Inc,Inbound - Web,Working,48,,,,2021-07-26T00:00:00
4651,Mary,Thomas,mary.thomas,CyberVault,Inbound - Content,MQL,70,,,,2022-10-09T00:00:00
4652,Joseph,Miller,joseph.miller4652@pulsepointdigital.com,PulsePoint Digital,Outbound - SDR,SQL,80,,,,2020-02-03T00:00:00
4653,Mary,Wilson,mary.wilson4653@metasync.com,MetaSync,Outbound - SDR,Nurture,52,,,,2021-12-11T00:00:00
4654,John,Gonzalez,john.gonzalez4654@cybervault.com,CyberVault,Product-Led,Disqualified,10,,,,2024-11-18T00:00:00
4655,William,Wilson,william.wilson4655@corestack.com,CoreStack,Product-Led,MQL,52,,,,2023-09-15T00:00:00
4656,Charles,Smith,charles.smith4656@brightwavetech.com,BrightWave Tech,Outbound - SDR,Disqualified,11,,,,2024-10-26T00:00:00
4657,Thomas,Jackson,thomas.jackson4657@metasync.com,MetaSync,Paid Search,Disqualified,11,,,,2024-12-15T00:00:00
4658,David,Miller,david.miller4658@cybervault.com,CyberVault,Paid Search,MQL,93,,,,2023-11-29T00:00:00
4659,Elizabeth,Hernandez,elizabeth.hernandez,StreamLine Analytics,Partner Referral,Converted,84,324,301,2023-10-13,2023-09-11T00:00:00
4660,Charles,Martin,charles.martin4660@scaleupsystems.com,ScaleUp Systems,Outbound - Cold,New,66,,,,2023-06-02T00:00:00
4661,Thomas,Taylor,thomas.taylor4661@futureforge.com,FutureForge,Paid Search,Working,40,,,,2024-08-12T00:00:00
4662,Linda,Anderson,linda.anderson4662@futureforge.com,FutureForge,Event,SQL,73,,,,2022-03-11T00:00:00
4663,Lisa,Rodriguez,,TechFlow Inc,Outbound - SDR,New,23,,,,2024-02-01T00:00:00
4664,Mary,Smith,mary.smith,CoreStack,,Working,17,,,,2023-03-25T00:00:00
4665,Daniel,Taylor,daniel.taylor4665@databridgecorp.com,DataBridge Corp,Inbound - Web,Disqualified,13,,,,2020-05-09T00:00:00
4666,Lisa,Jones,lisa.jones4666@truenorthdata.com,TrueNorth Data,Event,Working,66,,,,2024-01-10T00:00:00
4667,Joseph,Williams,joseph.williams4667@scaleupsystems.com,ScaleUp Systems,Inbound - Content,Nurture,11,,,,2022-03-14T00:00:00
4668,Karen,Lee,karen.lee4668@techflowinc.com,TechFlow Inc,Partner Referral,Converted,73,1692,910,2021-10-12,2021-10-02T00:00:00
4669,James,Taylor,,DataBridge Corp,Inbound - Content,Working,27,,,,2020-12-20T00:00:00
4670,Michael,Thomas,michael.thomas4670@nexgensolutions.com,NexGen Solutions,Inbound - Content,Converted,81,166,103,2022-05-31,2022-04-24T00:00:00
4671,James,Wilson,james.wilson4671@insightplatforms.com,Insight Platforms,Outbound - Cold,Nurture,45,,,,2023-06-25T00:00:00
4672,Linda,Garcia,,NexGen Solutions,Social Media,MQL,100,,,,2022-04-14T00:00:00
4673,Christopher,Brown,christopher.brown4673@databridgecorp.com,DataBridge Corp,Outbound - Cold,Working,34,,,,2022-03-19T00:00:00
4674,David,Williams,david.williams4674@streamlineanalytics.com,StreamLine Analytics,Outbound - Cold,Disqualified,20,,,,2023-10-22T00:00:00
4675,Patricia,Taylor,patricia.taylor4675@cloudscalesystems.com,CloudScale Systems,Paid Search,Working,32,,,,2020-01-09T00:00:00
4676,Jessica,Martin,jessica.martin4676@pulsepointdigital.com,PulsePoint Digital,Inbound - Content,Converted,70,3343,154,2023-03-09,2023-02-23T00:00:00
4677,Daniel,Thompson,daniel.thompson4677@innovateco.com,InnovateCo,Outbound - Cold,New,56,,,,2021-08-18T00:00:00
4678,Thomas,Anderson,thomas.anderson4678@cloudscalesystems.com,CloudScale Systems,Outbound - Cold,Working,14,,,,2024-05-10T00:00:00
4679,Nancy,Lopez,nancy.lopez4679@innovateco.com,InnovateCo,Social Media,SQL,66,,,,2022-12-08T00:00:00
4680,David,Davis,david.davis4680@cloudscalesystems.com,CloudScale Systems,Inbound - Web,MQL,66,,,,2022-10-17T00:00:00
4681,Robert,Thomas,robert.thomas4681@cybervault.com,CyberVault,Outbound - Cold,Disqualified,10,,,,2024-03-05T00:00:00
4682,Karen,Brown,karen.brown4682@databridgecorp.com,DataBridge Corp,Inbound - Content,Disqualified,22,,,,2024-12-13T00:00:00
4683,Jennifer,Rodriguez,jennifer.rodriguez4683@nexgensolutions.com,NexGen Solutions,Event,SQL,56,,,,2023-01-17T00:00:00
4684,David,Smith,david.smith4684@agiledynamics.com,Agile Dynamics,Outbound - Cold,Nurture,11,,,,2024-07-03T00:00:00
4685,Lisa,Rodriguez,lisa.rodriguez4685@cloudscalesystems.com,CloudScale Systems,Social Media,MQL,71,,,,2020-01-08T00:00:00
4686,Barbara,Martinez,barbara.martinez4686@truenorthdata.com,TrueNorth Data,Inbound - Content,Converted,67,3463,992,2024-09-02,2024-06-12T00:00:00
4687,Michael,Hernandez,michael.hernandez4687@cybervault.com,CyberVault,Social Media,SQL,86,,,,2022-04-19T00:00:00
4688,James,Lee,james.lee4688@innovateco.com,InnovateCo,,New,46,,,,2022-07-28T00:00:00
4689,Karen,Miller,karen.miller4689@pulsepointdigital.com,PulsePoint Digital,Inbound - Webinar,SQL,72,,,,2021-03-04T00:00:00
4690,William,Lopez,william.lopez4690@futureforge.com,FutureForge,Outbound - SDR,MQL,68,,,,2021-07-31T00:00:00
4691,Patricia,Thomas,patricia.thomas4691@cybervault.com,CyberVault,Inbound - Content,Converted,100,4097,885,2022-08-04,2022-06-11T00:00:00
4692,Nancy,Brown,nancy.brown,QuantumLogic Labs,Product-Led,Working,57,,,,2023-08-20T00:00:00
4693,James,Martin,james.martin4693@quantumlogiclabs.com,QuantumLogic Labs,Partner Referral,Converted,76,617,5,2024-09-21,2024-07-09T00:00:00
4694,Sarah,Lee,sarah.lee4694@primepathdigital.com,PrimePath Digital,Outbound - SDR,Converted,-95,2729,55,2023-01-09,2022-10-16T00:00:00
4695,Charles,Miller,charles.miller4695@vertexai.com,VertexAI,Inbound - Content,Nurture,31,,,,2024-05-13T00:00:00
4696,Elizabeth,Lee,elizabeth.lee,QuantumLogic Labs,Outbound - SDR,Nurture,55,,,,2024-05-30T00:00:00
4697,Michael,Wilson,michael.wilson4697@pulsepointdigital.com,PulsePoint Digital,Partner Referral,Working,55,,,,2023-05-06T00:00:00
4698,John,Martin,john.martin4698@techflowinc.com,TechFlow Inc,Inbound - Webinar,Disqualified,20,,,,2021-05-27T00:00:00
4699,Richard,Hernandez,,Agile Dynamics,Paid Search,MQL,76,,,,2023-06-08T00:00:00
4700,Karen,Anderson,karen.anderson,PulsePoint Digital,Outbound - SDR,Working,18,,,,2024-10-13T00:00:00
4701,Jessica,Hernandez,jessica.hernandez4701@streamlineanalytics.com,StreamLine Analytics,Partner Referral,Converted,86,1855,18,2023-06-14,2023-06-10T00:00:00
4702,Jennifer,Thomas,jennifer.thomas4702@streamlineanalytics.com,StreamLine Analytics,Event,SQL,62,,,,2021-03-12T00:00:00
4703,Nancy,Thompson,nancy.thompson4703@agiledynamics.com,Agile Dynamics,Product-Led,Converted,58,3549,943,2022-09-13,2022-06-26T00:00:00
4704,Sarah,Lopez,sarah.lopez4704@innovateco.com,InnovateCo,Event,SQL,54,,,,2023-03-29T00:00:00
4705,David,Martin,,Agile Dynamics,Product-Led,New,43,,,,2024-01-01T00:00:00
4706,William,Martin,william.martin4706@techflowinc.com,TechFlow Inc,Paid Search,MQL,76,,,,2021-07-21T00:00:00
4707,Linda,Gonzalez,linda.gonzalez4707@pulsepointdigital.com,PulsePoint Digital,Product-Led,MQL,58,,,,2022-10-04T00:00:00
4708,Barbara,Anderson,barbara.anderson4708@scaleupsystems.com,ScaleUp Systems,Social Media,MQL,76,,,,2020-09-24T00:00:00
4709,Susan,Brown,susan.brown4709@rapidcloud.com,RapidCloud,Social Media,Nurture,35,,,,2024-08-04T00:00:00
4710,Barbara,Hernandez,barbara.hernandez4710@databridgecorp.com,DataBridge Corp,Social Media,New,42,,,,2020-05-31T00:00:00
4711,Robert,Hernandez,robert.hernandez4711@primepathdigital.com,PrimePath Digital,Event,Converted,87,1287,626,2024-01-31,2023-12-29T00:00:00
4712,Elizabeth,Davis,elizabeth.davis4712@cybervault.com,CyberVault,Product-Led,Converted,99,320,907,2024-11-30,2024-11-09T00:00:00
4713,Lisa,Rodriguez,lisa.rodriguez4713@agiledynamics.com,Agile Dynamics,Event,MQL,85,,,,2024-05-24T00:00:00
4714,Charles,Wilson,charles.wilson4714@vertexai.com,VertexAI,Partner Referral,Nurture,28,,,,2020-12-02T00:00:00
4715,Thomas,Martinez,thomas.martinez4715@brightwavetech.com,BrightWave Tech,Inbound - Webinar,Nurture,45,,,,2022-06-08T00:00:00
4716,Robert,Thompson,robert.thompson4716@corestack.com,CoreStack,Inbound - Web,SQL,56,,,,2021-02-27T00:00:00
4717,Daniel,Jones,,BrightWave Tech,Event,Converted,55,1363,44,2024-09-12,2024-07-30T00:00:00
4718,Robert,Johnson,,Agile Dynamics,Product-Led,Converted,63,3044,461,2023-01-21,2022-12-10T00:00:00
4719,Susan,Davis,susan.davis4719@brightwavetech.com,BrightWave Tech,Inbound - Webinar,SQL,80,,,,2021-12-01T00:00:00
4720,Jessica,Anderson,jessica.anderson4720@quantumlogiclabs.com,QuantumLogic Labs,Inbound - Webinar,SQL,50,,,,2023-03-02T00:00:00
4721,Jessica,Moore,jessica.moore4721@scaleupsystems.com,ScaleUp Systems,Inbound - Content,Working,22,,,,2021-07-23T00:00:00
4722,Michael,Smith,michael.smith4722@innovateco.com,InnovateCo,Paid Search,Working,46,,,,2021-11-11T00:00:00
4723,Joseph,Wilson,joseph.wilson4723@vertexai.com,VertexAI,,Converted,98,3362,377,2023-10-29,2023-09-04T00:00:00
4724,Robert,Thompson,robert.thompson4724@agiledynamics.com,Agile Dynamics,Paid Search,Converted,54,4124,620,2023-03-08,2023-02-08T00:00:00
4725,Michael,Miller,michael.miller4725@nexgensolutions.com,NexGen Solutions,Inbound - Web,SQL,99,,,,2022-07-03T00:00:00
4726,Patricia,Martinez,patricia.martinez4726@techflowinc.com,TechFlow Inc,Outbound - Cold,New,20,,,,2024-08-19T00:00:00
4727,Charles,Taylor,charles.taylor4727@brightwavetech.com,BrightWave Tech,Product-Led,Nurture,43,,,,2020-07-28T00:00:00
4728,Mary,Miller,mary.miller4728@cybervault.com,CyberVault,Paid Search,MQL,70,,,,2023-03-06T00:00:00
4729,Lisa,Davis,lisa.davis4729@innovateco.com,InnovateCo,Inbound - Content,MQL,78,,,,2023-07-22T00:00:00
4730,Mary,Martin,mary.martin4730@truenorthdata.com,TrueNorth Data,Outbound - Cold,MQL,53,,,,2022-09-15T00:00:00
4731,Susan,Thompson,susan.thompson4731@vertexai.com,VertexAI,,Disqualified,27,,,,2024-12-09T00:00:00
4732,Sarah,Lee,sarah.lee4732@futureforge.com,FutureForge,Inbound - Web,MQL,99,,,,2021-03-21T00:00:00
4733,Jennifer,Thompson,jennifer.thompson4733@metasync.com,MetaSync,Paid Search,Disqualified,20,,,,2020-03-25T00:00:00
4734,Patricia,Martinez,patricia.martinez4734@cloudscalesystems.com,CloudScale Systems,Inbound - Webinar,New,59,,,,2023-07-07T00:00:00
4735,Daniel,Gonzalez,,CloudScale Systems,Inbound - Content,MQL,68,,,,2022-05-19T00:00:00
4736,Sarah,Gonzalez,sarah.gonzalez4736@agiledynamics.com,Agile Dynamics,Inbound - Web,Working,25,,,,2024-06-10T00:00:00
4737,Christopher,Smith,christopher.smith4737@pulsepointdigital.com,PulsePoint Digital,,Nurture,32,,,,2024-03-27T00:00:00
4738,Thomas,Gonzalez,thomas.gonzalez,StreamLine Analytics,,New,52,,,,2024-09-02T00:00:00
4739,Joseph,Lopez,joseph.lopez4739@cloudscalesystems.com,CloudScale Systems,Paid Search,Working,12,,,,2022-01-27T00:00:00
4740,Nancy,Wilson,nancy.wilson4740@rapidcloud.com,RapidCloud,Outbound - SDR,Working,22,,,,2021-03-24T00:00:00
4741,Christopher,Jackson,christopher.jackson4741@scaleupsystems.com,ScaleUp Systems,Product-Led,New,29,,,,2023-06-06T00:00:00
4742,Karen,Garcia,karen.garcia4742@databridgecorp.com,DataBridge Corp,Inbound - Content,MQL,62,,,,2024-10-18T00:00:00
4743,Thomas,Martinez,thomas.martinez4743@futureforge.com,FutureForge,Inbound - Web,Working,57,,,,2024-02-20T00:00:00
4744,Karen,Thompson,karen.thompson4744@nexgensolutions.com,NexGen Solutions,Outbound - SDR,Disqualified,18,,,,2021-03-28T00:00:00
4745,John,Taylor,john.taylor4745@metasync.com,MetaSync,Outbound - SDR,Disqualified,26,,,,2020-04-13T00:00:00
4746,David,Johnson,david.johnson4746@streamlineanalytics.com,StreamLine Analytics,Inbound - Content,Disqualified,30,,,,2023-10-09T00:00:00
4747,James,Jackson,james.jackson4747@cybervault.com,CyberVault,Product-Led,Nurture,56,,,,2020-08-29T00:00:00
4748,Richard,Hernandez,richard.hernandez4748@cybervault.com,CyberVault,Inbound - Webinar,New,62,,,,2020-08-30T00:00:00
4749,Michael,Moore,michael.moore4749@insightplatforms.com,Insight Platforms,,Converted,93,3434,369,2024-12-03,2024-10-20T00:00:00
4750,Thomas,Lopez,thomas.lopez4750@corestack.com,CoreStack,Outbound - SDR,Working,50,,,,2022-10-23T00:00:00
4751,Karen,Anderson,karen.anderson4751@brightwavetech.com,BrightWave Tech,Partner Referral,New,35,,,,2020-05-06T00:00:00
4752,Thomas,Garcia,thomas.garcia4752@agiledynamics.com,Agile Dynamics,Event,SQL,59,,,,2022-02-16T00:00:00
4753,Nancy,Thomas,nancy.thomas4753@agiledynamics.com,Agile Dynamics,Outbound - Cold,New,22,,,,2022-06-09T00:00:00
4754,Jennifer,Lopez,jennifer.lopez4754@insightplatforms.com,Insight Platforms,Product-Led,MQL,55,,,,2020-03-21T00:00:00
4755,Richard,Thomas,richard.thomas4755@agiledynamics.com,Agile Dynamics,Event,MQL,68,,,,2023-04-24T00:00:00
4756,Patricia,Miller,patricia.miller4756@nexgensolutions.com,NexGen Solutions,Product-Led,Disqualified,27,,,,2021-06-20T00:00:00
4757,Patricia,Martin,,Agile Dynamics,Inbound - Content,Converted,90,3095,572,2023-02-23,2022-12-29T00:00:00
4758,Thomas,Lee,thomas.lee4758@truenorthdata.com,TrueNorth Data,Outbound - SDR,Working,50,,,,2024-10-02T00:00:00
4759,Linda,Brown,linda.brown4759@vertexai.com,VertexAI,Partner Referral,Working,66,,,,2024-09-02T00:00:00
4760,Christopher,Williams,christopher.williams4760@cloudscalesystems.com,CloudScale Systems,Outbound - SDR,MQL,95,,,,2020-03-28T00:00:00
4761,Barbara,Jones,barbara.jones4761@streamlineanalytics.com,StreamLine Analytics,Outbound - Cold,Nurture,61,,,,2020-10-04T00:00:00
4762,Lisa,Moore,lisa.moore4762@metasync.com,MetaSync,Outbound - SDR,MQL,52,,,,2020-05-30T00:00:00
4763,Barbara,Hernandez,barbara.hernandez4763@cloudscalesystems.com,CloudScale Systems,Partner Referral,Converted,71,3392,534,2024-02-27,2024-01-21T00:00:00
4764,William,Davis,william.davis4764@techflowinc.com,TechFlow Inc,Inbound - Webinar,Converted,92,2228,221,2024-10-27,2024-09-27T00:00:00
4765,Robert,Davis,,CyberVault,Outbound - SDR,New,30,,,,2022-08-26T00:00:00
4766,Linda,Taylor,linda.taylor4766@rapidcloud.com,RapidCloud,Inbound - Content,Nurture,54,,,,2020-02-17T00:00:00
4767,Susan,Williams,susan.williams4767@techflowinc.com,TechFlow Inc,Event,MQL,56,,,,2021-09-14T00:00:00
4768,Jessica,Lee,jessica.lee4768@cloudscalesystems.com,CloudScale Systems,Inbound - Web,MQL,60,,,,2021-02-05T00:00:00
4769,John,Garcia,john.garcia4769@insightplatforms.com,Insight Platforms,Inbound - Content,SQL,97,,,,2024-01-15T00:00:00
4770,Barbara,Davis,barbara.davis4770@scaleupsystems.com,ScaleUp Systems,Product-Led,Converted,98,2595,398,2024-01-18,2023-11-29T00:00:00
4771,Charles,Smith,charles.smith4771@futureforge.com,FutureForge,Partner Referral,Disqualified,5,,,,2023-11-22T00:00:00
4772,Nancy,Thomas,nancy.thomas4772@streamlineanalytics.com,StreamLine Analytics,Product-Led,Converted,80,4101,76,2024-01-11,2023-11-19T00:00:00
4773,Michael,Thomas,michael.thomas4773@scaleupsystems.com,ScaleUp Systems,Inbound - Webinar,Disqualified,28,,,,2020-12-11T00:00:00
4774,Robert,Gonzalez,robert.gonzalez4774@futureforge.com,FutureForge,Event,MQL,72,,,,2023-10-06T00:00:00
4775,Michael,Taylor,michael.taylor4775@techflowinc.com,TechFlow Inc,Outbound - SDR,SQL,60,,,,2023-01-22T00:00:00
4776,Linda,Moore,linda.moore4776@techflowinc.com,TechFlow Inc,Partner Referral,MQL,79,,,,2022-09-13T00:00:00
4777,Linda,Davis,linda.davis4777@pulsepointdigital.com,PulsePoint Digital,Event,Disqualified,22,,,,2023-09-03T00:00:00
4778,Mary,Jackson,mary.jackson4778@agiledynamics.com,Agile Dynamics,Inbound - Web,Converted,98,544,936,2024-02-23,2024-02-01T00:00:00
4779,Sarah,Lopez,sarah.lopez4779@rapidcloud.com,RapidCloud,Inbound - Content,Nurture,43,,,,2021-06-28T00:00:00
4780,Mary,Smith,mary.smith4780@corestack.com,CoreStack,Social Media,SQL,88,,,,2020-04-20T00:00:00
4781,Susan,Hernandez,susan.hernandez4781@brightwavetech.com,BrightWave Tech,Event,MQL,50,,,,2024-06-17T00:00:00
4782,Mary,Lopez,mary.lopez4782@nexgensolutions.com,NexGen Solutions,Paid Search,Converted,83,797,257,2020-11-03,2020-10-20T00:00:00
4783,Nancy,Anderson,nancy.anderson4783@vertexai.com,VertexAI,Product-Led,Converted,61,3861,125,2022-07-01,2022-06-28T00:00:00
4784,Jessica,Lee,jessica.lee4784@rapidcloud.com,RapidCloud,Event,MQL,74,,,,2022-09-02T00:00:00
4785,Barbara,Gonzalez,barbara.gonzalez4785@corestack.com,CoreStack,Paid Search,Converted,86,3253,428,2024-06-02,2024-05-02T00:00:00
4786,Charles,Wilson,charles.wilson4786@scaleupsystems.com,ScaleUp Systems,Inbound - Content,Disqualified,9,,,,2021-07-28T00:00:00
4787,Daniel,Wilson,daniel.wilson4787@truenorthdata.com,TrueNorth Data,Outbound - SDR,Converted,88,3457,154,2022-09-26,2022-08-08T00:00:00
4788,Joseph,Williams,joseph.williams4788@streamlineanalytics.com,StreamLine Analytics,Event,Nurture,20,,,,2024-07-05T00:00:00
4789,Jennifer,Johnson,,Insight Platforms,Outbound - SDR,Working,25,,,,2020-08-09T00:00:00
4790,Jessica,Hernandez,jessica.hernandez4790@truenorthdata.com,TrueNorth Data,Inbound - Content,Converted,51,1212,823,2023-05-27,2023-05-21T00:00:00
4791,Linda,Thompson,linda.thompson4791@truenorthdata.com,TrueNorth Data,Inbound - Webinar,Disqualified,28,,,,2022-09-26T00:00:00
4792,David,Taylor,david.taylor4792@quantumlogiclabs.com,QuantumLogic Labs,Outbound - SDR,New,70,,,,2021-04-27T00:00:00
4793,David,Rodriguez,david.rodriguez4793@pulsepointdigital.com,PulsePoint Digital,Inbound - Webinar,Converted,85,3683,696,2024-09-07,2024-07-27T00:00:00
4794,Jessica,Rodriguez,jessica.rodriguez4794@futureforge.com,FutureForge,Inbound - Webinar,MQL,56,,,,2021-07-27T00:00:00
4795,James,Rodriguez,james.rodriguez4795@scaleupsystems.com,ScaleUp Systems,Event,SQL,78,,,,2020-11-08T00:00:00
4796,Nancy,Hernandez,nancy.hernandez4796@vertexai.com,VertexAI,Partner Referral,Working,33,,,,2021-09-12T00:00:00
4797,James,Moore,james.moore4797@databridgecorp.com,DataBridge Corp,Outbound - SDR,Disqualified,-2,,,,2021-01-28T00:00:00
4798,Sarah,Martinez,sarah.martinez4798@rapidcloud.com,RapidCloud,Inbound - Content,Converted,75,4495,235,2024-02-27,2024-01-24T00:00:00
4799,John,Martin,john.martin4799@quantumlogiclabs.com,QuantumLogic Labs,Outbound - SDR,MQL,78,,,,2020-06-04T00:00:00
4800,Patricia,Johnson,patricia.johnson4800@databridgecorp.com,DataBridge Corp,Inbound - Web,Converted,80,4517,366,2024-10-24,2024-10-12T00:00:00
4801,Lisa,Gonzalez,lisa.gonzalez4801@databridgecorp.com,DataBridge Corp,Outbound - SDR,MQL,73,,,,2020-07-12T00:00:00
4802,Jennifer,Brown,jennifer.brown4802@cybervault.com,CyberVault,Event,Converted,83,1121,479,2024-01-03,2023-10-21T00:00:00
4803,Richard,Martinez,richard.martinez4803@brightwavetech.com,BrightWave Tech,Paid Search,SQL,65,,,,2021-07-31T00:00:00
4804,Robert,Martinez,robert.martinez4804@metasync.com,MetaSync,Outbound - SDR,Disqualified,6,,,,2023-08-25T00:00:00
4805,Barbara,Smith,barbara.smith4805@insightplatforms.com,Insight Platforms,Paid Search,Working,51,,,,2021-07-14T00:00:00
4806,John,Wilson,john.wilson4806@quantumlogiclabs.com,QuantumLogic Labs,Inbound - Web,Working,51,,,,2023-12-11T00:00:00
4807,Robert,Johnson,,CloudScale Systems,Social Media,Working,66,,,,2023-04-18T00:00:00
4808,Jennifer,Jones,jennifer.jones4808@futureforge.com,FutureForge,Partner Referral,MQL,82,,,,2024-08-31T00:00:00
4809,Joseph,Anderson,joseph.anderson4809@vertexai.com,VertexAI,Outbound - SDR,Disqualified,9,,,,2022-05-25T00:00:00
4810,Jennifer,Thomas,jennifer.thomas4810@metasync.com,MetaSync,Outbound - SDR,Converted,67,3054,48,2022-11-22,2022-11-19T00:00:00
4811,David,Miller,david.miller4811@cybervault.com,CyberVault,Inbound - Web,Disqualified,19,,,,2023-02-25T00:00:00
4812,William,Moore,william.moore4812@futureforge.com,FutureForge,Inbound - Webinar,Converted,91,912,212,2024-09-06,2024-07-09T00:00:00
4813,Charles,Hernandez,charles.hernandez4813@techflowinc.com,TechFlow Inc,Inbound - Web,Nurture,68,,,,2024-12-14T00:00:00
4814,Charles,Jones,charles.jones4814@pulsepointdigital.com,PulsePoint Digital,,Converted,74,4193,392,2024-12-09,2024-11-30T00:00:00
4815,Robert,Smith,robert.smith4815@databridgecorp.com,DataBridge Corp,Inbound - Content,Disqualified,8,,,,2024-09-09T00:00:00
4816,Daniel,Williams,daniel.williams4816@futureforge.com,FutureForge,Outbound - SDR,Working,67,,,,2023-09-30T00:00:00
4817,David,Martinez,david.martinez4817@primepathdigital.com,PrimePath Digital,,Converted,92,3412,166,2023-09-13,2023-07-28T00:00:00
4818,Christopher,Wilson,christopher.wilson4818@truenorthdata.com,TrueNorth Data,Product-Led,SQL,84,,,,2020-11-10T00:00:00
4819,James,Smith,james.smith4819@scaleupsystems.com,ScaleUp Systems,Partner Referral,Disqualified,17,,,,2024-09-17T00:00:00
4820,Joseph,Smith,joseph.smith4820@cloudscalesystems.com,CloudScale Systems,Outbound - Cold,MQL,93,,,,2020-03-04T00:00:00
4821,Joseph,Brown,joseph.brown4821@brightwavetech.com,BrightWave Tech,Partner Referral,Disqualified,7,,,,2020-05-01T00:00:00
4822,William,Johnson,william.johnson4822@innovateco.com,InnovateCo,Inbound - Webinar,New,50,,,,2022-07-22T00:00:00
4823,Daniel,Hernandez,daniel.hernandez4823@corestack.com,CoreStack,Inbound - Web,Working,64,,,,2020-12-14T00:00:00
4824,Daniel,Smith,daniel.smith4824@rapidcloud.com,RapidCloud,Outbound - Cold,MQL,50,,,,2021-07-02T00:00:00
4825,Michael,Thompson,michael.thompson4825@corestack.com,CoreStack,Inbound - Web,Working,56,,,,2022-07-21T00:00:00
4826,Richard,Martinez,,Insight Platforms,Inbound - Content,Working,64,,,,2024-11-05T00:00:00
4827,William,Wilson,william.wilson4827@cloudscalesystems.com,CloudScale Systems,Event,New,54,,,,2021-04-17T00:00:00
4828,Thomas,Brown,thomas.brown4828@futureforge.com,FutureForge,Paid Search,SQL,84,,,,2021-09-08T00:00:00
4829,Linda,Rodriguez,linda.rodriguez4829@databridgecorp.com,DataBridge Corp,Social Media,New,51,,,,2021-05-05T00:00:00
4830,Mary,Jackson,mary.jackson4830@cloudscalesystems.com,CloudScale Systems,Event,Disqualified,28,,,,2023-02-04T00:00:00
4831,James,Moore,james.moore4831@vertexai.com,VertexAI,Event,Nurture,17,,,,2022-06-09T00:00:00
4832,Thomas,Anderson,thomas.anderson4832@agiledynamics.com,Agile Dynamics,Event,New,40,,,,2022-07-12T00:00:00
4833,Nancy,Taylor,nancy.taylor4833@scaleupsystems.com,ScaleUp Systems,Paid Search,Converted,85,2950,813,2024-07-21,2024-05-21T00:00:00
4834,Jennifer,Lopez,jennifer.lopez4834@truenorthdata.com,TrueNorth Data,Product-Led,New,65,,,,2020-04-01T00:00:00
4835,Nancy,Rodriguez,nancy.rodriguez4835@brightwavetech.com,BrightWave Tech,Inbound - Web,Working,25,,,,2020-02-18T00:00:00
4836,Susan,Anderson,susan.anderson4836@scaleupsystems.com,ScaleUp Systems,Inbound - Content,Disqualified,23,,,,2024-07-04T00:00:00
4837,Jennifer,Miller,jennifer.miller4837@truenorthdata.com,TrueNorth Data,Inbound - Webinar,Working,55,,,,2021-02-26T00:00:00
4838,Thomas,Davis,thomas.davis4838@metasync.com,MetaSync,Social Media,New,19,,,,2023-05-01T00:00:00
4839,Susan,Lee,susan.lee4839@cybervault.com,CyberVault,Outbound - Cold,New,18,,,,2024-01-26T00:00:00
4840,David,Rodriguez,david.rodriguez4840@streamlineanalytics.com,StreamLine Analytics,Inbound - Webinar,New,47,,,,2022-05-21T00:00:00
4841,James,Davis,james.davis4841@agiledynamics.com,Agile Dynamics,Social Media,Working,51,,,,2022-06-24T00:00:00
4842,Charles,Johnson,charles.johnson4842@streamlineanalytics.com,StreamLine Analytics,Inbound - Web,MQL,87,,,,2024-10-02T00:00:00
4843,Michael,Garcia,michael.garcia4843@databridgecorp.com,DataBridge Corp,Event,Converted,87,4166,402,2024-07-28,2024-05-22T00:00:00
4844,Charles,Garcia,charles.garcia4844@truenorthdata.com,TrueNorth Data,Outbound - Cold,New,35,,,,2020-05-07T00:00:00
4845,Jessica,Anderson,jessica.anderson4845@databridgecorp.com,DataBridge Corp,Inbound - Content,Working,66,,,,2023-01-30T00:00:00
4846,Joseph,Garcia,joseph.garcia4846@rapidcloud.com,RapidCloud,Outbound - SDR,SQL,76,,,,2021-12-09T00:00:00
4847,Jennifer,Smith,jennifer.smith,RapidCloud,,Working,44,,,,2022-02-18T00:00:00
4848,Robert,Martin,robert.martin4848@truenorthdata.com,TrueNorth Data,Product-Led,MQL,54,,,,2021-12-02T00:00:00
4849,Jessica,Jackson,jessica.jackson4849@corestack.com,CoreStack,Outbound - Cold,New,63,,,,2020-09-02T00:00:00
4850,Patricia,Lopez,patricia.lopez4850@streamlineanalytics.com,StreamLine Analytics,Inbound - Content,Disqualified,29,,,,2023-08-31T00:00:00
4851,John,Hernandez,john.hernandez4851@corestack.com,CoreStack,Paid Search,New,50,,,,2023-12-07T00:00:00
4852,Jennifer,Jones,jennifer.jones4852@scaleupsystems.com,ScaleUp Systems,Outbound - SDR,Disqualified,4,,,,2022-04-20T00:00:00
4853,Christopher,Davis,christopher.davis4853@vertexai.com,VertexAI,Outbound - SDR,Nurture,37,,,,2022-01-04T00:00:00
4854,Joseph,Thomas,joseph.thomas4854@quantumlogiclabs.com,QuantumLogic Labs,Social Media,SQL,92,,,,2024-03-08T00:00:00
4855,John,Moore,john.moore4855@innovateco.com,InnovateCo,Social Media,MQL,52,,,,2021-10-25T00:00:00
4856,James,Hernandez,james.hernandez4856@metasync.com,MetaSync,Inbound - Content,Working,31,,,,2024-07-23T00:00:00
4857,Charles,Hernandez,charles.hernandez4857@techflowinc.com,TechFlow Inc,Event,MQL,64,,,,2022-01-03T00:00:00
4858,Karen,Taylor,karen.taylor4858@vertexai.com,VertexAI,Inbound - Web,Converted,50,290,464,2023-09-19,2023-07-10T00:00:00
4859,Elizabeth,Lopez,elizabeth.lopez4859@pulsepointdigital.com,PulsePoint Digital,Inbound - Webinar,MQL,87,,,,2021-05-14T00:00:00
4860,John,Lee,john.lee4860@primepathdigital.com,PrimePath Digital,Product-Led,SQL,72,,,,2024-11-05T00:00:00
4861,Susan,Davis,susan.davis4861@truenorthdata.com,TrueNorth Data,Inbound - Content,Disqualified,21,,,,2023-06-02T00:00:00
4862,Mary,Rodriguez,mary.rodriguez4862@vertexai.com,VertexAI,Product-Led,Converted,72,4220,852,2024-09-08,2024-07-11T00:00:00
4863,Elizabeth,Gonzalez,elizabeth.gonzalez4863@primepathdigital.com,PrimePath Digital,Inbound - Web,Working,10,,,,2024-11-30T00:00:00
4864,Mary,Jackson,mary.jackson4864@techflowinc.com,TechFlow Inc,Inbound - Web,SQL,78,,,,2022-03-06T00:00:00
4865,John,Miller,john.miller4865@primepathdigital.com,PrimePath Digital,Outbound - SDR,Converted,56,537,617,2022-11-24,2022-10-06T00:00:00
4866,Karen,Brown,karen.brown4866@vertexai.com,VertexAI,Paid Search,MQL,85,,,,2023-12-29T00:00:00
4867,John,Taylor,john.taylor4867@techflowinc.com,TechFlow Inc,Social Media,Working,50,,,,2024-06-03T00:00:00
4868,Susan,Miller,susan.miller4868@cybervault.com,CyberVault,Partner Referral,SQL,80,,,,2024-05-15T00:00:00
4869,Thomas,Davis,thomas.davis4869@cybervault.com,CyberVault,Partner Referral,New,55,,,,2021-08-21T00:00:00
4870,Sarah,Thomas,sarah.thomas4870@cloudscalesystems.com,CloudScale Systems,Inbound - Content,SQL,54,,,,2021-04-21T00:00:00
4871,James,Jones,james.jones4871@cybervault.com,CyberVault,Partner Referral,MQL,86,,,,2023-09-19T00:00:00
4872,Jennifer,Martinez,jennifer.martinez4872@brightwavetech.com,BrightWave Tech,Paid Search,New,26,,,,2022-01-12T00:00:00
4873,Barbara,Wilson,barbara.wilson4873@innovateco.com,InnovateCo,Event,SQL,51,,,,2023-10-10T00:00:00
4874,Linda,Lee,linda.lee4874@scaleupsystems.com,ScaleUp Systems,Social Media,MQL,64,,,,2020-02-11T00:00:00
4875,Barbara,Davis,barbara.davis4875@cybervault.com,CyberVault,Social Media,Disqualified,-25,,,,2023-12-21T00:00:00
4876,Lisa,Hernandez,,MetaSync,Paid Search,SQL,61,,,,2023-05-25T00:00:00
4877,Lisa,Smith,lisa.smith4877@scaleupsystems.com,ScaleUp Systems,Paid Search,SQL,56,,,,2020-12-21T00:00:00
4878,Sarah,Jones,sarah.jones4878@cloudscalesystems.com,CloudScale Systems,Outbound - SDR,Working,55,,,,2020-07-13T00:00:00
4879,Christopher,Thomas,christopher.thomas4879@primepathdigital.com,PrimePath Digital,,MQL,96,,,,2020-04-06T00:00:00
4880,Michael,Williams,michael.williams4880@cloudscalesystems.com,CloudScale Systems,Social Media,Working,50,,,,2021-05-23T00:00:00
4881,Elizabeth,Taylor,elizabeth.taylor4881@cloudscalesystems.com,CloudScale Systems,Inbound - Webinar,Working,26,,,,2021-01-14T00:00:00
4882,William,Smith,william.smith4882@metasync.com,MetaSync,,SQL,54,,,,2022-12-11T00:00:00
4883,Jennifer,Moore,jennifer.moore4883@scaleupsystems.com,ScaleUp Systems,Outbound - Cold,Converted,82,1488,528,2024-08-23,2024-07-29T00:00:00
4884,Michael,Lopez,michael.lopez4884@vertexai.com,VertexAI,Outbound - SDR,Nurture,47,,,,2024-09-01T00:00:00
4885,Michael,Johnson,michael.johnson4885@scaleupsystems.com,ScaleUp Systems,Outbound - Cold,Working,18,,,,2020-02-28T00:00:00
4886,Thomas,Garcia,thomas.garcia4886@corestack.com,CoreStack,Social Media,MQL,67,,,,2022-10-12T00:00:00
4887,Thomas,Hernandez,thomas.hernandez4887@agiledynamics.com,Agile Dynamics,Product-Led,New,67,,,,2021-10-18T00:00:00
4888,Daniel,Jackson,daniel.jackson4888@cloudscalesystems.com,CloudScale Systems,Outbound - Cold,MQL,57,,,,2021-11-30T00:00:00
4889,John,Brown,john.brown4889@quantumlogiclabs.com,QuantumLogic Labs,Outbound - SDR,SQL,85,,,,2023-09-17T00:00:00
4890,Nancy,Moore,nancy.moore4890@nexgensolutions.com,NexGen Solutions,Outbound - Cold,New,41,,,,2020-11-29T00:00:00
4891,Thomas,Rodriguez,thomas.rodriguez4891@quantumlogiclabs.com,QuantumLogic Labs,Inbound - Content,Working,61,,,,2024-05-26T00:00:00
4892,William,Anderson,william.anderson4892@scaleupsystems.com,ScaleUp Systems,Outbound - SDR,Converted,94,3334,351,2024-06-12,2024-04-04T00:00:00
4893,Lisa,Moore,lisa.moore4893@metasync.com,MetaSync,Outbound - Cold,Converted,-94,4404,781,2024-08-16,2024-07-16T00:00:00
4894,Karen,Jackson,karen.jackson4894@futureforge.com,FutureForge,Product-Led,Converted,96,298,780,2021-07-30,2021-06-09T00:00:00
4895,David,Lee,david.lee4895@innovateco.com,InnovateCo,Inbound - Webinar,MQL,96,,,,2022-04-13T00:00:00
4896,Richard,Hernandez,richard.hernandez4896@primepathdigital.com,PrimePath Digital,Partner Referral,Working,10,,,,2023-03-17T00:00:00
4897,Charles,Smith,charles.smith4897@cybervault.com,CyberVault,Partner Referral,Working,14,,,,2024-12-02T00:00:00
4898,Lisa,Brown,,ScaleUp Systems,Outbound - Cold,Working,20,,,,2020-03-14T00:00:00
4899,Michael,Martin,michael.martin4899@streamlineanalytics.com,StreamLine Analytics,Inbound - Web,Working,69,,,,2020-10-09T00:00:00
4900,Robert,Jones,robert.jones4900@scaleupsystems.com,ScaleUp Systems,Social Media,New,18,,,,2020-12-16T00:00:00
4901,Mary,Davis,mary.davis4901@corestack.com,CoreStack,Event,MQL,69,,,,2022-03-08T00:00:00
4902,Mary,Williams,mary.williams4902@primepathdigital.com,PrimePath Digital,Paid Search,MQL,55,,,,2021-08-14T00:00:00
4903,Christopher,Williams,christopher.williams4903@pulsepointdigital.com,PulsePoint Digital,Partner Referral,Disqualified,25,,,,2021-04-23T00:00:00
4904,Jessica,Rodriguez,jessica.rodriguez4904@nexgensolutions.com,NexGen Solutions,Outbound - SDR,New,15,,,,2021-06-25T00:00:00
4905,Linda,Taylor,linda.taylor4905@truenorthdata.com,TrueNorth Data,,Converted,64,2281,436,2022-05-09,2022-05-07T00:00:00
4906,John,Jackson,john.jackson4906@truenorthdata.com,TrueNorth Data,Partner Referral,Working,65,,,,2021-03-25T00:00:00
4907,Elizabeth,Brown,elizabeth.brown,TrueNorth Data,Inbound - Webinar,Nurture,56,,,,2022-01-01T00:00:00
4908,Barbara,Smith,barbara.smith4908@nexgensolutions.com,NexGen Solutions,Partner Referral,New,58,,,,2020-07-23T00:00:00
4909,David,Lopez,david.lopez4909@innovateco.com,InnovateCo,Paid Search,Nurture,55,,,,2020-10-27T00:00:00
4910,Sarah,Jackson,sarah.jackson4910@innovateco.com,InnovateCo,Inbound - Webinar,MQL,60,,,,2021-10-02T00:00:00
4911,Jessica,Hernandez,jessica.hernandez4911@vertexai.com,VertexAI,Paid Search,MQL,68,,,,2024-04-30T00:00:00
4912,Nancy,Hernandez,nancy.hernandez4912@rapidcloud.com,RapidCloud,Outbound - SDR,Converted,80,4453,554,2024-08-12,2024-06-06T00:00:00
4913,David,Hernandez,david.hernandez4913@streamlineanalytics.com,StreamLine Analytics,Outbound - Cold,Working,36,,,,2023-07-21T00:00:00
4914,Karen,Lee,karen.lee4914@truenorthdata.com,TrueNorth Data,,Working,40,,,,2024-11-09T00:00:00
4915,Barbara,Hernandez,barbara.hernandez4915@scaleupsystems.com,ScaleUp Systems,Outbound - Cold,Working,63,,,,2024-08-18T00:00:00
4916,Jennifer,Brown,jennifer.brown4916@agiledynamics.com,Agile Dynamics,Outbound - SDR,Nurture,62,,,,2022-03-01T00:00:00
4917,William,Martin,,ScaleUp Systems,Event,Nurture,39,,,,2023-02-08T00:00:00
4918,Nancy,Wilson,nancy.wilson4918@rapidcloud.com,RapidCloud,Outbound - Cold,Working,53,,,,2022-02-08T00:00:00
4919,Christopher,Hernandez,christopher.hernandez4919@cybervault.com,CyberVault,Inbound - Webinar,Working,59,,,,2024-06-05T00:00:00
4920,Daniel,Jones,daniel.jones4920@databridgecorp.com,DataBridge Corp,Event,MQL,76,,,,2020-09-10T00:00:00
4921,Joseph,Martinez,joseph.martinez4921@vertexai.com,VertexAI,Outbound - SDR,New,44,,,,2022-02-05T00:00:00
4922,Jessica,Davis,jessica.davis4922@primepathdigital.com,PrimePath Digital,Paid Search,Disqualified,21,,,,2022-11-25T00:00:00
4923,Patricia,Wilson,patricia.wilson4923@innovateco.com,InnovateCo,Outbound - Cold,Disqualified,10,,,,2022-03-05T00:00:00
4924,James,Garcia,james.garcia4924@insightplatforms.com,Insight Platforms,Social Media,Disqualified,-9,,,,2022-04-30T00:00:00
4925,Jessica,Miller,jessica.miller4925@databridgecorp.com,DataBridge Corp,Social Media,MQL,92,,,,2024-10-06T00:00:00
4926,Patricia,Garcia,patricia.garcia4926@insightplatforms.com,Insight Platforms,Inbound - Content,Working,40,,,,2021-10-03T00:00:00
4927,Jessica,Hernandez,jessica.hernandez4927@corestack.com,CoreStack,Inbound - Webinar,Converted,99,3402,633,2024-12-17,2024-10-04T00:00:00
4928,Daniel,Hernandez,daniel.hernandez4928@streamlineanalytics.com,StreamLine Analytics,Partner Referral,Disqualified,13,,,,2023-11-06T00:00:00
4929,Christopher,Miller,christopher.miller4929@insightplatforms.com,Insight Platforms,Event,Converted,94,4707,119,2023-04-21,2023-03-10T00:00:00
4930,Christopher,Williams,christopher.williams4930@metasync.com,MetaSync,Paid Search,MQL,-72,,,,2024-01-15T00:00:00
4931,Michael,Davis,michael.davis4931@futureforge.com,FutureForge,Partner Referral,Disqualified,25,,,,2020-02-13T00:00:00
4932,Karen,Smith,karen.smith4932@insightplatforms.com,Insight Platforms,Inbound - Webinar,New,11,,,,2022-11-09T00:00:00
4933,David,Martinez,david.martinez4933@agiledynamics.com,Agile Dynamics,Product-Led,New,27,,,,2023-02-22T00:00:00
4934,Charles,Jackson,charles.jackson4934@corestack.com,CoreStack,Partner Referral,SQL,96,,,,2020-12-25T00:00:00
4935,Christopher,Williams,christopher.williams4935@techflowinc.com,TechFlow Inc,Inbound - Web,MQL,78,,,,2022-10-21T00:00:00
4936,Thomas,Garcia,thomas.garcia4936@nexgensolutions.com,NexGen Solutions,Partner Referral,Converted,85,2660,197,2024-07-17,2024-06-04T00:00:00
4937,Michael,Moore,michael.moore4937@scaleupsystems.com,ScaleUp Systems,Inbound - Web,MQL,54,,,,2020-01-02T00:00:00
4938,John,Jones,john.jones4938@cloudscalesystems.com,CloudScale Systems,Inbound - Webinar,SQL,88,,,,2021-01-13T00:00:00
4939,David,Lee,david.lee4939@primepathdigital.com,PrimePath Digital,Paid Search,SQL,77,,,,2020-01-01T00:00:00
4940,Joseph,Brown,joseph.brown4940@futureforge.com,FutureForge,Event,SQL,97,,,,2023-04-30T00:00:00
4941,Karen,Garcia,karen.garcia4941@primepathdigital.com,PrimePath Digital,Social Media,MQL,77,,,,2022-06-06T00:00:00
4942,Robert,Brown,robert.brown4942@primepathdigital.com,PrimePath Digital,Inbound - Content,Working,66,,,,2020-10-03T00:00:00
4943,Daniel,Davis,daniel.davis4943@databridgecorp.com,DataBridge Corp,Inbound - Webinar,Nurture,26,,,,2023-09-05T00:00:00
4944,James,Rodriguez,james.rodriguez4944@innovateco.com,InnovateCo,Event,Converted,95,545,1000,2024-05-08,2024-03-31T00:00:00
4945,Jessica,Gonzalez,jessica.gonzalez4945@primepathdigital.com,PrimePath Digital,Social Media,SQL,63,,,,2023-02-17T00:00:00
4946,Nancy,Moore,nancy.moore4946@innovateco.com,InnovateCo,Paid Search,Working,54,,,,2024-04-28T00:00:00
4947,Barbara,Brown,barbara.brown4947@brightwavetech.com,BrightWave Tech,Inbound - Webinar,Working,60,,,,2020-08-04T00:00:00
4948,Lisa,Garcia,lisa.garcia4948@metasync.com,MetaSync,Outbound - SDR,MQL,87,,,,2021-04-10T00:00:00
4949,Nancy,Davis,nancy.davis4949@futureforge.com,FutureForge,Product-Led,SQL,99,,,,2023-07-04T00:00:00
4950,Lisa,Lee,lisa.lee4950@innovateco.com,InnovateCo,Inbound - Webinar,Working,62,,,,2020-06-14T00:00:00
4951,David,Brown,david.brown4951@techflowinc.com,TechFlow Inc,Inbound - Web,SQL,82,,,,2020-07-05T00:00:00
4952,Nancy,Jones,nancy.jones4952@scaleupsystems.com,ScaleUp Systems,Outbound - SDR,Disqualified,22,,,,2020-04-07T00:00:00
4953,Thomas,Garcia,thomas.garcia4953@databridgecorp.com,DataBridge Corp,Inbound - Webinar,Nurture,67,,,,2020-07-23T00:00:00
4954,Joseph,Lee,joseph.lee4954@techflowinc.com,TechFlow Inc,Partner Referral,Working,12,,,,2022-12-13T00:00:00
4955,William,Johnson,william.johnson4955@corestack.com,CoreStack,Inbound - Webinar,Converted,77,4552,934,2023-04-23,2023-03-08T00:00:00
4956,John,Taylor,john.taylor4956@scaleupsystems.com,ScaleUp Systems,Inbound - Content,SQL,58,,,,2021-02-19T00:00:00
4957,John,Taylor,john.taylor4957@cloudscalesystems.com,CloudScale Systems,Product-Led,SQL,86,,,,2022-04-06T00:00:00
4958,Daniel,Martin,daniel.martin4958@vertexai.com,VertexAI,Inbound - Webinar,Working,10,,,,2021-08-14T00:00:00
4959,Sarah,Gonzalez,sarah.gonzalez4959@techflowinc.com,TechFlow Inc,Inbound - Webinar,Converted,66,3620,79,2024-01-01,2023-10-20T00:00:00
4960,Thomas,Thomas,thomas.thomas4960@cybervault.com,CyberVault,Inbound - Webinar,Converted,79,761,596,2023-10-18,2023-10-08T00:00:00
4961,John,Jackson,john.jackson4961@truenorthdata.com,TrueNorth Data,Partner Referral,SQL,92,,,,2022-04-22T00:00:00
4962,Christopher,Garcia,christopher.garcia4962@nexgensolutions.com,NexGen Solutions,Product-Led,MQL,80,,,,2021-08-27T00:00:00
4963,Daniel,Jones,daniel.jones4963@metasync.com,MetaSync,Product-Led,Nurture,38,,,,2024-07-24T00:00:00
4964,Elizabeth,Martinez,elizabeth.martinez4964@quantumlogiclabs.com,QuantumLogic Labs,Inbound - Content,Converted,77,3671,676,2024-04-06,2024-03-18T00:00:00
4965,Susan,Smith,susan.smith4965@cloudscalesystems.com,CloudScale Systems,Inbound - Webinar,Disqualified,6,,,,2024-02-07T00:00:00
4966,James,Lee,james.lee4966@brightwavetech.com,BrightWave Tech,Product-Led,MQL,63,,,,2024-12-11T00:00:00
4967,Karen,Jones,karen.jones4967@cybervault.com,CyberVault,Inbound - Content,Nurture,60,,,,2021-10-09T00:00:00
4968,Richard,Rodriguez,richard.rodriguez4968@quantumlogiclabs.com,QuantumLogic Labs,Inbound - Content,Working,30,,,,2022-04-28T00:00:00
4969,Robert,Williams,robert.williams4969@nexgensolutions.com,NexGen Solutions,Product-Led,Disqualified,-2,,,,2022-12-21T00:00:00
4970,Elizabeth,Davis,elizabeth.davis4970@databridgecorp.com,DataBridge Corp,Outbound - SDR,New,-59,,,,2023-11-28T00:00:00
4971,Richard,Thomas,richard.thomas4971@insightplatforms.com,Insight Platforms,Outbound - SDR,New,67,,,,2024-08-13T00:00:00
4972,Richard,Williams,richard.williams4972@scaleupsystems.com,ScaleUp Systems,Event,Working,38,,,,2020-05-06T00:00:00
4973,Barbara,Lopez,barbara.lopez4973@techflowinc.com,TechFlow Inc,Partner Referral,Working,22,,,,2022-10-30T00:00:00
4974,John,Johnson,john.johnson4974@corestack.com,CoreStack,Inbound - Webinar,Working,46,,,,2024-03-28T00:00:00
4975,Mary,Williams,mary.williams4975@brightwavetech.com,BrightWave Tech,Inbound - Content,New,60,,,,2022-02-10T00:00:00
4976,Thomas,Hernandez,thomas.hernandez4976@cybervault.com,CyberVault,Inbound - Webinar,New,69,,,,2021-12-02T00:00:00
4977,Daniel,Rodriguez,daniel.rodriguez4977@streamlineanalytics.com,StreamLine Analytics,Product-Led,Converted,52,2324,475,2024-04-06,2024-03-30T00:00:00
4978,Linda,Anderson,linda.anderson4978@insightplatforms.com,Insight Platforms,Product-Led,Converted,67,4619,547,2024-12-06,2024-09-28T00:00:00
4979,Richard,Thomas,richard.thomas4979@techflowinc.com,TechFlow Inc,Inbound - Web,Converted,71,4135,50,2023-02-01,2022-11-30T00:00:00
4980,Christopher,Lee,christopher.lee4980@brightwavetech.com,BrightWave Tech,Partner Referral,Converted,78,2206,811,2022-11-04,2022-08-20T00:00:00
4981,Thomas,Lee,thomas.lee4981@vertexai.com,VertexAI,Outbound - SDR,MQL,94,,,,2021-04-08T00:00:00
4982,Daniel,Johnson,daniel.johnson4982@nexgensolutions.com,NexGen Solutions,Outbound - Cold,SQL,67,,,,2020-01-23T00:00:00
4983,Barbara,Smith,barbara.smith4983@primepathdigital.com,PrimePath Digital,Social Media,Working,56,,,,2020-06-28T00:00:00
4984,Christopher,Moore,christopher.moore4984@cloudscalesystems.com,CloudScale Systems,Inbound - Web,Converted,78,3176,805,2024-12-12,2024-12-16T00:00:00
4985,Jennifer,Thompson,jennifer.thompson4985@futureforge.com,FutureForge,Outbound - SDR,Working,39,,,,2022-02-12T00:00:00
4986,Michael,Rodriguez,michael.rodriguez4986@metasync.com,MetaSync,Inbound - Webinar,Working,25,,,,2023-04-12T00:00:00
4987,Susan,Brown,susan.brown4987@brightwavetech.com,BrightWave Tech,Outbound - SDR,Working,20,,,,2024-03-25T00:00:00
4988,Elizabeth,Smith,elizabeth.smith4988@pulsepointdigital.com,PulsePoint Digital,Outbound - Cold,New,12,,,,2024-01-07T00:00:00
4989,Robert,Anderson,robert.anderson4989@quantumlogiclabs.com,QuantumLogic Labs,Outbound - Cold,MQL,63,,,,2022-01-08T00:00:00
4990,Lisa,Thompson,,PrimePath Digital,Event,Converted,77,2644,668,2024-06-07,2024-04-04T00:00:00
4991,Daniel,Lopez,daniel.lopez4991@cloudscalesystems.com,CloudScale Systems,Event,Disqualified,29,,,,2022-08-29T00:00:00
4992,Mary,Garcia,mary.garcia4992@innovateco.com,InnovateCo,Outbound - SDR,New,11,,,,2020-02-28T00:00:00
4993,Elizabeth,Thomas,elizabeth.thomas4993@pulsepointdigital.com,PulsePoint Digital,Social Media,Disqualified,26,,,,2022-08-06T00:00:00
4994,Barbara,Johnson,barbara.johnson4994@cloudscalesystems.com,CloudScale Systems,Inbound - Webinar,Working,18,,,,2022-02-23T00:00:00
4995,Thomas,Rodriguez,thomas.rodriguez4995@scaleupsystems.com,ScaleUp Systems,Paid Search,Working,70,,,,2022-04-28T00:00:00
4996,Susan,Gonzalez,susan.gonzalez4996@databridgecorp.com,DataBridge Corp,Paid Search,Disqualified,25,,,,2023-05-06T00:00:00
4997,Patricia,Lee,patricia.lee4997@metasync.com,MetaSync,Inbound - Content,Nurture,61,,,,2024-02-26T00:00:00
4998,David,Hernandez,david.hernandez4998@primepathdigital.com,PrimePath Digital,Social Media,Converted,60,107,329,2023-11-24,2023-11-04T00:00:00
4999,Thomas,Wilson,thomas.wilson4999@cybervault.com,CyberVault,Partner Referral,Converted,64,3144,461,2022-02-20,2021-12-10T00:00:00
5000,Lisa,Thomas,lisa.thomas5000@primepathdigital.com,PrimePath Digital,Social Media,Working,68,,,,2020-04-20T00:00:00
5001,Sarah,Rodriguez,sarah.rodriguez5001@insightplatforms.com,Insight Platforms,Product-Led,MQL,64,,,,2020-08-12T00:00:00
5002,Sarah,Miller,sarah.miller5002@cloudscalesystems.com,CloudScale Systems,Outbound - Cold,Disqualified,8,,,,2023-02-18T00:00:00
5003,Barbara,Rodriguez,barbara.rodriguez5003@brightwavetech.com,BrightWave Tech,Inbound - Content,Disqualified,8,,,,2022-01-06T00:00:00
5004,Richard,Wilson,richard.wilson5004@vertexai.com,VertexAI,Inbound - Webinar,Converted,85,3371,424,2024-12-06,2024-10-08T00:00:00
5005,Susan,Thompson,susan.thompson5005@truenorthdata.com,TrueNorth Data,Inbound - Webinar,SQL,70,,,,2021-08-06T00:00:00
5006,Jennifer,Gonzalez,jennifer.gonzalez5006@databridgecorp.com,DataBridge Corp,Paid Search,MQL,100,,,,2023-09-08T00:00:00
5007,Michael,Smith,michael.smith,RapidCloud,Social Media,SQL,66,,,,2021-11-23T00:00:00
5008,Joseph,Williams,joseph.williams,RapidCloud,Outbound - SDR,Converted,59,2285,453,2020-10-15,2020-07-27T00:00:00
5009,Karen,Gonzalez,karen.gonzalez5009@cybervault.com,CyberVault,Product-Led,Converted,93,3336,510,2024-06-07,2024-03-29T00:00:00
5010,Robert,Moore,robert.moore5010@techflowinc.com,TechFlow Inc,Social Media,Converted,64,352,741,2023-10-07,2023-09-07T00:00:00
5011,Charles,Anderson,charles.anderson5011@agiledynamics.com,Agile Dynamics,Inbound - Web,Nurture,38,,,,2021-11-13T00:00:00
5012,Mary,Martin,mary.martin5012@insightplatforms.com,Insight Platforms,Social Media,SQL,98,,,,2021-07-25T00:00:00
5013,Joseph,Jackson,joseph.jackson5013@agiledynamics.com,Agile Dynamics,,MQL,50,,,,2023-10-19T00:00:00
5014,Nancy,Miller,nancy.miller5014@metasync.com,MetaSync,Inbound - Webinar,Working,26,,,,2020-08-18T00:00:00
5015,Michael,Smith,michael.smith5015@cloudscalesystems.com,CloudScale Systems,Inbound - Web,Converted,62,3094,781,2023-08-06,2023-05-31T00:00:00
5016,Jessica,Lopez,jessica.lopez5016@streamlineanalytics.com,StreamLine Analytics,Inbound - Web,Working,67,,,,2022-02-13T00:00:00
5017,Barbara,Davis,barbara.davis5017@futureforge.com,FutureForge,Inbound - Content,Converted,67,950,239,2024-11-11,2024-09-02T00:00:00
5018,Mary,Martinez,mary.martinez5018@insightplatforms.com,Insight Platforms,Outbound - Cold,New,39,,,,2021-06-02T00:00:00
5019,Christopher,Garcia,christopher.garcia5019@truenorthdata.com,TrueNorth Data,Product-Led,Working,35,,,,2024-03-19T00:00:00
5020,Jessica,Martin,jessica.martin5020@corestack.com,CoreStack,Partner Referral,Nurture,27,,,,2021-06-19T00:00:00
5021,Susan,Garcia,,VertexAI,Social Media,SQL,79,,,,2020-04-29T00:00:00
5022,John,Brown,john.brown5022@agiledynamics.com,Agile Dynamics,Inbound - Webinar,MQL,62,,,,2022-08-22T00:00:00
5023,Jessica,Miller,jessica.miller5023@futureforge.com,FutureForge,Event,MQL,65,,,,2024-02-20T00:00:00
5024,Jessica,Thompson,jessica.thompson5024@primepathdigital.com,PrimePath Digital,Product-Led,Converted,94,2895,721,2022-02-17,2021-12-16T00:00:00
5025,Susan,Jackson,susan.jackson5025@corestack.com,CoreStack,Inbound - Content,Nurture,24,,,,2024-05-14T00:00:00
5026,James,Martin,james.martin5026@futureforge.com,FutureForge,Inbound - Content,SQL,51,,,,2021-02-14T00:00:00
5027,Karen,Moore,karen.moore5027@cloudscalesystems.com,CloudScale Systems,Outbound - Cold,MQL,66,,,,2021-05-14T00:00:00
5028,Lisa,Wilson,lisa.wilson5028@pulsepointdigital.com,PulsePoint Digital,Inbound - Webinar,New,-43,,,,2020-01-21T00:00:00
5029,Jennifer,Garcia,jennifer.garcia5029@agiledynamics.com,Agile Dynamics,Inbound - Web,New,17,,,,2021-11-09T00:00:00
5030,Richard,Martin,,CloudScale Systems,Outbound - Cold,Working,60,,,,2024-09-15T00:00:00
5031,Patricia,Jones,patricia.jones5031@scaleupsystems.com,ScaleUp Systems,Outbound - SDR,Working,42,,,,2020-08-30T00:00:00
5032,Elizabeth,Jones,elizabeth.jones5032@cloudscalesystems.com,CloudScale Systems,Partner Referral,Disqualified,22,,,,2022-08-08T00:00:00
5033,Daniel,Thomas,daniel.thomas5033@pulsepointdigital.com,PulsePoint Digital,Social Media,MQL,72,,,,2024-03-15T00:00:00
5034,Robert,Martinez,robert.martinez5034@innovateco.com,InnovateCo,Inbound - Content,MQL,75,,,,2022-03-11T00:00:00
5035,Sarah,Hernandez,sarah.hernandez5035@rapidcloud.com,RapidCloud,Inbound - Web,Working,62,,,,2021-07-21T00:00:00
5036,Lisa,Wilson,lisa.wilson5036@agiledynamics.com,Agile Dynamics,Social Media,SQL,96,,,,2022-12-26T00:00:00
5037,Robert,Williams,robert.williams5037@scaleupsystems.com,ScaleUp Systems,Social Media,SQL,83,,,,2024-03-15T00:00:00
5038,Charles,Williams,charles.williams5038@cloudscalesystems.com,CloudScale Systems,Partner Referral,Nurture,27,,,,2022-04-16T00:00:00
5039,Patricia,Davis,patricia.davis5039@techflowinc.com,TechFlow Inc,Social Media,Converted,-95,4127,601,2024-07-26,2024-06-03T00:00:00
5040,Michael,Thomas,michael.thomas5040@metasync.com,MetaSync,Inbound - Web,Converted,99,1423,356,2022-05-21,2022-04-09T00:00:00
5041,Karen,Jackson,karen.jackson5041@techflowinc.com,TechFlow Inc,Inbound - Content,Disqualified,24,,,,2023-09-18T00:00:00
5042,Lisa,Martin,lisa.martin5042@primepathdigital.com,PrimePath Digital,,New,32,,,,2024-07-28T00:00:00
5043,Sarah,Smith,sarah.smith5043@pulsepointdigital.com,PulsePoint Digital,Partner Referral,Working,67,,,,2024-03-25T00:00:00
5044,David,Moore,david.moore5044@insightplatforms.com,Insight Platforms,Inbound - Web,Working,61,,,,2024-05-26T00:00:00
5045,Mary,Davis,mary.davis5045@innovateco.com,InnovateCo,Inbound - Web,Converted,59,977,161,2024-05-28,2024-05-11T00:00:00
5046,Jessica,Jackson,,BrightWave Tech,Outbound - Cold,Converted,55,323,700,2024-12-03,2024-10-09T00:00:00
5047,Jennifer,Garcia,jennifer.garcia5047@innovateco.com,InnovateCo,Event,SQL,80,,,,2022-01-11T00:00:00
5048,Daniel,Anderson,daniel.anderson5048@databridgecorp.com,DataBridge Corp,Paid Search,MQL,89,,,,2023-10-01T00:00:00
5049,Thomas,Miller,thomas.miller5049@futureforge.com,FutureForge,Inbound - Webinar,Nurture,39,,,,2022-07-04T00:00:00
5050,Thomas,Martin,thomas.martin5050@primepathdigital.com,PrimePath Digital,Paid Search,Disqualified,1,,,,2020-03-03T00:00:00
5051,Patricia,Wilson,patricia.wilson5051@primepathdigital.com,PrimePath Digital,Inbound - Content,Disqualified,2,,,,2021-02-24T00:00:00
5052,Barbara,Jackson,barbara.jackson5052@pulsepointdigital.com,PulsePoint Digital,Event,Converted,77,77,423,2023-09-26,2023-08-12T00:00:00
5053,Elizabeth,Martin,elizabeth.martin5053@pulsepointdigital.com,PulsePoint Digital,Event,Disqualified,4,,,,2021-06-22T00:00:00
5054,Michael,Taylor,michael.taylor5054@nexgensolutions.com,NexGen Solutions,Inbound - Webinar,MQL,80,,,,2020-03-16T00:00:00
5055,Jennifer,Jones,jennifer.jones5055@innovateco.com,InnovateCo,Partner Referral,Nurture,17,,,,2023-11-23T00:00:00
5056,Patricia,Williams,patricia.williams5056@metasync.com,MetaSync,Product-Led,Disqualified,19,,,,2020-12-12T00:00:00
5057,Charles,Rodriguez,charles.rodriguez5057@brightwavetech.com,BrightWave Tech,Inbound - Content,New,-64,,,,2024-01-16T00:00:00
5058,Daniel,Taylor,daniel.taylor5058@cloudscalesystems.com,CloudScale Systems,Outbound - Cold,Nurture,23,,,,2024-02-12T00:00:00
5059,John,Martinez,john.martinez5059@databridgecorp.com,DataBridge Corp,Paid Search,Converted,100,2732,775,2024-09-02,2024-06-26T00:00:00
5060,Michael,Miller,michael.miller5060@streamlineanalytics.com,StreamLine Analytics,Social Media,Nurture,17,,,,2021-11-04T00:00:00
5061,Elizabeth,Smith,elizabeth.smith5061@futureforge.com,FutureForge,Product-Led,Working,47,,,,2020-08-31T00:00:00
5062,Daniel,Gonzalez,daniel.gonzalez5062@brightwavetech.com,BrightWave Tech,Partner Referral,MQL,-52,,,,2022-08-10T00:00:00
5063,Karen,Davis,karen.davis5063@rapidcloud.com,RapidCloud,Product-Led,Converted,75,4238,529,2021-05-28,2021-04-02T00:00:00
5064,Richard,Taylor,richard.taylor5064@metasync.com,MetaSync,Inbound - Web,Nurture,39,,,,2021-04-29T00:00:00
5065,Thomas,Taylor,thomas.taylor5065@truenorthdata.com,TrueNorth Data,Event,Disqualified,2,,,,2024-02-12T00:00:00
5066,Linda,Anderson,linda.anderson5066@streamlineanalytics.com,StreamLine Analytics,Inbound - Content,New,50,,,,2024-03-24T00:00:00
5067,Charles,Gonzalez,,BrightWave Tech,Social Media,SQL,85,,,,2020-09-28T00:00:00
5068,Richard,Taylor,richard.taylor5068@databridgecorp.com,DataBridge Corp,Outbound - SDR,New,53,,,,2024-11-28T00:00:00
5069,Mary,Taylor,mary.taylor5069@streamlineanalytics.com,StreamLine Analytics,Paid Search,New,26,,,,2024-07-27T00:00:00
5070,Jessica,Davis,jessica.davis5070@pulsepointdigital.com,PulsePoint Digital,Inbound - Web,Working,15,,,,2023-07-31T00:00:00
5071,James,Brown,james.brown5071@rapidcloud.com,RapidCloud,Paid Search,Converted,66,2866,294,2024-04-23,2024-04-17T00:00:00
5072,James,Thomas,james.thomas5072@primepathdigital.com,PrimePath Digital,Product-Led,SQL,94,,,,2024-11-02T00:00:00
5073,Michael,Garcia,michael.garcia5073@innovateco.com,InnovateCo,Partner Referral,SQL,98,,,,2020-10-27T00:00:00
5074,Jessica,Thomas,jessica.thomas5074@cloudscalesystems.com,CloudScale Systems,Social Media,MQL,67,,,,2022-10-14T00:00:00
5075,Patricia,Taylor,patricia.taylor5075@innovateco.com,InnovateCo,Paid Search,MQL,64,,,,2020-05-30T00:00:00
5076,Richard,Wilson,richard.wilson5076@vertexai.com,VertexAI,Partner Referral,Converted,66,3487,526,2020-04-10,2020-01-24T00:00:00
5077,Joseph,Johnson,joseph.johnson5077@agiledynamics.com,Agile Dynamics,Outbound - SDR,MQL,68,,,,2021-04-27T00:00:00
5078,John,Thomas,john.thomas,InnovateCo,Paid Search,Converted,60,1527,363,2024-12-16,2024-10-30T00:00:00
5079,Jennifer,Moore,jennifer.moore5079@innovateco.com,InnovateCo,Event,Working,22,,,,2023-08-20T00:00:00
5080,Elizabeth,Wilson,elizabeth.wilson5080@streamlineanalytics.com,StreamLine Analytics,Outbound - SDR,Disqualified,9,,,,2023-02-18T00:00:00
5081,Patricia,Williams,patricia.williams5081@futureforge.com,FutureForge,Inbound - Content,Disqualified,23,,,,2021-02-24T00:00:00
5082,Elizabeth,Gonzalez,elizabeth.gonzalez5082@brightwavetech.com,BrightWave Tech,Inbound - Web,Converted,55,4128,56,2021-10-06,2021-08-13T00:00:00
5083,Michael,Smith,michael.smith5083@rapidcloud.com,RapidCloud,Outbound - Cold,Disqualified,11,,,,2020-01-30T00:00:00
5084,Jennifer,Jones,jennifer.jones5084@cybervault.com,CyberVault,Partner Referral,Nurture,19,,,,2024-01-28T00:00:00
5085,Daniel,Davis,daniel.davis5085@brightwavetech.com,BrightWave Tech,Inbound - Content,Disqualified,0,,,,2021-10-23T00:00:00
5086,Thomas,Thomas,thomas.thomas5086@pulsepointdigital.com,PulsePoint Digital,Outbound - SDR,Disqualified,3,,,,2022-08-21T00:00:00
5087,Daniel,Garcia,daniel.garcia5087@quantumlogiclabs.com,QuantumLogic Labs,Outbound - Cold,MQL,83,,,,2022-09-20T00:00:00
5088,Richard,Martin,,InnovateCo,Paid Search,Converted,61,4547,513,2023-04-07,2023-04-01T00:00:00
5089,Nancy,Gonzalez,nancy.gonzalez5089@corestack.com,CoreStack,Outbound - SDR,Converted,90,3296,271,2024-07-31,2024-07-22T00:00:00
5090,Charles,Miller,charles.miller5090@quantumlogiclabs.com,QuantumLogic Labs,Outbound - Cold,New,-25,,,,2024-02-06T00:00:00
5091,Jennifer,Williams,jennifer.williams5091@innovateco.com,InnovateCo,Event,Converted,94,3193,719,2021-08-22,2021-08-23T00:00:00
5092,Michael,Lopez,michael.lopez5092@vertexai.com,VertexAI,Product-Led,Converted,92,471,882,2023-08-10,2023-07-04T00:00:00
5093,Joseph,Miller,joseph.miller5093@futureforge.com,FutureForge,,Converted,90,906,895,2024-12-05,2024-09-26T00:00:00
5094,Robert,Moore,robert.moore5094@scaleupsystems.com,ScaleUp Systems,Outbound - SDR,MQL,79,,,,2024-10-09T00:00:00
5095,David,Williams,david.williams5095@cloudscalesystems.com,CloudScale Systems,Outbound - SDR,MQL,93,,,,2022-01-29T00:00:00
5096,Charles,Williams,charles.williams5096@pulsepointdigital.com,PulsePoint Digital,Product-Led,Working,55,,,,2021-09-20T00:00:00
5097,Lisa,Thomas,lisa.thomas5097@innovateco.com,InnovateCo,Event,SQL,93,,,,2020-07-10T00:00:00
5098,Michael,Jackson,michael.jackson5098@rapidcloud.com,RapidCloud,Outbound - Cold,Disqualified,2,,,,2023-03-19T00:00:00
5099,Sarah,Johnson,sarah.johnson5099@databridgecorp.com,DataBridge Corp,,Converted,58,4187,980,2023-11-04,2023-10-22T00:00:00
5100,John,Lee,john.lee5100@rapidcloud.com,RapidCloud,,Nurture,57,,,,2022-09-28T00:00:00
5101,Sarah,Thomas,sarah.thomas5101@innovateco.com,InnovateCo,Event,Disqualified,9,,,,2024-10-19T00:00:00
5102,Thomas,Brown,thomas.brown5102@databridgecorp.com,DataBridge Corp,Paid Search,Converted,69,4977,101,2024-06-28,2024-05-01T00:00:00
5103,Lisa,Taylor,lisa.taylor5103@techflowinc.com,TechFlow Inc,Partner Referral,SQL,50,,,,2022-01-04T00:00:00
5104,David,Williams,david.williams5104@primepathdigital.com,PrimePath Digital,Social Media,Disqualified,4,,,,2020-04-26T00:00:00
5105,William,Jackson,william.jackson5105@innovateco.com,InnovateCo,Social Media,Disqualified,7,,,,2023-10-03T00:00:00
5106,David,Rodriguez,david.rodriguez5106@vertexai.com,VertexAI,Partner Referral,Converted,61,3333,237,2024-12-05,2024-10-08T00:00:00
5107,Thomas,Jackson,thomas.jackson5107@corestack.com,CoreStack,Event,Converted,87,3009,600,2021-02-03,2021-01-29T00:00:00
5108,Robert,Anderson,robert.anderson5108@brightwavetech.com,BrightWave Tech,Paid Search,Working,24,,,,2020-02-10T00:00:00
5109,Jennifer,Gonzalez,jennifer.gonzalez5109@pulsepointdigital.com,PulsePoint Digital,Social Media,MQL,71,,,,2022-12-05T00:00:00
5110,Michael,Gonzalez,michael.gonzalez5110@quantumlogiclabs.com,QuantumLogic Labs,Inbound - Content,Converted,79,1870,962,2024-10-26,2024-10-16T00:00:00
5111,Richard,Jackson,richard.jackson5111@streamlineanalytics.com,StreamLine Analytics,Outbound - SDR,Converted,54,3601,767,2024-12-13,2024-11-18T00:00:00
5112,Sarah,Thompson,sarah.thompson5112@brightwavetech.com,BrightWave Tech,Partner Referral,SQL,99,,,,2024-02-12T00:00:00
5113,Lisa,Hernandez,lisa.hernandez5113@innovateco.com,InnovateCo,Event,New,23,,,,2021-09-10T00:00:00
5114,David,Jones,david.jones5114@truenorthdata.com,TrueNorth Data,Inbound - Webinar,MQL,51,,,,2020-01-27T00:00:00
5115,Lisa,Martinez,lisa.martinez5115@truenorthdata.com,TrueNorth Data,Partner Referral,Converted,56,2707,764,2021-06-30,2021-05-02T00:00:00
5116,Michael,Anderson,michael.anderson5116@nexgensolutions.com,NexGen Solutions,Inbound - Content,Working,-36,,,,2023-10-16T00:00:00
5117,Linda,Anderson,linda.anderson5117@quantumlogiclabs.com,QuantumLogic Labs,Outbound - SDR,Converted,76,184,9,2024-09-29,2024-08-13T00:00:00
5118,Christopher,Wilson,christopher.wilson5118@cloudscalesystems.com,CloudScale Systems,Outbound - SDR,MQL,53,,,,2021-03-29T00:00:00
5119,Robert,Martinez,robert.martinez5119@brightwavetech.com,BrightWave Tech,Inbound - Webinar,Converted,50,4835,886,2023-09-06,2023-07-10T00:00:00
5120,Susan,Brown,susan.brown5120@scaleupsystems.com,ScaleUp Systems,Social Media,Disqualified,11,,,,2023-06-04T00:00:00
5121,Lisa,Brown,lisa.brown5121@brightwavetech.com,BrightWave Tech,Outbound - Cold,SQL,77,,,,2024-07-11T00:00:00
5122,Sarah,Garcia,sarah.garcia5122@pulsepointdigital.com,PulsePoint Digital,,Nurture,34,,,,2022-06-03T00:00:00
5123,Mary,Miller,mary.miller5123@brightwavetech.com,BrightWave Tech,Inbound - Content,New,10,,,,2022-12-12T00:00:00
5124,David,Rodriguez,david.rodriguez5124@cybervault.com,CyberVault,Inbound - Webinar,SQL,80,,,,2020-10-10T00:00:00
5125,Patricia,Martinez,patricia.martinez5125@pulsepointdigital.com,PulsePoint Digital,Social Media,Nurture,11,,,,2020-03-30T00:00:00
5126,Jessica,Thompson,jessica.thompson5126@databridgecorp.com,DataBridge Corp,Outbound - Cold,MQL,73,,,,2022-10-17T00:00:00
5127,Barbara,Johnson,barbara.johnson5127@cybervault.com,CyberVault,Outbound - SDR,MQL,87,,,,2020-08-21T00:00:00
5128,Sarah,Taylor,sarah.taylor5128@agiledynamics.com,Agile Dynamics,Outbound - SDR,Nurture,14,,,,2021-06-23T00:00:00
5129,John,Johnson,john.johnson5129@vertexai.com,VertexAI,Outbound - Cold,SQL,90,,,,2021-08-09T00:00:00
5130,Joseph,Thomas,joseph.thomas5130@nexgensolutions.com,NexGen Solutions,Paid Search,Converted,50,3594,81,2024-05-09,2024-02-29T00:00:00
5131,Linda,Moore,linda.moore5131@futureforge.com,FutureForge,Paid Search,New,49,,,,2023-06-29T00:00:00
5132,James,Hernandez,james.hernandez5132@nexgensolutions.com,NexGen Solutions,Product-Led,New,44,,,,2020-02-10T00:00:00
5133,Barbara,Hernandez,barbara.hernandez5133@techflowinc.com,TechFlow Inc,Partner Referral,MQL,52,,,,2022-10-04T00:00:00
5134,Richard,Lee,richard.lee5134@rapidcloud.com,RapidCloud,Outbound - SDR,MQL,93,,,,2020-02-13T00:00:00
5135,Joseph,Martinez,joseph.martinez5135@vertexai.com,VertexAI,Social Media,MQL,51,,,,2024-08-08T00:00:00
5136,Robert,Jackson,robert.jackson5136@cybervault.com,CyberVault,Event,SQL,71,,,,2024-08-12T00:00:00
5137,Robert,Taylor,robert.taylor5137@innovateco.com,InnovateCo,Inbound - Web,New,32,,,,2022-08-31T00:00:00
5138,Elizabeth,Jones,elizabeth.jones5138@insightplatforms.com,Insight Platforms,Partner Referral,SQL,-66,,,,2022-11-25T00:00:00
5139,Karen,Lopez,karen.lopez5139@metasync.com,MetaSync,Paid Search,Converted,63,4557,675,2023-01-26,2023-01-20T00:00:00
5140,Barbara,Smith,barbara.smith5140@agiledynamics.com,Agile Dynamics,Social Media,Working,45,,,,2020-01-14T00:00:00
5141,Robert,Lee,robert.lee5141@quantumlogiclabs.com,QuantumLogic Labs,Event,Working,27,,,,2024-12-17T00:00:00
5142,Jessica,Lee,jessica.lee5142@techflowinc.com,TechFlow Inc,Inbound - Web,New,23,,,,2020-03-22T00:00:00
5143,Lisa,Taylor,lisa.taylor5143@nexgensolutions.com,NexGen Solutions,Inbound - Webinar,Working,57,,,,2021-01-28T00:00:00
5144,Elizabeth,Davis,elizabeth.davis5144@cybervault.com,CyberVault,Inbound - Webinar,New,13,,,,2023-08-14T00:00:00
5145,Robert,Lee,robert.lee5145@scaleupsystems.com,ScaleUp Systems,Partner Referral,New,31,,,,2024-12-04T00:00:00
5146,Karen,Thomas,karen.thomas5146@truenorthdata.com,TrueNorth Data,Social Media,New,22,,,,2024-05-09T00:00:00
5147,Jessica,Lee,jessica.lee5147@cybervault.com,CyberVault,Paid Search,Converted,61,2894,196,2024-05-19,2024-05-25T00:00:00
5148,Patricia,Smith,patricia.smith,PulsePoint Digital,Inbound - Content,Converted,80,2906,22,2023-04-13,2023-03-03T00:00:00
5149,Charles,Davis,charles.davis5149@corestack.com,CoreStack,Inbound - Content,MQL,63,,,,2020-04-04T00:00:00
5150,John,Hernandez,john.hernandez5150@quantumlogiclabs.com,QuantumLogic Labs,Inbound - Webinar,Converted,68,1718,266,2023-12-21,2023-10-31T00:00:00
5151,David,Lopez,david.lopez5151@techflowinc.com,TechFlow Inc,Outbound - Cold,SQL,51,,,,2024-10-26T00:00:00
5152,William,Anderson,william.anderson5152@futureforge.com,FutureForge,Event,SQL,56,,,,2021-09-06T00:00:00
5153,Christopher,Anderson,christopher.anderson5153@corestack.com,CoreStack,Inbound - Web,Converted,97,3784,99,2022-11-09,2022-09-20T00:00:00
5154,Jessica,Moore,jessica.moore5154@futureforge.com,FutureForge,Partner Referral,Nurture,14,,,,2022-02-26T00:00:00
5155,Lisa,Jones,lisa.jones5155@streamlineanalytics.com,StreamLine Analytics,Outbound - Cold,Disqualified,19,,,,2022-02-12T00:00:00
5156,Karen,Lopez,karen.lopez5156@primepathdigital.com,PrimePath Digital,Inbound - Webinar,Working,22,,,,2024-08-28T00:00:00
5157,Mary,Hernandez,mary.hernandez5157@primepathdigital.com,PrimePath Digital,Paid Search,Converted,54,2953,186,2023-07-21,2023-06-28T00:00:00
5158,Daniel,Jones,daniel.jones5158@metasync.com,MetaSync,Paid Search,SQL,72,,,,2024-10-01T00:00:00
5159,Sarah,Moore,sarah.moore5159@cloudscalesystems.com,CloudScale Systems,Paid Search,Disqualified,25,,,,2022-05-17T00:00:00
5160,Charles,Taylor,,DataBridge Corp,Event,Disqualified,11,,,,2021-09-06T00:00:00
5161,John,Anderson,john.anderson5161@scaleupsystems.com,ScaleUp Systems,Event,New,59,,,,2024-11-10T00:00:00
5162,Thomas,Anderson,thomas.anderson5162@rapidcloud.com,RapidCloud,Inbound - Webinar,Converted,74,4509,971,2023-03-20,2023-02-07T00:00:00
5163,Daniel,Martin,daniel.martin5163@scaleupsystems.com,ScaleUp Systems,Social Media,Working,44,,,,2021-11-27T00:00:00
5164,Elizabeth,Thompson,elizabeth.thompson5164@pulsepointdigital.com,PulsePoint Digital,Outbound - Cold,Disqualified,4,,,,2024-03-31T00:00:00
5165,Nancy,Miller,nancy.miller5165@vertexai.com,VertexAI,,Disqualified,25,,,,2021-05-16T00:00:00
5166,Robert,Davis,robert.davis5166@vertexai.com,VertexAI,Inbound - Web,Working,54,,,,2020-08-22T00:00:00
5167,Patricia,Taylor,patricia.taylor5167@scaleupsystems.com,ScaleUp Systems,Inbound - Content,Converted,58,2724,109,2023-12-28,2023-11-23T00:00:00
5168,William,Thompson,william.thompson5168@cloudscalesystems.com,CloudScale Systems,Product-Led,Converted,85,1883,678,2024-10-07,2024-08-01T00:00:00
5169,David,Rodriguez,david.rodriguez5169@insightplatforms.com,Insight Platforms,Event,SQL,57,,,,2023-08-06T00:00:00
5170,Elizabeth,Lopez,elizabeth.lopez5170@truenorthdata.com,TrueNorth Data,Inbound - Webinar,MQL,60,,,,2020-02-09T00:00:00
5171,Robert,Lee,robert.lee5171@techflowinc.com,TechFlow Inc,Outbound - SDR,Working,35,,,,2023-09-07T00:00:00
5172,Barbara,Wilson,barbara.wilson5172@pulsepointdigital.com,PulsePoint Digital,Outbound - SDR,Working,43,,,,2024-09-25T00:00:00
5173,Linda,Brown,linda.brown,MetaSync,Outbound - Cold,Disqualified,18,,,,2020-04-03T00:00:00
5174,Jessica,Hernandez,jessica.hernandez5174@scaleupsystems.com,ScaleUp Systems,Outbound - Cold,MQL,77,,,,2023-02-15T00:00:00
5175,William,Moore,william.moore5175@cloudscalesystems.com,CloudScale Systems,Event,New,23,,,,2022-06-11T00:00:00
5176,Joseph,Jackson,joseph.jackson5176@corestack.com,CoreStack,,Converted,55,377,994,2024-11-22,2024-10-05T00:00:00
5177,William,Miller,william.miller5177@agiledynamics.com,Agile Dynamics,Paid Search,Working,51,,,,2023-02-11T00:00:00
5178,Susan,Jackson,susan.jackson5178@innovateco.com,InnovateCo,Inbound - Webinar,Disqualified,1,,,,2022-01-20T00:00:00
5179,James,Jones,james.jones5179@innovateco.com,InnovateCo,Product-Led,Converted,67,1321,55,2021-11-07,2021-09-17T00:00:00
5180,Sarah,Garcia,sarah.garcia5180@nexgensolutions.com,NexGen Solutions,Partner Referral,Converted,86,599,30,2024-07-16,2024-06-24T00:00:00
5181,Jennifer,Thompson,jennifer.thompson5181@cloudscalesystems.com,CloudScale Systems,Social Media,Disqualified,30,,,,2020-09-09T00:00:00
5182,Barbara,Rodriguez,barbara.rodriguez5182@cloudscalesystems.com,CloudScale Systems,Product-Led,Converted,98,4951,163,2024-07-27,2024-07-20T00:00:00
5183,William,Rodriguez,william.rodriguez5183@metasync.com,MetaSync,Product-Led,New,17,,,,2024-11-15T00:00:00
5184,Charles,Smith,charles.smith5184@databridgecorp.com,DataBridge Corp,Social Media,New,32,,,,2020-09-06T00:00:00
5185,Elizabeth,Lopez,elizabeth.lopez5185@streamlineanalytics.com,StreamLine Analytics,Outbound - Cold,New,40,,,,2020-08-16T00:00:00
5186,Lisa,Moore,lisa.moore5186@corestack.com,CoreStack,Paid Search,Disqualified,8,,,,2023-02-25T00:00:00
5187,Daniel,Miller,daniel.miller5187@databridgecorp.com,DataBridge Corp,Paid Search,Nurture,49,,,,2022-03-14T00:00:00
5188,Charles,Wilson,charles.wilson5188@databridgecorp.com,DataBridge Corp,Inbound - Web,Working,-14,,,,2024-09-07T00:00:00
5189,Patricia,Hernandez,patricia.hernandez5189@techflowinc.com,TechFlow Inc,Outbound - SDR,Converted,63,297,87,2024-04-24,2024-04-15T00:00:00
5190,Karen,Thompson,karen.thompson5190@cybervault.com,CyberVault,Outbound - Cold,SQL,63,,,,2020-09-21T00:00:00
5191,Robert,Thomas,robert.thomas5191@innovateco.com,InnovateCo,Outbound - SDR,SQL,84,,,,2021-09-03T00:00:00
5192,Linda,Jones,linda.jones5192@databridgecorp.com,DataBridge Corp,Inbound - Content,Converted,60,2174,148,2023-11-18,2023-11-22T00:00:00
5193,Jennifer,Jackson,jennifer.jackson5193@quantumlogiclabs.com,QuantumLogic Labs,Paid Search,MQL,56,,,,2021-11-25T00:00:00
5194,Mary,Gonzalez,mary.gonzalez5194@agiledynamics.com,Agile Dynamics,Inbound - Content,Disqualified,12,,,,2023-05-13T00:00:00
5195,William,Smith,william.smith5195@corestack.com,CoreStack,Social Media,Converted,82,3465,46,2023-05-03,2023-03-20T00:00:00
5196,Karen,Davis,karen.davis5196@scaleupsystems.com,ScaleUp Systems,Inbound - Web,New,39,,,,2020-05-24T00:00:00
5197,Elizabeth,Johnson,elizabeth.johnson5197@brightwavetech.com,BrightWave Tech,Outbound - SDR,MQL,69,,,,2021-09-25T00:00:00
5198,Richard,Smith,richard.smith5198@quantumlogiclabs.com,QuantumLogic Labs,Inbound - Web,SQL,70,,,,2024-12-01T00:00:00
5199,David,Gonzalez,david.gonzalez5199@quantumlogiclabs.com,QuantumLogic Labs,Inbound - Content,Converted,74,3508,296,2024-08-02,2024-06-08T00:00:00
5200,Daniel,Smith,daniel.smith5200@scaleupsystems.com,ScaleUp Systems,Outbound - SDR,MQL,55,,,,2022-05-18T00:00:00
5201,Elizabeth,Martin,elizabeth.martin5201@corestack.com,CoreStack,Outbound - SDR,Converted,85,2490,617,2024-12-11,2024-09-29T00:00:00
5202,James,Anderson,james.anderson5202@corestack.com,CoreStack,Paid Search,Working,37,,,,2023-05-19T00:00:00
5203,William,Taylor,william.taylor5203@cybervault.com,CyberVault,Product-Led,SQL,94,,,,2023-07-04T00:00:00
5204,Linda,Rodriguez,linda.rodriguez5204@futureforge.com,FutureForge,Outbound - Cold,MQL,80,,,,2022-02-10T00:00:00
5205,John,Thomas,john.thomas5205@primepathdigital.com,PrimePath Digital,Inbound - Content,Converted,88,3669,518,2024-04-10,2024-01-14T00:00:00
5206,Thomas,Davis,thomas.davis5206@streamlineanalytics.com,StreamLine Analytics,Inbound - Webinar,Converted,73,1327,704,2022-05-06,2022-04-22T00:00:00
5207,Karen,Davis,karen.davis5207@quantumlogiclabs.com,QuantumLogic Labs,Product-Led,Disqualified,12,,,,2022-03-28T00:00:00
5208,William,Wilson,william.wilson5208@brightwavetech.com,BrightWave Tech,Outbound - Cold,Working,69,,,,2020-09-01T00:00:00
5209,Barbara,Rodriguez,barbara.rodriguez5209@metasync.com,MetaSync,Outbound - Cold,MQL,50,,,,2022-05-31T00:00:00
5210,William,Lopez,william.lopez5210@metasync.com,MetaSync,Partner Referral,Disqualified,4,,,,2024-04-16T00:00:00
5211,Lisa,Miller,lisa.miller5211@primepathdigital.com,PrimePath Digital,Event,SQL,90,,,,2021-11-28T00:00:00
5212,Joseph,Jackson,joseph.jackson5212@streamlineanalytics.com,StreamLine Analytics,Inbound - Content,MQL,58,,,,2023-08-28T00:00:00
5213,John,Martin,john.martin5213@databridgecorp.com,DataBridge Corp,Inbound - Web,Nurture,65,,,,2020-03-23T00:00:00
5214,Michael,Johnson,michael.johnson5214@primepathdigital.com,PrimePath Digital,Product-Led,New,38,,,,2024-11-29T00:00:00
5215,Karen,Moore,karen.moore5215@primepathdigital.com,PrimePath Digital,Outbound - SDR,Disqualified,23,,,,2022-09-25T00:00:00
5216,James,Hernandez,james.hernandez5216@vertexai.com,VertexAI,Inbound - Webinar,SQL,76,,,,2024-04-15T00:00:00
5217,Christopher,Martin,christopher.martin5217@corestack.com,CoreStack,Inbound - Web,SQL,61,,,,2024-01-03T00:00:00
5218,Daniel,Williams,daniel.williams5218@vertexai.com,VertexAI,Partner Referral,MQL,98,,,,2024-05-02T00:00:00
5219,Christopher,Wilson,christopher.wilson5219@rapidcloud.com,RapidCloud,Social Media,Disqualified,26,,,,2023-08-02T00:00:00
5220,Elizabeth,Gonzalez,elizabeth.gonzalez5220@pulsepointdigital.com,PulsePoint Digital,Inbound - Content,Working,10,,,,2023-11-07T00:00:00
5221,William,Davis,william.davis5221@futureforge.com,FutureForge,Paid Search,Disqualified,12,,,,2022-04-12T00:00:00
5222,Thomas,Rodriguez,thomas.rodriguez5222@streamlineanalytics.com,StreamLine Analytics,Product-Led,MQL,78,,,,2022-08-28T00:00:00
5223,Elizabeth,Jackson,elizabeth.jackson5223@databridgecorp.com,DataBridge Corp,Partner Referral,New,42,,,,2023-07-13T00:00:00
5224,Michael,Davis,michael.davis5224@databridgecorp.com,DataBridge Corp,Partner Referral,SQL,99,,,,2023-11-29T00:00:00
5225,William,Wilson,william.wilson5225@metasync.com,MetaSync,Product-Led,Working,30,,,,2024-03-31T00:00:00
5226,Linda,Johnson,linda.johnson5226@quantumlogiclabs.com,QuantumLogic Labs,Inbound - Web,Nurture,67,,,,2020-03-27T00:00:00
5227,Sarah,Garcia,sarah.garcia5227@techflowinc.com,TechFlow Inc,Social Media,Working,31,,,,2022-11-10T00:00:00
5228,Daniel,Martinez,daniel.martinez5228@rapidcloud.com,RapidCloud,,Converted,65,2868,78,2024-09-26,2024-07-22T00:00:00
5229,Richard,Davis,richard.davis5229@truenorthdata.com,TrueNorth Data,Outbound - SDR,New,24,,,,2023-04-21T00:00:00
5230,James,Miller,james.miller5230@databridgecorp.com,DataBridge Corp,Outbound - SDR,Working,26,,,,2022-05-23T00:00:00
5231,Susan,Lee,susan.lee5231@nexgensolutions.com,NexGen Solutions,Product-Led,Disqualified,1,,,,2020-12-13T00:00:00
5232,Jessica,Taylor,jessica.taylor5232@metasync.com,MetaSync,Inbound - Content,Disqualified,17,,,,2021-03-14T00:00:00
5233,Charles,Smith,charles.smith5233@databridgecorp.com,DataBridge Corp,Outbound - SDR,MQL,98,,,,2022-08-02T00:00:00
5234,Richard,Garcia,richard.garcia5234@primepathdigital.com,PrimePath Digital,Outbound - Cold,New,12,,,,2022-05-28T00:00:00
5235,Susan,Anderson,susan.anderson5235@vertexai.com,VertexAI,Event,Disqualified,24,,,,2021-12-08T00:00:00
5236,Joseph,Taylor,joseph.taylor5236@streamlineanalytics.com,StreamLine Analytics,Partner Referral,Working,40,,,,2024-08-14T00:00:00
5237,Daniel,Brown,daniel.brown5237@primepathdigital.com,PrimePath Digital,Partner Referral,Converted,68,1458,304,2024-09-26,2024-08-06T00:00:00
5238,Elizabeth,Miller,elizabeth.miller5238@techflowinc.com,TechFlow Inc,Partner Referral,SQL,95,,,,2021-07-08T00:00:00
5239,Michael,Jones,michael.jones5239@pulsepointdigital.com,PulsePoint Digital,Social Media,Disqualified,27,,,,2021-07-12T00:00:00
5240,James,Jackson,james.jackson5240@rapidcloud.com,RapidCloud,Outbound - Cold,SQL,51,,,,2021-07-17T00:00:00
5241,James,Jackson,,QuantumLogic Labs,Inbound - Content,Working,17,,,,2020-06-01T00:00:00
5242,John,Johnson,john.johnson5242@quantumlogiclabs.com,QuantumLogic Labs,Paid Search,Converted,62,84,277,2024-12-31,2024-12-14T00:00:00
5243,Christopher,Williams,christopher.williams5243@databridgecorp.com,DataBridge Corp,Outbound - SDR,Working,27,,,,2024-11-10T00:00:00
5244,Jessica,Anderson,jessica.anderson5244@corestack.com,CoreStack,Inbound - Webinar,Converted,81,628,930,2021-10-10,2021-08-03T00:00:00
5245,Christopher,Thomas,christopher.thomas5245@scaleupsystems.com,ScaleUp Systems,Event,SQL,75,,,,2020-10-27T00:00:00
5246,Jennifer,Lee,jennifer.lee5246@metasync.com,MetaSync,Outbound - Cold,New,59,,,,2020-09-15T00:00:00
5247,Susan,Brown,susan.brown5247@vertexai.com,VertexAI,Inbound - Content,MQL,57,,,,2020-06-12T00:00:00
5248,Nancy,Smith,nancy.smith5248@cybervault.com,CyberVault,Outbound - Cold,MQL,60,,,,2023-06-05T00:00:00
5249,Barbara,Gonzalez,barbara.gonzalez5249@quantumlogiclabs.com,QuantumLogic Labs,Partner Referral,Disqualified,13,,,,2020-03-15T00:00:00
5250,Susan,Lopez,susan.lopez5250@vertexai.com,VertexAI,Paid Search,MQL,71,,,,2024-02-07T00:00:00
5251,William,Jones,william.jones5251@techflowinc.com,TechFlow Inc,Inbound - Content,SQL,56,,,,2024-05-23T00:00:00
5252,David,Garcia,david.garcia5252@metasync.com,MetaSync,Outbound - Cold,MQL,92,,,,2023-11-13T00:00:00
5253,Daniel,Lee,daniel.lee5253@rapidcloud.com,RapidCloud,Paid Search,MQL,92,,,,2020-03-16T00:00:00
5254,Lisa,Thomas,lisa.thomas5254@techflowinc.com,TechFlow Inc,Inbound - Web,Converted,66,3911,550,2024-08-17,2024-07-02T00:00:00
5255,Elizabeth,Garcia,elizabeth.garcia5255@primepathdigital.com,PrimePath Digital,Outbound - Cold,MQL,52,,,,2021-08-21T00:00:00
5256,Susan,Martin,susan.martin5256@primepathdigital.com,PrimePath Digital,Outbound - Cold,MQL,50,,,,2020-02-14T00:00:00
5257,Linda,Jackson,linda.jackson5257@innovateco.com,InnovateCo,Inbound - Web,Working,49,,,,2021-05-24T00:00:00
5258,Jennifer,Taylor,jennifer.taylor5258@corestack.com,CoreStack,Partner Referral,Disqualified,12,,,,2023-10-17T00:00:00
5259,Richard,Thomas,richard.thomas5259@cybervault.com,CyberVault,Inbound - Webinar,MQL,53,,,,2023-04-10T00:00:00
5260,Thomas,Jones,thomas.jones5260@futureforge.com,FutureForge,Outbound - SDR,SQL,94,,,,2021-03-29T00:00:00
5261,Robert,Johnson,robert.johnson5261@cloudscalesystems.com,CloudScale Systems,Inbound - Webinar,Converted,80,4597,567,2024-03-24,2024-02-10T00:00:00
5262,Thomas,Smith,thomas.smith5262@primepathdigital.com,PrimePath Digital,Event,New,59,,,,2023-12-04T00:00:00
5263,Linda,Miller,linda.miller5263@databridgecorp.com,DataBridge Corp,Inbound - Webinar,New,61,,,,2020-09-12T00:00:00
5264,Charles,Williams,charles.williams5264@agiledynamics.com,Agile Dynamics,Outbound - SDR,Converted,92,1168,354,2024-11-26,2024-10-24T00:00:00
5265,Jennifer,Lopez,jennifer.lopez5265@cybervault.com,CyberVault,Outbound - SDR,SQL,58,,,,2020-10-15T00:00:00
5266,William,Brown,william.brown5266@agiledynamics.com,Agile Dynamics,Outbound - SDR,Converted,61,314,596,2024-02-20,2023-12-29T00:00:00
5267,Charles,Lee,,TechFlow Inc,Outbound - Cold,Working,56,,,,2022-05-04T00:00:00
5268,Barbara,Hernandez,barbara.hernandez5268@quantumlogiclabs.com,QuantumLogic Labs,Social Media,Nurture,43,,,,2021-10-30T00:00:00
5269,Robert,Moore,robert.moore5269@pulsepointdigital.com,PulsePoint Digital,Social Media,Converted,70,1627,693,2023-10-19,2023-08-22T00:00:00
5270,Patricia,Gonzalez,patricia.gonzalez5270@innovateco.com,InnovateCo,Product-Led,Working,62,,,,2022-02-20T00:00:00
5271,Patricia,Hernandez,,MetaSync,Inbound - Webinar,New,55,,,,2021-06-30T00:00:00
5272,Karen,Lopez,karen.lopez5272@insightplatforms.com,Insight Platforms,Paid Search,Disqualified,27,,,,2023-03-25T00:00:00
5273,Sarah,Martin,sarah.martin5273@cloudscalesystems.com,CloudScale Systems,Product-Led,MQL,61,,,,2021-12-07T00:00:00
5274,Robert,Jackson,robert.jackson5274@corestack.com,CoreStack,Outbound - Cold,Disqualified,11,,,,2023-03-01T00:00:00
5275,Susan,Williams,susan.williams5275@databridgecorp.com,DataBridge Corp,Product-Led,New,33,,,,2021-12-31T00:00:00
5276,Linda,Gonzalez,linda.gonzalez5276@techflowinc.com,TechFlow Inc,Inbound - Webinar,MQL,80,,,,2020-03-08T00:00:00
5277,Daniel,Wilson,daniel.wilson5277@rapidcloud.com,RapidCloud,Outbound - Cold,MQL,60,,,,2024-01-06T00:00:00
5278,Karen,Moore,karen.moore5278@nexgensolutions.com,NexGen Solutions,Outbound - SDR,Disqualified,18,,,,2023-11-25T00:00:00
5279,Nancy,Jones,nancy.jones5279@innovateco.com,InnovateCo,Inbound - Content,New,23,,,,2023-09-10T00:00:00
5280,Mary,Johnson,mary.johnson5280@futureforge.com,FutureForge,Social Media,New,17,,,,2024-05-03T00:00:00
5281,Thomas,Jackson,,PulsePoint Digital,Paid Search,Working,39,,,,2020-05-01T00:00:00
5282,Joseph,Rodriguez,joseph.rodriguez5282@rapidcloud.com,RapidCloud,Product-Led,New,25,,,,2020-09-02T00:00:00
5283,Charles,Garcia,charles.garcia5283@metasync.com,MetaSync,Inbound - Content,Working,28,,,,2023-02-10T00:00:00
5284,Robert,Thompson,robert.thompson5284@cybervault.com,CyberVault,Product-Led,Converted,76,4415,937,2024-06-06,2024-03-20T00:00:00
5285,Lisa,Thompson,lisa.thompson5285@nexgensolutions.com,NexGen Solutions,Partner Referral,SQL,99,,,,2023-06-15T00:00:00
5286,Jessica,Gonzalez,jessica.gonzalez5286@innovateco.com,InnovateCo,Inbound - Web,Working,61,,,,2020-05-06T00:00:00
5287,William,Gonzalez,william.gonzalez5287@pulsepointdigital.com,PulsePoint Digital,Social Media,Working,56,,,,2021-01-25T00:00:00
5288,Charles,Lee,charles.lee5288@cybervault.com,CyberVault,Partner Referral,Converted,55,2291,343,2024-09-21,2024-09-13T00:00:00
5289,Christopher,Anderson,christopher.anderson5289@scaleupsystems.com,ScaleUp Systems,Partner Referral,MQL,57,,,,2023-01-05T00:00:00
5290,Christopher,Williams,christopher.williams5290@corestack.com,CoreStack,Social Media,MQL,77,,,,2020-01-22T00:00:00
5291,Karen,Lee,karen.lee5291@streamlineanalytics.com,StreamLine Analytics,Outbound - SDR,Disqualified,11,,,,2022-01-08T00:00:00
5292,Lisa,Gonzalez,lisa.gonzalez5292@nexgensolutions.com,NexGen Solutions,Inbound - Webinar,Converted,88,130,344,2023-08-03,2023-07-05T00:00:00
5293,Christopher,Anderson,christopher.anderson5293@metasync.com,MetaSync,Inbound - Webinar,Converted,70,976,985,2021-10-23,2021-10-09T00:00:00
5294,Nancy,Jones,nancy.jones5294@metasync.com,MetaSync,Outbound - SDR,Converted,91,2522,299,2024-11-23,2024-11-03T00:00:00
5295,Linda,Thompson,linda.thompson5295@cybervault.com,CyberVault,Product-Led,SQL,60,,,,2021-04-27T00:00:00
5296,Christopher,Moore,christopher.moore5296@innovateco.com,InnovateCo,Product-Led,Disqualified,19,,,,2022-05-29T00:00:00
5297,Mary,Smith,mary.smith5297@primepathdigital.com,PrimePath Digital,Outbound - SDR,Nurture,18,,,,2021-12-27T00:00:00
5298,Robert,Thomas,robert.thomas5298@streamlineanalytics.com,StreamLine Analytics,Outbound - SDR,MQL,91,,,,2022-08-21T00:00:00
5299,Christopher,Moore,christopher.moore5299@corestack.com,CoreStack,Social Media,Working,34,,,,2023-05-31T00:00:00
5300,Linda,Garcia,linda.garcia5300@brightwavetech.com,BrightWave Tech,Product-Led,SQL,55,,,,2020-03-24T00:00:00
5301,Joseph,Lee,joseph.lee5301@innovateco.com,InnovateCo,Partner Referral,Nurture,52,,,,2024-09-09T00:00:00
5302,Jennifer,Williams,jennifer.williams5302@insightplatforms.com,Insight Platforms,,New,34,,,,2021-05-29T00:00:00
5303,Michael,Brown,michael.brown5303@scaleupsystems.com,ScaleUp Systems,Social Media,Working,59,,,,2020-06-28T00:00:00
5304,Joseph,Jones,joseph.jones5304@nexgensolutions.com,NexGen Solutions,Inbound - Content,Converted,57,3865,552,2024-09-25,2024-08-26T00:00:00
5305,Thomas,Garcia,thomas.garcia5305@techflowinc.com,TechFlow Inc,Inbound - Content,SQL,98,,,,2022-10-03T00:00:00
5306,John,Lee,john.lee5306@databridgecorp.com,DataBridge Corp,Paid Search,Disqualified,16,,,,2024-10-12T00:00:00
5307,David,Smith,david.smith5307@corestack.com,CoreStack,Paid Search,Disqualified,18,,,,2023-01-22T00:00:00
5308,Charles,Smith,charles.smith5308@truenorthdata.com,TrueNorth Data,Inbound - Webinar,Converted,89,1572,297,2023-11-05,2023-10-27T00:00:00
5309,Richard,Lopez,richard.lopez5309@corestack.com,CoreStack,Product-Led,New,41,,,,2022-04-01T00:00:00
5310,Linda,Garcia,linda.garcia5310@corestack.com,CoreStack,Partner Referral,Disqualified,24,,,,2020-04-06T00:00:00
5311,Barbara,Lopez,barbara.lopez5311@nexgensolutions.com,NexGen Solutions,Inbound - Webinar,Converted,77,1952,854,2023-05-19,2023-05-20T00:00:00
5312,Sarah,Lee,sarah.lee5312@truenorthdata.com,TrueNorth Data,Event,New,43,,,,2021-07-15T00:00:00
5313,Richard,Rodriguez,richard.rodriguez5313@nexgensolutions.com,NexGen Solutions,Partner Referral,Disqualified,17,,,,2020-04-15T00:00:00
5314,Joseph,Taylor,joseph.taylor5314@truenorthdata.com,TrueNorth Data,,Nurture,65,,,,2022-05-11T00:00:00
5315,Sarah,Taylor,sarah.taylor5315@quantumlogiclabs.com,QuantumLogic Labs,Event,MQL,80,,,,2022-06-23T00:00:00
5316,David,Davis,david.davis5316@databridgecorp.com,DataBridge Corp,,Disqualified,22,,,,2021-01-31T00:00:00
5317,Patricia,Jackson,patricia.jackson5317@databridgecorp.com,DataBridge Corp,Inbound - Web,Working,70,,,,2024-11-10T00:00:00
5318,Mary,Thomas,mary.thomas5318@cloudscalesystems.com,CloudScale Systems,Inbound - Content,Converted,55,4365,564,2023-12-09,2023-12-03T00:00:00
5319,Daniel,Williams,daniel.williams5319@corestack.com,CoreStack,Event,Working,49,,,,2024-02-08T00:00:00
5320,Lisa,Williams,lisa.williams5320@vertexai.com,VertexAI,Partner Referral,Disqualified,18,,,,2022-04-06T00:00:00
5321,William,Martinez,william.martinez,FutureForge,Partner Referral,MQL,52,,,,2021-09-30T00:00:00
5322,Patricia,Gonzalez,patricia.gonzalez,QuantumLogic Labs,Outbound - SDR,Nurture,24,,,,2023-12-19T00:00:00
5323,Linda,Brown,linda.brown5323@cybervault.com,CyberVault,Partner Referral,Nurture,33,,,,2020-03-15T00:00:00
5324,Jennifer,Martin,jennifer.martin5324@corestack.com,CoreStack,Paid Search,Working,44,,,,2020-09-03T00:00:00
5325,Mary,Johnson,mary.johnson,PulsePoint Digital,Inbound - Web,MQL,80,,,,2022-10-02T00:00:00
5326,James,Garcia,james.garcia5326@quantumlogiclabs.com,QuantumLogic Labs,Paid Search,Converted,93,4527,56,2024-12-18,2024-12-02T00:00:00
5327,Thomas,Smith,thomas.smith5327@techflowinc.com,TechFlow Inc,Partner Referral,Converted,67,1642,606,2024-12-03,2024-10-25T00:00:00
5328,Charles,Lee,charles.lee5328@pulsepointdigital.com,PulsePoint Digital,Inbound - Web,Working,68,,,,2022-08-18T00:00:00
5329,Linda,Lopez,linda.lopez5329@metasync.com,MetaSync,Social Media,MQL,92,,,,2023-03-31T00:00:00
5330,Richard,Thompson,richard.thompson5330@pulsepointdigital.com,PulsePoint Digital,Event,Disqualified,15,,,,2020-07-06T00:00:00
5331,Karen,Thomas,karen.thomas5331@databridgecorp.com,DataBridge Corp,Product-Led,New,64,,,,2024-08-24T00:00:00
5332,Thomas,Williams,thomas.williams5332@streamlineanalytics.com,StreamLine Analytics,Inbound - Web,MQL,77,,,,2022-09-09T00:00:00
5333,William,Thomas,william.thomas5333@metasync.com,MetaSync,Paid Search,New,52,,,,2020-04-17T00:00:00
5334,Robert,Martin,robert.martin5334@pulsepointdigital.com,PulsePoint Digital,Product-Led,New,30,,,,2024-09-12T00:00:00
5335,William,Smith,william.smith5335@vertexai.com,VertexAI,Outbound - Cold,SQL,54,,,,2022-05-04T00:00:00
5336,Mary,Martin,,TrueNorth Data,Product-Led,Nurture,31,,,,2020-01-18T00:00:00
5337,Jessica,Rodriguez,jessica.rodriguez5337@quantumlogiclabs.com,QuantumLogic Labs,Social Media,Nurture,24,,,,2023-06-12T00:00:00
5338,Lisa,Wilson,lisa.wilson5338@nexgensolutions.com,NexGen Solutions,Inbound - Webinar,Converted,58,2606,799,2023-12-14,2023-11-18T00:00:00
5339,Richard,Thompson,,BrightWave Tech,Social Media,Working,70,,,,2021-09-03T00:00:00
5340,Patricia,Thompson,patricia.thompson5340@primepathdigital.com,PrimePath Digital,Partner Referral,SQL,77,,,,2020-06-18T00:00:00
5341,Lisa,Thomas,lisa.thomas5341@scaleupsystems.com,ScaleUp Systems,Product-Led,New,69,,,,2020-08-06T00:00:00
5342,Lisa,Williams,lisa.williams5342@scaleupsystems.com,ScaleUp Systems,Paid Search,Converted,67,2530,574,2023-12-02,2023-12-09T00:00:00
5343,Jennifer,Thompson,jennifer.thompson5343@rapidcloud.com,RapidCloud,Paid Search,MQL,69,,,,2022-09-04T00:00:00
5344,Jennifer,Martin,jennifer.martin5344@cloudscalesystems.com,CloudScale Systems,Outbound - SDR,Working,32,,,,2020-11-03T00:00:00
5345,Charles,Johnson,charles.johnson5345@insightplatforms.com,Insight Platforms,Paid Search,MQL,91,,,,2020-02-12T00:00:00
5346,Mary,Lopez,mary.lopez5346@streamlineanalytics.com,StreamLine Analytics,Outbound - SDR,MQL,70,,,,2024-08-07T00:00:00
5347,Richard,Taylor,richard.taylor5347@corestack.com,CoreStack,Paid Search,Working,62,,,,2022-10-12T00:00:00
5348,Lisa,Moore,lisa.moore5348@agiledynamics.com,Agile Dynamics,Inbound - Content,SQL,65,,,,2023-01-03T00:00:00
5349,Sarah,Martinez,sarah.martinez5349@innovateco.com,InnovateCo,Outbound - Cold,Disqualified,14,,,,2020-05-19T00:00:00
5350,Joseph,Jones,joseph.jones5350@pulsepointdigital.com,PulsePoint Digital,Product-Led,SQL,60,,,,2021-02-14T00:00:00
5351,Christopher,Smith,christopher.smith5351@futureforge.com,FutureForge,Partner Referral,SQL,64,,,,2020-12-05T00:00:00
5352,William,Thomas,william.thomas5352@scaleupsystems.com,ScaleUp Systems,Social Media,Disqualified,25,,,,2022-12-02T00:00:00
5353,Karen,Martin,karen.martin5353@vertexai.com,VertexAI,Paid Search,SQL,-76,,,,2022-09-18T00:00:00
5354,Joseph,Gonzalez,joseph.gonzalez5354@databridgecorp.com,DataBridge Corp,Event,SQL,87,,,,2021-01-08T00:00:00
5355,Jennifer,Hernandez,jennifer.hernandez5355@rapidcloud.com,RapidCloud,Outbound - SDR,Disqualified,9,,,,2022-11-20T00:00:00
5356,John,Wilson,john.wilson5356@scaleupsystems.com,ScaleUp Systems,Outbound - Cold,MQL,66,,,,2020-03-30T00:00:00
5357,Karen,Johnson,karen.johnson5357@truenorthdata.com,TrueNorth Data,Social Media,Working,15,,,,2022-01-04T00:00:00
5358,William,Rodriguez,william.rodriguez5358@innovateco.com,InnovateCo,Inbound - Webinar,Converted,54,3665,599,2024-06-08,2024-03-30T00:00:00
5359,Lisa,Thomas,lisa.thomas,TrueNorth Data,Paid Search,MQL,54,,,,2023-05-08T00:00:00
5360,James,Taylor,james.taylor5360@quantumlogiclabs.com,QuantumLogic Labs,Outbound - SDR,SQL,56,,,,2022-02-24T00:00:00
5361,Michael,Gonzalez,michael.gonzalez5361@futureforge.com,FutureForge,Product-Led,Working,21,,,,2024-05-25T00:00:00
5362,William,Davis,william.davis5362@truenorthdata.com,TrueNorth Data,Event,Nurture,58,,,,2022-12-06T00:00:00
5363,Susan,Miller,,StreamLine Analytics,Inbound - Content,Working,44,,,,2023-11-19T00:00:00
5364,Barbara,Martinez,barbara.martinez5364@insightplatforms.com,Insight Platforms,Inbound - Content,SQL,81,,,,2024-07-12T00:00:00
5365,David,Johnson,david.johnson5365@brightwavetech.com,BrightWave Tech,Paid Search,MQL,66,,,,2023-09-21T00:00:00
5366,Nancy,Moore,nancy.moore5366@techflowinc.com,TechFlow Inc,Paid Search,Converted,98,3458,430,2024-11-24,2024-11-18T00:00:00
5367,Michael,Taylor,michael.taylor5367@cybervault.com,CyberVault,Product-Led,New,14,,,,2021-07-02T00:00:00
5368,William,Williams,william.williams5368@quantumlogiclabs.com,QuantumLogic Labs,Inbound - Content,Disqualified,7,,,,2020-12-13T00:00:00
5369,Joseph,Williams,joseph.williams5369@futureforge.com,FutureForge,Paid Search,Working,55,,,,2024-08-01T00:00:00
5370,Richard,Moore,richard.moore5370@truenorthdata.com,TrueNorth Data,Inbound - Webinar,SQL,94,,,,2020-02-14T00:00:00
5371,William,Thompson,william.thompson5371@scaleupsystems.com,ScaleUp Systems,Outbound - Cold,New,29,,,,2023-10-26T00:00:00
5372,David,Smith,david.smith5372@insightplatforms.com,Insight Platforms,Inbound - Content,New,44,,,,2023-03-15T00:00:00
5373,David,Wilson,david.wilson5373@insightplatforms.com,Insight Platforms,Inbound - Webinar,Converted,76,4225,380,2023-06-04,2023-03-17T00:00:00
5374,Sarah,Gonzalez,sarah.gonzalez5374@pulsepointdigital.com,PulsePoint Digital,Paid Search,New,58,,,,2020-09-25T00:00:00
5375,Mary,Lee,,PrimePath Digital,Product-Led,Disqualified,20,,,,2022-06-27T00:00:00
5376,Thomas,Johnson,thomas.johnson5376@techflowinc.com,TechFlow Inc,Social Media,SQL,91,,,,2021-11-24T00:00:00
5377,Lisa,Martinez,lisa.martinez5377@brightwavetech.com,BrightWave Tech,Partner Referral,Converted,93,110,913,2022-04-19,2022-02-08T00:00:00
5378,Charles,Smith,charles.smith5378@scaleupsystems.com,ScaleUp Systems,Outbound - Cold,SQL,76,,,,2020-01-20T00:00:00
5379,Jessica,Taylor,jessica.taylor5379@insightplatforms.com,Insight Platforms,Social Media,Nurture,67,,,,2020-09-26T00:00:00
5380,Jessica,Thompson,,ScaleUp Systems,Inbound - Content,Converted,97,3887,43,2024-02-21,2024-02-19T00:00:00
5381,John,Gonzalez,john.gonzalez5381@metasync.com,MetaSync,Outbound - Cold,MQL,58,,,,2021-08-05T00:00:00
5382,Linda,Moore,linda.moore5382@insightplatforms.com,Insight Platforms,Event,SQL,-78,,,,2024-08-08T00:00:00
5383,Michael,Gonzalez,michael.gonzalez5383@metasync.com,MetaSync,Outbound - SDR,Converted,56,4130,467,2024-11-26,2024-11-21T00:00:00
5384,Thomas,Anderson,thomas.anderson5384@scaleupsystems.com,ScaleUp Systems,Inbound - Web,Converted,91,1143,260,2023-02-01,2023-01-08T00:00:00
5385,Lisa,Wilson,lisa.wilson5385@databridgecorp.com,DataBridge Corp,,Converted,68,2040,393,2024-12-13,2024-10-25T00:00:00
5386,Christopher,Williams,christopher.williams5386@vertexai.com,VertexAI,Outbound - SDR,MQL,62,,,,2023-02-26T00:00:00
5387,William,Martin,william.martin5387@streamlineanalytics.com,StreamLine Analytics,Inbound - Webinar,SQL,59,,,,2023-07-20T00:00:00
5388,Robert,Davis,robert.davis5388@metasync.com,MetaSync,Paid Search,Disqualified,6,,,,2020-05-22T00:00:00
5389,James,Wilson,james.wilson5389@techflowinc.com,TechFlow Inc,Inbound - Web,New,58,,,,2024-04-08T00:00:00
5390,Karen,Brown,karen.brown5390@agiledynamics.com,Agile Dynamics,Partner Referral,SQL,97,,,,2020-11-08T00:00:00
5391,James,Smith,james.smith5391@agiledynamics.com,Agile Dynamics,Paid Search,Disqualified,9,,,,2020-08-11T00:00:00
5392,Karen,Wilson,karen.wilson5392@truenorthdata.com,TrueNorth Data,Partner Referral,New,27,,,,2023-04-26T00:00:00
5393,Richard,Lopez,richard.lopez5393@scaleupsystems.com,ScaleUp Systems,Inbound - Content,Working,30,,,,2022-07-18T00:00:00
5394,Daniel,Moore,daniel.moore5394@brightwavetech.com,BrightWave Tech,Paid Search,MQL,99,,,,2024-06-21T00:00:00
5395,Thomas,Davis,thomas.davis5395@techflowinc.com,TechFlow Inc,Social Media,Disqualified,10,,,,2024-09-14T00:00:00
5396,Nancy,Wilson,nancy.wilson5396@pulsepointdigital.com,PulsePoint Digital,Outbound - SDR,Working,57,,,,2022-12-17T00:00:00
5397,Christopher,Smith,christopher.smith5397@nexgensolutions.com,NexGen Solutions,Product-Led,Converted,57,468,823,2024-08-23,2024-06-11T00:00:00
5398,David,Anderson,david.anderson5398@scaleupsystems.com,ScaleUp Systems,Partner Referral,Converted,79,775,895,2024-12-06,2024-11-06T00:00:00
5399,Jennifer,Martin,,StreamLine Analytics,Inbound - Webinar,Converted,78,1486,549,2024-12-09,2024-10-09T00:00:00
5400,Jessica,Brown,jessica.brown5400@vertexai.com,VertexAI,Social Media,New,17,,,,2024-07-25T00:00:00
5401,Karen,Johnson,karen.johnson5401@corestack.com,CoreStack,Partner Referral,New,70,,,,2020-05-07T00:00:00
5402,Richard,Jones,richard.jones5402@cybervault.com,CyberVault,Product-Led,MQL,78,,,,2024-06-24T00:00:00
5403,John,Wilson,john.wilson5403@rapidcloud.com,RapidCloud,Outbound - Cold,Disqualified,30,,,,2021-08-01T00:00:00
5404,Nancy,Rodriguez,nancy.rodriguez5404@rapidcloud.com,RapidCloud,Event,MQL,74,,,,2024-07-20T00:00:00
5405,Elizabeth,Taylor,elizabeth.taylor5405@insightplatforms.com,Insight Platforms,Partner Referral,Working,43,,,,2020-01-03T00:00:00
5406,Barbara,Smith,barbara.smith,CloudScale Systems,Partner Referral,New,52,,,,2021-03-25T00:00:00
5407,Charles,Garcia,charles.garcia5407@vertexai.com,VertexAI,Social Media,New,67,,,,2022-09-12T00:00:00
5408,Christopher,Taylor,christopher.taylor5408@cloudscalesystems.com,CloudScale Systems,Outbound - SDR,New,15,,,,2021-04-15T00:00:00
5409,Robert,Anderson,robert.anderson,CyberVault,Inbound - Content,Disqualified,15,,,,2024-07-14T00:00:00
5410,John,Martin,john.martin5410@brightwavetech.com,BrightWave Tech,Partner Referral,New,43,,,,2023-03-26T00:00:00
5411,Jessica,Taylor,jessica.taylor5411@scaleupsystems.com,ScaleUp Systems,Outbound - SDR,MQL,73,,,,2024-03-06T00:00:00
5412,Thomas,Gonzalez,thomas.gonzalez5412@cybervault.com,CyberVault,Outbound - SDR,MQL,50,,,,2022-04-06T00:00:00
5413,John,Jones,john.jones5413@truenorthdata.com,TrueNorth Data,Partner Referral,MQL,98,,,,2024-10-06T00:00:00
5414,Lisa,Martin,lisa.martin5414@cloudscalesystems.com,CloudScale Systems,Inbound - Web,New,15,,,,2023-02-03T00:00:00
5415,Daniel,Davis,daniel.davis5415@databridgecorp.com,DataBridge Corp,Paid Search,MQL,100,,,,2022-08-21T00:00:00
5416,Charles,Jackson,charles.jackson5416@streamlineanalytics.com,StreamLine Analytics,Paid Search,Working,41,,,,2024-04-26T00:00:00
5417,Sarah,Davis,sarah.davis5417@metasync.com,MetaSync,Product-Led,Converted,76,125,944,2024-11-01,2024-09-10T00:00:00
5418,John,Miller,john.miller5418@futureforge.com,FutureForge,Paid Search,Disqualified,3,,,,2021-09-03T00:00:00
5419,Lisa,Smith,lisa.smith5419@cybervault.com,CyberVault,Inbound - Content,Converted,91,3481,19,2024-12-03,2024-09-20T00:00:00
5420,Elizabeth,Brown,elizabeth.brown5420@rapidcloud.com,RapidCloud,Inbound - Webinar,Working,61,,,,2023-02-14T00:00:00
5421,Jennifer,Gonzalez,jennifer.gonzalez5421@corestack.com,CoreStack,Event,Converted,96,2109,496,2021-12-01,2021-09-22T00:00:00
5422,Jennifer,Brown,jennifer.brown5422@innovateco.com,InnovateCo,Outbound - Cold,Disqualified,29,,,,2020-01-26T00:00:00
5423,Barbara,Wilson,barbara.wilson5423@cloudscalesystems.com,CloudScale Systems,Product-Led,Nurture,63,,,,2024-10-19T00:00:00
5424,Linda,Anderson,linda.anderson5424@cloudscalesystems.com,CloudScale Systems,Outbound - Cold,SQL,53,,,,2020-08-28T00:00:00
5425,William,Martinez,william.martinez5425@databridgecorp.com,DataBridge Corp,Social Media,Converted,99,4078,746,2024-04-17,2024-03-24T00:00:00
5426,Michael,Jones,michael.jones5426@pulsepointdigital.com,PulsePoint Digital,Partner Referral,New,55,,,,2021-07-13T00:00:00
5427,Robert,Anderson,robert.anderson5427@truenorthdata.com,TrueNorth Data,Product-Led,Converted,80,3815,563,2024-12-01,2024-11-06T00:00:00
5428,Joseph,Jackson,joseph.jackson5428@nexgensolutions.com,NexGen Solutions,Product-Led,Converted,70,2802,108,2024-11-27,2024-11-09T00:00:00
5429,James,Hernandez,james.hernandez5429@rapidcloud.com,RapidCloud,Outbound - SDR,Working,24,,,,2023-06-22T00:00:00
5430,Elizabeth,Johnson,elizabeth.johnson5430@insightplatforms.com,Insight Platforms,Inbound - Content,New,66,,,,2022-12-02T00:00:00
5431,Mary,Martinez,mary.martinez5431@innovateco.com,InnovateCo,Event,Working,27,,,,2023-10-19T00:00:00
5432,Mary,Thompson,mary.thompson5432@insightplatforms.com,Insight Platforms,Partner Referral,Converted,59,3425,644,2024-07-31,2024-06-22T00:00:00
5433,John,Wilson,john.wilson5433@databridgecorp.com,DataBridge Corp,Outbound - SDR,Working,68,,,,2020-09-18T00:00:00
5434,Richard,Thompson,richard.thompson5434@streamlineanalytics.com,StreamLine Analytics,Partner Referral,Converted,-77,1654,887,2022-07-26,2022-07-20T00:00:00
5435,Susan,Williams,susan.williams5435@rapidcloud.com,RapidCloud,Paid Search,Converted,54,3023,354,2024-07-28,2024-06-08T00:00:00
5436,Michael,Lee,,InnovateCo,,New,44,,,,2021-09-05T00:00:00
5437,Susan,Davis,susan.davis5437@pulsepointdigital.com,PulsePoint Digital,Outbound - SDR,Working,18,,,,2023-08-18T00:00:00
5438,Joseph,Rodriguez,joseph.rodriguez5438@cybervault.com,CyberVault,Outbound - Cold,New,23,,,,2021-10-19T00:00:00
5439,Jessica,Thompson,jessica.thompson5439@insightplatforms.com,Insight Platforms,Inbound - Web,SQL,50,,,,2021-11-21T00:00:00
5440,Mary,Davis,mary.davis5440@techflowinc.com,TechFlow Inc,Inbound - Content,Converted,61,3868,276,2024-12-07,2024-11-09T00:00:00
5441,William,Gonzalez,william.gonzalez5441@corestack.com,CoreStack,Partner Referral,Working,23,,,,2021-02-27T00:00:00
5442,Sarah,Martin,sarah.martin5442@insightplatforms.com,Insight Platforms,Paid Search,Disqualified,18,,,,2023-01-28T00:00:00
5443,Patricia,Davis,patricia.davis5443@techflowinc.com,TechFlow Inc,Outbound - SDR,Working,52,,,,2021-01-08T00:00:00
5444,Jennifer,Miller,jennifer.miller5444@primepathdigital.com,PrimePath Digital,Paid Search,Converted,51,357,27,2024-03-10,2024-02-08T00:00:00
5445,Barbara,Jackson,barbara.jackson5445@scaleupsystems.com,ScaleUp Systems,Event,Nurture,25,,,,2024-06-17T00:00:00
5446,Jennifer,Hernandez,jennifer.hernandez5446@futureforge.com,FutureForge,Inbound - Webinar,New,63,,,,2021-08-30T00:00:00
5447,Jennifer,Martinez,jennifer.martinez5447@agiledynamics.com,Agile Dynamics,Paid Search,Working,15,,,,2023-04-18T00:00:00
5448,Elizabeth,Jones,elizabeth.jones5448@nexgensolutions.com,NexGen Solutions,Paid Search,SQL,66,,,,2024-12-05T00:00:00
5449,Thomas,Anderson,thomas.anderson5449@insightplatforms.com,Insight Platforms,Inbound - Content,Converted,59,3780,641,2024-11-11,2024-10-27T00:00:00
5450,William,Taylor,william.taylor5450@cloudscalesystems.com,CloudScale Systems,Partner Referral,Converted,67,1134,33,2023-03-25,2023-02-07T00:00:00
5451,David,Jones,david.jones5451@streamlineanalytics.com,StreamLine Analytics,Inbound - Web,SQL,85,,,,2020-10-16T00:00:00
5452,Elizabeth,Brown,elizabeth.brown5452@cybervault.com,CyberVault,,MQL,85,,,,2024-02-05T00:00:00
5453,Patricia,Lee,patricia.lee5453@rapidcloud.com,RapidCloud,Inbound - Content,SQL,92,,,,2022-05-20T00:00:00
5454,John,Jones,john.jones5454@metasync.com,MetaSync,Product-Led,New,63,,,,2022-11-30T00:00:00
5455,Michael,Smith,michael.smith5455@futureforge.com,FutureForge,Inbound - Webinar,SQL,53,,,,2020-02-20T00:00:00
5456,Charles,Moore,charles.moore5456@innovateco.com,InnovateCo,Inbound - Web,MQL,88,,,,2023-01-10T00:00:00
5457,Linda,Jones,linda.jones5457@insightplatforms.com,Insight Platforms,Inbound - Webinar,Converted,59,4312,243,2024-04-23,2024-03-24T00:00:00
5458,Susan,Hernandez,susan.hernandez5458@nexgensolutions.com,NexGen Solutions,Outbound - Cold,SQL,78,,,,2021-09-04T00:00:00
5459,Jennifer,Jackson,jennifer.jackson5459@cybervault.com,CyberVault,Product-Led,Converted,90,1426,497,2024-07-18,2024-06-15T00:00:00
5460,Daniel,Jackson,daniel.jackson5460@rapidcloud.com,RapidCloud,Social Media,Nurture,65,,,,2020-01-06T00:00:00
5461,Patricia,Gonzalez,,CloudScale Systems,Inbound - Web,MQL,90,,,,2024-09-21T00:00:00
5462,Thomas,Garcia,thomas.garcia5462@corestack.com,CoreStack,Inbound - Webinar,Nurture,45,,,,2022-02-18T00:00:00
5463,Patricia,Lee,patricia.lee5463@futureforge.com,FutureForge,Inbound - Content,New,49,,,,2023-09-27T00:00:00
5464,David,Jones,david.jones5464@scaleupsystems.com,ScaleUp Systems,Outbound - Cold,Disqualified,7,,,,2022-04-15T00:00:00
5465,James,Davis,,ScaleUp Systems,Event,SQL,70,,,,2021-03-30T00:00:00
5466,Richard,Hernandez,richard.hernandez5466@truenorthdata.com,TrueNorth Data,Partner Referral,MQL,92,,,,2022-01-25T00:00:00
5467,Mary,Martin,mary.martin5467@agiledynamics.com,Agile Dynamics,Outbound - Cold,Working,29,,,,2021-10-24T00:00:00
5468,Jessica,Thompson,jessica.thompson5468@pulsepointdigital.com,PulsePoint Digital,Partner Referral,Disqualified,24,,,,2023-02-08T00:00:00
5469,Jennifer,Moore,jennifer.moore5469@futureforge.com,FutureForge,Outbound - SDR,Working,15,,,,2021-04-23T00:00:00
5470,Jessica,Smith,jessica.smith5470@rapidcloud.com,RapidCloud,Event,Converted,56,2258,682,2024-06-11,2024-05-16T00:00:00
5471,James,Gonzalez,james.gonzalez5471@streamlineanalytics.com,StreamLine Analytics,Event,Nurture,56,,,,2024-06-29T00:00:00
5472,Robert,Hernandez,robert.hernandez5472@pulsepointdigital.com,PulsePoint Digital,Social Media,MQL,73,,,,2021-06-05T00:00:00
5473,Robert,Miller,robert.miller5473@techflowinc.com,TechFlow Inc,Inbound - Content,MQL,53,,,,2023-03-13T00:00:00
5474,Thomas,Wilson,thomas.wilson5474@vertexai.com,VertexAI,Social Media,Working,22,,,,2023-09-02T00:00:00
5475,Elizabeth,Lee,elizabeth.lee5475@quantumlogiclabs.com,QuantumLogic Labs,Social Media,Working,53,,,,2021-01-10T00:00:00
5476,Karen,Rodriguez,karen.rodriguez5476@rapidcloud.com,RapidCloud,Partner Referral,New,59,,,,2024-11-28T00:00:00
5477,Linda,Hernandez,linda.hernandez5477@scaleupsystems.com,ScaleUp Systems,Outbound - Cold,Working,30,,,,2024-10-31T00:00:00
5478,William,Taylor,william.taylor5478@techflowinc.com,TechFlow Inc,Inbound - Web,Working,28,,,,2024-07-24T00:00:00
5479,Karen,Johnson,karen.johnson5479@metasync.com,MetaSync,Partner Referral,Converted,77,81,152,2023-01-29,2022-11-27T00:00:00
5480,Joseph,Moore,joseph.moore5480@techflowinc.com,TechFlow Inc,Inbound - Web,MQL,85,,,,2020-11-10T00:00:00
5481,James,Thompson,james.thompson5481@databridgecorp.com,DataBridge Corp,Outbound - SDR,SQL,52,,,,2024-11-30T00:00:00
5482,Richard,Smith,richard.smith5482@scaleupsystems.com,ScaleUp Systems,Outbound - SDR,Disqualified,21,,,,2023-02-13T00:00:00
5483,James,Martinez,james.martinez5483@databridgecorp.com,DataBridge Corp,Event,Working,49,,,,2021-09-08T00:00:00
5484,Susan,Smith,susan.smith5484@nexgensolutions.com,NexGen Solutions,Event,New,10,,,,2022-10-08T00:00:00
5485,Nancy,Taylor,nancy.taylor5485@insightplatforms.com,Insight Platforms,Inbound - Webinar,MQL,91,,,,2023-07-16T00:00:00
5486,Karen,Thompson,,QuantumLogic Labs,Inbound - Webinar,MQL,54,,,,2021-03-28T00:00:00
5487,Robert,Garcia,robert.garcia5487@truenorthdata.com,TrueNorth Data,Outbound - Cold,Disqualified,20,,,,2020-11-01T00:00:00
5488,Jennifer,Gonzalez,jennifer.gonzalez5488@futureforge.com,FutureForge,Inbound - Content,Working,21,,,,2022-11-22T00:00:00
5489,Barbara,Smith,barbara.smith5489@nexgensolutions.com,NexGen Solutions,Inbound - Content,Disqualified,12,,,,2020-12-06T00:00:00
5490,Jessica,Lopez,jessica.lopez5490@databridgecorp.com,DataBridge Corp,Inbound - Webinar,Working,12,,,,2021-01-09T00:00:00
5491,Christopher,Gonzalez,christopher.gonzalez5491@vertexai.com,VertexAI,Inbound - Web,SQL,87,,,,2022-12-24T00:00:00
5492,Daniel,Miller,daniel.miller5492@brightwavetech.com,BrightWave Tech,Paid Search,Converted,51,746,194,2024-08-16,2024-07-04T00:00:00
5493,Elizabeth,Garcia,elizabeth.garcia5493@innovateco.com,InnovateCo,Product-Led,Nurture,24,,,,2020-10-03T00:00:00
5494,Jennifer,Hernandez,,TrueNorth Data,Paid Search,Disqualified,5,,,,2024-10-22T00:00:00
5495,Joseph,Johnson,joseph.johnson5495@brightwavetech.com,BrightWave Tech,Paid Search,New,57,,,,2022-09-11T00:00:00
5496,Thomas,Miller,thomas.miller5496@metasync.com,MetaSync,Partner Referral,MQL,77,,,,2020-01-22T00:00:00
5497,James,Lee,james.lee5497@cloudscalesystems.com,CloudScale Systems,Partner Referral,Nurture,39,,,,2024-08-20T00:00:00
5498,Karen,Jackson,karen.jackson5498@brightwavetech.com,BrightWave Tech,Inbound - Webinar,Converted,59,494,499,2023-08-07,2023-06-17T00:00:00
5499,William,Jackson,william.jackson5499@corestack.com,CoreStack,Product-Led,New,45,,,,2021-06-30T00:00:00
5500,Sarah,Martinez,sarah.martinez5500@corestack.com,CoreStack,Partner Referral,Converted,80,513,142,2023-10-30,2023-10-13T00:00:00
5501,Charles,Anderson,charles.anderson5501@brightwavetech.com,BrightWave Tech,Outbound - SDR,Disqualified,9,,,,2021-09-16T00:00:00
5502,Mary,Thomas,mary.thomas,InnovateCo,Paid Search,MQL,57,,,,2021-12-28T00:00:00
5503,Mary,Garcia,mary.garcia5503@quantumlogiclabs.com,QuantumLogic Labs,Inbound - Content,MQL,57,,,,2023-04-23T00:00:00
5504,John,Lopez,john.lopez5504@futureforge.com,FutureForge,Inbound - Content,Working,47,,,,2020-10-01T00:00:00
5505,Joseph,Lee,joseph.lee5505@cybervault.com,CyberVault,Inbound - Webinar,Working,51,,,,2021-03-31T00:00:00
5506,Linda,Brown,,DataBridge Corp,Outbound - SDR,SQL,-94,,,,2024-07-19T00:00:00
5507,William,Lee,william.lee5507@vertexai.com,VertexAI,Paid Search,New,48,,,,2023-11-03T00:00:00
5508,Susan,Rodriguez,susan.rodriguez5508@cloudscalesystems.com,CloudScale Systems,Outbound - Cold,Working,69,,,,2024-08-29T00:00:00
5509,Richard,Davis,richard.davis5509@cloudscalesystems.com,CloudScale Systems,Product-Led,Disqualified,2,,,,2023-09-14T00:00:00
5510,Karen,Anderson,karen.anderson5510@databridgecorp.com,DataBridge Corp,Partner Referral,Working,36,,,,2020-11-13T00:00:00
5511,James,Martinez,james.martinez5511@agiledynamics.com,Agile Dynamics,Outbound - Cold,Working,50,,,,2023-01-02T00:00:00
5512,David,Moore,david.moore5512@cybervault.com,CyberVault,Inbound - Webinar,Converted,90,2205,174,2022-01-22,2022-01-10T00:00:00
5513,Mary,Gonzalez,mary.gonzalez5513@futureforge.com,FutureForge,Outbound - Cold,Disqualified,27,,,,2023-08-02T00:00:00
5514,Christopher,Miller,christopher.miller5514@databridgecorp.com,DataBridge Corp,Partner Referral,New,42,,,,2020-09-25T00:00:00
5515,Nancy,Thomas,nancy.thomas5515@truenorthdata.com,TrueNorth Data,Inbound - Content,Disqualified,19,,,,2021-11-05T00:00:00
5516,Mary,Taylor,mary.taylor5516@truenorthdata.com,TrueNorth Data,Partner Referral,Converted,50,329,701,2024-05-16,2024-02-19T00:00:00
5517,William,Lee,william.lee5517@innovateco.com,InnovateCo,Outbound - SDR,Disqualified,27,,,,2023-11-26T00:00:00
5518,James,Lopez,james.lopez5518@rapidcloud.com,RapidCloud,Outbound - SDR,New,48,,,,2024-09-30T00:00:00
5519,Charles,Miller,charles.miller5519@insightplatforms.com,Insight Platforms,Outbound - SDR,SQL,98,,,,2020-08-14T00:00:00
5520,Sarah,Lee,,TechFlow Inc,Outbound - Cold,Converted,93,2177,533,2022-01-07,2021-12-09T00:00:00
5521,Michael,Taylor,michael.taylor,ScaleUp Systems,Social Media,Disqualified,22,,,,2021-03-08T00:00:00
5522,William,Brown,william.brown5522@pulsepointdigital.com,PulsePoint Digital,Partner Referral,Nurture,22,,,,2020-06-01T00:00:00
5523,Barbara,Thomas,barbara.thomas5523@agiledynamics.com,Agile Dynamics,Paid Search,MQL,92,,,,2020-09-25T00:00:00
5524,James,Miller,james.miller5524@databridgecorp.com,DataBridge Corp,Outbound - SDR,Nurture,23,,,,2021-10-02T00:00:00
5525,Christopher,Williams,christopher.williams,FutureForge,Outbound - SDR,New,20,,,,2024-12-03T00:00:00
5526,David,Thomas,david.thomas5526@insightplatforms.com,Insight Platforms,Outbound - SDR,Nurture,58,,,,2022-06-12T00:00:00
5527,Charles,Brown,charles.brown5527@streamlineanalytics.com,StreamLine Analytics,Event,Converted,-63,2457,86,2024-07-03,2024-05-29T00:00:00
5528,Lisa,Williams,lisa.williams5528@streamlineanalytics.com,StreamLine Analytics,Outbound - Cold,SQL,61,,,,2023-07-17T00:00:00
5529,Nancy,Smith,nancy.smith5529@scaleupsystems.com,ScaleUp Systems,Inbound - Webinar,Converted,64,1254,650,2024-10-28,2024-09-26T00:00:00
5530,Karen,Jones,karen.jones5530@insightplatforms.com,Insight Platforms,Product-Led,New,64,,,,2024-08-31T00:00:00
5531,Jessica,Brown,jessica.brown5531@truenorthdata.com,TrueNorth Data,Paid Search,Nurture,68,,,,2023-02-23T00:00:00
5532,John,Taylor,john.taylor5532@techflowinc.com,TechFlow Inc,Inbound - Content,New,42,,,,2022-03-15T00:00:00
5533,William,Thomas,william.thomas5533@futureforge.com,FutureForge,Outbound - Cold,Converted,-67,1330,882,2024-06-18,2024-05-31T00:00:00
5534,Charles,Williams,charles.williams5534@techflowinc.com,TechFlow Inc,Inbound - Content,Nurture,58,,,,2021-02-11T00:00:00
5535,Thomas,Moore,,CoreStack,Event,Converted,61,2464,871,2021-11-20,2021-09-14T00:00:00
5536,Nancy,Garcia,nancy.garcia5536@insightplatforms.com,Insight Platforms,Product-Led,Working,61,,,,2024-06-09T00:00:00
5537,Sarah,Williams,sarah.williams5537@brightwavetech.com,BrightWave Tech,Partner Referral,Nurture,40,,,,2022-08-14T00:00:00
5538,Sarah,Martin,sarah.martin5538@primepathdigital.com,PrimePath Digital,Inbound - Content,SQL,93,,,,2020-06-06T00:00:00
5539,Linda,Miller,linda.miller5539@cloudscalesystems.com,CloudScale Systems,Event,New,58,,,,2021-05-08T00:00:00
5540,Linda,Smith,linda.smith5540@nexgensolutions.com,NexGen Solutions,Inbound - Content,MQL,67,,,,2023-01-09T00:00:00
5541,Daniel,Johnson,daniel.johnson5541@pulsepointdigital.com,PulsePoint Digital,Product-Led,Working,53,,,,2023-08-06T00:00:00
5542,Thomas,Rodriguez,thomas.rodriguez5542@innovateco.com,InnovateCo,Partner Referral,New,65,,,,2023-11-16T00:00:00
5543,Daniel,Wilson,daniel.wilson5543@cybervault.com,CyberVault,Paid Search,Disqualified,11,,,,2021-02-07T00:00:00
5544,Thomas,Garcia,thomas.garcia5544@quantumlogiclabs.com,QuantumLogic Labs,Social Media,MQL,72,,,,2020-10-27T00:00:00
5545,Karen,Lopez,karen.lopez5545@insightplatforms.com,Insight Platforms,Outbound - Cold,Nurture,69,,,,2022-09-10T00:00:00
5546,Karen,Miller,karen.miller5546@metasync.com,MetaSync,Event,Nurture,29,,,,2022-05-17T00:00:00
5547,Barbara,Gonzalez,barbara.gonzalez5547@cloudscalesystems.com,CloudScale Systems,Inbound - Web,MQL,95,,,,2021-04-23T00:00:00
5548,Daniel,Miller,daniel.miller5548@scaleupsystems.com,ScaleUp Systems,Partner Referral,Converted,73,3347,382,2024-12-07,2024-11-29T00:00:00
5549,Mary,Williams,,TrueNorth Data,Outbound - Cold,MQL,98,,,,2022-01-24T00:00:00
5550,Michael,Jones,michael.jones5550@agiledynamics.com,Agile Dynamics,Inbound - Webinar,Working,22,,,,2023-10-29T00:00:00
5551,Christopher,Smith,christopher.smith5551@metasync.com,MetaSync,Product-Led,New,27,,,,2024-05-01T00:00:00
5552,Daniel,Thompson,daniel.thompson5552@primepathdigital.com,PrimePath Digital,Inbound - Content,Nurture,35,,,,2024-07-03T00:00:00
5553,Lisa,Gonzalez,lisa.gonzalez5553@insightplatforms.com,Insight Platforms,Inbound - Web,Working,38,,,,2020-09-29T00:00:00
5554,Charles,Thomas,charles.thomas5554@techflowinc.com,TechFlow Inc,Inbound - Content,Disqualified,7,,,,2023-07-24T00:00:00
5555,James,Anderson,james.anderson5555@cybervault.com,CyberVault,Inbound - Web,MQL,63,,,,2020-10-12T00:00:00
5556,Mary,Thompson,mary.thompson5556@cloudscalesystems.com,CloudScale Systems,Inbound - Web,Converted,100,3518,144,2024-11-17,2024-10-29T00:00:00
5557,Elizabeth,Martinez,,StreamLine Analytics,Inbound - Web,Nurture,15,,,,2021-06-29T00:00:00
5558,Elizabeth,Williams,elizabeth.williams5558@cloudscalesystems.com,CloudScale Systems,Inbound - Webinar,Converted,69,4178,594,2024-04-13,2024-03-31T00:00:00
5559,Karen,Lee,karen.lee5559@streamlineanalytics.com,StreamLine Analytics,Product-Led,Disqualified,24,,,,2022-03-23T00:00:00
5560,Thomas,Hernandez,thomas.hernandez5560@quantumlogiclabs.com,QuantumLogic Labs,Inbound - Webinar,SQL,65,,,,2024-06-04T00:00:00
5561,David,Smith,david.smith5561@brightwavetech.com,BrightWave Tech,Inbound - Web,Converted,57,3704,52,2024-09-10,2024-08-01T00:00:00
5562,Joseph,Martin,joseph.martin5562@rapidcloud.com,RapidCloud,Inbound - Content,SQL,81,,,,2020-11-10T00:00:00
5563,Michael,Hernandez,michael.hernandez5563@primepathdigital.com,PrimePath Digital,Product-Led,Converted,95,3914,456,2024-12-15,2024-10-15T00:00:00
5564,Sarah,Martinez,sarah.martinez5564@cloudscalesystems.com,CloudScale Systems,Social Media,Nurture,36,,,,2021-07-09T00:00:00
5565,Lisa,Davis,lisa.davis5565@primepathdigital.com,PrimePath Digital,Partner Referral,Nurture,61,,,,2023-12-02T00:00:00
5566,Jessica,Johnson,jessica.johnson5566@techflowinc.com,TechFlow Inc,,SQL,64,,,,2024-09-04T00:00:00
5567,Daniel,Johnson,daniel.johnson5567@primepathdigital.com,PrimePath Digital,Product-Led,New,67,,,,2023-03-23T00:00:00
5568,Karen,Martin,karen.martin5568@innovateco.com,InnovateCo,Product-Led,Converted,80,1807,987,2024-05-28,2024-03-21T00:00:00
5569,Patricia,Wilson,patricia.wilson5569@databridgecorp.com,DataBridge Corp,Inbound - Content,Disqualified,10,,,,2020-05-02T00:00:00
5570,Susan,Thomas,susan.thomas5570@brightwavetech.com,BrightWave Tech,Social Media,MQL,78,,,,2020-12-17T00:00:00
5571,Lisa,Moore,lisa.moore5571@metasync.com,MetaSync,,MQL,55,,,,2023-01-02T00:00:00
5572,Nancy,Lopez,nancy.lopez5572@cybervault.com,CyberVault,,Converted,65,229,1,2022-09-05,2022-07-21T00:00:00
5573,Linda,Smith,linda.smith5573@futureforge.com,FutureForge,Paid Search,Converted,65,3748,835,2024-08-25,2024-06-29T00:00:00
5574,Jessica,Jones,jessica.jones5574@vertexai.com,VertexAI,Inbound - Content,Disqualified,23,,,,2022-04-23T00:00:00
5575,Lisa,Hernandez,lisa.hernandez5575@futureforge.com,FutureForge,Social Media,Nurture,58,,,,2021-11-11T00:00:00
5576,Lisa,Jackson,lisa.jackson5576@agiledynamics.com,Agile Dynamics,Product-Led,Disqualified,29,,,,2024-05-01T00:00:00
5577,Joseph,Wilson,joseph.wilson5577@innovateco.com,InnovateCo,,MQL,50,,,,2023-05-30T00:00:00
5578,Nancy,Thomas,nancy.thomas5578@scaleupsystems.com,ScaleUp Systems,Inbound - Web,SQL,74,,,,2023-09-09T00:00:00
5579,Barbara,Moore,barbara.moore5579@insightplatforms.com,Insight Platforms,Outbound - Cold,New,30,,,,2020-10-08T00:00:00
5580,Susan,Smith,susan.smith5580@quantumlogiclabs.com,QuantumLogic Labs,Partner Referral,New,29,,,,2023-05-27T00:00:00
5581,Sarah,Jones,sarah.jones5581@pulsepointdigital.com,PulsePoint Digital,Outbound - SDR,Nurture,42,,,,2021-01-16T00:00:00
5582,Charles,Martinez,charles.martinez5582@futureforge.com,FutureForge,Partner Referral,Disqualified,21,,,,2023-01-15T00:00:00
5583,John,Davis,john.davis5583@primepathdigital.com,PrimePath Digital,Partner Referral,New,21,,,,2024-08-09T00:00:00
5584,David,Martin,david.martin5584@streamlineanalytics.com,StreamLine Analytics,Inbound - Content,Nurture,45,,,,2021-07-06T00:00:00
5585,Daniel,Garcia,daniel.garcia,PrimePath Digital,Event,MQL,78,,,,2020-04-01T00:00:00
5586,Linda,Davis,linda.davis5586@nexgensolutions.com,NexGen Solutions,Paid Search,Nurture,40,,,,2022-04-13T00:00:00
5587,Robert,Johnson,robert.johnson5587@metasync.com,MetaSync,Partner Referral,SQL,90,,,,2021-04-21T00:00:00
5588,Barbara,Martinez,barbara.martinez5588@metasync.com,MetaSync,Event,Working,21,,,,2024-01-05T00:00:00
5589,Sarah,Anderson,sarah.anderson5589@streamlineanalytics.com,StreamLine Analytics,Partner Referral,New,32,,,,2024-02-15T00:00:00
5590,Robert,Jones,robert.jones5590@streamlineanalytics.com,StreamLine Analytics,Outbound - SDR,New,61,,,,2023-10-02T00:00:00
5591,Daniel,Martinez,daniel.martinez5591@quantumlogiclabs.com,QuantumLogic Labs,Inbound - Web,SQL,84,,,,2020-03-01T00:00:00
5592,Michael,Williams,michael.williams5592@futureforge.com,FutureForge,Inbound - Content,SQL,53,,,,2021-02-08T00:00:00
5593,Richard,Martin,richard.martin5593@insightplatforms.com,Insight Platforms,Inbound - Content,Disqualified,2,,,,2022-09-25T00:00:00
5594,Charles,Martinez,charles.martinez5594@agiledynamics.com,Agile Dynamics,Partner Referral,New,26,,,,2023-11-27T00:00:00
5595,Charles,Jones,charles.jones5595@insightplatforms.com,Insight Platforms,Inbound - Content,Disqualified,13,,,,2021-01-09T00:00:00
5596,William,Thomas,william.thomas5596@metasync.com,MetaSync,Outbound - Cold,MQL,71,,,,2021-09-29T00:00:00
5597,Thomas,Miller,thomas.miller5597@vertexai.com,VertexAI,Paid Search,Converted,54,4811,289,2022-12-09,2022-11-06T00:00:00
5598,William,Williams,william.williams5598@scaleupsystems.com,ScaleUp Systems,Product-Led,New,69,,,,2020-09-21T00:00:00
5599,Joseph,Anderson,joseph.anderson5599@innovateco.com,InnovateCo,Inbound - Web,Converted,70,1866,633,2024-11-02,2024-09-23T00:00:00
5600,Lisa,Miller,lisa.miller5600@scaleupsystems.com,ScaleUp Systems,Social Media,Disqualified,30,,,,2020-10-05T00:00:00
5601,Linda,Martinez,linda.martinez5601@corestack.com,CoreStack,Event,Converted,68,3356,162,2023-02-03,2022-12-31T00:00:00
5602,Sarah,Martin,sarah.martin5602@quantumlogiclabs.com,QuantumLogic Labs,Event,Nurture,-36,,,,2022-11-27T00:00:00
5603,James,Rodriguez,james.rodriguez5603@cloudscalesystems.com,CloudScale Systems,Paid Search,Disqualified,1,,,,2022-01-27T00:00:00
5604,Richard,Lee,richard.lee5604@streamlineanalytics.com,StreamLine Analytics,Inbound - Webinar,Nurture,42,,,,2023-09-01T00:00:00
5605,Joseph,Smith,joseph.smith5605@vertexai.com,VertexAI,Inbound - Web,SQL,56,,,,2022-01-04T00:00:00
5606,Jennifer,Jones,jennifer.jones5606@pulsepointdigital.com,PulsePoint Digital,Inbound - Webinar,Working,67,,,,2023-05-29T00:00:00
5607,William,Wilson,william.wilson5607@vertexai.com,VertexAI,Partner Referral,SQL,100,,,,2021-04-30T00:00:00
5608,Richard,Johnson,,VertexAI,Paid Search,Disqualified,-14,,,,2023-04-19T00:00:00
5609,Thomas,Garcia,thomas.garcia5609@techflowinc.com,TechFlow Inc,Paid Search,New,67,,,,2023-11-26T00:00:00
5610,Sarah,Moore,sarah.moore5610@databridgecorp.com,DataBridge Corp,Inbound - Web,Nurture,36,,,,2022-06-25T00:00:00
5611,John,Gonzalez,john.gonzalez5611@brightwavetech.com,BrightWave Tech,Outbound - Cold,Converted,89,2190,242,2024-07-21,2024-05-12T00:00:00
5612,Susan,Lee,susan.lee5612@corestack.com,CoreStack,Inbound - Web,New,21,,,,2021-04-25T00:00:00
5613,Sarah,Johnson,sarah.johnson5613@primepathdigital.com,PrimePath Digital,Event,SQL,83,,,,2021-02-08T00:00:00
5614,Lisa,Gonzalez,lisa.gonzalez5614@vertexai.com,VertexAI,Social Media,MQL,66,,,,2020-12-29T00:00:00
5615,Joseph,Gonzalez,joseph.gonzalez5615@corestack.com,CoreStack,Paid Search,Nurture,43,,,,2022-12-01T00:00:00
5616,John,Rodriguez,,VertexAI,Social Media,Converted,53,501,619,2023-09-04,2023-08-09T00:00:00
5617,Sarah,Jones,sarah.jones5617@databridgecorp.com,DataBridge Corp,Social Media,MQL,98,,,,2021-12-23T00:00:00
5618,Barbara,Rodriguez,barbara.rodriguez5618@scaleupsystems.com,ScaleUp Systems,Outbound - Cold,SQL,96,,,,2022-01-06T00:00:00
5619,Christopher,Wilson,christopher.wilson5619@brightwavetech.com,BrightWave Tech,Outbound - SDR,New,45,,,,2023-06-23T00:00:00
5620,Susan,Garcia,susan.garcia5620@scaleupsystems.com,ScaleUp Systems,Paid Search,Converted,60,4675,26,2024-07-11,2024-05-11T00:00:00
5621,Robert,Lee,,PulsePoint Digital,Product-Led,Converted,95,901,619,2024-06-04,2024-05-04T00:00:00
5622,Mary,Taylor,mary.taylor5622@primepathdigital.com,PrimePath Digital,Inbound - Content,New,67,,,,2024-05-29T00:00:00
5623,Lisa,Moore,lisa.moore5623@rapidcloud.com,RapidCloud,Product-Led,Converted,87,1225,914,2023-10-01,2023-09-11T00:00:00
5624,Charles,Lee,charles.lee5624@corestack.com,CoreStack,Partner Referral,Converted,98,3903,667,2022-01-05,2022-01-04T00:00:00
5625,Karen,Anderson,karen.anderson5625@databridgecorp.com,DataBridge Corp,Outbound - Cold,SQL,75,,,,2023-04-07T00:00:00
5626,Linda,Taylor,linda.taylor5626@truenorthdata.com,TrueNorth Data,Outbound - Cold,MQL,86,,,,2024-07-18T00:00:00
5627,Christopher,Jackson,christopher.jackson5627@databridgecorp.com,DataBridge Corp,Event,Working,16,,,,2023-02-08T00:00:00
5628,Daniel,Johnson,daniel.johnson5628@insightplatforms.com,Insight Platforms,Inbound - Content,Converted,73,3583,218,2024-03-02,2024-02-27T00:00:00
5629,Charles,Williams,charles.williams5629@corestack.com,CoreStack,Inbound - Content,Working,33,,,,2023-01-19T00:00:00
5630,Thomas,Jones,thomas.jones5630@brightwavetech.com,BrightWave Tech,Inbound - Webinar,Working,60,,,,2020-02-19T00:00:00
5631,William,Garcia,william.garcia5631@streamlineanalytics.com,StreamLine Analytics,Social Media,SQL,-77,,,,2021-01-18T00:00:00
5632,Lisa,Miller,lisa.miller5632@vertexai.com,VertexAI,Outbound - SDR,SQL,73,,,,2024-07-21T00:00:00
5633,Mary,Taylor,mary.taylor5633@metasync.com,MetaSync,Social Media,Working,34,,,,2022-09-10T00:00:00
5634,Elizabeth,Thompson,elizabeth.thompson5634@metasync.com,MetaSync,Outbound - SDR,SQL,76,,,,2023-05-28T00:00:00
5635,Barbara,Moore,barbara.moore5635@brightwavetech.com,BrightWave Tech,Outbound - Cold,MQL,62,,,,2024-01-14T00:00:00
5636,Daniel,Gonzalez,daniel.gonzalez5636@cybervault.com,CyberVault,Paid Search,Converted,51,2956,836,2024-11-27,2024-11-03T00:00:00
5637,Daniel,Gonzalez,daniel.gonzalez5637@quantumlogiclabs.com,QuantumLogic Labs,Event,Converted,69,3862,622,2024-11-22,2024-09-24T00:00:00
5638,Susan,Martin,susan.martin5638@techflowinc.com,TechFlow Inc,Inbound - Web,Disqualified,15,,,,2020-01-03T00:00:00
5639,Jennifer,Wilson,jennifer.wilson5639@agiledynamics.com,Agile Dynamics,Outbound - SDR,Disqualified,15,,,,2020-04-11T00:00:00
5640,Robert,Wilson,robert.wilson5640@rapidcloud.com,RapidCloud,Inbound - Web,Nurture,37,,,,2024-02-16T00:00:00
5641,Robert,Miller,robert.miller5641@streamlineanalytics.com,StreamLine Analytics,Event,Nurture,52,,,,2020-09-16T00:00:00
5642,Karen,Lopez,karen.lopez5642@metasync.com,MetaSync,Inbound - Webinar,Nurture,13,,,,2024-05-13T00:00:00
5643,Christopher,Johnson,christopher.johnson5643@nexgensolutions.com,NexGen Solutions,Inbound - Web,New,65,,,,2020-02-17T00:00:00
5644,Patricia,Lopez,patricia.lopez5644@pulsepointdigital.com,PulsePoint Digital,Product-Led,Converted,66,4943,929,2024-07-20,2024-05-05T00:00:00
5645,Susan,Taylor,susan.taylor5645@databridgecorp.com,DataBridge Corp,Product-Led,Nurture,56,,,,2024-02-12T00:00:00
5646,James,Gonzalez,james.gonzalez5646@insightplatforms.com,Insight Platforms,Partner Referral,Converted,86,3066,43,2023-02-19,2023-02-03T00:00:00
5647,Elizabeth,Thomas,elizabeth.thomas5647@cloudscalesystems.com,CloudScale Systems,Paid Search,Working,31,,,,2023-02-11T00:00:00
5648,Joseph,Martinez,joseph.martinez5648@brightwavetech.com,BrightWave Tech,Inbound - Content,Working,24,,,,2020-09-18T00:00:00
5649,Thomas,Jones,thomas.jones5649@futureforge.com,FutureForge,Outbound - Cold,SQL,60,,,,2023-03-29T00:00:00
5650,Karen,Hernandez,karen.hernandez5650@nexgensolutions.com,NexGen Solutions,Product-Led,MQL,75,,,,2020-11-24T00:00:00
5651,Jessica,Johnson,jessica.johnson5651@techflowinc.com,TechFlow Inc,Inbound - Webinar,Converted,67,2402,807,2024-09-25,2024-09-23T00:00:00
5652,Robert,Rodriguez,robert.rodriguez5652@truenorthdata.com,TrueNorth Data,,MQL,78,,,,2022-02-15T00:00:00
5653,Susan,Davis,susan.davis5653@corestack.com,CoreStack,Inbound - Webinar,New,35,,,,2022-02-01T00:00:00
5654,Sarah,Taylor,sarah.taylor5654@insightplatforms.com,Insight Platforms,Event,Converted,55,4224,713,2024-07-07,2024-06-20T00:00:00
5655,Nancy,Anderson,nancy.anderson5655@primepathdigital.com,PrimePath Digital,Outbound - Cold,MQL,91,,,,2024-07-10T00:00:00
5656,Daniel,Johnson,daniel.johnson5656@cloudscalesystems.com,CloudScale Systems,Outbound - SDR,Nurture,50,,,,2021-11-29T00:00:00
5657,Linda,Martinez,linda.martinez5657@pulsepointdigital.com,PulsePoint Digital,Inbound - Webinar,Converted,59,2277,60,2024-12-30,2024-12-04T00:00:00
5658,Sarah,Gonzalez,sarah.gonzalez5658@agiledynamics.com,Agile Dynamics,Paid Search,Converted,85,4231,680,2024-11-19,2024-10-01T00:00:00
5659,James,Johnson,james.johnson5659@primepathdigital.com,PrimePath Digital,Product-Led,MQL,96,,,,2024-07-22T00:00:00
5660,Thomas,Martin,thomas.martin5660@databridgecorp.com,DataBridge Corp,Outbound - SDR,Disqualified,2,,,,2024-04-26T00:00:00
5661,Daniel,Lee,daniel.lee5661@databridgecorp.com,DataBridge Corp,Event,MQL,84,,,,2020-09-19T00:00:00
5662,Karen,Anderson,karen.anderson,ScaleUp Systems,Paid Search,SQL,84,,,,2021-02-10T00:00:00
5663,Thomas,Johnson,thomas.johnson5663@cybervault.com,CyberVault,Event,Working,46,,,,2022-06-10T00:00:00
5664,Jessica,Brown,jessica.brown5664@primepathdigital.com,PrimePath Digital,Social Media,SQL,55,,,,2024-07-28T00:00:00
5665,Patricia,Anderson,patricia.anderson5665@quantumlogiclabs.com,QuantumLogic Labs,Paid Search,New,35,,,,2023-05-16T00:00:00
5666,Daniel,Smith,daniel.smith5666@nexgensolutions.com,NexGen Solutions,Product-Led,MQL,99,,,,2021-03-19T00:00:00
5667,Christopher,Anderson,christopher.anderson5667@vertexai.com,VertexAI,Event,SQL,86,,,,2021-11-21T00:00:00
5668,Christopher,Gonzalez,christopher.gonzalez5668@databridgecorp.com,DataBridge Corp,Outbound - Cold,Disqualified,22,,,,2020-01-10T00:00:00
5669,Barbara,Williams,barbara.williams5669@scaleupsystems.com,ScaleUp Systems,Inbound - Web,Working,43,,,,2023-02-16T00:00:00
5670,Jessica,Thomas,jessica.thomas5670@scaleupsystems.com,ScaleUp Systems,Product-Led,MQL,80,,,,2020-06-07T00:00:00
5671,Charles,Jackson,charles.jackson5671@pulsepointdigital.com,PulsePoint Digital,Outbound - Cold,New,25,,,,2020-12-09T00:00:00
5672,Susan,Davis,susan.davis5672@pulsepointdigital.com,PulsePoint Digital,Paid Search,Disqualified,14,,,,2023-09-26T00:00:00
5673,Jennifer,Davis,jennifer.davis5673@agiledynamics.com,Agile Dynamics,,New,60,,,,2024-06-23T00:00:00
5674,Lisa,Johnson,lisa.johnson5674@databridgecorp.com,DataBridge Corp,Paid Search,Converted,68,442,514,2024-11-28,2024-11-23T00:00:00
5675,Karen,Jones,karen.jones5675@techflowinc.com,TechFlow Inc,Paid Search,SQL,67,,,,2021-04-07T00:00:00
5676,Susan,Thompson,susan.thompson5676@quantumlogiclabs.com,QuantumLogic Labs,Inbound - Webinar,Converted,94,4890,454,2023-10-25,2023-08-28T00:00:00
5677,Christopher,Taylor,christopher.taylor5677@rapidcloud.com,RapidCloud,Inbound - Webinar,Disqualified,13,,,,2020-04-05T00:00:00
5678,Jessica,Brown,jessica.brown5678@brightwavetech.com,BrightWave Tech,Paid Search,New,34,,,,2023-01-11T00:00:00
5679,Mary,Taylor,mary.taylor5679@streamlineanalytics.com,StreamLine Analytics,Partner Referral,New,22,,,,2024-07-09T00:00:00
5680,Thomas,Wilson,thomas.wilson5680@metasync.com,MetaSync,Outbound - SDR,Disqualified,17,,,,2020-10-09T00:00:00
5681,Charles,Brown,charles.brown5681@vertexai.com,VertexAI,Paid Search,Disqualified,15,,,,2020-07-05T00:00:00
5682,Karen,Jackson,karen.jackson5682@vertexai.com,VertexAI,Product-Led,Converted,98,2925,178,2023-08-31,2023-08-27T00:00:00
5683,Daniel,Anderson,daniel.anderson5683@primepathdigital.com,PrimePath Digital,Partner Referral,New,70,,,,2021-11-20T00:00:00
5684,Charles,Hernandez,charles.hernandez5684@primepathdigital.com,PrimePath Digital,Inbound - Web,Working,31,,,,2020-07-11T00:00:00
5685,Richard,Johnson,richard.johnson5685@streamlineanalytics.com,StreamLine Analytics,Outbound - Cold,New,27,,,,2021-04-28T00:00:00
5686,Susan,Thomas,susan.thomas5686@primepathdigital.com,PrimePath Digital,Product-Led,Disqualified,23,,,,2020-01-20T00:00:00
5687,Sarah,Hernandez,sarah.hernandez5687@primepathdigital.com,PrimePath Digital,Event,MQL,66,,,,2023-03-27T00:00:00
5688,James,Brown,james.brown5688@scaleupsystems.com,ScaleUp Systems,Inbound - Webinar,Working,69,,,,2023-06-15T00:00:00
5689,William,Jackson,william.jackson5689@streamlineanalytics.com,StreamLine Analytics,Paid Search,Working,61,,,,2023-06-15T00:00:00
5690,John,Jones,john.jones5690@agiledynamics.com,Agile Dynamics,Paid Search,Disqualified,13,,,,2023-01-09T00:00:00
5691,Karen,Taylor,karen.taylor5691@primepathdigital.com,PrimePath Digital,Inbound - Webinar,Nurture,19,,,,2024-02-02T00:00:00
5692,John,Martin,john.martin5692@streamlineanalytics.com,StreamLine Analytics,Partner Referral,SQL,82,,,,2022-08-05T00:00:00
5693,Christopher,Davis,christopher.davis5693@cloudscalesystems.com,CloudScale Systems,Inbound - Content,New,31,,,,2020-09-09T00:00:00
5694,Karen,Martin,,ScaleUp Systems,Paid Search,Nurture,57,,,,2020-06-19T00:00:00
5695,Thomas,Smith,,StreamLine Analytics,Inbound - Web,Converted,96,2989,418,2021-02-02,2021-01-31T00:00:00
5696,Thomas,Lopez,thomas.lopez5696@scaleupsystems.com,ScaleUp Systems,Partner Referral,Converted,60,4490,127,2024-10-07,2024-09-04T00:00:00
5697,Richard,Taylor,richard.taylor5697@pulsepointdigital.com,PulsePoint Digital,Event,Working,43,,,,2023-09-30T00:00:00
5698,Lisa,Williams,lisa.williams5698@streamlineanalytics.com,StreamLine Analytics,Paid Search,Nurture,68,,,,2021-03-16T00:00:00
5699,John,Williams,john.williams5699@corestack.com,CoreStack,Product-Led,Nurture,18,,,,2022-07-22T00:00:00
5700,Robert,Anderson,robert.anderson5700@truenorthdata.com,TrueNorth Data,Inbound - Webinar,Disqualified,16,,,,2022-02-16T00:00:00
5701,Elizabeth,Wilson,elizabeth.wilson5701@agiledynamics.com,Agile Dynamics,Outbound - Cold,Converted,92,3937,760,2021-02-02,2020-12-12T00:00:00
5702,Robert,Thomas,robert.thomas5702@pulsepointdigital.com,PulsePoint Digital,Social Media,Working,46,,,,2024-01-13T00:00:00
5703,James,Thomas,james.thomas5703@innovateco.com,InnovateCo,Social Media,New,22,,,,2022-04-02T00:00:00
5704,James,Thomas,james.thomas5704@streamlineanalytics.com,StreamLine Analytics,Inbound - Web,Converted,87,3817,375,2021-02-02,2021-01-15T00:00:00
5705,James,Lee,james.lee5705@techflowinc.com,TechFlow Inc,Paid Search,New,60,,,,2024-07-08T00:00:00
5706,David,Smith,david.smith5706@scaleupsystems.com,ScaleUp Systems,Outbound - Cold,Nurture,12,,,,2024-12-28T00:00:00
5707,Elizabeth,Miller,elizabeth.miller5707@databridgecorp.com,DataBridge Corp,Outbound - SDR,SQL,89,,,,2024-07-21T00:00:00
5708,Sarah,Moore,sarah.moore5708@metasync.com,MetaSync,Product-Led,MQL,99,,,,2022-01-26T00:00:00
5709,Barbara,Williams,barbara.williams5709@rapidcloud.com,RapidCloud,Social Media,SQL,91,,,,2021-07-05T00:00:00
5710,Karen,Lopez,,CoreStack,Paid Search,Disqualified,6,,,,2022-08-17T00:00:00
5711,Barbara,Gonzalez,barbara.gonzalez5711@agiledynamics.com,Agile Dynamics,Inbound - Content,New,35,,,,2020-09-26T00:00:00
5712,Elizabeth,Gonzalez,elizabeth.gonzalez5712@vertexai.com,VertexAI,Inbound - Web,Converted,59,2635,460,2024-07-16,2024-06-24T00:00:00
5713,William,Wilson,william.wilson5713@cybervault.com,CyberVault,Inbound - Content,Converted,87,4536,368,2023-07-31,2023-06-25T00:00:00
5714,Jennifer,Gonzalez,jennifer.gonzalez5714@agiledynamics.com,Agile Dynamics,Outbound - SDR,Converted,73,354,599,2024-08-30,2024-06-13T00:00:00
5715,Daniel,Brown,daniel.brown5715@nexgensolutions.com,NexGen Solutions,Partner Referral,SQL,71,,,,2020-02-26T00:00:00
5716,Daniel,Martinez,daniel.martinez5716@databridgecorp.com,DataBridge Corp,Outbound - Cold,SQL,59,,,,2023-11-20T00:00:00
5717,Jennifer,Moore,jennifer.moore5717@pulsepointdigital.com,PulsePoint Digital,Product-Led,Nurture,53,,,,2024-12-12T00:00:00
5718,David,Garcia,david.garcia5718@cloudscalesystems.com,CloudScale Systems,Outbound - Cold,SQL,69,,,,2022-11-05T00:00:00
5719,John,Martinez,,DataBridge Corp,Product-Led,Disqualified,9,,,,2020-07-13T00:00:00
5720,Karen,Thompson,karen.thompson5720@quantumlogiclabs.com,QuantumLogic Labs,Paid Search,Converted,99,1722,873,2023-02-02,2022-12-31T00:00:00
5721,Richard,Jones,,PulsePoint Digital,Social Media,Converted,85,2544,773,2024-12-26,2024-10-24T00:00:00
5722,William,Garcia,william.garcia5722@metasync.com,MetaSync,Event,MQL,80,,,,2024-05-28T00:00:00
5723,Jennifer,Gonzalez,jennifer.gonzalez5723@streamlineanalytics.com,StreamLine Analytics,Product-Led,MQL,76,,,,2020-09-27T00:00:00
5724,Daniel,Jones,daniel.jones5724@cloudscalesystems.com,CloudScale Systems,Event,SQL,86,,,,2022-06-21T00:00:00
5725,William,Jackson,william.jackson5725@vertexai.com,VertexAI,Partner Referral,Disqualified,21,,,,2023-10-05T00:00:00
5726,Thomas,Rodriguez,thomas.rodriguez5726@vertexai.com,VertexAI,Outbound - SDR,Nurture,23,,,,2022-05-03T00:00:00
5727,Nancy,Wilson,nancy.wilson5727@cybervault.com,CyberVault,Event,Working,23,,,,2022-03-26T00:00:00
5728,Joseph,Rodriguez,joseph.rodriguez5728@insightplatforms.com,Insight Platforms,Inbound - Content,SQL,58,,,,2022-08-29T00:00:00
5729,Nancy,Anderson,nancy.anderson5729@rapidcloud.com,RapidCloud,Social Media,MQL,100,,,,2022-07-26T00:00:00
5730,Nancy,Anderson,nancy.anderson5730@insightplatforms.com,Insight Platforms,Inbound - Web,Working,20,,,,2024-08-12T00:00:00
5731,Sarah,Wilson,sarah.wilson5731@rapidcloud.com,RapidCloud,Product-Led,Converted,51,956,899,2022-06-15,2022-04-02T00:00:00
5732,Lisa,Williams,lisa.williams5732@primepathdigital.com,PrimePath Digital,Inbound - Webinar,Converted,-94,807,691,2024-08-14,2024-07-08T00:00:00
5733,Robert,Thompson,robert.thompson5733@innovateco.com,InnovateCo,Event,SQL,70,,,,2024-08-27T00:00:00
5734,Daniel,Davis,daniel.davis5734@streamlineanalytics.com,StreamLine Analytics,Product-Led,MQL,54,,,,2021-06-24T00:00:00
5735,Karen,Taylor,karen.taylor5735@futureforge.com,FutureForge,Inbound - Webinar,Converted,91,114,512,2021-12-22,2021-12-09T00:00:00
5736,John,Taylor,john.taylor5736@pulsepointdigital.com,PulsePoint Digital,Inbound - Web,Working,38,,,,2020-02-28T00:00:00
5737,Karen,Miller,karen.miller5737@metasync.com,MetaSync,Product-Led,Working,37,,,,2023-07-05T00:00:00
5738,Michael,Garcia,michael.garcia5738@streamlineanalytics.com,StreamLine Analytics,Event,Converted,72,3687,391,2024-08-02,2024-06-08T00:00:00
5739,Jessica,Gonzalez,jessica.gonzalez5739@cybervault.com,CyberVault,Event,Disqualified,17,,,,2024-07-09T00:00:00
5740,William,Lopez,william.lopez5740@pulsepointdigital.com,PulsePoint Digital,Inbound - Webinar,Nurture,39,,,,2022-07-27T00:00:00
5741,Mary,Anderson,mary.anderson5741@brightwavetech.com,BrightWave Tech,Partner Referral,Converted,68,2020,831,2022-04-25,2022-04-19T00:00:00
5742,Linda,Gonzalez,linda.gonzalez5742@agiledynamics.com,Agile Dynamics,Outbound - Cold,MQL,55,,,,2024-07-22T00:00:00
5743,Elizabeth,Martinez,elizabeth.martinez5743@vertexai.com,VertexAI,Product-Led,Working,24,,,,2024-06-11T00:00:00
5744,Jessica,Lopez,jessica.lopez5744@vertexai.com,VertexAI,Partner Referral,Converted,89,3462,605,2022-06-20,2022-04-19T00:00:00
5745,Daniel,Smith,daniel.smith5745@scaleupsystems.com,ScaleUp Systems,Inbound - Content,Converted,50,2798,81,2024-11-17,2024-10-04T00:00:00
5746,Richard,Wilson,richard.wilson5746@streamlineanalytics.com,StreamLine Analytics,Partner Referral,Working,68,,,,2021-11-19T00:00:00
5747,Michael,Johnson,michael.johnson5747@vertexai.com,VertexAI,Paid Search,Nurture,39,,,,2024-10-20T00:00:00
5748,Joseph,Johnson,joseph.johnson5748@primepathdigital.com,PrimePath Digital,Social Media,New,55,,,,2021-11-18T00:00:00
5749,Christopher,Hernandez,christopher.hernandez5749@futureforge.com,FutureForge,Product-Led,Working,22,,,,2022-09-06T00:00:00
5750,Michael,Taylor,michael.taylor5750@insightplatforms.com,Insight Platforms,Partner Referral,New,69,,,,2023-12-01T00:00:00
5751,Linda,Smith,linda.smith5751@primepathdigital.com,PrimePath Digital,Inbound - Web,Disqualified,24,,,,2021-01-20T00:00:00
5752,Nancy,Johnson,,CloudScale Systems,Paid Search,New,68,,,,2022-05-14T00:00:00
5753,Lisa,Miller,lisa.miller5753@rapidcloud.com,RapidCloud,Outbound - Cold,SQL,96,,,,2023-02-18T00:00:00
5754,Mary,Johnson,mary.johnson5754@agiledynamics.com,Agile Dynamics,Inbound - Webinar,Disqualified,26,,,,2020-11-23T00:00:00
5755,Charles,Smith,charles.smith5755@rapidcloud.com,RapidCloud,Outbound - SDR,Disqualified,13,,,,2022-12-20T00:00:00
5756,Charles,Martinez,charles.martinez5756@cybervault.com,CyberVault,Inbound - Web,SQL,67,,,,2023-05-04T00:00:00
5757,Charles,Rodriguez,charles.rodriguez5757@quantumlogiclabs.com,QuantumLogic Labs,Partner Referral,Disqualified,18,,,,2023-08-16T00:00:00
5758,David,Martinez,david.martinez5758@rapidcloud.com,RapidCloud,Partner Referral,Converted,76,419,246,2023-02-21,2022-12-29T00:00:00
5759,John,Garcia,john.garcia5759@rapidcloud.com,RapidCloud,Social Media,MQL,51,,,,2023-02-28T00:00:00
5760,William,Lopez,william.lopez5760@futureforge.com,FutureForge,Partner Referral,Converted,58,1601,916,2024-11-13,2024-10-11T00:00:00
5761,John,Davis,john.davis5761@quantumlogiclabs.com,QuantumLogic Labs,Outbound - Cold,Converted,91,4499,397,2023-06-08,2023-05-10T00:00:00
5762,Mary,Wilson,mary.wilson5762@cloudscalesystems.com,CloudScale Systems,Product-Led,Working,70,,,,2021-07-08T00:00:00
5763,Patricia,Davis,patricia.davis5763@metasync.com,MetaSync,Partner Referral,Converted,99,2556,797,2024-01-02,2023-12-16T00:00:00
5764,Linda,Jackson,linda.jackson5764@rapidcloud.com,RapidCloud,Social Media,Nurture,28,,,,2023-07-06T00:00:00
5765,Patricia,Jackson,patricia.jackson5765@pulsepointdigital.com,PulsePoint Digital,Paid Search,SQL,80,,,,2020-01-03T00:00:00
5766,Jessica,Gonzalez,jessica.gonzalez5766@innovateco.com,InnovateCo,Partner Referral,New,25,,,,2021-01-08T00:00:00
5767,Jennifer,Miller,jennifer.miller5767@vertexai.com,VertexAI,Outbound - SDR,Disqualified,11,,,,2020-09-13T00:00:00
5768,Susan,Jackson,susan.jackson5768@agiledynamics.com,Agile Dynamics,Partner Referral,Working,29,,,,2020-04-21T00:00:00
5769,Susan,Lopez,susan.lopez,QuantumLogic Labs,Event,New,44,,,,2024-12-06T00:00:00
5770,Linda,Smith,linda.smith5770@corestack.com,CoreStack,Outbound - Cold,Nurture,18,,,,2024-12-15T00:00:00
5771,Jessica,Garcia,jessica.garcia5771@futureforge.com,FutureForge,Inbound - Webinar,New,31,,,,2022-02-19T00:00:00
5772,Christopher,Thompson,christopher.thompson5772@nexgensolutions.com,NexGen Solutions,Partner Referral,Converted,98,4580,705,2023-02-15,2022-11-26T00:00:00
5773,William,Taylor,william.taylor5773@insightplatforms.com,Insight Platforms,Paid Search,Disqualified,9,,,,2021-06-30T00:00:00
5774,Thomas,Brown,thomas.brown5774@brightwavetech.com,BrightWave Tech,Event,Disqualified,1,,,,2021-01-05T00:00:00
5775,Nancy,Lee,nancy.lee5775@pulsepointdigital.com,PulsePoint Digital,Outbound - SDR,New,-63,,,,2020-10-05T00:00:00
5776,Thomas,Thomas,thomas.thomas5776@truenorthdata.com,TrueNorth Data,Inbound - Web,Disqualified,19,,,,2022-02-07T00:00:00
5777,Elizabeth,Taylor,elizabeth.taylor5777@techflowinc.com,TechFlow Inc,Paid Search,Nurture,-36,,,,2021-11-23T00:00:00
5778,Susan,Davis,susan.davis5778@scaleupsystems.com,ScaleUp Systems,Inbound - Content,Disqualified,-6,,,,2023-04-14T00:00:00
5779,Daniel,Johnson,daniel.johnson5779@databridgecorp.com,DataBridge Corp,Paid Search,New,55,,,,2021-01-07T00:00:00
5780,Robert,Thompson,robert.thompson5780@quantumlogiclabs.com,QuantumLogic Labs,Product-Led,Nurture,57,,,,2021-12-22T00:00:00
5781,David,Hernandez,david.hernandez5781@cloudscalesystems.com,CloudScale Systems,Inbound - Webinar,Disqualified,27,,,,2022-12-05T00:00:00
5782,Karen,Garcia,karen.garcia5782@nexgensolutions.com,NexGen Solutions,Inbound - Webinar,MQL,81,,,,2021-12-02T00:00:00
5783,Jessica,Gonzalez,,TrueNorth Data,Social Media,Disqualified,22,,,,2021-09-08T00:00:00
5784,Thomas,Brown,thomas.brown5784@metasync.com,MetaSync,Social Media,Disqualified,6,,,,2021-09-01T00:00:00
5785,Karen,Gonzalez,,FutureForge,Inbound - Content,Disqualified,23,,,,2024-02-26T00:00:00
5786,Christopher,Hernandez,christopher.hernandez5786@nexgensolutions.com,NexGen Solutions,Product-Led,New,24,,,,2022-11-09T00:00:00
5787,William,Johnson,william.johnson5787@quantumlogiclabs.com,QuantumLogic Labs,Partner Referral,MQL,74,,,,2024-08-05T00:00:00
5788,Thomas,Anderson,thomas.anderson5788@cloudscalesystems.com,CloudScale Systems,Inbound - Webinar,Disqualified,10,,,,2024-11-10T00:00:00
5789,Patricia,Moore,patricia.moore5789@truenorthdata.com,TrueNorth Data,Outbound - Cold,Working,-42,,,,2021-06-04T00:00:00
5790,Mary,Martin,mary.martin5790@corestack.com,CoreStack,Product-Led,Converted,70,3244,282,2024-09-17,2024-07-13T00:00:00
5791,Joseph,Brown,joseph.brown5791@quantumlogiclabs.com,QuantumLogic Labs,Outbound - SDR,Working,43,,,,2021-07-04T00:00:00
5792,James,Martin,james.martin5792@brightwavetech.com,BrightWave Tech,Inbound - Webinar,MQL,68,,,,2021-09-20T00:00:00
5793,James,Martin,james.martin5793@primepathdigital.com,PrimePath Digital,Outbound - SDR,New,67,,,,2021-10-03T00:00:00
5794,Lisa,Martinez,lisa.martinez5794@rapidcloud.com,RapidCloud,Social Media,SQL,55,,,,2021-09-24T00:00:00
5795,Sarah,Hernandez,sarah.hernandez5795@pulsepointdigital.com,PulsePoint Digital,Paid Search,MQL,100,,,,2024-08-21T00:00:00
5796,Charles,Taylor,charles.taylor5796@techflowinc.com,TechFlow Inc,Inbound - Webinar,MQL,94,,,,2022-12-10T00:00:00
5797,James,Miller,james.miller5797@insightplatforms.com,Insight Platforms,Inbound - Content,Working,63,,,,2024-02-15T00:00:00
5798,Charles,Anderson,charles.anderson5798@futureforge.com,FutureForge,Product-Led,Disqualified,30,,,,2020-05-17T00:00:00
5799,Michael,Jones,michael.jones5799@truenorthdata.com,TrueNorth Data,Event,Converted,75,1822,543,2024-10-10,2024-10-12T00:00:00
5800,Patricia,Wilson,patricia.wilson5800@streamlineanalytics.com,StreamLine Analytics,Product-Led,Converted,83,1497,909,2021-12-03,2021-11-13T00:00:00
5801,Patricia,Gonzalez,patricia.gonzalez5801@rapidcloud.com,RapidCloud,Event,Working,34,,,,2021-11-07T00:00:00
5802,Nancy,Martin,nancy.martin5802@databridgecorp.com,DataBridge Corp,Inbound - Web,MQL,69,,,,2024-10-02T00:00:00
5803,Jessica,Anderson,jessica.anderson5803@streamlineanalytics.com,StreamLine Analytics,Outbound - Cold,Disqualified,5,,,,2021-08-12T00:00:00
5804,Richard,Wilson,richard.wilson5804@truenorthdata.com,TrueNorth Data,Outbound - Cold,MQL,51,,,,2020-06-07T00:00:00
5805,David,Thompson,david.thompson5805@agiledynamics.com,Agile Dynamics,Outbound - Cold,Working,68,,,,2021-04-02T00:00:00
5806,William,Lee,william.lee5806@truenorthdata.com,TrueNorth Data,Outbound - SDR,Working,55,,,,2021-06-03T00:00:00
5807,Karen,Moore,karen.moore5807@innovateco.com,InnovateCo,Outbound - Cold,SQL,75,,,,2021-03-15T00:00:00
5808,David,Jackson,david.jackson5808@agiledynamics.com,Agile Dynamics,Outbound - Cold,New,11,,,,2023-04-07T00:00:00
5809,Mary,Lee,mary.lee5809@streamlineanalytics.com,StreamLine Analytics,Social Media,MQL,85,,,,2022-06-13T00:00:00
5810,Barbara,Jackson,barbara.jackson5810@cybervault.com,CyberVault,Social Media,Converted,61,1801,208,2024-11-30,2024-10-08T00:00:00
5811,Joseph,Brown,joseph.brown5811@nexgensolutions.com,NexGen Solutions,Product-Led,Converted,75,4869,101,2024-03-02,2024-01-15T00:00:00
5812,Mary,Lopez,mary.lopez5812@scaleupsystems.com,ScaleUp Systems,Partner Referral,New,57,,,,2022-03-07T00:00:00
5813,Michael,Brown,michael.brown5813@quantumlogiclabs.com,QuantumLogic Labs,,Working,69,,,,2024-11-15T00:00:00
5814,John,Davis,john.davis5814@techflowinc.com,TechFlow Inc,Social Media,SQL,68,,,,2024-03-09T00:00:00
5815,Mary,Garcia,mary.garcia5815@databridgecorp.com,DataBridge Corp,Inbound - Web,Converted,100,4739,840,2024-01-12,2023-10-23T00:00:00
5816,Jennifer,Martin,jennifer.martin5816@pulsepointdigital.com,PulsePoint Digital,Inbound - Web,Disqualified,5,,,,2020-05-10T00:00:00
5817,Jennifer,Wilson,jennifer.wilson5817@cybervault.com,CyberVault,Paid Search,Converted,77,1235,272,2024-02-16,2023-12-28T00:00:00
5818,Karen,Brown,karen.brown5818@cloudscalesystems.com,CloudScale Systems,Product-Led,Converted,84,1891,646,2024-11-21,2024-09-17T00:00:00
5819,James,Hernandez,,ScaleUp Systems,Event,New,57,,,,2024-03-19T00:00:00
5820,Charles,Moore,charles.moore,NexGen Solutions,Partner Referral,Converted,59,4971,774,2024-02-23,2024-01-18T00:00:00
5821,Robert,Thomas,robert.thomas5821@cloudscalesystems.com,CloudScale Systems,Product-Led,Converted,85,4364,654,2023-10-01,2023-09-22T00:00:00
5822,Thomas,Anderson,thomas.anderson5822@insightplatforms.com,Insight Platforms,Partner Referral,New,59,,,,2024-08-10T00:00:00
5823,David,Wilson,david.wilson5823@metasync.com,MetaSync,Partner Referral,New,57,,,,2021-09-22T00:00:00
5824,Charles,Brown,charles.brown5824@truenorthdata.com,TrueNorth Data,Event,Nurture,57,,,,2020-07-13T00:00:00
5825,James,Smith,james.smith5825@cybervault.com,CyberVault,Inbound - Webinar,New,68,,,,2022-05-23T00:00:00
5826,Daniel,Rodriguez,daniel.rodriguez5826@innovateco.com,InnovateCo,Social Media,MQL,60,,,,2023-05-07T00:00:00
5827,Barbara,Brown,barbara.brown5827@scaleupsystems.com,ScaleUp Systems,Event,Converted,61,4735,417,2024-02-16,2024-01-16T00:00:00
5828,David,Williams,david.williams5828@cybervault.com,CyberVault,Paid Search,Converted,93,4271,878,2022-12-30,2022-12-12T00:00:00
5829,Nancy,Anderson,nancy.anderson5829@corestack.com,CoreStack,Event,Converted,77,2085,763,2023-04-13,2023-03-25T00:00:00
5830,Robert,Hernandez,robert.hernandez5830@techflowinc.com,TechFlow Inc,Event,Working,63,,,,2021-08-31T00:00:00
5831,James,Moore,james.moore5831@quantumlogiclabs.com,QuantumLogic Labs,Event,Converted,68,1420,790,2024-11-06,2024-08-21T00:00:00
5832,Susan,Brown,susan.brown5832@agiledynamics.com,Agile Dynamics,Inbound - Webinar,Converted,52,563,360,2024-07-30,2024-05-18T00:00:00
5833,Daniel,Brown,daniel.brown5833@innovateco.com,InnovateCo,Inbound - Content,New,48,,,,2023-12-23T00:00:00
5834,Charles,Lopez,charles.lopez5834@truenorthdata.com,TrueNorth Data,Outbound - SDR,Disqualified,30,,,,2021-05-24T00:00:00
5835,Daniel,Garcia,daniel.garcia5835@streamlineanalytics.com,StreamLine Analytics,Partner Referral,MQL,74,,,,2020-07-20T00:00:00
5836,Patricia,Martinez,patricia.martinez5836@agiledynamics.com,Agile Dynamics,Inbound - Content,New,44,,,,2021-10-26T00:00:00
5837,Jessica,Williams,jessica.williams5837@insightplatforms.com,Insight Platforms,,New,14,,,,2021-03-15T00:00:00
5838,Lisa,Taylor,lisa.taylor5838@metasync.com,MetaSync,Social Media,SQL,87,,,,2024-08-24T00:00:00
5839,Elizabeth,Thomas,,Agile Dynamics,Inbound - Webinar,Converted,92,3872,946,2023-01-11,2023-01-07T00:00:00
5840,Karen,Miller,karen.miller5840@agiledynamics.com,Agile Dynamics,Product-Led,Working,67,,,,2021-04-03T00:00:00
5841,Nancy,Lee,nancy.lee5841@brightwavetech.com,BrightWave Tech,Outbound - SDR,New,22,,,,2020-02-27T00:00:00
5842,Susan,Hernandez,susan.hernandez5842@brightwavetech.com,BrightWave Tech,Partner Referral,Nurture,23,,,,2024-07-05T00:00:00
5843,Jennifer,Thompson,jennifer.thompson5843@futureforge.com,FutureForge,Product-Led,Converted,74,2590,304,2024-09-16,2024-07-31T00:00:00
5844,Daniel,Thomas,daniel.thomas5844@corestack.com,CoreStack,Event,Nurture,38,,,,2024-12-21T00:00:00
5845,Charles,Smith,charles.smith5845@truenorthdata.com,TrueNorth Data,Product-Led,Converted,90,80,493,2024-12-01,2024-09-24T00:00:00
5846,Robert,Anderson,robert.anderson5846@nexgensolutions.com,NexGen Solutions,Social Media,New,18,,,,2021-07-02T00:00:00
5847,James,Jackson,james.jackson5847@cybervault.com,CyberVault,Paid Search,MQL,86,,,,2020-05-02T00:00:00
5848,Karen,Williams,karen.williams5848@pulsepointdigital.com,PulsePoint Digital,Product-Led,Disqualified,10,,,,2023-12-02T00:00:00
5849,Karen,Gonzalez,karen.gonzalez5849@insightplatforms.com,Insight Platforms,Social Media,SQL,78,,,,2022-10-22T00:00:00
5850,Christopher,Brown,christopher.brown5850@corestack.com,CoreStack,Partner Referral,SQL,84,,,,2022-05-04T00:00:00
5851,Susan,Miller,susan.miller5851@futureforge.com,FutureForge,Partner Referral,Converted,84,207,22,2023-05-24,2023-04-03T00:00:00
5852,Daniel,Martin,daniel.martin5852@scaleupsystems.com,ScaleUp Systems,Product-Led,Converted,58,3254,852,2024-05-01,2024-03-25T00:00:00
5853,Elizabeth,Martinez,elizabeth.martinez5853@rapidcloud.com,RapidCloud,Outbound - SDR,Working,26,,,,2020-07-14T00:00:00
5854,Jennifer,Gonzalez,jennifer.gonzalez,PrimePath Digital,Event,Working,-45,,,,2023-09-01T00:00:00
5855,Joseph,Miller,joseph.miller5855@pulsepointdigital.com,PulsePoint Digital,Inbound - Webinar,SQL,90,,,,2021-10-27T00:00:00
5856,Richard,Thomas,richard.thomas5856@agiledynamics.com,Agile Dynamics,Event,Nurture,19,,,,2022-03-22T00:00:00
5857,Michael,Rodriguez,michael.rodriguez5857@brightwavetech.com,BrightWave Tech,Paid Search,Working,59,,,,2023-06-08T00:00:00
5858,James,Johnson,james.johnson5858@brightwavetech.com,BrightWave Tech,Event,New,31,,,,2020-03-19T00:00:00
5859,Nancy,Lee,nancy.lee5859@innovateco.com,InnovateCo,Outbound - SDR,Disqualified,27,,,,2024-09-26T00:00:00
5860,Robert,Taylor,robert.taylor5860@nexgensolutions.com,NexGen Solutions,Partner Referral,Converted,90,262,535,2024-10-25,2024-09-16T00:00:00
5861,Christopher,Miller,christopher.miller5861@corestack.com,CoreStack,Partner Referral,Working,15,,,,2022-12-16T00:00:00
5862,Charles,Rodriguez,charles.rodriguez5862@agiledynamics.com,Agile Dynamics,Outbound - SDR,Disqualified,2,,,,2024-06-01T00:00:00
5863,John,Jones,john.jones5863@agiledynamics.com,Agile Dynamics,Social Media,New,64,,,,2022-03-09T00:00:00
5864,Karen,Rodriguez,,TechFlow Inc,Social Media,Working,35,,,,2024-12-14T00:00:00
5865,Joseph,Lopez,joseph.lopez5865@insightplatforms.com,Insight Platforms,Inbound - Web,Working,53,,,,2024-12-16T00:00:00
5866,David,Anderson,david.anderson5866@innovateco.com,InnovateCo,Event,MQL,98,,,,2022-02-17T00:00:00
5867,Charles,Rodriguez,charles.rodriguez5867@agiledynamics.com,Agile Dynamics,Outbound - SDR,Disqualified,21,,,,2022-12-29T00:00:00
5868,Sarah,Taylor,sarah.taylor5868@streamlineanalytics.com,StreamLine Analytics,Inbound - Content,SQL,71,,,,2020-06-12T00:00:00
5869,Jennifer,Rodriguez,jennifer.rodriguez5869@databridgecorp.com,DataBridge Corp,Outbound - Cold,Working,43,,,,2024-10-18T00:00:00
5870,Richard,Lopez,richard.lopez5870@metasync.com,MetaSync,Social Media,Disqualified,25,,,,2021-06-30T00:00:00
5871,Lisa,Rodriguez,lisa.rodriguez5871@scaleupsystems.com,ScaleUp Systems,Outbound - Cold,Working,64,,,,2022-01-03T00:00:00
5872,David,Miller,david.miller5872@insightplatforms.com,Insight Platforms,Product-Led,Converted,67,3962,278,2024-08-04,2024-07-14T00:00:00
5873,Joseph,Brown,joseph.brown5873@corestack.com,CoreStack,Event,New,60,,,,2024-03-16T00:00:00
5874,David,Moore,david.moore5874@brightwavetech.com,BrightWave Tech,Outbound - Cold,Nurture,63,,,,2022-07-02T00:00:00
5875,Thomas,Wilson,thomas.wilson5875@metasync.com,MetaSync,Product-Led,SQL,92,,,,2021-03-28T00:00:00
5876,Thomas,Moore,thomas.moore5876@metasync.com,MetaSync,Inbound - Web,Working,29,,,,2024-09-08T00:00:00
5877,James,Taylor,james.taylor5877@futureforge.com,FutureForge,Outbound - Cold,Disqualified,13,,,,2024-12-26T00:00:00
5878,Mary,Lopez,mary.lopez5878@streamlineanalytics.com,StreamLine Analytics,Event,New,30,,,,2021-01-27T00:00:00
5879,Joseph,Jackson,joseph.jackson5879@databridgecorp.com,DataBridge Corp,Event,Disqualified,14,,,,2020-01-19T00:00:00
5880,Jennifer,Garcia,jennifer.garcia5880@databridgecorp.com,DataBridge Corp,Outbound - SDR,New,31,,,,2020-07-11T00:00:00
5881,Nancy,Hernandez,nancy.hernandez5881@futureforge.com,FutureForge,Inbound - Web,Disqualified,5,,,,2020-05-27T00:00:00
5882,Michael,Garcia,michael.garcia5882@pulsepointdigital.com,PulsePoint Digital,Inbound - Webinar,MQL,89,,,,2020-10-03T00:00:00
5883,Mary,Anderson,mary.anderson5883@databridgecorp.com,DataBridge Corp,Outbound - SDR,MQL,67,,,,2020-01-14T00:00:00
5884,James,Thompson,james.thompson5884@pulsepointdigital.com,PulsePoint Digital,,SQL,58,,,,2023-09-13T00:00:00
5885,Charles,Brown,charles.brown5885@agiledynamics.com,Agile Dynamics,Product-Led,Converted,66,1342,28,2020-07-06,2020-04-24T00:00:00
5886,Nancy,Martinez,nancy.martinez5886@brightwavetech.com,BrightWave Tech,Outbound - Cold,New,28,,,,2020-07-02T00:00:00
5887,Barbara,Williams,barbara.williams5887@insightplatforms.com,Insight Platforms,Social Media,Disqualified,15,,,,2024-03-03T00:00:00
5888,Barbara,Wilson,barbara.wilson5888@scaleupsystems.com,ScaleUp Systems,Inbound - Webinar,New,28,,,,2021-05-24T00:00:00
5889,Barbara,Williams,barbara.williams5889@cybervault.com,CyberVault,Product-Led,SQL,51,,,,2021-02-09T00:00:00
5890,Sarah,Martin,sarah.martin5890@scaleupsystems.com,ScaleUp Systems,Inbound - Webinar,New,18,,,,2020-07-20T00:00:00
5891,Sarah,Hernandez,sarah.hernandez5891@vertexai.com,VertexAI,Event,New,67,,,,2021-12-04T00:00:00
5892,James,Jones,james.jones5892@nexgensolutions.com,NexGen Solutions,Inbound - Web,New,44,,,,2024-11-22T00:00:00
5893,Michael,Smith,michael.smith5893@metasync.com,MetaSync,Inbound - Content,SQL,57,,,,2022-01-17T00:00:00
5894,Daniel,Miller,daniel.miller5894@vertexai.com,VertexAI,Inbound - Web,MQL,78,,,,2024-11-29T00:00:00
5895,Christopher,Smith,christopher.smith5895@techflowinc.com,TechFlow Inc,Partner Referral,Converted,93,1153,231,2024-11-16,2024-09-22T00:00:00
5896,Jessica,Miller,jessica.miller5896@agiledynamics.com,Agile Dynamics,Paid Search,Nurture,46,,,,2024-03-23T00:00:00
5897,Karen,Martinez,karen.martinez5897@cybervault.com,CyberVault,Inbound - Content,Disqualified,27,,,,2021-12-12T00:00:00
5898,Christopher,Thompson,christopher.thompson5898@corestack.com,CoreStack,Event,Converted,82,360,865,2024-07-04,2024-06-20T00:00:00
5899,Christopher,Rodriguez,christopher.rodriguez5899@innovateco.com,InnovateCo,Outbound - SDR,Converted,98,2266,814,2023-12-18,2023-11-26T00:00:00
5900,Barbara,Williams,barbara.williams5900@pulsepointdigital.com,PulsePoint Digital,Social Media,SQL,54,,,,2024-12-21T00:00:00
5901,Jennifer,Johnson,jennifer.johnson5901@cybervault.com,CyberVault,Social Media,MQL,63,,,,2020-07-01T00:00:00
5902,Barbara,Martinez,barbara.martinez5902@pulsepointdigital.com,PulsePoint Digital,Product-Led,New,22,,,,2021-07-19T00:00:00
5903,Karen,Taylor,karen.taylor5903@insightplatforms.com,Insight Platforms,Inbound - Web,Working,32,,,,2021-05-06T00:00:00
5904,Michael,Moore,michael.moore5904@techflowinc.com,TechFlow Inc,Outbound - SDR,Disqualified,29,,,,2021-08-21T00:00:00
5905,Michael,Thompson,michael.thompson5905@corestack.com,CoreStack,Product-Led,SQL,59,,,,2023-06-01T00:00:00
5906,Richard,Garcia,richard.garcia5906@agiledynamics.com,Agile Dynamics,Inbound - Content,MQL,80,,,,2022-05-15T00:00:00
5907,Karen,Anderson,karen.anderson5907@cybervault.com,CyberVault,Product-Led,Converted,65,645,17,2024-10-04,2024-10-08T00:00:00
5908,Jennifer,Jackson,jennifer.jackson5908@futureforge.com,FutureForge,Product-Led,Converted,50,4148,657,2023-04-24,2023-02-26T00:00:00
5909,Richard,Wilson,richard.wilson5909@vertexai.com,VertexAI,Outbound - SDR,Disqualified,13,,,,2024-09-18T00:00:00
5910,William,Williams,,Insight Platforms,Inbound - Content,Converted,59,3297,986,2021-09-02,2021-07-19T00:00:00
5911,Karen,Miller,karen.miller5911@cloudscalesystems.com,CloudScale Systems,Inbound - Web,SQL,60,,,,2022-06-10T00:00:00
5912,Sarah,Lee,sarah.lee5912@futureforge.com,FutureForge,Outbound - SDR,SQL,66,,,,2023-06-01T00:00:00
5913,Daniel,Garcia,daniel.garcia5913@streamlineanalytics.com,StreamLine Analytics,Inbound - Webinar,Converted,73,820,852,2024-04-21,2024-02-22T00:00:00
5914,James,Jones,james.jones5914@innovateco.com,InnovateCo,Inbound - Web,New,50,,,,2020-08-01T00:00:00
5915,Jessica,Lopez,jessica.lopez5915@pulsepointdigital.com,PulsePoint Digital,Inbound - Webinar,Nurture,17,,,,2020-05-22T00:00:00
5916,Michael,Martinez,michael.martinez5916@innovateco.com,InnovateCo,Event,MQL,67,,,,2020-12-13T00:00:00
5917,Sarah,Rodriguez,sarah.rodriguez5917@databridgecorp.com,DataBridge Corp,Event,Working,48,,,,2024-06-23T00:00:00
5918,Barbara,Hernandez,barbara.hernandez5918@streamlineanalytics.com,StreamLine Analytics,Event,Converted,77,4924,693,2023-07-07,2023-06-22T00:00:00
5919,Patricia,Miller,patricia.miller5919@pulsepointdigital.com,PulsePoint Digital,Inbound - Web,Nurture,44,,,,2022-07-12T00:00:00
5920,Lisa,Thompson,lisa.thompson5920@cloudscalesystems.com,CloudScale Systems,Partner Referral,SQL,60,,,,2021-01-06T00:00:00
5921,Sarah,Wilson,sarah.wilson5921@nexgensolutions.com,NexGen Solutions,Product-Led,Converted,96,1239,554,2024-07-23,2024-06-20T00:00:00
5922,Karen,Garcia,karen.garcia5922@metasync.com,MetaSync,Inbound - Web,Working,34,,,,2024-04-15T00:00:00
5923,Sarah,Lopez,sarah.lopez5923@truenorthdata.com,TrueNorth Data,Partner Referral,Working,47,,,,2024-04-01T00:00:00
5924,Linda,Moore,linda.moore,PrimePath Digital,Outbound - SDR,Working,62,,,,2020-10-29T00:00:00
5925,Jessica,Smith,,InnovateCo,Product-Led,Converted,94,1228,450,2024-06-21,2024-06-18T00:00:00
5926,Michael,Jackson,michael.jackson5926@pulsepointdigital.com,PulsePoint Digital,Social Media,Converted,53,1829,466,2024-10-09,2024-09-14T00:00:00
5927,Barbara,Moore,barbara.moore5927@metasync.com,MetaSync,Outbound - SDR,MQL,58,,,,2023-08-17T00:00:00
5928,John,Williams,john.williams5928@vertexai.com,VertexAI,Partner Referral,Converted,66,1580,904,2024-11-08,2024-10-09T00:00:00
5929,James,Martinez,james.martinez5929@rapidcloud.com,RapidCloud,Outbound - SDR,Working,22,,,,2022-08-17T00:00:00
5930,Elizabeth,Jones,elizabeth.jones5930@insightplatforms.com,Insight Platforms,Product-Led,Converted,87,907,70,2023-06-02,2023-05-06T00:00:00
5931,Jennifer,Brown,jennifer.brown,DataBridge Corp,Outbound - Cold,SQL,51,,,,2022-01-01T00:00:00
5932,Karen,Wilson,karen.wilson5932@quantumlogiclabs.com,QuantumLogic Labs,Inbound - Webinar,Converted,61,4405,798,2020-10-09,2020-08-15T00:00:00
5933,Lisa,Lopez,lisa.lopez5933@brightwavetech.com,BrightWave Tech,Event,Converted,76,3382,339,2024-12-05,2024-11-27T00:00:00
5934,Jessica,Garcia,jessica.garcia5934@nexgensolutions.com,NexGen Solutions,Inbound - Web,Working,19,,,,2023-03-21T00:00:00
5935,Christopher,Thompson,,Agile Dynamics,Product-Led,Converted,52,3452,458,2024-12-02,2024-10-13T00:00:00
5936,Joseph,Rodriguez,joseph.rodriguez5936@truenorthdata.com,TrueNorth Data,Product-Led,Converted,92,1399,586,2024-09-15,2024-07-19T00:00:00
5937,Sarah,Martin,sarah.martin5937@nexgensolutions.com,NexGen Solutions,,Converted,72,4350,934,2023-09-29,2023-07-14T00:00:00
5938,Richard,Lopez,richard.lopez5938@quantumlogiclabs.com,QuantumLogic Labs,Inbound - Content,Disqualified,17,,,,2023-08-21T00:00:00
5939,Richard,Thompson,richard.thompson5939@cybervault.com,CyberVault,Inbound - Content,Converted,86,4144,148,2024-09-16,2024-07-22T00:00:00
5940,William,Johnson,william.johnson5940@cybervault.com,CyberVault,Event,MQL,99,,,,2024-09-16T00:00:00
5941,John,Martinez,john.martinez5941@truenorthdata.com,TrueNorth Data,Inbound - Webinar,Working,53,,,,2024-08-10T00:00:00
5942,Sarah,Thomas,sarah.thomas5942@techflowinc.com,TechFlow Inc,Paid Search,Converted,87,4958,299,2024-11-20,2024-09-09T00:00:00
5943,Nancy,Williams,nancy.williams5943@pulsepointdigital.com,PulsePoint Digital,Outbound - SDR,MQL,54,,,,2022-01-11T00:00:00
5944,Charles,Gonzalez,charles.gonzalez5944@insightplatforms.com,Insight Platforms,Inbound - Web,Working,65,,,,2022-01-19T00:00:00
5945,Lisa,Thomas,lisa.thomas5945@primepathdigital.com,PrimePath Digital,Product-Led,MQL,62,,,,2021-02-11T00:00:00
5946,David,Smith,david.smith5946@cloudscalesystems.com,CloudScale Systems,Outbound - SDR,MQL,98,,,,2020-03-04T00:00:00
5947,Robert,Miller,robert.miller5947@pulsepointdigital.com,PulsePoint Digital,Outbound - Cold,MQL,65,,,,2024-07-06T00:00:00
5948,Joseph,Lee,joseph.lee5948@insightplatforms.com,Insight Platforms,Paid Search,SQL,64,,,,2024-10-04T00:00:00
5949,Thomas,Brown,thomas.brown5949@cloudscalesystems.com,CloudScale Systems,Inbound - Content,New,35,,,,2023-05-23T00:00:00
5950,James,Williams,james.williams5950@quantumlogiclabs.com,QuantumLogic Labs,Outbound - SDR,New,18,,,,2024-03-19T00:00:00
5951,William,Thomas,william.thomas5951@truenorthdata.com,TrueNorth Data,Outbound - Cold,MQL,54,,,,2024-09-02T00:00:00
5952,Barbara,Williams,barbara.williams5952@futureforge.com,FutureForge,Outbound - SDR,Disqualified,7,,,,2022-09-12T00:00:00
5953,Barbara,Moore,barbara.moore5953@cybervault.com,CyberVault,Inbound - Content,New,26,,,,2021-05-12T00:00:00
5954,Elizabeth,Jackson,elizabeth.jackson5954@brightwavetech.com,BrightWave Tech,Paid Search,Converted,60,4599,709,2022-02-26,2021-12-31T00:00:00
5955,Susan,Wilson,susan.wilson5955@cloudscalesystems.com,CloudScale Systems,Product-Led,Converted,51,2480,35,2024-03-24,2024-01-07T00:00:00
5956,Mary,Lopez,mary.lopez5956@pulsepointdigital.com,PulsePoint Digital,Outbound - Cold,MQL,80,,,,2020-03-09T00:00:00
5957,Linda,Jones,linda.jones5957@cloudscalesystems.com,CloudScale Systems,Inbound - Web,MQL,51,,,,2020-11-24T00:00:00
5958,Sarah,Lee,sarah.lee5958@metasync.com,MetaSync,Product-Led,Converted,87,1803,48,2023-01-28,2022-11-26T00:00:00
5959,Michael,Williams,michael.williams5959@cybervault.com,CyberVault,Outbound - Cold,Converted,51,2979,69,2024-12-08,2024-11-10T00:00:00
5960,John,Johnson,john.johnson5960@techflowinc.com,TechFlow Inc,Paid Search,New,46,,,,2021-05-11T00:00:00
5961,Jennifer,Martinez,jennifer.martinez5961@agiledynamics.com,Agile Dynamics,Product-Led,Converted,100,2210,952,2023-12-19,2023-11-21T00:00:00
5962,Barbara,Jones,,ScaleUp Systems,Outbound - SDR,Working,22,,,,2022-07-06T00:00:00
5963,Robert,Thomas,robert.thomas5963@databridgecorp.com,DataBridge Corp,Inbound - Content,Working,37,,,,2020-12-08T00:00:00
5964,Elizabeth,Garcia,elizabeth.garcia5964@innovateco.com,InnovateCo,,Disqualified,12,,,,2024-07-27T00:00:00
5965,Barbara,Miller,barbara.miller5965@insightplatforms.com,Insight Platforms,Product-Led,SQL,69,,,,2022-10-06T00:00:00
5966,Thomas,Smith,thomas.smith5966@nexgensolutions.com,NexGen Solutions,Paid Search,Working,68,,,,2022-07-04T00:00:00
5967,Karen,Taylor,karen.taylor5967@quantumlogiclabs.com,QuantumLogic Labs,Paid Search,Converted,51,4349,30,2024-10-03,2024-08-05T00:00:00
5968,Mary,Hernandez,mary.hernandez5968@cybervault.com,CyberVault,Outbound - Cold,New,49,,,,2024-02-03T00:00:00
5969,Mary,Thompson,mary.thompson5969@rapidcloud.com,RapidCloud,Paid Search,Disqualified,29,,,,2022-01-20T00:00:00
5970,Michael,Lopez,michael.lopez5970@techflowinc.com,TechFlow Inc,Inbound - Web,Disqualified,2,,,,2023-10-05T00:00:00
5971,William,Wilson,william.wilson5971@cybervault.com,CyberVault,Event,Working,16,,,,2022-06-08T00:00:00
5972,Jennifer,Thompson,jennifer.thompson5972@techflowinc.com,TechFlow Inc,Partner Referral,New,12,,,,2024-03-23T00:00:00
5973,Mary,Jackson,mary.jackson5973@insightplatforms.com,Insight Platforms,Inbound - Webinar,New,63,,,,2023-05-10T00:00:00
5974,James,Miller,james.miller5974@innovateco.com,InnovateCo,Outbound - Cold,SQL,94,,,,2021-09-19T00:00:00
5975,Michael,Thomas,michael.thomas5975@pulsepointdigital.com,PulsePoint Digital,Outbound - Cold,SQL,85,,,,2022-11-05T00:00:00
5976,Elizabeth,Rodriguez,elizabeth.rodriguez5976@agiledynamics.com,Agile Dynamics,Event,Nurture,31,,,,2022-10-12T00:00:00
5977,James,Johnson,james.johnson5977@pulsepointdigital.com,PulsePoint Digital,Inbound - Web,Nurture,58,,,,2024-12-08T00:00:00
5978,Lisa,Williams,lisa.williams5978@streamlineanalytics.com,StreamLine Analytics,Inbound - Content,Disqualified,4,,,,2022-08-10T00:00:00
5979,Susan,Martin,susan.martin5979@techflowinc.com,TechFlow Inc,Inbound - Content,Working,48,,,,2024-11-04T00:00:00
5980,James,Miller,james.miller5980@pulsepointdigital.com,PulsePoint Digital,Outbound - SDR,MQL,73,,,,2023-09-02T00:00:00
5981,Michael,Hernandez,michael.hernandez5981@techflowinc.com,TechFlow Inc,Event,New,50,,,,2020-05-25T00:00:00
5982,Elizabeth,Johnson,elizabeth.johnson5982@insightplatforms.com,Insight Platforms,Inbound - Web,MQL,73,,,,2021-09-13T00:00:00
5983,Thomas,Jones,thomas.jones5983@pulsepointdigital.com,PulsePoint Digital,Inbound - Webinar,SQL,98,,,,2023-03-09T00:00:00
5984,Barbara,Gonzalez,barbara.gonzalez5984@agiledynamics.com,Agile Dynamics,Partner Referral,SQL,65,,,,2023-06-23T00:00:00
5985,William,Rodriguez,william.rodriguez5985@databridgecorp.com,DataBridge Corp,Event,Converted,55,503,182,2023-10-02,2023-09-10T00:00:00
5986,Jennifer,Jackson,jennifer.jackson5986@databridgecorp.com,DataBridge Corp,Event,Converted,51,1694,148,2023-11-27,2023-09-18T00:00:00
5987,Christopher,Garcia,christopher.garcia5987@vertexai.com,VertexAI,Inbound - Web,Working,38,,,,2021-12-20T00:00:00
5988,Robert,Davis,robert.davis5988@nexgensolutions.com,NexGen Solutions,Paid Search,MQL,51,,,,2020-07-28T00:00:00
5989,Christopher,Thompson,christopher.thompson5989@primepathdigital.com,PrimePath Digital,Event,MQL,91,,,,2020-11-12T00:00:00
5990,Michael,Davis,michael.davis5990@agiledynamics.com,Agile Dynamics,Inbound - Content,SQL,69,,,,2024-07-16T00:00:00
5991,Susan,Thompson,,PulsePoint Digital,Product-Led,Converted,67,3615,732,2024-08-11,2024-06-27T00:00:00
5992,Joseph,Moore,joseph.moore5992@scaleupsystems.com,ScaleUp Systems,Outbound - SDR,Working,22,,,,2020-07-09T00:00:00
5993,Sarah,Wilson,sarah.wilson5993@truenorthdata.com,TrueNorth Data,Inbound - Webinar,Working,18,,,,2023-05-07T00:00:00
5994,Richard,Smith,richard.smith5994@techflowinc.com,TechFlow Inc,Paid Search,Converted,66,2447,541,2024-10-25,2024-10-10T00:00:00
5995,Barbara,Gonzalez,barbara.gonzalez5995@techflowinc.com,TechFlow Inc,Product-Led,Converted,68,3207,87,2024-01-05,2023-10-20T00:00:00
5996,Patricia,Davis,patricia.davis5996@scaleupsystems.com,ScaleUp Systems,Inbound - Web,New,10,,,,2022-03-19T00:00:00
5997,James,Davis,james.davis5997@nexgensolutions.com,NexGen Solutions,Inbound - Webinar,New,36,,,,2021-04-26T00:00:00
5998,Jennifer,Brown,,InnovateCo,Inbound - Web,Disqualified,2,,,,2021-05-06T00:00:00
5999,Sarah,Brown,sarah.brown5999@scaleupsystems.com,ScaleUp Systems,Inbound - Content,SQL,95,,,,2023-10-18T00:00:00
6000,Barbara,Garcia,barbara.garcia6000@corestack.com,CoreStack,Outbound - SDR,New,66,,,,2022-02-28T00:00:00
6001,Elizabeth,Jones,elizabeth.jones6001@agiledynamics.com,Agile Dynamics,Outbound - Cold,Nurture,57,,,,2020-06-28T00:00:00
6002,Linda,Gonzalez,linda.gonzalez6002@nexgensolutions.com,NexGen Solutions,Social Media,Working,66,,,,2020-10-26T00:00:00
6003,Robert,Moore,robert.moore6003@pulsepointdigital.com,PulsePoint Digital,Event,New,22,,,,2021-05-08T00:00:00
6004,Thomas,Taylor,thomas.taylor6004@cybervault.com,CyberVault,Social Media,Converted,76,5,52,2022-10-08,2022-09-09T00:00:00
6005,Jessica,Jackson,jessica.jackson6005@quantumlogiclabs.com,QuantumLogic Labs,Social Media,Disqualified,26,,,,2024-10-19T00:00:00
6006,Daniel,Wilson,daniel.wilson6006@primepathdigital.com,PrimePath Digital,Outbound - SDR,New,49,,,,2022-04-24T00:00:00
6007,James,Martinez,james.martinez6007@innovateco.com,InnovateCo,Outbound - Cold,New,70,,,,2020-05-05T00:00:00
6008,Barbara,Gonzalez,barbara.gonzalez6008@techflowinc.com,TechFlow Inc,Paid Search,SQL,69,,,,2023-06-17T00:00:00
6009,Elizabeth,Johnson,elizabeth.johnson6009@metasync.com,MetaSync,Outbound - SDR,Working,47,,,,2024-09-10T00:00:00
6010,Nancy,Anderson,nancy.anderson6010@agiledynamics.com,Agile Dynamics,Outbound - SDR,MQL,63,,,,2023-08-09T00:00:00
6011,Thomas,Gonzalez,thomas.gonzalez6011@primepathdigital.com,PrimePath Digital,Social Media,SQL,52,,,,2020-10-06T00:00:00
6012,John,Williams,john.williams6012@cloudscalesystems.com,CloudScale Systems,Inbound - Web,Working,30,,,,2021-01-28T00:00:00
6013,Christopher,Jackson,christopher.jackson6013@cybervault.com,CyberVault,Outbound - SDR,New,34,,,,2022-05-20T00:00:00
6014,Patricia,Brown,patricia.brown6014@futureforge.com,FutureForge,Partner Referral,New,68,,,,2024-09-06T00:00:00
6015,Linda,Jackson,linda.jackson6015@innovateco.com,InnovateCo,,Nurture,65,,,,2020-03-20T00:00:00
6016,David,Anderson,david.anderson6016@truenorthdata.com,TrueNorth Data,Outbound - SDR,Working,69,,,,2023-03-12T00:00:00
6017,Mary,Miller,mary.miller6017@scaleupsystems.com,ScaleUp Systems,Inbound - Webinar,Converted,87,3204,361,2024-04-21,2024-03-23T00:00:00
6018,Robert,Miller,robert.miller6018@futureforge.com,FutureForge,Partner Referral,Converted,67,699,265,2024-05-19,2024-03-19T00:00:00
6019,James,Martinez,james.martinez6019@rapidcloud.com,RapidCloud,Product-Led,Working,42,,,,2022-11-11T00:00:00
6020,Daniel,Miller,daniel.miller6020@nexgensolutions.com,NexGen Solutions,Outbound - Cold,Disqualified,24,,,,2022-07-14T00:00:00
6021,Thomas,Thompson,thomas.thompson6021@corestack.com,CoreStack,Paid Search,New,53,,,,2021-03-15T00:00:00
6022,Michael,Anderson,michael.anderson6022@rapidcloud.com,RapidCloud,Inbound - Web,Working,55,,,,2022-11-13T00:00:00
6023,Christopher,Wilson,christopher.wilson6023@nexgensolutions.com,NexGen Solutions,,Working,33,,,,2022-09-26T00:00:00
6024,Barbara,Martinez,,MetaSync,,New,34,,,,2021-08-31T00:00:00
6025,Richard,Brown,richard.brown6025@metasync.com,MetaSync,Partner Referral,Disqualified,28,,,,2023-10-03T00:00:00
6026,Michael,Martinez,michael.martinez6026@futureforge.com,FutureForge,Product-Led,Nurture,55,,,,2023-04-08T00:00:00
6027,Jessica,Miller,jessica.miller6027@brightwavetech.com,BrightWave Tech,Paid Search,Working,47,,,,2020-09-29T00:00:00
6028,Joseph,Johnson,joseph.johnson6028@corestack.com,CoreStack,Inbound - Content,Converted,97,2405,963,2023-11-09,2023-08-29T00:00:00
6029,Daniel,Wilson,daniel.wilson6029@techflowinc.com,TechFlow Inc,Event,SQL,87,,,,2021-11-25T00:00:00
6030,Linda,Lee,linda.lee6030@truenorthdata.com,TrueNorth Data,Inbound - Content,MQL,57,,,,2021-11-01T00:00:00
6031,Jessica,Williams,jessica.williams6031@innovateco.com,InnovateCo,Event,Working,61,,,,2023-03-15T00:00:00
6032,Joseph,Gonzalez,joseph.gonzalez6032@rapidcloud.com,RapidCloud,Product-Led,Disqualified,4,,,,2020-10-23T00:00:00
6033,Robert,Wilson,robert.wilson6033@truenorthdata.com,TrueNorth Data,Inbound - Webinar,Disqualified,7,,,,2022-06-30T00:00:00
6034,Daniel,Taylor,daniel.taylor6034@futureforge.com,FutureForge,Outbound - SDR,MQL,79,,,,2021-05-30T00:00:00
6035,Nancy,Garcia,nancy.garcia6035@techflowinc.com,TechFlow Inc,Inbound - Web,New,47,,,,2024-10-21T00:00:00
6036,Jennifer,Gonzalez,jennifer.gonzalez6036@techflowinc.com,TechFlow Inc,Inbound - Webinar,Disqualified,14,,,,2024-03-20T00:00:00
6037,Jessica,Martinez,,FutureForge,Partner Referral,MQL,78,,,,2024-01-13T00:00:00
6038,William,Taylor,william.taylor6038@truenorthdata.com,TrueNorth Data,Outbound - Cold,Working,47,,,,2021-02-26T00:00:00
6039,John,Wilson,john.wilson6039@rapidcloud.com,RapidCloud,Paid Search,Working,45,,,,2024-05-10T00:00:00
6040,Susan,Martinez,susan.martinez6040@truenorthdata.com,TrueNorth Data,Partner Referral,Working,57,,,,2020-11-04T00:00:00
6041,Lisa,Jackson,lisa.jackson6041@cybervault.com,CyberVault,Social Media,Working,52,,,,2022-10-14T00:00:00
6042,David,Thomas,david.thomas6042@agiledynamics.com,Agile Dynamics,Social Media,Nurture,69,,,,2023-06-17T00:00:00
6043,Sarah,Taylor,sarah.taylor6043@insightplatforms.com,Insight Platforms,Inbound - Webinar,Nurture,31,,,,2023-09-20T00:00:00
6044,Elizabeth,Rodriguez,elizabeth.rodriguez6044@innovateco.com,InnovateCo,Partner Referral,MQL,52,,,,2022-10-04T00:00:00
6045,Mary,Moore,mary.moore6045@rapidcloud.com,RapidCloud,Partner Referral,Nurture,18,,,,2024-12-26T00:00:00
6046,David,Lee,david.lee6046@insightplatforms.com,Insight Platforms,Social Media,New,48,,,,2021-04-25T00:00:00
6047,Barbara,Thompson,barbara.thompson6047@databridgecorp.com,DataBridge Corp,Product-Led,Converted,82,101,52,2023-10-26,2023-09-17T00:00:00
6048,Thomas,Jones,thomas.jones6048@rapidcloud.com,RapidCloud,Inbound - Content,MQL,91,,,,2020-09-20T00:00:00
6049,Nancy,Miller,nancy.miller6049@cloudscalesystems.com,CloudScale Systems,Paid Search,Working,48,,,,2022-06-21T00:00:00
6050,Linda,Moore,linda.moore6050@vertexai.com,VertexAI,Inbound - Content,Converted,61,3642,708,2023-05-11,2023-02-27T00:00:00
6051,Michael,Davis,michael.davis6051@innovateco.com,InnovateCo,Outbound - Cold,New,49,,,,2020-09-02T00:00:00
6052,Daniel,Rodriguez,daniel.rodriguez6052@agiledynamics.com,Agile Dynamics,Paid Search,Converted,57,1745,356,2024-07-15,2024-06-30T00:00:00
6053,Charles,Wilson,charles.wilson6053@metasync.com,MetaSync,Outbound - Cold,MQL,57,,,,2023-12-25T00:00:00
6054,David,Gonzalez,david.gonzalez6054@techflowinc.com,TechFlow Inc,Outbound - SDR,Disqualified,13,,,,2023-06-15T00:00:00
6055,Sarah,Jackson,sarah.jackson6055@primepathdigital.com,PrimePath Digital,Inbound - Content,Working,62,,,,2021-03-22T00:00:00
6056,Joseph,Garcia,joseph.garcia6056@pulsepointdigital.com,PulsePoint Digital,Inbound - Web,Nurture,18,,,,2020-08-31T00:00:00
6057,Robert,Jackson,robert.jackson6057@innovateco.com,InnovateCo,Paid Search,Converted,78,3963,738,2024-11-28,2024-11-19T00:00:00
6058,Jennifer,Lee,jennifer.lee6058@metasync.com,MetaSync,Outbound - Cold,New,24,,,,2022-08-20T00:00:00
6059,Joseph,Garcia,joseph.garcia6059@metasync.com,MetaSync,Outbound - Cold,MQL,55,,,,2020-04-14T00:00:00
6060,Jessica,Anderson,jessica.anderson6060@cybervault.com,CyberVault,Outbound - SDR,Nurture,56,,,,2022-02-17T00:00:00
6061,Joseph,Rodriguez,joseph.rodriguez6061@vertexai.com,VertexAI,Social Media,Working,45,,,,2020-11-01T00:00:00
6062,Joseph,Rodriguez,joseph.rodriguez6062@techflowinc.com,TechFlow Inc,Outbound - SDR,New,15,,,,2023-08-29T00:00:00
6063,Elizabeth,Martinez,elizabeth.martinez6063@futureforge.com,FutureForge,Social Media,Working,43,,,,2022-07-29T00:00:00
6064,Robert,Lee,robert.lee6064@rapidcloud.com,RapidCloud,Event,Converted,92,1963,618,2023-01-16,2022-10-31T00:00:00
6065,Barbara,Garcia,barbara.garcia6065@insightplatforms.com,Insight Platforms,,Nurture,66,,,,2021-06-10T00:00:00
6066,Richard,Rodriguez,richard.rodriguez6066@truenorthdata.com,TrueNorth Data,Outbound - Cold,Disqualified,4,,,,2020-07-01T00:00:00
6067,Barbara,Wilson,barbara.wilson6067@insightplatforms.com,Insight Platforms,Outbound - SDR,Working,25,,,,2023-03-06T00:00:00
6068,James,Martinez,james.martinez6068@rapidcloud.com,RapidCloud,Inbound - Web,Disqualified,27,,,,2022-12-29T00:00:00
6069,Susan,Thomas,susan.thomas6069@techflowinc.com,TechFlow Inc,Partner Referral,MQL,54,,,,2024-12-13T00:00:00
6070,Karen,Williams,karen.williams6070@techflowinc.com,TechFlow Inc,Social Media,Disqualified,28,,,,2020-02-05T00:00:00
6071,Christopher,Gonzalez,christopher.gonzalez6071@brightwavetech.com,BrightWave Tech,Product-Led,MQL,63,,,,2024-11-06T00:00:00
6072,John,Thomas,john.thomas6072@corestack.com,CoreStack,Outbound - Cold,Disqualified,11,,,,2020-06-29T00:00:00
6073,Linda,Martinez,linda.martinez6073@futureforge.com,FutureForge,Inbound - Content,Nurture,43,,,,2021-12-13T00:00:00
6074,Jennifer,Moore,jennifer.moore6074@corestack.com,CoreStack,Inbound - Web,Disqualified,7,,,,2024-01-20T00:00:00
6075,Barbara,Jones,barbara.jones6075@vertexai.com,VertexAI,Inbound - Content,MQL,84,,,,2020-08-02T00:00:00
6076,Jennifer,Brown,jennifer.brown6076@metasync.com,MetaSync,Social Media,MQL,63,,,,2023-10-05T00:00:00
6077,William,Martin,william.martin6077@metasync.com,MetaSync,Partner Referral,New,67,,,,2023-01-13T00:00:00
6078,Karen,Gonzalez,,BrightWave Tech,Product-Led,New,63,,,,2022-02-09T00:00:00
6079,Linda,Garcia,linda.garcia6079@truenorthdata.com,TrueNorth Data,Inbound - Content,Converted,89,1350,114,2024-08-02,2024-05-20T00:00:00
6080,Joseph,Gonzalez,joseph.gonzalez6080@rapidcloud.com,RapidCloud,Inbound - Webinar,New,20,,,,2021-10-11T00:00:00
6081,Elizabeth,Davis,elizabeth.davis,InnovateCo,Inbound - Webinar,Converted,89,811,873,2024-03-25,2024-01-17T00:00:00
6082,Jennifer,Lopez,,Insight Platforms,Inbound - Web,Disqualified,5,,,,2022-08-10T00:00:00
6083,Nancy,Davis,nancy.davis6083@nexgensolutions.com,NexGen Solutions,Outbound - Cold,Nurture,60,,,,2020-11-17T00:00:00
6084,Daniel,Davis,daniel.davis6084@truenorthdata.com,TrueNorth Data,Inbound - Webinar,Disqualified,18,,,,2024-03-09T00:00:00
6085,James,Johnson,james.johnson6085@pulsepointdigital.com,PulsePoint Digital,Inbound - Content,Working,27,,,,2024-04-27T00:00:00
6086,Lisa,Martinez,lisa.martinez6086@corestack.com,CoreStack,Inbound - Content,Working,26,,,,2024-05-12T00:00:00
6087,Sarah,Rodriguez,sarah.rodriguez6087@pulsepointdigital.com,PulsePoint Digital,Inbound - Content,Converted,92,3194,869,2024-05-04,2024-04-09T00:00:00
6088,Patricia,Rodriguez,patricia.rodriguez6088@pulsepointdigital.com,PulsePoint Digital,Inbound - Webinar,New,68,,,,2022-03-23T00:00:00
6089,Richard,Miller,richard.miller6089@truenorthdata.com,TrueNorth Data,Inbound - Webinar,Disqualified,20,,,,2020-02-06T00:00:00
6090,Christopher,Hernandez,christopher.hernandez6090@databridgecorp.com,DataBridge Corp,Inbound - Webinar,MQL,83,,,,2023-11-13T00:00:00
6091,Mary,Johnson,mary.johnson6091@techflowinc.com,TechFlow Inc,Social Media,Disqualified,18,,,,2020-03-09T00:00:00
6092,Richard,Brown,richard.brown6092@pulsepointdigital.com,PulsePoint Digital,Outbound - SDR,Disqualified,22,,,,2021-02-26T00:00:00
6093,Susan,Williams,susan.williams6093@insightplatforms.com,Insight Platforms,Inbound - Web,Converted,57,3137,856,2022-08-31,2022-08-06T00:00:00
6094,James,Johnson,james.johnson6094@primepathdigital.com,PrimePath Digital,Product-Led,Converted,59,325,508,2024-04-16,2024-02-02T00:00:00
6095,Patricia,Jackson,patricia.jackson6095@pulsepointdigital.com,PulsePoint Digital,Paid Search,Working,26,,,,2021-04-08T00:00:00
6096,Karen,Martin,karen.martin6096@insightplatforms.com,Insight Platforms,Event,Disqualified,25,,,,2021-11-12T00:00:00
6097,Joseph,Taylor,joseph.taylor6097@truenorthdata.com,TrueNorth Data,Product-Led,New,11,,,,2021-12-10T00:00:00
6098,Elizabeth,Brown,elizabeth.brown6098@truenorthdata.com,TrueNorth Data,Social Media,New,18,,,,2023-03-31T00:00:00
6099,James,Jackson,james.jackson6099@insightplatforms.com,Insight Platforms,Product-Led,Working,13,,,,2022-10-08T00:00:00
6100,Nancy,Brown,nancy.brown6100@corestack.com,CoreStack,Inbound - Webinar,MQL,69,,,,2023-04-09T00:00:00
6101,Jessica,Wilson,jessica.wilson6101@primepathdigital.com,PrimePath Digital,,Working,18,,,,2022-08-27T00:00:00
6102,Christopher,Taylor,christopher.taylor6102@metasync.com,MetaSync,Event,Working,36,,,,2020-12-11T00:00:00
6103,Mary,Miller,mary.miller6103@agiledynamics.com,Agile Dynamics,Partner Referral,Converted,51,3631,600,2024-10-18,2024-08-30T00:00:00
6104,Robert,Rodriguez,,ScaleUp Systems,Partner Referral,SQL,68,,,,2023-05-30T00:00:00
6105,Lisa,Brown,lisa.brown,CoreStack,Inbound - Content,Converted,69,1220,135,2024-03-26,2024-03-05T00:00:00
6106,Susan,Jackson,susan.jackson6106@futureforge.com,FutureForge,,SQL,81,,,,2022-06-20T00:00:00
6107,Elizabeth,Williams,elizabeth.williams6107@innovateco.com,InnovateCo,Event,Working,34,,,,2022-04-16T00:00:00
6108,James,Gonzalez,james.gonzalez6108@pulsepointdigital.com,PulsePoint Digital,Partner Referral,Converted,81,4907,195,2024-06-03,2024-04-28T00:00:00
6109,James,Hernandez,james.hernandez6109@corestack.com,CoreStack,Outbound - Cold,New,21,,,,2024-09-07T00:00:00
6110,Jessica,Martinez,jessica.martinez6110@scaleupsystems.com,ScaleUp Systems,Inbound - Web,SQL,91,,,,2024-04-05T00:00:00
6111,Charles,Martinez,charles.martinez6111@rapidcloud.com,RapidCloud,Product-Led,MQL,78,,,,2022-10-03T00:00:00
6112,Mary,Miller,mary.miller6112@primepathdigital.com,PrimePath Digital,Social Media,Working,21,,,,2024-02-15T00:00:00
6113,Karen,Anderson,karen.anderson6113@pulsepointdigital.com,PulsePoint Digital,Inbound - Webinar,Converted,53,4468,947,2024-07-24,2024-07-26T00:00:00
6114,William,Miller,william.miller6114@brightwavetech.com,BrightWave Tech,Outbound - Cold,MQL,94,,,,2023-08-10T00:00:00
6115,James,Jackson,james.jackson6115@vertexai.com,VertexAI,Event,Disqualified,18,,,,2024-11-20T00:00:00
6116,Joseph,Jackson,joseph.jackson6116@scaleupsystems.com,ScaleUp Systems,Social Media,MQL,78,,,,2020-11-02T00:00:00
6117,William,Jackson,william.jackson6117@corestack.com,CoreStack,,Converted,82,789,990,2022-06-05,2022-04-08T00:00:00
6118,Susan,Anderson,susan.anderson6118@brightwavetech.com,BrightWave Tech,Event,MQL,60,,,,2020-04-29T00:00:00
6119,Karen,Brown,karen.brown6119@vertexai.com,VertexAI,Partner Referral,Converted,55,1689,543,2023-05-27,2023-03-11T00:00:00
6120,David,Williams,david.williams6120@metasync.com,MetaSync,Outbound - Cold,Converted,70,89,681,2020-08-02,2020-07-18T00:00:00
6121,Christopher,Moore,christopher.moore6121@scaleupsystems.com,ScaleUp Systems,Outbound - Cold,MQL,78,,,,2021-03-13T00:00:00
6122,James,Johnson,james.johnson6122@cloudscalesystems.com,CloudScale Systems,Inbound - Webinar,Disqualified,24,,,,2024-12-08T00:00:00
6123,Jessica,Garcia,jessica.garcia6123@quantumlogiclabs.com,QuantumLogic Labs,Inbound - Web,Disqualified,29,,,,2022-02-13T00:00:00
6124,James,Rodriguez,james.rodriguez6124@cloudscalesystems.com,CloudScale Systems,Outbound - Cold,MQL,79,,,,2020-07-07T00:00:00
6125,Linda,Johnson,linda.johnson6125@innovateco.com,InnovateCo,Product-Led,Converted,68,3127,188,2021-01-08,2020-12-18T00:00:00
6126,Michael,Lopez,michael.lopez6126@corestack.com,CoreStack,Paid Search,New,52,,,,2020-01-04T00:00:00
6127,Daniel,Johnson,daniel.johnson6127@brightwavetech.com,BrightWave Tech,Social Media,New,12,,,,2023-01-26T00:00:00
6128,Mary,Thomas,mary.thomas6128@brightwavetech.com,BrightWave Tech,Product-Led,Nurture,41,,,,2022-06-19T00:00:00
6129,David,Wilson,david.wilson6129@databridgecorp.com,DataBridge Corp,Event,New,70,,,,2022-08-24T00:00:00
6130,Patricia,Jones,patricia.jones6130@truenorthdata.com,TrueNorth Data,Outbound - SDR,Converted,59,4712,646,2024-02-18,2024-01-06T00:00:00
6131,Richard,Williams,richard.williams6131@agiledynamics.com,Agile Dynamics,Paid Search,MQL,-73,,,,2021-10-13T00:00:00
6132,Susan,Taylor,susan.taylor6132@scaleupsystems.com,ScaleUp Systems,Outbound - SDR,MQL,87,,,,2020-07-03T00:00:00
6133,Christopher,Jackson,christopher.jackson6133@metasync.com,MetaSync,Event,New,30,,,,2024-02-25T00:00:00
6134,Lisa,Martinez,lisa.martinez6134@agiledynamics.com,Agile Dynamics,Product-Led,Nurture,42,,,,2023-10-18T00:00:00
6135,Lisa,Anderson,lisa.anderson6135@corestack.com,CoreStack,Paid Search,Disqualified,9,,,,2023-03-20T00:00:00
6136,Robert,Lee,,BrightWave Tech,Inbound - Webinar,Converted,72,4682,328,2022-10-06,2022-08-05T00:00:00
6137,Joseph,Jones,joseph.jones6137@corestack.com,CoreStack,Inbound - Web,Nurture,66,,,,2021-04-29T00:00:00
6138,Michael,Lopez,michael.lopez6138@nexgensolutions.com,NexGen Solutions,Product-Led,New,48,,,,2020-10-24T00:00:00
6139,Barbara,Gonzalez,barbara.gonzalez6139@metasync.com,MetaSync,Inbound - Web,MQL,55,,,,2021-12-03T00:00:00
6140,Sarah,Jones,sarah.jones6140@truenorthdata.com,TrueNorth Data,Outbound - Cold,Disqualified,20,,,,2020-01-17T00:00:00
6141,Richard,Rodriguez,richard.rodriguez6141@scaleupsystems.com,ScaleUp Systems,Partner Referral,Disqualified,3,,,,2023-07-02T00:00:00
6142,Charles,Lopez,charles.lopez6142@innovateco.com,InnovateCo,Inbound - Content,Working,51,,,,2020-02-29T00:00:00
6143,Thomas,Moore,thomas.moore6143@metasync.com,MetaSync,Paid Search,New,22,,,,2021-08-16T00:00:00
6144,Charles,Martin,charles.martin6144@insightplatforms.com,Insight Platforms,Paid Search,Working,53,,,,2020-02-25T00:00:00
6145,Karen,Williams,karen.williams6145@streamlineanalytics.com,StreamLine Analytics,Inbound - Content,Working,53,,,,2024-06-02T00:00:00
6146,Jessica,Garcia,jessica.garcia6146@cloudscalesystems.com,CloudScale Systems,Outbound - Cold,Disqualified,18,,,,2023-03-11T00:00:00
6147,Lisa,Smith,lisa.smith6147@pulsepointdigital.com,PulsePoint Digital,Social Media,Nurture,59,,,,2022-04-19T00:00:00
6148,Karen,Brown,karen.brown6148@cybervault.com,CyberVault,Partner Referral,Working,41,,,,2024-10-21T00:00:00
6149,Michael,Taylor,michael.taylor6149@agiledynamics.com,Agile Dynamics,Partner Referral,SQL,71,,,,2021-03-30T00:00:00
6150,Patricia,Brown,patricia.brown6150@databridgecorp.com,DataBridge Corp,Paid Search,Disqualified,14,,,,2021-07-16T00:00:00
6151,Mary,Garcia,mary.garcia6151@pulsepointdigital.com,PulsePoint Digital,Product-Led,Disqualified,30,,,,2022-07-28T00:00:00
6152,John,Brown,john.brown6152@scaleupsystems.com,ScaleUp Systems,Product-Led,MQL,54,,,,2023-12-19T00:00:00
6153,Sarah,Hernandez,sarah.hernandez6153@insightplatforms.com,Insight Platforms,Product-Led,New,29,,,,2021-04-09T00:00:00
6154,Christopher,Jones,christopher.jones6154@corestack.com,CoreStack,Outbound - Cold,Disqualified,12,,,,2020-03-17T00:00:00
6155,Charles,Hernandez,charles.hernandez6155@metasync.com,MetaSync,Paid Search,Disqualified,12,,,,2021-03-06T00:00:00
6156,Susan,Thompson,susan.thompson6156@cybervault.com,CyberVault,Product-Led,Converted,92,1331,211,2024-09-11,2024-06-18T00:00:00
6157,Sarah,Martin,sarah.martin6157@brightwavetech.com,BrightWave Tech,Inbound - Webinar,Disqualified,25,,,,2023-03-24T00:00:00
6158,Charles,Rodriguez,charles.rodriguez6158@streamlineanalytics.com,StreamLine Analytics,Social Media,New,63,,,,2020-07-11T00:00:00
6159,Susan,Lee,susan.lee6159@quantumlogiclabs.com,QuantumLogic Labs,Product-Led,Converted,95,4583,540,2024-11-08,2024-10-03T00:00:00
6160,Nancy,Hernandez,nancy.hernandez6160@scaleupsystems.com,ScaleUp Systems,Partner Referral,Disqualified,-3,,,,2022-02-03T00:00:00
6161,Christopher,Williams,christopher.williams6161@agiledynamics.com,Agile Dynamics,Inbound - Webinar,Disqualified,21,,,,2023-03-22T00:00:00
6162,Patricia,Thomas,patricia.thomas6162@innovateco.com,InnovateCo,Paid Search,New,40,,,,2023-06-13T00:00:00
6163,Elizabeth,Davis,elizabeth.davis6163@streamlineanalytics.com,StreamLine Analytics,Inbound - Content,Converted,60,2165,914,2021-10-21,2021-08-21T00:00:00
6164,Karen,Johnson,karen.johnson6164@techflowinc.com,TechFlow Inc,Product-Led,MQL,50,,,,2021-02-24T00:00:00
6165,Christopher,Garcia,christopher.garcia6165@quantumlogiclabs.com,QuantumLogic Labs,Outbound - SDR,MQL,66,,,,2024-03-05T00:00:00
6166,John,Rodriguez,john.rodriguez6166@truenorthdata.com,TrueNorth Data,Outbound - SDR,MQL,72,,,,2021-04-04T00:00:00
6167,David,Miller,david.miller6167@vertexai.com,VertexAI,Outbound - SDR,Nurture,60,,,,2022-12-20T00:00:00
6168,Susan,Smith,susan.smith6168@pulsepointdigital.com,PulsePoint Digital,Event,Nurture,49,,,,2020-11-16T00:00:00
6169,Daniel,Martin,daniel.martin6169@databridgecorp.com,DataBridge Corp,,New,70,,,,2020-10-29T00:00:00
6170,Jennifer,Moore,jennifer.moore6170@corestack.com,CoreStack,Social Media,Disqualified,0,,,,2022-08-21T00:00:00
6171,Linda,Taylor,linda.taylor6171@metasync.com,MetaSync,Paid Search,Nurture,60,,,,2021-04-16T00:00:00
6172,Jessica,Brown,jessica.brown6172@metasync.com,MetaSync,,Disqualified,9,,,,2021-04-21T00:00:00
6173,Elizabeth,Williams,elizabeth.williams6173@quantumlogiclabs.com,QuantumLogic Labs,,Disqualified,16,,,,2023-11-13T00:00:00
6174,Elizabeth,Lopez,elizabeth.lopez6174@corestack.com,CoreStack,Paid Search,Nurture,23,,,,2021-06-27T00:00:00
6175,Charles,Jones,charles.jones6175@primepathdigital.com,PrimePath Digital,Event,Converted,81,4485,737,2024-10-18,2024-08-02T00:00:00
6176,Mary,Lopez,mary.lopez6176@truenorthdata.com,TrueNorth Data,Event,MQL,78,,,,2023-11-03T00:00:00
6177,David,Brown,david.brown6177@techflowinc.com,TechFlow Inc,Inbound - Web,MQL,93,,,,2020-09-17T00:00:00
6178,Richard,Smith,richard.smith6178@innovateco.com,InnovateCo,Outbound - SDR,Nurture,66,,,,2022-08-20T00:00:00
6179,Michael,Smith,michael.smith6179@scaleupsystems.com,ScaleUp Systems,Partner Referral,Converted,98,4936,397,2021-03-02,2020-12-17T00:00:00
6180,Linda,Moore,linda.moore6180@agiledynamics.com,Agile Dynamics,Product-Led,New,42,,,,2022-05-26T00:00:00
6181,Joseph,Hernandez,joseph.hernandez6181@agiledynamics.com,Agile Dynamics,Paid Search,Disqualified,13,,,,2022-05-20T00:00:00
6182,Lisa,Taylor,lisa.taylor6182@insightplatforms.com,Insight Platforms,Product-Led,Nurture,53,,,,2020-05-05T00:00:00
6183,Barbara,Anderson,barbara.anderson6183@futureforge.com,FutureForge,Event,Disqualified,5,,,,2022-10-02T00:00:00
6184,Charles,Wilson,charles.wilson6184@vertexai.com,VertexAI,Paid Search,SQL,70,,,,2023-10-18T00:00:00
6185,Jennifer,Brown,jennifer.brown6185@nexgensolutions.com,NexGen Solutions,Paid Search,Converted,68,3511,954,2023-09-10,2023-07-19T00:00:00
6186,Elizabeth,Smith,elizabeth.smith6186@nexgensolutions.com,NexGen Solutions,Outbound - Cold,Working,20,,,,2023-11-29T00:00:00
6187,Karen,Davis,karen.davis6187@rapidcloud.com,RapidCloud,Inbound - Webinar,New,14,,,,2022-01-28T00:00:00
6188,Jennifer,Martin,jennifer.martin6188@quantumlogiclabs.com,QuantumLogic Labs,Event,Converted,76,2378,478,2024-10-07,2024-09-21T00:00:00
6189,Susan,Gonzalez,susan.gonzalez6189@pulsepointdigital.com,PulsePoint Digital,Paid Search,Disqualified,21,,,,2024-07-07T00:00:00
6190,Mary,Martinez,mary.martinez6190@databridgecorp.com,DataBridge Corp,Event,Working,27,,,,2020-06-05T00:00:00
6191,Richard,Davis,richard.davis6191@agiledynamics.com,Agile Dynamics,Inbound - Web,Nurture,50,,,,2021-10-21T00:00:00
6192,William,Rodriguez,william.rodriguez6192@streamlineanalytics.com,StreamLine Analytics,Inbound - Webinar,Nurture,38,,,,2020-02-19T00:00:00
6193,Patricia,Garcia,patricia.garcia6193@corestack.com,CoreStack,Inbound - Content,Working,10,,,,2020-10-06T00:00:00
6194,Thomas,Lee,thomas.lee6194@brightwavetech.com,BrightWave Tech,Inbound - Web,MQL,57,,,,2023-10-20T00:00:00
6195,Linda,Rodriguez,linda.rodriguez6195@metasync.com,MetaSync,Social Media,Disqualified,-26,,,,2022-03-05T00:00:00
6196,Robert,Gonzalez,robert.gonzalez6196@corestack.com,CoreStack,Event,MQL,87,,,,2024-03-22T00:00:00
6197,Sarah,Moore,sarah.moore6197@rapidcloud.com,RapidCloud,Social Media,SQL,67,,,,2023-02-13T00:00:00
6198,Karen,Thompson,karen.thompson6198@metasync.com,MetaSync,Social Media,Nurture,70,,,,2024-11-13T00:00:00
6199,Nancy,Martin,nancy.martin6199@vertexai.com,VertexAI,Social Media,MQL,74,,,,2023-01-16T00:00:00
6200,Linda,Miller,linda.miller6200@streamlineanalytics.com,StreamLine Analytics,Outbound - Cold,Disqualified,3,,,,2022-07-18T00:00:00
6201,Jennifer,Hernandez,jennifer.hernandez6201@cloudscalesystems.com,CloudScale Systems,Social Media,Disqualified,16,,,,2022-12-03T00:00:00
6202,Robert,Thomas,robert.thomas,TrueNorth Data,Partner Referral,MQL,69,,,,2023-10-09T00:00:00
6203,Christopher,Lee,christopher.lee6203@quantumlogiclabs.com,QuantumLogic Labs,Paid Search,Working,23,,,,2024-08-02T00:00:00
6204,Daniel,Brown,daniel.brown6204@futureforge.com,FutureForge,Event,Disqualified,2,,,,2022-04-09T00:00:00
6205,Elizabeth,Martin,elizabeth.martin6205@corestack.com,CoreStack,Event,Working,41,,,,2020-05-20T00:00:00
6206,James,Thompson,james.thompson6206@innovateco.com,InnovateCo,Inbound - Web,MQL,99,,,,2022-06-17T00:00:00
6207,Nancy,Brown,nancy.brown6207@innovateco.com,InnovateCo,Outbound - SDR,Nurture,45,,,,2020-06-07T00:00:00
6208,Michael,Miller,michael.miller6208@rapidcloud.com,RapidCloud,Social Media,Disqualified,1,,,,2022-04-08T00:00:00
6209,Mary,Moore,mary.moore6209@truenorthdata.com,TrueNorth Data,Outbound - Cold,Working,12,,,,2023-01-28T00:00:00
6210,Michael,Martinez,michael.martinez6210@futureforge.com,FutureForge,Social Media,Working,23,,,,2020-08-05T00:00:00
6211,David,Thomas,david.thomas6211@corestack.com,CoreStack,Outbound - Cold,New,27,,,,2023-06-11T00:00:00
6212,Sarah,Lee,sarah.lee6212@cybervault.com,CyberVault,Social Media,MQL,97,,,,2023-11-26T00:00:00
6213,Robert,Davis,robert.davis6213@agiledynamics.com,Agile Dynamics,Inbound - Content,MQL,71,,,,2022-12-14T00:00:00
6214,Thomas,Martin,thomas.martin6214@corestack.com,CoreStack,Partner Referral,MQL,94,,,,2021-08-26T00:00:00
6215,Karen,Martinez,karen.martinez6215@corestack.com,CoreStack,Event,Disqualified,5,,,,2023-03-14T00:00:00
6216,Michael,Brown,michael.brown6216@quantumlogiclabs.com,QuantumLogic Labs,Outbound - Cold,New,15,,,,2020-09-18T00:00:00
6217,Daniel,Anderson,daniel.anderson6217@brightwavetech.com,BrightWave Tech,Outbound - Cold,Working,27,,,,2021-12-24T00:00:00
6218,Elizabeth,Moore,elizabeth.moore6218@quantumlogiclabs.com,QuantumLogic Labs,Event,SQL,73,,,,2021-03-12T00:00:00
6219,Karen,Brown,karen.brown6219@streamlineanalytics.com,StreamLine Analytics,Event,Working,20,,,,2020-01-27T00:00:00
6220,Elizabeth,Hernandez,elizabeth.hernandez6220@insightplatforms.com,Insight Platforms,Inbound - Web,Disqualified,14,,,,2020-03-08T00:00:00
6221,Christopher,Smith,christopher.smith6221@scaleupsystems.com,ScaleUp Systems,Outbound - Cold,New,24,,,,2023-12-11T00:00:00
6222,Richard,Davis,richard.davis6222@brightwavetech.com,BrightWave Tech,Inbound - Content,Converted,80,1332,118,2024-07-03,2024-05-28T00:00:00
6223,Lisa,Jackson,lisa.jackson6223@techflowinc.com,TechFlow Inc,Social Media,Working,35,,,,2022-08-12T00:00:00
6224,Richard,Gonzalez,richard.gonzalez6224@pulsepointdigital.com,PulsePoint Digital,Product-Led,Converted,79,3904,572,2023-03-27,2023-02-17T00:00:00
6225,Elizabeth,Thomas,elizabeth.thomas6225@corestack.com,CoreStack,Event,Disqualified,26,,,,2024-02-03T00:00:00
6226,Barbara,Martin,barbara.martin6226@nexgensolutions.com,NexGen Solutions,,Converted,64,2506,45,2022-12-13,2022-11-17T00:00:00
6227,Jennifer,Hernandez,jennifer.hernandez6227@vertexai.com,VertexAI,Event,Disqualified,21,,,,2024-04-19T00:00:00
6228,David,Wilson,david.wilson6228@innovateco.com,InnovateCo,Outbound - SDR,Disqualified,27,,,,2024-07-02T00:00:00
6229,Barbara,Davis,barbara.davis6229@techflowinc.com,TechFlow Inc,,Disqualified,14,,,,2023-10-02T00:00:00
6230,Joseph,Miller,joseph.miller6230@insightplatforms.com,Insight Platforms,Inbound - Web,Working,60,,,,2022-08-30T00:00:00
6231,Mary,Garcia,mary.garcia6231@brightwavetech.com,BrightWave Tech,Outbound - SDR,Nurture,58,,,,2021-11-07T00:00:00
6232,Daniel,Brown,,DataBridge Corp,Paid Search,Converted,96,729,560,2024-07-03,2024-06-20T00:00:00
6233,Robert,Lee,robert.lee6233@agiledynamics.com,Agile Dynamics,Outbound - Cold,SQL,52,,,,2020-08-04T00:00:00
6234,Susan,Jones,susan.jones6234@truenorthdata.com,TrueNorth Data,Social Media,Converted,89,1991,519,2024-10-29,2024-10-25T00:00:00
6235,John,Garcia,john.garcia6235@primepathdigital.com,PrimePath Digital,Inbound - Web,MQL,79,,,,2024-08-05T00:00:00
6236,Richard,Gonzalez,richard.gonzalez6236@rapidcloud.com,RapidCloud,Event,Converted,77,600,488,2023-04-04,2023-01-22T00:00:00
6237,Karen,Moore,karen.moore6237@scaleupsystems.com,ScaleUp Systems,Outbound - SDR,Working,19,,,,2024-04-20T00:00:00
6238,Thomas,Johnson,thomas.johnson6238@futureforge.com,FutureForge,Inbound - Webinar,MQL,78,,,,2022-01-23T00:00:00
6239,James,Moore,james.moore6239@databridgecorp.com,DataBridge Corp,Inbound - Webinar,SQL,75,,,,2022-10-02T00:00:00
6240,James,Jones,james.jones6240@brightwavetech.com,BrightWave Tech,Inbound - Webinar,Working,70,,,,2022-05-09T00:00:00
6241,Charles,Rodriguez,charles.rodriguez6241@truenorthdata.com,TrueNorth Data,Outbound - Cold,MQL,90,,,,2020-12-22T00:00:00
6242,William,Gonzalez,william.gonzalez6242@primepathdigital.com,PrimePath Digital,Social Media,Disqualified,27,,,,2021-03-03T00:00:00
6243,Richard,Lopez,richard.lopez6243@insightplatforms.com,Insight Platforms,Inbound - Web,Disqualified,12,,,,2021-07-20T00:00:00
6244,Elizabeth,Anderson,elizabeth.anderson6244@scaleupsystems.com,ScaleUp Systems,Outbound - Cold,Working,50,,,,2021-09-04T00:00:00
6245,Jennifer,Johnson,jennifer.johnson6245@futureforge.com,FutureForge,Social Media,Disqualified,21,,,,2023-10-14T00:00:00
6246,Robert,Thomas,robert.thomas,BrightWave Tech,Paid Search,Converted,86,2091,159,2024-01-20,2023-11-01T00:00:00
6247,Jessica,Smith,jessica.smith6247@agiledynamics.com,Agile Dynamics,Inbound - Content,Working,58,,,,2023-12-02T00:00:00
6248,Joseph,Johnson,joseph.johnson6248@nexgensolutions.com,NexGen Solutions,Social Media,Disqualified,23,,,,2023-02-18T00:00:00
6249,Barbara,Smith,barbara.smith6249@truenorthdata.com,TrueNorth Data,Partner Referral,New,31,,,,2024-02-17T00:00:00
6250,Christopher,Brown,christopher.brown6250@databridgecorp.com,DataBridge Corp,Partner Referral,Nurture,43,,,,2023-07-31T00:00:00
6251,Charles,Johnson,charles.johnson6251@corestack.com,CoreStack,Social Media,Disqualified,17,,,,2022-02-07T00:00:00
6252,Jennifer,Moore,jennifer.moore6252@vertexai.com,VertexAI,Event,Converted,60,4418,611,2024-10-30,2024-09-06T00:00:00
6253,Christopher,Moore,christopher.moore6253@insightplatforms.com,Insight Platforms,Outbound - SDR,MQL,81,,,,2020-12-07T00:00:00
6254,Richard,Rodriguez,richard.rodriguez6254@streamlineanalytics.com,StreamLine Analytics,Outbound - Cold,SQL,64,,,,2021-06-29T00:00:00
6255,James,Williams,,CloudScale Systems,Outbound - Cold,New,67,,,,2020-02-20T00:00:00
6256,Robert,Martinez,robert.martinez6256@corestack.com,CoreStack,Paid Search,SQL,51,,,,2020-09-25T00:00:00
6257,John,Jones,john.jones6257@brightwavetech.com,BrightWave Tech,Event,SQL,97,,,,2024-08-23T00:00:00
6258,Patricia,Martin,patricia.martin6258@nexgensolutions.com,NexGen Solutions,Paid Search,Working,31,,,,2022-06-21T00:00:00
6259,Daniel,Miller,daniel.miller6259@pulsepointdigital.com,PulsePoint Digital,Product-Led,New,19,,,,2023-09-30T00:00:00
6260,Daniel,Martinez,daniel.martinez6260@cybervault.com,CyberVault,Inbound - Content,Converted,69,520,508,2024-09-03,2024-06-28T00:00:00
6261,Elizabeth,Brown,elizabeth.brown6261@brightwavetech.com,BrightWave Tech,Outbound - SDR,Working,55,,,,2024-12-20T00:00:00
6262,Karen,Thompson,karen.thompson6262@techflowinc.com,TechFlow Inc,Outbound - SDR,SQL,72,,,,2021-10-10T00:00:00
6263,Richard,Thomas,richard.thomas6263@primepathdigital.com,PrimePath Digital,Product-Led,MQL,52,,,,2022-10-04T00:00:00
6264,William,Johnson,william.johnson6264@cloudscalesystems.com,CloudScale Systems,Product-Led,Converted,88,782,555,2024-12-10,2024-10-18T00:00:00
6265,Jennifer,Davis,jennifer.davis6265@metasync.com,MetaSync,Outbound - Cold,MQL,72,,,,2023-12-21T00:00:00
6266,Richard,Thomas,richard.thomas6266@quantumlogiclabs.com,QuantumLogic Labs,Paid Search,Nurture,38,,,,2022-09-18T00:00:00
6267,Lisa,Anderson,lisa.anderson6267@primepathdigital.com,PrimePath Digital,Inbound - Content,Converted,76,2461,552,2024-03-14,2024-01-02T00:00:00
6268,David,Martin,david.martin6268@streamlineanalytics.com,StreamLine Analytics,Inbound - Web,MQL,58,,,,2020-11-28T00:00:00
6269,William,Lopez,william.lopez6269@vertexai.com,VertexAI,Inbound - Web,Converted,55,3898,167,2024-12-30,2024-10-25T00:00:00
6270,Patricia,Thompson,patricia.thompson6270@quantumlogiclabs.com,QuantumLogic Labs,Inbound - Content,Working,26,,,,2022-04-03T00:00:00
6271,Susan,Johnson,susan.johnson6271@cloudscalesystems.com,CloudScale Systems,Social Media,Converted,52,2505,783,2024-10-21,2024-09-02T00:00:00
6272,Thomas,Taylor,thomas.taylor6272@brightwavetech.com,BrightWave Tech,Inbound - Content,MQL,76,,,,2023-07-23T00:00:00
6273,Nancy,Martin,nancy.martin6273@pulsepointdigital.com,PulsePoint Digital,Outbound - SDR,Disqualified,1,,,,2024-01-27T00:00:00
6274,Robert,Jones,robert.jones6274@databridgecorp.com,DataBridge Corp,Inbound - Content,Converted,51,971,932,2024-12-12,2024-11-25T00:00:00
6275,Susan,Lee,susan.lee6275@cloudscalesystems.com,CloudScale Systems,,MQL,87,,,,2021-07-15T00:00:00
6276,Michael,Anderson,michael.anderson6276@nexgensolutions.com,NexGen Solutions,Partner Referral,New,65,,,,2021-05-05T00:00:00
6277,James,Thomas,james.thomas6277@scaleupsystems.com,ScaleUp Systems,Outbound - Cold,New,20,,,,2022-01-09T00:00:00
6278,Robert,Garcia,robert.garcia6278@cloudscalesystems.com,CloudScale Systems,Partner Referral,Disqualified,23,,,,2020-01-09T00:00:00
6279,Linda,Smith,linda.smith6279@insightplatforms.com,Insight Platforms,Inbound - Webinar,New,66,,,,2020-08-31T00:00:00
6280,Robert,Martinez,robert.martinez6280@vertexai.com,VertexAI,Inbound - Content,Disqualified,24,,,,2022-07-18T00:00:00
6281,Richard,Brown,richard.brown6281@nexgensolutions.com,NexGen Solutions,Partner Referral,New,56,,,,2022-05-16T00:00:00
6282,Sarah,Brown,sarah.brown6282@vertexai.com,VertexAI,Partner Referral,Working,57,,,,2021-06-16T00:00:00
6283,Robert,Lee,robert.lee6283@innovateco.com,InnovateCo,Paid Search,MQL,50,,,,2022-02-26T00:00:00
6284,Karen,Thomas,karen.thomas6284@metasync.com,MetaSync,Inbound - Content,Working,43,,,,2024-07-19T00:00:00
6285,Christopher,Miller,christopher.miller6285@truenorthdata.com,TrueNorth Data,Outbound - SDR,New,34,,,,2021-09-25T00:00:00
6286,Daniel,Wilson,,VertexAI,Outbound - Cold,Disqualified,22,,,,2024-10-03T00:00:00
6287,Mary,Anderson,mary.anderson6287@cloudscalesystems.com,CloudScale Systems,Partner Referral,Converted,94,4803,397,2024-05-17,2024-04-03T00:00:00
6288,Thomas,Jones,thomas.jones6288@corestack.com,CoreStack,Outbound - Cold,MQL,72,,,,2024-04-25T00:00:00
6289,Nancy,Miller,nancy.miller6289@innovateco.com,InnovateCo,Outbound - SDR,Disqualified,12,,,,2021-04-11T00:00:00
6290,Jennifer,Taylor,jennifer.taylor6290@vertexai.com,VertexAI,Inbound - Webinar,New,38,,,,2024-01-15T00:00:00
6291,Jennifer,Gonzalez,jennifer.gonzalez6291@streamlineanalytics.com,StreamLine Analytics,Outbound - SDR,Disqualified,15,,,,2020-12-25T00:00:00
6292,Richard,Gonzalez,richard.gonzalez6292@cybervault.com,CyberVault,Inbound - Webinar,Converted,79,3853,726,2022-11-30,2022-11-01T00:00:00
6293,Mary,Taylor,mary.taylor6293@streamlineanalytics.com,StreamLine Analytics,Outbound - Cold,Nurture,30,,,,2023-08-01T00:00:00
6294,Patricia,Martin,patricia.martin6294@agiledynamics.com,Agile Dynamics,Outbound - SDR,Working,24,,,,2023-03-14T00:00:00
6295,Daniel,Lopez,daniel.lopez6295@brightwavetech.com,BrightWave Tech,Product-Led,Converted,98,2442,296,2022-04-28,2022-03-20T00:00:00
6296,John,Martinez,john.martinez6296@corestack.com,CoreStack,Event,MQL,80,,,,2022-06-03T00:00:00
6297,Richard,Thompson,richard.thompson6297@corestack.com,CoreStack,Partner Referral,Disqualified,7,,,,2021-09-03T00:00:00
6298,Richard,Miller,richard.miller6298@primepathdigital.com,PrimePath Digital,Inbound - Web,SQL,59,,,,2021-01-31T00:00:00
6299,Susan,Thomas,susan.thomas6299@innovateco.com,InnovateCo,Inbound - Content,MQL,57,,,,2021-07-24T00:00:00
6300,Daniel,Jones,daniel.jones6300@corestack.com,CoreStack,Inbound - Web,Converted,95,2878,413,2024-04-20,2024-02-03T00:00:00
6301,Jessica,Rodriguez,,PulsePoint Digital,Inbound - Web,Nurture,27,,,,2024-05-15T00:00:00
6302,Christopher,Martin,christopher.martin6302@futureforge.com,FutureForge,Inbound - Webinar,Converted,53,4929,798,2024-08-17,2024-05-27T00:00:00
6303,Karen,Lee,karen.lee6303@vertexai.com,VertexAI,Inbound - Webinar,SQL,61,,,,2021-11-24T00:00:00
6304,Robert,Lee,robert.lee6304@nexgensolutions.com,NexGen Solutions,Partner Referral,MQL,92,,,,2023-07-15T00:00:00
6305,Charles,Jones,charles.jones6305@truenorthdata.com,TrueNorth Data,Outbound - SDR,Converted,73,3670,67,2023-12-26,2023-11-03T00:00:00
6306,Sarah,Williams,sarah.williams6306@nexgensolutions.com,NexGen Solutions,Outbound - SDR,Disqualified,0,,,,2022-12-11T00:00:00
6307,Charles,Anderson,charles.anderson6307@innovateco.com,InnovateCo,Partner Referral,SQL,84,,,,2021-06-27T00:00:00
6308,Elizabeth,Martinez,elizabeth.martinez6308@vertexai.com,VertexAI,Partner Referral,Converted,51,992,305,2024-11-29,2024-10-30T00:00:00
6309,Karen,Jones,karen.jones6309@cloudscalesystems.com,CloudScale Systems,Product-Led,SQL,79,,,,2020-05-01T00:00:00
6310,Mary,Anderson,mary.anderson6310@metasync.com,MetaSync,Social Media,New,34,,,,2024-11-05T00:00:00
6311,Linda,Lopez,linda.lopez6311@cybervault.com,CyberVault,Outbound - SDR,New,47,,,,2024-09-21T00:00:00
6312,Joseph,Brown,joseph.brown6312@truenorthdata.com,TrueNorth Data,Inbound - Content,Nurture,56,,,,2020-12-05T00:00:00
6313,Nancy,Lee,nancy.lee6313@primepathdigital.com,PrimePath Digital,Inbound - Content,Converted,100,423,213,2024-04-01,2024-01-16T00:00:00
6314,Susan,Brown,susan.brown6314@rapidcloud.com,RapidCloud,Inbound - Webinar,Converted,97,881,179,2024-07-05,2024-05-18T00:00:00
6315,Patricia,Jackson,,StreamLine Analytics,Inbound - Content,MQL,85,,,,2021-04-22T00:00:00
6316,David,Lee,david.lee6316@quantumlogiclabs.com,QuantumLogic Labs,Outbound - Cold,Working,31,,,,2021-05-19T00:00:00
6317,Robert,Anderson,robert.anderson6317@cybervault.com,CyberVault,Inbound - Webinar,Working,15,,,,2022-12-06T00:00:00
6318,Patricia,Rodriguez,patricia.rodriguez6318@techflowinc.com,TechFlow Inc,,MQL,91,,,,2022-07-23T00:00:00
6319,John,Garcia,john.garcia6319@scaleupsystems.com,ScaleUp Systems,Paid Search,MQL,96,,,,2024-09-22T00:00:00
6320,Patricia,Martinez,patricia.martinez6320@techflowinc.com,TechFlow Inc,Outbound - SDR,MQL,76,,,,2020-08-22T00:00:00
6321,Patricia,Martin,patricia.martin6321@nexgensolutions.com,NexGen Solutions,Inbound - Webinar,Working,40,,,,2023-04-03T00:00:00
6322,Richard,Thompson,richard.thompson6322@futureforge.com,FutureForge,Outbound - SDR,MQL,-83,,,,2024-07-23T00:00:00
6323,Michael,Anderson,michael.anderson6323@primepathdigital.com,PrimePath Digital,Outbound - SDR,MQL,64,,,,2022-10-18T00:00:00
6324,John,Lopez,john.lopez6324@agiledynamics.com,Agile Dynamics,,MQL,97,,,,2022-06-06T00:00:00
6325,Jessica,Brown,jessica.brown6325@vertexai.com,VertexAI,Outbound - SDR,Working,11,,,,2024-11-05T00:00:00
6326,John,Jones,john.jones6326@insightplatforms.com,Insight Platforms,Inbound - Content,Converted,51,372,957,2023-06-03,2023-03-22T00:00:00
6327,William,Moore,william.moore6327@innovateco.com,InnovateCo,Social Media,MQL,71,,,,2023-04-09T00:00:00
6328,Lisa,Jones,lisa.jones6328@brightwavetech.com,BrightWave Tech,Inbound - Content,New,46,,,,2024-07-21T00:00:00
6329,William,Hernandez,william.hernandez6329@databridgecorp.com,DataBridge Corp,Inbound - Web,MQL,72,,,,2023-06-13T00:00:00
6330,Lisa,Rodriguez,lisa.rodriguez6330@techflowinc.com,TechFlow Inc,Paid Search,Working,40,,,,2023-09-13T00:00:00
6331,Charles,Garcia,charles.garcia6331@rapidcloud.com,RapidCloud,Product-Led,New,61,,,,2023-09-14T00:00:00
6332,Lisa,Lee,lisa.lee6332@metasync.com,MetaSync,,Working,15,,,,2024-01-16T00:00:00
6333,Susan,Johnson,susan.johnson6333@quantumlogiclabs.com,QuantumLogic Labs,Paid Search,Converted,81,2711,58,2024-10-11,2024-08-30T00:00:00
6334,Jennifer,Martin,jennifer.martin6334@cybervault.com,CyberVault,Inbound - Webinar,SQL,56,,,,2021-02-25T00:00:00
6335,Christopher,Rodriguez,christopher.rodriguez6335@cybervault.com,CyberVault,Inbound - Web,Disqualified,16,,,,2021-03-08T00:00:00
6336,Lisa,Martinez,lisa.martinez6336@scaleupsystems.com,ScaleUp Systems,Product-Led,Converted,55,2652,416,2022-11-16,2022-09-23T00:00:00
6337,Nancy,Johnson,nancy.johnson6337@truenorthdata.com,TrueNorth Data,Partner Referral,Disqualified,22,,,,2020-12-10T00:00:00
6338,Thomas,Hernandez,thomas.hernandez6338@metasync.com,MetaSync,Social Media,MQL,91,,,,2022-10-06T00:00:00
6339,Jessica,Wilson,jessica.wilson6339@databridgecorp.com,DataBridge Corp,Event,Disqualified,17,,,,2022-05-19T00:00:00
6340,Karen,Taylor,karen.taylor6340@innovateco.com,InnovateCo,Inbound - Web,Working,26,,,,2023-12-27T00:00:00
6341,Charles,Rodriguez,charles.rodriguez6341@metasync.com,MetaSync,Inbound - Web,Converted,52,2375,579,2020-10-05,2020-10-03T00:00:00
6342,Robert,Jackson,robert.jackson6342@scaleupsystems.com,ScaleUp Systems,Paid Search,MQL,88,,,,2020-05-18T00:00:00
6343,Lisa,Hernandez,lisa.hernandez6343@metasync.com,MetaSync,Outbound - Cold,Disqualified,18,,,,2023-01-25T00:00:00
6344,Barbara,Hernandez,barbara.hernandez6344@agiledynamics.com,Agile Dynamics,Outbound - Cold,Disqualified,28,,,,2024-04-24T00:00:00
6345,Susan,Miller,,CyberVault,Outbound - Cold,Working,64,,,,2021-12-18T00:00:00
6346,Karen,Garcia,karen.garcia6346@scaleupsystems.com,ScaleUp Systems,Outbound - Cold,Working,34,,,,2023-07-17T00:00:00
6347,John,Garcia,john.garcia6347@truenorthdata.com,TrueNorth Data,Inbound - Web,New,38,,,,2024-02-06T00:00:00
6348,Robert,Martin,robert.martin6348@futureforge.com,FutureForge,Inbound - Content,Converted,62,1006,47,2024-07-01,2024-05-21T00:00:00
6349,Daniel,Martin,daniel.martin6349@cybervault.com,CyberVault,Event,Disqualified,8,,,,2020-08-17T00:00:00
6350,Joseph,Martin,joseph.martin6350@insightplatforms.com,Insight Platforms,Event,Working,34,,,,2020-08-25T00:00:00
6351,Nancy,Brown,nancy.brown6351@scaleupsystems.com,ScaleUp Systems,Paid Search,Working,52,,,,2022-12-14T00:00:00
6352,David,Thomas,david.thomas6352@databridgecorp.com,DataBridge Corp,Outbound - Cold,New,42,,,,2020-02-16T00:00:00
6353,Sarah,Gonzalez,sarah.gonzalez6353@quantumlogiclabs.com,QuantumLogic Labs,Inbound - Web,Converted,95,2385,286,2024-05-03,2024-03-25T00:00:00
6354,Nancy,Martinez,nancy.martinez6354@brightwavetech.com,BrightWave Tech,Inbound - Web,Disqualified,21,,,,2023-01-03T00:00:00
6355,William,Miller,william.miller6355@cybervault.com,CyberVault,Partner Referral,Nurture,19,,,,2022-03-26T00:00:00
6356,Sarah,Taylor,sarah.taylor6356@quantumlogiclabs.com,QuantumLogic Labs,Inbound - Web,Converted,52,1688,672,2024-11-11,2024-11-04T00:00:00
6357,Richard,Lee,richard.lee6357@quantumlogiclabs.com,QuantumLogic Labs,Inbound - Web,New,68,,,,2023-07-09T00:00:00
6358,John,Moore,john.moore6358@brightwavetech.com,BrightWave Tech,Outbound - Cold,New,55,,,,2022-05-03T00:00:00
6359,Elizabeth,Thompson,,DataBridge Corp,Outbound - Cold,Nurture,17,,,,2023-01-31T00:00:00
6360,Christopher,Williams,christopher.williams6360@pulsepointdigital.com,PulsePoint Digital,Inbound - Webinar,Disqualified,24,,,,2021-11-17T00:00:00
6361,Nancy,Jones,nancy.jones6361@techflowinc.com,TechFlow Inc,Inbound - Webinar,New,53,,,,2024-03-19T00:00:00
6362,Karen,Anderson,karen.anderson6362@streamlineanalytics.com,StreamLine Analytics,Inbound - Web,New,34,,,,2021-12-27T00:00:00
6363,Joseph,Lopez,joseph.lopez6363@vertexai.com,VertexAI,Partner Referral,MQL,85,,,,2020-10-07T00:00:00
6364,Charles,Rodriguez,charles.rodriguez6364@nexgensolutions.com,NexGen Solutions,Outbound - Cold,SQL,74,,,,2020-07-18T00:00:00
6365,Nancy,Hernandez,nancy.hernandez6365@techflowinc.com,TechFlow Inc,Event,Converted,86,2034,528,2024-09-11,2024-07-10T00:00:00
6366,Lisa,Jones,lisa.jones6366@primepathdigital.com,PrimePath Digital,Event,MQL,-94,,,,2021-10-30T00:00:00
6367,John,Thomas,john.thomas6367@cloudscalesystems.com,CloudScale Systems,Product-Led,Converted,94,4158,931,2024-06-03,2024-05-06T00:00:00
6368,Karen,Davis,karen.davis6368@brightwavetech.com,BrightWave Tech,Inbound - Web,Converted,84,192,397,2022-08-20,2022-08-25T00:00:00
6369,Karen,Lee,karen.lee6369@nexgensolutions.com,NexGen Solutions,Partner Referral,SQL,85,,,,2023-02-27T00:00:00
6370,Sarah,Martinez,sarah.martinez6370@scaleupsystems.com,ScaleUp Systems,Inbound - Webinar,MQL,91,,,,2022-04-14T00:00:00
6371,Linda,Jackson,linda.jackson6371@quantumlogiclabs.com,QuantumLogic Labs,Outbound - Cold,Disqualified,22,,,,2024-02-27T00:00:00
6372,Jessica,Williams,jessica.williams6372@primepathdigital.com,PrimePath Digital,Inbound - Content,New,20,,,,2024-05-23T00:00:00
6373,David,Wilson,david.wilson6373@pulsepointdigital.com,PulsePoint Digital,Inbound - Web,Converted,89,282,50,2024-01-08,2023-11-18T00:00:00
6374,Patricia,Martinez,patricia.martinez6374@agiledynamics.com,Agile Dynamics,Outbound - SDR,MQL,86,,,,2020-09-05T00:00:00
6375,Linda,Rodriguez,linda.rodriguez6375@pulsepointdigital.com,PulsePoint Digital,Inbound - Web,MQL,74,,,,2021-09-20T00:00:00
6376,Elizabeth,Smith,elizabeth.smith6376@techflowinc.com,TechFlow Inc,Outbound - SDR,Working,36,,,,2022-07-08T00:00:00
6377,Robert,Anderson,robert.anderson6377@databridgecorp.com,DataBridge Corp,Outbound - SDR,Disqualified,7,,,,2021-02-18T00:00:00
6378,Jennifer,Thompson,jennifer.thompson6378@corestack.com,CoreStack,Outbound - SDR,MQL,89,,,,2023-07-03T00:00:00
6379,Nancy,Thompson,nancy.thompson6379@agiledynamics.com,Agile Dynamics,Social Media,MQL,80,,,,2020-03-25T00:00:00
6380,Joseph,Wilson,joseph.wilson6380@vertexai.com,VertexAI,Outbound - SDR,New,28,,,,2022-01-11T00:00:00
6381,Jennifer,Gonzalez,jennifer.gonzalez6381@rapidcloud.com,RapidCloud,Inbound - Web,Working,47,,,,2020-01-03T00:00:00
6382,David,Thompson,david.thompson6382@vertexai.com,VertexAI,Inbound - Webinar,New,33,,,,2021-02-02T00:00:00
6383,Elizabeth,Gonzalez,elizabeth.gonzalez6383@rapidcloud.com,RapidCloud,Inbound - Web,Working,53,,,,2021-02-24T00:00:00
6384,Patricia,Garcia,patricia.garcia6384@primepathdigital.com,PrimePath Digital,Partner Referral,Nurture,41,,,,2021-07-11T00:00:00
6385,John,Rodriguez,john.rodriguez6385@pulsepointdigital.com,PulsePoint Digital,Outbound - Cold,SQL,65,,,,2023-03-28T00:00:00
6386,Barbara,Garcia,barbara.garcia6386@vertexai.com,VertexAI,Inbound - Webinar,MQL,84,,,,2020-05-03T00:00:00
6387,James,Taylor,james.taylor6387@rapidcloud.com,RapidCloud,Outbound - Cold,Disqualified,17,,,,2022-11-04T00:00:00
6388,Daniel,Thompson,daniel.thompson6388@corestack.com,CoreStack,Paid Search,SQL,62,,,,2020-06-29T00:00:00
6389,Nancy,Wilson,nancy.wilson6389@cloudscalesystems.com,CloudScale Systems,Outbound - Cold,Nurture,64,,,,2022-04-27T00:00:00
6390,David,Gonzalez,david.gonzalez6390@futureforge.com,FutureForge,Inbound - Web,Working,25,,,,2024-08-28T00:00:00
6391,Christopher,Thompson,,VertexAI,,Converted,50,4697,449,2022-05-15,2022-03-07T00:00:00
6392,Richard,Brown,richard.brown6392@databridgecorp.com,DataBridge Corp,Inbound - Web,Disqualified,3,,,,2020-02-14T00:00:00
6393,Robert,Martin,robert.martin6393@quantumlogiclabs.com,QuantumLogic Labs,Outbound - SDR,Disqualified,17,,,,2022-01-17T00:00:00
6394,John,Lee,john.lee6394@techflowinc.com,TechFlow Inc,Paid Search,MQL,77,,,,2023-12-17T00:00:00
6395,David,Lee,david.lee6395@databridgecorp.com,DataBridge Corp,Paid Search,Disqualified,26,,,,2022-05-23T00:00:00
6396,Daniel,Jones,daniel.jones6396@futureforge.com,FutureForge,Paid Search,MQL,60,,,,2021-11-16T00:00:00
6397,Patricia,Martinez,patricia.martinez6397@insightplatforms.com,Insight Platforms,Product-Led,Disqualified,30,,,,2021-07-28T00:00:00
6398,Mary,Davis,mary.davis6398@rapidcloud.com,RapidCloud,Inbound - Webinar,SQL,57,,,,2022-04-28T00:00:00
6399,John,Anderson,john.anderson6399@innovateco.com,InnovateCo,Event,Working,37,,,,2024-11-07T00:00:00
6400,Thomas,Gonzalez,thomas.gonzalez6400@cybervault.com,CyberVault,Event,Working,38,,,,2021-12-01T00:00:00
6401,Linda,Moore,linda.moore6401@corestack.com,CoreStack,,MQL,61,,,,2022-09-09T00:00:00
6402,Jennifer,Hernandez,jennifer.hernandez6402@scaleupsystems.com,ScaleUp Systems,,SQL,93,,,,2023-07-06T00:00:00
6403,John,Lee,john.lee6403@scaleupsystems.com,ScaleUp Systems,Outbound - Cold,New,35,,,,2024-03-16T00:00:00
6404,Thomas,Gonzalez,thomas.gonzalez6404@agiledynamics.com,Agile Dynamics,Inbound - Content,MQL,50,,,,2021-10-24T00:00:00
6405,Richard,Smith,richard.smith6405@nexgensolutions.com,NexGen Solutions,Inbound - Content,Nurture,29,,,,2020-03-14T00:00:00
6406,John,Jones,john.jones6406@truenorthdata.com,TrueNorth Data,Inbound - Content,Working,16,,,,2020-08-19T00:00:00
6407,Karen,Lopez,karen.lopez6407@brightwavetech.com,BrightWave Tech,Paid Search,Working,64,,,,2023-11-15T00:00:00
6408,Christopher,Moore,christopher.moore6408@cybervault.com,CyberVault,Paid Search,Disqualified,18,,,,2021-01-16T00:00:00
6409,Joseph,Smith,joseph.smith6409@innovateco.com,InnovateCo,Inbound - Webinar,Converted,66,4978,938,2024-11-06,2024-09-05T00:00:00
6410,Charles,Hernandez,charles.hernandez6410@agiledynamics.com,Agile Dynamics,Inbound - Web,Working,23,,,,2021-12-15T00:00:00
6411,Christopher,Wilson,christopher.wilson,CloudScale Systems,Event,Working,62,,,,2020-12-21T00:00:00
6412,Mary,Jackson,mary.jackson6412@scaleupsystems.com,ScaleUp Systems,Social Media,MQL,77,,,,2022-08-08T00:00:00
6413,Michael,Lee,michael.lee6413@techflowinc.com,TechFlow Inc,Inbound - Webinar,New,20,,,,2022-11-14T00:00:00
6414,David,Martin,david.martin6414@scaleupsystems.com,ScaleUp Systems,Paid Search,Converted,96,909,783,2024-11-02,2024-08-21T00:00:00
6415,Jennifer,Smith,jennifer.smith6415@brightwavetech.com,BrightWave Tech,,Converted,93,1672,612,2024-12-01,2024-11-17T00:00:00
6416,Joseph,Brown,,VertexAI,Product-Led,Disqualified,2,,,,2022-03-09T00:00:00
6417,Joseph,Martin,joseph.martin6417@streamlineanalytics.com,StreamLine Analytics,Inbound - Content,Working,58,,,,2023-11-19T00:00:00
6418,Nancy,Taylor,nancy.taylor6418@nexgensolutions.com,NexGen Solutions,Paid Search,Nurture,31,,,,2023-08-18T00:00:00
6419,Karen,Williams,karen.williams6419@corestack.com,CoreStack,Inbound - Webinar,New,27,,,,2020-12-12T00:00:00
6420,Susan,Thomas,susan.thomas6420@techflowinc.com,TechFlow Inc,Outbound - Cold,MQL,97,,,,2020-10-26T00:00:00
6421,Robert,Moore,robert.moore6421@quantumlogiclabs.com,QuantumLogic Labs,Inbound - Web,Working,56,,,,2022-12-31T00:00:00
6422,Barbara,Thomas,barbara.thomas6422@nexgensolutions.com,NexGen Solutions,Outbound - SDR,Disqualified,11,,,,2022-06-07T00:00:00
6423,Michael,Rodriguez,,BrightWave Tech,Inbound - Webinar,New,16,,,,2023-06-30T00:00:00
6424,Robert,Taylor,robert.taylor6424@databridgecorp.com,DataBridge Corp,Paid Search,MQL,63,,,,2022-02-09T00:00:00
6425,William,Taylor,william.taylor6425@corestack.com,CoreStack,Event,Working,-56,,,,2020-07-23T00:00:00
6426,Christopher,Miller,christopher.miller6426@quantumlogiclabs.com,QuantumLogic Labs,Partner Referral,Disqualified,12,,,,2022-03-16T00:00:00
6427,Thomas,Rodriguez,thomas.rodriguez6427@primepathdigital.com,PrimePath Digital,Inbound - Webinar,SQL,69,,,,2022-03-06T00:00:00
6428,Barbara,Rodriguez,barbara.rodriguez,QuantumLogic Labs,Product-Led,Converted,99,3390,987,2024-07-06,2024-06-30T00:00:00
6429,James,Davis,james.davis6429@agiledynamics.com,Agile Dynamics,Partner Referral,Converted,63,3496,343,2024-11-10,2024-11-07T00:00:00
6430,Sarah,Davis,sarah.davis6430@cybervault.com,CyberVault,Paid Search,Converted,92,3722,624,2023-11-27,2023-09-22T00:00:00
6431,David,Jones,david.jones6431@agiledynamics.com,Agile Dynamics,Partner Referral,SQL,88,,,,2020-09-06T00:00:00
6432,William,Wilson,william.wilson6432@streamlineanalytics.com,StreamLine Analytics,Inbound - Web,MQL,69,,,,2023-09-22T00:00:00
6433,Charles,Garcia,charles.garcia6433@corestack.com,CoreStack,Outbound - SDR,Working,-32,,,,2020-11-07T00:00:00
6434,Sarah,Thompson,sarah.thompson6434@innovateco.com,InnovateCo,,Converted,67,3992,604,2024-08-01,2024-07-04T00:00:00
6435,Nancy,Martin,nancy.martin6435@pulsepointdigital.com,PulsePoint Digital,Product-Led,Converted,72,15,133,2022-09-16,2022-08-30T00:00:00
6436,Lisa,Hernandez,lisa.hernandez,CyberVault,Inbound - Content,Working,33,,,,2023-07-07T00:00:00
6437,Mary,Rodriguez,mary.rodriguez6437@quantumlogiclabs.com,QuantumLogic Labs,Outbound - Cold,Converted,64,1413,299,2024-09-04,2024-06-25T00:00:00
6438,Christopher,Garcia,christopher.garcia6438@metasync.com,MetaSync,Outbound - SDR,Disqualified,6,,,,2023-09-19T00:00:00
6439,Sarah,Martinez,sarah.martinez6439@futureforge.com,FutureForge,Outbound - Cold,Working,59,,,,2024-10-10T00:00:00
6440,Mary,Brown,mary.brown6440@scaleupsystems.com,ScaleUp Systems,Inbound - Content,MQL,89,,,,2023-10-19T00:00:00
6441,Joseph,Williams,joseph.williams6441@quantumlogiclabs.com,QuantumLogic Labs,Outbound - Cold,MQL,66,,,,2024-03-27T00:00:00
6442,John,Miller,john.miller6442@primepathdigital.com,PrimePath Digital,Inbound - Webinar,Disqualified,17,,,,2022-08-09T00:00:00
6443,John,Johnson,john.johnson6443@vertexai.com,VertexAI,Inbound - Web,Disqualified,10,,,,2023-09-07T00:00:00
6444,Linda,Jackson,linda.jackson6444@scaleupsystems.com,ScaleUp Systems,Product-Led,New,51,,,,2023-02-08T00:00:00
6445,Barbara,Williams,barbara.williams6445@corestack.com,CoreStack,Outbound - SDR,Nurture,34,,,,2024-09-13T00:00:00
6446,Richard,Gonzalez,richard.gonzalez6446@corestack.com,CoreStack,Product-Led,Nurture,-39,,,,2023-05-15T00:00:00
6447,Charles,Jones,charles.jones6447@corestack.com,CoreStack,Inbound - Content,Disqualified,27,,,,2023-06-21T00:00:00
6448,Charles,Martinez,charles.martinez6448@vertexai.com,VertexAI,Outbound - Cold,New,28,,,,2023-02-11T00:00:00
6449,Daniel,Martinez,daniel.martinez6449@innovateco.com,InnovateCo,Inbound - Content,Nurture,57,,,,2024-10-27T00:00:00
6450,John,Taylor,john.taylor6450@techflowinc.com,TechFlow Inc,Product-Led,Nurture,23,,,,2020-05-20T00:00:00
6451,Thomas,Brown,thomas.brown6451@brightwavetech.com,BrightWave Tech,Partner Referral,Working,43,,,,2024-09-06T00:00:00
6452,David,Rodriguez,david.rodriguez6452@futureforge.com,FutureForge,Event,New,24,,,,2023-01-12T00:00:00
6453,Michael,Davis,michael.davis6453@corestack.com,CoreStack,Inbound - Web,Disqualified,18,,,,2020-09-06T00:00:00
6454,Patricia,Miller,patricia.miller6454@innovateco.com,InnovateCo,Inbound - Webinar,Working,43,,,,2023-11-16T00:00:00
6455,Joseph,Anderson,joseph.anderson6455@cloudscalesystems.com,CloudScale Systems,Paid Search,SQL,73,,,,2023-08-30T00:00:00
6456,Lisa,Thompson,lisa.thompson6456@insightplatforms.com,Insight Platforms,Partner Referral,Disqualified,18,,,,2024-06-29T00:00:00
6457,Jessica,Gonzalez,jessica.gonzalez6457@cybervault.com,CyberVault,Product-Led,Converted,68,2884,776,2024-09-29,2024-07-22T00:00:00
6458,John,Martin,john.martin6458@quantumlogiclabs.com,QuantumLogic Labs,Paid Search,New,32,,,,2024-12-14T00:00:00
6459,Jessica,Lee,jessica.lee6459@cybervault.com,CyberVault,Inbound - Content,Disqualified,21,,,,2024-08-14T00:00:00
6460,Mary,Williams,mary.williams6460@nexgensolutions.com,NexGen Solutions,Inbound - Webinar,Nurture,20,,,,2020-12-04T00:00:00
6461,John,Rodriguez,john.rodriguez6461@cybervault.com,CyberVault,Partner Referral,Converted,50,3990,402,2024-03-26,2024-01-22T00:00:00
6462,Charles,Jones,charles.jones6462@corestack.com,CoreStack,Paid Search,Converted,62,1731,561,2024-05-27,2024-03-11T00:00:00
6463,Elizabeth,Jones,elizabeth.jones6463@futureforge.com,FutureForge,Event,MQL,89,,,,2020-05-02T00:00:00
6464,William,Hernandez,william.hernandez6464@brightwavetech.com,BrightWave Tech,Outbound - SDR,Nurture,70,,,,2023-01-20T00:00:00
6465,William,Johnson,william.johnson,CloudScale Systems,Partner Referral,SQL,54,,,,2020-10-08T00:00:00
6466,David,Lee,david.lee6466@cloudscalesystems.com,CloudScale Systems,,Working,59,,,,2023-03-09T00:00:00
6467,Mary,Davis,mary.davis6467@streamlineanalytics.com,StreamLine Analytics,Partner Referral,Working,11,,,,2020-02-09T00:00:00
6468,Patricia,Thomas,patricia.thomas6468@primepathdigital.com,PrimePath Digital,Paid Search,Working,22,,,,2021-12-13T00:00:00
6469,John,Rodriguez,john.rodriguez6469@insightplatforms.com,Insight Platforms,Event,Nurture,19,,,,2022-02-18T00:00:00
6470,Sarah,Rodriguez,sarah.rodriguez6470@streamlineanalytics.com,StreamLine Analytics,Inbound - Content,SQL,90,,,,2023-11-17T00:00:00
6471,Richard,Williams,richard.williams6471@cybervault.com,CyberVault,Inbound - Webinar,Nurture,10,,,,2021-06-24T00:00:00
6472,Mary,Smith,mary.smith6472@techflowinc.com,TechFlow Inc,Product-Led,Converted,74,4080,205,2023-06-01,2023-03-30T00:00:00
6473,Barbara,Taylor,barbara.taylor6473@cloudscalesystems.com,CloudScale Systems,Outbound - SDR,Working,60,,,,2024-02-22T00:00:00
6474,Patricia,Jones,patricia.jones6474@cloudscalesystems.com,CloudScale Systems,Social Media,MQL,87,,,,2023-12-29T00:00:00
6475,Susan,Taylor,susan.taylor6475@rapidcloud.com,RapidCloud,Social Media,MQL,80,,,,2021-12-19T00:00:00
6476,Richard,Davis,richard.davis6476@streamlineanalytics.com,StreamLine Analytics,Outbound - SDR,Converted,78,2347,454,2023-08-20,2023-06-20T00:00:00
6477,Joseph,Jackson,,CyberVault,Inbound - Content,MQL,71,,,,2023-05-01T00:00:00
6478,Robert,Smith,,StreamLine Analytics,Outbound - Cold,Working,16,,,,2023-11-23T00:00:00
6479,Susan,Rodriguez,susan.rodriguez6479@pulsepointdigital.com,PulsePoint Digital,Product-Led,Converted,64,4215,257,2020-12-22,2020-12-21T00:00:00
6480,Sarah,Lopez,sarah.lopez6480@agiledynamics.com,Agile Dynamics,Social Media,Working,64,,,,2022-05-02T00:00:00
6481,Jessica,Wilson,jessica.wilson6481@pulsepointdigital.com,PulsePoint Digital,Inbound - Webinar,SQL,52,,,,2021-07-23T00:00:00
6482,Mary,Davis,mary.davis6482@corestack.com,CoreStack,Outbound - Cold,Converted,80,190,986,2021-11-19,2021-09-26T00:00:00
6483,Lisa,Moore,lisa.moore6483@truenorthdata.com,TrueNorth Data,Inbound - Web,MQL,76,,,,2024-03-03T00:00:00
6484,David,Wilson,david.wilson6484@primepathdigital.com,PrimePath Digital,Event,SQL,99,,,,2021-10-11T00:00:00
6485,Daniel,Jones,daniel.jones6485@rapidcloud.com,RapidCloud,Event,Working,46,,,,2021-11-17T00:00:00
6486,Karen,Williams,karen.williams6486@truenorthdata.com,TrueNorth Data,Product-Led,New,51,,,,2021-12-26T00:00:00
6487,Richard,Lopez,richard.lopez6487@nexgensolutions.com,NexGen Solutions,Partner Referral,Converted,63,411,572,2023-10-06,2023-10-04T00:00:00
6488,Robert,Davis,robert.davis6488@cloudscalesystems.com,CloudScale Systems,Inbound - Webinar,SQL,51,,,,2022-12-22T00:00:00
6489,Linda,Garcia,linda.garcia6489@rapidcloud.com,RapidCloud,Paid Search,New,62,,,,2024-01-23T00:00:00
6490,Patricia,Anderson,patricia.anderson6490@cloudscalesystems.com,CloudScale Systems,Inbound - Webinar,New,47,,,,2024-10-15T00:00:00
6491,Richard,Lopez,richard.lopez6491@futureforge.com,FutureForge,Outbound - SDR,New,29,,,,2020-03-08T00:00:00
6492,James,Wilson,james.wilson,FutureForge,Social Media,New,43,,,,2024-01-18T00:00:00
6493,Charles,Davis,charles.davis6493@cloudscalesystems.com,CloudScale Systems,Inbound - Webinar,SQL,62,,,,2023-07-29T00:00:00
6494,Barbara,Jackson,barbara.jackson6494@vertexai.com,VertexAI,Inbound - Content,MQL,51,,,,2022-06-13T00:00:00
6495,Joseph,Lopez,joseph.lopez6495@databridgecorp.com,DataBridge Corp,Partner Referral,MQL,94,,,,2020-03-05T00:00:00
6496,Charles,Jackson,charles.jackson6496@futureforge.com,FutureForge,Social Media,Nurture,65,,,,2022-02-27T00:00:00
6497,Susan,Lee,susan.lee6497@innovateco.com,InnovateCo,Inbound - Webinar,Converted,82,477,494,2023-12-01,2023-11-10T00:00:00
6498,Karen,Wilson,karen.wilson6498@streamlineanalytics.com,StreamLine Analytics,Product-Led,Working,26,,,,2024-03-12T00:00:00
6499,Robert,Williams,robert.williams6499@cybervault.com,CyberVault,Partner Referral,New,22,,,,2023-11-24T00:00:00
6500,Nancy,Williams,nancy.williams6500@metasync.com,MetaSync,Social Media,Disqualified,5,,,,2020-09-02T00:00:00
6501,Thomas,Moore,thomas.moore6501@databridgecorp.com,DataBridge Corp,Social Media,Disqualified,-6,,,,2023-02-13T00:00:00
6502,Karen,Brown,karen.brown6502@metasync.com,MetaSync,Event,MQL,100,,,,2023-10-19T00:00:00
6503,John,Thomas,john.thomas6503@cloudscalesystems.com,CloudScale Systems,Outbound - Cold,Nurture,65,,,,2021-08-18T00:00:00
6504,Elizabeth,Lee,elizabeth.lee6504@innovateco.com,InnovateCo,Social Media,Working,45,,,,2020-04-15T00:00:00
6505,Joseph,Lopez,joseph.lopez6505@streamlineanalytics.com,StreamLine Analytics,Product-Led,Working,10,,,,2024-12-06T00:00:00
6506,Karen,Thompson,karen.thompson6506@scaleupsystems.com,ScaleUp Systems,Outbound - SDR,Disqualified,10,,,,2024-03-11T00:00:00
6507,Patricia,Garcia,patricia.garcia6507@techflowinc.com,TechFlow Inc,Outbound - Cold,New,67,,,,2023-10-26T00:00:00
6508,Patricia,Jackson,patricia.jackson6508@techflowinc.com,TechFlow Inc,Partner Referral,MQL,64,,,,2024-08-20T00:00:00
6509,Mary,Martin,mary.martin6509@truenorthdata.com,TrueNorth Data,Inbound - Content,Working,45,,,,2020-09-05T00:00:00
6510,William,Martinez,william.martinez6510@corestack.com,CoreStack,Outbound - SDR,Converted,60,1860,838,2023-10-22,2023-10-03T00:00:00
6511,James,Martinez,james.martinez6511@corestack.com,CoreStack,Outbound - SDR,New,39,,,,2024-09-10T00:00:00
6512,Daniel,Johnson,daniel.johnson6512@nexgensolutions.com,NexGen Solutions,Inbound - Web,Converted,73,1929,502,2023-06-29,2023-05-28T00:00:00
6513,Linda,Johnson,linda.johnson6513@nexgensolutions.com,NexGen Solutions,Inbound - Web,Nurture,34,,,,2020-02-23T00:00:00
6514,James,Hernandez,james.hernandez6514@scaleupsystems.com,ScaleUp Systems,Inbound - Webinar,Working,45,,,,2024-01-11T00:00:00
6515,Karen,Jones,karen.jones6515@rapidcloud.com,RapidCloud,Inbound - Content,Disqualified,30,,,,2020-01-13T00:00:00
6516,Mary,Martin,mary.martin6516@quantumlogiclabs.com,QuantumLogic Labs,Inbound - Web,Disqualified,4,,,,2021-11-11T00:00:00
6517,Mary,Thompson,mary.thompson6517@corestack.com,CoreStack,Outbound - Cold,New,46,,,,2022-12-19T00:00:00
6518,James,Moore,james.moore6518@innovateco.com,InnovateCo,Product-Led,New,16,,,,2020-10-18T00:00:00
6519,Nancy,Brown,nancy.brown6519@primepathdigital.com,PrimePath Digital,Product-Led,SQL,98,,,,2022-10-04T00:00:00
6520,Linda,Miller,linda.miller6520@cybervault.com,CyberVault,Outbound - Cold,MQL,86,,,,2023-11-15T00:00:00
6521,Barbara,Thompson,barbara.thompson6521@quantumlogiclabs.com,QuantumLogic Labs,Inbound - Web,Converted,99,1292,86,2023-10-16,2023-07-25T00:00:00
6522,William,Martinez,william.martinez6522@vertexai.com,VertexAI,Event,SQL,87,,,,2024-09-21T00:00:00
6523,Mary,Anderson,mary.anderson6523@databridgecorp.com,DataBridge Corp,Inbound - Webinar,SQL,77,,,,2023-11-08T00:00:00
6524,Sarah,Martin,sarah.martin6524@futureforge.com,FutureForge,Product-Led,Disqualified,29,,,,2020-05-29T00:00:00
6525,Joseph,Brown,joseph.brown6525@cloudscalesystems.com,CloudScale Systems,,MQL,62,,,,2021-04-15T00:00:00
6526,Robert,Lopez,robert.lopez6526@insightplatforms.com,Insight Platforms,Inbound - Content,Working,22,,,,2021-10-06T00:00:00
6527,Michael,Anderson,michael.anderson6527@databridgecorp.com,DataBridge Corp,Inbound - Webinar,New,35,,,,2021-02-13T00:00:00
6528,Sarah,Taylor,sarah.taylor6528@cloudscalesystems.com,CloudScale Systems,Product-Led,Disqualified,9,,,,2024-11-12T00:00:00
6529,John,Williams,john.williams6529@vertexai.com,VertexAI,Event,Working,65,,,,2020-03-14T00:00:00
6530,James,Johnson,james.johnson6530@quantumlogiclabs.com,QuantumLogic Labs,Paid Search,SQL,90,,,,2021-03-04T00:00:00
6531,Jessica,Martinez,jessica.martinez6531@agiledynamics.com,Agile Dynamics,Event,New,63,,,,2022-03-30T00:00:00
6532,Joseph,Thompson,joseph.thompson6532@brightwavetech.com,BrightWave Tech,Product-Led,Working,60,,,,2024-01-08T00:00:00
6533,James,Rodriguez,james.rodriguez6533@futureforge.com,FutureForge,Paid Search,New,28,,,,2020-09-21T00:00:00
6534,Barbara,Garcia,barbara.garcia6534@pulsepointdigital.com,PulsePoint Digital,Product-Led,Converted,75,422,197,2024-07-23,2024-05-10T00:00:00
6535,Susan,Wilson,susan.wilson6535@cybervault.com,CyberVault,Inbound - Content,Working,58,,,,2024-10-03T00:00:00
6536,David,Martin,david.martin6536@quantumlogiclabs.com,QuantumLogic Labs,Partner Referral,Converted,71,2756,694,2024-03-23,2024-02-26T00:00:00
6537,Lisa,Lopez,lisa.lopez6537@nexgensolutions.com,NexGen Solutions,Social Media,Working,62,,,,2023-03-27T00:00:00
6538,Nancy,Davis,nancy.davis6538@brightwavetech.com,BrightWave Tech,Social Media,New,38,,,,2024-04-10T00:00:00
6539,Jennifer,Davis,jennifer.davis6539@quantumlogiclabs.com,QuantumLogic Labs,Outbound - Cold,Disqualified,20,,,,2022-04-01T00:00:00
6540,Joseph,Taylor,joseph.taylor6540@rapidcloud.com,RapidCloud,Outbound - SDR,Nurture,49,,,,2020-08-21T00:00:00
6541,Patricia,Martin,patricia.martin6541@truenorthdata.com,TrueNorth Data,Inbound - Content,MQL,61,,,,2021-12-03T00:00:00
6542,Lisa,Davis,lisa.davis6542@brightwavetech.com,BrightWave Tech,Inbound - Webinar,Working,56,,,,2020-02-26T00:00:00
6543,John,Lopez,john.lopez6543@futureforge.com,FutureForge,Inbound - Web,MQL,73,,,,2024-03-09T00:00:00
6544,Susan,Lee,susan.lee6544@cybervault.com,CyberVault,Inbound - Content,Disqualified,23,,,,2023-03-12T00:00:00
6545,John,Garcia,john.garcia6545@databridgecorp.com,DataBridge Corp,Product-Led,Working,46,,,,2020-01-16T00:00:00
6546,Jennifer,Davis,jennifer.davis6546@agiledynamics.com,Agile Dynamics,Paid Search,Converted,83,2776,627,2024-10-06,2024-08-07T00:00:00
6547,Jessica,Gonzalez,jessica.gonzalez6547@metasync.com,MetaSync,Social Media,Disqualified,6,,,,2022-07-12T00:00:00
6548,Linda,Taylor,linda.taylor6548@futureforge.com,FutureForge,Social Media,New,24,,,,2022-03-05T00:00:00
6549,Lisa,Smith,lisa.smith6549@innovateco.com,InnovateCo,Event,Disqualified,18,,,,2022-05-05T00:00:00
6550,Robert,Wilson,robert.wilson6550@vertexai.com,VertexAI,Social Media,New,36,,,,2021-01-12T00:00:00
6551,Sarah,Martinez,sarah.martinez6551@futureforge.com,FutureForge,Inbound - Content,Working,62,,,,2024-04-03T00:00:00
6552,Christopher,Martinez,christopher.martinez6552@agiledynamics.com,Agile Dynamics,Social Media,New,56,,,,2020-05-25T00:00:00
6553,Michael,Thomas,michael.thomas6553@databridgecorp.com,DataBridge Corp,Partner Referral,Disqualified,6,,,,2023-04-24T00:00:00
6554,John,Martinez,john.martinez6554@cloudscalesystems.com,CloudScale Systems,Event,Converted,79,3228,438,2022-09-05,2022-08-07T00:00:00
6555,Robert,Martinez,robert.martinez6555@quantumlogiclabs.com,QuantumLogic Labs,Product-Led,Converted,94,697,823,2023-12-29,2023-12-01T00:00:00
6556,Thomas,Jackson,thomas.jackson6556@quantumlogiclabs.com,QuantumLogic Labs,Partner Referral,Working,64,,,,2022-12-21T00:00:00
6557,Richard,Hernandez,richard.hernandez6557@cloudscalesystems.com,CloudScale Systems,,MQL,64,,,,2021-03-09T00:00:00
6558,Michael,Jones,michael.jones6558@corestack.com,CoreStack,Inbound - Web,Working,47,,,,2022-07-19T00:00:00
6559,Patricia,Jones,patricia.jones6559@primepathdigital.com,PrimePath Digital,Partner Referral,New,68,,,,2020-02-12T00:00:00
6560,Richard,Williams,richard.williams6560@nexgensolutions.com,NexGen Solutions,Product-Led,SQL,66,,,,2022-02-17T00:00:00
6561,Barbara,Jones,barbara.jones6561@databridgecorp.com,DataBridge Corp,Inbound - Content,Disqualified,8,,,,2020-04-01T00:00:00
6562,Linda,Brown,linda.brown6562@streamlineanalytics.com,StreamLine Analytics,Event,Disqualified,1,,,,2020-09-06T00:00:00
6563,Mary,Thompson,mary.thompson6563@quantumlogiclabs.com,QuantumLogic Labs,Product-Led,Converted,84,1295,402,2024-10-22,2024-09-10T00:00:00
6564,Christopher,Davis,christopher.davis6564@truenorthdata.com,TrueNorth Data,Product-Led,Converted,81,456,934,2024-05-24,2024-03-17T00:00:00
6565,Jessica,Martinez,jessica.martinez6565@innovateco.com,InnovateCo,Inbound - Content,Disqualified,20,,,,2021-12-16T00:00:00
6566,Michael,Martin,michael.martin6566@techflowinc.com,TechFlow Inc,Inbound - Webinar,Working,21,,,,2024-07-10T00:00:00
6567,Jessica,Martinez,jessica.martinez6567@vertexai.com,VertexAI,Outbound - Cold,MQL,73,,,,2023-01-07T00:00:00
6568,Joseph,Martinez,joseph.martinez6568@rapidcloud.com,RapidCloud,Outbound - SDR,SQL,66,,,,2024-04-07T00:00:00
6569,Karen,Jackson,karen.jackson6569@vertexai.com,VertexAI,Outbound - Cold,SQL,95,,,,2024-12-15T00:00:00
6570,Mary,Moore,mary.moore6570@futureforge.com,FutureForge,Inbound - Webinar,Nurture,62,,,,2023-02-01T00:00:00
6571,Barbara,Lee,barbara.lee6571@cybervault.com,CyberVault,Product-Led,Disqualified,9,,,,2023-01-24T00:00:00
6572,Sarah,Miller,,TechFlow Inc,Social Media,SQL,88,,,,2024-02-26T00:00:00
6573,Patricia,Anderson,patricia.anderson6573@streamlineanalytics.com,StreamLine Analytics,Partner Referral,Converted,62,3353,583,2024-07-09,2024-05-02T00:00:00
6574,Daniel,Lee,daniel.lee,NexGen Solutions,,Disqualified,24,,,,2020-07-07T00:00:00
6575,Karen,Johnson,karen.johnson,TechFlow Inc,Inbound - Content,MQL,57,,,,2024-03-26T00:00:00
6576,David,Lopez,david.lopez6576@truenorthdata.com,TrueNorth Data,Event,Nurture,64,,,,2020-01-31T00:00:00
6577,Barbara,Davis,barbara.davis6577@brightwavetech.com,BrightWave Tech,Inbound - Web,Disqualified,29,,,,2021-03-21T00:00:00
6578,John,Wilson,john.wilson6578@quantumlogiclabs.com,QuantumLogic Labs,Partner Referral,Converted,88,4790,459,2022-03-26,2022-03-15T00:00:00
6579,Linda,Anderson,linda.anderson6579@quantumlogiclabs.com,QuantumLogic Labs,Event,Converted,85,1890,585,2024-12-12,2024-11-04T00:00:00
6580,Robert,Martinez,robert.martinez6580@futureforge.com,FutureForge,,MQL,67,,,,2022-04-11T00:00:00
6581,Karen,Wilson,karen.wilson6581@quantumlogiclabs.com,QuantumLogic Labs,Social Media,Working,23,,,,2022-06-28T00:00:00
6582,Thomas,Thompson,thomas.thompson6582@primepathdigital.com,PrimePath Digital,Inbound - Content,MQL,94,,,,2020-09-12T00:00:00
6583,John,Martinez,john.martinez6583@pulsepointdigital.com,PulsePoint Digital,Product-Led,Converted,65,1215,110,2024-01-28,2023-10-30T00:00:00
6584,Lisa,Johnson,lisa.johnson6584@futureforge.com,FutureForge,Paid Search,MQL,84,,,,2021-02-11T00:00:00
6585,Joseph,Martinez,joseph.martinez6585@agiledynamics.com,Agile Dynamics,Event,MQL,59,,,,2022-03-02T00:00:00
6586,Daniel,Hernandez,daniel.hernandez6586@pulsepointdigital.com,PulsePoint Digital,Inbound - Web,Disqualified,12,,,,2021-06-24T00:00:00
6587,Sarah,Martinez,sarah.martinez6587@streamlineanalytics.com,StreamLine Analytics,Outbound - SDR,Disqualified,30,,,,2022-11-01T00:00:00
6588,Richard,Anderson,richard.anderson6588@streamlineanalytics.com,StreamLine Analytics,Inbound - Content,Nurture,18,,,,2023-02-21T00:00:00
6589,Michael,Anderson,michael.anderson6589@agiledynamics.com,Agile Dynamics,Social Media,Disqualified,6,,,,2020-04-26T00:00:00
6590,Richard,Martin,richard.martin6590@metasync.com,MetaSync,Inbound - Content,Converted,57,279,860,2024-11-27,2024-09-10T00:00:00
6591,Michael,Martinez,michael.martinez6591@cybervault.com,CyberVault,Inbound - Webinar,MQL,91,,,,2021-01-03T00:00:00
6592,Lisa,Rodriguez,lisa.rodriguez6592@innovateco.com,InnovateCo,Paid Search,Working,50,,,,2020-11-07T00:00:00
6593,William,Davis,william.davis6593@pulsepointdigital.com,PulsePoint Digital,Partner Referral,Nurture,56,,,,2021-04-30T00:00:00
6594,Michael,Brown,michael.brown6594@brightwavetech.com,BrightWave Tech,Inbound - Content,New,14,,,,2023-12-03T00:00:00
6595,Susan,Smith,susan.smith6595@metasync.com,MetaSync,Outbound - SDR,Disqualified,13,,,,2024-12-18T00:00:00
6596,Linda,Garcia,linda.garcia6596@vertexai.com,VertexAI,Event,Converted,96,1174,786,2024-09-02,2024-07-23T00:00:00
6597,Charles,Moore,charles.moore6597@innovateco.com,InnovateCo,Product-Led,Converted,97,3563,255,2024-11-24,2024-11-19T00:00:00
6598,James,Thomas,james.thomas6598@rapidcloud.com,RapidCloud,Inbound - Webinar,Nurture,31,,,,2024-11-09T00:00:00
6599,Thomas,Gonzalez,thomas.gonzalez6599@techflowinc.com,TechFlow Inc,Outbound - SDR,Converted,81,3291,212,2024-10-10,2024-07-17T00:00:00
6600,Richard,Moore,richard.moore6600@vertexai.com,VertexAI,Outbound - Cold,SQL,54,,,,2022-10-30T00:00:00
6601,Karen,Wilson,karen.wilson6601@corestack.com,CoreStack,,MQL,95,,,,2021-09-25T00:00:00
6602,Elizabeth,Johnson,,ScaleUp Systems,Product-Led,Converted,71,530,610,2024-07-04,2024-05-03T00:00:00
6603,Joseph,Jones,joseph.jones6603@insightplatforms.com,Insight Platforms,Event,Disqualified,18,,,,2023-02-21T00:00:00
6604,Daniel,Williams,daniel.williams6604@streamlineanalytics.com,StreamLine Analytics,Inbound - Content,New,57,,,,2024-10-10T00:00:00
6605,Nancy,Gonzalez,nancy.gonzalez6605@nexgensolutions.com,NexGen Solutions,Outbound - SDR,Converted,58,899,805,2024-02-02,2023-11-28T00:00:00
6606,Lisa,Jackson,lisa.jackson6606@quantumlogiclabs.com,QuantumLogic Labs,Partner Referral,Converted,68,164,877,2023-12-29,2023-11-12T00:00:00
6607,Sarah,Jones,sarah.jones6607@cybervault.com,CyberVault,Partner Referral,Converted,-52,1432,685,2023-02-21,2022-12-21T00:00:00
6608,Richard,Smith,richard.smith6608@vertexai.com,VertexAI,Outbound - Cold,SQL,94,,,,2022-06-22T00:00:00
6609,David,Johnson,david.johnson6609@nexgensolutions.com,NexGen Solutions,Inbound - Web,Disqualified,8,,,,2024-06-06T00:00:00
6610,Thomas,Taylor,thomas.taylor6610@insightplatforms.com,Insight Platforms,Partner Referral,Converted,87,2704,194,2024-08-26,2024-06-07T00:00:00
6611,Lisa,Gonzalez,lisa.gonzalez6611@nexgensolutions.com,NexGen Solutions,Product-Led,Converted,99,119,385,2024-07-01,2024-05-21T00:00:00
6612,Patricia,Anderson,patricia.anderson6612@pulsepointdigital.com,PulsePoint Digital,Event,Disqualified,17,,,,2021-05-19T00:00:00
6613,Jennifer,Garcia,jennifer.garcia6613@innovateco.com,InnovateCo,Inbound - Webinar,Nurture,15,,,,2024-08-10T00:00:00
6614,Thomas,Moore,thomas.moore6614@cybervault.com,CyberVault,Partner Referral,MQL,64,,,,2024-04-10T00:00:00
6615,Daniel,Miller,,RapidCloud,Inbound - Webinar,Working,57,,,,2020-07-28T00:00:00
6616,Mary,Smith,mary.smith6616@vertexai.com,VertexAI,Inbound - Content,Converted,61,2119,4,2024-09-18,2024-07-02T00:00:00
6617,Lisa,Jones,lisa.jones6617@innovateco.com,InnovateCo,Inbound - Web,New,17,,,,2024-06-20T00:00:00
6618,Karen,Garcia,karen.garcia6618@cloudscalesystems.com,CloudScale Systems,Social Media,Converted,67,4498,745,2021-12-30,2021-11-04T00:00:00
6619,Elizabeth,Miller,elizabeth.miller6619@databridgecorp.com,DataBridge Corp,Event,SQL,81,,,,2023-05-12T00:00:00
6620,John,Thomas,john.thomas6620@quantumlogiclabs.com,QuantumLogic Labs,Inbound - Webinar,SQL,51,,,,2022-07-15T00:00:00
6621,Elizabeth,Jackson,elizabeth.jackson6621@streamlineanalytics.com,StreamLine Analytics,Event,Converted,61,389,772,2022-10-19,2022-09-27T00:00:00
6622,Jennifer,Gonzalez,jennifer.gonzalez6622@quantumlogiclabs.com,QuantumLogic Labs,Product-Led,Converted,56,2842,48,2024-10-20,2024-09-23T00:00:00
6623,Michael,Wilson,michael.wilson6623@quantumlogiclabs.com,QuantumLogic Labs,Event,Nurture,40,,,,2021-05-06T00:00:00
6624,Barbara,Martinez,barbara.martinez,VertexAI,Social Media,New,70,,,,2021-12-07T00:00:00
6625,Lisa,Hernandez,lisa.hernandez6625@vertexai.com,VertexAI,Partner Referral,Working,63,,,,2021-05-13T00:00:00
6626,Michael,Garcia,michael.garcia6626@techflowinc.com,TechFlow Inc,Event,SQL,73,,,,2020-06-18T00:00:00
6627,Susan,Garcia,susan.garcia6627@databridgecorp.com,DataBridge Corp,Inbound - Content,MQL,70,,,,2021-05-23T00:00:00
6628,James,Jackson,james.jackson6628@databridgecorp.com,DataBridge Corp,Paid Search,MQL,75,,,,2023-07-28T00:00:00
6629,Thomas,Smith,thomas.smith6629@cloudscalesystems.com,CloudScale Systems,Partner Referral,Converted,100,1232,261,2024-07-14,2024-06-23T00:00:00
6630,Karen,Gonzalez,karen.gonzalez6630@rapidcloud.com,RapidCloud,Inbound - Content,Working,70,,,,2024-09-05T00:00:00
6631,Karen,Taylor,karen.taylor6631@truenorthdata.com,TrueNorth Data,Inbound - Web,Disqualified,3,,,,2020-10-10T00:00:00
6632,Jennifer,Smith,jennifer.smith6632@databridgecorp.com,DataBridge Corp,Outbound - SDR,Disqualified,25,,,,2023-08-06T00:00:00
6633,Daniel,Smith,daniel.smith6633@vertexai.com,VertexAI,Outbound - Cold,SQL,72,,,,2022-09-16T00:00:00
6634,John,Lopez,john.lopez6634@brightwavetech.com,BrightWave Tech,Outbound - Cold,Working,66,,,,2020-03-19T00:00:00
6635,Karen,Gonzalez,karen.gonzalez6635@agiledynamics.com,Agile Dynamics,Inbound - Webinar,Nurture,25,,,,2023-03-10T00:00:00
6636,Karen,Anderson,karen.anderson6636@brightwavetech.com,BrightWave Tech,Inbound - Content,Working,58,,,,2023-08-09T00:00:00
6637,Charles,Gonzalez,charles.gonzalez6637@metasync.com,MetaSync,Inbound - Web,Working,24,,,,2023-07-24T00:00:00
6638,Michael,Garcia,michael.garcia6638@innovateco.com,InnovateCo,Outbound - SDR,MQL,97,,,,2020-06-30T00:00:00
6639,Michael,Garcia,michael.garcia6639@vertexai.com,VertexAI,Partner Referral,Working,39,,,,2023-02-08T00:00:00
6640,William,Thomas,william.thomas6640@scaleupsystems.com,ScaleUp Systems,Inbound - Web,SQL,96,,,,2022-10-29T00:00:00
6641,Thomas,Thomas,thomas.thomas6641@rapidcloud.com,RapidCloud,Social Media,Working,31,,,,2020-11-12T00:00:00
6642,Robert,Jackson,robert.jackson6642@cloudscalesystems.com,CloudScale Systems,Inbound - Webinar,Disqualified,20,,,,2023-01-16T00:00:00
6643,Susan,Hernandez,susan.hernandez6643@futureforge.com,FutureForge,Outbound - SDR,Disqualified,8,,,,2020-10-31T00:00:00
6644,Christopher,Davis,christopher.davis6644@metasync.com,MetaSync,Social Media,Converted,78,612,859,2024-12-14,2024-11-12T00:00:00
6645,Joseph,Taylor,joseph.taylor6645@cloudscalesystems.com,CloudScale Systems,Paid Search,New,66,,,,2021-06-12T00:00:00
6646,Robert,Martin,robert.martin6646@nexgensolutions.com,NexGen Solutions,Paid Search,MQL,54,,,,2022-09-28T00:00:00
6647,Lisa,Taylor,lisa.taylor6647@brightwavetech.com,BrightWave Tech,Inbound - Content,Disqualified,1,,,,2023-08-06T00:00:00
6648,Barbara,Thomas,barbara.thomas6648@agiledynamics.com,Agile Dynamics,Inbound - Webinar,MQL,90,,,,2021-05-02T00:00:00
6649,Mary,Smith,mary.smith6649@agiledynamics.com,Agile Dynamics,Partner Referral,Converted,52,2483,818,2024-11-07,2024-10-02T00:00:00
6650,Nancy,Taylor,nancy.taylor6650@metasync.com,MetaSync,Partner Referral,Converted,50,4040,992,2022-07-23,2022-06-16T00:00:00
6651,Daniel,Davis,daniel.davis6651@truenorthdata.com,TrueNorth Data,Event,Converted,98,2859,227,2021-11-25,2021-10-06T00:00:00
6652,Patricia,Martinez,patricia.martinez6652@corestack.com,CoreStack,Inbound - Web,MQL,75,,,,2022-02-25T00:00:00
6653,Thomas,Moore,thomas.moore6653@primepathdigital.com,PrimePath Digital,Partner Referral,New,48,,,,2022-01-23T00:00:00
6654,Linda,Johnson,linda.johnson6654@metasync.com,MetaSync,Social Media,Working,13,,,,2021-01-05T00:00:00
6655,Daniel,Miller,daniel.miller6655@scaleupsystems.com,ScaleUp Systems,Event,Converted,100,2494,315,2021-02-22,2021-02-06T00:00:00
6656,Susan,Davis,susan.davis6656@metasync.com,MetaSync,Inbound - Webinar,Disqualified,13,,,,2022-10-30T00:00:00
6657,Linda,Garcia,linda.garcia6657@databridgecorp.com,DataBridge Corp,Outbound - Cold,Nurture,54,,,,2023-03-06T00:00:00
6658,Christopher,Jones,christopher.jones,TechFlow Inc,Event,Disqualified,11,,,,2021-02-24T00:00:00
6659,Robert,Miller,robert.miller6659@agiledynamics.com,Agile Dynamics,Event,MQL,75,,,,2023-04-13T00:00:00
6660,Sarah,Hernandez,sarah.hernandez6660@pulsepointdigital.com,PulsePoint Digital,Partner Referral,Converted,74,2046,990,2023-05-15,2023-04-17T00:00:00
6661,Michael,Brown,michael.brown6661@streamlineanalytics.com,StreamLine Analytics,Inbound - Webinar,Converted,54,2790,928,2022-07-03,2022-05-07T00:00:00
6662,Barbara,Jackson,barbara.jackson6662@pulsepointdigital.com,PulsePoint Digital,Partner Referral,Disqualified,4,,,,2023-07-08T00:00:00
6663,Christopher,Martinez,christopher.martinez6663@brightwavetech.com,BrightWave Tech,,Working,45,,,,2021-02-17T00:00:00
6664,Karen,Williams,karen.williams6664@cybervault.com,CyberVault,Outbound - SDR,New,47,,,,2022-03-01T00:00:00
6665,Richard,Lee,richard.lee,RapidCloud,Inbound - Content,Working,51,,,,2020-11-12T00:00:00
6666,James,Lopez,james.lopez6666@cybervault.com,CyberVault,Outbound - SDR,New,11,,,,2023-12-01T00:00:00
6667,Mary,Jackson,mary.jackson6667@primepathdigital.com,PrimePath Digital,Paid Search,MQL,60,,,,2021-04-15T00:00:00
6668,Jessica,Rodriguez,jessica.rodriguez6668@futureforge.com,FutureForge,Paid Search,SQL,66,,,,2022-04-30T00:00:00
6669,Charles,Thompson,charles.thompson6669@databridgecorp.com,DataBridge Corp,Inbound - Web,SQL,60,,,,2024-11-14T00:00:00
6670,Charles,Thompson,charles.thompson6670@vertexai.com,VertexAI,Inbound - Content,Nurture,68,,,,2024-09-06T00:00:00
6671,Jennifer,Martinez,jennifer.martinez6671@metasync.com,MetaSync,Partner Referral,Converted,52,1481,316,2023-07-01,2023-05-12T00:00:00
6672,Elizabeth,Lee,elizabeth.lee6672@insightplatforms.com,Insight Platforms,Inbound - Content,MQL,64,,,,2024-04-09T00:00:00
6673,Michael,Jones,michael.jones6673@pulsepointdigital.com,PulsePoint Digital,Event,MQL,79,,,,2024-04-25T00:00:00
6674,Mary,Jones,mary.jones6674@cybervault.com,CyberVault,Paid Search,SQL,98,,,,2024-11-06T00:00:00
6675,Patricia,Jones,patricia.jones6675@corestack.com,CoreStack,Partner Referral,Working,62,,,,2023-02-21T00:00:00
6676,Michael,Garcia,michael.garcia6676@scaleupsystems.com,ScaleUp Systems,Inbound - Web,Converted,52,568,180,2024-09-27,2024-09-07T00:00:00
6677,Michael,Martinez,michael.martinez6677@rapidcloud.com,RapidCloud,Product-Led,Converted,88,4694,989,2024-10-11,2024-07-20T00:00:00
6678,David,Hernandez,david.hernandez6678@innovateco.com,InnovateCo,,New,43,,,,2024-05-31T00:00:00
6679,Joseph,Garcia,joseph.garcia6679@quantumlogiclabs.com,QuantumLogic Labs,Outbound - Cold,Disqualified,12,,,,2021-09-07T00:00:00
6680,Richard,Martin,richard.martin6680@primepathdigital.com,PrimePath Digital,Paid Search,Working,27,,,,2024-05-13T00:00:00
6681,Christopher,Jackson,christopher.jackson6681@databridgecorp.com,DataBridge Corp,Outbound - SDR,MQL,70,,,,2023-02-11T00:00:00
6682,Christopher,Gonzalez,christopher.gonzalez6682@streamlineanalytics.com,StreamLine Analytics,Outbound - Cold,Nurture,27,,,,2024-02-23T00:00:00
6683,Nancy,Miller,nancy.miller6683@vertexai.com,VertexAI,Paid Search,New,15,,,,2024-12-29T00:00:00
6684,Nancy,Martinez,nancy.martinez6684@vertexai.com,VertexAI,Outbound - SDR,Converted,56,3113,236,2024-03-28,2024-01-27T00:00:00
6685,Linda,Martin,linda.martin6685@rapidcloud.com,RapidCloud,Inbound - Webinar,Disqualified,9,,,,2023-02-22T00:00:00
6686,Karen,Martin,karen.martin6686@truenorthdata.com,TrueNorth Data,Outbound - SDR,Converted,73,4585,897,2023-12-03,2023-11-28T00:00:00
6687,Charles,Gonzalez,charles.gonzalez6687@futureforge.com,FutureForge,Partner Referral,New,33,,,,2020-08-21T00:00:00
6688,Sarah,Anderson,sarah.anderson6688@primepathdigital.com,PrimePath Digital,Paid Search,Converted,53,2875,51,2024-12-06,2024-11-27T00:00:00
6689,Joseph,Miller,joseph.miller6689@cybervault.com,CyberVault,Event,Converted,68,2540,512,2023-11-28,2023-11-21T00:00:00
6690,Patricia,Hernandez,patricia.hernandez6690@innovateco.com,InnovateCo,Social Media,Nurture,62,,,,2020-12-30T00:00:00
6691,Jessica,Thompson,jessica.thompson6691@databridgecorp.com,DataBridge Corp,Product-Led,Working,28,,,,2021-02-20T00:00:00
6692,Mary,Wilson,mary.wilson6692@primepathdigital.com,PrimePath Digital,Outbound - SDR,MQL,93,,,,2024-04-24T00:00:00
6693,James,Thompson,james.thompson6693@cybervault.com,CyberVault,Inbound - Webinar,New,49,,,,2021-06-18T00:00:00
6694,Sarah,Martin,sarah.martin,Insight Platforms,Outbound - SDR,MQL,77,,,,2022-07-19T00:00:00
6695,Sarah,Anderson,sarah.anderson6695@cybervault.com,CyberVault,Partner Referral,New,45,,,,2023-09-25T00:00:00
6696,Thomas,Taylor,thomas.taylor6696@rapidcloud.com,RapidCloud,Social Media,New,13,,,,2024-07-01T00:00:00
6697,Thomas,Jackson,thomas.jackson6697@cybervault.com,CyberVault,Inbound - Content,Converted,54,3294,997,2024-09-27,2024-08-22T00:00:00
6698,John,Wilson,john.wilson6698@vertexai.com,VertexAI,,Working,47,,,,2023-08-16T00:00:00
6699,Daniel,Jackson,daniel.jackson6699@cybervault.com,CyberVault,Product-Led,New,32,,,,2020-04-03T00:00:00
6700,Patricia,Gonzalez,patricia.gonzalez6700@agiledynamics.com,Agile Dynamics,Outbound - SDR,Disqualified,5,,,,2024-12-26T00:00:00
6701,Karen,Garcia,karen.garcia6701@corestack.com,CoreStack,Social Media,Disqualified,15,,,,2020-06-04T00:00:00
6702,Linda,Smith,linda.smith6702@primepathdigital.com,PrimePath Digital,Partner Referral,Working,61,,,,2023-07-22T00:00:00
6703,Jessica,Wilson,jessica.wilson6703@primepathdigital.com,PrimePath Digital,Outbound - Cold,Working,41,,,,2024-01-24T00:00:00
6704,James,Williams,james.williams6704@nexgensolutions.com,NexGen Solutions,Inbound - Webinar,Converted,60,1796,709,2022-04-16,2022-04-05T00:00:00
6705,Michael,Williams,michael.williams6705@truenorthdata.com,TrueNorth Data,Social Media,Working,59,,,,2024-04-18T00:00:00
6706,Sarah,Anderson,sarah.anderson6706@innovateco.com,InnovateCo,Inbound - Webinar,MQL,98,,,,2021-10-16T00:00:00
6707,Karen,Lopez,karen.lopez6707@futureforge.com,FutureForge,Paid Search,New,21,,,,2023-09-22T00:00:00
6708,Karen,Jackson,karen.jackson6708@futureforge.com,FutureForge,Paid Search,Converted,72,3742,526,2020-12-03,2020-09-13T00:00:00
6709,Thomas,Thompson,thomas.thompson6709@innovateco.com,InnovateCo,Outbound - Cold,Working,22,,,,2023-11-15T00:00:00
6710,Joseph,Gonzalez,joseph.gonzalez6710@cybervault.com,CyberVault,Inbound - Content,Converted,53,3629,184,2024-03-15,2023-12-24T00:00:00
6711,Joseph,Moore,joseph.moore6711@futureforge.com,FutureForge,Outbound - SDR,MQL,56,,,,2022-02-21T00:00:00
6712,Charles,Lopez,charles.lopez6712@innovateco.com,InnovateCo,Outbound - SDR,MQL,93,,,,2022-06-09T00:00:00
6713,Susan,Wilson,susan.wilson6713@techflowinc.com,TechFlow Inc,Outbound - SDR,Working,46,,,,2021-11-13T00:00:00
6714,Michael,Anderson,michael.anderson6714@techflowinc.com,TechFlow Inc,Paid Search,MQL,76,,,,2024-12-06T00:00:00
6715,William,Jackson,william.jackson6715@corestack.com,CoreStack,Partner Referral,Working,68,,,,2021-12-03T00:00:00
6716,Michael,Anderson,michael.anderson6716@agiledynamics.com,Agile Dynamics,Partner Referral,SQL,56,,,,2024-08-10T00:00:00
6717,Karen,Taylor,karen.taylor6717@scaleupsystems.com,ScaleUp Systems,Inbound - Web,Converted,56,3719,539,2023-02-08,2022-12-06T00:00:00
6718,Jessica,Johnson,jessica.johnson6718@brightwavetech.com,BrightWave Tech,Outbound - SDR,Converted,63,364,611,2024-10-25,2024-08-23T00:00:00
6719,Karen,Rodriguez,karen.rodriguez6719@techflowinc.com,TechFlow Inc,Product-Led,Disqualified,24,,,,2020-04-24T00:00:00
6720,Charles,Moore,charles.moore6720@truenorthdata.com,TrueNorth Data,Inbound - Web,SQL,73,,,,2023-04-03T00:00:00
6721,Charles,Brown,charles.brown6721@vertexai.com,VertexAI,Paid Search,SQL,66,,,,2022-12-16T00:00:00
6722,Barbara,Jackson,barbara.jackson6722@metasync.com,MetaSync,Partner Referral,Converted,51,2248,515,2023-04-09,2023-04-13T00:00:00
6723,Robert,Davis,robert.davis6723@cybervault.com,CyberVault,Partner Referral,Converted,82,4591,963,2024-07-27,2024-05-08T00:00:00
6724,Mary,Hernandez,mary.hernandez6724@pulsepointdigital.com,PulsePoint Digital,Inbound - Webinar,New,68,,,,2024-08-07T00:00:00
6725,Sarah,Garcia,sarah.garcia6725@innovateco.com,InnovateCo,Outbound - Cold,Disqualified,2,,,,2021-08-27T00:00:00
6726,Robert,Hernandez,robert.hernandez6726@futureforge.com,FutureForge,Social Media,Working,57,,,,2021-04-02T00:00:00
6727,Lisa,Anderson,lisa.anderson6727@metasync.com,MetaSync,Outbound - SDR,Working,17,,,,2023-01-29T00:00:00
6728,Jessica,Smith,,TechFlow Inc,Outbound - Cold,New,67,,,,2021-01-09T00:00:00
6729,Lisa,Lee,lisa.lee6729@metasync.com,MetaSync,Inbound - Web,Disqualified,28,,,,2024-09-12T00:00:00
6730,James,Martin,james.martin6730@agiledynamics.com,Agile Dynamics,,Disqualified,16,,,,2024-10-14T00:00:00
6731,Nancy,Thomas,nancy.thomas6731@truenorthdata.com,TrueNorth Data,Social Media,MQL,64,,,,2024-02-27T00:00:00
6732,Thomas,Davis,thomas.davis6732@metasync.com,MetaSync,Event,Disqualified,11,,,,2022-12-08T00:00:00
6733,William,Gonzalez,william.gonzalez6733@nexgensolutions.com,NexGen Solutions,Product-Led,Converted,72,1061,350,2024-12-06,2024-09-16T00:00:00
6734,Thomas,Miller,thomas.miller6734@techflowinc.com,TechFlow Inc,Outbound - Cold,SQL,59,,,,2020-03-04T00:00:00
6735,William,Hernandez,william.hernandez6735@quantumlogiclabs.com,QuantumLogic Labs,Inbound - Web,Disqualified,19,,,,2021-12-23T00:00:00
6736,Elizabeth,Rodriguez,elizabeth.rodriguez6736@techflowinc.com,TechFlow Inc,Social Media,New,34,,,,2021-01-04T00:00:00
6737,Nancy,Jones,nancy.jones6737@metasync.com,MetaSync,Inbound - Webinar,Converted,76,913,707,2024-03-03,2023-12-17T00:00:00
6738,Elizabeth,Moore,elizabeth.moore,PrimePath Digital,Outbound - SDR,Working,18,,,,2022-10-24T00:00:00
6739,Christopher,Thomas,christopher.thomas6739@databridgecorp.com,DataBridge Corp,,Nurture,42,,,,2020-07-15T00:00:00
6740,Elizabeth,Rodriguez,elizabeth.rodriguez6740@rapidcloud.com,RapidCloud,Inbound - Web,New,42,,,,2024-08-23T00:00:00
6741,Barbara,Thomas,barbara.thomas6741@quantumlogiclabs.com,QuantumLogic Labs,Outbound - Cold,MQL,94,,,,2020-03-14T00:00:00
6742,David,Miller,david.miller6742@corestack.com,CoreStack,Inbound - Web,Disqualified,3,,,,2022-09-10T00:00:00
6743,Barbara,Thomas,barbara.thomas6743@corestack.com,CoreStack,Inbound - Content,Disqualified,8,,,,2023-05-13T00:00:00
6744,Barbara,Wilson,barbara.wilson6744@futureforge.com,FutureForge,Inbound - Webinar,Nurture,37,,,,2021-06-10T00:00:00
6745,Linda,Thompson,linda.thompson6745@vertexai.com,VertexAI,Outbound - Cold,Nurture,68,,,,2021-01-09T00:00:00
6746,Charles,Rodriguez,charles.rodriguez6746@nexgensolutions.com,NexGen Solutions,Social Media,New,52,,,,2022-04-07T00:00:00
6747,Jessica,Martin,,MetaSync,Event,Disqualified,20,,,,2020-12-07T00:00:00
6748,Lisa,Smith,lisa.smith6748@cloudscalesystems.com,CloudScale Systems,Inbound - Content,Nurture,10,,,,2023-11-19T00:00:00
6749,Karen,Taylor,karen.taylor6749@corestack.com,CoreStack,Event,Working,23,,,,2022-06-16T00:00:00
6750,Thomas,Jones,thomas.jones6750@agiledynamics.com,Agile Dynamics,Product-Led,New,57,,,,2023-08-24T00:00:00
6751,Jessica,Martinez,jessica.martinez6751@scaleupsystems.com,ScaleUp Systems,Inbound - Web,Converted,81,3049,819,2024-06-16,2024-04-29T00:00:00
6752,Joseph,Martinez,joseph.martinez6752@metasync.com,MetaSync,Paid Search,MQL,97,,,,2024-01-25T00:00:00
6753,Robert,Davis,robert.davis6753@corestack.com,CoreStack,Outbound - SDR,Working,58,,,,2020-02-14T00:00:00
6754,Jennifer,Gonzalez,jennifer.gonzalez6754@brightwavetech.com,BrightWave Tech,Social Media,Working,41,,,,2020-12-08T00:00:00
6755,Michael,Rodriguez,michael.rodriguez6755@brightwavetech.com,BrightWave Tech,Outbound - Cold,New,41,,,,2023-06-30T00:00:00
6756,Richard,Davis,richard.davis,NexGen Solutions,Inbound - Web,SQL,91,,,,2020-08-08T00:00:00
6757,Nancy,Johnson,nancy.johnson6757@insightplatforms.com,Insight Platforms,Inbound - Web,Working,60,,,,2023-03-13T00:00:00
6758,Thomas,Johnson,thomas.johnson6758@cloudscalesystems.com,CloudScale Systems,Inbound - Web,SQL,76,,,,2024-02-27T00:00:00
6759,Lisa,Rodriguez,lisa.rodriguez6759@brightwavetech.com,BrightWave Tech,Inbound - Webinar,MQL,80,,,,2024-10-26T00:00:00
6760,Barbara,Lopez,barbara.lopez6760@truenorthdata.com,TrueNorth Data,Outbound - SDR,New,52,,,,2024-03-27T00:00:00
6761,Karen,Lee,karen.lee6761@vertexai.com,VertexAI,Partner Referral,Converted,54,4571,211,2024-11-13,2024-10-29T00:00:00
6762,William,Hernandez,william.hernandez6762@nexgensolutions.com,NexGen Solutions,Partner Referral,MQL,77,,,,2021-01-03T00:00:00
6763,Mary,Smith,,FutureForge,Inbound - Content,Working,36,,,,2024-01-16T00:00:00
6764,Karen,Lopez,karen.lopez6764@truenorthdata.com,TrueNorth Data,Outbound - SDR,Working,15,,,,2023-07-15T00:00:00
6765,Daniel,Hernandez,daniel.hernandez6765@nexgensolutions.com,NexGen Solutions,Social Media,New,-40,,,,2023-02-07T00:00:00
6766,Michael,Anderson,michael.anderson6766@pulsepointdigital.com,PulsePoint Digital,Social Media,Disqualified,11,,,,2024-03-22T00:00:00
6767,Thomas,Hernandez,thomas.hernandez6767@corestack.com,CoreStack,Inbound - Web,Working,70,,,,2024-07-18T00:00:00
6768,Linda,Moore,linda.moore6768@scaleupsystems.com,ScaleUp Systems,Social Media,Working,68,,,,2021-06-26T00:00:00
6769,Joseph,Lee,joseph.lee6769@scaleupsystems.com,ScaleUp Systems,Event,MQL,79,,,,2021-08-28T00:00:00
6770,Karen,Anderson,karen.anderson6770@agiledynamics.com,Agile Dynamics,Inbound - Webinar,Converted,66,3588,180,2024-10-25,2024-09-08T00:00:00
6771,Patricia,Thomas,patricia.thomas6771@techflowinc.com,TechFlow Inc,Inbound - Content,Converted,52,4993,753,2023-06-18,2023-06-04T00:00:00
6772,Lisa,Jackson,lisa.jackson6772@innovateco.com,InnovateCo,Partner Referral,New,65,,,,2023-09-16T00:00:00
6773,Richard,Rodriguez,richard.rodriguez6773@brightwavetech.com,BrightWave Tech,Event,MQL,86,,,,2024-11-12T00:00:00
6774,Lisa,Rodriguez,lisa.rodriguez6774@corestack.com,CoreStack,Product-Led,New,37,,,,2023-10-30T00:00:00
6775,Jessica,Williams,jessica.williams6775@corestack.com,CoreStack,Paid Search,MQL,91,,,,2023-05-23T00:00:00
6776,Richard,Thomas,richard.thomas6776@scaleupsystems.com,ScaleUp Systems,Outbound - SDR,Working,45,,,,2020-10-25T00:00:00
6777,Karen,Thomas,karen.thomas6777@cloudscalesystems.com,CloudScale Systems,Inbound - Content,Disqualified,23,,,,2023-03-27T00:00:00
6778,John,Williams,john.williams6778@cloudscalesystems.com,CloudScale Systems,Outbound - Cold,Converted,68,4360,814,2020-09-13,2020-09-02T00:00:00
6779,Susan,Wilson,susan.wilson6779@scaleupsystems.com,ScaleUp Systems,Partner Referral,New,56,,,,2020-02-21T00:00:00
6780,Jessica,Martin,jessica.martin6780@cloudscalesystems.com,CloudScale Systems,Inbound - Webinar,Converted,90,1299,972,2022-05-02,2022-04-06T00:00:00
6781,Patricia,Lopez,patricia.lopez6781@nexgensolutions.com,NexGen Solutions,Inbound - Web,MQL,82,,,,2022-06-08T00:00:00
6782,Elizabeth,Martin,elizabeth.martin6782@corestack.com,CoreStack,Product-Led,Nurture,45,,,,2024-01-25T00:00:00
6783,Thomas,Moore,thomas.moore6783@quantumlogiclabs.com,QuantumLogic Labs,Inbound - Content,New,43,,,,2024-04-20T00:00:00
6784,Jennifer,Wilson,,CoreStack,Outbound - Cold,MQL,53,,,,2023-08-10T00:00:00
6785,David,Lee,david.lee6785@brightwavetech.com,BrightWave Tech,Inbound - Web,MQL,97,,,,2023-11-14T00:00:00
6786,Thomas,Gonzalez,thomas.gonzalez6786@cloudscalesystems.com,CloudScale Systems,Social Media,MQL,74,,,,2023-10-19T00:00:00
6787,Lisa,Martin,lisa.martin6787@primepathdigital.com,PrimePath Digital,Event,Converted,92,581,159,2023-07-22,2023-06-02T00:00:00
6788,Lisa,Martinez,lisa.martinez6788@agiledynamics.com,Agile Dynamics,Partner Referral,Working,56,,,,2020-09-22T00:00:00
6789,Lisa,Garcia,lisa.garcia6789@vertexai.com,VertexAI,Paid Search,MQL,79,,,,2022-03-19T00:00:00
6790,Mary,Miller,mary.miller6790@primepathdigital.com,PrimePath Digital,Event,MQL,91,,,,2020-09-20T00:00:00
6791,John,Thompson,john.thompson6791@vertexai.com,VertexAI,,Converted,83,3836,70,2024-02-17,2023-11-29T00:00:00
6792,Jessica,Taylor,jessica.taylor6792@truenorthdata.com,TrueNorth Data,Inbound - Web,SQL,96,,,,2022-09-18T00:00:00
6793,Susan,Martinez,susan.martinez6793@truenorthdata.com,TrueNorth Data,Inbound - Web,Nurture,21,,,,2024-04-12T00:00:00
6794,Daniel,Jackson,daniel.jackson6794@metasync.com,MetaSync,Outbound - Cold,Disqualified,16,,,,2024-09-02T00:00:00
6795,Charles,Smith,charles.smith6795@insightplatforms.com,Insight Platforms,,MQL,96,,,,2022-12-05T00:00:00
6796,James,Johnson,james.johnson6796@quantumlogiclabs.com,QuantumLogic Labs,Inbound - Web,SQL,95,,,,2021-11-27T00:00:00
6797,Charles,Taylor,charles.taylor6797@agiledynamics.com,Agile Dynamics,Inbound - Webinar,Working,55,,,,2024-07-05T00:00:00
6798,David,Wilson,david.wilson6798@corestack.com,CoreStack,Inbound - Content,Disqualified,29,,,,2022-03-09T00:00:00
6799,John,Williams,john.williams6799@futureforge.com,FutureForge,Outbound - SDR,New,47,,,,2021-05-27T00:00:00
6800,Nancy,Thompson,nancy.thompson6800@scaleupsystems.com,ScaleUp Systems,Product-Led,New,34,,,,2021-09-05T00:00:00
6801,Christopher,Martin,christopher.martin6801@techflowinc.com,TechFlow Inc,Inbound - Webinar,Nurture,32,,,,2023-03-22T00:00:00
6802,John,Lopez,john.lopez6802@primepathdigital.com,PrimePath Digital,Outbound - SDR,SQL,89,,,,2022-09-21T00:00:00
6803,Joseph,Wilson,joseph.wilson6803@scaleupsystems.com,ScaleUp Systems,Outbound - Cold,Nurture,64,,,,2022-01-16T00:00:00
6804,Joseph,Taylor,joseph.taylor6804@truenorthdata.com,TrueNorth Data,Outbound - Cold,MQL,60,,,,2020-03-15T00:00:00
6805,Mary,Anderson,mary.anderson6805@vertexai.com,VertexAI,Social Media,Working,-40,,,,2021-07-08T00:00:00
6806,Robert,Garcia,robert.garcia6806@vertexai.com,VertexAI,Paid Search,SQL,83,,,,2024-10-06T00:00:00
6807,Daniel,Gonzalez,daniel.gonzalez6807@databridgecorp.com,DataBridge Corp,Partner Referral,Converted,90,2015,323,2024-12-08,2024-10-08T00:00:00
6808,Charles,Miller,charles.miller6808@futureforge.com,FutureForge,,Converted,60,1101,638,2024-12-02,2024-11-08T00:00:00
6809,James,Smith,james.smith6809@truenorthdata.com,TrueNorth Data,Product-Led,Converted,60,4262,365,2024-11-29,2024-09-26T00:00:00
6810,Patricia,Thompson,patricia.thompson,PrimePath Digital,Event,Disqualified,29,,,,2024-07-14T00:00:00
6811,Patricia,Gonzalez,patricia.gonzalez6811@cloudscalesystems.com,CloudScale Systems,Inbound - Content,SQL,76,,,,2021-12-16T00:00:00
6812,James,Jackson,,TechFlow Inc,Inbound - Content,New,34,,,,2022-03-20T00:00:00
6813,William,Hernandez,,Agile Dynamics,,SQL,76,,,,2020-09-19T00:00:00
6814,Michael,Jackson,michael.jackson6814@quantumlogiclabs.com,QuantumLogic Labs,Outbound - Cold,Disqualified,27,,,,2023-06-20T00:00:00
6815,William,Johnson,william.johnson6815@databridgecorp.com,DataBridge Corp,Inbound - Web,Working,46,,,,2023-06-23T00:00:00
6816,Elizabeth,Lopez,elizabeth.lopez6816@primepathdigital.com,PrimePath Digital,Social Media,MQL,56,,,,2020-01-09T00:00:00
6817,Nancy,Thompson,nancy.thompson6817@innovateco.com,InnovateCo,Paid Search,Nurture,21,,,,2021-04-19T00:00:00
6818,Patricia,Gonzalez,patricia.gonzalez6818@corestack.com,CoreStack,Partner Referral,New,63,,,,2023-09-27T00:00:00
6819,Susan,Lee,susan.lee6819@brightwavetech.com,BrightWave Tech,Inbound - Webinar,Converted,99,4463,442,2023-12-24,2023-10-17T00:00:00
6820,Richard,Moore,richard.moore6820@techflowinc.com,TechFlow Inc,Paid Search,Converted,54,4032,983,2024-05-04,2024-03-06T00:00:00
6821,Sarah,Jones,sarah.jones6821@databridgecorp.com,DataBridge Corp,Product-Led,Converted,64,3890,112,2024-09-18,2024-09-02T00:00:00
6822,Charles,Rodriguez,charles.rodriguez6822@pulsepointdigital.com,PulsePoint Digital,Inbound - Content,New,31,,,,2024-03-30T00:00:00
6823,David,Garcia,david.garcia6823@primepathdigital.com,PrimePath Digital,Outbound - SDR,Working,39,,,,2020-05-10T00:00:00
6824,Charles,Lee,charles.lee6824@truenorthdata.com,TrueNorth Data,Paid Search,SQL,82,,,,2024-11-06T00:00:00
6825,Elizabeth,Davis,elizabeth.davis6825@cybervault.com,CyberVault,Partner Referral,Nurture,16,,,,2021-11-26T00:00:00
6826,Barbara,Miller,barbara.miller6826@cloudscalesystems.com,CloudScale Systems,Social Media,Disqualified,12,,,,2024-08-22T00:00:00
6827,John,Martin,john.martin6827@innovateco.com,InnovateCo,Outbound - Cold,MQL,53,,,,2024-05-26T00:00:00
6828,Karen,Brown,karen.brown6828@quantumlogiclabs.com,QuantumLogic Labs,Outbound - Cold,Nurture,14,,,,2022-10-11T00:00:00
6829,Sarah,Smith,sarah.smith6829@quantumlogiclabs.com,QuantumLogic Labs,Outbound - SDR,Disqualified,19,,,,2021-11-21T00:00:00
6830,Mary,Rodriguez,mary.rodriguez6830@streamlineanalytics.com,StreamLine Analytics,Paid Search,Converted,65,3298,773,2024-12-23,2024-11-06T00:00:00
6831,Linda,Lee,linda.lee6831@insightplatforms.com,Insight Platforms,Inbound - Web,Disqualified,10,,,,2024-10-14T00:00:00
6832,Michael,Miller,michael.miller6832@rapidcloud.com,RapidCloud,Inbound - Web,Working,19,,,,2021-07-25T00:00:00
6833,Barbara,Hernandez,barbara.hernandez,PulsePoint Digital,Social Media,Converted,57,1714,192,2024-10-11,2024-09-20T00:00:00
6834,Patricia,Taylor,patricia.taylor6834@metasync.com,MetaSync,Outbound - Cold,MQL,61,,,,2021-12-04T00:00:00
6835,Karen,Davis,karen.davis6835@vertexai.com,VertexAI,Social Media,Disqualified,28,,,,2020-09-17T00:00:00
6836,James,Miller,james.miller6836@innovateco.com,InnovateCo,Product-Led,Converted,85,447,694,2023-07-31,2023-05-15T00:00:00
6837,Joseph,Lee,joseph.lee6837@brightwavetech.com,BrightWave Tech,,Disqualified,5,,,,2021-08-12T00:00:00
6838,Robert,Brown,,RapidCloud,Inbound - Web,New,52,,,,2022-03-18T00:00:00
6839,Michael,Anderson,michael.anderson6839@cloudscalesystems.com,CloudScale Systems,Event,Working,12,,,,2022-12-06T00:00:00
6840,Richard,Smith,richard.smith6840@techflowinc.com,TechFlow Inc,,Working,20,,,,2023-08-06T00:00:00
6841,William,Jones,william.jones6841@corestack.com,CoreStack,Event,New,52,,,,2022-06-30T00:00:00
6842,Jessica,Rodriguez,jessica.rodriguez6842@corestack.com,CoreStack,Paid Search,New,53,,,,2023-02-03T00:00:00
6843,Susan,Johnson,susan.johnson6843@streamlineanalytics.com,StreamLine Analytics,Outbound - SDR,MQL,64,,,,2024-05-19T00:00:00
6844,Lisa,Martin,lisa.martin6844@scaleupsystems.com,ScaleUp Systems,,New,57,,,,2020-02-11T00:00:00
6845,Mary,Lopez,mary.lopez6845@primepathdigital.com,PrimePath Digital,Outbound - SDR,MQL,92,,,,2022-10-25T00:00:00
6846,William,Lee,william.lee6846@quantumlogiclabs.com,QuantumLogic Labs,,Working,54,,,,2020-05-08T00:00:00
6847,Karen,Miller,karen.miller6847@cloudscalesystems.com,CloudScale Systems,Outbound - SDR,Working,36,,,,2023-02-24T00:00:00
6848,Sarah,Martinez,sarah.martinez6848@techflowinc.com,TechFlow Inc,Inbound - Webinar,Working,22,,,,2021-07-19T00:00:00
6849,Sarah,Rodriguez,sarah.rodriguez6849@vertexai.com,VertexAI,Event,Converted,74,3686,913,2022-11-05,2022-08-23T00:00:00
6850,Daniel,Anderson,daniel.anderson6850@scaleupsystems.com,ScaleUp Systems,Outbound - Cold,SQL,84,,,,2022-07-18T00:00:00
6851,Susan,Anderson,susan.anderson6851@streamlineanalytics.com,StreamLine Analytics,Social Media,Converted,89,1020,257,2022-01-23,2021-12-09T00:00:00
6852,Linda,Anderson,,PrimePath Digital,Inbound - Content,Converted,60,51,726,2022-02-14,2022-01-07T00:00:00
6853,Michael,Lee,michael.lee6853@futureforge.com,FutureForge,Social Media,Disqualified,10,,,,2021-05-25T00:00:00
6854,Patricia,Taylor,patricia.taylor6854@innovateco.com,InnovateCo,Product-Led,Working,28,,,,2024-09-25T00:00:00
6855,Susan,Miller,susan.miller6855@futureforge.com,FutureForge,Social Media,SQL,98,,,,2020-03-02T00:00:00
6856,James,Jones,james.jones6856@pulsepointdigital.com,PulsePoint Digital,Outbound - SDR,New,24,,,,2022-04-09T00:00:00
6857,Mary,Johnson,mary.johnson6857@vertexai.com,VertexAI,Outbound - SDR,MQL,55,,,,2021-12-03T00:00:00
6858,John,Thompson,john.thompson6858@cybervault.com,CyberVault,Outbound - SDR,Nurture,42,,,,2023-04-01T00:00:00
6859,Elizabeth,Thomas,elizabeth.thomas6859@techflowinc.com,TechFlow Inc,Event,Disqualified,5,,,,2024-03-17T00:00:00
6860,Robert,Taylor,robert.taylor6860@quantumlogiclabs.com,QuantumLogic Labs,Inbound - Web,Converted,93,1778,222,2022-05-20,2022-03-15T00:00:00
6861,Sarah,Brown,sarah.brown6861@streamlineanalytics.com,StreamLine Analytics,Paid Search,Converted,58,4719,768,2024-06-01,2024-05-15T00:00:00
6862,Robert,Davis,robert.davis,PulsePoint Digital,Inbound - Web,Converted,51,3102,470,2023-06-20,2023-05-19T00:00:00
6863,William,Moore,william.moore6863@cloudscalesystems.com,CloudScale Systems,Outbound - SDR,Disqualified,5,,,,2020-04-21T00:00:00
6864,John,Anderson,john.anderson6864@databridgecorp.com,DataBridge Corp,Social Media,Disqualified,15,,,,2022-12-01T00:00:00
6865,Karen,Brown,karen.brown6865@pulsepointdigital.com,PulsePoint Digital,Paid Search,Disqualified,25,,,,2021-02-03T00:00:00
6866,Joseph,Williams,joseph.williams6866@rapidcloud.com,RapidCloud,Paid Search,Working,46,,,,2022-10-30T00:00:00
6867,Mary,Johnson,mary.johnson6867@quantumlogiclabs.com,QuantumLogic Labs,Event,Disqualified,4,,,,2022-12-03T00:00:00
6868,Christopher,Lee,christopher.lee6868@cloudscalesystems.com,CloudScale Systems,Product-Led,New,45,,,,2020-05-24T00:00:00
6869,Lisa,Williams,lisa.williams6869@databridgecorp.com,DataBridge Corp,Inbound - Web,Disqualified,30,,,,2024-10-04T00:00:00
6870,Sarah,Wilson,sarah.wilson6870@primepathdigital.com,PrimePath Digital,Partner Referral,SQL,77,,,,2023-08-15T00:00:00
6871,Michael,Garcia,michael.garcia6871@metasync.com,MetaSync,Partner Referral,MQL,52,,,,2021-11-29T00:00:00
6872,John,Brown,john.brown6872@nexgensolutions.com,NexGen Solutions,Outbound - Cold,Working,41,,,,2021-10-04T00:00:00
6873,William,Anderson,william.anderson6873@truenorthdata.com,TrueNorth Data,Outbound - Cold,SQL,74,,,,2024-04-20T00:00:00
6874,Barbara,Martin,barbara.martin6874@corestack.com,CoreStack,Inbound - Web,SQL,66,,,,2023-08-07T00:00:00
6875,Sarah,Lee,,CoreStack,Inbound - Web,New,36,,,,2021-10-14T00:00:00
6876,David,Brown,david.brown6876@insightplatforms.com,Insight Platforms,Event,MQL,73,,,,2024-06-05T00:00:00
6877,Jennifer,Thompson,jennifer.thompson6877@pulsepointdigital.com,PulsePoint Digital,Outbound - Cold,SQL,52,,,,2024-10-16T00:00:00
6878,Mary,Hernandez,mary.hernandez6878@vertexai.com,VertexAI,Paid Search,Nurture,29,,,,2024-08-07T00:00:00
6879,Patricia,Garcia,patricia.garcia6879@innovateco.com,InnovateCo,Outbound - Cold,Nurture,17,,,,2024-08-11T00:00:00
6880,Daniel,Lopez,daniel.lopez,StreamLine Analytics,Outbound - Cold,SQL,58,,,,2022-07-14T00:00:00
6881,Mary,Taylor,mary.taylor6881@streamlineanalytics.com,StreamLine Analytics,Outbound - SDR,New,13,,,,2021-10-24T00:00:00
6882,James,Moore,james.moore6882@agiledynamics.com,Agile Dynamics,Outbound - Cold,SQL,84,,,,2020-09-22T00:00:00
6883,David,Garcia,david.garcia6883@cybervault.com,CyberVault,Outbound - SDR,MQL,80,,,,2021-01-11T00:00:00
6884,Christopher,Martin,christopher.martin6884@cloudscalesystems.com,CloudScale Systems,Inbound - Content,Disqualified,20,,,,2024-07-29T00:00:00
6885,Charles,Moore,charles.moore6885@vertexai.com,VertexAI,Inbound - Content,MQL,96,,,,2022-02-12T00:00:00
6886,Susan,Miller,susan.miller6886@corestack.com,CoreStack,Event,Nurture,36,,,,2021-09-19T00:00:00
6887,Elizabeth,Hernandez,elizabeth.hernandez6887@techflowinc.com,TechFlow Inc,Paid Search,Working,70,,,,2024-01-08T00:00:00
6888,John,Davis,john.davis6888@scaleupsystems.com,ScaleUp Systems,Paid Search,MQL,88,,,,2020-08-06T00:00:00
6889,Sarah,Williams,sarah.williams6889@streamlineanalytics.com,StreamLine Analytics,Social Media,New,25,,,,2022-01-29T00:00:00
6890,Jennifer,Lopez,jennifer.lopez6890@pulsepointdigital.com,PulsePoint Digital,Outbound - SDR,Nurture,62,,,,2020-11-05T00:00:00
6891,Richard,Brown,richard.brown6891@innovateco.com,InnovateCo,Outbound - Cold,New,49,,,,2020-03-09T00:00:00
6892,Barbara,Thomas,barbara.thomas6892@scaleupsystems.com,ScaleUp Systems,Event,New,27,,,,2023-05-25T00:00:00
6893,James,Miller,james.miller6893@techflowinc.com,TechFlow Inc,Outbound - Cold,Converted,77,4640,35,2021-05-23,2021-03-11T00:00:00
6894,Charles,Hernandez,charles.hernandez6894@futureforge.com,FutureForge,Event,Converted,97,521,526,2022-11-10,2022-09-11T00:00:00
6895,Joseph,Lee,joseph.lee6895@futureforge.com,FutureForge,,Converted,81,2955,180,2024-11-09,2024-09-29T00:00:00
6896,Elizabeth,Moore,elizabeth.moore6896@databridgecorp.com,DataBridge Corp,Inbound - Webinar,New,31,,,,2020-10-21T00:00:00
6897,Elizabeth,Rodriguez,elizabeth.rodriguez6897@primepathdigital.com,PrimePath Digital,Product-Led,SQL,70,,,,2024-11-20T00:00:00
6898,Patricia,Martin,patricia.martin6898@vertexai.com,VertexAI,Social Media,MQL,50,,,,2024-08-16T00:00:00
6899,Elizabeth,Moore,elizabeth.moore6899@pulsepointdigital.com,PulsePoint Digital,Social Media,New,37,,,,2021-01-27T00:00:00
6900,Mary,Lopez,mary.lopez6900@streamlineanalytics.com,StreamLine Analytics,Paid Search,MQL,50,,,,2023-09-11T00:00:00
6901,James,Davis,james.davis6901@rapidcloud.com,RapidCloud,Inbound - Webinar,SQL,75,,,,2023-11-06T00:00:00
6902,Jessica,Jackson,jessica.jackson6902@truenorthdata.com,TrueNorth Data,Outbound - Cold,MQL,97,,,,2022-05-20T00:00:00
6903,Patricia,Miller,patricia.miller6903@cloudscalesystems.com,CloudScale Systems,Social Media,SQL,58,,,,2021-12-18T00:00:00
6904,Christopher,Martinez,christopher.martinez6904@nexgensolutions.com,NexGen Solutions,Inbound - Content,New,45,,,,2022-12-21T00:00:00
6905,Lisa,Hernandez,lisa.hernandez6905@quantumlogiclabs.com,QuantumLogic Labs,Event,MQL,81,,,,2022-04-22T00:00:00
6906,Sarah,Thompson,sarah.thompson6906@pulsepointdigital.com,PulsePoint Digital,Inbound - Web,Converted,88,1439,850,2024-10-14,2024-10-12T00:00:00
6907,Nancy,Wilson,,PulsePoint Digital,Inbound - Web,Converted,68,275,726,2023-06-01,2023-05-02T00:00:00
6908,James,Lopez,james.lopez6908@insightplatforms.com,Insight Platforms,Social Media,MQL,90,,,,2023-06-04T00:00:00
6909,Thomas,Jackson,thomas.jackson6909@innovateco.com,InnovateCo,Product-Led,MQL,68,,,,2023-03-04T00:00:00
6910,Richard,Anderson,richard.anderson6910@truenorthdata.com,TrueNorth Data,Outbound - SDR,MQL,57,,,,2024-10-16T00:00:00
6911,Karen,Brown,karen.brown6911@databridgecorp.com,DataBridge Corp,Outbound - Cold,Disqualified,8,,,,2024-07-17T00:00:00
6912,Linda,Taylor,linda.taylor6912@innovateco.com,InnovateCo,Outbound - SDR,Converted,89,4785,597,2023-05-02,2023-03-05T00:00:00
6913,Barbara,Martinez,barbara.martinez6913@quantumlogiclabs.com,QuantumLogic Labs,Product-Led,Working,16,,,,2023-05-15T00:00:00
6914,Elizabeth,Lee,elizabeth.lee6914@primepathdigital.com,PrimePath Digital,Social Media,SQL,97,,,,2020-08-17T00:00:00
6915,Charles,Williams,charles.williams6915@rapidcloud.com,RapidCloud,Event,New,45,,,,2022-09-20T00:00:00
6916,Karen,Martin,karen.martin6916@vertexai.com,VertexAI,Event,Working,51,,,,2022-11-08T00:00:00
6917,Christopher,Anderson,christopher.anderson6917@databridgecorp.com,DataBridge Corp,Outbound - Cold,Disqualified,4,,,,2021-04-15T00:00:00
6918,Michael,Gonzalez,,VertexAI,Outbound - Cold,Disqualified,4,,,,2023-09-22T00:00:00
6919,Mary,Thompson,mary.thompson6919@streamlineanalytics.com,StreamLine Analytics,Inbound - Webinar,Nurture,45,,,,2024-08-10T00:00:00
6920,Elizabeth,Moore,,RapidCloud,Social Media,Disqualified,18,,,,2022-09-26T00:00:00
6921,Jessica,Lee,jessica.lee6921@nexgensolutions.com,NexGen Solutions,Outbound - Cold,SQL,74,,,,2021-03-13T00:00:00
6922,Mary,Lopez,mary.lopez6922@truenorthdata.com,TrueNorth Data,Partner Referral,SQL,-82,,,,2021-03-02T00:00:00
6923,Elizabeth,Williams,elizabeth.williams6923@truenorthdata.com,TrueNorth Data,Social Media,Nurture,23,,,,2022-03-11T00:00:00
6924,Elizabeth,Johnson,elizabeth.johnson6924@cloudscalesystems.com,CloudScale Systems,Paid Search,Converted,76,1786,241,2024-08-22,2024-07-05T00:00:00
6925,Nancy,Rodriguez,nancy.rodriguez6925@databridgecorp.com,DataBridge Corp,Product-Led,Converted,93,2261,408,2024-12-08,2024-10-25T00:00:00
6926,Mary,Miller,mary.miller6926@scaleupsystems.com,ScaleUp Systems,Outbound - SDR,MQL,100,,,,2023-08-08T00:00:00
6927,Barbara,Rodriguez,barbara.rodriguez6927@quantumlogiclabs.com,QuantumLogic Labs,Paid Search,Converted,90,842,693,2023-04-18,2023-03-14T00:00:00
6928,Thomas,Hernandez,thomas.hernandez6928@innovateco.com,InnovateCo,Outbound - SDR,Converted,77,3453,411,2024-12-02,2024-11-14T00:00:00
6929,Karen,Gonzalez,karen.gonzalez6929@vertexai.com,VertexAI,Inbound - Content,Working,66,,,,2021-11-28T00:00:00
6930,William,Taylor,william.taylor6930@cybervault.com,CyberVault,Outbound - SDR,New,-22,,,,2021-09-18T00:00:00
6931,Patricia,Rodriguez,patricia.rodriguez6931@corestack.com,CoreStack,Social Media,MQL,95,,,,2022-08-01T00:00:00
6932,Linda,Taylor,linda.taylor6932@futureforge.com,FutureForge,Inbound - Content,Converted,89,823,169,2022-01-19,2021-10-29T00:00:00
6933,John,Miller,john.miller,QuantumLogic Labs,Paid Search,MQL,59,,,,2021-10-04T00:00:00
6934,Sarah,Rodriguez,sarah.rodriguez6934@futureforge.com,FutureForge,Product-Led,SQL,52,,,,2020-03-01T00:00:00
6935,Nancy,Jones,nancy.jones6935@cloudscalesystems.com,CloudScale Systems,Outbound - SDR,Converted,68,4400,96,2023-01-08,2022-10-25T00:00:00
6936,James,Thompson,james.thompson6936@agiledynamics.com,Agile Dynamics,Social Media,Nurture,21,,,,2020-07-28T00:00:00
6937,Karen,Lopez,karen.lopez6937@databridgecorp.com,DataBridge Corp,Paid Search,New,47,,,,2020-05-12T00:00:00
6938,Thomas,Thompson,thomas.thompson6938@cloudscalesystems.com,CloudScale Systems,Inbound - Web,New,21,,,,2024-08-05T00:00:00
6939,Karen,Moore,karen.moore6939@futureforge.com,FutureForge,Event,MQL,93,,,,2023-06-09T00:00:00
6940,Patricia,Johnson,,MetaSync,Paid Search,Nurture,15,,,,2021-11-05T00:00:00
6941,Charles,Jones,charles.jones6941@futureforge.com,FutureForge,Product-Led,Disqualified,19,,,,2023-10-10T00:00:00
6942,David,Martinez,david.martinez6942@scaleupsystems.com,ScaleUp Systems,Partner Referral,Converted,89,253,394,2021-07-31,2021-07-31T00:00:00
6943,Daniel,Hernandez,daniel.hernandez6943@truenorthdata.com,TrueNorth Data,,Working,18,,,,2024-05-08T00:00:00
6944,Michael,Jackson,michael.jackson6944@vertexai.com,VertexAI,Partner Referral,Disqualified,29,,,,2024-12-10T00:00:00
6945,Elizabeth,Anderson,elizabeth.anderson6945@techflowinc.com,TechFlow Inc,Paid Search,Nurture,38,,,,2022-01-15T00:00:00
6946,Mary,Williams,mary.williams6946@scaleupsystems.com,ScaleUp Systems,Social Media,Converted,56,4873,325,2024-02-23,2024-01-24T00:00:00
6947,Nancy,Hernandez,nancy.hernandez6947@corestack.com,CoreStack,Inbound - Web,New,38,,,,2021-05-01T00:00:00
6948,Sarah,Hernandez,sarah.hernandez6948@brightwavetech.com,BrightWave Tech,Inbound - Web,New,31,,,,2023-05-25T00:00:00
6949,William,Garcia,william.garcia6949@vertexai.com,VertexAI,Outbound - Cold,Converted,60,4897,57,2024-08-01,2024-06-25T00:00:00
6950,Mary,Johnson,mary.johnson6950@insightplatforms.com,Insight Platforms,Paid Search,Working,48,,,,2020-05-08T00:00:00
6951,Michael,Moore,michael.moore6951@cybervault.com,CyberVault,Inbound - Web,Converted,98,709,102,2024-04-10,2024-03-11T00:00:00
6952,Susan,Wilson,,BrightWave Tech,Outbound - SDR,SQL,81,,,,2021-06-06T00:00:00
6953,Jessica,Lee,jessica.lee6953@streamlineanalytics.com,StreamLine Analytics,Outbound - Cold,SQL,87,,,,2021-02-10T00:00:00
6954,Jennifer,Moore,jennifer.moore6954@rapidcloud.com,RapidCloud,Social Media,MQL,53,,,,2023-03-13T00:00:00
6955,Karen,Thompson,karen.thompson6955@databridgecorp.com,DataBridge Corp,Paid Search,Disqualified,25,,,,2022-10-21T00:00:00
6956,Elizabeth,Lopez,elizabeth.lopez6956@quantumlogiclabs.com,QuantumLogic Labs,Paid Search,SQL,66,,,,2021-03-18T00:00:00
6957,Joseph,Martin,joseph.martin6957@primepathdigital.com,PrimePath Digital,Inbound - Web,Converted,52,559,392,2024-03-26,2024-01-30T00:00:00
6958,Barbara,Jackson,barbara.jackson6958@innovateco.com,InnovateCo,Paid Search,Converted,99,2838,259,2024-09-28,2024-09-04T00:00:00
6959,Joseph,Johnson,joseph.johnson6959@streamlineanalytics.com,StreamLine Analytics,Inbound - Webinar,Converted,65,4435,512,2023-10-25,2023-10-28T00:00:00
6960,John,Jones,,Agile Dynamics,Inbound - Webinar,New,32,,,,2021-01-30T00:00:00
6961,Richard,Jones,richard.jones6961@agiledynamics.com,Agile Dynamics,Product-Led,Converted,86,958,87,2024-09-09,2024-09-02T00:00:00
6962,Sarah,Williams,sarah.williams6962@quantumlogiclabs.com,QuantumLogic Labs,Outbound - SDR,MQL,94,,,,2023-10-24T00:00:00
6963,Jennifer,Gonzalez,jennifer.gonzalez6963@techflowinc.com,TechFlow Inc,Product-Led,Converted,80,3532,195,2024-10-21,2024-09-26T00:00:00
6964,Charles,Thomas,,ScaleUp Systems,Partner Referral,MQL,-73,,,,2020-02-20T00:00:00
6965,Patricia,Brown,patricia.brown6965@agiledynamics.com,Agile Dynamics,Inbound - Web,Disqualified,11,,,,2022-02-10T00:00:00
6966,Daniel,Martin,,DataBridge Corp,Paid Search,Disqualified,7,,,,2022-10-03T00:00:00
6967,Barbara,Moore,barbara.moore6967@streamlineanalytics.com,StreamLine Analytics,Inbound - Web,MQL,83,,,,2024-02-23T00:00:00
6968,David,Brown,,InnovateCo,Inbound - Web,MQL,90,,,,2024-12-13T00:00:00
6969,Daniel,Jones,daniel.jones6969@metasync.com,MetaSync,Inbound - Webinar,SQL,72,,,,2021-11-08T00:00:00
6970,Karen,Thomas,karen.thomas6970@databridgecorp.com,DataBridge Corp,Event,MQL,82,,,,2022-01-28T00:00:00
6971,Robert,Thomas,robert.thomas6971@brightwavetech.com,BrightWave Tech,Partner Referral,MQL,88,,,,2021-04-17T00:00:00
6972,Nancy,Smith,nancy.smith6972@primepathdigital.com,PrimePath Digital,Inbound - Web,Converted,54,4015,789,2024-09-23,2024-09-29T00:00:00
6973,Richard,Smith,richard.smith6973@innovateco.com,InnovateCo,Outbound - Cold,New,12,,,,2023-08-26T00:00:00
6974,Linda,Garcia,linda.garcia6974@quantumlogiclabs.com,QuantumLogic Labs,Social Media,Converted,97,2867,194,2024-10-19,2024-10-14T00:00:00
6975,William,Davis,william.davis6975@futureforge.com,FutureForge,Event,New,51,,,,2023-09-06T00:00:00
6976,Linda,Martinez,linda.martinez6976@databridgecorp.com,DataBridge Corp,Product-Led,SQL,60,,,,2022-02-22T00:00:00
6977,Lisa,Jones,lisa.jones6977@metasync.com,MetaSync,Inbound - Web,Converted,69,884,812,2023-03-26,2023-01-11T00:00:00
6978,Robert,Williams,robert.williams6978@futureforge.com,FutureForge,Inbound - Web,Converted,95,1728,738,2024-12-17,2024-10-30T00:00:00
6979,Elizabeth,Williams,elizabeth.williams6979@cloudscalesystems.com,CloudScale Systems,Inbound - Webinar,MQL,61,,,,2022-06-28T00:00:00
6980,Lisa,Hernandez,lisa.hernandez6980@databridgecorp.com,DataBridge Corp,Inbound - Web,SQL,65,,,,2022-04-06T00:00:00
6981,Sarah,Hernandez,sarah.hernandez6981@techflowinc.com,TechFlow Inc,Event,Nurture,16,,,,2021-05-20T00:00:00
6982,William,Lopez,william.lopez6982@brightwavetech.com,BrightWave Tech,Outbound - Cold,MQL,57,,,,2022-01-31T00:00:00
6983,Joseph,Taylor,joseph.taylor6983@primepathdigital.com,PrimePath Digital,Outbound - Cold,MQL,90,,,,2023-03-05T00:00:00
6984,Richard,Hernandez,richard.hernandez6984@primepathdigital.com,PrimePath Digital,Outbound - Cold,New,56,,,,2023-12-02T00:00:00
6985,Jennifer,Martin,jennifer.martin6985@futureforge.com,FutureForge,Partner Referral,Nurture,14,,,,2021-06-27T00:00:00
6986,Daniel,Hernandez,daniel.hernandez6986@insightplatforms.com,Insight Platforms,Product-Led,SQL,58,,,,2020-02-24T00:00:00
6987,Daniel,Thomas,daniel.thomas,QuantumLogic Labs,Outbound - SDR,MQL,68,,,,2020-09-06T00:00:00
6988,Susan,Lee,susan.lee6988@primepathdigital.com,PrimePath Digital,Event,Working,14,,,,2021-04-13T00:00:00
6989,Lisa,Miller,lisa.miller6989@innovateco.com,InnovateCo,Inbound - Content,Nurture,26,,,,2021-10-23T00:00:00
6990,Joseph,Jones,joseph.jones6990@agiledynamics.com,Agile Dynamics,Partner Referral,Nurture,40,,,,2020-10-28T00:00:00
6991,Jessica,Martinez,jessica.martinez6991@metasync.com,MetaSync,Event,Nurture,44,,,,2021-12-25T00:00:00
6992,Linda,Garcia,linda.garcia6992@insightplatforms.com,Insight Platforms,Social Media,Disqualified,15,,,,2020-12-26T00:00:00
6993,Daniel,Anderson,daniel.anderson6993@agiledynamics.com,Agile Dynamics,Event,Nurture,17,,,,2022-08-16T00:00:00
6994,Patricia,Moore,,RapidCloud,Inbound - Content,Converted,93,668,593,2024-01-04,2023-11-07T00:00:00
6995,Richard,Williams,richard.williams6995@insightplatforms.com,Insight Platforms,Event,Working,23,,,,2020-10-10T00:00:00
6996,David,Martin,david.martin6996@primepathdigital.com,PrimePath Digital,Outbound - SDR,Working,50,,,,2023-04-24T00:00:00
6997,Sarah,Martinez,sarah.martinez6997@quantumlogiclabs.com,QuantumLogic Labs,Inbound - Webinar,New,31,,,,2023-10-05T00:00:00
6998,Lisa,Martinez,lisa.martinez6998@cloudscalesystems.com,CloudScale Systems,Outbound - Cold,MQL,94,,,,2022-08-05T00:00:00
6999,Robert,Martinez,robert.martinez6999@scaleupsystems.com,ScaleUp Systems,Social Media,Converted,71,2760,929,2024-11-12,2024-09-12T00:00:00
7000,Thomas,Lee,thomas.lee7000@cybervault.com,CyberVault,Inbound - Webinar,Converted,75,3653,157,2024-09-08,2024-06-12T00:00:00
7001,Sarah,Brown,sarah.brown7001@techflowinc.com,TechFlow Inc,Social Media,New,43,,,,2024-06-28T00:00:00
7002,Linda,Lopez,linda.lopez7002@primepathdigital.com,PrimePath Digital,Inbound - Webinar,Disqualified,15,,,,2024-02-27T00:00:00
7003,Linda,Thomas,linda.thomas7003@primepathdigital.com,PrimePath Digital,Inbound - Web,Nurture,53,,,,2020-03-25T00:00:00
7004,Barbara,Jackson,barbara.jackson,ScaleUp Systems,Inbound - Content,Converted,98,3783,191,2021-02-06,2020-11-19T00:00:00
7005,Christopher,Anderson,christopher.anderson7005@primepathdigital.com,PrimePath Digital,Paid Search,Working,16,,,,2024-11-26T00:00:00
7006,Elizabeth,Williams,elizabeth.williams7006@vertexai.com,VertexAI,Inbound - Content,Disqualified,17,,,,2021-03-28T00:00:00
7007,Joseph,Anderson,joseph.anderson7007@futureforge.com,FutureForge,Inbound - Content,Working,22,,,,2022-04-18T00:00:00
7008,Nancy,Lee,nancy.lee7008@cloudscalesystems.com,CloudScale Systems,Inbound - Webinar,Converted,67,451,500,2024-12-10,2024-09-18T00:00:00
7009,Patricia,Hernandez,patricia.hernandez7009@corestack.com,CoreStack,Inbound - Content,MQL,66,,,,2023-11-08T00:00:00
7010,Barbara,Lopez,barbara.lopez7010@rapidcloud.com,RapidCloud,Paid Search,New,36,,,,2022-10-19T00:00:00
7011,Patricia,Wilson,patricia.wilson7011@databridgecorp.com,DataBridge Corp,Partner Referral,New,70,,,,2022-05-10T00:00:00
7012,Linda,Taylor,linda.taylor7012@rapidcloud.com,RapidCloud,Product-Led,Converted,86,2201,446,2022-08-29,2022-06-19T00:00:00
7013,Thomas,Rodriguez,thomas.rodriguez7013@nexgensolutions.com,NexGen Solutions,Inbound - Web,Disqualified,26,,,,2021-01-31T00:00:00
7014,Linda,Martin,linda.martin7014@techflowinc.com,TechFlow Inc,Inbound - Web,Disqualified,29,,,,2021-11-04T00:00:00
7015,Michael,Wilson,michael.wilson7015@vertexai.com,VertexAI,,MQL,78,,,,2024-07-17T00:00:00
7016,Sarah,Gonzalez,sarah.gonzalez7016@futureforge.com,FutureForge,Inbound - Webinar,New,15,,,,2020-08-26T00:00:00
7017,Jennifer,Anderson,jennifer.anderson7017@scaleupsystems.com,ScaleUp Systems,Paid Search,Converted,67,978,664,2024-03-04,2023-12-22T00:00:00
7018,Joseph,Thomas,joseph.thomas,CloudScale Systems,Paid Search,MQL,66,,,,2021-01-02T00:00:00
7019,Christopher,Smith,christopher.smith7019@futureforge.com,FutureForge,Product-Led,Nurture,25,,,,2020-10-17T00:00:00
7020,James,Brown,james.brown7020@scaleupsystems.com,ScaleUp Systems,Inbound - Webinar,Working,68,,,,2022-08-05T00:00:00
7021,Daniel,Thompson,daniel.thompson7021@brightwavetech.com,BrightWave Tech,Outbound - Cold,SQL,55,,,,2024-06-10T00:00:00
7022,Daniel,Martin,,NexGen Solutions,Inbound - Content,Working,50,,,,2020-03-14T00:00:00
7023,Robert,Garcia,robert.garcia7023@vertexai.com,VertexAI,Partner Referral,MQL,58,,,,2020-10-14T00:00:00
7024,John,Johnson,,CyberVault,Outbound - SDR,Nurture,21,,,,2020-12-10T00:00:00
7025,Jessica,Anderson,jessica.anderson7025@futureforge.com,FutureForge,Outbound - SDR,Nurture,56,,,,2024-02-18T00:00:00
7026,Joseph,Thomas,joseph.thomas7026@databridgecorp.com,DataBridge Corp,Inbound - Webinar,Converted,61,129,163,2024-02-26,2023-12-31T00:00:00
7027,David,Lee,david.lee7027@pulsepointdigital.com,PulsePoint Digital,Inbound - Webinar,New,10,,,,2024-09-18T00:00:00
7028,Richard,Jones,,DataBridge Corp,Outbound - SDR,Nurture,55,,,,2022-11-21T00:00:00
7029,Karen,Martinez,karen.martinez7029@innovateco.com,InnovateCo,Inbound - Webinar,New,14,,,,2024-11-22T00:00:00
7030,Jennifer,Williams,jennifer.williams7030@pulsepointdigital.com,PulsePoint Digital,Inbound - Content,New,44,,,,2020-03-30T00:00:00
7031,Thomas,Brown,thomas.brown7031@metasync.com,MetaSync,Paid Search,Converted,58,420,918,2024-04-02,2024-01-11T00:00:00
7032,Lisa,Johnson,lisa.johnson7032@streamlineanalytics.com,StreamLine Analytics,,New,15,,,,2024-08-03T00:00:00
7033,Jennifer,Moore,jennifer.moore7033@metasync.com,MetaSync,Paid Search,Disqualified,-17,,,,2022-08-29T00:00:00
7034,Nancy,Martin,nancy.martin7034@truenorthdata.com,TrueNorth Data,Inbound - Content,SQL,84,,,,2022-09-25T00:00:00
7035,Jennifer,Martinez,jennifer.martinez7035@rapidcloud.com,RapidCloud,Inbound - Webinar,SQL,62,,,,2020-05-21T00:00:00
7036,Thomas,Martin,thomas.martin7036@databridgecorp.com,DataBridge Corp,Product-Led,New,10,,,,2024-07-21T00:00:00
7037,Richard,Gonzalez,richard.gonzalez7037@primepathdigital.com,PrimePath Digital,,Nurture,38,,,,2021-04-22T00:00:00
7038,James,Moore,james.moore7038@corestack.com,CoreStack,Inbound - Web,Nurture,68,,,,2021-06-21T00:00:00
7039,Joseph,Lopez,joseph.lopez7039@rapidcloud.com,RapidCloud,Inbound - Webinar,Working,59,,,,2020-04-29T00:00:00
7040,Sarah,Moore,sarah.moore7040@primepathdigital.com,PrimePath Digital,Outbound - SDR,Working,64,,,,2024-07-24T00:00:00
7041,James,Thomas,james.thomas7041@brightwavetech.com,BrightWave Tech,Inbound - Web,SQL,70,,,,2023-09-27T00:00:00
7042,Jessica,Thompson,jessica.thompson7042@primepathdigital.com,PrimePath Digital,Inbound - Webinar,Working,53,,,,2020-10-06T00:00:00
7043,Karen,Lopez,karen.lopez7043@scaleupsystems.com,ScaleUp Systems,Outbound - SDR,Working,23,,,,2023-02-04T00:00:00
7044,Linda,Miller,linda.miller7044@innovateco.com,InnovateCo,Inbound - Webinar,SQL,71,,,,2024-12-19T00:00:00
7045,Patricia,Martinez,patricia.martinez7045@futureforge.com,FutureForge,Outbound - SDR,New,47,,,,2023-05-28T00:00:00
7046,Barbara,Hernandez,barbara.hernandez7046@corestack.com,CoreStack,Partner Referral,Converted,53,4308,79,2023-08-08,2023-05-20T00:00:00
7047,Karen,Jackson,karen.jackson7047@insightplatforms.com,Insight Platforms,Product-Led,SQL,62,,,,2021-09-05T00:00:00
7048,David,Davis,david.davis7048@cybervault.com,CyberVault,Outbound - SDR,New,36,,,,2022-03-22T00:00:00
7049,Sarah,Thompson,sarah.thompson7049@techflowinc.com,TechFlow Inc,Social Media,SQL,87,,,,2021-04-23T00:00:00
7050,William,Martinez,william.martinez7050@insightplatforms.com,Insight Platforms,Inbound - Web,SQL,84,,,,2021-02-15T00:00:00
7051,Lisa,Garcia,lisa.garcia7051@agiledynamics.com,Agile Dynamics,Inbound - Webinar,New,18,,,,2022-07-09T00:00:00
7052,William,Williams,william.williams7052@streamlineanalytics.com,StreamLine Analytics,Inbound - Content,MQL,64,,,,2024-08-21T00:00:00
7053,Christopher,Thomas,christopher.thomas7053@quantumlogiclabs.com,QuantumLogic Labs,Outbound - SDR,MQL,90,,,,2021-10-03T00:00:00
7054,Richard,Rodriguez,richard.rodriguez7054@metasync.com,MetaSync,Paid Search,SQL,54,,,,2022-03-09T00:00:00
7055,Elizabeth,Williams,elizabeth.williams,FutureForge,Paid Search,MQL,85,,,,2024-02-02T00:00:00
7056,Jessica,Anderson,,StreamLine Analytics,Social Media,MQL,80,,,,2024-12-29T00:00:00
7057,Christopher,Taylor,christopher.taylor7057@vertexai.com,VertexAI,Partner Referral,Disqualified,19,,,,2020-02-08T00:00:00
7058,Joseph,Rodriguez,,QuantumLogic Labs,Inbound - Web,SQL,96,,,,2023-06-21T00:00:00
7059,William,Davis,william.davis7059@rapidcloud.com,RapidCloud,Product-Led,Converted,97,4793,663,2024-04-26,2024-04-01T00:00:00
7060,Joseph,Moore,joseph.moore7060@metasync.com,MetaSync,Inbound - Webinar,Converted,93,187,523,2024-10-29,2024-10-29T00:00:00
7061,Barbara,Jackson,barbara.jackson7061@vertexai.com,VertexAI,Inbound - Content,New,41,,,,2020-04-29T00:00:00
7062,Robert,Rodriguez,robert.rodriguez7062@vertexai.com,VertexAI,Outbound - Cold,Working,36,,,,2022-02-05T00:00:00
7063,John,Martinez,john.martinez7063@nexgensolutions.com,NexGen Solutions,Social Media,Working,42,,,,2022-11-09T00:00:00
7064,John,Thomas,john.thomas7064@quantumlogiclabs.com,QuantumLogic Labs,Inbound - Webinar,Disqualified,15,,,,2020-09-06T00:00:00
7065,Barbara,Lopez,barbara.lopez7065@metasync.com,MetaSync,,Nurture,63,,,,2023-05-26T00:00:00
7066,Mary,Moore,mary.moore7066@techflowinc.com,TechFlow Inc,Inbound - Web,MQL,53,,,,2023-02-08T00:00:00
7067,Robert,Smith,robert.smith7067@primepathdigital.com,PrimePath Digital,Social Media,MQL,92,,,,2022-04-17T00:00:00
7068,Robert,Rodriguez,robert.rodriguez7068@databridgecorp.com,DataBridge Corp,Inbound - Webinar,Converted,73,1078,610,2024-06-24,2024-06-05T00:00:00
7069,Joseph,Hernandez,joseph.hernandez7069@databridgecorp.com,DataBridge Corp,Partner Referral,Disqualified,11,,,,2023-09-04T00:00:00
7070,Sarah,Williams,sarah.williams7070@innovateco.com,InnovateCo,Inbound - Content,Disqualified,4,,,,2024-09-05T00:00:00
7071,Sarah,Martin,sarah.martin7071@streamlineanalytics.com,StreamLine Analytics,Product-Led,MQL,50,,,,2023-04-02T00:00:00
7072,Susan,Lopez,susan.lopez7072@innovateco.com,InnovateCo,Inbound - Content,SQL,85,,,,2022-04-20T00:00:00
7073,Jennifer,Thomas,jennifer.thomas7073@quantumlogiclabs.com,QuantumLogic Labs,Event,Nurture,60,,,,2023-09-08T00:00:00
7074,Linda,Taylor,linda.taylor7074@agiledynamics.com,Agile Dynamics,Outbound - SDR,New,21,,,,2023-10-23T00:00:00
7075,Susan,Jones,susan.jones7075@streamlineanalytics.com,StreamLine Analytics,Inbound - Web,MQL,54,,,,2022-06-29T00:00:00
7076,James,Williams,james.williams7076@rapidcloud.com,RapidCloud,Outbound - SDR,Nurture,43,,,,2024-06-14T00:00:00
7077,Susan,Lopez,susan.lopez7077@streamlineanalytics.com,StreamLine Analytics,Outbound - SDR,Disqualified,7,,,,2022-10-25T00:00:00
7078,Patricia,Wilson,patricia.wilson7078@scaleupsystems.com,ScaleUp Systems,Inbound - Webinar,Working,41,,,,2023-12-08T00:00:00
7079,Barbara,Lopez,barbara.lopez7079@truenorthdata.com,TrueNorth Data,Inbound - Webinar,Working,55,,,,2022-12-28T00:00:00
7080,Jennifer,Williams,jennifer.williams7080@quantumlogiclabs.com,QuantumLogic Labs,Partner Referral,Converted,91,3083,397,2021-02-21,2021-01-04T00:00:00
7081,Lisa,Davis,,PrimePath Digital,Paid Search,Converted,66,2129,1,2024-04-20,2024-03-17T00:00:00
7082,Barbara,Williams,,MetaSync,Outbound - SDR,Disqualified,7,,,,2021-04-30T00:00:00
7083,Daniel,Thompson,daniel.thompson7083@truenorthdata.com,TrueNorth Data,Paid Search,New,60,,,,2023-12-13T00:00:00
7084,Elizabeth,Garcia,elizabeth.garcia7084@databridgecorp.com,DataBridge Corp,Outbound - SDR,Working,14,,,,2023-10-17T00:00:00
7085,Patricia,Jackson,patricia.jackson7085@quantumlogiclabs.com,QuantumLogic Labs,Inbound - Content,MQL,87,,,,2020-05-16T00:00:00
7086,Lisa,Brown,lisa.brown7086@scaleupsystems.com,ScaleUp Systems,Inbound - Web,MQL,50,,,,2022-09-16T00:00:00
7087,Daniel,Wilson,,CyberVault,Inbound - Web,Converted,85,2028,190,2022-09-23,2022-08-30T00:00:00
7088,Sarah,Martinez,sarah.martinez7088@corestack.com,CoreStack,Outbound - Cold,SQL,76,,,,2021-05-07T00:00:00
7089,Christopher,Thompson,christopher.thompson7089@cybervault.com,CyberVault,Inbound - Webinar,Nurture,36,,,,2024-01-07T00:00:00
7090,Robert,Anderson,robert.anderson7090@nexgensolutions.com,NexGen Solutions,Inbound - Webinar,Converted,72,1272,214,2022-04-14,2022-02-10T00:00:00
7091,Patricia,Davis,,PrimePath Digital,Outbound - Cold,Disqualified,12,,,,2023-06-21T00:00:00
7092,Joseph,Rodriguez,joseph.rodriguez7092@primepathdigital.com,PrimePath Digital,Inbound - Web,Converted,100,3078,220,2024-08-14,2024-08-01T00:00:00
7093,William,Thomas,william.thomas7093@scaleupsystems.com,ScaleUp Systems,Social Media,SQL,51,,,,2021-10-19T00:00:00
7094,Joseph,Thompson,joseph.thompson7094@primepathdigital.com,PrimePath Digital,Partner Referral,Disqualified,8,,,,2020-10-27T00:00:00
7095,Charles,Taylor,charles.taylor7095@truenorthdata.com,TrueNorth Data,Inbound - Content,MQL,96,,,,2021-12-20T00:00:00
7096,Christopher,Anderson,christopher.anderson7096@vertexai.com,VertexAI,Outbound - Cold,MQL,53,,,,2021-08-19T00:00:00
7097,Susan,Hernandez,susan.hernandez7097@brightwavetech.com,BrightWave Tech,Social Media,New,14,,,,2021-06-20T00:00:00
7098,Jessica,Thomas,jessica.thomas7098@rapidcloud.com,RapidCloud,Paid Search,SQL,51,,,,2020-12-01T00:00:00
7099,Lisa,Lopez,lisa.lopez7099@cloudscalesystems.com,CloudScale Systems,Partner Referral,Converted,86,1203,309,2024-02-18,2024-02-11T00:00:00
7100,John,Thomas,john.thomas7100@quantumlogiclabs.com,QuantumLogic Labs,Inbound - Web,Disqualified,9,,,,2024-10-26T00:00:00
7101,Jessica,Brown,jessica.brown7101@vertexai.com,VertexAI,Outbound - Cold,Working,37,,,,2024-06-17T00:00:00
7102,Linda,Jones,linda.jones7102@nexgensolutions.com,NexGen Solutions,Partner Referral,Converted,51,4345,747,2023-12-15,2023-10-24T00:00:00
7103,Sarah,Jackson,sarah.jackson7103@scaleupsystems.com,ScaleUp Systems,Outbound - Cold,MQL,69,,,,2024-06-27T00:00:00
7104,Jennifer,Hernandez,jennifer.hernandez7104@streamlineanalytics.com,StreamLine Analytics,Paid Search,MQL,72,,,,2021-08-14T00:00:00
7105,Barbara,Lee,barbara.lee7105@innovateco.com,InnovateCo,Event,Converted,92,2444,187,2024-10-10,2024-08-05T00:00:00
7106,Nancy,Thomas,nancy.thomas7106@corestack.com,CoreStack,Paid Search,Working,63,,,,2020-01-16T00:00:00
7107,James,Garcia,james.garcia7107@nexgensolutions.com,NexGen Solutions,Product-Led,Converted,83,4305,232,2024-12-05,2024-09-20T00:00:00
7108,William,Thomas,william.thomas7108@vertexai.com,VertexAI,Partner Referral,Converted,59,4691,381,2024-06-27,2024-04-12T00:00:00
7109,Jessica,Davis,jessica.davis7109@vertexai.com,VertexAI,Inbound - Web,MQL,53,,,,2021-07-08T00:00:00
7110,Linda,Rodriguez,linda.rodriguez7110@vertexai.com,VertexAI,Outbound - Cold,Working,19,,,,2022-04-08T00:00:00
7111,Karen,Thomas,karen.thomas7111@truenorthdata.com,TrueNorth Data,Paid Search,MQL,60,,,,2024-12-04T00:00:00
7112,Robert,Garcia,robert.garcia7112@scaleupsystems.com,ScaleUp Systems,Social Media,Working,15,,,,2024-10-14T00:00:00
7113,Thomas,Lopez,thomas.lopez7113@insightplatforms.com,Insight Platforms,,Converted,73,1617,664,2024-12-23,2024-10-08T00:00:00
7114,Jessica,Garcia,jessica.garcia7114@rapidcloud.com,RapidCloud,Event,Disqualified,30,,,,2022-10-05T00:00:00
7115,Mary,Rodriguez,mary.rodriguez7115@quantumlogiclabs.com,QuantumLogic Labs,Inbound - Webinar,New,11,,,,2022-01-15T00:00:00
7116,Richard,Garcia,richard.garcia7116@metasync.com,MetaSync,Partner Referral,Converted,75,2045,825,2024-10-25,2024-08-13T00:00:00
7117,Lisa,Thompson,lisa.thompson7117@nexgensolutions.com,NexGen Solutions,Event,Converted,89,2514,707,2024-09-11,2024-08-29T00:00:00
7118,Elizabeth,Thompson,elizabeth.thompson7118@futureforge.com,FutureForge,,Working,29,,,,2020-04-24T00:00:00
7119,Sarah,Williams,sarah.williams7119@agiledynamics.com,Agile Dynamics,Inbound - Web,Disqualified,1,,,,2024-06-29T00:00:00
7120,Mary,Jones,mary.jones7120@quantumlogiclabs.com,QuantumLogic Labs,Outbound - SDR,Working,52,,,,2023-01-21T00:00:00
7121,Joseph,Gonzalez,joseph.gonzalez7121@nexgensolutions.com,NexGen Solutions,Outbound - SDR,Working,24,,,,2020-10-18T00:00:00
7122,John,Lee,john.lee7122@scaleupsystems.com,ScaleUp Systems,Event,MQL,90,,,,2022-07-26T00:00:00
7123,Linda,Martinez,linda.martinez7123@techflowinc.com,TechFlow Inc,Event,Disqualified,5,,,,2021-09-04T00:00:00
7124,Joseph,Wilson,joseph.wilson7124@nexgensolutions.com,NexGen Solutions,Outbound - SDR,Working,18,,,,2023-03-27T00:00:00
7125,Jennifer,Hernandez,jennifer.hernandez7125@techflowinc.com,TechFlow Inc,Paid Search,New,55,,,,2023-05-13T00:00:00
7126,Christopher,Davis,christopher.davis7126@brightwavetech.com,BrightWave Tech,Paid Search,Converted,80,3519,308,2024-12-02,2024-11-22T00:00:00
7127,Nancy,Gonzalez,nancy.gonzalez7127@agiledynamics.com,Agile Dynamics,Inbound - Web,MQL,65,,,,2024-01-20T00:00:00
7128,Thomas,Moore,,PrimePath Digital,Outbound - SDR,Converted,78,940,124,2024-10-12,2024-10-13T00:00:00
7129,Christopher,Martinez,christopher.martinez7129@pulsepointdigital.com,PulsePoint Digital,Paid Search,Nurture,51,,,,2021-03-03T00:00:00
7130,Charles,Davis,charles.davis7130@cybervault.com,CyberVault,Event,SQL,59,,,,2023-09-27T00:00:00
7131,Nancy,Wilson,nancy.wilson7131@quantumlogiclabs.com,QuantumLogic Labs,Paid Search,Converted,75,4535,931,2024-05-27,2024-06-01T00:00:00
7132,Robert,Lee,robert.lee7132@cloudscalesystems.com,CloudScale Systems,Outbound - SDR,Working,32,,,,2023-02-13T00:00:00
7133,Christopher,Thompson,christopher.thompson7133@primepathdigital.com,PrimePath Digital,Product-Led,Working,58,,,,2020-09-26T00:00:00
7134,Robert,Garcia,robert.garcia7134@innovateco.com,InnovateCo,Social Media,Working,14,,,,2021-06-19T00:00:00
7135,John,Martin,john.martin7135@brightwavetech.com,BrightWave Tech,Product-Led,Converted,53,1599,862,2021-03-15,2021-01-11T00:00:00
7136,Sarah,Jackson,sarah.jackson7136@brightwavetech.com,BrightWave Tech,Event,Converted,63,2450,655,2024-11-26,2024-11-06T00:00:00
7137,Barbara,Moore,barbara.moore7137@cybervault.com,CyberVault,Inbound - Content,Disqualified,7,,,,2023-01-16T00:00:00
7138,Lisa,Jones,lisa.jones7138@primepathdigital.com,PrimePath Digital,Event,Converted,89,963,958,2023-10-05,2023-09-10T00:00:00
7139,James,Hernandez,james.hernandez7139@databridgecorp.com,DataBridge Corp,Partner Referral,Converted,84,3714,791,2024-12-10,2024-11-09T00:00:00
7140,Charles,Martin,charles.martin,ScaleUp Systems,Partner Referral,SQL,77,,,,2020-01-03T00:00:00
7141,Nancy,Brown,nancy.brown7141@techflowinc.com,TechFlow Inc,Inbound - Web,Disqualified,11,,,,2021-03-22T00:00:00
7142,James,Lopez,james.lopez,InnovateCo,Partner Referral,Disqualified,14,,,,2021-07-10T00:00:00
7143,Barbara,Rodriguez,barbara.rodriguez7143@nexgensolutions.com,NexGen Solutions,Inbound - Webinar,SQL,95,,,,2022-02-28T00:00:00
7144,Robert,Wilson,robert.wilson7144@innovateco.com,InnovateCo,Outbound - Cold,Nurture,65,,,,2024-04-15T00:00:00
7145,Susan,Lee,susan.lee7145@databridgecorp.com,DataBridge Corp,Outbound - SDR,MQL,89,,,,2024-07-16T00:00:00
7146,John,Anderson,john.anderson7146@pulsepointdigital.com,PulsePoint Digital,Outbound - Cold,Disqualified,-5,,,,2023-06-08T00:00:00
7147,Daniel,Wilson,daniel.wilson7147@futureforge.com,FutureForge,Outbound - Cold,Nurture,49,,,,2024-05-30T00:00:00
7148,Michael,Martinez,michael.martinez7148@insightplatforms.com,Insight Platforms,Inbound - Webinar,Nurture,13,,,,2020-08-10T00:00:00
7149,Robert,Moore,robert.moore7149@databridgecorp.com,DataBridge Corp,Outbound - Cold,SQL,74,,,,2024-08-25T00:00:00
7150,Barbara,Brown,barbara.brown7150@innovateco.com,InnovateCo,Inbound - Content,Converted,72,366,127,2024-12-11,2024-10-16T00:00:00
7151,Linda,Smith,linda.smith7151@insightplatforms.com,Insight Platforms,Inbound - Web,MQL,64,,,,2023-06-07T00:00:00
7152,Jennifer,Davis,,MetaSync,Inbound - Content,Converted,51,4963,101,2024-09-04,2024-07-24T00:00:00
7153,Jessica,Martin,jessica.martin7153@scaleupsystems.com,ScaleUp Systems,Inbound - Web,SQL,79,,,,2024-02-22T00:00:00
7154,Daniel,Thomas,daniel.thomas7154@futureforge.com,FutureForge,Event,New,40,,,,2020-03-27T00:00:00
7155,Jennifer,Thomas,jennifer.thomas7155@databridgecorp.com,DataBridge Corp,Event,Disqualified,23,,,,2020-03-20T00:00:00
7156,Patricia,Anderson,,CloudScale Systems,Inbound - Web,Working,62,,,,2023-09-28T00:00:00
7157,Michael,Lee,michael.lee7157@innovateco.com,InnovateCo,Inbound - Webinar,SQL,95,,,,2020-05-24T00:00:00
7158,Christopher,Davis,christopher.davis7158@quantumlogiclabs.com,QuantumLogic Labs,Product-Led,Working,10,,,,2022-01-13T00:00:00
7159,Linda,Gonzalez,linda.gonzalez7159@scaleupsystems.com,ScaleUp Systems,Product-Led,New,19,,,,2023-05-22T00:00:00
7160,Christopher,Hernandez,christopher.hernandez7160@streamlineanalytics.com,StreamLine Analytics,Inbound - Content,Disqualified,1,,,,2023-04-07T00:00:00
7161,Linda,Moore,linda.moore7161@rapidcloud.com,RapidCloud,Inbound - Webinar,Disqualified,16,,,,2020-01-07T00:00:00
7162,Michael,Jones,michael.jones7162@scaleupsystems.com,ScaleUp Systems,Event,Converted,70,4309,323,2024-11-30,2024-09-30T00:00:00
7163,Linda,Taylor,linda.taylor7163@primepathdigital.com,PrimePath Digital,Partner Referral,Converted,68,1052,233,2024-06-04,2024-03-15T00:00:00
7164,Lisa,Martin,lisa.martin7164@scaleupsystems.com,ScaleUp Systems,Product-Led,Converted,63,2497,980,2024-10-31,2024-09-07T00:00:00
7165,Patricia,Jones,patricia.jones7165@streamlineanalytics.com,StreamLine Analytics,Inbound - Content,Disqualified,9,,,,2022-11-13T00:00:00
7166,Jennifer,Gonzalez,jennifer.gonzalez7166@innovateco.com,InnovateCo,Inbound - Web,Working,18,,,,2022-09-18T00:00:00
7167,Christopher,Taylor,christopher.taylor7167@nexgensolutions.com,NexGen Solutions,Outbound - SDR,Converted,80,972,34,2022-05-10,2022-03-17T00:00:00
7168,Joseph,Miller,joseph.miller7168@futureforge.com,FutureForge,Inbound - Web,New,62,,,,2024-12-30T00:00:00
7169,Michael,Rodriguez,michael.rodriguez7169@nexgensolutions.com,NexGen Solutions,Outbound - Cold,MQL,63,,,,2021-12-24T00:00:00
7170,Jennifer,Brown,jennifer.brown7170@rapidcloud.com,RapidCloud,Outbound - Cold,SQL,98,,,,2022-12-09T00:00:00
7171,Jennifer,Moore,jennifer.moore7171@quantumlogiclabs.com,QuantumLogic Labs,Event,MQL,74,,,,2022-08-01T00:00:00
7172,Joseph,Martin,joseph.martin7172@truenorthdata.com,TrueNorth Data,Outbound - Cold,Working,70,,,,2020-02-29T00:00:00
7173,Jennifer,Brown,jennifer.brown7173@truenorthdata.com,TrueNorth Data,Inbound - Webinar,Working,60,,,,2020-11-05T00:00:00
7174,Joseph,Taylor,joseph.taylor7174@databridgecorp.com,DataBridge Corp,Event,Converted,59,386,553,2023-12-05,2023-11-18T00:00:00
7175,Jennifer,Anderson,jennifer.anderson7175@quantumlogiclabs.com,QuantumLogic Labs,Event,Converted,-87,2031,468,2023-12-21,2023-11-21T00:00:00
7176,Mary,Anderson,mary.anderson7176@vertexai.com,VertexAI,Inbound - Content,Converted,95,2067,788,2024-11-06,2024-08-26T00:00:00
7177,David,Lopez,david.lopez7177@cloudscalesystems.com,CloudScale Systems,Inbound - Web,New,48,,,,2024-09-16T00:00:00
7178,Thomas,Taylor,thomas.taylor7178@futureforge.com,FutureForge,Inbound - Web,Converted,-60,4201,912,2024-11-29,2024-10-05T00:00:00
7179,Nancy,Anderson,nancy.anderson7179@databridgecorp.com,DataBridge Corp,Social Media,Disqualified,16,,,,2020-08-16T00:00:00
7180,Susan,Miller,susan.miller7180@truenorthdata.com,TrueNorth Data,,Disqualified,9,,,,2022-06-25T00:00:00
7181,Robert,Taylor,robert.taylor7181@truenorthdata.com,TrueNorth Data,Outbound - Cold,Disqualified,15,,,,2022-08-07T00:00:00
7182,Lisa,Smith,lisa.smith7182@pulsepointdigital.com,PulsePoint Digital,Outbound - SDR,Working,54,,,,2021-02-21T00:00:00
7183,Jennifer,Taylor,jennifer.taylor7183@metasync.com,MetaSync,Social Media,MQL,50,,,,2023-05-12T00:00:00
7184,David,Gonzalez,,FutureForge,Social Media,Nurture,34,,,,2022-12-22T00:00:00
7185,James,Gonzalez,james.gonzalez7185@innovateco.com,InnovateCo,Product-Led,MQL,68,,,,2021-12-10T00:00:00
7186,Karen,Hernandez,karen.hernandez,BrightWave Tech,Inbound - Web,SQL,50,,,,2023-04-25T00:00:00
7187,Susan,Thompson,susan.thompson,Agile Dynamics,Paid Search,Working,64,,,,2020-11-24T00:00:00
7188,Jennifer,Jones,jennifer.jones7188@metasync.com,MetaSync,,Disqualified,27,,,,2024-06-19T00:00:00
7189,David,Lee,david.lee7189@futureforge.com,FutureForge,Inbound - Webinar,Nurture,55,,,,2024-12-03T00:00:00
7190,Richard,Jackson,richard.jackson7190@agiledynamics.com,Agile Dynamics,Inbound - Webinar,Converted,87,3416,994,2024-08-31,2024-06-19T00:00:00
7191,Nancy,Lopez,nancy.lopez7191@pulsepointdigital.com,PulsePoint Digital,Product-Led,MQL,70,,,,2023-11-25T00:00:00
7192,Susan,Hernandez,susan.hernandez7192@quantumlogiclabs.com,QuantumLogic Labs,Event,Converted,82,2395,890,2023-11-10,2023-10-21T00:00:00
7193,William,Hernandez,william.hernandez7193@databridgecorp.com,DataBridge Corp,Inbound - Web,Disqualified,26,,,,2022-05-28T00:00:00
7194,David,Wilson,david.wilson7194@scaleupsystems.com,ScaleUp Systems,Social Media,Working,67,,,,2024-10-21T00:00:00
7195,Mary,Gonzalez,mary.gonzalez7195@futureforge.com,FutureForge,Partner Referral,MQL,74,,,,2020-12-16T00:00:00
7196,Barbara,Miller,barbara.miller7196@truenorthdata.com,TrueNorth Data,Product-Led,SQL,84,,,,2024-02-05T00:00:00
7197,Barbara,Jackson,barbara.jackson7197@scaleupsystems.com,ScaleUp Systems,Inbound - Webinar,SQL,83,,,,2024-02-29T00:00:00
7198,Daniel,Jones,daniel.jones7198@scaleupsystems.com,ScaleUp Systems,Product-Led,Nurture,25,,,,2021-01-12T00:00:00
7199,John,Williams,john.williams7199@vertexai.com,VertexAI,Outbound - SDR,Converted,76,61,294,2024-03-17,2024-01-06T00:00:00
7200,Barbara,Martin,barbara.martin7200@brightwavetech.com,BrightWave Tech,Inbound - Web,MQL,91,,,,2022-11-18T00:00:00
7201,Richard,Smith,richard.smith7201@techflowinc.com,TechFlow Inc,Outbound - SDR,MQL,90,,,,2021-03-18T00:00:00
7202,James,Davis,james.davis7202@insightplatforms.com,Insight Platforms,Social Media,Disqualified,21,,,,2024-02-21T00:00:00
7203,Daniel,Gonzalez,daniel.gonzalez7203@databridgecorp.com,DataBridge Corp,Outbound - SDR,Working,34,,,,2020-02-06T00:00:00
7204,David,Wilson,david.wilson7204@databridgecorp.com,DataBridge Corp,Inbound - Webinar,SQL,73,,,,2024-10-22T00:00:00
7205,Linda,Martinez,linda.martinez7205@metasync.com,MetaSync,Partner Referral,SQL,76,,,,2022-11-10T00:00:00
7206,Thomas,Thompson,thomas.thompson7206@databridgecorp.com,DataBridge Corp,Product-Led,New,69,,,,2021-05-07T00:00:00
7207,Nancy,Moore,nancy.moore7207@truenorthdata.com,TrueNorth Data,Paid Search,MQL,50,,,,2023-01-05T00:00:00
7208,John,Rodriguez,john.rodriguez7208@pulsepointdigital.com,PulsePoint Digital,Paid Search,Converted,93,816,586,2024-06-01,2024-06-01T00:00:00
7209,Karen,Lopez,karen.lopez7209@agiledynamics.com,Agile Dynamics,Partner Referral,New,50,,,,2024-02-20T00:00:00
7210,Patricia,Lee,patricia.lee7210@streamlineanalytics.com,StreamLine Analytics,Product-Led,Disqualified,29,,,,2021-06-09T00:00:00
7211,Charles,Wilson,charles.wilson7211@truenorthdata.com,TrueNorth Data,Inbound - Webinar,SQL,72,,,,2021-07-04T00:00:00
7212,William,Thomas,william.thomas,RapidCloud,Outbound - SDR,Working,15,,,,2022-05-18T00:00:00
7213,Richard,Williams,richard.williams7213@scaleupsystems.com,ScaleUp Systems,Partner Referral,Disqualified,19,,,,2024-09-24T00:00:00
7214,Robert,Smith,,StreamLine Analytics,Paid Search,MQL,73,,,,2022-12-18T00:00:00
7215,Karen,Lee,karen.lee7215@vertexai.com,VertexAI,Outbound - Cold,Disqualified,26,,,,2020-10-10T00:00:00
7216,Joseph,Moore,joseph.moore7216@cybervault.com,CyberVault,Social Media,Converted,75,4839,559,2023-09-18,2023-07-02T00:00:00
7217,John,Moore,john.moore7217@agiledynamics.com,Agile Dynamics,Inbound - Webinar,MQL,57,,,,2022-08-30T00:00:00
7218,Barbara,Thomas,barbara.thomas7218@innovateco.com,InnovateCo,Social Media,Working,55,,,,2022-01-30T00:00:00
7219,James,Garcia,james.garcia7219@cybervault.com,CyberVault,Inbound - Web,MQL,79,,,,2023-05-20T00:00:00
7220,Richard,Smith,richard.smith7220@insightplatforms.com,Insight Platforms,Inbound - Content,Working,47,,,,2020-09-02T00:00:00
7221,Susan,Gonzalez,susan.gonzalez7221@vertexai.com,VertexAI,Outbound - SDR,New,52,,,,2022-08-02T00:00:00
7222,David,Miller,david.miller7222@vertexai.com,VertexAI,Social Media,Converted,87,1389,115,2020-11-26,2020-10-12T00:00:00
7223,Michael,Johnson,michael.johnson7223@primepathdigital.com,PrimePath Digital,Product-Led,MQL,91,,,,2024-02-06T00:00:00
7224,Patricia,Miller,patricia.miller7224@cloudscalesystems.com,CloudScale Systems,Inbound - Content,Converted,93,2788,620,2023-10-08,2023-09-30T00:00:00
7225,Richard,Lee,richard.lee7225@rapidcloud.com,RapidCloud,Inbound - Content,Working,27,,,,2020-03-08T00:00:00
7226,Michael,Davis,michael.davis7226@vertexai.com,VertexAI,Outbound - Cold,New,60,,,,2020-07-16T00:00:00
7227,Lisa,Lee,lisa.lee7227@cloudscalesystems.com,CloudScale Systems,Inbound - Content,New,10,,,,2021-04-30T00:00:00
7228,David,Martin,david.martin7228@streamlineanalytics.com,StreamLine Analytics,Inbound - Webinar,Working,20,,,,2023-11-01T00:00:00
7229,Thomas,Gonzalez,thomas.gonzalez7229@scaleupsystems.com,ScaleUp Systems,Paid Search,SQL,59,,,,2021-08-15T00:00:00
7230,Joseph,Lopez,joseph.lopez7230@cloudscalesystems.com,CloudScale Systems,Product-Led,New,63,,,,2023-06-27T00:00:00
7231,Nancy,Jones,nancy.jones7231@streamlineanalytics.com,StreamLine Analytics,Inbound - Webinar,Working,43,,,,2020-09-09T00:00:00
7232,Thomas,Taylor,thomas.taylor7232@cloudscalesystems.com,CloudScale Systems,Outbound - Cold,SQL,78,,,,2020-03-29T00:00:00
7233,Michael,Anderson,michael.anderson,QuantumLogic Labs,Paid Search,SQL,85,,,,2023-11-11T00:00:00
7234,Richard,Hernandez,,ScaleUp Systems,Event,MQL,84,,,,2022-09-08T00:00:00
7235,William,Taylor,william.taylor7235@brightwavetech.com,BrightWave Tech,Event,Disqualified,20,,,,2023-01-30T00:00:00
7236,Thomas,Taylor,thomas.taylor7236@innovateco.com,InnovateCo,,Converted,80,26,740,2023-04-02,2023-01-23T00:00:00
7237,Nancy,Martinez,,TechFlow Inc,Outbound - SDR,MQL,78,,,,2022-07-01T00:00:00
7238,Christopher,Smith,christopher.smith7238@cloudscalesystems.com,CloudScale Systems,Product-Led,Converted,77,936,546,2022-10-29,2022-10-24T00:00:00
7239,Patricia,Lee,patricia.lee7239@truenorthdata.com,TrueNorth Data,Outbound - SDR,MQL,62,,,,2024-05-10T00:00:00
7240,Joseph,Davis,joseph.davis7240@insightplatforms.com,Insight Platforms,Partner Referral,Converted,92,2575,575,2023-06-07,2023-04-15T00:00:00
7241,Thomas,Hernandez,thomas.hernandez7241@brightwavetech.com,BrightWave Tech,Partner Referral,Converted,70,2340,835,2024-11-16,2024-11-01T00:00:00
7242,Elizabeth,Hernandez,elizabeth.hernandez7242@truenorthdata.com,TrueNorth Data,Paid Search,MQL,94,,,,2023-12-19T00:00:00
7243,Patricia,Lee,patricia.lee7243@vertexai.com,VertexAI,Event,Working,53,,,,2023-10-22T00:00:00
7244,Linda,Anderson,linda.anderson7244@cloudscalesystems.com,CloudScale Systems,Partner Referral,Converted,66,2584,33,2021-04-12,2021-03-31T00:00:00
7245,Barbara,Moore,barbara.moore7245@pulsepointdigital.com,PulsePoint Digital,Inbound - Web,Converted,97,3539,902,2024-04-01,2024-01-21T00:00:00
7246,William,Thomas,william.thomas7246@nexgensolutions.com,NexGen Solutions,Product-Led,Converted,72,3388,275,2024-07-23,2024-05-20T00:00:00
7247,Richard,Johnson,richard.johnson7247@vertexai.com,VertexAI,Outbound - Cold,New,44,,,,2022-01-22T00:00:00
7248,Jessica,Smith,jessica.smith7248@vertexai.com,VertexAI,Paid Search,SQL,95,,,,2021-06-30T00:00:00
7249,Sarah,Garcia,sarah.garcia7249@nexgensolutions.com,NexGen Solutions,Inbound - Content,MQL,52,,,,2021-11-10T00:00:00
7250,Mary,Jones,mary.jones7250@streamlineanalytics.com,StreamLine Analytics,,MQL,76,,,,2024-03-02T00:00:00
7251,Mary,Johnson,mary.johnson7251@cybervault.com,CyberVault,Paid Search,MQL,78,,,,2023-07-10T00:00:00
7252,Michael,Martin,michael.martin7252@scaleupsystems.com,ScaleUp Systems,Outbound - SDR,SQL,81,,,,2022-11-11T00:00:00
7253,Charles,Rodriguez,charles.rodriguez7253@truenorthdata.com,TrueNorth Data,Event,Converted,84,48,933,2023-10-17,2023-10-11T00:00:00
7254,Michael,Lee,michael.lee7254@brightwavetech.com,BrightWave Tech,Partner Referral,Converted,68,3565,428,2023-08-28,2023-07-29T00:00:00
7255,William,Lopez,william.lopez7255@rapidcloud.com,RapidCloud,Outbound - Cold,Nurture,70,,,,2023-04-26T00:00:00
7256,Charles,Brown,charles.brown7256@agiledynamics.com,Agile Dynamics,Product-Led,Working,38,,,,2024-03-04T00:00:00
7257,Jessica,Hernandez,jessica.hernandez7257@truenorthdata.com,TrueNorth Data,Event,Working,28,,,,2021-08-21T00:00:00
7258,David,Miller,david.miller7258@scaleupsystems.com,ScaleUp Systems,,Disqualified,1,,,,2022-02-17T00:00:00
7259,Nancy,Anderson,nancy.anderson7259@innovateco.com,InnovateCo,Partner Referral,Disqualified,10,,,,2021-05-24T00:00:00
7260,Susan,Hernandez,susan.hernandez7260@rapidcloud.com,RapidCloud,Inbound - Webinar,Nurture,19,,,,2023-05-13T00:00:00
7261,Thomas,Miller,thomas.miller7261@insightplatforms.com,Insight Platforms,Product-Led,Nurture,42,,,,2022-05-08T00:00:00
7262,Sarah,Lopez,sarah.lopez7262@cybervault.com,CyberVault,Social Media,New,15,,,,2020-06-10T00:00:00
7263,Nancy,Miller,nancy.miller7263@pulsepointdigital.com,PulsePoint Digital,Inbound - Webinar,Working,58,,,,2024-05-03T00:00:00
7264,Thomas,Taylor,thomas.taylor7264@rapidcloud.com,RapidCloud,Inbound - Web,Converted,54,2923,130,2023-08-05,2023-05-23T00:00:00
7265,Christopher,Brown,christopher.brown7265@brightwavetech.com,BrightWave Tech,Inbound - Content,Disqualified,2,,,,2020-05-19T00:00:00
7266,David,Miller,david.miller7266@databridgecorp.com,DataBridge Corp,Inbound - Web,Working,20,,,,2024-08-08T00:00:00
7267,Joseph,Martinez,joseph.martinez7267@vertexai.com,VertexAI,Social Media,New,-46,,,,2022-05-27T00:00:00
7268,Barbara,Gonzalez,barbara.gonzalez7268@quantumlogiclabs.com,QuantumLogic Labs,,Disqualified,20,,,,2022-12-10T00:00:00
7269,Sarah,Lopez,sarah.lopez7269@quantumlogiclabs.com,QuantumLogic Labs,Partner Referral,Working,32,,,,2024-07-18T00:00:00
7270,Karen,Thompson,karen.thompson7270@scaleupsystems.com,ScaleUp Systems,Paid Search,SQL,85,,,,2022-12-11T00:00:00
7271,Thomas,Wilson,thomas.wilson7271@primepathdigital.com,PrimePath Digital,Social Media,Nurture,45,,,,2023-03-09T00:00:00
7272,Mary,Jackson,mary.jackson7272@agiledynamics.com,Agile Dynamics,Outbound - Cold,MQL,75,,,,2023-04-18T00:00:00
7273,Lisa,Johnson,lisa.johnson7273@rapidcloud.com,RapidCloud,Partner Referral,Disqualified,23,,,,2022-08-05T00:00:00
7274,Michael,Johnson,,BrightWave Tech,Inbound - Web,Nurture,67,,,,2023-11-12T00:00:00
7275,Daniel,Jackson,daniel.jackson7275@databridgecorp.com,DataBridge Corp,Inbound - Content,Nurture,46,,,,2022-03-04T00:00:00
7276,Barbara,Brown,barbara.brown7276@agiledynamics.com,Agile Dynamics,Paid Search,Working,65,,,,2023-03-05T00:00:00
7277,James,Jones,james.jones7277@metasync.com,MetaSync,Partner Referral,Working,51,,,,2023-02-09T00:00:00
7278,Susan,Johnson,,TechFlow Inc,Inbound - Web,New,38,,,,2024-06-01T00:00:00
7279,John,Garcia,john.garcia7279@innovateco.com,InnovateCo,Outbound - SDR,Disqualified,7,,,,2020-05-28T00:00:00
7280,Jennifer,Miller,jennifer.miller7280@corestack.com,CoreStack,Inbound - Webinar,New,28,,,,2020-07-31T00:00:00
7281,David,Taylor,david.taylor7281@innovateco.com,InnovateCo,Inbound - Webinar,Nurture,68,,,,2021-12-27T00:00:00
7282,Christopher,Rodriguez,,PrimePath Digital,Social Media,SQL,92,,,,2023-11-04T00:00:00
7283,Richard,Jackson,richard.jackson7283@innovateco.com,InnovateCo,Product-Led,Disqualified,5,,,,2021-04-03T00:00:00
7284,Joseph,Martinez,joseph.martinez7284@agiledynamics.com,Agile Dynamics,Inbound - Content,Converted,72,2420,222,2024-10-18,2024-09-16T00:00:00
7285,Richard,Wilson,richard.wilson7285@innovateco.com,InnovateCo,Product-Led,SQL,97,,,,2022-12-30T00:00:00
7286,Robert,Moore,robert.moore7286@streamlineanalytics.com,StreamLine Analytics,,Converted,62,2428,86,2024-03-28,2024-01-23T00:00:00
7287,James,Johnson,james.johnson7287@corestack.com,CoreStack,Outbound - Cold,MQL,70,,,,2020-06-08T00:00:00
7288,Lisa,Thompson,lisa.thompson7288@primepathdigital.com,PrimePath Digital,Event,New,18,,,,2021-07-04T00:00:00
7289,Patricia,Anderson,patricia.anderson7289@metasync.com,MetaSync,Partner Referral,Working,47,,,,2020-10-17T00:00:00
7290,James,Gonzalez,james.gonzalez7290@nexgensolutions.com,NexGen Solutions,Outbound - Cold,Converted,72,1137,810,2024-09-21,2024-08-07T00:00:00
7291,Elizabeth,Lopez,elizabeth.lopez7291@truenorthdata.com,TrueNorth Data,Outbound - SDR,SQL,69,,,,2024-08-27T00:00:00
7292,Thomas,Wilson,thomas.wilson7292@streamlineanalytics.com,StreamLine Analytics,Social Media,Disqualified,3,,,,2020-08-16T00:00:00
7293,Jessica,Miller,jessica.miller7293@nexgensolutions.com,NexGen Solutions,,Working,30,,,,2021-08-28T00:00:00
7294,Susan,Davis,susan.davis7294@futureforge.com,FutureForge,Inbound - Content,SQL,81,,,,2020-02-24T00:00:00
7295,Joseph,Lee,joseph.lee7295@truenorthdata.com,TrueNorth Data,Social Media,Converted,80,3454,682,2024-11-09,2024-09-06T00:00:00
7296,Elizabeth,Jones,elizabeth.jones7296@metasync.com,MetaSync,Outbound - SDR,Working,27,,,,2020-08-24T00:00:00
7297,Mary,Garcia,mary.garcia7297@futureforge.com,FutureForge,Product-Led,Disqualified,22,,,,2021-01-12T00:00:00
7298,Michael,Smith,michael.smith7298@agiledynamics.com,Agile Dynamics,Inbound - Webinar,Working,44,,,,2024-12-19T00:00:00
7299,Richard,Wilson,richard.wilson7299@metasync.com,MetaSync,,Disqualified,1,,,,2020-01-10T00:00:00
7300,Charles,Wilson,charles.wilson7300@insightplatforms.com,Insight Platforms,Partner Referral,MQL,77,,,,2024-08-14T00:00:00
7301,Jessica,Jackson,jessica.jackson7301@scaleupsystems.com,ScaleUp Systems,Inbound - Content,MQL,92,,,,2021-09-14T00:00:00
7302,Karen,Rodriguez,karen.rodriguez7302@quantumlogiclabs.com,QuantumLogic Labs,Partner Referral,Converted,60,79,830,2022-09-02,2022-06-26T00:00:00
7303,Sarah,Martinez,sarah.martinez7303@pulsepointdigital.com,PulsePoint Digital,Outbound - SDR,Working,70,,,,2020-12-12T00:00:00
7304,Lisa,Hernandez,lisa.hernandez7304@scaleupsystems.com,ScaleUp Systems,Product-Led,New,27,,,,2022-10-16T00:00:00
7305,John,Smith,john.smith7305@corestack.com,CoreStack,Inbound - Webinar,Disqualified,13,,,,2024-02-27T00:00:00
7306,John,Smith,john.smith7306@agiledynamics.com,Agile Dynamics,,Converted,66,2081,659,2024-06-18,2024-04-01T00:00:00
7307,Daniel,Moore,daniel.moore7307@nexgensolutions.com,NexGen Solutions,Outbound - Cold,Working,53,,,,2023-03-26T00:00:00
7308,Jennifer,Williams,jennifer.williams7308@cloudscalesystems.com,CloudScale Systems,Event,Nurture,56,,,,2024-07-12T00:00:00
7309,William,Gonzalez,william.gonzalez7309@nexgensolutions.com,NexGen Solutions,Inbound - Web,SQL,61,,,,2022-12-16T00:00:00
7310,Robert,Brown,robert.brown7310@quantumlogiclabs.com,QuantumLogic Labs,Partner Referral,MQL,52,,,,2023-09-08T00:00:00
7311,Mary,Wilson,mary.wilson7311@cloudscalesystems.com,CloudScale Systems,Product-Led,New,63,,,,2023-10-22T00:00:00
7312,Jennifer,Davis,,ScaleUp Systems,Outbound - SDR,Disqualified,30,,,,2020-06-04T00:00:00
7313,Sarah,Thomas,sarah.thomas7313@metasync.com,MetaSync,Outbound - SDR,Converted,82,4441,421,2024-04-08,2024-04-09T00:00:00
7314,Susan,Wilson,susan.wilson7314@brightwavetech.com,BrightWave Tech,Event,Converted,53,59,253,2024-03-01,2024-02-27T00:00:00
7315,Sarah,Rodriguez,sarah.rodriguez7315@rapidcloud.com,RapidCloud,Inbound - Web,New,23,,,,2023-06-09T00:00:00
7316,Linda,Brown,linda.brown7316@scaleupsystems.com,ScaleUp Systems,Social Media,MQL,50,,,,2020-01-23T00:00:00
7317,Thomas,Thompson,thomas.thompson7317@futureforge.com,FutureForge,Inbound - Content,Disqualified,8,,,,2023-10-21T00:00:00
7318,Barbara,Garcia,barbara.garcia7318@vertexai.com,VertexAI,Paid Search,Converted,67,3551,372,2024-07-12,2024-07-08T00:00:00
7319,Elizabeth,Smith,elizabeth.smith7319@vertexai.com,VertexAI,Outbound - SDR,Nurture,67,,,,2022-05-01T00:00:00
7320,Patricia,Martin,patricia.martin7320@metasync.com,MetaSync,Paid Search,MQL,58,,,,2023-07-28T00:00:00
7321,Patricia,Martinez,patricia.martinez7321@scaleupsystems.com,ScaleUp Systems,Product-Led,MQL,65,,,,2020-06-15T00:00:00
7322,David,Miller,david.miller7322@nexgensolutions.com,NexGen Solutions,Event,SQL,70,,,,2021-10-27T00:00:00
7323,Jessica,Jackson,jessica.jackson7323@nexgensolutions.com,NexGen Solutions,Inbound - Web,Disqualified,17,,,,2024-06-04T00:00:00
7324,Patricia,Gonzalez,patricia.gonzalez7324@brightwavetech.com,BrightWave Tech,Outbound - SDR,Disqualified,11,,,,2021-06-23T00:00:00
7325,David,Anderson,david.anderson7325@cloudscalesystems.com,CloudScale Systems,Partner Referral,SQL,72,,,,2024-01-20T00:00:00
7326,Sarah,Martin,sarah.martin7326@nexgensolutions.com,NexGen Solutions,Inbound - Content,SQL,98,,,,2022-02-11T00:00:00
7327,Jennifer,Lee,jennifer.lee7327@techflowinc.com,TechFlow Inc,Product-Led,New,45,,,,2024-03-17T00:00:00
7328,Linda,Lopez,linda.lopez7328@rapidcloud.com,RapidCloud,Social Media,Working,58,,,,2024-10-20T00:00:00
7329,David,Lee,david.lee7329@cloudscalesystems.com,CloudScale Systems,Outbound - Cold,Converted,60,3248,661,2024-04-13,2024-03-16T00:00:00
7330,James,Martin,james.martin7330@quantumlogiclabs.com,QuantumLogic Labs,Outbound - Cold,Converted,99,2786,702,2024-11-25,2024-11-06T00:00:00
7331,Linda,Miller,linda.miller7331@streamlineanalytics.com,StreamLine Analytics,Inbound - Web,Disqualified,17,,,,2021-06-10T00:00:00
7332,Susan,Anderson,susan.anderson7332@nexgensolutions.com,NexGen Solutions,Paid Search,MQL,54,,,,2024-04-11T00:00:00
7333,Mary,Miller,mary.miller7333@vertexai.com,VertexAI,Inbound - Webinar,Converted,83,2391,312,2024-07-27,2024-06-19T00:00:00
7334,Richard,Jones,,PrimePath Digital,Social Media,Nurture,17,,,,2022-05-16T00:00:00
7335,Karen,Garcia,karen.garcia7335@truenorthdata.com,TrueNorth Data,Partner Referral,SQL,80,,,,2020-09-11T00:00:00
7336,Christopher,Davis,christopher.davis7336@brightwavetech.com,BrightWave Tech,Inbound - Web,Converted,82,3214,589,2023-12-31,2023-12-06T00:00:00
7337,Jennifer,Davis,jennifer.davis7337@metasync.com,MetaSync,Paid Search,SQL,93,,,,2020-08-15T00:00:00
7338,John,Davis,john.davis7338@streamlineanalytics.com,StreamLine Analytics,Inbound - Web,SQL,76,,,,2021-11-20T00:00:00
7339,Sarah,Rodriguez,sarah.rodriguez7339@cloudscalesystems.com,CloudScale Systems,Inbound - Webinar,Working,36,,,,2021-03-16T00:00:00
7340,Sarah,Thomas,sarah.thomas7340@nexgensolutions.com,NexGen Solutions,Outbound - SDR,New,38,,,,2023-10-13T00:00:00
7341,Susan,Taylor,susan.taylor7341@vertexai.com,VertexAI,Outbound - SDR,Converted,73,4064,213,2021-03-31,2021-03-21T00:00:00
7342,Patricia,Brown,patricia.brown7342@techflowinc.com,TechFlow Inc,Outbound - SDR,New,70,,,,2020-04-02T00:00:00
7343,Joseph,Thompson,joseph.thompson7343@vertexai.com,VertexAI,Social Media,Disqualified,4,,,,2024-01-30T00:00:00
7344,Sarah,Johnson,sarah.johnson7344@corestack.com,CoreStack,Social Media,Working,11,,,,2022-10-21T00:00:00
7345,Barbara,Lee,barbara.lee7345@databridgecorp.com,DataBridge Corp,Product-Led,New,50,,,,2021-09-07T00:00:00
7346,David,Moore,david.moore7346@innovateco.com,InnovateCo,Outbound - Cold,Working,69,,,,2020-01-02T00:00:00
7347,Karen,Williams,karen.williams7347@primepathdigital.com,PrimePath Digital,Inbound - Web,Converted,65,4872,37,2024-09-10,2024-06-23T00:00:00
7348,Linda,Moore,linda.moore7348@databridgecorp.com,DataBridge Corp,Paid Search,SQL,70,,,,2024-11-12T00:00:00
7349,Joseph,Lee,joseph.lee7349@rapidcloud.com,RapidCloud,Partner Referral,MQL,79,,,,2020-02-18T00:00:00
7350,Karen,Lee,karen.lee7350@primepathdigital.com,PrimePath Digital,Product-Led,SQL,97,,,,2023-04-03T00:00:00
7351,Karen,Moore,karen.moore7351@techflowinc.com,TechFlow Inc,,Converted,-76,3554,533,2023-11-16,2023-08-28T00:00:00
7352,Michael,Brown,michael.brown7352@futureforge.com,FutureForge,Inbound - Content,MQL,82,,,,2023-07-01T00:00:00
7353,Daniel,Wilson,daniel.wilson7353@nexgensolutions.com,NexGen Solutions,Outbound - SDR,MQL,51,,,,2023-01-02T00:00:00
7354,Nancy,Rodriguez,nancy.rodriguez7354@vertexai.com,VertexAI,Partner Referral,Converted,78,4087,169,2022-07-01,2022-05-22T00:00:00
7355,Mary,Lopez,mary.lopez7355@techflowinc.com,TechFlow Inc,Partner Referral,Working,41,,,,2022-05-20T00:00:00
7356,Lisa,Anderson,lisa.anderson7356@metasync.com,MetaSync,Paid Search,Disqualified,1,,,,2022-02-05T00:00:00
7357,William,Moore,william.moore7357@truenorthdata.com,TrueNorth Data,Inbound - Web,Working,67,,,,2021-07-01T00:00:00
7358,James,Thompson,james.thompson7358@databridgecorp.com,DataBridge Corp,Paid Search,Working,55,,,,2022-04-24T00:00:00
7359,Sarah,Miller,sarah.miller7359@rapidcloud.com,RapidCloud,Inbound - Content,Converted,75,1038,227,2024-11-24,2024-09-28T00:00:00
7360,James,Garcia,james.garcia7360@pulsepointdigital.com,PulsePoint Digital,Inbound - Content,Working,31,,,,2020-08-09T00:00:00
7361,Nancy,Anderson,nancy.anderson7361@cloudscalesystems.com,CloudScale Systems,Product-Led,Nurture,28,,,,2021-01-22T00:00:00
7362,Mary,Lopez,mary.lopez7362@innovateco.com,InnovateCo,Outbound - SDR,New,50,,,,2020-03-15T00:00:00
7363,Patricia,Taylor,,NexGen Solutions,Event,Disqualified,16,,,,2023-08-08T00:00:00
7364,Richard,Thompson,richard.thompson7364@nexgensolutions.com,NexGen Solutions,Inbound - Content,Converted,66,2649,731,2023-11-09,2023-10-27T00:00:00
7365,Patricia,Davis,patricia.davis7365@futureforge.com,FutureForge,Inbound - Content,MQL,78,,,,2021-04-12T00:00:00
7366,William,Martinez,william.martinez7366@streamlineanalytics.com,StreamLine Analytics,,New,65,,,,2020-07-30T00:00:00
7367,Robert,Brown,robert.brown7367@cloudscalesystems.com,CloudScale Systems,Event,Disqualified,0,,,,2020-11-20T00:00:00
7368,Christopher,Miller,christopher.miller7368@quantumlogiclabs.com,QuantumLogic Labs,Inbound - Webinar,Disqualified,12,,,,2020-07-10T00:00:00
7369,Richard,Garcia,richard.garcia7369@techflowinc.com,TechFlow Inc,Inbound - Webinar,Working,52,,,,2024-01-09T00:00:00
7370,David,Williams,david.williams7370@nexgensolutions.com,NexGen Solutions,Inbound - Content,Converted,94,2977,963,2024-09-06,2024-07-27T00:00:00
7371,Michael,Rodriguez,michael.rodriguez7371@rapidcloud.com,RapidCloud,Product-Led,Converted,56,3315,143,2024-08-31,2024-06-12T00:00:00
7372,Joseph,Gonzalez,joseph.gonzalez7372@primepathdigital.com,PrimePath Digital,Inbound - Web,Converted,97,1529,619,2024-11-06,2024-11-09T00:00:00
7373,Lisa,Lee,lisa.lee7373@innovateco.com,InnovateCo,Event,Disqualified,28,,,,2022-06-02T00:00:00
7374,David,Lopez,david.lopez7374@scaleupsystems.com,ScaleUp Systems,Outbound - Cold,SQL,50,,,,2021-10-20T00:00:00
7375,John,Martin,john.martin7375@cybervault.com,CyberVault,Paid Search,MQL,72,,,,2021-07-30T00:00:00
7376,Christopher,Martin,christopher.martin7376@innovateco.com,InnovateCo,Event,New,43,,,,2022-08-31T00:00:00
7377,Susan,Brown,susan.brown7377@futureforge.com,FutureForge,Inbound - Webinar,Nurture,33,,,,2023-10-27T00:00:00
7378,Sarah,Wilson,sarah.wilson7378@vertexai.com,VertexAI,Product-Led,MQL,94,,,,2021-01-26T00:00:00
7379,James,Gonzalez,,QuantumLogic Labs,Event,Converted,52,3605,335,2024-07-13,2024-05-14T00:00:00
7380,James,Martin,james.martin7380@nexgensolutions.com,NexGen Solutions,Outbound - Cold,Working,14,,,,2024-09-25T00:00:00
7381,Barbara,Lopez,barbara.lopez7381@brightwavetech.com,BrightWave Tech,Event,MQL,71,,,,2022-01-20T00:00:00
7382,James,Thomas,james.thomas7382@futureforge.com,FutureForge,Event,SQL,93,,,,2024-09-03T00:00:00
7383,Patricia,Jones,patricia.jones7383@innovateco.com,InnovateCo,Partner Referral,New,45,,,,2022-04-01T00:00:00
7384,Christopher,Brown,christopher.brown7384@pulsepointdigital.com,PulsePoint Digital,Social Media,New,51,,,,2024-03-26T00:00:00
7385,Barbara,Jackson,barbara.jackson7385@nexgensolutions.com,NexGen Solutions,Outbound - SDR,Disqualified,1,,,,2022-03-30T00:00:00
7386,Elizabeth,Moore,elizabeth.moore7386@streamlineanalytics.com,StreamLine Analytics,Outbound - Cold,Working,41,,,,2022-09-04T00:00:00
7387,Jessica,Garcia,jessica.garcia7387@agiledynamics.com,Agile Dynamics,Product-Led,Working,63,,,,2022-03-27T00:00:00
7388,Barbara,Anderson,barbara.anderson7388@futureforge.com,FutureForge,Outbound - SDR,MQL,97,,,,2021-05-31T00:00:00
7389,John,Gonzalez,john.gonzalez7389@primepathdigital.com,PrimePath Digital,Social Media,SQL,64,,,,2024-09-05T00:00:00
7390,Charles,Brown,,InnovateCo,Partner Referral,Converted,98,4799,717,2024-02-29,2024-01-03T00:00:00
7391,William,Lopez,william.lopez7391@innovateco.com,InnovateCo,Product-Led,Converted,83,4381,251,2024-08-30,2024-06-23T00:00:00
7392,Mary,Garcia,mary.garcia7392@streamlineanalytics.com,StreamLine Analytics,Inbound - Web,Nurture,63,,,,2022-06-22T00:00:00
7393,Lisa,Moore,lisa.moore7393@futureforge.com,FutureForge,Paid Search,Converted,58,46,725,2024-10-05,2024-08-23T00:00:00
7394,Richard,Hernandez,richard.hernandez7394@pulsepointdigital.com,PulsePoint Digital,Partner Referral,Converted,90,1216,935,2024-07-23,2024-05-17T00:00:00
7395,David,Martinez,david.martinez7395@innovateco.com,InnovateCo,Inbound - Webinar,SQL,57,,,,2022-12-01T00:00:00
7396,Joseph,Wilson,,CloudScale Systems,Outbound - Cold,Working,67,,,,2020-03-22T00:00:00
7397,Linda,Moore,linda.moore7397@corestack.com,CoreStack,Partner Referral,Working,15,,,,2023-07-10T00:00:00
7398,Jessica,Williams,jessica.williams7398@streamlineanalytics.com,StreamLine Analytics,Inbound - Content,Working,54,,,,2020-09-25T00:00:00
7399,Robert,Thomas,robert.thomas7399@cloudscalesystems.com,CloudScale Systems,Inbound - Web,MQL,-83,,,,2023-12-15T00:00:00
7400,Nancy,Miller,nancy.miller7400@pulsepointdigital.com,PulsePoint Digital,,New,41,,,,2023-01-26T00:00:00
7401,Jennifer,Davis,jennifer.davis7401@innovateco.com,InnovateCo,Partner Referral,Converted,96,4883,26,2024-06-28,2024-06-09T00:00:00
7402,Jessica,Johnson,jessica.johnson7402@nexgensolutions.com,NexGen Solutions,Outbound - Cold,Disqualified,9,,,,2024-03-10T00:00:00
7403,Lisa,Smith,lisa.smith7403@metasync.com,MetaSync,Inbound - Webinar,MQL,98,,,,2020-10-02T00:00:00
7404,Karen,Davis,karen.davis7404@databridgecorp.com,DataBridge Corp,Outbound - SDR,SQL,72,,,,2020-09-20T00:00:00
7405,Michael,Martinez,michael.martinez7405@primepathdigital.com,PrimePath Digital,Event,New,48,,,,2022-08-17T00:00:00
7406,Charles,Thompson,charles.thompson7406@scaleupsystems.com,ScaleUp Systems,Inbound - Content,Nurture,52,,,,2022-02-15T00:00:00
7407,Thomas,Brown,thomas.brown7407@cloudscalesystems.com,CloudScale Systems,Social Media,SQL,71,,,,2021-11-19T00:00:00
7408,David,Brown,david.brown7408@rapidcloud.com,RapidCloud,Paid Search,New,17,,,,2022-12-06T00:00:00
7409,Susan,Gonzalez,susan.gonzalez7409@techflowinc.com,TechFlow Inc,Social Media,SQL,75,,,,2021-06-27T00:00:00
7410,Thomas,Lee,thomas.lee7410@brightwavetech.com,BrightWave Tech,Partner Referral,Converted,82,4464,45,2023-04-04,2023-02-13T00:00:00
7411,Susan,Miller,susan.miller7411@innovateco.com,InnovateCo,Inbound - Web,Disqualified,4,,,,2023-04-15T00:00:00
7412,David,Lopez,,PrimePath Digital,Partner Referral,New,51,,,,2020-07-01T00:00:00
7413,Michael,Miller,michael.miller7413@cloudscalesystems.com,CloudScale Systems,Social Media,Working,48,,,,2022-01-22T00:00:00
7414,Mary,Smith,mary.smith7414@cybervault.com,CyberVault,Paid Search,Converted,83,2379,871,2023-08-07,2023-07-24T00:00:00
7415,Linda,Taylor,linda.taylor7415@rapidcloud.com,RapidCloud,Inbound - Content,Disqualified,24,,,,2020-04-08T00:00:00
7416,Nancy,Anderson,nancy.anderson7416@insightplatforms.com,Insight Platforms,Inbound - Webinar,MQL,50,,,,2021-07-14T00:00:00
7417,Robert,Moore,robert.moore7417@innovateco.com,InnovateCo,Outbound - Cold,Nurture,27,,,,2024-04-29T00:00:00
7418,Lisa,Hernandez,lisa.hernandez7418@cybervault.com,CyberVault,Product-Led,Working,35,,,,2022-03-04T00:00:00
7419,Nancy,Williams,nancy.williams7419@scaleupsystems.com,ScaleUp Systems,Outbound - Cold,MQL,62,,,,2024-08-14T00:00:00
7420,James,Jackson,james.jackson7420@insightplatforms.com,Insight Platforms,Outbound - Cold,Disqualified,2,,,,2021-09-22T00:00:00
7421,Thomas,Smith,thomas.smith7421@nexgensolutions.com,NexGen Solutions,Paid Search,MQL,91,,,,2024-06-29T00:00:00
7422,Sarah,Thompson,sarah.thompson7422@corestack.com,CoreStack,Inbound - Web,Disqualified,0,,,,2020-02-22T00:00:00
7423,Jennifer,Martinez,jennifer.martinez7423@databridgecorp.com,DataBridge Corp,Outbound - Cold,Disqualified,5,,,,2024-09-09T00:00:00
7424,Susan,Martinez,susan.martinez7424@quantumlogiclabs.com,QuantumLogic Labs,Paid Search,Working,68,,,,2023-06-13T00:00:00
7425,Richard,Martin,richard.martin7425@futureforge.com,FutureForge,,Nurture,35,,,,2024-06-25T00:00:00
7426,Barbara,Martin,barbara.martin7426@innovateco.com,InnovateCo,Inbound - Web,Converted,97,428,312,2024-08-24,2024-07-29T00:00:00
7427,Christopher,Taylor,christopher.taylor7427@pulsepointdigital.com,PulsePoint Digital,Inbound - Webinar,Converted,89,4519,891,2024-07-07,2024-06-12T00:00:00
7428,Christopher,Johnson,christopher.johnson7428@futureforge.com,FutureForge,Event,SQL,55,,,,2022-03-13T00:00:00
7429,Elizabeth,Rodriguez,elizabeth.rodriguez7429@cybervault.com,CyberVault,Event,Disqualified,26,,,,2022-04-12T00:00:00
7430,Robert,Jones,,Insight Platforms,Inbound - Content,Disqualified,2,,,,2024-10-27T00:00:00
7431,Jessica,Lee,jessica.lee7431@truenorthdata.com,TrueNorth Data,Partner Referral,Converted,79,516,194,2024-12-18,2024-09-28T00:00:00
7432,Nancy,Smith,nancy.smith7432@futureforge.com,FutureForge,Outbound - Cold,MQL,56,,,,2024-06-07T00:00:00
7433,Lisa,Lee,lisa.lee7433@nexgensolutions.com,NexGen Solutions,Outbound - SDR,New,53,,,,2020-09-03T00:00:00
7434,Christopher,Johnson,christopher.johnson7434@cybervault.com,CyberVault,Event,Converted,82,333,516,2022-12-30,2022-10-31T00:00:00
7435,Michael,Moore,michael.moore7435@nexgensolutions.com,NexGen Solutions,Social Media,SQL,92,,,,2021-11-09T00:00:00
7436,Daniel,Lee,daniel.lee7436@databridgecorp.com,DataBridge Corp,Social Media,SQL,69,,,,2022-08-06T00:00:00
7437,David,Gonzalez,david.gonzalez7437@metasync.com,MetaSync,Social Media,Working,45,,,,2023-07-17T00:00:00
7438,Mary,Garcia,mary.garcia7438@pulsepointdigital.com,PulsePoint Digital,Inbound - Webinar,Converted,60,2413,173,2024-04-01,2024-01-03T00:00:00
7439,Elizabeth,Jackson,elizabeth.jackson7439@insightplatforms.com,Insight Platforms,,MQL,-61,,,,2021-06-08T00:00:00
7440,Mary,Martin,mary.martin7440@cybervault.com,CyberVault,Event,Working,10,,,,2024-12-02T00:00:00
7441,Michael,Wilson,michael.wilson7441@metasync.com,MetaSync,Outbound - SDR,Disqualified,22,,,,2020-06-21T00:00:00
7442,Jessica,Williams,jessica.williams7442@truenorthdata.com,TrueNorth Data,Partner Referral,Nurture,16,,,,2024-10-04T00:00:00
7443,Jessica,Thomas,jessica.thomas7443@primepathdigital.com,PrimePath Digital,Partner Referral,SQL,71,,,,2024-04-27T00:00:00
7444,Jessica,Miller,jessica.miller7444@primepathdigital.com,PrimePath Digital,Inbound - Web,Disqualified,6,,,,2022-03-29T00:00:00
7445,Nancy,Thompson,nancy.thompson7445@vertexai.com,VertexAI,Paid Search,Disqualified,11,,,,2021-09-01T00:00:00
7446,Patricia,Martin,patricia.martin7446@innovateco.com,InnovateCo,Paid Search,New,16,,,,2022-01-14T00:00:00
7447,Barbara,Gonzalez,barbara.gonzalez7447@agiledynamics.com,Agile Dynamics,Social Media,SQL,86,,,,2020-04-30T00:00:00
7448,Robert,Thompson,robert.thompson7448@vertexai.com,VertexAI,Partner Referral,New,30,,,,2020-04-02T00:00:00
7449,Jessica,Brown,jessica.brown,ScaleUp Systems,Partner Referral,Converted,56,652,258,2023-01-26,2022-11-30T00:00:00
7450,David,Miller,david.miller7450@corestack.com,CoreStack,Partner Referral,New,-19,,,,2020-08-11T00:00:00
7451,Patricia,Moore,patricia.moore7451@nexgensolutions.com,NexGen Solutions,Inbound - Content,SQL,71,,,,2022-12-10T00:00:00
7452,Nancy,Davis,nancy.davis7452@brightwavetech.com,BrightWave Tech,Inbound - Webinar,Converted,95,1930,120,2024-09-21,2024-08-21T00:00:00
7453,Richard,Williams,richard.williams7453@futureforge.com,FutureForge,Paid Search,Converted,61,2679,14,2024-06-06,2024-06-09T00:00:00
7454,Thomas,Rodriguez,thomas.rodriguez7454@truenorthdata.com,TrueNorth Data,Inbound - Content,Nurture,53,,,,2021-11-01T00:00:00
7455,Daniel,Davis,,DataBridge Corp,Social Media,Nurture,18,,,,2024-11-02T00:00:00
7456,David,Johnson,david.johnson7456@truenorthdata.com,TrueNorth Data,Product-Led,New,59,,,,2022-01-27T00:00:00
7457,John,Jones,john.jones7457@streamlineanalytics.com,StreamLine Analytics,Event,Working,-55,,,,2022-09-06T00:00:00
7458,Jessica,Smith,jessica.smith7458@brightwavetech.com,BrightWave Tech,Partner Referral,Converted,56,643,698,2024-06-14,2024-05-05T00:00:00
7459,Michael,Wilson,michael.wilson7459@agiledynamics.com,Agile Dynamics,Inbound - Webinar,Nurture,68,,,,2022-04-27T00:00:00
7460,Linda,Lopez,linda.lopez7460@innovateco.com,InnovateCo,Inbound - Web,SQL,52,,,,2021-06-18T00:00:00
7461,Jennifer,Moore,jennifer.moore7461@pulsepointdigital.com,PulsePoint Digital,Outbound - Cold,Disqualified,8,,,,2021-09-29T00:00:00
7462,Richard,Garcia,richard.garcia7462@rapidcloud.com,RapidCloud,Social Media,Disqualified,27,,,,2024-09-29T00:00:00
7463,Lisa,Wilson,lisa.wilson7463@primepathdigital.com,PrimePath Digital,Product-Led,Converted,75,3450,529,2020-08-02,2020-07-17T00:00:00
7464,Michael,Miller,michael.miller7464@futureforge.com,FutureForge,Inbound - Webinar,SQL,75,,,,2023-04-07T00:00:00
7465,Daniel,Taylor,daniel.taylor7465@pulsepointdigital.com,PulsePoint Digital,Inbound - Web,Nurture,35,,,,2023-09-15T00:00:00
7466,Patricia,Gonzalez,patricia.gonzalez7466@cybervault.com,CyberVault,Product-Led,Converted,56,966,255,2024-10-10,2024-08-22T00:00:00
7467,Jennifer,Lee,jennifer.lee7467@insightplatforms.com,Insight Platforms,Outbound - Cold,Working,14,,,,2020-08-22T00:00:00
7468,Michael,Moore,michael.moore7468@vertexai.com,VertexAI,Outbound - Cold,MQL,98,,,,2023-04-25T00:00:00
7469,David,Rodriguez,david.rodriguez7469@innovateco.com,InnovateCo,Social Media,MQL,78,,,,2023-11-01T00:00:00
7470,Charles,Brown,charles.brown7470@primepathdigital.com,PrimePath Digital,Event,Disqualified,15,,,,2024-10-22T00:00:00
7471,Linda,Wilson,linda.wilson7471@futureforge.com,FutureForge,Product-Led,SQL,52,,,,2021-02-15T00:00:00
7472,Linda,Smith,linda.smith,DataBridge Corp,Outbound - SDR,Nurture,15,,,,2021-12-02T00:00:00
7473,Sarah,Williams,sarah.williams7473@rapidcloud.com,RapidCloud,Product-Led,Disqualified,11,,,,2021-03-25T00:00:00
7474,Linda,Gonzalez,linda.gonzalez7474@scaleupsystems.com,ScaleUp Systems,Inbound - Webinar,Nurture,10,,,,2024-07-31T00:00:00
7475,David,Martin,david.martin7475@metasync.com,MetaSync,Paid Search,Disqualified,3,,,,2022-02-27T00:00:00
7476,Susan,Williams,susan.williams7476@nexgensolutions.com,NexGen Solutions,Product-Led,Disqualified,13,,,,2024-08-29T00:00:00
7477,John,Rodriguez,john.rodriguez7477@vertexai.com,VertexAI,Outbound - Cold,SQL,63,,,,2024-01-12T00:00:00
7478,Barbara,Martinez,barbara.martinez7478@rapidcloud.com,RapidCloud,Social Media,New,24,,,,2023-01-17T00:00:00
7479,Michael,Lee,michael.lee7479@vertexai.com,VertexAI,Inbound - Content,Disqualified,16,,,,2022-01-17T00:00:00
7480,Thomas,Anderson,thomas.anderson7480@nexgensolutions.com,NexGen Solutions,Inbound - Webinar,SQL,80,,,,2023-03-13T00:00:00
7481,Jennifer,Jackson,jennifer.jackson7481@vertexai.com,VertexAI,Partner Referral,SQL,55,,,,2021-09-29T00:00:00
7482,Susan,Martinez,susan.martinez7482@innovateco.com,InnovateCo,Inbound - Webinar,MQL,100,,,,2020-07-14T00:00:00
7483,Susan,Gonzalez,susan.gonzalez7483@scaleupsystems.com,ScaleUp Systems,Partner Referral,SQL,91,,,,2022-02-02T00:00:00
7484,Elizabeth,Miller,elizabeth.miller7484@rapidcloud.com,RapidCloud,Social Media,New,44,,,,2024-05-02T00:00:00
7485,William,Jones,william.jones7485@nexgensolutions.com,NexGen Solutions,Outbound - SDR,Nurture,39,,,,2020-08-25T00:00:00
7486,Mary,Wilson,mary.wilson7486@truenorthdata.com,TrueNorth Data,Outbound - SDR,Working,40,,,,2022-02-09T00:00:00
7487,Sarah,Thompson,sarah.thompson7487@innovateco.com,InnovateCo,Partner Referral,MQL,81,,,,2024-06-21T00:00:00
7488,Joseph,Gonzalez,joseph.gonzalez7488@futureforge.com,FutureForge,Partner Referral,New,20,,,,2024-03-06T00:00:00
7489,Jessica,Anderson,jessica.anderson7489@pulsepointdigital.com,PulsePoint Digital,Outbound - Cold,New,56,,,,2021-08-19T00:00:00
7490,Karen,Jones,karen.jones7490@streamlineanalytics.com,StreamLine Analytics,Inbound - Web,MQL,59,,,,2023-05-30T00:00:00
7491,Jessica,Wilson,jessica.wilson7491@truenorthdata.com,TrueNorth Data,Partner Referral,Disqualified,30,,,,2021-03-10T00:00:00
7492,Robert,Lopez,robert.lopez7492@quantumlogiclabs.com,QuantumLogic Labs,Inbound - Content,Converted,88,4447,942,2022-08-31,2022-08-09T00:00:00
7493,Elizabeth,Martin,elizabeth.martin7493@nexgensolutions.com,NexGen Solutions,,SQL,62,,,,2022-04-11T00:00:00
7494,John,Wilson,john.wilson7494@cloudscalesystems.com,CloudScale Systems,Event,Nurture,36,,,,2020-12-14T00:00:00
7495,Lisa,Garcia,lisa.garcia7495@futureforge.com,FutureForge,Outbound - SDR,New,67,,,,2022-08-19T00:00:00
7496,David,Moore,david.moore7496@agiledynamics.com,Agile Dynamics,Social Media,SQL,84,,,,2024-05-31T00:00:00
7497,David,Jackson,david.jackson7497@agiledynamics.com,Agile Dynamics,Inbound - Content,Disqualified,28,,,,2023-12-28T00:00:00
7498,John,Rodriguez,john.rodriguez7498@agiledynamics.com,Agile Dynamics,Inbound - Content,SQL,63,,,,2022-12-20T00:00:00
7499,John,Rodriguez,john.rodriguez7499@vertexai.com,VertexAI,Outbound - Cold,Disqualified,21,,,,2020-10-18T00:00:00
7500,Charles,Wilson,charles.wilson7500@scaleupsystems.com,ScaleUp Systems,Outbound - Cold,New,16,,,,2023-08-15T00:00:00
7501,Sarah,Taylor,sarah.taylor7501@cybervault.com,CyberVault,Inbound - Webinar,New,29,,,,2022-12-27T00:00:00
7502,James,Hernandez,james.hernandez7502@scaleupsystems.com,ScaleUp Systems,Product-Led,Nurture,39,,,,2023-05-16T00:00:00
7503,Patricia,Martinez,patricia.martinez7503@vertexai.com,VertexAI,Product-Led,Converted,91,2811,27,2024-09-12,2024-07-30T00:00:00
7504,Charles,Anderson,charles.anderson7504@futureforge.com,FutureForge,Inbound - Web,Disqualified,4,,,,2023-01-02T00:00:00
7505,Joseph,Davis,joseph.davis7505@pulsepointdigital.com,PulsePoint Digital,Inbound - Webinar,Disqualified,0,,,,2024-09-25T00:00:00
7506,Karen,Rodriguez,karen.rodriguez7506@corestack.com,CoreStack,Inbound - Content,MQL,66,,,,2021-12-22T00:00:00
7507,John,Davis,john.davis7507@quantumlogiclabs.com,QuantumLogic Labs,Partner Referral,Working,56,,,,2020-08-12T00:00:00
7508,James,Jones,james.jones7508@primepathdigital.com,PrimePath Digital,Paid Search,Disqualified,9,,,,2023-02-24T00:00:00
7509,Christopher,Thomas,christopher.thomas7509@vertexai.com,VertexAI,Inbound - Webinar,New,69,,,,2021-10-07T00:00:00
7510,John,Jones,john.jones7510@rapidcloud.com,RapidCloud,Inbound - Webinar,Working,22,,,,2021-10-21T00:00:00
7511,Nancy,Moore,nancy.moore7511@corestack.com,CoreStack,Outbound - Cold,SQL,94,,,,2022-01-23T00:00:00
7512,Sarah,Lee,sarah.lee7512@nexgensolutions.com,NexGen Solutions,Outbound - Cold,Working,31,,,,2024-02-25T00:00:00
7513,Elizabeth,Gonzalez,elizabeth.gonzalez7513@cybervault.com,CyberVault,Partner Referral,Converted,50,504,904,2024-11-29,2024-09-22T00:00:00
7514,Joseph,Anderson,joseph.anderson7514@techflowinc.com,TechFlow Inc,Outbound - SDR,Converted,79,1629,337,2024-09-03,2024-06-18T00:00:00
7515,Linda,Johnson,linda.johnson7515@innovateco.com,InnovateCo,Outbound - Cold,MQL,54,,,,2023-05-25T00:00:00
7516,Robert,Anderson,robert.anderson7516@innovateco.com,InnovateCo,Outbound - Cold,New,56,,,,2020-11-09T00:00:00
7517,Karen,Moore,karen.moore7517@rapidcloud.com,RapidCloud,Outbound - SDR,Converted,60,525,673,2024-09-01,2024-07-16T00:00:00
7518,Richard,Thompson,richard.thompson7518@nexgensolutions.com,NexGen Solutions,Event,Disqualified,6,,,,2023-09-06T00:00:00
7519,Nancy,Brown,nancy.brown7519@insightplatforms.com,Insight Platforms,Outbound - Cold,Converted,79,4955,445,2024-12-25,2024-11-02T00:00:00
7520,Linda,Moore,linda.moore7520@brightwavetech.com,BrightWave Tech,Paid Search,New,44,,,,2024-05-25T00:00:00
7521,Linda,Williams,linda.williams,CoreStack,Event,MQL,68,,,,2022-01-03T00:00:00
7522,Joseph,Lopez,joseph.lopez7522@databridgecorp.com,DataBridge Corp,Partner Referral,New,20,,,,2024-01-07T00:00:00
7523,John,Johnson,john.johnson7523@brightwavetech.com,BrightWave Tech,Product-Led,Working,37,,,,2020-02-10T00:00:00
7524,John,Garcia,john.garcia7524@rapidcloud.com,RapidCloud,,SQL,91,,,,2022-07-03T00:00:00
7525,Michael,Martinez,michael.martinez7525@vertexai.com,VertexAI,Event,Working,32,,,,2021-08-28T00:00:00
7526,Christopher,Williams,christopher.williams7526@cybervault.com,CyberVault,Paid Search,MQL,62,,,,2024-05-01T00:00:00
7527,Charles,Smith,charles.smith7527@primepathdigital.com,PrimePath Digital,Outbound - SDR,Disqualified,3,,,,2020-04-02T00:00:00
7528,Nancy,Martinez,nancy.martinez7528@streamlineanalytics.com,StreamLine Analytics,Event,Converted,72,1703,955,2022-01-17,2021-12-19T00:00:00
7529,Daniel,Moore,daniel.moore7529@pulsepointdigital.com,PulsePoint Digital,Inbound - Web,Converted,52,1017,480,2022-08-26,2022-08-25T00:00:00
7530,Jessica,Garcia,jessica.garcia7530@innovateco.com,InnovateCo,,Disqualified,14,,,,2023-08-26T00:00:00
7531,Jennifer,Davis,jennifer.davis7531@quantumlogiclabs.com,QuantumLogic Labs,Inbound - Content,Working,56,,,,2024-09-02T00:00:00
7532,John,Lee,john.lee7532@pulsepointdigital.com,PulsePoint Digital,Social Media,Nurture,37,,,,2021-10-13T00:00:00
7533,Karen,Martin,karen.martin7533@innovateco.com,InnovateCo,Product-Led,New,29,,,,2022-06-10T00:00:00
7534,Elizabeth,Wilson,elizabeth.wilson7534@rapidcloud.com,RapidCloud,Inbound - Content,MQL,53,,,,2021-09-17T00:00:00
7535,David,Davis,david.davis7535@primepathdigital.com,PrimePath Digital,Product-Led,Nurture,27,,,,2024-08-29T00:00:00
7536,Patricia,Brown,patricia.brown7536@vertexai.com,VertexAI,Outbound - SDR,Converted,77,2017,903,2024-12-10,2024-10-21T00:00:00
7537,Joseph,Rodriguez,joseph.rodriguez7537@brightwavetech.com,BrightWave Tech,Paid Search,Disqualified,5,,,,2020-04-11T00:00:00
7538,Jessica,Thompson,jessica.thompson7538@cybervault.com,CyberVault,Paid Search,New,41,,,,2021-11-08T00:00:00
7539,William,Jones,william.jones7539@futureforge.com,FutureForge,Inbound - Web,Working,55,,,,2022-11-21T00:00:00
7540,Linda,Jackson,linda.jackson7540@databridgecorp.com,DataBridge Corp,Inbound - Web,Working,45,,,,2024-07-12T00:00:00
7541,William,Anderson,william.anderson7541@techflowinc.com,TechFlow Inc,Partner Referral,Converted,87,3538,790,2024-11-04,2024-10-14T00:00:00
7542,Charles,Lopez,charles.lopez7542@metasync.com,MetaSync,Inbound - Webinar,MQL,87,,,,2020-04-13T00:00:00
7543,Thomas,Moore,thomas.moore7543@corestack.com,CoreStack,,Nurture,17,,,,2021-04-26T00:00:00
7544,Richard,Taylor,richard.taylor7544@metasync.com,MetaSync,Product-Led,MQL,74,,,,2024-03-07T00:00:00
7545,Barbara,Jackson,barbara.jackson7545@corestack.com,CoreStack,Event,Disqualified,22,,,,2023-04-24T00:00:00
7546,Michael,Gonzalez,michael.gonzalez7546@pulsepointdigital.com,PulsePoint Digital,,MQL,74,,,,2024-07-07T00:00:00
7547,Jennifer,Martinez,jennifer.martinez7547@cybervault.com,CyberVault,Event,Converted,83,3945,949,2024-08-02,2024-07-18T00:00:00
7548,Karen,Taylor,karen.taylor7548@databridgecorp.com,DataBridge Corp,Product-Led,Working,56,,,,2020-10-25T00:00:00
7549,Linda,Thomas,,InnovateCo,Social Media,New,44,,,,2024-09-10T00:00:00
7550,Charles,Smith,charles.smith7550@futureforge.com,FutureForge,Paid Search,Disqualified,1,,,,2023-06-23T00:00:00
7551,William,Thompson,william.thompson7551@streamlineanalytics.com,StreamLine Analytics,Event,Converted,80,4749,3,2021-11-27,2021-09-29T00:00:00
7552,William,Thomas,william.thomas7552@corestack.com,CoreStack,Paid Search,New,16,,,,2021-02-23T00:00:00
7553,Mary,Garcia,mary.garcia7553@cybervault.com,CyberVault,Social Media,Disqualified,13,,,,2021-10-18T00:00:00
7554,James,Taylor,james.taylor7554@rapidcloud.com,RapidCloud,Social Media,Nurture,66,,,,2022-09-15T00:00:00
7555,Sarah,Lee,sarah.lee7555@brightwavetech.com,BrightWave Tech,Outbound - SDR,Working,41,,,,2024-09-30T00:00:00
7556,Michael,Garcia,,RapidCloud,Event,Converted,69,4817,524,2023-07-24,2023-07-11T00:00:00
7557,Daniel,Johnson,daniel.johnson7557@primepathdigital.com,PrimePath Digital,Social Media,Converted,90,4329,622,2024-12-04,2024-11-04T00:00:00
7558,Patricia,Wilson,patricia.wilson7558@truenorthdata.com,TrueNorth Data,Partner Referral,Converted,92,193,954,2022-05-14,2022-05-04T00:00:00
7559,Sarah,Johnson,sarah.johnson7559@primepathdigital.com,PrimePath Digital,Outbound - Cold,SQL,82,,,,2022-03-12T00:00:00
7560,Daniel,Moore,daniel.moore7560@pulsepointdigital.com,PulsePoint Digital,Inbound - Content,MQL,63,,,,2024-07-20T00:00:00
7561,Robert,Johnson,robert.johnson7561@databridgecorp.com,DataBridge Corp,Event,Converted,55,2936,493,2024-12-26,2024-10-19T00:00:00
7562,Jessica,Rodriguez,jessica.rodriguez7562@futureforge.com,FutureForge,Product-Led,Working,30,,,,2021-05-08T00:00:00
7563,Joseph,Jones,joseph.jones7563@techflowinc.com,TechFlow Inc,Paid Search,Working,66,,,,2022-04-18T00:00:00
7564,David,Thomas,david.thomas7564@agiledynamics.com,Agile Dynamics,Inbound - Webinar,MQL,73,,,,2023-10-08T00:00:00
7565,Mary,Jackson,mary.jackson7565@brightwavetech.com,BrightWave Tech,Inbound - Webinar,Disqualified,5,,,,2023-12-06T00:00:00
7566,Daniel,Lopez,daniel.lopez7566@databridgecorp.com,DataBridge Corp,Partner Referral,MQL,60,,,,2024-11-30T00:00:00
7567,Christopher,Davis,christopher.davis7567@techflowinc.com,TechFlow Inc,Outbound - SDR,Disqualified,25,,,,2023-03-08T00:00:00
7568,Richard,Garcia,richard.garcia7568@vertexai.com,VertexAI,Outbound - SDR,New,66,,,,2020-05-20T00:00:00
7569,Robert,Taylor,robert.taylor7569@cloudscalesystems.com,CloudScale Systems,Partner Referral,Converted,93,4237,784,2021-08-14,2021-05-27T00:00:00
7570,Michael,Martinez,michael.martinez7570@pulsepointdigital.com,PulsePoint Digital,Product-Led,Disqualified,4,,,,2022-02-27T00:00:00
7571,Barbara,Moore,barbara.moore7571@pulsepointdigital.com,PulsePoint Digital,Product-Led,Converted,93,243,854,2023-05-27,2023-04-02T00:00:00
7572,Christopher,Williams,christopher.williams7572@agiledynamics.com,Agile Dynamics,Inbound - Webinar,MQL,89,,,,2020-06-09T00:00:00
7573,Sarah,Jackson,sarah.jackson7573@cloudscalesystems.com,CloudScale Systems,Outbound - Cold,SQL,76,,,,2020-03-23T00:00:00
7574,Christopher,Smith,christopher.smith7574@cybervault.com,CyberVault,Partner Referral,Converted,52,2952,229,2022-07-09,2022-04-29T00:00:00
7575,Patricia,Anderson,patricia.anderson7575@brightwavetech.com,BrightWave Tech,Inbound - Web,New,24,,,,2023-04-26T00:00:00
7576,Richard,Taylor,richard.taylor7576@cybervault.com,CyberVault,Inbound - Web,MQL,69,,,,2020-12-23T00:00:00
7577,Linda,Rodriguez,linda.rodriguez7577@cloudscalesystems.com,CloudScale Systems,Inbound - Content,Working,65,,,,2020-03-11T00:00:00
7578,Karen,Jones,karen.jones7578@rapidcloud.com,RapidCloud,Event,Nurture,16,,,,2020-09-29T00:00:00
7579,Richard,Moore,richard.moore7579@techflowinc.com,TechFlow Inc,Inbound - Web,SQL,94,,,,2023-12-01T00:00:00
7580,Jessica,Martin,jessica.martin7580@futureforge.com,FutureForge,Outbound - Cold,Nurture,43,,,,2022-02-05T00:00:00
7581,Jennifer,Lopez,jennifer.lopez7581@brightwavetech.com,BrightWave Tech,Partner Referral,Working,29,,,,2023-03-21T00:00:00
7582,Lisa,Martinez,lisa.martinez7582@vertexai.com,VertexAI,Social Media,New,67,,,,2022-01-10T00:00:00
7583,Michael,Williams,michael.williams7583@agiledynamics.com,Agile Dynamics,,Working,22,,,,2020-10-01T00:00:00
7584,Lisa,Miller,lisa.miller7584@streamlineanalytics.com,StreamLine Analytics,Inbound - Content,MQL,94,,,,2024-12-05T00:00:00
7585,Christopher,Wilson,christopher.wilson7585@cloudscalesystems.com,CloudScale Systems,Inbound - Webinar,New,56,,,,2023-03-23T00:00:00
7586,William,Martinez,william.martinez7586@insightplatforms.com,Insight Platforms,Event,Converted,99,1540,723,2024-10-03,2024-09-08T00:00:00
7587,Nancy,Brown,nancy.brown7587@nexgensolutions.com,NexGen Solutions,Product-Led,MQL,67,,,,2022-04-10T00:00:00
7588,Daniel,Moore,daniel.moore7588@rapidcloud.com,RapidCloud,Partner Referral,Converted,67,616,795,2022-02-04,2021-12-04T00:00:00
7589,Susan,Wilson,susan.wilson7589@insightplatforms.com,Insight Platforms,Outbound - Cold,Disqualified,19,,,,2022-07-26T00:00:00
7590,John,Taylor,john.taylor7590@brightwavetech.com,BrightWave Tech,Social Media,Nurture,43,,,,2020-06-02T00:00:00
7591,William,Jones,william.jones7591@corestack.com,CoreStack,Event,New,35,,,,2023-06-21T00:00:00
7592,Joseph,Martin,joseph.martin7592@truenorthdata.com,TrueNorth Data,Paid Search,MQL,73,,,,2023-01-12T00:00:00
7593,Thomas,Lee,thomas.lee7593@nexgensolutions.com,NexGen Solutions,Inbound - Web,New,25,,,,2020-08-12T00:00:00
7594,Barbara,Miller,barbara.miller7594@nexgensolutions.com,NexGen Solutions,Outbound - SDR,MQL,75,,,,2020-06-13T00:00:00
7595,Michael,Rodriguez,,StreamLine Analytics,Partner Referral,Nurture,52,,,,2023-12-24T00:00:00
7596,Sarah,Lee,sarah.lee7596@databridgecorp.com,DataBridge Corp,Partner Referral,Converted,83,2650,240,2024-03-07,2023-12-14T00:00:00
7597,Thomas,Jackson,thomas.jackson7597@corestack.com,CoreStack,Outbound - Cold,Disqualified,23,,,,2021-01-19T00:00:00
7598,Michael,Williams,michael.williams7598@pulsepointdigital.com,PulsePoint Digital,Outbound - Cold,Nurture,57,,,,2023-07-28T00:00:00
7599,Richard,Moore,richard.moore7599@cybervault.com,CyberVault,Event,Converted,99,4252,494,2022-08-28,2022-07-04T00:00:00
7600,Daniel,Lopez,daniel.lopez7600@primepathdigital.com,PrimePath Digital,Social Media,New,33,,,,2022-05-11T00:00:00
7601,Christopher,Thomas,christopher.thomas7601@nexgensolutions.com,NexGen Solutions,Paid Search,New,44,,,,2023-07-09T00:00:00
7602,Barbara,Martinez,barbara.martinez7602@nexgensolutions.com,NexGen Solutions,Social Media,MQL,66,,,,2021-07-20T00:00:00
7603,Karen,Hernandez,,CoreStack,Event,Nurture,36,,,,2021-02-02T00:00:00
7604,Nancy,Lopez,nancy.lopez7604@scaleupsystems.com,ScaleUp Systems,Product-Led,Converted,77,412,616,2021-03-21,2021-01-29T00:00:00
7605,Mary,Garcia,mary.garcia7605@streamlineanalytics.com,StreamLine Analytics,Paid Search,Converted,55,3534,887,2023-08-10,2023-07-12T00:00:00
7606,William,Johnson,william.johnson7606@futureforge.com,FutureForge,Inbound - Webinar,Converted,76,946,89,2022-07-22,2022-05-31T00:00:00
7607,Michael,Jones,michael.jones7607@rapidcloud.com,RapidCloud,Inbound - Web,SQL,50,,,,2022-08-21T00:00:00
7608,Thomas,Moore,thomas.moore7608@nexgensolutions.com,NexGen Solutions,Paid Search,Converted,65,2496,215,2023-08-03,2023-05-08T00:00:00
7609,Barbara,Thomas,barbara.thomas7609@streamlineanalytics.com,StreamLine Analytics,Partner Referral,Disqualified,13,,,,2020-11-30T00:00:00
7610,Sarah,Brown,sarah.brown7610@cybervault.com,CyberVault,Product-Led,Converted,74,973,193,2024-09-21,2024-07-06T00:00:00
7611,John,Williams,john.williams7611@vertexai.com,VertexAI,Outbound - SDR,SQL,100,,,,2021-02-09T00:00:00
7612,Mary,Johnson,mary.johnson7612@corestack.com,CoreStack,Event,Converted,63,112,115,2021-02-16,2020-12-16T00:00:00
7613,James,Lopez,james.lopez7613@databridgecorp.com,DataBridge Corp,Outbound - Cold,SQL,96,,,,2020-06-23T00:00:00
7614,Richard,Thomas,richard.thomas7614@metasync.com,MetaSync,,Converted,85,3026,435,2022-05-19,2022-04-22T00:00:00
7615,Charles,Martinez,charles.martinez7615@cybervault.com,CyberVault,Inbound - Webinar,Working,34,,,,2022-02-18T00:00:00
7616,Thomas,Lee,thomas.lee7616@cybervault.com,CyberVault,Product-Led,Nurture,37,,,,2022-03-14T00:00:00
7617,Christopher,Johnson,christopher.johnson7617@corestack.com,CoreStack,Social Media,Disqualified,8,,,,2022-11-28T00:00:00
7618,Karen,Garcia,karen.garcia7618@pulsepointdigital.com,PulsePoint Digital,Inbound - Webinar,MQL,78,,,,2024-05-19T00:00:00
7619,Patricia,Anderson,patricia.anderson7619@cybervault.com,CyberVault,Product-Led,Converted,73,1954,775,2024-08-05,2024-06-15T00:00:00
7620,Thomas,Rodriguez,thomas.rodriguez7620@cloudscalesystems.com,CloudScale Systems,Product-Led,New,36,,,,2021-07-06T00:00:00
7621,Jennifer,Lopez,jennifer.lopez7621@pulsepointdigital.com,PulsePoint Digital,Inbound - Webinar,Disqualified,18,,,,2021-05-31T00:00:00
7622,Nancy,Wilson,nancy.wilson7622@cloudscalesystems.com,CloudScale Systems,Inbound - Web,MQL,76,,,,2020-02-08T00:00:00
7623,Linda,Davis,linda.davis7623@quantumlogiclabs.com,QuantumLogic Labs,Inbound - Content,Converted,86,2934,604,2024-10-24,2024-10-05T00:00:00
7624,Nancy,Jackson,nancy.jackson7624@agiledynamics.com,Agile Dynamics,,Converted,81,2009,149,2024-11-30,2024-11-23T00:00:00
7625,David,Johnson,david.johnson7625@corestack.com,CoreStack,Product-Led,MQL,61,,,,2023-06-07T00:00:00
7626,Nancy,Martin,nancy.martin7626@agiledynamics.com,Agile Dynamics,Event,Working,68,,,,2020-02-14T00:00:00
7627,Jessica,Brown,jessica.brown7627@brightwavetech.com,BrightWave Tech,Product-Led,MQL,56,,,,2022-08-11T00:00:00
7628,William,Garcia,william.garcia7628@techflowinc.com,TechFlow Inc,Paid Search,Nurture,68,,,,2022-05-27T00:00:00
7629,Nancy,Rodriguez,nancy.rodriguez7629@innovateco.com,InnovateCo,Inbound - Webinar,MQL,77,,,,2021-07-17T00:00:00
7630,Barbara,Lopez,barbara.lopez7630@streamlineanalytics.com,StreamLine Analytics,Outbound - SDR,New,53,,,,2024-03-23T00:00:00
7631,David,Smith,david.smith7631@vertexai.com,VertexAI,Partner Referral,Converted,71,2501,877,2022-11-14,2022-09-06T00:00:00
7632,Sarah,Lee,sarah.lee7632@primepathdigital.com,PrimePath Digital,Outbound - Cold,Disqualified,23,,,,2022-11-02T00:00:00
7633,Mary,Lopez,mary.lopez7633@brightwavetech.com,BrightWave Tech,Event,Working,52,,,,2021-01-04T00:00:00
7634,Patricia,Martinez,patricia.martinez7634@cybervault.com,CyberVault,Outbound - Cold,Working,62,,,,2024-02-05T00:00:00
7635,Jennifer,Martinez,jennifer.martinez7635@insightplatforms.com,Insight Platforms,Product-Led,Converted,76,2579,799,2024-01-01,2023-10-21T00:00:00
7636,William,Thomas,william.thomas7636@nexgensolutions.com,NexGen Solutions,Event,New,15,,,,2022-08-19T00:00:00
7637,Nancy,Rodriguez,,QuantumLogic Labs,Inbound - Webinar,Disqualified,23,,,,2023-09-30T00:00:00
7638,Barbara,Smith,barbara.smith7638@brightwavetech.com,BrightWave Tech,Inbound - Webinar,Disqualified,22,,,,2023-04-17T00:00:00
7639,Nancy,Johnson,nancy.johnson7639@streamlineanalytics.com,StreamLine Analytics,Social Media,SQL,75,,,,2020-04-02T00:00:00
7640,James,Miller,james.miller7640@techflowinc.com,TechFlow Inc,Inbound - Web,Nurture,35,,,,2022-11-17T00:00:00
7641,Karen,Garcia,karen.garcia7641@databridgecorp.com,DataBridge Corp,Inbound - Web,New,46,,,,2023-04-26T00:00:00
7642,Patricia,Johnson,patricia.johnson7642@metasync.com,MetaSync,Paid Search,New,53,,,,2024-12-29T00:00:00
7643,Joseph,Smith,,MetaSync,Social Media,New,48,,,,2021-06-27T00:00:00
7644,Lisa,Miller,lisa.miller7644@rapidcloud.com,RapidCloud,Inbound - Content,Converted,88,4885,704,2022-07-18,2022-07-09T00:00:00
7645,Susan,Martinez,susan.martinez7645@agiledynamics.com,Agile Dynamics,Product-Led,Nurture,40,,,,2020-12-28T00:00:00
7646,Elizabeth,Wilson,elizabeth.wilson,ScaleUp Systems,Social Media,Working,46,,,,2024-08-21T00:00:00
7647,Robert,Anderson,robert.anderson7647@nexgensolutions.com,NexGen Solutions,Inbound - Content,Working,58,,,,2022-10-06T00:00:00
7648,Linda,Williams,linda.williams7648@databridgecorp.com,DataBridge Corp,Paid Search,Converted,94,2232,150,2024-07-09,2024-05-17T00:00:00
7649,Jennifer,Brown,jennifer.brown7649@databridgecorp.com,DataBridge Corp,Outbound - SDR,New,39,,,,2023-03-19T00:00:00
7650,Linda,Wilson,linda.wilson7650@agiledynamics.com,Agile Dynamics,Event,MQL,50,,,,2021-07-31T00:00:00
7651,Christopher,Davis,christopher.davis7651@agiledynamics.com,Agile Dynamics,Inbound - Content,Converted,57,1003,183,2024-11-18,2024-09-24T00:00:00
7652,James,Lee,james.lee7652@streamlineanalytics.com,StreamLine Analytics,Inbound - Web,Converted,92,4895,395,2024-02-19,2023-12-24T00:00:00
7653,William,Martin,william.martin7653@scaleupsystems.com,ScaleUp Systems,Outbound - SDR,MQL,84,,,,2021-04-01T00:00:00
7654,William,Davis,william.davis7654@insightplatforms.com,Insight Platforms,Outbound - Cold,MQL,51,,,,2024-02-26T00:00:00
7655,John,Martin,john.martin,StreamLine Analytics,Inbound - Web,SQL,52,,,,2022-12-26T00:00:00
7656,Patricia,Taylor,patricia.taylor7656@cybervault.com,CyberVault,Inbound - Web,SQL,54,,,,2024-02-05T00:00:00
7657,Daniel,Johnson,daniel.johnson7657@cybervault.com,CyberVault,Event,Nurture,48,,,,2023-02-05T00:00:00
7658,William,Williams,william.williams7658@techflowinc.com,TechFlow Inc,Outbound - Cold,New,14,,,,2022-02-26T00:00:00
7659,Christopher,Johnson,christopher.johnson7659@futureforge.com,FutureForge,Outbound - SDR,New,52,,,,2023-10-18T00:00:00
7660,James,Thomas,james.thomas7660@insightplatforms.com,Insight Platforms,Inbound - Content,SQL,64,,,,2021-12-24T00:00:00
7661,Christopher,Smith,christopher.smith7661@techflowinc.com,TechFlow Inc,Product-Led,MQL,73,,,,2024-10-03T00:00:00
7662,Mary,Jackson,mary.jackson7662@cloudscalesystems.com,CloudScale Systems,Paid Search,Working,67,,,,2021-05-14T00:00:00
7663,Jennifer,Rodriguez,jennifer.rodriguez7663@brightwavetech.com,BrightWave Tech,Outbound - SDR,New,18,,,,2020-11-25T00:00:00
7664,David,Brown,david.brown7664@nexgensolutions.com,NexGen Solutions,Product-Led,Converted,98,524,154,2022-12-09,2022-10-27T00:00:00
7665,Jessica,Davis,jessica.davis7665@metasync.com,MetaSync,,Converted,52,16,274,2024-03-04,2024-02-10T00:00:00
7666,Christopher,Hernandez,christopher.hernandez7666@cloudscalesystems.com,CloudScale Systems,Inbound - Web,New,20,,,,2020-11-25T00:00:00
7667,Barbara,Davis,barbara.davis7667@scaleupsystems.com,ScaleUp Systems,Inbound - Web,New,46,,,,2022-08-13T00:00:00
7668,Charles,Hernandez,charles.hernandez7668@futureforge.com,FutureForge,Outbound - SDR,New,69,,,,2021-09-20T00:00:00
7669,Susan,Smith,susan.smith7669@insightplatforms.com,Insight Platforms,Outbound - SDR,Nurture,47,,,,2023-06-11T00:00:00
7670,Sarah,Smith,sarah.smith7670@corestack.com,CoreStack,Inbound - Content,MQL,75,,,,2024-05-04T00:00:00
7671,Daniel,Thomas,,InnovateCo,Inbound - Webinar,Disqualified,25,,,,2020-07-19T00:00:00
7672,Jennifer,Taylor,jennifer.taylor7672@truenorthdata.com,TrueNorth Data,Event,Converted,67,35,76,2024-09-10,2024-07-26T00:00:00
7673,Richard,Davis,richard.davis7673@pulsepointdigital.com,PulsePoint Digital,Inbound - Web,Working,32,,,,2021-06-14T00:00:00
7674,William,Lopez,william.lopez7674@agiledynamics.com,Agile Dynamics,Event,Converted,-100,1997,206,2023-06-08,2023-06-04T00:00:00
7675,William,Davis,william.davis7675@agiledynamics.com,Agile Dynamics,Inbound - Content,SQL,90,,,,2021-06-15T00:00:00
7676,John,Miller,john.miller7676@innovateco.com,InnovateCo,Outbound - SDR,Disqualified,12,,,,2024-07-19T00:00:00
7677,Robert,Jackson,robert.jackson7677@innovateco.com,InnovateCo,Outbound - Cold,New,68,,,,2023-01-19T00:00:00
7678,Jessica,Wilson,jessica.wilson7678@rapidcloud.com,RapidCloud,Outbound - SDR,Working,46,,,,2020-07-23T00:00:00
7679,Richard,Martinez,richard.martinez7679@truenorthdata.com,TrueNorth Data,Event,New,61,,,,2022-07-30T00:00:00
7680,David,Garcia,david.garcia7680@cybervault.com,CyberVault,Outbound - SDR,Working,61,,,,2023-04-12T00:00:00
7681,Michael,Miller,michael.miller7681@insightplatforms.com,Insight Platforms,Social Media,Working,33,,,,2022-01-07T00:00:00
7682,Nancy,Hernandez,nancy.hernandez7682@metasync.com,MetaSync,Partner Referral,MQL,74,,,,2024-07-03T00:00:00
7683,Lisa,Martin,,TechFlow Inc,Inbound - Web,Working,49,,,,2024-05-30T00:00:00
7684,Patricia,Taylor,patricia.taylor7684@streamlineanalytics.com,StreamLine Analytics,Event,Disqualified,27,,,,2023-12-04T00:00:00
7685,John,Miller,john.miller7685@techflowinc.com,TechFlow Inc,Product-Led,Nurture,23,,,,2023-05-14T00:00:00
7686,Christopher,Lee,christopher.lee7686@metasync.com,MetaSync,Product-Led,Disqualified,18,,,,2023-09-11T00:00:00
7687,Linda,Brown,linda.brown7687@techflowinc.com,TechFlow Inc,Inbound - Content,New,68,,,,2020-06-07T00:00:00
7688,Barbara,Moore,barbara.moore7688@rapidcloud.com,RapidCloud,Inbound - Webinar,Nurture,51,,,,2021-09-07T00:00:00
7689,Mary,Johnson,mary.johnson7689@nexgensolutions.com,NexGen Solutions,Social Media,New,51,,,,2020-03-15T00:00:00
7690,Elizabeth,Williams,elizabeth.williams7690@scaleupsystems.com,ScaleUp Systems,Social Media,Working,30,,,,2022-02-03T00:00:00
7691,Mary,Hernandez,mary.hernandez7691@futureforge.com,FutureForge,Inbound - Content,Nurture,52,,,,2024-01-18T00:00:00
7692,Elizabeth,Thompson,elizabeth.thompson7692@streamlineanalytics.com,StreamLine Analytics,Inbound - Content,SQL,67,,,,2023-12-21T00:00:00
7693,Barbara,Martin,barbara.martin7693@truenorthdata.com,TrueNorth Data,Inbound - Webinar,Working,64,,,,2024-11-03T00:00:00
7694,Charles,Gonzalez,charles.gonzalez7694@cloudscalesystems.com,CloudScale Systems,Paid Search,Converted,97,2500,609,2022-07-20,2022-07-08T00:00:00
7695,Charles,Davis,charles.davis7695@rapidcloud.com,RapidCloud,,Disqualified,20,,,,2024-12-25T00:00:00
7696,Nancy,Martin,nancy.martin7696@nexgensolutions.com,NexGen Solutions,Social Media,Working,23,,,,2022-01-10T00:00:00
7697,Susan,Thomas,susan.thomas7697@quantumlogiclabs.com,QuantumLogic Labs,Paid Search,Disqualified,8,,,,2024-12-16T00:00:00
7698,John,Gonzalez,john.gonzalez7698@cloudscalesystems.com,CloudScale Systems,Inbound - Webinar,Working,48,,,,2022-08-01T00:00:00
7699,Mary,Miller,mary.miller7699@insightplatforms.com,Insight Platforms,,Disqualified,4,,,,2020-10-13T00:00:00
7700,Thomas,Martin,thomas.martin7700@truenorthdata.com,TrueNorth Data,Outbound - SDR,Disqualified,19,,,,2023-05-22T00:00:00
7701,Susan,Martin,susan.martin7701@rapidcloud.com,RapidCloud,Event,MQL,91,,,,2021-05-29T00:00:00
7702,James,Taylor,james.taylor7702@databridgecorp.com,DataBridge Corp,Event,Nurture,67,,,,2024-05-07T00:00:00
7703,Karen,Miller,karen.miller7703@pulsepointdigital.com,PulsePoint Digital,Inbound - Webinar,Disqualified,2,,,,2022-03-28T00:00:00
7704,Sarah,Hernandez,sarah.hernandez7704@innovateco.com,InnovateCo,Event,Converted,100,3339,433,2024-10-29,2024-10-16T00:00:00
7705,Nancy,Jackson,nancy.jackson7705@quantumlogiclabs.com,QuantumLogic Labs,Inbound - Web,Working,46,,,,2021-07-22T00:00:00
7706,Michael,Martinez,michael.martinez7706@primepathdigital.com,PrimePath Digital,Product-Led,Converted,80,2615,878,2023-07-20,2023-04-27T00:00:00
7707,William,Brown,william.brown7707@databridgecorp.com,DataBridge Corp,Product-Led,New,68,,,,2021-04-20T00:00:00
7708,Robert,Williams,robert.williams7708@insightplatforms.com,Insight Platforms,Inbound - Content,New,10,,,,2024-07-22T00:00:00
7709,Richard,Williams,richard.williams7709@rapidcloud.com,RapidCloud,Inbound - Webinar,Nurture,41,,,,2023-08-08T00:00:00
7710,Mary,Smith,mary.smith7710@nexgensolutions.com,NexGen Solutions,Product-Led,MQL,72,,,,2021-04-08T00:00:00
7711,William,Thompson,william.thompson7711@truenorthdata.com,TrueNorth Data,Inbound - Web,SQL,58,,,,2020-03-24T00:00:00
7712,Linda,Taylor,linda.taylor7712@futureforge.com,FutureForge,Partner Referral,Nurture,29,,,,2022-05-28T00:00:00
7713,Mary,Anderson,mary.anderson7713@quantumlogiclabs.com,QuantumLogic Labs,Inbound - Web,New,36,,,,2024-11-03T00:00:00
7714,Sarah,Gonzalez,sarah.gonzalez7714@techflowinc.com,TechFlow Inc,Inbound - Webinar,Converted,76,4820,815,2021-03-21,2021-01-09T00:00:00
7715,Susan,Taylor,susan.taylor7715@cloudscalesystems.com,CloudScale Systems,Paid Search,MQL,92,,,,2024-01-13T00:00:00
7716,Nancy,Wilson,nancy.wilson7716@quantumlogiclabs.com,QuantumLogic Labs,Product-Led,MQL,88,,,,2023-06-30T00:00:00
7717,Charles,Jackson,charles.jackson7717@cybervault.com,CyberVault,Outbound - SDR,New,10,,,,2024-05-10T00:00:00
7718,Michael,Lopez,michael.lopez7718@vertexai.com,VertexAI,Partner Referral,SQL,65,,,,2024-04-30T00:00:00
7719,Michael,Moore,michael.moore7719@vertexai.com,VertexAI,Outbound - SDR,Converted,67,4827,219,2024-05-21,2024-03-25T00:00:00
7720,Karen,Thomas,karen.thomas7720@cybervault.com,CyberVault,Inbound - Web,Converted,63,379,129,2020-12-15,2020-11-14T00:00:00
7721,James,Garcia,james.garcia7721@nexgensolutions.com,NexGen Solutions,Event,Working,40,,,,2024-03-23T00:00:00
7722,Thomas,Williams,thomas.williams7722@nexgensolutions.com,NexGen Solutions,Product-Led,Converted,61,1521,146,2024-11-19,2024-09-25T00:00:00
7723,Barbara,Moore,barbara.moore7723@databridgecorp.com,DataBridge Corp,Inbound - Web,Working,-15,,,,2024-04-08T00:00:00
7724,Charles,Miller,charles.miller7724@metasync.com,MetaSync,Partner Referral,Converted,67,4935,520,2024-03-22,2024-03-26T00:00:00
7725,Karen,Garcia,karen.garcia7725@corestack.com,CoreStack,Outbound - SDR,MQL,76,,,,2020-01-25T00:00:00
7726,David,Hernandez,david.hernandez7726@vertexai.com,VertexAI,Inbound - Webinar,MQL,58,,,,2023-10-04T00:00:00
7727,Joseph,Smith,joseph.smith7727@truenorthdata.com,TrueNorth Data,Product-Led,Nurture,12,,,,2024-08-02T00:00:00
7728,Richard,Jackson,richard.jackson7728@techflowinc.com,TechFlow Inc,Inbound - Web,New,23,,,,2020-10-29T00:00:00
7729,Mary,Johnson,mary.johnson7729@streamlineanalytics.com,StreamLine Analytics,Outbound - Cold,MQL,73,,,,2020-07-24T00:00:00
7730,Lisa,Johnson,lisa.johnson7730@insightplatforms.com,Insight Platforms,Paid Search,MQL,75,,,,2021-04-11T00:00:00
7731,Christopher,Johnson,christopher.johnson7731@quantumlogiclabs.com,QuantumLogic Labs,Inbound - Web,SQL,77,,,,2021-10-25T00:00:00
7732,Elizabeth,Rodriguez,elizabeth.rodriguez7732@cloudscalesystems.com,CloudScale Systems,Social Media,Working,26,,,,2023-04-21T00:00:00
7733,Robert,Wilson,,PrimePath Digital,,New,21,,,,2024-06-14T00:00:00
7734,Mary,Gonzalez,mary.gonzalez7734@rapidcloud.com,RapidCloud,Partner Referral,MQL,65,,,,2020-01-14T00:00:00
7735,Richard,Thomas,richard.thomas7735@primepathdigital.com,PrimePath Digital,Event,SQL,57,,,,2023-02-17T00:00:00
7736,Lisa,Jackson,lisa.jackson7736@streamlineanalytics.com,StreamLine Analytics,Partner Referral,Converted,83,1218,980,2024-09-24,2024-09-02T00:00:00
7737,Michael,Rodriguez,michael.rodriguez7737@brightwavetech.com,BrightWave Tech,Outbound - SDR,Working,58,,,,2024-03-05T00:00:00
7738,James,Hernandez,james.hernandez7738@scaleupsystems.com,ScaleUp Systems,Product-Led,Disqualified,29,,,,2023-07-16T00:00:00
7739,Charles,Garcia,charles.garcia7739@techflowinc.com,TechFlow Inc,Inbound - Content,Converted,54,467,249,2024-01-10,2024-01-03T00:00:00
7740,Barbara,Jackson,barbara.jackson7740@cybervault.com,CyberVault,Product-Led,MQL,97,,,,2021-05-15T00:00:00
7741,Robert,Rodriguez,robert.rodriguez7741@cybervault.com,CyberVault,Partner Referral,Converted,90,4771,535,2024-08-13,2024-07-20T00:00:00
7742,Thomas,Martinez,thomas.martinez7742@cloudscalesystems.com,CloudScale Systems,Outbound - Cold,Working,40,,,,2023-02-24T00:00:00
7743,Mary,Anderson,,TechFlow Inc,Partner Referral,Working,45,,,,2020-12-09T00:00:00
7744,Christopher,Lopez,christopher.lopez7744@streamlineanalytics.com,StreamLine Analytics,Inbound - Content,Disqualified,20,,,,2023-11-13T00:00:00
7745,Mary,Smith,mary.smith7745@insightplatforms.com,Insight Platforms,Product-Led,Working,59,,,,2024-02-19T00:00:00
7746,Jennifer,Rodriguez,jennifer.rodriguez7746@primepathdigital.com,PrimePath Digital,Outbound - Cold,Converted,85,4353,696,2024-07-08,2024-05-01T00:00:00
7747,James,Thomas,james.thomas7747@quantumlogiclabs.com,QuantumLogic Labs,Inbound - Web,MQL,66,,,,2022-08-28T00:00:00
7748,Thomas,Taylor,thomas.taylor7748@pulsepointdigital.com,PulsePoint Digital,Paid Search,Converted,93,4575,927,2023-10-31,2023-10-05T00:00:00
7749,Robert,Moore,robert.moore7749@insightplatforms.com,Insight Platforms,Partner Referral,SQL,76,,,,2024-11-22T00:00:00
7750,Mary,Thompson,mary.thompson7750@vertexai.com,VertexAI,Partner Referral,Disqualified,4,,,,2022-09-16T00:00:00
7751,Barbara,Martin,barbara.martin7751@cloudscalesystems.com,CloudScale Systems,Outbound - Cold,Disqualified,3,,,,2024-12-18T00:00:00
7752,Nancy,Martinez,nancy.martinez7752@rapidcloud.com,RapidCloud,Event,MQL,57,,,,2021-03-30T00:00:00
7753,Barbara,Hernandez,barbara.hernandez7753@pulsepointdigital.com,PulsePoint Digital,Inbound - Content,Disqualified,13,,,,2023-01-20T00:00:00
7754,Jennifer,Wilson,jennifer.wilson7754@truenorthdata.com,TrueNorth Data,Inbound - Web,Disqualified,6,,,,2022-01-23T00:00:00
7755,Joseph,Rodriguez,joseph.rodriguez7755@brightwavetech.com,BrightWave Tech,Inbound - Web,New,56,,,,2023-07-22T00:00:00
7756,Karen,Jones,,Insight Platforms,Paid Search,Nurture,46,,,,2022-07-14T00:00:00
7757,Patricia,Martinez,patricia.martinez7757@agiledynamics.com,Agile Dynamics,Social Media,Nurture,36,,,,2020-02-05T00:00:00
7758,Michael,Lopez,michael.lopez7758@rapidcloud.com,RapidCloud,Outbound - Cold,Working,26,,,,2021-02-11T00:00:00
7759,John,Moore,john.moore7759@nexgensolutions.com,NexGen Solutions,Inbound - Web,Nurture,10,,,,2021-02-18T00:00:00
7760,Thomas,Lopez,thomas.lopez7760@nexgensolutions.com,NexGen Solutions,Social Media,SQL,94,,,,2020-05-19T00:00:00
7761,Patricia,Martinez,patricia.martinez7761@corestack.com,CoreStack,Outbound - SDR,New,50,,,,2024-02-28T00:00:00
7762,Karen,Thompson,karen.thompson7762@quantumlogiclabs.com,QuantumLogic Labs,Inbound - Content,Disqualified,13,,,,2021-04-26T00:00:00
7763,Thomas,Martinez,thomas.martinez7763@insightplatforms.com,Insight Platforms,Outbound - SDR,Working,20,,,,2021-03-06T00:00:00
7764,Thomas,Garcia,thomas.garcia,QuantumLogic Labs,Inbound - Web,Disqualified,2,,,,2022-10-08T00:00:00
7765,James,Lee,james.lee7765@metasync.com,MetaSync,Outbound - SDR,Disqualified,19,,,,2020-03-08T00:00:00
7766,Karen,Jones,karen.jones7766@techflowinc.com,TechFlow Inc,Partner Referral,Converted,56,2889,663,2024-09-04,2024-07-23T00:00:00
7767,Robert,Jackson,robert.jackson,StreamLine Analytics,Product-Led,MQL,51,,,,2024-06-28T00:00:00
7768,Thomas,Johnson,thomas.johnson7768@scaleupsystems.com,ScaleUp Systems,Outbound - SDR,MQL,56,,,,2020-06-09T00:00:00
7769,James,Lee,james.lee7769@scaleupsystems.com,ScaleUp Systems,Inbound - Web,Disqualified,22,,,,2021-02-21T00:00:00
7770,Karen,Lopez,karen.lopez7770@metasync.com,MetaSync,Inbound - Webinar,New,61,,,,2020-04-02T00:00:00
7771,Patricia,Lee,patricia.lee7771@cloudscalesystems.com,CloudScale Systems,Paid Search,Disqualified,15,,,,2021-05-15T00:00:00
7772,Robert,Thompson,robert.thompson7772@rapidcloud.com,RapidCloud,Event,MQL,53,,,,2022-08-14T00:00:00
7773,Jessica,Wilson,jessica.wilson7773@pulsepointdigital.com,PulsePoint Digital,Inbound - Content,Working,43,,,,2020-05-05T00:00:00
7774,Linda,Miller,linda.miller,CloudScale Systems,Partner Referral,Converted,75,4910,316,2024-01-10,2023-12-09T00:00:00
7775,Mary,Taylor,mary.taylor7775@cloudscalesystems.com,CloudScale Systems,Partner Referral,New,63,,,,2024-07-02T00:00:00
7776,Daniel,Lee,daniel.lee7776@innovateco.com,InnovateCo,Social Media,MQL,60,,,,2024-08-11T00:00:00
7777,James,Miller,james.miller7777@vertexai.com,VertexAI,Paid Search,MQL,63,,,,2021-08-03T00:00:00
7778,Daniel,Johnson,daniel.johnson7778@insightplatforms.com,Insight Platforms,Social Media,Nurture,44,,,,2021-02-21T00:00:00
7779,Daniel,Garcia,daniel.garcia7779@brightwavetech.com,BrightWave Tech,Event,Disqualified,16,,,,2020-10-20T00:00:00
7780,Elizabeth,Martinez,elizabeth.martinez7780@agiledynamics.com,Agile Dynamics,Paid Search,New,39,,,,2022-04-22T00:00:00
7781,Elizabeth,Davis,elizabeth.davis7781@cloudscalesystems.com,CloudScale Systems,Inbound - Web,Converted,54,724,254,2023-01-01,2022-10-25T00:00:00
7782,Lisa,Martinez,lisa.martinez7782@databridgecorp.com,DataBridge Corp,Paid Search,Disqualified,8,,,,2021-06-04T00:00:00
7783,David,Smith,david.smith7783@cloudscalesystems.com,CloudScale Systems,Social Media,Converted,86,1649,564,2024-03-05,2024-01-09T00:00:00
7784,James,Wilson,james.wilson7784@metasync.com,MetaSync,Inbound - Content,Nurture,19,,,,2020-01-18T00:00:00
7785,David,Lee,david.lee7785@corestack.com,CoreStack,Outbound - Cold,MQL,57,,,,2021-06-07T00:00:00
7786,Jennifer,Thomas,jennifer.thomas7786@techflowinc.com,TechFlow Inc,Inbound - Web,Disqualified,8,,,,2020-04-29T00:00:00
7787,James,Anderson,james.anderson7787@cloudscalesystems.com,CloudScale Systems,Partner Referral,SQL,85,,,,2020-02-02T00:00:00
7788,Thomas,Hernandez,thomas.hernandez7788@corestack.com,CoreStack,,SQL,83,,,,2023-07-24T00:00:00
7789,Karen,Thomas,,TechFlow Inc,Outbound - Cold,MQL,76,,,,2024-08-30T00:00:00
7790,Susan,Moore,susan.moore7790@brightwavetech.com,BrightWave Tech,Outbound - SDR,New,22,,,,2020-01-24T00:00:00
7791,Christopher,Martin,christopher.martin7791@primepathdigital.com,PrimePath Digital,Paid Search,Nurture,46,,,,2020-10-03T00:00:00
7792,Karen,Jones,karen.jones7792@cybervault.com,CyberVault,Inbound - Content,Working,20,,,,2023-04-29T00:00:00
7793,Jennifer,Johnson,jennifer.johnson7793@vertexai.com,VertexAI,Product-Led,Working,65,,,,2022-11-01T00:00:00
7794,Charles,Rodriguez,charles.rodriguez7794@agiledynamics.com,Agile Dynamics,Paid Search,Working,66,,,,2020-12-31T00:00:00
7795,Susan,Davis,susan.davis7795@cloudscalesystems.com,CloudScale Systems,Inbound - Content,MQL,63,,,,2024-04-09T00:00:00
7796,Barbara,Jones,barbara.jones7796@brightwavetech.com,BrightWave Tech,Outbound - Cold,SQL,66,,,,2023-12-16T00:00:00
7797,Daniel,Moore,daniel.moore7797@vertexai.com,VertexAI,Inbound - Web,MQL,85,,,,2020-09-05T00:00:00
7798,Karen,Garcia,karen.garcia7798@insightplatforms.com,Insight Platforms,Event,Working,54,,,,2020-09-11T00:00:00
7799,Robert,Jackson,robert.jackson7799@innovateco.com,InnovateCo,Outbound - SDR,SQL,50,,,,2024-05-27T00:00:00
7800,Elizabeth,Taylor,elizabeth.taylor7800@quantumlogiclabs.com,QuantumLogic Labs,Outbound - Cold,Working,-15,,,,2022-01-24T00:00:00
7801,John,Brown,john.brown7801@futureforge.com,FutureForge,,Nurture,14,,,,2020-02-17T00:00:00
7802,Nancy,Thompson,nancy.thompson7802@truenorthdata.com,TrueNorth Data,Social Media,SQL,80,,,,2023-08-28T00:00:00
7803,Jennifer,Wilson,jennifer.wilson7803@truenorthdata.com,TrueNorth Data,Inbound - Webinar,Disqualified,28,,,,2024-08-10T00:00:00
7804,Susan,Brown,susan.brown7804@scaleupsystems.com,ScaleUp Systems,Outbound - SDR,Converted,70,2751,818,2024-04-24,2024-03-17T00:00:00
7805,Joseph,Thompson,joseph.thompson7805@corestack.com,CoreStack,Partner Referral,New,33,,,,2020-08-10T00:00:00
7806,James,Wilson,james.wilson7806@corestack.com,CoreStack,Inbound - Web,Disqualified,10,,,,2024-03-06T00:00:00
7807,Thomas,Garcia,thomas.garcia7807@quantumlogiclabs.com,QuantumLogic Labs,Inbound - Webinar,New,55,,,,2024-02-11T00:00:00
7808,Elizabeth,Johnson,,TechFlow Inc,Inbound - Content,New,50,,,,2023-06-19T00:00:00
7809,Linda,Rodriguez,linda.rodriguez,ScaleUp Systems,Inbound - Webinar,Working,29,,,,2020-05-25T00:00:00
7810,Susan,Lopez,susan.lopez7810@pulsepointdigital.com,PulsePoint Digital,Paid Search,Working,38,,,,2021-12-26T00:00:00
7811,Robert,Johnson,robert.johnson7811@cybervault.com,CyberVault,Inbound - Webinar,Converted,95,1845,283,2022-03-06,2021-12-10T00:00:00
7812,Susan,Moore,susan.moore7812@quantumlogiclabs.com,QuantumLogic Labs,Social Media,New,67,,,,2024-10-20T00:00:00
7813,William,Smith,william.smith7813@innovateco.com,InnovateCo,Product-Led,Converted,53,2870,979,2024-10-10,2024-09-02T00:00:00
7814,James,Thomas,james.thomas7814@insightplatforms.com,Insight Platforms,Inbound - Webinar,Working,11,,,,2022-06-19T00:00:00
7815,Karen,Jones,karen.jones7815@metasync.com,MetaSync,Partner Referral,SQL,70,,,,2022-04-29T00:00:00
7816,Michael,Anderson,michael.anderson7816@insightplatforms.com,Insight Platforms,Product-Led,Disqualified,25,,,,2024-07-16T00:00:00
7817,Richard,Davis,richard.davis7817@cloudscalesystems.com,CloudScale Systems,Inbound - Content,MQL,80,,,,2020-06-10T00:00:00
7818,Thomas,Martin,thomas.martin7818@techflowinc.com,TechFlow Inc,Outbound - Cold,New,19,,,,2024-10-02T00:00:00
7819,Patricia,Smith,patricia.smith7819@brightwavetech.com,BrightWave Tech,Partner Referral,New,12,,,,2022-12-24T00:00:00
7820,John,Davis,john.davis7820@metasync.com,MetaSync,Inbound - Webinar,Disqualified,25,,,,2023-06-02T00:00:00
7821,Lisa,Rodriguez,lisa.rodriguez7821@cybervault.com,CyberVault,Social Media,Converted,69,3801,123,2024-06-13,2024-06-04T00:00:00
7822,Karen,Williams,karen.williams7822@quantumlogiclabs.com,QuantumLogic Labs,Paid Search,New,60,,,,2022-10-27T00:00:00
7823,William,Moore,william.moore7823@databridgecorp.com,DataBridge Corp,Inbound - Webinar,MQL,74,,,,2021-06-25T00:00:00
7824,Mary,Wilson,mary.wilson7824@insightplatforms.com,Insight Platforms,Paid Search,MQL,-69,,,,2022-12-25T00:00:00
7825,Linda,Wilson,linda.wilson7825@corestack.com,CoreStack,Outbound - Cold,Disqualified,16,,,,2024-06-14T00:00:00
7826,Elizabeth,Lee,elizabeth.lee7826@corestack.com,CoreStack,Outbound - Cold,MQL,83,,,,2020-03-05T00:00:00
7827,Jennifer,Johnson,jennifer.johnson7827@streamlineanalytics.com,StreamLine Analytics,Inbound - Content,Converted,92,3800,508,2024-08-11,2024-06-21T00:00:00
7828,Karen,Wilson,karen.wilson,RapidCloud,Outbound - Cold,Working,41,,,,2020-01-26T00:00:00
7829,Charles,Thompson,charles.thompson7829@primepathdigital.com,PrimePath Digital,Inbound - Webinar,New,53,,,,2023-11-28T00:00:00
7830,Michael,Martinez,michael.martinez7830@nexgensolutions.com,NexGen Solutions,Event,Disqualified,26,,,,2024-10-04T00:00:00
7831,Charles,Johnson,charles.johnson7831@databridgecorp.com,DataBridge Corp,Outbound - Cold,Nurture,13,,,,2022-07-02T00:00:00
7832,Karen,Jones,karen.jones7832@streamlineanalytics.com,StreamLine Analytics,Social Media,SQL,63,,,,2024-11-08T00:00:00
7833,Lisa,Martin,lisa.martin7833@nexgensolutions.com,NexGen Solutions,Paid Search,SQL,83,,,,2022-04-07T00:00:00
7834,Linda,Hernandez,linda.hernandez7834@pulsepointdigital.com,PulsePoint Digital,Inbound - Webinar,Disqualified,29,,,,2022-11-15T00:00:00
7835,Linda,Garcia,linda.garcia7835@nexgensolutions.com,NexGen Solutions,Inbound - Webinar,Disqualified,5,,,,2022-01-03T00:00:00
7836,Patricia,Thomas,patricia.thomas7836@brightwavetech.com,BrightWave Tech,Event,Converted,88,3582,734,2024-10-07,2024-09-16T00:00:00
7837,Elizabeth,Rodriguez,elizabeth.rodriguez7837@agiledynamics.com,Agile Dynamics,Social Media,MQL,98,,,,2024-04-25T00:00:00
7838,Mary,Jones,mary.jones7838@vertexai.com,VertexAI,Event,MQL,68,,,,2022-04-02T00:00:00
7839,Jessica,Miller,jessica.miller7839@quantumlogiclabs.com,QuantumLogic Labs,Outbound - SDR,Working,68,,,,2020-11-04T00:00:00
7840,Jessica,Thomas,jessica.thomas7840@insightplatforms.com,Insight Platforms,Inbound - Webinar,Converted,66,1917,758,2024-11-25,2024-10-07T00:00:00
7841,David,Lee,david.lee7841@cloudscalesystems.com,CloudScale Systems,Outbound - SDR,New,25,,,,2020-04-05T00:00:00
7842,John,Wilson,john.wilson7842@rapidcloud.com,RapidCloud,Event,MQL,71,,,,2020-12-13T00:00:00
7843,Susan,Brown,susan.brown7843@scaleupsystems.com,ScaleUp Systems,Inbound - Webinar,Converted,96,4786,574,2024-03-27,2024-01-07T00:00:00
7844,Mary,Lopez,mary.lopez7844@nexgensolutions.com,NexGen Solutions,Inbound - Webinar,Disqualified,2,,,,2021-04-19T00:00:00
7845,Charles,Gonzalez,charles.gonzalez7845@pulsepointdigital.com,PulsePoint Digital,Product-Led,Converted,77,4828,369,2024-09-01,2024-06-26T00:00:00
7846,Jessica,Rodriguez,jessica.rodriguez,CoreStack,Event,SQL,72,,,,2024-04-15T00:00:00
7847,Sarah,Lee,sarah.lee7847@primepathdigital.com,PrimePath Digital,Outbound - Cold,MQL,93,,,,2023-10-17T00:00:00
7848,Christopher,Anderson,christopher.anderson7848@brightwavetech.com,BrightWave Tech,Product-Led,New,30,,,,2024-07-24T00:00:00
7849,Nancy,Lee,nancy.lee7849@innovateco.com,InnovateCo,Partner Referral,SQL,74,,,,2020-02-14T00:00:00
7850,Linda,Gonzalez,linda.gonzalez7850@brightwavetech.com,BrightWave Tech,Partner Referral,Converted,100,1812,42,2024-12-21,2024-11-17T00:00:00
7851,David,Davis,david.davis7851@pulsepointdigital.com,PulsePoint Digital,Paid Search,Working,11,,,,2020-02-04T00:00:00
7852,Mary,Wilson,mary.wilson7852@primepathdigital.com,PrimePath Digital,Product-Led,New,58,,,,2021-12-14T00:00:00
7853,David,Jackson,david.jackson7853@cloudscalesystems.com,CloudScale Systems,Inbound - Content,New,44,,,,2024-09-05T00:00:00
7854,James,Smith,,TrueNorth Data,Product-Led,Converted,76,1122,183,2024-12-09,2024-10-24T00:00:00
7855,Robert,Rodriguez,robert.rodriguez7855@scaleupsystems.com,ScaleUp Systems,Inbound - Webinar,Converted,99,4261,579,2023-09-20,2023-09-07T00:00:00
7856,Thomas,Jackson,thomas.jackson7856@scaleupsystems.com,ScaleUp Systems,Inbound - Web,SQL,72,,,,2022-11-04T00:00:00
7857,Christopher,Miller,,TechFlow Inc,Outbound - Cold,SQL,100,,,,2023-09-30T00:00:00
7858,James,Miller,james.miller7858@pulsepointdigital.com,PulsePoint Digital,Paid Search,New,36,,,,2024-05-23T00:00:00
7859,David,Jones,david.jones7859@techflowinc.com,TechFlow Inc,Outbound - Cold,Disqualified,8,,,,2022-03-20T00:00:00
7860,William,Rodriguez,william.rodriguez7860@rapidcloud.com,RapidCloud,Outbound - SDR,MQL,78,,,,2024-09-29T00:00:00
7861,Thomas,Davis,thomas.davis7861@techflowinc.com,TechFlow Inc,Event,Converted,63,2667,631,2023-12-24,2023-10-18T00:00:00
7862,Sarah,Lee,sarah.lee7862@scaleupsystems.com,ScaleUp Systems,Product-Led,SQL,68,,,,2024-10-27T00:00:00
7863,Barbara,Johnson,barbara.johnson7863@primepathdigital.com,PrimePath Digital,Outbound - SDR,MQL,90,,,,2022-03-22T00:00:00
7864,Daniel,Lopez,daniel.lopez7864@primepathdigital.com,PrimePath Digital,Inbound - Content,Working,53,,,,2022-08-11T00:00:00
7865,Joseph,Lopez,joseph.lopez7865@nexgensolutions.com,NexGen Solutions,Inbound - Webinar,Disqualified,25,,,,2022-12-05T00:00:00
7866,Elizabeth,Miller,elizabeth.miller7866@quantumlogiclabs.com,QuantumLogic Labs,Inbound - Content,Working,61,,,,2023-02-17T00:00:00
7867,Christopher,Johnson,christopher.johnson7867@rapidcloud.com,RapidCloud,Outbound - SDR,New,31,,,,2023-07-23T00:00:00
7868,David,Anderson,david.anderson7868@vertexai.com,VertexAI,Social Media,New,62,,,,2022-11-12T00:00:00
7869,David,Anderson,,StreamLine Analytics,Outbound - SDR,New,65,,,,2022-09-30T00:00:00
7870,Jennifer,Garcia,jennifer.garcia7870@metasync.com,MetaSync,Social Media,Working,56,,,,2021-03-28T00:00:00
7871,Michael,Smith,michael.smith7871@pulsepointdigital.com,PulsePoint Digital,Inbound - Webinar,Working,57,,,,2023-05-18T00:00:00
7872,Robert,Martin,robert.martin7872@agiledynamics.com,Agile Dynamics,Event,Working,43,,,,2021-07-20T00:00:00
7873,Patricia,Thomas,patricia.thomas7873@cloudscalesystems.com,CloudScale Systems,Product-Led,New,67,,,,2024-10-10T00:00:00
7874,Susan,Williams,susan.williams7874@streamlineanalytics.com,StreamLine Analytics,Partner Referral,New,59,,,,2020-08-12T00:00:00
7875,Mary,Smith,mary.smith7875@primepathdigital.com,PrimePath Digital,Paid Search,Converted,96,4690,371,2020-09-25,2020-09-05T00:00:00
7876,Charles,Jackson,charles.jackson7876@futureforge.com,FutureForge,Social Media,Disqualified,3,,,,2021-07-17T00:00:00
7877,Thomas,Garcia,thomas.garcia7877@scaleupsystems.com,ScaleUp Systems,Event,Disqualified,8,,,,2023-11-30T00:00:00
7878,Patricia,Lopez,patricia.lopez7878@agiledynamics.com,Agile Dynamics,,Converted,70,2430,89,2023-08-03,2023-05-18T00:00:00
7879,John,Garcia,john.garcia7879@insightplatforms.com,Insight Platforms,Outbound - Cold,Nurture,21,,,,2020-09-09T00:00:00
7880,Michael,Smith,michael.smith7880@futureforge.com,FutureForge,Event,Nurture,21,,,,2021-10-24T00:00:00
7881,Susan,Wilson,susan.wilson7881@insightplatforms.com,Insight Platforms,Product-Led,Converted,71,569,207,2022-12-02,2022-09-30T00:00:00
7882,Thomas,Martinez,thomas.martinez7882@corestack.com,CoreStack,Event,Disqualified,10,,,,2023-12-31T00:00:00
7883,Barbara,Jackson,barbara.jackson7883@techflowinc.com,TechFlow Inc,Partner Referral,Converted,72,3611,373,2023-09-19,2023-07-06T00:00:00
7884,Joseph,Jones,joseph.jones7884@quantumlogiclabs.com,QuantumLogic Labs,Product-Led,SQL,69,,,,2021-10-24T00:00:00
7885,Jessica,Garcia,jessica.garcia7885@futureforge.com,FutureForge,Event,Disqualified,19,,,,2021-02-18T00:00:00
7886,Jennifer,Taylor,jennifer.taylor7886@vertexai.com,VertexAI,Outbound - Cold,Working,58,,,,2022-08-05T00:00:00
7887,Thomas,Hernandez,thomas.hernandez7887@corestack.com,CoreStack,Partner Referral,Disqualified,0,,,,2020-12-28T00:00:00
7888,Jennifer,Smith,jennifer.smith7888@primepathdigital.com,PrimePath Digital,Paid Search,Converted,91,3619,43,2024-06-13,2024-05-07T00:00:00
7889,William,Lee,william.lee7889@scaleupsystems.com,ScaleUp Systems,Social Media,SQL,93,,,,2024-07-10T00:00:00
7890,Linda,Lee,linda.lee7890@metasync.com,MetaSync,Outbound - Cold,Converted,52,804,115,2021-12-01,2021-10-27T00:00:00
7891,Lisa,Hernandez,lisa.hernandez7891@primepathdigital.com,PrimePath Digital,Paid Search,SQL,81,,,,2023-05-07T00:00:00
7892,Elizabeth,Brown,elizabeth.brown7892@scaleupsystems.com,ScaleUp Systems,Outbound - SDR,MQL,97,,,,2021-03-09T00:00:00
7893,Christopher,Johnson,christopher.johnson7893@pulsepointdigital.com,PulsePoint Digital,Inbound - Web,Converted,78,2726,401,2024-07-29,2024-07-10T00:00:00
7894,Mary,Smith,mary.smith7894@truenorthdata.com,TrueNorth Data,Inbound - Content,Converted,71,349,624,2024-01-14,2023-12-03T00:00:00
7895,David,Jones,david.jones7895@quantumlogiclabs.com,QuantumLogic Labs,Social Media,Disqualified,28,,,,2022-11-20T00:00:00
7896,Charles,Garcia,charles.garcia7896@cybervault.com,CyberVault,Social Media,Working,24,,,,2022-12-03T00:00:00
7897,Nancy,Lee,nancy.lee7897@streamlineanalytics.com,StreamLine Analytics,Partner Referral,New,31,,,,2020-03-29T00:00:00
7898,David,Miller,david.miller7898@futureforge.com,FutureForge,Outbound - SDR,Nurture,15,,,,2023-09-24T00:00:00
7899,Karen,Lee,karen.lee7899@metasync.com,MetaSync,Social Media,Disqualified,9,,,,2024-05-10T00:00:00
7900,Jessica,Thomas,jessica.thomas7900@innovateco.com,InnovateCo,Paid Search,Nurture,59,,,,2023-02-20T00:00:00
7901,Sarah,Davis,sarah.davis7901@cybervault.com,CyberVault,Social Media,Working,64,,,,2021-08-05T00:00:00
7902,Robert,Johnson,robert.johnson7902@streamlineanalytics.com,StreamLine Analytics,Outbound - SDR,Converted,70,346,903,2024-10-06,2024-09-22T00:00:00
7903,Patricia,Lopez,patricia.lopez7903@quantumlogiclabs.com,QuantumLogic Labs,Paid Search,New,46,,,,2023-02-03T00:00:00
7904,Joseph,Smith,joseph.smith7904@streamlineanalytics.com,StreamLine Analytics,Inbound - Webinar,Disqualified,29,,,,2023-03-17T00:00:00
7905,Sarah,Brown,sarah.brown7905@quantumlogiclabs.com,QuantumLogic Labs,Outbound - SDR,New,23,,,,2021-11-29T00:00:00
7906,John,Anderson,john.anderson7906@nexgensolutions.com,NexGen Solutions,Inbound - Webinar,MQL,97,,,,2021-05-05T00:00:00
7907,Karen,Williams,karen.williams7907@futureforge.com,FutureForge,Product-Led,Working,64,,,,2020-03-08T00:00:00
7908,Karen,Wilson,,PulsePoint Digital,Event,Converted,81,1339,989,2023-12-08,2023-11-10T00:00:00
7909,Lisa,Jackson,lisa.jackson7909@metasync.com,MetaSync,Partner Referral,New,61,,,,2024-05-29T00:00:00
7910,David,Jackson,david.jackson7910@vertexai.com,VertexAI,Partner Referral,Converted,70,4114,217,2024-09-12,2024-07-27T00:00:00
7911,Christopher,Rodriguez,christopher.rodriguez7911@agiledynamics.com,Agile Dynamics,Partner Referral,SQL,59,,,,2022-03-11T00:00:00
7912,Thomas,Martinez,thomas.martinez7912@innovateco.com,InnovateCo,Outbound - SDR,Converted,72,4328,550,2024-10-22,2024-09-23T00:00:00
7913,Karen,Davis,karen.davis,TrueNorth Data,Outbound - Cold,MQL,51,,,,2021-08-03T00:00:00
7914,Linda,Johnson,linda.johnson7914@databridgecorp.com,DataBridge Corp,Product-Led,New,64,,,,2023-04-23T00:00:00
7915,Mary,Hernandez,mary.hernandez7915@rapidcloud.com,RapidCloud,Partner Referral,Working,52,,,,2023-02-22T00:00:00
7916,Sarah,Johnson,,TechFlow Inc,Outbound - SDR,Converted,76,904,41,2023-06-30,2023-05-24T00:00:00
7917,Charles,Jackson,charles.jackson7917@scaleupsystems.com,ScaleUp Systems,Outbound - Cold,MQL,57,,,,2020-04-21T00:00:00
7918,Nancy,Moore,nancy.moore7918@vertexai.com,VertexAI,Event,Working,-10,,,,2024-03-30T00:00:00
7919,Lisa,Martinez,lisa.martinez7919@primepathdigital.com,PrimePath Digital,Social Media,MQL,78,,,,2022-05-13T00:00:00
7920,Jessica,Thomas,jessica.thomas7920@metasync.com,MetaSync,Outbound - SDR,Disqualified,2,,,,2022-08-09T00:00:00
7921,Sarah,Hernandez,sarah.hernandez7921@primepathdigital.com,PrimePath Digital,Paid Search,Converted,57,3663,275,2023-09-20,2023-08-08T00:00:00
7922,Richard,Smith,richard.smith7922@databridgecorp.com,DataBridge Corp,Paid Search,Nurture,23,,,,2020-02-22T00:00:00
7923,James,Anderson,james.anderson7923@streamlineanalytics.com,StreamLine Analytics,Outbound - SDR,Nurture,-68,,,,2022-06-17T00:00:00
7924,Thomas,Jones,thomas.jones7924@agiledynamics.com,Agile Dynamics,Social Media,SQL,87,,,,2021-05-29T00:00:00
7925,Susan,Brown,susan.brown7925@insightplatforms.com,Insight Platforms,Event,MQL,87,,,,2020-12-13T00:00:00
7926,Barbara,Gonzalez,barbara.gonzalez7926@scaleupsystems.com,ScaleUp Systems,Paid Search,Converted,82,2710,203,2024-10-09,2024-07-28T00:00:00
7927,Michael,Moore,michael.moore7927@cloudscalesystems.com,CloudScale Systems,Social Media,Working,60,,,,2024-05-05T00:00:00
7928,Joseph,Jackson,joseph.jackson7928@databridgecorp.com,DataBridge Corp,Outbound - Cold,Nurture,48,,,,2020-07-11T00:00:00
7929,John,Thompson,john.thompson7929@cybervault.com,CyberVault,Outbound - SDR,SQL,69,,,,2022-07-25T00:00:00
7930,Susan,Johnson,susan.johnson7930@scaleupsystems.com,ScaleUp Systems,Inbound - Webinar,Nurture,21,,,,2022-05-08T00:00:00
7931,James,Williams,james.williams7931@quantumlogiclabs.com,QuantumLogic Labs,Paid Search,MQL,50,,,,2021-12-10T00:00:00
7932,Richard,Wilson,richard.wilson7932@nexgensolutions.com,NexGen Solutions,Partner Referral,Converted,66,4886,379,2024-10-17,2024-07-31T00:00:00
7933,Mary,Williams,mary.williams7933@corestack.com,CoreStack,Inbound - Content,MQL,53,,,,2022-12-07T00:00:00
7934,Michael,Jackson,michael.jackson7934@streamlineanalytics.com,StreamLine Analytics,Outbound - SDR,Nurture,37,,,,2023-02-05T00:00:00
7935,Jennifer,Lopez,jennifer.lopez7935@primepathdigital.com,PrimePath Digital,Inbound - Content,Working,27,,,,2021-09-30T00:00:00
7936,Patricia,Anderson,patricia.anderson7936@scaleupsystems.com,ScaleUp Systems,Inbound - Webinar,Converted,82,4199,403,2022-12-08,2022-09-28T00:00:00
7937,James,Smith,james.smith7937@techflowinc.com,TechFlow Inc,Inbound - Webinar,MQL,-100,,,,2024-08-10T00:00:00
7938,Richard,Moore,richard.moore7938@databridgecorp.com,DataBridge Corp,Paid Search,MQL,54,,,,2024-10-07T00:00:00
7939,Sarah,Martin,sarah.martin7939@vertexai.com,VertexAI,Social Media,Converted,51,658,473,2024-09-29,2024-07-14T00:00:00
7940,John,Taylor,john.taylor7940@streamlineanalytics.com,StreamLine Analytics,Inbound - Webinar,SQL,73,,,,2022-06-22T00:00:00
7941,Elizabeth,Miller,elizabeth.miller7941@nexgensolutions.com,NexGen Solutions,Paid Search,New,53,,,,2022-07-28T00:00:00
7942,Michael,Davis,michael.davis7942@primepathdigital.com,PrimePath Digital,Outbound - SDR,SQL,55,,,,2020-11-16T00:00:00
7943,Robert,Smith,robert.smith7943@corestack.com,CoreStack,Social Media,Nurture,43,,,,2020-05-26T00:00:00
7944,Patricia,Rodriguez,patricia.rodriguez7944@primepathdigital.com,PrimePath Digital,Event,Converted,63,2484,814,2022-07-08,2022-05-15T00:00:00
7945,Lisa,Gonzalez,lisa.gonzalez7945@insightplatforms.com,Insight Platforms,Inbound - Content,SQL,67,,,,2020-09-11T00:00:00
7946,David,Smith,david.smith7946@metasync.com,MetaSync,Event,MQL,86,,,,2021-01-31T00:00:00
7947,Nancy,Gonzalez,nancy.gonzalez7947@rapidcloud.com,RapidCloud,Outbound - Cold,Disqualified,18,,,,2021-10-03T00:00:00
7948,Susan,Davis,susan.davis7948@cloudscalesystems.com,CloudScale Systems,Inbound - Content,MQL,53,,,,2020-07-09T00:00:00
7949,Jennifer,Lopez,jennifer.lopez7949@scaleupsystems.com,ScaleUp Systems,Inbound - Content,Converted,94,594,560,2024-04-10,2024-02-18T00:00:00
7950,Jennifer,Wilson,jennifer.wilson7950@pulsepointdigital.com,PulsePoint Digital,Inbound - Content,Converted,65,2319,876,2024-12-25,2024-10-25T00:00:00
7951,Sarah,Brown,sarah.brown7951@nexgensolutions.com,NexGen Solutions,Outbound - Cold,Converted,93,4082,569,2024-09-18,2024-07-23T00:00:00
7952,Thomas,Martin,thomas.martin7952@primepathdigital.com,PrimePath Digital,Inbound - Web,Converted,98,935,435,2023-04-30,2023-04-18T00:00:00
7953,Richard,Jackson,richard.jackson7953@metasync.com,MetaSync,Paid Search,Working,-52,,,,2023-08-14T00:00:00
7954,Richard,Miller,richard.miller7954@futureforge.com,FutureForge,Social Media,Disqualified,16,,,,2022-01-02T00:00:00
7955,Elizabeth,Lee,elizabeth.lee7955@metasync.com,MetaSync,Inbound - Web,Working,55,,,,2022-03-18T00:00:00
7956,Patricia,Martin,patricia.martin7956@futureforge.com,FutureForge,Inbound - Web,MQL,52,,,,2022-08-29T00:00:00
7957,Charles,Moore,charles.moore7957@cybervault.com,CyberVault,Inbound - Webinar,Converted,64,3547,7,2022-12-15,2022-10-29T00:00:00
7958,Mary,Garcia,,DataBridge Corp,Inbound - Webinar,MQL,82,,,,2023-05-28T00:00:00
7959,John,Smith,john.smith7959@pulsepointdigital.com,PulsePoint Digital,Outbound - Cold,Working,56,,,,2020-03-13T00:00:00
7960,Lisa,Martin,lisa.martin7960@metasync.com,MetaSync,Inbound - Web,Working,58,,,,2023-01-19T00:00:00
7961,Charles,Martinez,charles.martinez,NexGen Solutions,Outbound - Cold,Disqualified,16,,,,2024-09-22T00:00:00
7962,Sarah,Thomas,sarah.thomas7962@brightwavetech.com,BrightWave Tech,Inbound - Content,Working,47,,,,2023-02-12T00:00:00
7963,Robert,Martin,robert.martin7963@pulsepointdigital.com,PulsePoint Digital,Outbound - Cold,Disqualified,17,,,,2023-03-10T00:00:00
7964,Barbara,Thompson,,DataBridge Corp,Social Media,Nurture,36,,,,2020-12-11T00:00:00
7965,Patricia,Martin,patricia.martin7965@techflowinc.com,TechFlow Inc,Product-Led,Disqualified,22,,,,2021-04-16T00:00:00
7966,Patricia,Gonzalez,patricia.gonzalez7966@brightwavetech.com,BrightWave Tech,Event,SQL,91,,,,2021-05-16T00:00:00
7967,Nancy,Rodriguez,nancy.rodriguez7967@insightplatforms.com,Insight Platforms,Inbound - Content,Converted,88,1656,854,2024-01-22,2023-11-28T00:00:00
7968,Robert,Miller,robert.miller7968@databridgecorp.com,DataBridge Corp,Product-Led,Working,46,,,,2024-07-12T00:00:00
7969,John,Martinez,john.martinez7969@insightplatforms.com,Insight Platforms,Inbound - Web,Converted,93,1103,238,2022-12-06,2022-09-28T00:00:00
7970,Elizabeth,Lopez,elizabeth.lopez7970@insightplatforms.com,Insight Platforms,Product-Led,Converted,-82,3002,303,2024-11-06,2024-08-30T00:00:00
7971,Patricia,Garcia,patricia.garcia7971@agiledynamics.com,Agile Dynamics,Inbound - Web,Working,25,,,,2024-10-15T00:00:00
7972,Linda,Jones,linda.jones7972@scaleupsystems.com,ScaleUp Systems,Inbound - Web,New,42,,,,2024-02-21T00:00:00
7973,Joseph,Martinez,joseph.martinez7973@quantumlogiclabs.com,QuantumLogic Labs,Outbound - Cold,SQL,99,,,,2020-10-27T00:00:00
7974,Thomas,Jones,thomas.jones7974@agiledynamics.com,Agile Dynamics,Inbound - Content,MQL,55,,,,2020-03-04T00:00:00
7975,Elizabeth,Hernandez,elizabeth.hernandez7975@agiledynamics.com,Agile Dynamics,Inbound - Content,Working,16,,,,2023-10-14T00:00:00
7976,Daniel,Jackson,daniel.jackson7976@techflowinc.com,TechFlow Inc,Social Media,Converted,86,677,136,2024-09-17,2024-09-16T00:00:00
7977,Sarah,Garcia,,CloudScale Systems,Paid Search,Nurture,39,,,,2021-07-07T00:00:00
7978,Patricia,Miller,patricia.miller7978@pulsepointdigital.com,PulsePoint Digital,Outbound - Cold,Working,31,,,,2022-05-16T00:00:00
7979,Jessica,Lee,jessica.lee7979@rapidcloud.com,RapidCloud,Event,Disqualified,20,,,,2024-03-14T00:00:00
7980,Jessica,Martinez,jessica.martinez7980@cybervault.com,CyberVault,Product-Led,Nurture,34,,,,2021-04-22T00:00:00
7981,Jennifer,Moore,jennifer.moore7981@techflowinc.com,TechFlow Inc,Inbound - Content,New,52,,,,2024-04-12T00:00:00
7982,Richard,Johnson,richard.johnson7982@futureforge.com,FutureForge,Partner Referral,Converted,85,42,706,2023-06-07,2023-03-19T00:00:00
7983,Lisa,Jones,lisa.jones7983@quantumlogiclabs.com,QuantumLogic Labs,Product-Led,Converted,99,3602,51,2024-12-16,2024-11-20T00:00:00
7984,Jessica,Thomas,jessica.thomas7984@techflowinc.com,TechFlow Inc,Event,MQL,96,,,,2021-02-06T00:00:00
7985,Daniel,Smith,daniel.smith7985@insightplatforms.com,Insight Platforms,Inbound - Content,Working,36,,,,2021-12-02T00:00:00
7986,Elizabeth,Smith,elizabeth.smith7986@cloudscalesystems.com,CloudScale Systems,Social Media,Disqualified,12,,,,2022-07-29T00:00:00
7987,Daniel,Anderson,daniel.anderson7987@pulsepointdigital.com,PulsePoint Digital,Inbound - Content,Converted,54,3311,663,2024-10-22,2024-09-17T00:00:00
7988,Daniel,Anderson,daniel.anderson7988@cybervault.com,CyberVault,Social Media,MQL,73,,,,2024-10-04T00:00:00
7989,Sarah,Martin,sarah.martin7989@nexgensolutions.com,NexGen Solutions,Product-Led,Disqualified,6,,,,2024-12-17T00:00:00
7990,Thomas,Rodriguez,thomas.rodriguez7990@insightplatforms.com,Insight Platforms,Inbound - Web,New,20,,,,2022-03-03T00:00:00
7991,Jennifer,Anderson,jennifer.anderson7991@rapidcloud.com,RapidCloud,Outbound - SDR,Nurture,-12,,,,2020-12-27T00:00:00
7992,Karen,Garcia,karen.garcia7992@cybervault.com,CyberVault,Inbound - Web,SQL,79,,,,2021-04-29T00:00:00
7993,William,Davis,william.davis7993@databridgecorp.com,DataBridge Corp,Social Media,Working,29,,,,2020-07-21T00:00:00
7994,Michael,Gonzalez,michael.gonzalez7994@innovateco.com,InnovateCo,Paid Search,SQL,74,,,,2022-12-30T00:00:00
7995,Jennifer,Martinez,jennifer.martinez7995@scaleupsystems.com,ScaleUp Systems,,Converted,69,4656,854,2023-11-22,2023-10-15T00:00:00
7996,Barbara,Martinez,barbara.martinez7996@futureforge.com,FutureForge,Inbound - Content,SQL,51,,,,2022-08-02T00:00:00
7997,Patricia,Jones,,ScaleUp Systems,Partner Referral,MQL,93,,,,2020-04-05T00:00:00
7998,Robert,Martinez,robert.martinez7998@brightwavetech.com,BrightWave Tech,Outbound - Cold,Working,28,,,,2021-04-14T00:00:00
7999,David,Brown,david.brown7999@techflowinc.com,TechFlow Inc,Social Media,SQL,96,,,,2021-05-12T00:00:00
8000,Nancy,Davis,nancy.davis8000@corestack.com,CoreStack,Social Media,MQL,90,,,,2023-07-26T00:00:00
