opp_id,account_id,owner_id,name,stage,amount,close_date,created_date,lead_source,forecast_category,is_won,is_closed,competitor,loss_reason,days_in_stage,next_step,opportunity_type,created_at
1,607,9,Horizon Labs - Platform Deal,Prospecting,95928,2025-02-16,2024-12-29,Event,Pipeline,False,False,CompetitorC,,5,Technical review,New Business,2024-12-29T00:00:00
2,828,1,Quantum Systems - New Business,Negotiation,19424,2022-12-31,2022-11-13,Inbound - Web,Commit,False,False,CompetitorB,,18,Schedule demo,New Business,2022-11-13T00:00:00
3,94,11,Pacific Dynamics - New Business,Prospecting,165968,2025-02-12,2024-12-14,Event,Pipeline,False,False,CompetitorB,,4,,New Business,2024-12-14T00:00:00
4,104,1,Optima Labs - Platform Deal,Proposal,12993,2025-04-20,2024-09-16,Outbound - AE,Best Case,False,False,CompetitorA,,3,Reference call,New Business,2024-09-16T00:00:00
5,128,13,Pinnacle Inc - New Business,Prospecting,40375,2025-01-29,2024-11-03,Event,Pipeline,False,False,,,65,POC setup,New Business,2024-11-03T00:00:00
6,912,6,Nexus Networks - Platform Deal,Qualification,220331,2025-02-03,2024-12-20,Outbound - AE,Best Case,False,False,,,56,,New Business,2024-12-20T00:00:00
7,478,6,Elevate Corp - Initial License,Qualification,67661,2022-07-05,2021-10-21,Outbound - AE,Best Case,False,False,,,40,Schedule demo,New Business,2021-10-21T00:00:00
8,554,11,Pacific Group - Platform Deal,Negotiation,57719,2025-02-07,2024-10-21,Product-Led,Commit,False,False,Open Source Alternative,,69,Reference call,New Business,2024-10-21T00:00:00
1,664,3,Zenith Dynamics - Initial License,Discovery,133093,2023-09-04,2023-07-19,Webinar,Pipeline,False,False,,,13,Legal review,New Business,2023-07-19T00:00:00
10,171,2,Nexus Group - Platform Deal,Discovery,889816,2024-10-21,2024-02-10,Inbound - Web,Pipeline,False,False,CompetitorA,,28,Technical review,New Business,2024-02-10T00:00:00
11,643,6,Catalyst Networks - Platform Deal,Discovery,404494,2023-09-07,2023-04-14,Webinar,Pipeline,False,False,Open Source Alternative,,40,Technical review,New Business,2023-04-14T00:00:00
12,702,16,Pacific Systems - Platform Deal,Qualification,26642,2025-06-18,2024-12-23,Event,Best Case,False,False,CompetitorC,,18,Technical review,New Business,2024-12-23T00:00:00
13,192,16,Apex Services - New Business,Closed Won,84514,2024-12-31,2024-10-26,Product-Led,Closed,True,True,CompetitorD,,32,,New Business,2024-10-26T00:00:00
14,920,6,Velocity Platforms - Initial License,Prospecting,196732,2024-09-25,2024-07-28,Inbound - Content,Pipeline,False,False,,,11,Legal review,New Business,2024-07-28T00:00:00
15,133,10,Synergy Enterprises - Initial License,Proposal,9494,2022-09-14,2022-09-16,Inbound - Content,Best Case,False,False,CompetitorA,,40,POC setup,New Business,2022-09-16T00:00:00
16,274,10,Optima Dynamics - Platform Deal,Closed Lost,868454,2024-06-15,2024-03-12,Webinar,Omitted,False,True,CompetitorA,Lost to Status Quo,8,,New Business,2024-03-12T00:00:00
17,674,12,Horizon Partners - Initial License,Negotiation,5656,2021-08-22,2021-02-19,Webinar,Commit,False,False,,,69,Executive alignment,New Business,2021-02-19T00:00:00
18,542,16,Apex Networks - Initial License,Proposal,15613,2024-10-26,2024-06-12,Product-Led,Best Case,False,False,,,40,,New Business,2024-06-12T00:00:00
19,975,3,Quantum Holdings - Initial License,Qualification,34885,2024-11-24,2024-08-04,Inbound - Web,Best Case,False,False,,,36,,New Business,2024-08-04T00:00:00
20,21,6,Vanguard Holdings - New Business,Qualification,111824,2024-05-13,2024-02-25,Inbound - Content,Best Case,False,False,CompetitorB,,37,Send proposal,New Business,2024-02-25T00:00:00
21,356,1,Nova Software - New Business,Closed Lost,842103,2023-12-05,2023-11-21,Event,Omitted,False,True,CompetitorA,Feature Gap,25,,New Business,2023-11-21T00:00:00
22,728,3,Velocity Enterprises - New Business,Prospecting,136198,2024-09-24,2024-08-14,Inbound - Web,Pipeline,False,False,CompetitorE,,36,Technical review,New Business,2024-08-14T00:00:00
23,212,16,Nexus Partners - Initial License,Closed Lost,33144,2024-06-06,2024-05-13,Inbound - Web,Omitted,False,True,CompetitorB,Competitor,4,,New Business,2024-05-13T00:00:00
24,15,4,Nexus Inc - Platform Deal,Discovery,24080,2023-04-05,2023-01-18,Partner Referral,Pipeline,False,False,,,22,POC setup,New Business,2023-01-18T00:00:00
25,25,14,Apex Solutions - Platform Deal,Negotiation,22238,2025-06-28,2024-11-11,Outbound - SDR,Commit,False,False,CompetitorD,,6,Legal review,New Business,2024-11-11T00:00:00
26,740,5,Quantum Networks - Initial License,Qualification,178013,2023-07-23,2023-04-03,Partner Referral,Best Case,False,False,,,51,,New Business,2023-04-03T00:00:00
27,635,4,Horizon Partners - New Business,Discovery,135568,2024-07-08,2024-04-18,Partner Referral,Pipeline,False,False,Open Source Alternative,,3,Contract signing,New Business,2024-04-18T00:00:00
28,440,1,Acme Systems - New Business,Discovery,724044,2025-06-09,2024-12-28,Partner Referral,Pipeline,False,False,CompetitorC,,25,Contract signing,New Business,2024-12-28T00:00:00
29,20,1,Atlas Dynamics - Initial License,Prospecting,15345,2023-12-08,2023-03-14,Inbound - Content,Pipeline,False,False,CompetitorE,,25,Technical review,New Business,2023-03-14T00:00:00
30,636,9,Zenith Enterprises - Initial License,Discovery,10815,2025-05-25,2024-12-13,Outbound - AE,Pipeline,False,False,,,11,Send proposal,New Business,2024-12-13T00:00:00
31,150,16,Quantum Holdings - New Business,Qualification,25807,2025-07-28,2024-12-08,Inbound - Content,Best Case,False,False,,,3,Contract signing,New Business,2024-12-08T00:00:00
32,433,1,Nexus Software - New Business,Qualification,,2023-03-27,2023-01-27,Webinar,Best Case,False,False,,,20,Contract signing,New Business,2023-01-27T00:00:00
33,199,12,Velocity Group - Platform Deal,Closed Lost,719123,2022-05-13,2022-06-07,Inbound - Content,Omitted,False,True,,Budget Cut,13,,New Business,2022-06-07T00:00:00
34,795,2,Vertex Technologies - Initial License,Prospecting,68512,2024-11-08,2024-03-10,Product-Led,Pipeline,False,False,CompetitorB,,8,Schedule demo,New Business,2024-03-10T00:00:00
35,76,2,Optima Solutions - Platform Deal,Qualification,30941,2025-04-18,2024-09-13,Product-Led,Best Case,False,False,,,33,Legal review,New Business,2024-09-13T00:00:00
36,9,12,Apex Networks - Initial License,Qualification,954229,2024-07-10,2024-02-14,Outbound - SDR,Best Case,False,False,CompetitorC,,36,Contract signing,New Business,2024-02-14T00:00:00
37,719,1,Quantum Corp - Initial License,Closed Lost,15295,2021-06-23,2021-02-22,Event,Omitted,False,True,CompetitorD,Budget Cut,17,,New Business,2021-02-22T00:00:00
38,273,12,Synergy Technologies - New Business,Closed Lost,113060,2024-12-31,2024-12-15,Product-Led,Omitted,False,True,CompetitorC,Competitor,9,,New Business,2024-12-15T00:00:00
39,904,3,Elevate Software - Platform Deal,Proposal,36652,2025-01-19,2024-12-05,Inbound - Content,Best Case,False,False,CompetitorC,,1,Reference call,New Business,2024-12-05T00:00:00
40,831,3,Zenith Dynamics - Initial License,Qualification,976778,2024-02-18,2023-12-08,Event,Best Case,False,False,CompetitorB,,4,,New Business,2023-12-08T00:00:00
41,411,12,Vertex Labs - New Business,Qualification,72336,2025-07-08,2024-11-11,Partner Referral,Best Case,False,False,CompetitorC,,39,POC setup,New Business,2024-11-11T00:00:00
42,706,1,Elevate Software - New Business,Closed Lost,119824,2023-12-17,2023-06-13,Inbound - Web,Omitted,False,True,CompetitorA,No Decision,22,,New Business,2023-06-13T00:00:00
43,536,11,Horizon Solutions - New Business,Proposal,689779,2024-05-29,2023-09-18,Event,Best Case,False,False,,,28,Schedule demo,New Business,2023-09-18T00:00:00
1,555,10,Atlas Platforms - Platform Deal,Closed Lost,36862,2024-09-03,2024-03-14,Inbound - Content,Omitted,False,True,CompetitorD,Feature Gap,43,,New Business,2024-03-14T00:00:00
45,74,3,Pinnacle Platforms - Initial License,Discovery,105557,2024-04-20,2023-09-14,,Pipeline,False,False,CompetitorA,,22,Executive alignment,New Business,2023-09-14T00:00:00
46,725,5,Elevate Enterprises - Initial License,Negotiation,,2025-06-12,2024-10-11,Inbound - Web,Commit,False,False,CompetitorB,,32,Send proposal,New Business,2024-10-11T00:00:00
47,202,8,Apex Digital - Platform Deal,Prospecting,62125,2024-04-11,2024-02-19,Inbound - Content,Pipeline,False,False,CompetitorD,,7,POC setup,New Business,2024-02-19T00:00:00
48,933,11,Pacific Inc - Platform Deal,Closed Lost,422272,2023-12-06,2023-10-26,Inbound - Web,Omitted,False,True,,Lost to Status Quo,66,,New Business,2023-10-26T00:00:00
49,692,5,Velocity Partners - New Business,Prospecting,17283,2023-12-30,2023-06-18,Outbound - AE,Pipeline,False,False,CompetitorC,,23,Reference call,New Business,2023-06-18T00:00:00
50,820,4,Vanguard Systems - New Business,Prospecting,17877,2025-03-31,2024-10-12,Outbound - SDR,Pipeline,False,False,,,34,Executive alignment,New Business,2024-10-12T00:00:00
51,726,15,Zenith Dynamics - Initial License,Closed Lost,36078,2022-03-16,2022-02-16,,Omitted,False,True,CompetitorA,Timing,5,,New Business,2022-02-16T00:00:00
52,203,16,Zenith Networks - Initial License,Closed Lost,118556,2024-12-13,2024-09-24,Product-Led,Omitted,False,True,CompetitorA,No Decision,47,,New Business,2024-09-24T00:00:00
53,578,1,Elevate Partners - New Business,Prospecting,21548,2024-01-18,2023-09-07,Inbound - Content,Pipeline,False,False,CompetitorA,,3,Legal review,New Business,2023-09-07T00:00:00
54,79,6,Nexus Labs - Initial License,Closed Lost,663385,2024-06-17,2024-02-26,Product-Led,Omitted,False,True,CompetitorB,Timing,56,,New Business,2024-02-26T00:00:00
55,723,9,Nexus Digital - Initial License,Discovery,,2024-03-12,2024-01-24,Outbound - AE,Pipeline,False,False,Open Source Alternative,,29,POC setup,New Business,2024-01-24T00:00:00
56,331,11,Vertex Services - New Business,Closed Lost,,2021-12-16,2021-09-03,Product-Led,Omitted,False,True,CompetitorD,Competitor,65,,New Business,2021-09-03T00:00:00
57,914,12,Summit Systems - Initial License,Prospecting,106722,2021-12-18,2022-01-11,Product-Led,Pipeline,False,False,CompetitorC,,14,Reference call,New Business,2022-01-11T00:00:00
58,915,15,Nova Inc - Platform Deal,Proposal,46334,2025-03-23,2024-08-17,Inbound - Content,Best Case,False,False,,,7,Send proposal,New Business,2024-08-17T00:00:00
59,253,12,Zenith Corp - Platform Deal,Closed Won,25073,2024-09-15,2024-03-08,Outbound - AE,Closed,True,True,,,18,,New Business,2024-03-08T00:00:00
60,908,8,Horizon Networks - Platform Deal,Prospecting,54582,2025-02-23,2024-06-15,Outbound - SDR,Pipeline,False,False,,,29,Reference call,New Business,2024-06-15T00:00:00
61,294,14,Horizon Digital - New Business,Discovery,102019,2024-08-04,2024-03-28,Outbound - SDR,Pipeline,False,False,CompetitorB,,68,Legal review,New Business,2024-03-28T00:00:00
62,821,4,Atlas Platforms - Initial License,Negotiation,184273,2024-03-23,2023-11-30,,Commit,False,False,CompetitorD,,8,Reference call,New Business,2023-11-30T00:00:00
63,229,14,Nova Enterprises - Platform Deal,Discovery,634051,2023-11-14,2023-06-25,Event,Pipeline,False,False,,,47,Reference call,New Business,2023-06-25T00:00:00
64,781,3,Apex Enterprises - Platform Deal,Proposal,43858,2023-12-04,2023-05-01,Outbound - AE,Best Case,False,False,CompetitorE,,35,Schedule demo,New Business,2023-05-01T00:00:00
65,971,3,Nova Enterprises - Initial License,Proposal,665532,2024-06-21,2023-12-08,Event,Best Case,False,False,CompetitorA,,21,Technical review,New Business,2023-12-08T00:00:00
66,839,13,Quantum Solutions - Initial License,Qualification,45997,2024-07-23,2023-11-14,Inbound - Content,Best Case,False,False,,,45,Schedule demo,New Business,2023-11-14T00:00:00
67,556,13,Vertex Analytics - Platform Deal,Prospecting,35811,2022-09-01,2022-08-01,Product-Led,Pipeline,False,False,,,12,,New Business,2022-08-01T00:00:00
68,570,13,Zenith Dynamics - Initial License,Discovery,89855,2023-10-22,2023-03-08,Inbound - Content,Pipeline,False,False,CompetitorC,,22,Schedule demo,New Business,2023-03-08T00:00:00
69,837,12,Pinnacle Holdings - Platform Deal,Discovery,71590,2024-02-06,2023-06-10,,Pipeline,False,False,Open Source Alternative,,50,Schedule demo,New Business,2023-06-10T00:00:00
70,733,9,Synergy Group - Initial License,Qualification,24764,2024-06-01,2024-01-11,Event,Best Case,False,False,CompetitorA,,13,,New Business,2024-01-11T00:00:00
71,854,12,Synergy Labs - New Business,Closed Lost,38386,2023-10-23,2023-06-18,Partner Referral,Omitted,False,True,CompetitorB,Price,20,,New Business,2023-06-18T00:00:00
72,818,7,Pacific Systems - Initial License,Prospecting,20633,2024-10-26,2024-06-14,Partner Referral,Pipeline,False,False,CompetitorD,,54,Contract signing,New Business,2024-06-14T00:00:00
73,266,1,Summit Enterprises - New Business,Qualification,104101,2023-10-24,2023-06-07,Event,Best Case,False,False,Open Source Alternative,,31,,New Business,2023-06-07T00:00:00
74,186,14,Acme Inc - Initial License,Closed Lost,75431,2024-09-25,2024-05-27,,Omitted,False,True,CompetitorE,Champion Left,71,,New Business,2024-05-27T00:00:00
75,931,15,Nova Dynamics - Platform Deal,Prospecting,21718,2025-05-08,2024-11-07,Product-Led,Pipeline,False,False,CompetitorB,,13,Legal review,New Business,2024-11-07T00:00:00
76,542,8,Apex Networks - Platform Deal,Proposal,12023,2025-03-10,2024-07-22,Outbound - AE,Best Case,False,False,CompetitorD,,15,Schedule demo,New Business,2024-07-22T00:00:00
77,423,12,Quantum Platforms - Initial License,Qualification,30888,2024-03-25,2023-10-07,Inbound - Web,Best Case,False,False,CompetitorA,,4,Executive alignment,New Business,2023-10-07T00:00:00
78,604,2,Velocity Networks - Initial License,Closed Won,152802,2024-09-12,2024-07-20,Inbound - Web,Closed,True,True,CompetitorB,,31,,New Business,2024-07-20T00:00:00
79,830,10,Velocity Holdings - Initial License,Discovery,13637,2023-04-27,2022-09-16,Event,Pipeline,False,False,CompetitorE,,55,Technical review,New Business,2022-09-16T00:00:00
80,493,15,Optima Services - Initial License,Discovery,209442,2025-07-05,2024-12-08,Outbound - AE,Pipeline,False,False,CompetitorD,,36,Legal review,New Business,2024-12-08T00:00:00
81,832,4,Fusion Enterprises - New Business,Proposal,1045569,2024-04-12,2024-01-18,Partner Referral,Best Case,False,False,CompetitorB,,6,Technical review,New Business,2024-01-18T00:00:00
82,491,11,Velocity Solutions - New Business,Negotiation,40406,2025-05-04,2024-10-14,Partner Referral,Commit,False,False,Open Source Alternative,,17,Reference call,New Business,2024-10-14T00:00:00
83,520,12,Summit Analytics - Initial License,Closed Won,178453,2024-08-02,2024-06-02,Inbound - Content,Closed,True,True,CompetitorB,,28,,New Business,2024-06-02T00:00:00
84,47,15,Synergy Partners - Initial License,Closed Lost,,2024-09-23,2024-07-01,Outbound - SDR,Omitted,False,True,CompetitorB,Price,49,,New Business,2024-07-01T00:00:00
85,383,5,Summit Solutions - New Business,Closed Won,23176,2023-07-05,2023-05-17,Product-Led,Closed,True,True,,,34,,New Business,2023-05-17T00:00:00
86,556,15,Vertex Analytics - Initial License,Proposal,58667,2024-08-26,2024-05-04,Webinar,Best Case,False,False,CompetitorE,,46,POC setup,New Business,2024-05-04T00:00:00
87,132,6,Fusion Digital - Platform Deal,Proposal,77766,2025-04-22,2024-08-12,Inbound - Web,Best Case,False,False,,,32,Technical review,New Business,2024-08-12T00:00:00
88,81,10,Acme Analytics - New Business,Prospecting,123688,2024-07-26,2024-05-21,Inbound - Content,Pipeline,False,False,,,47,Contract signing,New Business,2024-05-21T00:00:00
89,681,14,Pacific Systems - Initial License,Qualification,43278,2020-10-12,2020-08-08,Outbound - SDR,Best Case,False,False,CompetitorA,,63,Send proposal,New Business,2020-08-08T00:00:00
90,581,12,Synergy Inc - Initial License,Closed Won,128292,2024-09-28,2024-05-06,Partner Referral,Closed,True,True,CompetitorD,,53,,New Business,2024-05-06T00:00:00
3,148,12,Fusion Technologies - Initial License,Prospecting,33813,2024-05-21,2024-04-09,Inbound - Content,Pipeline,False,False,CompetitorE,,53,Contract signing,New Business,2024-04-09T00:00:00
92,854,5,Synergy Labs - New Business,Discovery,46917,2025-01-31,2024-12-06,Partner Referral,Pipeline,False,False,,,38,POC setup,New Business,2024-12-06T00:00:00
93,746,10,Atlas Services - Initial License,Discovery,105549,2024-12-26,2024-06-04,Outbound - AE,Pipeline,False,False,,,28,Reference call,New Business,2024-06-04T00:00:00
94,498,8,Catalyst Labs - Initial License,Qualification,57362,2024-10-03,2024-05-18,Partner Referral,Best Case,False,False,,,20,,New Business,2024-05-18T00:00:00
95,738,12,Catalyst Enterprises - New Business,Closed Lost,16559,2024-12-31,2024-12-31,Product-Led,Omitted,False,True,,Lost to Status Quo,9,,New Business,2024-12-31T00:00:00
96,42,1,Fusion Solutions - New Business,Prospecting,122410,2025-05-24,2024-10-04,Event,Pipeline,False,False,,,7,,New Business,2024-10-04T00:00:00
97,884,16,Optima Dynamics - New Business,Closed Lost,52705,2024-12-31,2024-11-25,Product-Led,Omitted,False,True,CompetitorA,Champion Left,37,,New Business,2024-11-25T00:00:00
98,326,4,Atlas Networks - Platform Deal,Closed Lost,32287,2021-12-27,2021-05-27,Inbound - Content,Omitted,False,True,CompetitorC,Competitor,15,,New Business,2021-05-27T00:00:00
99,209,9,Apex Services - Platform Deal,Prospecting,309927,2025-06-12,2024-10-22,Partner Referral,Pipeline,False,False,CompetitorB,,11,Contract signing,New Business,2024-10-22T00:00:00
100,632,5,Optima Solutions - Platform Deal,Discovery,46021,2022-09-09,2022-01-19,Outbound - AE,Pipeline,False,False,,,26,Schedule demo,New Business,2022-01-19T00:00:00
101,52,5,Fusion Inc - Initial License,Closed Won,48103,2024-02-04,2023-11-09,Inbound - Web,Closed,True,True,,,9,,New Business,2023-11-09T00:00:00
102,734,7,Optima Networks - New Business,Qualification,34868,2025-07-18,2024-12-20,Product-Led,Best Case,False,False,CompetitorC,,31,Reference call,New Business,2024-12-20T00:00:00
103,123,10,Atlas Inc - Initial License,Proposal,52885,2023-09-04,2023-01-28,Event,Best Case,False,False,CompetitorE,,62,Technical review,New Business,2023-01-28T00:00:00
104,472,2,Vanguard Holdings - New Business,Qualification,,2023-05-03,2022-12-18,Event,Best Case,False,False,,,39,Technical review,New Business,2022-12-18T00:00:00
105,36,3,Apex Solutions - Platform Deal,Closed Lost,12932,2024-04-18,2024-04-06,Webinar,Omitted,False,True,CompetitorD,Champion Left,10,,New Business,2024-04-06T00:00:00
106,902,15,Pinnacle Platforms - Platform Deal,Qualification,210565,2024-12-17,2024-05-27,Webinar,Best Case,False,False,Open Source Alternative,,57,Technical review,New Business,2024-05-27T00:00:00
107,329,1,Horizon Digital - Initial License,Closed Lost,687803,2023-12-23,2023-11-24,Product-Led,Omitted,False,True,,Timing,19,,New Business,2023-11-24T00:00:00
108,325,6,Pacific Corp - Platform Deal,Qualification,17476,2024-10-04,2024-03-21,,Best Case,False,False,,,45,Reference call,New Business,2024-03-21T00:00:00
109,34,5,Zenith Analytics - Initial License,Discovery,32362,2024-06-19,2024-02-12,Outbound - AE,Pipeline,False,False,,,12,Schedule demo,New Business,2024-02-12T00:00:00
110,913,4,Global Networks - Initial License,Closed Won,39199,2022-08-21,2022-04-29,Webinar,Closed,True,True,,,36,,New Business,2022-04-29T00:00:00
111,209,9,Apex Services - New Business,Prospecting,250660,2024-09-10,2024-05-21,Event,Pipeline,False,False,,,20,,New Business,2024-05-21T00:00:00
112,115,4,Pacific Inc - Initial License,Qualification,112341,2021-10-17,2021-02-24,Outbound - AE,Best Case,False,False,,,27,POC setup,New Business,2021-02-24T00:00:00
113,510,16,Horizon Software - Initial License,Closed Lost,43117,2024-11-06,2024-07-13,Inbound - Web,Omitted,False,True,Open Source Alternative,No Decision,31,,New Business,2024-07-13T00:00:00
114,512,6,Global Holdings - New Business,Discovery,16980,2022-02-27,2021-12-27,Product-Led,Pipeline,False,False,CompetitorC,,24,,New Business,2021-12-27T00:00:00
115,10,13,Pacific Corp - Platform Deal,Closed Lost,16794,2024-12-31,2024-08-22,Outbound - SDR,Omitted,False,True,CompetitorD,Champion Left,70,,New Business,2024-08-22T00:00:00
116,792,13,Elevate Services - Initial License,Prospecting,35356,2024-09-26,2024-03-13,Partner Referral,Pipeline,False,False,,,7,Contract signing,New Business,2024-03-13T00:00:00
117,772,6,Summit Partners - Platform Deal,Prospecting,12486,2023-11-01,2023-09-08,Inbound - Web,Pipeline,False,False,CompetitorB,,22,POC setup,New Business,2023-09-08T00:00:00
118,791,3,Acme Group - Platform Deal,Discovery,47414,2025-01-18,2024-08-06,Inbound - Web,Pipeline,False,False,CompetitorE,,34,Schedule demo,New Business,2024-08-06T00:00:00
119,385,8,Nexus Systems - New Business,Discovery,38366,2024-09-07,2024-07-04,Product-Led,Pipeline,False,False,CompetitorD,,32,Contract signing,New Business,2024-07-04T00:00:00
120,352,15,Fusion Holdings - Initial License,Prospecting,981946,2025-04-20,2024-09-07,Event,Pipeline,False,False,,,6,POC setup,New Business,2024-09-07T00:00:00
121,141,2,Acme Platforms - Platform Deal,Proposal,37826,2024-08-15,2024-07-13,Inbound - Content,Best Case,False,False,,,13,Reference call,New Business,2024-07-13T00:00:00
122,246,15,Fusion Labs - Platform Deal,Prospecting,889085,2024-06-03,2024-01-15,Product-Led,Pipeline,False,False,,,3,Contract signing,New Business,2024-01-15T00:00:00
123,799,10,Atlas Platforms - Platform Deal,Qualification,31750,2023-01-21,2022-09-01,Event,Best Case,False,False,CompetitorC,,56,Executive alignment,New Business,2022-09-01T00:00:00
124,123,7,Atlas Inc - Initial License,Qualification,202115,2023-10-21,2023-06-30,Webinar,Best Case,False,False,,,5,POC setup,New Business,2023-06-30T00:00:00
125,944,13,Zenith Group - Initial License,Discovery,20713,2025-07-28,2024-11-02,Webinar,Pipeline,False,False,CompetitorC,,69,Executive alignment,New Business,2024-11-02T00:00:00
126,316,2,Fusion Enterprises - Initial License,Qualification,171349,2024-06-26,2023-10-28,Outbound - SDR,Best Case,False,False,,,28,Legal review,New Business,2023-10-28T00:00:00
127,367,7,Synergy Systems - Platform Deal,Prospecting,43824,2025-05-05,2024-09-01,Inbound - Content,Pipeline,False,False,Open Source Alternative,,11,,New Business,2024-09-01T00:00:00
128,567,16,Pacific Dynamics - New Business,Discovery,124019,2024-09-10,2024-03-27,Product-Led,Pipeline,False,False,Open Source Alternative,,22,Technical review,New Business,2024-03-27T00:00:00
129,163,12,Nexus Inc - Initial License,Closed Lost,46627,2024-09-09,2024-02-26,Outbound - SDR,Omitted,False,True,CompetitorA,Competitor,26,,New Business,2024-02-26T00:00:00
130,344,10,Optima Corp - New Business,Qualification,41735,2024-04-04,2023-08-16,Webinar,Best Case,False,False,CompetitorD,,45,,New Business,2023-08-16T00:00:00
131,706,16,Elevate Software - Initial License,Closed Lost,152871,2024-10-07,2024-08-04,Outbound - AE,Omitted,False,True,CompetitorA,Feature Gap,29,,New Business,2024-08-04T00:00:00
132,253,9,Zenith Corp - New Business,Qualification,41119,2023-04-21,2023-03-19,Inbound - Content,Best Case,False,False,CompetitorB,,32,Schedule demo,New Business,2023-03-19T00:00:00
133,500,15,Vanguard Platforms - Platform Deal,Closed Lost,51887,2024-12-31,2024-12-22,Outbound - SDR,Omitted,False,True,,Price,4,,New Business,2024-12-22T00:00:00
134,831,3,Zenith Dynamics - Initial License,Closed Lost,790212,2023-02-16,2022-12-04,,Omitted,False,True,,Feature Gap,5,,New Business,2022-12-04T00:00:00
135,826,3,Synergy Holdings - Platform Deal,Prospecting,22280,2024-03-24,2024-01-25,Product-Led,Pipeline,False,False,CompetitorE,,29,,New Business,2024-01-25T00:00:00
136,4,5,Vanguard Platforms - Initial License,Discovery,24447,2025-05-10,2024-08-24,Inbound - Content,Pipeline,False,False,CompetitorA,,50,Contract signing,New Business,2024-08-24T00:00:00
137,228,12,Summit Services - Initial License,Closed Lost,7667,2024-02-12,2024-01-11,Inbound - Content,Omitted,False,True,CompetitorB,Lost to Status Quo,23,,New Business,2024-01-11T00:00:00
138,95,7,Vertex Networks - Initial License,Discovery,49435,2024-06-05,2023-12-26,Inbound - Web,Pipeline,False,False,CompetitorD,,22,Contract signing,New Business,2023-12-26T00:00:00
139,698,7,Nova Digital - New Business,Closed Won,1001985,2024-10-05,2024-06-27,Inbound - Content,Closed,True,True,CompetitorE,,10,,New Business,2024-06-27T00:00:00
140,620,4,Horizon Labs - New Business,Qualification,26225,2024-11-09,2024-10-06,Outbound - AE,Best Case,False,False,,,49,,New Business,2024-10-06T00:00:00
141,38,13,Elevate Corp - Platform Deal,Closed Lost,59647,2020-10-13,2020-06-26,Inbound - Content,Omitted,False,True,CompetitorA,Timing,65,,New Business,2020-06-26T00:00:00
142,985,2,Vanguard Group - Platform Deal,Prospecting,185598,2025-03-25,2024-12-24,Partner Referral,Pipeline,False,False,CompetitorA,,29,POC setup,New Business,2024-12-24T00:00:00
143,796,8,Summit Services - Platform Deal,Qualification,56396,2024-10-08,2024-07-13,Event,Best Case,False,False,CompetitorB,,19,Reference call,New Business,2024-07-13T00:00:00
144,16,6,Horizon Digital - New Business,Proposal,14279,2021-03-04,2020-12-15,Webinar,Best Case,False,False,CompetitorC,,29,,New Business,2020-12-15T00:00:00
145,824,13,Atlas Solutions - Initial License,Closed Lost,83298,2024-12-31,2024-12-08,Product-Led,Omitted,False,True,CompetitorA,No Decision,57,,New Business,2024-12-08T00:00:00
146,471,2,Vertex Enterprises - Platform Deal,Closed Lost,9203,2023-03-22,2022-11-12,Webinar,Omitted,False,True,CompetitorA,No Decision,19,,New Business,2022-11-12T00:00:00
147,161,13,Acme Holdings - Initial License,Prospecting,146869,2025-06-18,2024-10-05,Inbound - Content,Pipeline,False,False,Open Source Alternative,,53,POC setup,New Business,2024-10-05T00:00:00
84,277,12,Vanguard Digital - New Business,Qualification,47905,2025-04-28,2024-12-31,Inbound - Content,Best Case,False,False,,,48,Reference call,New Business,2024-12-31T00:00:00
149,598,2,Atlas Corp - Initial License,Prospecting,47511,2024-03-04,2023-06-22,Inbound - Content,Pipeline,False,False,CompetitorA,,13,Reference call,New Business,2023-06-22T00:00:00
150,258,6,Atlas Services - Initial License,Prospecting,177925,2021-10-06,2021-05-12,Inbound - Content,Pipeline,False,False,CompetitorC,,27,Schedule demo,New Business,2021-05-12T00:00:00
151,743,4,Quantum Partners - New Business,Qualification,100003,2025-05-06,2024-11-23,,Best Case,False,False,,,59,Schedule demo,New Business,2024-11-23T00:00:00
152,229,14,Nova Enterprises - New Business,Discovery,611734,2023-09-13,2023-09-24,Event,Pipeline,False,False,,,50,Send proposal,New Business,2023-09-24T00:00:00
153,636,9,Zenith Enterprises - Platform Deal,Qualification,21232,2023-12-17,2023-10-04,Inbound - Content,Best Case,False,False,CompetitorD,,7,Schedule demo,New Business,2023-10-04T00:00:00
154,443,5,Zenith Analytics - Platform Deal,Qualification,6290,2025-03-04,2024-07-29,Event,Best Case,False,False,CompetitorA,,15,Executive alignment,New Business,2024-07-29T00:00:00
155,921,6,Pacific Holdings - Platform Deal,Qualification,30732,2024-08-01,2024-05-04,Partner Referral,Best Case,False,False,,,39,Schedule demo,New Business,2024-05-04T00:00:00
156,175,15,Pinnacle Solutions - Platform Deal,Qualification,21253,2025-01-10,2024-05-02,Outbound - AE,Best Case,False,False,CompetitorC,,44,Schedule demo,New Business,2024-05-02T00:00:00
157,173,1,Global Systems - Platform Deal,Negotiation,,2024-09-24,2024-02-12,Webinar,Commit,False,False,,,8,Technical review,New Business,2024-02-12T00:00:00
158,931,15,Nova Dynamics - Initial License,Prospecting,40251,2024-07-29,2024-04-21,Inbound - Content,Pipeline,False,False,CompetitorB,,35,Legal review,New Business,2024-04-21T00:00:00
159,463,6,Global Partners - Initial License,Prospecting,170578,2021-02-27,2020-08-05,Webinar,Pipeline,False,False,,,46,Legal review,New Business,2020-08-05T00:00:00
4,448,11,Quantum Group - Platform Deal,Discovery,170515,2024-09-28,2024-08-02,Event,Pipeline,False,False,,,9,Legal review,New Business,2024-08-02T00:00:00
161,952,12,Nova Networks - Initial License,Closed Lost,58955,2024-12-25,2024-09-19,Inbound - Web,Omitted,False,True,CompetitorD,Feature Gap,2,,New Business,2024-09-19T00:00:00
162,533,6,Fusion Networks - New Business,Qualification,190437,2022-02-15,2021-10-19,Outbound - AE,Best Case,False,False,CompetitorA,,52,Send proposal,New Business,2021-10-19T00:00:00
163,97,15,Nova Labs - New Business,Negotiation,11079,2024-08-05,2024-06-06,Product-Led,Commit,False,False,,,46,Reference call,New Business,2024-06-06T00:00:00
164,877,4,Optima Holdings - Initial License,Closed Lost,73520,2024-06-19,2024-01-02,Partner Referral,Omitted,False,True,Open Source Alternative,Champion Left,24,,New Business,2024-01-02T00:00:00
165,149,8,Quantum Labs - Initial License,Qualification,38909,2025-08-04,2024-12-23,Inbound - Content,Best Case,False,False,CompetitorD,,32,,New Business,2024-12-23T00:00:00
166,103,13,Pacific Systems - Initial License,Qualification,1001912,2022-10-04,2022-06-11,Inbound - Content,Best Case,False,False,CompetitorA,,54,Legal review,New Business,2022-06-11T00:00:00
167,276,14,Nova Partners - New Business,Proposal,131219,2025-02-04,2024-12-14,Outbound - AE,Best Case,False,False,Open Source Alternative,,44,,New Business,2024-12-14T00:00:00
168,239,11,Catalyst Analytics - Platform Deal,Discovery,46367,2025-03-09,2024-09-06,Product-Led,Pipeline,False,False,CompetitorB,,66,Schedule demo,New Business,2024-09-06T00:00:00
169,812,14,Nexus Dynamics - Initial License,Prospecting,480373,2025-02-22,2024-09-20,Outbound - AE,Pipeline,False,False,Open Source Alternative,,41,,New Business,2024-09-20T00:00:00
170,431,14,Atlas Digital - Initial License,Qualification,20905,2025-04-14,2024-12-14,Inbound - Web,Best Case,False,False,CompetitorB,,38,Reference call,New Business,2024-12-14T00:00:00
171,671,1,Vanguard Technologies - Initial License,Proposal,893683,2022-08-28,2022-03-22,Webinar,Best Case,False,False,CompetitorA,,26,Contract signing,New Business,2022-03-22T00:00:00
172,714,1,Global Enterprises - Platform Deal,Qualification,127557,2024-04-02,2023-07-24,Product-Led,Best Case,False,False,,,43,Executive alignment,New Business,2023-07-24T00:00:00
173,639,5,Fusion Software - New Business,Closed Lost,,2024-05-09,2023-12-08,Product-Led,Omitted,False,True,CompetitorA,No Decision,36,,New Business,2023-12-08T00:00:00
75,454,11,Quantum Software - Initial License,Qualification,30195,2022-06-09,2021-12-17,Inbound - Content,Best Case,False,False,CompetitorC,,62,Reference call,New Business,2021-12-17T00:00:00
64,837,8,Pinnacle Holdings - Platform Deal,Closed Lost,114386,2020-09-15,2020-07-15,Webinar,Omitted,False,True,Open Source Alternative,Price,56,,New Business,2020-07-15T00:00:00
176,723,9,Nexus Digital - Platform Deal,Prospecting,128319,2024-05-07,2024-05-25,Inbound - Web,Pipeline,False,False,,,7,POC setup,New Business,2024-05-25T00:00:00
177,180,2,Quantum Digital - Initial License,Proposal,49036,2025-03-17,2024-09-16,Partner Referral,Best Case,False,False,,,10,Schedule demo,New Business,2024-09-16T00:00:00
178,29,9,Optima Platforms - New Business,Closed Lost,16429,2024-03-12,2023-09-04,Outbound - AE,Omitted,False,True,,Feature Gap,57,,New Business,2023-09-04T00:00:00
179,238,6,Fusion Group - Platform Deal,Discovery,440541,2023-03-16,2023-02-07,Outbound - SDR,Pipeline,False,False,CompetitorA,,44,Schedule demo,New Business,2023-02-07T00:00:00
180,994,1,Nova Enterprises - New Business,Closed Lost,17030,2024-12-31,2024-11-27,Product-Led,Omitted,False,True,,No Decision,41,,New Business,2024-11-27T00:00:00
181,761,8,Summit Corp - Platform Deal,Qualification,13072,2024-09-11,2024-09-13,Inbound - Content,Best Case,False,False,,,7,Send proposal,New Business,2024-09-13T00:00:00
182,928,5,Nova Holdings - Initial License,Prospecting,281617,2024-04-02,2023-07-28,Event,Pipeline,False,False,CompetitorC,,60,Executive alignment,New Business,2023-07-28T00:00:00
183,379,14,Synergy Systems - New Business,Negotiation,89636,2024-10-26,2024-06-02,Webinar,Commit,False,False,CompetitorD,,41,,New Business,2024-06-02T00:00:00
184,9,12,Apex Networks - Initial License,Closed Lost,206422,2024-12-31,2024-10-09,Inbound - Content,Omitted,False,True,CompetitorC,Budget Cut,41,,New Business,2024-10-09T00:00:00
185,379,14,Synergy Systems - Platform Deal,Closed Lost,127574,2024-09-19,2024-03-28,Partner Referral,Omitted,False,True,CompetitorB,Competitor,2,,New Business,2024-03-28T00:00:00
186,498,5,Catalyst Labs - New Business,Discovery,21535,2025-01-09,2024-12-04,Event,Pipeline,False,False,,,15,Send proposal,New Business,2024-12-04T00:00:00
187,523,9,Vertex Dynamics - Initial License,Negotiation,47418,2025-02-09,2024-11-07,Partner Referral,Commit,False,False,,,15,Contract signing,New Business,2024-11-07T00:00:00
188,835,13,Vanguard Enterprises - Platform Deal,Negotiation,160068,2024-10-24,2024-09-03,,Commit,False,False,CompetitorB,,58,POC setup,New Business,2024-09-03T00:00:00
189,182,2,Catalyst Solutions - New Business,Closed Won,10819,2024-07-03,2024-02-22,Event,Closed,True,True,,,22,,New Business,2024-02-22T00:00:00
190,986,2,Nexus Systems - New Business,Closed Lost,123311,2021-12-22,2021-11-29,Outbound - SDR,Omitted,False,True,CompetitorC,Price,1,,New Business,2021-11-29T00:00:00
191,570,13,Zenith Dynamics - Platform Deal,Discovery,153984,2023-08-22,2023-03-21,Inbound - Content,Pipeline,False,False,CompetitorB,,20,Executive alignment,New Business,2023-03-21T00:00:00
192,397,10,Horizon Inc - Initial License,Qualification,12527,2023-05-23,2022-09-01,Inbound - Web,Best Case,False,False,,,14,,New Business,2022-09-01T00:00:00
193,954,5,Acme Dynamics - Platform Deal,Proposal,32712,2022-11-24,2022-05-25,Partner Referral,Best Case,False,False,CompetitorA,,17,Contract signing,New Business,2022-05-25T00:00:00
194,258,2,Atlas Services - Initial License,Prospecting,52802,2022-07-10,2022-02-11,Product-Led,Pipeline,False,False,Open Source Alternative,,17,Technical review,New Business,2022-02-11T00:00:00
195,607,13,Horizon Labs - Platform Deal,Qualification,34681,2025-06-06,2024-12-25,,Best Case,False,False,CompetitorC,,48,Send proposal,New Business,2024-12-25T00:00:00
196,83,15,Zenith Networks - Initial License,Prospecting,8388,2025-03-29,2024-12-07,Inbound - Content,Pipeline,False,False,,,33,POC setup,New Business,2024-12-07T00:00:00
79,70,4,Velocity Digital - Platform Deal,Prospecting,41389,2025-03-10,2024-07-09,Inbound - Content,Pipeline,False,False,CompetitorE,,34,,New Business,2024-07-09T00:00:00
198,205,12,Fusion Dynamics - New Business,Qualification,20190,2021-09-05,2021-05-18,Partner Referral,Best Case,False,False,CompetitorB,,64,Schedule demo,New Business,2021-05-18T00:00:00
199,372,3,Pinnacle Group - Initial License,Discovery,47465,2025-08-01,2024-12-18,Outbound - SDR,Pipeline,False,False,CompetitorC,,2,Legal review,New Business,2024-12-18T00:00:00
200,997,7,Apex Inc - Initial License,Closed Lost,17411,2024-12-22,2024-08-25,Inbound - Web,Omitted,False,True,CompetitorA,No Decision,15,,New Business,2024-08-25T00:00:00
201,497,11,Vertex Services - Platform Deal,Discovery,22954,2025-01-21,2024-09-06,Webinar,Pipeline,False,False,CompetitorE,,45,Schedule demo,New Business,2024-09-06T00:00:00
202,102,15,Apex Inc - Platform Deal,Closed Lost,144462,2024-12-31,2024-08-13,Outbound - SDR,Omitted,False,True,CompetitorA,Competitor,36,,New Business,2024-08-13T00:00:00
203,904,11,Elevate Software - New Business,Closed Lost,42727,2024-12-31,2024-12-15,Outbound - AE,Omitted,False,True,CompetitorB,No Decision,66,,New Business,2024-12-15T00:00:00
204,458,16,Optima Group - Initial License,Discovery,31847,2025-04-24,2024-12-12,Event,Pipeline,False,False,CompetitorB,,1,Reference call,New Business,2024-12-12T00:00:00
205,354,8,Velocity Dynamics - Platform Deal,Prospecting,23389,2024-09-01,2024-04-30,Outbound - SDR,Pipeline,False,False,CompetitorB,,40,Contract signing,New Business,2024-04-30T00:00:00
206,165,8,Global Networks - Initial License,Qualification,43877,2024-01-16,2023-09-23,Inbound - Content,Best Case,False,False,,,19,Reference call,New Business,2023-09-23T00:00:00
207,22,12,Atlas Enterprises - Platform Deal,Discovery,136148,2023-11-14,2023-05-28,Outbound - SDR,Pipeline,False,False,CompetitorC,,57,Send proposal,New Business,2023-05-28T00:00:00
208,165,5,Global Networks - Platform Deal,Qualification,23699,2023-06-16,2023-01-08,Partner Referral,Best Case,False,False,,,6,Contract signing,New Business,2023-01-08T00:00:00
209,571,11,Pinnacle Systems - Initial License,Closed Lost,24913,2024-12-31,2024-12-12,Partner Referral,Omitted,False,True,Open Source Alternative,Champion Left,68,,New Business,2024-12-12T00:00:00
210,476,15,Horizon Dynamics - Initial License,Prospecting,48972,2025-01-13,2024-12-10,Product-Led,Pipeline,False,False,CompetitorA,,38,Contract signing,New Business,2024-12-10T00:00:00
211,22,1,Atlas Enterprises - New Business,Qualification,136712,2024-06-17,2024-04-27,Event,Best Case,False,False,CompetitorE,,9,Schedule demo,New Business,2024-04-27T00:00:00
212,888,5,Global Platforms - Platform Deal,Proposal,169166,2024-10-29,2024-04-02,Inbound - Web,Best Case,False,False,CompetitorC,,42,POC setup,New Business,2024-04-02T00:00:00
213,946,12,Synergy Systems - Platform Deal,Prospecting,196719,2024-05-04,2024-02-28,Inbound - Content,Pipeline,False,False,,,57,Reference call,New Business,2024-02-28T00:00:00
214,627,7,Vanguard Services - Initial License,Prospecting,39075,2025-02-09,2024-08-03,Inbound - Content,Pipeline,False,False,,,39,Reference call,New Business,2024-08-03T00:00:00
215,465,16,Pacific Corp - New Business,Closed Lost,27950,2024-12-31,2024-12-03,Outbound - AE,Omitted,False,True,,Champion Left,30,,New Business,2024-12-03T00:00:00
216,221,16,Vertex Networks - Platform Deal,Closed Lost,101330,2024-10-16,2024-06-08,Outbound - SDR,Omitted,False,True,CompetitorB,Feature Gap,6,,New Business,2024-06-08T00:00:00
217,993,3,Vertex Partners - Platform Deal,Qualification,,2023-03-24,2022-08-10,Event,Best Case,False,False,CompetitorC,,17,Send proposal,New Business,2022-08-10T00:00:00
218,348,11,Vanguard Solutions - Initial License,Proposal,43253,2025-06-15,2024-12-07,Product-Led,Best Case,False,False,,,53,Send proposal,New Business,2024-12-07T00:00:00
219,95,13,Vertex Networks - Initial License,Closed Lost,38104,2022-07-22,2022-03-31,Webinar,Omitted,False,True,CompetitorB,Feature Gap,53,,New Business,2022-03-31T00:00:00
220,285,4,Catalyst Enterprises - Initial License,Discovery,43634,2024-05-08,2024-04-05,Inbound - Content,Pipeline,False,False,CompetitorC,,54,Send proposal,New Business,2024-04-05T00:00:00
221,490,14,Elevate Networks - New Business,Closed Lost,81213,2024-09-13,2024-01-25,Partner Referral,Omitted,False,True,,Timing,2,,New Business,2024-01-25T00:00:00
222,228,12,Summit Services - Platform Deal,Discovery,36478,2024-01-26,2023-07-31,Product-Led,Pipeline,False,False,CompetitorB,,52,,New Business,2023-07-31T00:00:00
223,713,3,Horizon Holdings - New Business,Qualification,7761,2024-04-04,2024-02-21,Outbound - AE,Best Case,False,False,,,31,Schedule demo,New Business,2024-02-21T00:00:00
224,6,1,Nova Holdings - Platform Deal,Proposal,34194,2024-12-01,2024-06-07,Webinar,Best Case,False,False,CompetitorC,,11,Send proposal,New Business,2024-06-07T00:00:00
225,567,16,Pacific Dynamics - Initial License,Closed Lost,58878,2024-05-28,2024-02-05,Outbound - AE,Omitted,False,True,,Timing,3,,New Business,2024-02-05T00:00:00
226,547,4,Vertex Software - Platform Deal,Discovery,107580,2024-12-03,2024-10-26,Event,Pipeline,False,False,,,51,POC setup,New Business,2024-10-26T00:00:00
227,923,14,Acme Group - Initial License,Proposal,39992,2023-12-19,2023-04-22,Outbound - AE,Best Case,False,False,,,43,Legal review,New Business,2023-04-22T00:00:00
228,223,6,Catalyst Software - Initial License,Negotiation,178944,2025-06-21,2024-09-25,Inbound - Content,Commit,False,False,,,48,Technical review,New Business,2024-09-25T00:00:00
229,1,13,Elevate Networks - New Business,Proposal,128630,2022-12-23,2022-09-05,Partner Referral,Best Case,False,False,CompetitorD,,70,Reference call,New Business,2022-09-05T00:00:00
230,754,5,Elevate Inc - New Business,Qualification,9189,2024-08-30,2024-06-15,Product-Led,Best Case,False,False,CompetitorD,,20,,New Business,2024-06-15T00:00:00
231,882,9,Apex Group - Platform Deal,Discovery,184501,2024-02-18,2024-01-16,Partner Referral,Pipeline,False,False,CompetitorE,,17,Reference call,New Business,2024-01-16T00:00:00
232,488,12,Nexus Technologies - Initial License,Proposal,173379,2024-09-21,2024-01-18,Outbound - AE,Best Case,False,False,,,60,Schedule demo,New Business,2024-01-18T00:00:00
233,553,11,Velocity Group - Initial License,Qualification,671234,2024-10-26,2024-03-14,Product-Led,Best Case,False,False,CompetitorC,,15,Legal review,New Business,2024-03-14T00:00:00
234,502,14,Elevate Services - Initial License,Prospecting,65423,2024-04-05,2024-02-18,Outbound - SDR,Pipeline,False,False,,,59,Legal review,New Business,2024-02-18T00:00:00
235,540,5,Pinnacle Holdings - Initial License,Qualification,43834,2024-01-30,2023-09-26,Webinar,Best Case,False,False,,,58,Legal review,New Business,2023-09-26T00:00:00
236,996,14,Acme Platforms - Platform Deal,Discovery,16948,2025-01-03,2024-10-04,Outbound - SDR,Pipeline,False,False,CompetitorC,,16,Contract signing,New Business,2024-10-04T00:00:00
237,732,13,Vertex Partners - New Business,Closed Lost,43637,2024-09-12,2024-02-04,Inbound - Web,Omitted,False,True,CompetitorA,No Decision,36,,New Business,2024-02-04T00:00:00
238,980,8,Vanguard Services - Initial License,Closed Lost,23681,2024-06-26,2024-04-27,Outbound - SDR,Omitted,False,True,CompetitorE,Feature Gap,13,,New Business,2024-04-27T00:00:00
239,843,10,Vertex Holdings - Initial License,Discovery,176331,2023-07-20,2023-06-06,Product-Led,Pipeline,False,False,Open Source Alternative,,21,POC setup,New Business,2023-06-06T00:00:00
240,161,8,Acme Holdings - New Business,Qualification,51648,2025-02-17,2024-07-13,Outbound - AE,Best Case,False,False,CompetitorA,,41,Legal review,New Business,2024-07-13T00:00:00
241,817,10,Apex Services - Platform Deal,Qualification,33935,2023-04-15,2022-11-26,Inbound - Web,Best Case,False,False,CompetitorC,,11,Reference call,New Business,2022-11-26T00:00:00
242,522,10,Optima Platforms - Platform Deal,Discovery,38343,2024-06-04,2024-01-23,Event,Pipeline,False,False,CompetitorD,,39,Schedule demo,New Business,2024-01-23T00:00:00
243,304,15,Horizon Systems - Platform Deal,Proposal,7570,2025-01-20,2024-09-10,Event,Best Case,False,False,Open Source Alternative,,41,Technical review,New Business,2024-09-10T00:00:00
244,50,13,Fusion Technologies - Platform Deal,Qualification,154584,2023-09-21,2023-06-01,Partner Referral,Best Case,False,False,CompetitorE,,68,Send proposal,New Business,2023-06-01T00:00:00
245,662,14,Quantum Dynamics - New Business,Prospecting,72267,2023-11-18,2023-08-30,Webinar,Pipeline,False,False,,,53,Technical review,New Business,2023-08-30T00:00:00
246,829,10,Nexus Holdings - Platform Deal,Closed Lost,37490,2024-12-31,2024-12-06,,Omitted,False,True,CompetitorB,Lost to Status Quo,67,,New Business,2024-12-06T00:00:00
247,726,4,Zenith Dynamics - Initial License,Discovery,46464,2024-07-10,2024-05-04,Product-Led,Pipeline,False,False,Open Source Alternative,,14,Technical review,New Business,2024-05-04T00:00:00
248,977,10,Apex Enterprises - New Business,Closed Won,15983,2024-06-25,2024-05-07,Event,Closed,True,True,CompetitorA,,62,,New Business,2024-05-07T00:00:00
249,396,7,Pinnacle Corp - Initial License,Negotiation,24811,2024-04-26,2024-02-22,Inbound - Content,Commit,False,False,CompetitorC,,45,Reference call,New Business,2024-02-22T00:00:00
250,271,10,Global Labs - Platform Deal,Prospecting,39198,2024-06-23,2023-10-20,Product-Led,Pipeline,False,False,Open Source Alternative,,62,Send proposal,New Business,2023-10-20T00:00:00
251,819,11,Velocity Enterprises - Platform Deal,Closed Lost,43675,2024-09-19,2024-06-20,Partner Referral,Omitted,False,True,CompetitorA,Budget Cut,39,,New Business,2024-06-20T00:00:00
252,674,15,Horizon Partners - New Business,Discovery,47615,2024-09-23,2024-04-02,Product-Led,Pipeline,False,False,CompetitorB,,61,,New Business,2024-04-02T00:00:00
253,394,8,Optima Enterprises - Platform Deal,Qualification,82808,2022-01-03,2021-08-08,Webinar,Best Case,False,False,CompetitorD,,8,Contract signing,New Business,2021-08-08T00:00:00
254,264,3,Global Holdings - New Business,Prospecting,39018,2021-03-02,2020-12-22,Partner Referral,Pipeline,False,False,CompetitorE,,23,,New Business,2020-12-22T00:00:00
255,185,13,Synergy Software - Initial License,Prospecting,61532,2025-01-16,2024-12-14,Webinar,Pipeline,False,False,CompetitorB,,50,Legal review,New Business,2024-12-14T00:00:00
256,881,4,Zenith Services - New Business,Discovery,95887,2025-01-07,2024-05-18,Product-Led,Pipeline,False,False,CompetitorB,,2,POC setup,New Business,2024-05-18T00:00:00
257,829,7,Nexus Holdings - New Business,Proposal,48062,2025-03-19,2024-12-16,,Best Case,False,False,CompetitorA,,49,,New Business,2024-12-16T00:00:00
258,497,11,Vertex Services - Platform Deal,Qualification,15360,2025-06-01,2024-11-11,Outbound - SDR,Best Case,False,False,,,26,Technical review,New Business,2024-11-11T00:00:00
259,618,2,Horizon Platforms - Platform Deal,Prospecting,7755,2023-06-24,2022-09-28,Outbound - SDR,Pipeline,False,False,CompetitorE,,43,Contract signing,New Business,2022-09-28T00:00:00
260,644,10,Vertex Software - New Business,Discovery,36857,2024-10-30,2024-06-08,Partner Referral,Pipeline,False,False,CompetitorB,,8,Send proposal,New Business,2024-06-08T00:00:00
261,406,9,Global Digital - New Business,Closed Won,27573,2021-06-22,2021-05-14,Product-Led,Closed,True,True,CompetitorC,,24,,New Business,2021-05-14T00:00:00
262,535,11,Elevate Labs - Initial License,Qualification,37814,2025-04-08,2024-11-07,Product-Led,Best Case,False,False,Open Source Alternative,,37,Executive alignment,New Business,2024-11-07T00:00:00
263,745,10,Vanguard Software - New Business,Closed Lost,47674,2024-10-10,2024-06-02,Inbound - Web,Omitted,False,True,CompetitorC,Competitor,42,,New Business,2024-06-02T00:00:00
264,68,11,Global Partners - New Business,Qualification,960934,2022-12-07,2022-05-03,Webinar,Best Case,False,False,,,61,Legal review,New Business,2022-05-03T00:00:00
265,234,11,Elevate Platforms - Platform Deal,Discovery,79658,2025-06-16,2024-10-28,Event,Pipeline,False,False,CompetitorE,,6,Contract signing,New Business,2024-10-28T00:00:00
266,862,1,Vanguard Group - Initial License,Qualification,14346,2024-07-15,2024-01-18,Product-Led,Best Case,False,False,CompetitorD,,1,Contract signing,New Business,2024-01-18T00:00:00
267,917,10,Acme Group - Initial License,Closed Won,14737,2024-12-31,2024-12-16,,Closed,True,True,CompetitorD,,40,,New Business,2024-12-16T00:00:00
5,52,5,Fusion Inc - Platform Deal,Proposal,18952,2023-03-07,2022-10-08,Webinar,Best Case,False,False,,,17,Executive alignment,New Business,2022-10-08T00:00:00
269,415,7,Elevate Analytics - New Business,Discovery,13366,2025-06-21,2024-11-04,Inbound - Web,Pipeline,False,False,,,19,,New Business,2024-11-04T00:00:00
270,840,1,Nexus Inc - Platform Deal,Negotiation,159130,2025-03-11,2024-09-05,Inbound - Content,Commit,False,False,,,30,Executive alignment,New Business,2024-09-05T00:00:00
271,223,6,Catalyst Software - New Business,Closed Lost,40002,2024-09-20,2024-04-17,Inbound - Web,Omitted,False,True,CompetitorA,Timing,39,,New Business,2024-04-17T00:00:00
272,842,6,Velocity Partners - Platform Deal,Negotiation,75163,2023-08-29,2023-05-26,Partner Referral,Commit,False,False,Open Source Alternative,,50,Executive alignment,New Business,2023-05-26T00:00:00
273,901,13,Acme Corp - Initial License,Proposal,31721,2024-12-22,2024-07-21,Webinar,Best Case,False,False,,,18,Send proposal,New Business,2024-07-21T00:00:00
274,493,15,Optima Services - Initial License,Proposal,129980,2025-02-25,2024-12-03,Product-Led,Best Case,False,False,CompetitorE,,45,Schedule demo,New Business,2024-12-03T00:00:00
275,726,4,Zenith Dynamics - Platform Deal,Qualification,37541,2023-10-10,2023-06-10,Webinar,Best Case,False,False,CompetitorB,,6,Reference call,New Business,2023-06-10T00:00:00
276,319,16,Acme Partners - Platform Deal,Discovery,183486,2025-06-26,2024-12-20,Partner Referral,Pipeline,False,False,CompetitorB,,25,,New Business,2024-12-20T00:00:00
277,555,10,Atlas Platforms - Initial License,Qualification,9808,2023-07-05,2022-10-21,Webinar,Best Case,False,False,CompetitorB,,30,Executive alignment,New Business,2022-10-21T00:00:00
278,152,15,Vertex Services - Platform Deal,Qualification,11887,2022-12-26,2022-07-06,Inbound - Content,Best Case,False,False,CompetitorE,,26,Legal review,New Business,2022-07-06T00:00:00
279,860,10,Summit Enterprises - New Business,Closed Lost,32432,2024-12-31,2024-12-03,,Omitted,False,True,CompetitorA,Price,26,,New Business,2024-12-03T00:00:00
280,660,3,Elevate Software - Platform Deal,Closed Lost,368614,2024-03-23,2023-11-26,Outbound - AE,Omitted,False,True,CompetitorD,No Decision,44,,New Business,2023-11-26T00:00:00
164,470,3,Acme Networks - Initial License,Closed Won,836367,2024-07-26,2024-06-01,Event,Closed,True,True,,,6,,New Business,2024-06-01T00:00:00
282,50,11,Fusion Technologies - Platform Deal,Closed Lost,143851,2024-05-24,2024-01-16,Webinar,Omitted,False,True,CompetitorB,Price,57,,New Business,2024-01-16T00:00:00
283,9,12,Apex Networks - Platform Deal,Discovery,537960,2025-01-15,2024-09-19,Partner Referral,Pipeline,False,False,,,16,,New Business,2024-09-19T00:00:00
284,99,8,Fusion Digital - Platform Deal,Closed Lost,39988,2023-08-26,2023-05-02,Outbound - AE,Omitted,False,True,,Champion Left,54,,New Business,2023-05-02T00:00:00
285,337,2,Optima Analytics - New Business,Closed Won,195597,2023-10-13,2023-06-18,Product-Led,Closed,True,True,,,24,,New Business,2023-06-18T00:00:00
286,968,15,Synergy Dynamics - New Business,Negotiation,73491,2025-04-08,2024-11-03,Outbound - SDR,Commit,False,False,,,39,Reference call,New Business,2024-11-03T00:00:00
287,714,11,Global Enterprises - Initial License,Prospecting,186212,2022-03-08,2022-03-16,,Pipeline,False,False,CompetitorA,,43,Reference call,New Business,2022-03-16T00:00:00
288,812,4,Nexus Dynamics - Platform Deal,Closed Won,956994,2024-12-17,2024-08-21,Inbound - Web,Closed,True,True,,,3,,New Business,2024-08-21T00:00:00
289,504,11,Acme Holdings - Initial License,Discovery,,2023-11-04,2023-03-13,Webinar,Pipeline,False,False,,,24,Technical review,New Business,2023-03-13T00:00:00
290,464,7,Summit Networks - New Business,Negotiation,22046,2023-12-16,2023-09-25,Event,Commit,False,False,CompetitorB,,36,Technical review,New Business,2023-09-25T00:00:00
291,299,15,Catalyst Solutions - Platform Deal,Proposal,276950,2025-05-27,2024-09-09,Partner Referral,Best Case,False,False,CompetitorE,,22,Contract signing,New Business,2024-09-09T00:00:00
292,465,16,Pacific Corp - New Business,Discovery,116647,2024-12-18,2024-10-27,Inbound - Content,Pipeline,False,False,,,50,Technical review,New Business,2024-10-27T00:00:00
293,926,6,Synergy Inc - Initial License,Closed Won,49191,2024-12-31,2024-11-08,,Closed,True,True,,,30,,New Business,2024-11-08T00:00:00
294,68,6,Global Partners - Initial License,Prospecting,675608,2023-01-28,2022-11-14,Inbound - Content,Pipeline,False,False,CompetitorE,,17,Schedule demo,New Business,2022-11-14T00:00:00
295,710,6,Quantum Enterprises - New Business,Qualification,30989,2025-07-09,2024-11-28,Outbound - SDR,Best Case,False,False,CompetitorE,,53,Reference call,New Business,2024-11-28T00:00:00
296,22,1,Atlas Enterprises - Initial License,Qualification,122236,2024-06-22,2023-11-28,Inbound - Web,Best Case,False,False,,,31,Schedule demo,New Business,2023-11-28T00:00:00
297,87,14,Elevate Holdings - New Business,Closed Lost,80020,2024-12-08,2024-05-01,Outbound - SDR,Omitted,False,True,Open Source Alternative,Timing,24,,New Business,2024-05-01T00:00:00
298,780,8,Fusion Digital - Platform Deal,Qualification,78152,2022-02-27,2021-08-01,Outbound - AE,Best Case,False,False,CompetitorE,,56,Reference call,New Business,2021-08-01T00:00:00
299,468,3,Vertex Solutions - New Business,Qualification,300860,2025-03-27,2024-07-08,,Best Case,False,False,CompetitorE,,18,Legal review,New Business,2024-07-08T00:00:00
300,775,15,Nexus Partners - Initial License,Prospecting,225406,2025-04-12,2024-10-29,Inbound - Content,Pipeline,False,False,CompetitorC,,9,Executive alignment,New Business,2024-10-29T00:00:00
301,306,4,Synergy Corp - New Business,Qualification,55659,2023-08-14,2023-06-06,Partner Referral,Best Case,False,False,,,24,POC setup,New Business,2023-06-06T00:00:00
302,230,15,Summit Systems - Initial License,Discovery,33966,2024-11-17,2024-07-10,Product-Led,Pipeline,False,False,CompetitorC,,56,Executive alignment,New Business,2024-07-10T00:00:00
303,756,16,Acme Technologies - Platform Deal,Qualification,17014,2024-10-16,2024-04-10,,Best Case,False,False,CompetitorB,,1,Schedule demo,New Business,2024-04-10T00:00:00
304,697,16,Global Group - Platform Deal,Qualification,78957,2024-11-19,2024-07-01,Product-Led,Best Case,False,False,CompetitorD,,21,Legal review,New Business,2024-07-01T00:00:00
305,362,11,Pacific Labs - New Business,Closed Won,56169,2024-09-21,2024-07-07,Partner Referral,Closed,True,True,CompetitorE,,51,,New Business,2024-07-07T00:00:00
306,836,13,Optima Group - New Business,Closed Lost,7459,2024-12-31,2024-07-03,Outbound - SDR,Omitted,False,True,CompetitorB,Feature Gap,3,,New Business,2024-07-03T00:00:00
307,953,8,Pinnacle Digital - Initial License,Closed Lost,53598,2024-09-05,2024-06-28,Inbound - Content,Omitted,False,True,CompetitorD,Champion Left,36,,New Business,2024-06-28T00:00:00
308,352,15,Fusion Holdings - Initial License,Closed Lost,766737,2024-12-31,2024-12-29,Partner Referral,Omitted,False,True,,Timing,33,,New Business,2024-12-29T00:00:00
309,486,2,Zenith Platforms - New Business,Proposal,564108,2022-06-18,2022-07-05,Partner Referral,Best Case,False,False,CompetitorC,,5,Contract signing,New Business,2022-07-05T00:00:00
310,696,8,Vanguard Enterprises - Initial License,Discovery,150116,2024-01-29,2023-11-16,Outbound - AE,Pipeline,False,False,,,22,POC setup,New Business,2023-11-16T00:00:00
311,367,7,Synergy Systems - New Business,Prospecting,6525,2024-10-13,2024-05-12,Outbound - AE,Pipeline,False,False,Open Source Alternative,,49,Executive alignment,New Business,2024-05-12T00:00:00
312,436,1,Nova Inc - New Business,Prospecting,296875,2025-01-16,2024-08-06,Event,Pipeline,False,False,CompetitorA,,44,Schedule demo,New Business,2024-08-06T00:00:00
313,46,12,Vanguard Holdings - Platform Deal,Proposal,36435,2024-03-30,2023-10-02,Product-Led,Best Case,False,False,,,38,,New Business,2023-10-02T00:00:00
314,596,5,Fusion Solutions - Platform Deal,Negotiation,30840,2024-09-27,2024-02-25,Product-Led,Commit,False,False,Open Source Alternative,,19,Send proposal,New Business,2024-02-25T00:00:00
315,965,6,Zenith Technologies - Platform Deal,Qualification,43052,2024-10-07,2024-01-26,Outbound - SDR,Best Case,False,False,CompetitorA,,51,,New Business,2024-01-26T00:00:00
316,659,16,Vanguard Platforms - Initial License,Prospecting,187713,2024-02-18,2023-05-28,Event,Pipeline,False,False,,,9,Schedule demo,New Business,2023-05-28T00:00:00
317,292,10,Velocity Analytics - Initial License,Closed Lost,100594,2024-11-25,2024-10-27,Outbound - AE,Omitted,False,True,CompetitorC,No Decision,27,,New Business,2024-10-27T00:00:00
318,760,15,Optima Holdings - New Business,Closed Won,44124,2024-12-21,2024-10-29,Inbound - Web,Closed,True,True,CompetitorC,,54,,New Business,2024-10-29T00:00:00
319,184,3,Fusion Holdings - New Business,Discovery,313960,2024-12-27,2024-09-02,Outbound - AE,Pipeline,False,False,CompetitorC,,37,Legal review,New Business,2024-09-02T00:00:00
320,907,1,Global Digital - Platform Deal,Proposal,22977,2025-07-20,2024-12-10,Inbound - Content,Best Case,False,False,,,13,Legal review,New Business,2024-12-10T00:00:00
321,750,5,Horizon Services - New Business,Closed Lost,11979,2024-11-10,2024-07-17,Inbound - Content,Omitted,False,True,CompetitorB,Timing,12,,New Business,2024-07-17T00:00:00
322,119,10,Optima Partners - Initial License,Qualification,15925,2024-11-29,2024-05-10,Webinar,Best Case,False,False,,,39,Schedule demo,New Business,2024-05-10T00:00:00
323,700,15,Catalyst Networks - New Business,Qualification,9379,2025-08-03,2024-12-13,Inbound - Web,Best Case,False,False,CompetitorE,,33,Executive alignment,New Business,2024-12-13T00:00:00
324,301,12,Horizon Partners - Platform Deal,Qualification,42528,2023-12-26,2023-10-19,Product-Led,Best Case,False,False,,,69,Legal review,New Business,2023-10-19T00:00:00
325,508,8,Atlas Software - Initial License,Closed Won,22257,2024-09-28,2024-04-16,Partner Referral,Closed,True,True,CompetitorA,,11,,New Business,2024-04-16T00:00:00
326,726,4,Zenith Dynamics - Initial License,Qualification,14583,2023-08-20,2022-12-18,Event,Best Case,False,False,CompetitorC,,5,Executive alignment,New Business,2022-12-18T00:00:00
327,775,12,Nexus Partners - New Business,Discovery,78688,2025-05-21,2024-08-24,Event,Pipeline,False,False,CompetitorE,,48,Reference call,New Business,2024-08-24T00:00:00
328,934,10,Elevate Services - Initial License,Qualification,13175,2025-03-31,2024-11-13,,Best Case,False,False,CompetitorE,,59,Technical review,New Business,2024-11-13T00:00:00
329,701,14,Global Services - Initial License,Discovery,809873,2024-11-26,2024-05-18,Outbound - SDR,Pipeline,False,False,CompetitorE,,46,,New Business,2024-05-18T00:00:00
330,129,3,Atlas Technologies - Initial License,Proposal,8662,2022-10-23,2022-05-22,Event,Best Case,False,False,CompetitorC,,2,,New Business,2022-05-22T00:00:00
331,295,3,Pacific Technologies - New Business,Prospecting,19823,2022-09-05,2022-06-29,Partner Referral,Pipeline,False,False,CompetitorA,,17,Send proposal,New Business,2022-06-29T00:00:00
332,959,9,Pinnacle Networks - Platform Deal,Prospecting,,2025-04-06,2024-12-04,Product-Led,Pipeline,False,False,Open Source Alternative,,39,Executive alignment,New Business,2024-12-04T00:00:00
333,516,14,Elevate Solutions - Initial License,Qualification,32489,2023-03-22,2023-01-04,Inbound - Web,Best Case,False,False,Open Source Alternative,,10,Legal review,New Business,2023-01-04T00:00:00
334,603,14,Acme Digital - New Business,Prospecting,549154,2023-11-19,2023-06-17,Outbound - SDR,Pipeline,False,False,Open Source Alternative,,48,Send proposal,New Business,2023-06-17T00:00:00
335,132,12,Fusion Digital - New Business,Closed Lost,166275,2022-06-30,2021-12-08,Webinar,Omitted,False,True,CompetitorA,Champion Left,16,,New Business,2021-12-08T00:00:00
336,30,7,Fusion Networks - New Business,Proposal,38002,2025-04-12,2024-08-24,Partner Referral,Best Case,False,False,,,6,Schedule demo,New Business,2024-08-24T00:00:00
337,191,12,Nova Group - Platform Deal,Qualification,54435,2024-10-02,2024-05-29,Outbound - SDR,Best Case,False,False,,,27,Technical review,New Business,2024-05-29T00:00:00
338,884,15,Optima Dynamics - Platform Deal,Proposal,54898,2025-05-27,2024-09-09,Product-Led,Best Case,False,False,,,34,POC setup,New Business,2024-09-09T00:00:00
339,117,2,Elevate Digital - New Business,Discovery,44106,2021-02-02,2021-01-01,,Pipeline,False,False,CompetitorE,,19,Schedule demo,New Business,2021-01-01T00:00:00
340,663,11,Optima Dynamics - New Business,Prospecting,26332,2024-12-20,2024-04-10,Inbound - Web,Pipeline,False,False,Open Source Alternative,,32,Technical review,New Business,2024-04-10T00:00:00
341,971,3,Nova Enterprises - New Business,Proposal,993227,2023-04-30,2023-05-09,Webinar,Best Case,False,False,CompetitorD,,6,Schedule demo,New Business,2023-05-09T00:00:00
342,866,7,Optima Enterprises - Initial License,Discovery,130535,2023-11-23,2023-04-10,Outbound - AE,Pipeline,False,False,CompetitorB,,51,Executive alignment,New Business,2023-04-10T00:00:00
343,243,11,Zenith Digital - Platform Deal,Negotiation,78888,2023-12-07,2023-09-22,Outbound - AE,Commit,False,False,CompetitorE,,61,Executive alignment,New Business,2023-09-22T00:00:00
344,760,5,Optima Holdings - Expansion,Proposal,21999,2023-05-25,2022-10-09,Outbound - AE,Best Case,False,False,CompetitorC,,27,Executive alignment,Expansion,2022-10-09T00:00:00
345,238,3,Fusion Group - New Business,Closed Won,976248,2021-11-30,2021-10-16,Webinar,Closed,True,True,CompetitorE,,31,,New Business,2021-10-16T00:00:00
346,903,7,Nova Enterprises - Platform Deal,Closed Won,207672,2024-12-31,2024-10-10,Event,Closed,True,True,CompetitorC,,43,,New Business,2024-10-10T00:00:00
347,744,9,Pinnacle Platforms - New Business,Closed Lost,153371,2024-05-14,2024-03-12,Inbound - Web,Omitted,False,True,Open Source Alternative,Competitor,31,,New Business,2024-03-12T00:00:00
348,47,15,Synergy Partners - New Business,Closed Lost,28706,2024-12-31,2024-12-29,Partner Referral,Omitted,False,True,CompetitorA,Competitor,18,,New Business,2024-12-29T00:00:00
349,624,4,Global Enterprises - Platform Deal,Closed Won,69742,2024-05-24,2024-01-19,Inbound - Content,Closed,True,True,CompetitorE,,60,,New Business,2024-01-19T00:00:00
350,346,2,Vertex Technologies - Platform Deal,Prospecting,115653,2024-08-04,2024-04-06,Outbound - SDR,Pipeline,False,False,,,36,Legal review,New Business,2024-04-06T00:00:00
351,370,15,Summit Software - Initial License,Qualification,35785,2025-05-25,2024-12-25,Webinar,Best Case,False,False,CompetitorA,,24,Schedule demo,New Business,2024-12-25T00:00:00
352,741,6,Vertex Inc - Initial License,Proposal,18660,2023-12-27,2023-10-17,Outbound - AE,Best Case,False,False,,,7,Reference call,New Business,2023-10-17T00:00:00
353,688,4,Vanguard Digital - Initial License,Closed Lost,24753,2024-12-31,2024-12-05,Partner Referral,Omitted,False,True,,Competitor,29,,New Business,2024-12-05T00:00:00
354,599,3,Synergy Solutions - Initial License,Qualification,75218,2024-12-09,2024-09-01,Inbound - Web,Best Case,False,False,CompetitorC,,42,Schedule demo,New Business,2024-09-01T00:00:00
355,380,2,Pinnacle Labs - Initial License,Qualification,43828,2022-05-04,2021-09-21,Outbound - SDR,Best Case,False,False,CompetitorC,,17,Legal review,New Business,2021-09-21T00:00:00
356,243,4,Zenith Digital - Initial License,Closed Lost,84670,2024-12-31,2024-12-12,Event,Omitted,False,True,CompetitorE,Lost to Status Quo,30,,New Business,2024-12-12T00:00:00
357,27,11,Elevate Group - Initial License,Proposal,835131,2024-09-05,2024-03-16,Webinar,Best Case,False,False,,,51,Contract signing,New Business,2024-03-16T00:00:00
358,546,14,Velocity Inc - Platform Deal,Proposal,475146,2022-07-28,2021-12-05,Inbound - Web,Best Case,False,False,CompetitorB,,47,Send proposal,New Business,2021-12-05T00:00:00
359,543,5,Nova Enterprises - New Business,Prospecting,1123847,2023-05-29,2023-04-21,,Pipeline,False,False,CompetitorE,,14,,New Business,2023-04-21T00:00:00
360,865,16,Synergy Solutions - New Business,Closed Lost,52112,2024-10-29,2024-07-10,Webinar,Omitted,False,True,CompetitorB,Price,11,,New Business,2024-07-10T00:00:00
361,995,7,Vanguard Labs - Initial License,Proposal,11941,2024-12-07,2024-10-16,,Best Case,False,False,CompetitorC,,9,,New Business,2024-10-16T00:00:00
362,618,2,Horizon Platforms - Platform Deal,Proposal,19984,2023-02-28,2022-07-11,Outbound - AE,Best Case,False,False,CompetitorC,,22,Send proposal,New Business,2022-07-11T00:00:00
363,989,11,Nexus Holdings - New Business,Discovery,6241,2024-11-29,2024-04-04,Partner Referral,Pipeline,False,False,CompetitorC,,55,,New Business,2024-04-04T00:00:00
364,611,16,Pacific Analytics - New Business,Qualification,11357,2024-12-28,2024-11-05,Product-Led,Best Case,False,False,,,37,Legal review,New Business,2024-11-05T00:00:00
365,609,8,Nova Analytics - New Business,Discovery,17934,2024-09-17,2024-06-06,Inbound - Web,Pipeline,False,False,CompetitorA,,29,,New Business,2024-06-06T00:00:00
366,127,5,Pinnacle Platforms - Initial License,Qualification,101691,2025-06-20,2024-12-16,,Best Case,False,False,,,51,Schedule demo,New Business,2024-12-16T00:00:00
367,5,7,Optima Platforms - Initial License,Closed Won,125832,2023-03-26,2022-11-03,Event,Closed,True,True,CompetitorA,,10,,New Business,2022-11-03T00:00:00
368,753,2,Atlas Group - Initial License,Negotiation,15589,2024-12-07,2024-06-17,Webinar,Commit,False,False,Open Source Alternative,,3,Reference call,New Business,2024-06-17T00:00:00
369,694,6,Nexus Software - New Business,Discovery,37140,2025-02-11,2024-11-16,Inbound - Web,Pipeline,False,False,Open Source Alternative,,4,Executive alignment,New Business,2024-11-16T00:00:00
370,866,7,Optima Enterprises - Platform Deal,Qualification,459100,2023-11-02,2023-08-12,Webinar,Best Case,False,False,,,28,Technical review,New Business,2023-08-12T00:00:00
371,181,10,Synergy Holdings - Initial License,Proposal,64790,2023-06-22,2022-10-20,Outbound - SDR,Best Case,False,False,CompetitorD,,9,Contract signing,New Business,2022-10-20T00:00:00
372,957,12,Acme Networks - Initial License,Closed Lost,36783,2023-09-28,2023-06-15,Outbound - SDR,Omitted,False,True,,No Decision,51,,New Business,2023-06-15T00:00:00
373,747,8,Elevate Partners - New Business,Qualification,21150,2024-09-02,2024-01-18,Webinar,Best Case,False,False,CompetitorD,,19,POC setup,New Business,2024-01-18T00:00:00
374,78,3,Zenith Partners - Platform Deal,Qualification,612479,2023-11-30,2023-05-09,Inbound - Content,Best Case,False,False,CompetitorA,,13,Legal review,New Business,2023-05-09T00:00:00
375,709,7,Vanguard Partners - Platform Deal,Discovery,8624,2022-08-17,2022-06-02,Partner Referral,Pipeline,False,False,Open Source Alternative,,1,Schedule demo,New Business,2022-06-02T00:00:00
376,465,16,Pacific Corp - Platform Deal,Closed Lost,153945,2024-12-31,2024-11-09,Inbound - Content,Omitted,False,True,CompetitorC,Timing,13,,New Business,2024-11-09T00:00:00
377,994,15,Nova Enterprises - Platform Deal,Closed Lost,34233,2024-12-31,2024-12-04,Product-Led,Omitted,False,True,CompetitorA,Budget Cut,27,,New Business,2024-12-04T00:00:00
378,82,11,Pinnacle Systems - Platform Deal,Closed Lost,58197,2024-12-31,2024-12-28,Outbound - SDR,Omitted,False,True,Open Source Alternative,Champion Left,42,,New Business,2024-12-28T00:00:00
379,129,3,Atlas Technologies - Initial License,Qualification,12628,2021-05-03,2020-12-29,Event,Best Case,False,False,,,36,Contract signing,New Business,2020-12-29T00:00:00
380,23,6,Pacific Software - Initial License,Discovery,15274,2023-10-15,2023-02-09,Inbound - Web,Pipeline,False,False,CompetitorA,,29,Legal review,New Business,2023-02-09T00:00:00
381,843,10,Vertex Holdings - Initial License,Prospecting,184092,2025-09-11,2024-12-26,Event,Pipeline,False,False,Open Source Alternative,,3,Technical review,New Business,2024-12-26T00:00:00
382,254,1,Nexus Platforms - Platform Deal,Discovery,176514,2024-04-26,2024-03-24,Inbound - Web,Pipeline,False,False,Open Source Alternative,,1,POC setup,New Business,2024-03-24T00:00:00
383,994,15,Nova Enterprises - Initial License,Closed Lost,32492,2024-12-31,2024-12-10,Event,Omitted,False,True,CompetitorE,No Decision,20,,New Business,2024-12-10T00:00:00
384,155,8,Horizon Dynamics - Initial License,Closed Lost,43167,2022-09-18,2022-06-02,Partner Referral,Omitted,False,True,CompetitorC,Feature Gap,11,,New Business,2022-06-02T00:00:00
385,36,8,Apex Solutions - Platform Deal,Closed Lost,55190,2024-04-07,2024-02-06,Outbound - SDR,Omitted,False,True,CompetitorB,Lost to Status Quo,51,,New Business,2024-02-06T00:00:00
386,553,11,Velocity Group - New Business,Negotiation,467737,2024-08-19,2023-12-05,Product-Led,Commit,False,False,CompetitorB,,57,Send proposal,New Business,2023-12-05T00:00:00
387,497,11,Vertex Services - Platform Deal,Negotiation,49945,2025-01-27,2024-11-03,Outbound - AE,Commit,False,False,CompetitorD,,25,Legal review,New Business,2024-11-03T00:00:00
388,162,6,Pinnacle Services - Initial License,Discovery,35138,2024-10-08,2024-04-23,Webinar,Pipeline,False,False,CompetitorE,,24,Contract signing,New Business,2024-04-23T00:00:00
389,349,5,Pacific Group - Initial License,Closed Won,8834,2024-12-31,2024-11-10,Product-Led,Closed,True,True,Open Source Alternative,,7,,New Business,2024-11-10T00:00:00
390,480,6,Acme Solutions - New Business,Discovery,107955,2023-09-27,2023-04-14,Inbound - Web,Pipeline,False,False,,,59,Reference call,New Business,2023-04-14T00:00:00
391,734,8,Optima Networks - New Business,Prospecting,8386,2025-04-07,2024-09-06,Inbound - Web,Pipeline,False,False,CompetitorE,,34,Executive alignment,New Business,2024-09-06T00:00:00
392,246,2,Fusion Labs - New Business,Closed Lost,,2024-07-22,2024-03-20,Webinar,Omitted,False,True,CompetitorB,Budget Cut,9,,New Business,2024-03-20T00:00:00
393,611,2,Pacific Analytics - Platform Deal,Qualification,16233,2025-01-21,2024-08-08,Outbound - AE,Best Case,False,False,,,17,Reference call,New Business,2024-08-08T00:00:00
394,824,13,Atlas Solutions - Initial License,Closed Lost,83048,2024-12-31,2024-11-22,Event,Omitted,False,True,CompetitorD,Champion Left,5,,New Business,2024-11-22T00:00:00
395,875,8,Apex Partners - Platform Deal,Qualification,63600,2023-07-11,2023-05-31,Webinar,Best Case,False,False,CompetitorC,,33,Schedule demo,New Business,2023-05-31T00:00:00
396,486,2,Zenith Platforms - New Business,Qualification,912875,2023-05-29,2023-01-30,,Best Case,False,False,,,39,Contract signing,New Business,2023-01-30T00:00:00
397,464,7,Summit Networks - Platform Deal,Discovery,31707,2024-08-27,2023-12-21,Outbound - SDR,Pipeline,False,False,,,38,Contract signing,New Business,2023-12-21T00:00:00
398,378,13,Vanguard Networks - Initial License,Prospecting,181354,2024-10-10,2024-03-23,Inbound - Content,Pipeline,False,False,CompetitorD,,26,Executive alignment,New Business,2024-03-23T00:00:00
399,724,8,Synergy Technologies - New Business,Closed Lost,20470,2024-11-05,2024-09-18,Outbound - AE,Omitted,False,True,CompetitorB,Budget Cut,49,,New Business,2024-09-18T00:00:00
400,31,14,Atlas Technologies - New Business,Closed Won,14114,2024-12-26,2024-09-12,Webinar,Closed,True,True,CompetitorE,,57,,New Business,2024-09-12T00:00:00
401,761,7,Summit Corp - Initial License,Discovery,22215,2025-02-09,2024-08-21,Partner Referral,Pipeline,False,False,CompetitorA,,13,POC setup,New Business,2024-08-21T00:00:00
402,279,16,Summit Solutions - Platform Deal,Closed Won,16659,2024-05-06,2023-12-19,Partner Referral,Closed,True,True,,,51,,New Business,2023-12-19T00:00:00
403,722,7,Fusion Group - Platform Deal,Discovery,197448,2025-02-28,2024-12-16,Inbound - Web,Pipeline,False,False,CompetitorA,,33,Send proposal,New Business,2024-12-16T00:00:00
404,574,9,Zenith Software - New Business,Prospecting,114657,2025-02-07,2024-09-21,Inbound - Content,Pipeline,False,False,CompetitorC,,4,Legal review,New Business,2024-09-21T00:00:00
405,839,13,Quantum Solutions - New Business,Closed Lost,32360,2023-12-28,2023-09-10,Outbound - AE,Omitted,False,True,,Lost to Status Quo,31,,New Business,2023-09-10T00:00:00
406,572,7,Synergy Digital - Platform Deal,Qualification,192487,2023-01-09,2022-11-13,Outbound - SDR,Best Case,False,False,CompetitorA,,52,Send proposal,New Business,2022-11-13T00:00:00
407,244,10,Vertex Inc - Platform Deal,Closed Lost,26508,2024-08-13,2024-07-07,Product-Led,Omitted,False,True,Open Source Alternative,Budget Cut,52,,New Business,2024-07-07T00:00:00
408,502,14,Elevate Services - Initial License,Proposal,157744,2022-01-19,2021-12-03,Outbound - AE,Best Case,False,False,CompetitorA,,43,Executive alignment,New Business,2021-12-03T00:00:00
409,736,14,Velocity Digital - Platform Deal,Prospecting,45880,2025-01-30,2024-12-28,,Pipeline,False,False,CompetitorC,,64,,New Business,2024-12-28T00:00:00
410,923,14,Acme Group - Platform Deal,Proposal,116262,2024-10-19,2024-02-13,Inbound - Web,Best Case,False,False,CompetitorA,,13,,New Business,2024-02-13T00:00:00
411,572,7,Synergy Digital - Platform Deal,Closed Won,152565,2024-03-23,2023-10-16,Event,Closed,True,True,,,26,,New Business,2023-10-16T00:00:00
412,616,8,Vertex Enterprises - New Business,Qualification,46532,2021-05-23,2021-03-30,Inbound - Content,Best Case,False,False,Open Source Alternative,,16,,New Business,2021-03-30T00:00:00
413,972,1,Vertex Holdings - New Business,Qualification,220838,2024-10-30,2024-03-17,Webinar,Best Case,False,False,CompetitorD,,4,Legal review,New Business,2024-03-17T00:00:00
414,398,3,Velocity Dynamics - Initial License,Closed Won,140210,2024-09-03,2024-05-09,Webinar,Closed,True,True,,,44,,New Business,2024-05-09T00:00:00
415,392,3,Fusion Digital - New Business,Closed Lost,917585,2024-04-04,2023-12-21,Event,Omitted,False,True,CompetitorB,Feature Gap,30,,New Business,2023-12-21T00:00:00
416,965,6,Zenith Technologies - New Business,Qualification,7709,2024-06-15,2024-04-02,Outbound - AE,Best Case,False,False,CompetitorC,,47,Reference call,New Business,2024-04-02T00:00:00
417,991,13,Fusion Holdings - Platform Deal,Closed Lost,134748,2024-09-30,2024-05-13,Outbound - SDR,Omitted,False,True,Open Source Alternative,Price,31,,New Business,2024-05-13T00:00:00
418,758,14,Pinnacle Group - Initial License,Closed Won,61830,2024-12-31,2024-07-10,Event,Closed,True,True,CompetitorD,,33,,New Business,2024-07-10T00:00:00
419,246,2,Fusion Labs - New Business,Proposal,536047,2023-08-23,2023-03-03,Event,Best Case,False,False,,,33,Send proposal,New Business,2023-03-03T00:00:00
420,918,4,Atlas Labs - New Business,Closed Lost,134488,2024-10-03,2024-04-09,Event,Omitted,False,True,CompetitorA,Lost to Status Quo,38,,New Business,2024-04-09T00:00:00
421,77,2,Vanguard Services - New Business,Qualification,162549,2023-01-12,2022-06-08,Outbound - AE,Best Case,False,False,CompetitorB,,43,Contract signing,New Business,2022-06-08T00:00:00
422,197,7,Fusion Labs - Initial License,Negotiation,120257,2024-12-10,2024-08-05,Partner Referral,Commit,False,False,CompetitorD,,40,POC setup,New Business,2024-08-05T00:00:00
423,213,4,Fusion Analytics - New Business,Proposal,77819,2024-11-10,2024-04-12,Partner Referral,Best Case,False,False,CompetitorB,,40,Reference call,New Business,2024-04-12T00:00:00
424,330,5,Vertex Partners - Initial License,Closed Won,279326,2023-12-16,2023-11-22,Inbound - Content,Closed,True,True,,,7,,New Business,2023-11-22T00:00:00
425,602,5,Zenith Partners - Platform Deal,Qualification,51054,2025-04-19,2024-09-26,Inbound - Web,Best Case,False,False,CompetitorC,,40,Technical review,New Business,2024-09-26T00:00:00
426,593,13,Global Labs - New Business,Qualification,12523,2023-04-21,2022-11-20,Outbound - AE,Best Case,False,False,CompetitorD,,19,Send proposal,New Business,2022-11-20T00:00:00
427,942,4,Vanguard Software - New Business,Prospecting,,2025-04-24,2024-09-19,Product-Led,Pipeline,False,False,CompetitorA,,45,,New Business,2024-09-19T00:00:00
428,312,13,Fusion Networks - Initial License,Closed Won,77769,2024-12-31,2024-09-01,Outbound - SDR,Closed,True,True,CompetitorD,,38,,New Business,2024-09-01T00:00:00
429,85,8,Acme Systems - Initial License,Discovery,63603,2024-07-10,2024-04-28,Event,Pipeline,False,False,CompetitorE,,42,,New Business,2024-04-28T00:00:00
430,63,7,Quantum Dynamics - Initial License,Qualification,9208,2024-11-06,2024-04-01,Inbound - Web,Best Case,False,False,,,54,Send proposal,New Business,2024-04-01T00:00:00
431,972,1,Vertex Holdings - Platform Deal,Closed Lost,107437,2022-12-28,2022-12-01,Outbound - SDR,Omitted,False,True,CompetitorB,Lost to Status Quo,22,,New Business,2022-12-01T00:00:00
432,895,15,Pinnacle Labs - New Business,Proposal,141268,2025-01-29,2024-12-19,Outbound - SDR,Best Case,False,False,,,44,Technical review,New Business,2024-12-19T00:00:00
433,438,5,Pinnacle Technologies - Initial License,Proposal,83863,2025-04-08,2024-10-17,Inbound - Web,Best Case,False,False,Open Source Alternative,,43,Technical review,New Business,2024-10-17T00:00:00
434,860,10,Summit Enterprises - New Business,Closed Lost,11180,2024-12-31,2024-12-19,Inbound - Content,Omitted,False,True,CompetitorD,Timing,22,,New Business,2024-12-19T00:00:00
435,348,11,Vanguard Solutions - New Business,Discovery,21379,2025-07-19,2024-12-14,Outbound - AE,Pipeline,False,False,CompetitorD,,56,Schedule demo,New Business,2024-12-14T00:00:00
436,911,12,Synergy Solutions - Initial License,Closed Lost,19930,2024-12-31,2024-12-14,Inbound - Web,Omitted,False,True,CompetitorA,Budget Cut,22,,New Business,2024-12-14T00:00:00
437,658,6,Vanguard Software - Platform Deal,Prospecting,28738,2025-07-09,2024-11-26,Webinar,Pipeline,False,False,,,54,Executive alignment,New Business,2024-11-26T00:00:00
438,190,12,Pinnacle Digital - New Business,Prospecting,71639,2024-04-26,2023-11-23,Product-Led,Pipeline,False,False,CompetitorA,,53,Reference call,New Business,2023-11-23T00:00:00
439,385,13,Nexus Systems - Platform Deal,Prospecting,33504,2022-12-11,2022-09-19,,Pipeline,False,False,,,37,Contract signing,New Business,2022-09-19T00:00:00
440,491,9,Velocity Solutions - Initial License,Closed Lost,10367,2024-12-31,2024-07-08,Webinar,Omitted,False,True,CompetitorB,Budget Cut,37,,New Business,2024-07-08T00:00:00
441,536,11,Horizon Solutions - New Business,Qualification,,2023-02-12,2022-07-03,Product-Led,Best Case,False,False,Open Source Alternative,,10,Executive alignment,New Business,2022-07-03T00:00:00
442,514,6,Vertex Platforms - Initial License,Qualification,29600,2025-06-06,2024-12-02,Outbound - SDR,Best Case,False,False,,,2,Legal review,New Business,2024-12-02T00:00:00
443,125,7,Acme Platforms - Initial License,Closed Lost,161816,2024-07-24,2024-05-15,,Omitted,False,True,Open Source Alternative,Feature Gap,55,,New Business,2024-05-15T00:00:00
205,962,10,Velocity Inc - Initial License,Discovery,385261,2025-05-24,2024-12-09,Product-Led,Pipeline,False,False,CompetitorE,,51,Legal review,New Business,2024-12-09T00:00:00
445,359,2,Pinnacle Corp - Initial License,Prospecting,96091,2023-08-12,2023-04-18,Webinar,Pipeline,False,False,,,7,Schedule demo,New Business,2023-04-18T00:00:00
446,162,6,Pinnacle Services - Platform Deal,Qualification,20985,2024-11-28,2024-07-05,Webinar,Best Case,False,False,,,28,Schedule demo,New Business,2024-07-05T00:00:00
447,694,8,Nexus Software - Initial License,Closed Won,24205,2023-12-18,2023-08-07,Inbound - Content,Closed,True,True,CompetitorB,,56,,New Business,2023-08-07T00:00:00
448,479,9,Global Analytics - Initial License,Negotiation,29223,2023-11-23,2023-08-11,Webinar,Commit,False,False,CompetitorE,,12,Reference call,New Business,2023-08-11T00:00:00
449,26,8,Acme Inc - Initial License,Negotiation,45117,2024-11-08,2024-05-31,Product-Led,Commit,False,False,Open Source Alternative,,13,Reference call,New Business,2024-05-31T00:00:00
450,141,2,Acme Platforms - Initial License,Discovery,7036,2025-01-29,2024-12-02,Inbound - Content,Pipeline,False,False,,,22,Reference call,New Business,2024-12-02T00:00:00
451,500,15,Vanguard Platforms - Initial License,Discovery,143406,2025-03-21,2024-12-17,Webinar,Pipeline,False,False,,,65,,New Business,2024-12-17T00:00:00
452,554,8,Pacific Group - Platform Deal,Prospecting,40755,2025-03-09,2024-09-13,Event,Pipeline,False,False,CompetitorE,,50,Contract signing,New Business,2024-09-13T00:00:00
453,304,10,Horizon Systems - Initial License,Prospecting,29318,2025-05-15,2024-12-09,Webinar,Pipeline,False,False,CompetitorA,,41,Executive alignment,New Business,2024-12-09T00:00:00
454,114,8,Nova Partners - New Business,Closed Lost,55660,2024-11-05,2024-10-14,Product-Led,Omitted,False,True,CompetitorD,Timing,31,,New Business,2024-10-14T00:00:00
455,161,8,Acme Holdings - Platform Deal,Discovery,197741,2025-03-05,2024-07-21,Outbound - AE,Pipeline,False,False,CompetitorA,,2,Reference call,New Business,2024-07-21T00:00:00
456,934,10,Elevate Services - Platform Deal,Qualification,14820,2024-09-19,2024-06-04,Webinar,Best Case,False,False,CompetitorB,,13,Legal review,New Business,2024-06-04T00:00:00
457,471,2,Vertex Enterprises - Initial License,Qualification,,2022-05-07,2021-10-26,Inbound - Web,Best Case,False,False,Open Source Alternative,,9,Reference call,New Business,2021-10-26T00:00:00
458,400,4,Fusion Solutions - Initial License,Closed Won,41115,2024-10-15,2024-06-19,,Closed,True,True,,,12,,New Business,2024-06-19T00:00:00
459,443,12,Zenith Analytics - Platform Deal,Prospecting,28683,2024-06-24,2024-04-15,Inbound - Web,Pipeline,False,False,,,44,Executive alignment,New Business,2024-04-15T00:00:00
460,452,2,Vertex Analytics - New Business,Closed Lost,181136,2023-07-23,2023-03-26,,Omitted,False,True,Open Source Alternative,Price,31,,New Business,2023-03-26T00:00:00
461,873,7,Pinnacle Enterprises - Platform Deal,Qualification,94999,2024-06-25,2024-05-20,Outbound - SDR,Best Case,False,False,CompetitorA,,59,POC setup,New Business,2024-05-20T00:00:00
462,955,7,Pacific Solutions - Platform Deal,Closed Lost,36675,2024-04-06,2024-01-08,Webinar,Omitted,False,True,,Price,1,,New Business,2024-01-08T00:00:00
463,497,11,Vertex Services - Platform Deal,Discovery,41858,2025-05-08,2024-11-20,Outbound - AE,Pipeline,False,False,CompetitorD,,3,Executive alignment,New Business,2024-11-20T00:00:00
464,264,3,Global Holdings - Initial License,Negotiation,53268,2024-09-19,2024-02-03,Webinar,Commit,False,False,CompetitorE,,11,,New Business,2024-02-03T00:00:00
465,264,9,Global Holdings - Platform Deal,Qualification,71090,2024-04-26,2024-03-27,Outbound - SDR,Best Case,False,False,,,33,Schedule demo,New Business,2024-03-27T00:00:00
466,771,7,Vertex Solutions - Platform Deal,Closed Lost,118221,2024-10-31,2024-07-08,Event,Omitted,False,True,CompetitorB,Champion Left,7,,New Business,2024-07-08T00:00:00
467,249,14,Acme Digital - New Business,Proposal,73179,2024-10-09,2024-01-15,Outbound - SDR,Best Case,False,False,Open Source Alternative,,19,Executive alignment,New Business,2024-01-15T00:00:00
468,823,2,Synergy Software - Platform Deal,Qualification,72022,2024-12-13,2024-09-03,Inbound - Web,Best Case,False,False,CompetitorB,,44,,New Business,2024-09-03T00:00:00
469,539,14,Summit Systems - New Business,Proposal,72381,2020-05-20,2020-02-17,Outbound - AE,Best Case,False,False,CompetitorC,,67,POC setup,New Business,2020-02-17T00:00:00
470,566,15,Optima Analytics - Platform Deal,Closed Lost,885120,2024-12-21,2024-09-12,,Omitted,False,True,CompetitorB,Budget Cut,39,,New Business,2024-09-12T00:00:00
471,882,3,Apex Group - Initial License,Proposal,161660,2023-12-27,2023-08-21,Inbound - Content,Best Case,False,False,CompetitorE,,6,Reference call,New Business,2023-08-21T00:00:00
472,841,12,Acme Inc - Platform Deal,Qualification,207000,2024-04-30,2023-08-20,Inbound - Content,Best Case,False,False,Open Source Alternative,,3,,New Business,2023-08-20T00:00:00
473,381,4,Nexus Digital - New Business,Closed Lost,7309,2024-10-18,2024-11-02,Partner Referral,Omitted,False,True,CompetitorD,Feature Gap,50,,New Business,2024-11-02T00:00:00
474,338,16,Elevate Services - Platform Deal,Proposal,135522,2024-12-29,2024-09-04,Outbound - SDR,Best Case,False,False,CompetitorD,,20,Executive alignment,New Business,2024-09-04T00:00:00
475,646,10,Summit Software - New Business,Qualification,42333,2024-10-08,2024-08-09,Outbound - SDR,Best Case,False,False,,,58,Technical review,New Business,2024-08-09T00:00:00
476,782,9,Atlas Enterprises - Initial License,Qualification,34800,2025-05-05,2024-09-13,Product-Led,Best Case,False,False,CompetitorE,,9,,New Business,2024-09-13T00:00:00
477,494,12,Synergy Platforms - Platform Deal,Discovery,24302,2024-01-27,2023-12-15,Webinar,Pipeline,False,False,CompetitorC,,54,Contract signing,New Business,2023-12-15T00:00:00
243,854,12,Synergy Labs - New Business,Discovery,17099,2023-12-22,2023-06-01,Inbound - Content,Pipeline,False,False,CompetitorA,,26,Schedule demo,New Business,2023-06-01T00:00:00
479,369,13,Pacific Solutions - Platform Deal,Closed Won,,2024-09-10,2024-05-15,Event,Closed,True,True,Open Source Alternative,,27,,New Business,2024-05-15T00:00:00
480,732,13,Vertex Partners - Platform Deal,Discovery,17232,2024-09-16,2024-02-20,Inbound - Web,Pipeline,False,False,,,60,Schedule demo,New Business,2024-02-20T00:00:00
481,440,1,Acme Systems - New Business,Prospecting,596247,2025-06-11,2024-12-16,Outbound - SDR,Pipeline,False,False,,,36,Send proposal,New Business,2024-12-16T00:00:00
482,695,12,Nova Enterprises - New Business,Prospecting,45613,2025-05-05,2024-12-03,Webinar,Pipeline,False,False,,,6,POC setup,New Business,2024-12-03T00:00:00
483,78,3,Zenith Partners - Initial License,Closed Lost,130489,2024-06-29,2024-05-21,Outbound - AE,Omitted,False,True,CompetitorC,No Decision,5,,New Business,2024-05-21T00:00:00
484,514,6,Vertex Platforms - New Business,Proposal,45795,2025-08-07,2024-12-15,Inbound - Web,Best Case,False,False,CompetitorC,,17,Legal review,New Business,2024-12-15T00:00:00
485,457,13,Nexus Enterprises - Initial License,Qualification,8947,2025-04-24,2024-11-23,Inbound - Content,Best Case,False,False,CompetitorD,,69,Reference call,New Business,2024-11-23T00:00:00
486,167,15,Optima Platforms - Initial License,Qualification,43159,2025-02-01,2024-12-01,Outbound - SDR,Best Case,False,False,CompetitorC,,30,Send proposal,New Business,2024-12-01T00:00:00
487,551,3,Catalyst Inc - Initial License,Discovery,45733,2025-05-23,2024-12-05,Outbound - SDR,Pipeline,False,False,Open Source Alternative,,40,Executive alignment,New Business,2024-12-05T00:00:00
488,948,16,Global Platforms - Platform Deal,Closed Won,646648,2024-09-24,2024-06-15,Inbound - Content,Closed,True,True,CompetitorD,,20,,New Business,2024-06-15T00:00:00
489,664,9,Zenith Dynamics - New Business,Closed Lost,,2020-10-28,2020-06-09,Outbound - AE,Omitted,False,True,,Feature Gap,42,,New Business,2020-06-09T00:00:00
490,481,15,Fusion Corp - Initial License,Proposal,560982,2024-10-18,2024-08-29,Outbound - SDR,Best Case,False,False,,,59,Contract signing,New Business,2024-08-29T00:00:00
491,618,2,Horizon Platforms - Initial License,Closed Lost,16111,2023-12-02,2023-10-20,Product-Led,Omitted,False,True,CompetitorA,No Decision,9,,New Business,2023-10-20T00:00:00
492,713,13,Horizon Holdings - New Business,Prospecting,29479,2022-01-19,2021-07-31,Outbound - AE,Pipeline,False,False,Open Source Alternative,,45,POC setup,New Business,2021-07-31T00:00:00
493,493,15,Optima Services - Initial License,Prospecting,,2025-06-01,2024-12-11,Product-Led,Pipeline,False,False,,,46,Schedule demo,New Business,2024-12-11T00:00:00
494,499,6,Nova Technologies - Platform Deal,Qualification,46342,2023-11-14,2023-08-21,Outbound - AE,Best Case,False,False,CompetitorE,,50,Contract signing,New Business,2023-08-21T00:00:00
495,407,12,Vertex Services - Initial License,Discovery,16036,2025-02-24,2024-10-25,Inbound - Web,Pipeline,False,False,CompetitorB,,64,Schedule demo,New Business,2024-10-25T00:00:00
496,451,11,Nova Digital - Initial License,Prospecting,782153,2024-10-31,2024-03-18,Partner Referral,Pipeline,False,False,CompetitorD,,45,Contract signing,New Business,2024-03-18T00:00:00
497,409,10,Velocity Platforms - Platform Deal,Discovery,81795,2022-05-12,2022-02-10,Inbound - Content,Pipeline,False,False,,,36,,New Business,2022-02-10T00:00:00
498,572,7,Synergy Digital - Upsell,Negotiation,65187,2024-10-24,2024-05-15,Partner Referral,Commit,False,False,CompetitorE,,46,Legal review,Expansion,2024-05-15T00:00:00
499,836,13,Optima Group - Initial License,Proposal,26149,2024-12-11,2024-05-01,Event,Best Case,False,False,,,59,,New Business,2024-05-01T00:00:00
500,606,7,Pinnacle Solutions - Initial License,Discovery,42492,2025-04-15,2024-11-01,Outbound - SDR,Pipeline,False,False,CompetitorD,,38,Executive alignment,New Business,2024-11-01T00:00:00
501,619,2,Summit Analytics - New Business,Closed Lost,104455,2023-12-18,2023-09-05,Webinar,Omitted,False,True,CompetitorB,Lost to Status Quo,2,,New Business,2023-09-05T00:00:00
502,613,2,Elevate Platforms - New Business,Closed Won,38729,2024-09-22,2024-07-30,Outbound - SDR,Closed,True,True,CompetitorE,,2,,New Business,2024-07-30T00:00:00
503,182,2,Catalyst Solutions - Additional Seats,Closed Lost,11288,2023-12-19,2023-10-06,Event,Omitted,False,True,CompetitorE,Timing,8,,Expansion,2023-10-06T00:00:00
504,904,10,Elevate Software - New Business,Qualification,,2025-06-18,2024-12-05,Partner Referral,Best Case,False,False,CompetitorA,,8,Executive alignment,New Business,2024-12-05T00:00:00
505,11,7,Velocity Partners - Initial License,Closed Won,818291,2023-05-19,2023-02-15,Inbound - Content,Closed,True,True,,,3,,New Business,2023-02-15T00:00:00
506,467,11,Vanguard Partners - Platform Deal,Discovery,33880,2024-02-10,2023-09-23,Product-Led,Pipeline,False,False,CompetitorD,,23,Executive alignment,New Business,2023-09-23T00:00:00
507,984,3,Horizon Services - Initial License,Prospecting,69931,2025-04-03,2024-08-15,Inbound - Content,Pipeline,False,False,CompetitorA,,17,Schedule demo,New Business,2024-08-15T00:00:00
508,708,11,Apex Corp - New Business,Prospecting,46185,2022-09-08,2022-04-04,Partner Referral,Pipeline,False,False,CompetitorE,,30,Schedule demo,New Business,2022-04-04T00:00:00
509,141,2,Acme Platforms - New Business,Qualification,12139,2025-07-15,2024-10-24,Outbound - SDR,Best Case,False,False,CompetitorA,,37,Reference call,New Business,2024-10-24T00:00:00
510,27,5,Elevate Group - Initial License,Discovery,1071714,2024-11-09,2024-07-19,Inbound - Web,Pipeline,False,False,,,43,Reference call,New Business,2024-07-19T00:00:00
511,442,15,Fusion Digital - New Business,Discovery,56683,2021-05-06,2020-09-20,Webinar,Pipeline,False,False,Open Source Alternative,,8,Contract signing,New Business,2020-09-20T00:00:00
512,862,11,Vanguard Group - New Business,Closed Lost,39277,2024-12-31,2024-10-11,Outbound - SDR,Omitted,False,True,Open Source Alternative,No Decision,60,,New Business,2024-10-11T00:00:00
513,142,12,Summit Digital - Platform Deal,Closed Lost,43480,2024-06-25,2023-10-30,Inbound - Content,Omitted,False,True,Open Source Alternative,Feature Gap,55,,New Business,2023-10-30T00:00:00
514,578,3,Elevate Partners - Initial License,Discovery,33454,2023-08-28,2023-04-02,Outbound - SDR,Pipeline,False,False,CompetitorA,,12,Send proposal,New Business,2023-04-02T00:00:00
515,477,8,Summit Software - Platform Deal,Negotiation,22285,2024-05-23,2024-04-17,Partner Referral,Commit,False,False,,,31,,New Business,2024-04-17T00:00:00
516,194,15,Vanguard Services - Initial License,Closed Lost,134879,2024-12-31,2024-12-20,Webinar,Omitted,False,True,CompetitorD,Budget Cut,9,,New Business,2024-12-20T00:00:00
517,451,11,Nova Digital - New Business,Discovery,454017,2024-11-02,2024-04-04,Webinar,Pipeline,False,False,,,68,Send proposal,New Business,2024-04-04T00:00:00
518,248,10,Horizon Digital - Initial License,Proposal,233432,2024-11-14,2024-09-10,Product-Led,Best Case,False,False,CompetitorA,,35,POC setup,New Business,2024-09-10T00:00:00
519,57,8,Nexus Corp - New Business,Closed Lost,20965,2024-12-31,2024-09-24,Webinar,Omitted,False,True,,Lost to Status Quo,27,,New Business,2024-09-24T00:00:00
520,201,1,Global Dynamics - Initial License,Closed Won,174749,2024-07-22,2024-06-13,Event,Closed,True,True,,,43,,New Business,2024-06-13T00:00:00
521,526,9,Global Inc - Initial License,Discovery,9290,2023-06-11,2022-11-12,Outbound - AE,Pipeline,False,False,CompetitorD,,64,,New Business,2022-11-12T00:00:00
522,582,2,Quantum Technologies - New Business,Discovery,1043552,2024-06-06,2023-12-16,Inbound - Web,Pipeline,False,False,CompetitorC,,18,POC setup,New Business,2023-12-16T00:00:00
523,63,14,Quantum Dynamics - Initial License,Qualification,24794,2024-09-13,2024-04-13,Inbound - Web,Best Case,False,False,Open Source Alternative,,48,,New Business,2024-04-13T00:00:00
524,154,3,Acme Inc - Platform Deal,Closed Won,93626,2022-12-26,2022-12-12,Event,Closed,True,True,CompetitorE,,25,,New Business,2022-12-12T00:00:00
525,673,16,Acme Systems - Initial License,Qualification,15469,2025-05-09,2024-09-12,Outbound - AE,Best Case,False,False,,,55,POC setup,New Business,2024-09-12T00:00:00
526,894,8,Pacific Solutions - New Business,Prospecting,59668,2023-05-14,2022-08-23,Webinar,Pipeline,False,False,,,41,Executive alignment,New Business,2022-08-23T00:00:00
527,537,12,Summit Analytics - Platform Deal,Closed Won,24198,2023-09-21,2023-03-05,Inbound - Content,Closed,True,True,,,63,,New Business,2023-03-05T00:00:00
528,953,8,Pinnacle Digital - Initial License,Qualification,63245,2024-04-11,2023-09-04,,Best Case,False,False,CompetitorE,,32,Send proposal,New Business,2023-09-04T00:00:00
479,979,10,Optima Enterprises - Platform Deal,Qualification,104767,2025-01-23,2024-11-18,Product-Led,Best Case,False,False,CompetitorD,,5,Reference call,New Business,2024-11-18T00:00:00
530,610,14,Horizon Corp - Platform Deal,Proposal,171669,2024-10-16,2024-07-10,Outbound - AE,Best Case,False,False,,,9,,New Business,2024-07-10T00:00:00
531,616,12,Vertex Enterprises - Platform Deal,Prospecting,26592,2024-02-14,2023-07-10,Outbound - AE,Pipeline,False,False,CompetitorE,,1,POC setup,New Business,2023-07-10T00:00:00
532,198,2,Catalyst Inc - New Business,Prospecting,46931,2025-05-06,2024-12-11,Event,Pipeline,False,False,CompetitorE,,41,,New Business,2024-12-11T00:00:00
533,610,15,Horizon Corp - Initial License,Discovery,143719,2025-05-10,2024-12-19,Outbound - AE,Pipeline,False,False,,,21,POC setup,New Business,2024-12-19T00:00:00
534,975,15,Quantum Holdings - New Business,Discovery,46216,2024-12-05,2024-06-09,Outbound - SDR,Pipeline,False,False,CompetitorE,,59,Technical review,New Business,2024-06-09T00:00:00
535,364,14,Optima Solutions - New Business,Prospecting,21319,2024-12-25,2024-12-30,Webinar,Pipeline,False,False,CompetitorB,,38,Reference call,New Business,2024-12-30T00:00:00
536,446,11,Summit Networks - Initial License,Qualification,6988,2024-09-01,2024-04-22,Inbound - Web,Best Case,False,False,CompetitorB,,52,Send proposal,New Business,2024-04-22T00:00:00
537,617,12,Quantum Inc - Platform Deal,Qualification,118518,2023-02-04,2022-12-01,Product-Led,Best Case,False,False,Open Source Alternative,,41,Reference call,New Business,2022-12-01T00:00:00
538,192,6,Apex Services - New Business,Closed Lost,205443,2024-12-24,2024-10-17,Partner Referral,Omitted,False,True,CompetitorC,No Decision,33,,New Business,2024-10-17T00:00:00
539,900,7,Summit Solutions - New Business,Proposal,5919,2024-01-13,2023-10-25,Outbound - SDR,Best Case,False,False,,,50,,New Business,2023-10-25T00:00:00
540,61,16,Synergy Platforms - Initial License,Negotiation,37913,2024-09-21,2024-07-12,Webinar,Commit,False,False,,,28,POC setup,New Business,2024-07-12T00:00:00
541,425,7,Pinnacle Partners - Initial License,Proposal,15441,2025-05-03,2024-09-18,Inbound - Content,Best Case,False,False,,,7,,New Business,2024-09-18T00:00:00
542,377,1,Atlas Systems - New Business,Discovery,65655,2024-02-10,2023-08-30,Partner Referral,Pipeline,False,False,CompetitorC,,16,POC setup,New Business,2023-08-30T00:00:00
543,460,13,Pacific Holdings - New Business,Negotiation,186055,2025-07-14,2024-11-09,Partner Referral,Commit,False,False,,,58,,New Business,2024-11-09T00:00:00
544,936,2,Summit Enterprises - New Business,Qualification,150929,2024-08-09,2024-03-04,Inbound - Content,Best Case,False,False,CompetitorE,,38,Send proposal,New Business,2024-03-04T00:00:00
545,1000,14,Fusion Holdings - New Business,Closed Lost,17382,2024-06-16,2024-05-22,Outbound - AE,Omitted,False,True,CompetitorB,Feature Gap,41,,New Business,2024-05-22T00:00:00
546,958,12,Pinnacle Digital - New Business,Qualification,138323,2024-07-11,2023-11-12,Partner Referral,Best Case,False,False,CompetitorE,,63,Reference call,New Business,2023-11-12T00:00:00
547,544,9,Horizon Platforms - Initial License,Prospecting,207397,2024-07-19,2024-03-01,Inbound - Web,Pipeline,False,False,CompetitorE,,4,POC setup,New Business,2024-03-01T00:00:00
548,492,8,Synergy Services - Platform Deal,Proposal,48821,2025-08-06,2024-12-26,Partner Referral,Best Case,False,False,Open Source Alternative,,55,Technical review,New Business,2024-12-26T00:00:00
549,51,16,Zenith Services - New Business,Qualification,185974,2025-01-25,2024-11-05,Inbound - Web,Best Case,False,False,,,45,,New Business,2024-11-05T00:00:00
550,120,4,Summit Holdings - New Business,Discovery,,2024-07-26,2024-03-18,Outbound - AE,Pipeline,False,False,,,45,Technical review,New Business,2024-03-18T00:00:00
551,435,3,Nexus Technologies - Initial License,Closed Lost,110304,2024-12-20,2024-07-03,Outbound - SDR,Omitted,False,True,,Timing,25,,New Business,2024-07-03T00:00:00
552,793,9,Optima Analytics - Platform Deal,Prospecting,44357,2022-07-26,2021-11-02,Event,Pipeline,False,False,CompetitorA,,19,Legal review,New Business,2021-11-02T00:00:00
553,804,1,Acme Partners - Initial License,Proposal,92641,2022-10-02,2022-08-08,Inbound - Web,Best Case,False,False,,,41,Executive alignment,New Business,2022-08-08T00:00:00
554,253,10,Zenith Corp - Renewal,Discovery,27018,2024-01-12,2023-05-06,Outbound - AE,Pipeline,False,False,CompetitorA,,20,Schedule demo,Renewal,2023-05-06T00:00:00
555,961,7,Synergy Systems - Initial License,Prospecting,515735,2025-03-11,2024-08-25,Outbound - AE,Pipeline,False,False,,,16,,New Business,2024-08-25T00:00:00
556,486,2,Zenith Platforms - Initial License,Closed Won,708628,2022-12-31,2022-11-03,Partner Referral,Closed,True,True,,,5,,New Business,2022-11-03T00:00:00
557,652,8,Optima Enterprises - Initial License,Qualification,342575,2024-06-08,2023-10-11,Inbound - Content,Best Case,False,False,CompetitorC,,9,Contract signing,New Business,2023-10-11T00:00:00
558,746,8,Atlas Services - Platform Deal,Closed Lost,141963,2024-12-31,2024-09-11,Partner Referral,Omitted,False,True,CompetitorB,Timing,58,,New Business,2024-09-11T00:00:00
559,392,10,Fusion Digital - Initial License,Closed Lost,325502,2024-09-23,2024-04-06,Partner Referral,Omitted,False,True,,Feature Gap,69,,New Business,2024-04-06T00:00:00
560,866,9,Optima Enterprises - New Business,Discovery,393754,2023-01-21,2022-10-24,Outbound - AE,Pipeline,False,False,,,59,Schedule demo,New Business,2022-10-24T00:00:00
561,932,3,Atlas Networks - New Business,Prospecting,9295,2025-06-06,2024-10-20,Partner Referral,Pipeline,False,False,CompetitorE,,4,Executive alignment,New Business,2024-10-20T00:00:00
562,990,7,Elevate Technologies - Platform Deal,Discovery,36227,2023-01-26,2022-09-13,Outbound - AE,Pipeline,False,False,CompetitorB,,20,Legal review,New Business,2022-09-13T00:00:00
563,360,5,Quantum Solutions - New Business,Closed Lost,169197,2024-09-20,2024-08-04,Inbound - Web,Omitted,False,True,CompetitorC,Feature Gap,45,,New Business,2024-08-04T00:00:00
564,218,11,Fusion Holdings - Initial License,Closed Lost,49883,2022-06-16,2021-10-15,Event,Omitted,False,True,,Feature Gap,44,,New Business,2021-10-15T00:00:00
565,88,15,Elevate Inc - New Business,Prospecting,11948,2024-08-04,2024-05-20,Outbound - SDR,Pipeline,False,False,CompetitorD,,4,,New Business,2024-05-20T00:00:00
566,794,10,Pacific Enterprises - Platform Deal,Qualification,400991,2024-08-26,2024-03-12,Inbound - Content,Best Case,False,False,,,64,Send proposal,New Business,2024-03-12T00:00:00
567,61,9,Synergy Platforms - Initial License,Discovery,24468,2025-04-21,2024-12-09,Webinar,Pipeline,False,False,,,39,Executive alignment,New Business,2024-12-09T00:00:00
568,180,2,Quantum Digital - Platform Deal,Qualification,46065,2024-12-31,2024-10-01,Product-Led,Best Case,False,False,CompetitorA,,25,Legal review,New Business,2024-10-01T00:00:00
569,207,1,Pinnacle Networks - New Business,Closed Lost,167823,2023-03-08,2022-12-05,Product-Led,Omitted,False,True,,No Decision,10,,New Business,2022-12-05T00:00:00
570,299,3,Catalyst Solutions - Initial License,Qualification,699541,2025-03-08,2024-10-21,Event,Best Case,False,False,CompetitorA,,18,Executive alignment,New Business,2024-10-21T00:00:00
571,430,9,Atlas Networks - Platform Deal,Qualification,10845,2025-08-11,2024-11-28,Outbound - AE,Best Case,False,False,CompetitorE,,14,Technical review,New Business,2024-11-28T00:00:00
572,979,8,Optima Enterprises - Platform Deal,Qualification,183438,2025-05-06,2024-10-15,Event,Best Case,False,False,Open Source Alternative,,5,Executive alignment,New Business,2024-10-15T00:00:00
573,515,14,Vertex Software - New Business,Qualification,50743,2024-02-09,2023-08-16,Outbound - SDR,Best Case,False,False,CompetitorD,,43,Schedule demo,New Business,2023-08-16T00:00:00
574,39,2,Acme Software - Platform Deal,Closed Lost,66983,2024-12-31,2024-12-28,Partner Referral,Omitted,False,True,CompetitorE,Competitor,21,,New Business,2024-12-28T00:00:00
575,671,1,Vanguard Technologies - New Business,Qualification,303037,2023-06-27,2023-02-01,Outbound - AE,Best Case,False,False,,,11,Legal review,New Business,2023-02-01T00:00:00
576,711,10,Summit Partners - Initial License,Closed Lost,31127,2024-11-24,2024-09-21,Partner Referral,Omitted,False,True,Open Source Alternative,Budget Cut,55,,New Business,2024-09-21T00:00:00
577,409,3,Velocity Platforms - Initial License,Discovery,156664,2024-07-11,2023-10-19,Event,Pipeline,False,False,CompetitorC,,37,Legal review,New Business,2023-10-19T00:00:00
578,378,4,Vanguard Networks - Platform Deal,Closed Lost,871718,2021-03-17,2021-01-13,Event,Omitted,False,True,CompetitorA,Price,58,,New Business,2021-01-13T00:00:00
579,407,16,Vertex Services - Platform Deal,Closed Lost,15960,2024-11-24,2024-10-18,Webinar,Omitted,False,True,CompetitorA,Budget Cut,35,,New Business,2024-10-18T00:00:00
580,481,15,Fusion Corp - Platform Deal,Prospecting,443411,2024-08-23,2024-03-03,Event,Pipeline,False,False,CompetitorA,,41,POC setup,New Business,2024-03-03T00:00:00
581,159,12,Horizon Systems - Initial License,Qualification,690326,2023-12-13,2023-08-01,Inbound - Web,Best Case,False,False,,,34,Reference call,New Business,2023-08-01T00:00:00
582,112,14,Catalyst Inc - Initial License,Qualification,13456,2024-10-10,2024-05-01,Inbound - Web,Best Case,False,False,CompetitorD,,60,POC setup,New Business,2024-05-01T00:00:00
583,321,8,Horizon Labs - Platform Deal,Discovery,188527,2024-04-16,2024-01-26,Product-Led,Pipeline,False,False,CompetitorC,,12,Reference call,New Business,2024-01-26T00:00:00
584,289,14,Nova Dynamics - Initial License,Closed Lost,211673,2023-08-29,2023-03-07,Outbound - SDR,Omitted,False,True,CompetitorB,Budget Cut,43,,New Business,2023-03-07T00:00:00
585,518,10,Velocity Solutions - Platform Deal,Prospecting,11108,2024-11-22,2024-09-08,Partner Referral,Pipeline,False,False,CompetitorD,,20,Send proposal,New Business,2024-09-08T00:00:00
586,422,12,Catalyst Software - Initial License,Closed Lost,23242,2023-12-24,2023-10-20,Inbound - Content,Omitted,False,True,,Lost to Status Quo,3,,New Business,2023-10-20T00:00:00
587,762,8,Nexus Enterprises - New Business,Qualification,8795,2022-12-16,2022-09-04,Inbound - Web,Best Case,False,False,,,35,Contract signing,New Business,2022-09-04T00:00:00
588,786,14,Quantum Solutions - New Business,Discovery,49208,2025-04-01,2024-12-27,Outbound - SDR,Pipeline,False,False,CompetitorE,,55,Schedule demo,New Business,2024-12-27T00:00:00
589,443,5,Zenith Analytics - Initial License,Prospecting,35076,2024-07-17,2024-04-14,Inbound - Web,Pipeline,False,False,CompetitorC,,31,Technical review,New Business,2024-04-14T00:00:00
590,849,13,Nexus Software - Platform Deal,Discovery,15912,2023-06-28,2023-05-15,Inbound - Content,Pipeline,False,False,,,63,Technical review,New Business,2023-05-15T00:00:00
591,142,12,Summit Digital - Initial License,Closed Lost,15541,2023-09-17,2023-05-29,Inbound - Content,Omitted,False,True,CompetitorB,Competitor,16,,New Business,2023-05-29T00:00:00
592,987,3,Horizon Digital - Initial License,Discovery,778585,2024-07-26,2023-11-03,Outbound - AE,Pipeline,False,False,CompetitorD,,38,POC setup,New Business,2023-11-03T00:00:00
593,194,15,Vanguard Services - Platform Deal,Closed Won,,2024-12-30,2024-10-01,Event,Closed,True,True,CompetitorA,,56,,New Business,2024-10-01T00:00:00
594,560,6,Quantum Systems - New Business,Qualification,167425,2024-07-04,2024-04-14,Outbound - SDR,Best Case,False,False,CompetitorB,,35,Contract signing,New Business,2024-04-14T00:00:00
595,372,11,Pinnacle Group - New Business,Prospecting,83916,2024-03-12,2023-06-24,Webinar,Pipeline,False,False,CompetitorA,,42,Contract signing,New Business,2023-06-24T00:00:00
596,542,1,Apex Networks - New Business,Discovery,16730,2023-11-02,2023-05-04,Inbound - Content,Pipeline,False,False,,,23,Legal review,New Business,2023-05-04T00:00:00
13,883,1,Synergy Services - New Business,Qualification,59404,2023-01-04,2022-10-16,Partner Referral,Best Case,False,False,CompetitorB,,34,Executive alignment,New Business,2022-10-16T00:00:00
598,90,16,Vertex Solutions - Initial License,Prospecting,31770,2025-05-17,2024-12-04,Outbound - AE,Pipeline,False,False,CompetitorD,,45,Contract signing,New Business,2024-12-04T00:00:00
599,30,6,Fusion Networks - Initial License,Discovery,30576,2025-01-22,2024-07-24,Outbound - AE,Pipeline,False,False,CompetitorE,,21,Schedule demo,New Business,2024-07-24T00:00:00
600,488,16,Nexus Technologies - Initial License,Closed Lost,28169,2023-06-20,2023-04-09,Outbound - SDR,Omitted,False,True,,Champion Left,9,,New Business,2023-04-09T00:00:00
601,903,9,Nova Enterprises - Additional Seats,Proposal,110700,2025-05-15,2024-12-12,Webinar,Best Case,False,False,CompetitorB,,62,,Expansion,2024-12-12T00:00:00
602,663,5,Optima Dynamics - Initial License,Discovery,15868,2025-04-04,2024-08-20,Partner Referral,Pipeline,False,False,,,3,Legal review,New Business,2024-08-20T00:00:00
603,128,5,Pinnacle Inc - Initial License,Negotiation,41865,2025-04-22,2024-10-15,Product-Led,Commit,False,False,CompetitorD,,54,POC setup,New Business,2024-10-15T00:00:00
604,60,6,Elevate Corp - New Business,Discovery,123299,2025-06-14,2024-11-25,Inbound - Web,Pipeline,False,False,CompetitorB,,53,Reference call,New Business,2024-11-25T00:00:00
605,303,11,Vanguard Enterprises - Initial License,Qualification,29370,2025-05-30,2024-11-14,Product-Led,Best Case,False,False,CompetitorE,,55,Legal review,New Business,2024-11-14T00:00:00
606,962,10,Velocity Inc - Initial License,Closed Won,84017,2023-12-25,2023-09-09,Product-Led,Closed,True,True,Open Source Alternative,,5,,New Business,2023-09-09T00:00:00
607,899,3,Nova Platforms - Platform Deal,Qualification,15616,2025-07-23,2024-12-15,Outbound - SDR,Best Case,False,False,CompetitorA,,35,Send proposal,New Business,2024-12-15T00:00:00
608,308,11,Apex Enterprises - New Business,Qualification,17492,2024-09-30,2024-03-15,Event,Best Case,False,False,Open Source Alternative,,29,Contract signing,New Business,2024-03-15T00:00:00
609,909,6,Vanguard Dynamics - Platform Deal,Discovery,9366,2025-07-15,2024-11-09,Product-Led,Pipeline,False,False,,,40,POC setup,New Business,2024-11-09T00:00:00
610,510,16,Horizon Software - Platform Deal,Discovery,29957,2025-08-18,2024-11-27,Product-Led,Pipeline,False,False,CompetitorE,,19,Contract signing,New Business,2024-11-27T00:00:00
611,261,9,Summit Partners - New Business,Discovery,35234,2024-10-04,2024-06-21,Outbound - SDR,Pipeline,False,False,,,57,Technical review,New Business,2024-06-21T00:00:00
612,859,6,Catalyst Inc - Initial License,Discovery,6316,2025-06-18,2024-12-23,Event,Pipeline,False,False,Open Source Alternative,,6,Contract signing,New Business,2024-12-23T00:00:00
613,1000,14,Fusion Holdings - Initial License,Negotiation,,2021-06-12,2021-01-11,Event,Commit,False,False,CompetitorC,,35,Reference call,New Business,2021-01-11T00:00:00
614,832,7,Fusion Enterprises - Platform Deal,Closed Lost,1095906,2024-05-25,2024-01-13,Webinar,Omitted,False,True,,Champion Left,48,,New Business,2024-01-13T00:00:00
615,823,2,Synergy Software - Platform Deal,Qualification,115763,2025-03-24,2024-07-05,Product-Led,Best Case,False,False,CompetitorB,,32,Legal review,New Business,2024-07-05T00:00:00
616,795,5,Vertex Technologies - Initial License,Discovery,49705,2022-03-30,2022-02-13,Outbound - AE,Pipeline,False,False,CompetitorD,,27,POC setup,New Business,2022-02-13T00:00:00
617,5,2,Optima Platforms - Platform Deal,Closed Lost,93385,2024-12-04,2024-10-03,Outbound - SDR,Omitted,False,True,CompetitorD,No Decision,14,,New Business,2024-10-03T00:00:00
618,128,12,Pinnacle Inc - Platform Deal,Discovery,52402,2025-05-25,2024-12-01,Event,Pipeline,False,False,CompetitorC,,58,Contract signing,New Business,2024-12-01T00:00:00
619,781,3,Apex Enterprises - New Business,Qualification,8851,2022-04-10,2021-11-30,Webinar,Best Case,False,False,Open Source Alternative,,13,Contract signing,New Business,2021-11-30T00:00:00
620,900,7,Summit Solutions - Initial License,Prospecting,40493,2023-09-20,2023-08-09,Inbound - Content,Pipeline,False,False,CompetitorA,,55,Reference call,New Business,2023-08-09T00:00:00
621,895,15,Pinnacle Labs - Initial License,Negotiation,169753,2025-04-26,2024-12-17,Webinar,Commit,False,False,Open Source Alternative,,31,Reference call,New Business,2024-12-17T00:00:00
622,732,3,Vertex Partners - New Business,Discovery,31394,2024-01-28,2023-12-01,Outbound - SDR,Pipeline,False,False,CompetitorE,,44,Contract signing,New Business,2023-12-01T00:00:00
623,509,16,Elevate Group - Platform Deal,Closed Lost,33392,2024-12-31,2024-12-16,Outbound - AE,Omitted,False,True,CompetitorD,Timing,31,,New Business,2024-12-16T00:00:00
624,72,11,Horizon Solutions - New Business,Prospecting,46634,2025-07-10,2024-10-13,Event,Pipeline,False,False,CompetitorC,,23,Reference call,New Business,2024-10-13T00:00:00
625,542,1,Apex Networks - Initial License,Closed Won,7064,2024-12-31,2024-11-26,Outbound - AE,Closed,True,True,CompetitorD,,27,,New Business,2024-11-26T00:00:00
626,474,14,Catalyst Inc - Initial License,Discovery,35797,2024-03-26,2023-08-24,Product-Led,Pipeline,False,False,CompetitorB,,11,Schedule demo,New Business,2023-08-24T00:00:00
627,855,4,Global Partners - Initial License,Closed Lost,47061,2024-12-31,2024-11-19,Outbound - SDR,Omitted,False,True,CompetitorA,Lost to Status Quo,14,,New Business,2024-11-19T00:00:00
628,930,11,Fusion Labs - Platform Deal,Discovery,34691,2021-09-20,2021-10-10,Inbound - Content,Pipeline,False,False,CompetitorD,,36,Send proposal,New Business,2021-10-10T00:00:00
629,810,2,Fusion Partners - Platform Deal,Proposal,28018,2024-05-09,2024-03-29,Inbound - Web,Best Case,False,False,CompetitorA,,28,Executive alignment,New Business,2024-03-29T00:00:00
630,806,5,Nexus Partners - Platform Deal,Prospecting,62969,2023-06-13,2023-02-04,Inbound - Web,Pipeline,False,False,CompetitorA,,35,Legal review,New Business,2023-02-04T00:00:00
631,389,13,Horizon Technologies - Platform Deal,Prospecting,180715,2024-02-15,2024-01-03,Inbound - Content,Pipeline,False,False,CompetitorD,,27,,New Business,2024-01-03T00:00:00
632,354,11,Velocity Dynamics - New Business,Discovery,6198,2025-02-07,2024-07-04,Webinar,Pipeline,False,False,,,13,Contract signing,New Business,2024-07-04T00:00:00
633,330,8,Vertex Partners - Renewal,Proposal,351039,2024-05-28,2023-09-24,Outbound - SDR,Best Case,False,False,CompetitorB,,57,Send proposal,Renewal,2023-09-24T00:00:00
634,234,10,Elevate Platforms - Initial License,Proposal,191230,2024-07-24,2024-06-05,Inbound - Content,Best Case,False,False,CompetitorC,,21,Executive alignment,New Business,2024-06-05T00:00:00
635,836,13,Optima Group - Initial License,Negotiation,42911,2025-04-09,2024-11-05,Inbound - Web,Commit,False,False,Open Source Alternative,,61,Schedule demo,New Business,2024-11-05T00:00:00
636,430,9,Atlas Networks - Initial License,Prospecting,,2025-02-20,2024-11-06,Outbound - AE,Pipeline,False,False,,,52,Contract signing,New Business,2024-11-06T00:00:00
637,133,1,Synergy Enterprises - New Business,Proposal,8668,2023-12-04,2023-05-18,Webinar,Best Case,False,False,,,42,Send proposal,New Business,2023-05-18T00:00:00
638,778,13,Apex Digital - New Business,Closed Lost,224118,2023-05-10,2022-12-01,Partner Referral,Omitted,False,True,,Feature Gap,56,,New Business,2022-12-01T00:00:00
639,344,16,Optima Corp - Platform Deal,Qualification,31995,2023-03-28,2022-08-02,Partner Referral,Best Case,False,False,,,38,Contract signing,New Business,2022-08-02T00:00:00
640,605,6,Horizon Inc - Initial License,Qualification,13204,2022-12-20,2022-07-26,Inbound - Content,Best Case,False,False,CompetitorC,,5,Legal review,New Business,2022-07-26T00:00:00
641,515,7,Vertex Software - Platform Deal,Closed Lost,93908,2022-03-01,2022-01-10,Partner Referral,Omitted,False,True,,Competitor,55,,New Business,2022-01-10T00:00:00
642,977,10,Apex Enterprises - Renewal,Negotiation,25672,2024-09-21,2024-08-11,Outbound - AE,Commit,False,False,Open Source Alternative,,28,Executive alignment,Renewal,2024-08-11T00:00:00
643,698,7,Nova Digital - Initial License,Proposal,432983,2024-09-06,2024-06-19,Partner Referral,Best Case,False,False,CompetitorD,,25,Executive alignment,New Business,2024-06-19T00:00:00
644,233,14,Optima Networks - Platform Deal,Prospecting,11330,2025-05-26,2024-10-16,Product-Led,Pipeline,False,False,Open Source Alternative,,31,Legal review,New Business,2024-10-16T00:00:00
645,17,5,Pacific Labs - Initial License,Qualification,103379,2025-02-14,2024-10-16,Inbound - Content,Best Case,False,False,CompetitorC,,40,Reference call,New Business,2024-10-16T00:00:00
646,827,4,Fusion Software - New Business,Prospecting,20000,2022-06-09,2022-02-24,Product-Led,Pipeline,False,False,,,4,,New Business,2022-02-24T00:00:00
647,852,8,Synergy Solutions - Initial License,Prospecting,692894,2025-04-20,2024-09-21,Event,Pipeline,False,False,CompetitorD,,10,Executive alignment,New Business,2024-09-21T00:00:00
648,756,4,Acme Technologies - New Business,Prospecting,32457,2020-11-08,2020-06-28,Webinar,Pipeline,False,False,CompetitorD,,9,POC setup,New Business,2020-06-28T00:00:00
649,890,10,Catalyst Solutions - New Business,Closed Lost,168102,2023-10-15,2023-05-09,Webinar,Omitted,False,True,CompetitorB,Feature Gap,47,,New Business,2023-05-09T00:00:00
650,402,15,Global Holdings - Platform Deal,Prospecting,8089,2024-10-28,2024-08-16,Event,Pipeline,False,False,CompetitorE,,65,POC setup,New Business,2024-08-16T00:00:00
651,333,11,Apex Networks - Initial License,Negotiation,73168,2025-05-01,2024-09-10,Product-Led,Commit,False,False,,,69,POC setup,New Business,2024-09-10T00:00:00
652,258,2,Atlas Services - New Business,Qualification,96570,2023-05-13,2023-01-31,Outbound - AE,Best Case,False,False,CompetitorA,,1,Technical review,New Business,2023-01-31T00:00:00
653,819,15,Velocity Enterprises - New Business,Prospecting,9142,2024-12-01,2024-07-10,Webinar,Pipeline,False,False,CompetitorA,,48,Reference call,New Business,2024-07-10T00:00:00
654,607,2,Horizon Labs - New Business,Closed Lost,129483,2024-12-31,2024-12-26,Partner Referral,Omitted,False,True,CompetitorA,Champion Left,24,,New Business,2024-12-26T00:00:00
655,32,4,Nexus Networks - New Business,Proposal,27174,2023-05-24,2022-09-04,Product-Led,Best Case,False,False,,,18,Technical review,New Business,2022-09-04T00:00:00
656,602,5,Zenith Partners - New Business,Qualification,39321,2024-12-22,2024-10-06,Product-Led,Best Case,False,False,,,40,Contract signing,New Business,2024-10-06T00:00:00
657,585,8,Acme Networks - Initial License,Proposal,94068,2024-12-05,2024-08-13,Product-Led,Best Case,False,False,,,56,Contract signing,New Business,2024-08-13T00:00:00
658,473,9,Apex Solutions - Platform Deal,Qualification,8670,2025-04-20,2024-10-12,Inbound - Web,Best Case,False,False,CompetitorD,,58,Schedule demo,New Business,2024-10-12T00:00:00
659,538,6,Catalyst Group - Platform Deal,Closed Won,39357,2023-09-08,2023-07-04,Outbound - SDR,Closed,True,True,CompetitorB,,25,,New Business,2023-07-04T00:00:00
660,230,5,Summit Systems - Initial License,Prospecting,12965,2024-11-13,2024-07-14,Partner Referral,Pipeline,False,False,,,17,Contract signing,New Business,2024-07-14T00:00:00
661,98,4,Velocity Solutions - Initial License,Negotiation,38653,2024-04-29,2024-03-23,Product-Led,Commit,False,False,,,12,Send proposal,New Business,2024-03-23T00:00:00
662,838,3,Quantum Solutions - Initial License,Closed Lost,21972,2024-09-19,2024-04-10,Outbound - AE,Omitted,False,True,CompetitorD,Budget Cut,22,,New Business,2024-04-10T00:00:00
663,443,5,Zenith Analytics - Initial License,Closed Lost,8971,2024-06-10,2024-07-10,Product-Led,Omitted,False,True,CompetitorD,No Decision,52,,New Business,2024-07-10T00:00:00
664,216,10,Acme Enterprises - Initial License,Closed Won,36614,2024-09-29,2024-05-21,Inbound - Content,Closed,True,True,CompetitorB,,19,,New Business,2024-05-21T00:00:00
665,163,8,Nexus Inc - Initial License,Discovery,149603,2024-09-03,2024-05-17,Partner Referral,Pipeline,False,False,CompetitorA,,14,Legal review,New Business,2024-05-17T00:00:00
666,802,4,Vanguard Analytics - New Business,Prospecting,926354,2024-11-11,2024-04-11,Webinar,Pipeline,False,False,,,3,POC setup,New Business,2024-04-11T00:00:00
667,334,5,Summit Labs - Platform Deal,Qualification,48253,2025-04-12,2024-12-04,Outbound - SDR,Best Case,False,False,Open Source Alternative,,56,Reference call,New Business,2024-12-04T00:00:00
668,593,13,Global Labs - Initial License,Qualification,25202,2024-07-04,2024-01-08,Webinar,Best Case,False,False,CompetitorB,,32,Contract signing,New Business,2024-01-08T00:00:00
669,535,11,Elevate Labs - Platform Deal,Discovery,32527,2024-06-07,2023-12-19,Outbound - SDR,Pipeline,False,False,,,68,Legal review,New Business,2023-12-19T00:00:00
670,254,12,Nexus Platforms - Platform Deal,Qualification,135710,2023-01-20,2022-12-03,Inbound - Content,Best Case,False,False,CompetitorD,,10,Send proposal,New Business,2022-12-03T00:00:00
671,21,6,Vanguard Holdings - Platform Deal,Closed Lost,189424,2023-09-23,2023-10-05,Webinar,Omitted,False,True,Open Source Alternative,Feature Gap,3,,New Business,2023-10-05T00:00:00
672,113,5,Acme Services - Platform Deal,Discovery,9207,2025-01-29,2024-11-11,Outbound - AE,Pipeline,False,False,CompetitorA,,45,POC setup,New Business,2024-11-11T00:00:00
673,705,5,Optima Inc - New Business,Discovery,73138,2024-08-05,2024-02-06,Inbound - Web,Pipeline,False,False,CompetitorC,,60,Contract signing,New Business,2024-02-06T00:00:00
674,9,12,Apex Networks - Initial License,Prospecting,69652,2024-11-27,2024-05-11,Webinar,Pipeline,False,False,CompetitorE,,39,Schedule demo,New Business,2024-05-11T00:00:00
675,129,3,Atlas Technologies - New Business,Prospecting,41453,2024-09-16,2024-03-04,Inbound - Content,Pipeline,False,False,CompetitorC,,44,Technical review,New Business,2024-03-04T00:00:00
676,323,16,Zenith Partners - Initial License,Proposal,551515,2025-05-28,2024-12-24,,Best Case,False,False,CompetitorC,,8,POC setup,New Business,2024-12-24T00:00:00
677,231,7,Global Corp - Initial License,Proposal,253529,2025-06-18,2024-11-25,Inbound - Content,Best Case,False,False,CompetitorA,,56,Legal review,New Business,2024-11-25T00:00:00
678,334,11,Summit Labs - New Business,Prospecting,54374,2025-03-31,2024-12-11,Outbound - AE,Pipeline,False,False,,,59,POC setup,New Business,2024-12-11T00:00:00
679,205,12,Fusion Dynamics - Initial License,Closed Lost,,2022-03-16,2022-01-08,Outbound - AE,Omitted,False,True,CompetitorC,Timing,57,,New Business,2022-01-08T00:00:00
680,164,15,Summit Group - New Business,Discovery,896918,2025-06-28,2024-10-13,Inbound - Content,Pipeline,False,False,,,59,Executive alignment,New Business,2024-10-13T00:00:00
681,492,8,Synergy Services - New Business,Closed Lost,37459,2024-05-30,2024-02-20,Product-Led,Omitted,False,True,CompetitorE,Feature Gap,21,,New Business,2024-02-20T00:00:00
682,24,15,Quantum Systems - Initial License,Closed Lost,91151,2024-12-31,2024-12-15,Webinar,Omitted,False,True,,Timing,58,,New Business,2024-12-15T00:00:00
683,51,16,Zenith Services - Platform Deal,Closed Lost,38894,2024-10-28,2024-10-02,Inbound - Web,Omitted,False,True,CompetitorA,Competitor,41,,New Business,2024-10-02T00:00:00
684,994,15,Nova Enterprises - New Business,Closed Lost,15665,2024-12-18,2024-11-08,Inbound - Content,Omitted,False,True,Open Source Alternative,No Decision,43,,New Business,2024-11-08T00:00:00
685,940,13,Atlas Group - Initial License,Discovery,5965,2024-03-03,2023-12-18,Webinar,Pipeline,False,False,CompetitorC,,30,,New Business,2023-12-18T00:00:00
686,457,13,Nexus Enterprises - Platform Deal,Qualification,45305,2024-08-05,2024-01-15,Event,Best Case,False,False,,,31,Reference call,New Business,2024-01-15T00:00:00
687,9,12,Apex Networks - New Business,Qualification,131340,2025-06-21,2024-12-13,Product-Led,Best Case,False,False,,,56,POC setup,New Business,2024-12-13T00:00:00
688,726,4,Zenith Dynamics - Platform Deal,Negotiation,16899,2024-12-30,2024-07-12,Outbound - SDR,Commit,False,False,CompetitorC,,29,Technical review,New Business,2024-07-12T00:00:00
689,151,16,Atlas Group - New Business,Closed Won,199078,2024-12-31,2024-12-06,Webinar,Closed,True,True,CompetitorE,,24,,New Business,2024-12-06T00:00:00
690,828,11,Quantum Systems - Platform Deal,Proposal,26040,2022-10-01,2022-01-14,Outbound - SDR,Best Case,False,False,,,66,POC setup,New Business,2022-01-14T00:00:00
691,413,3,Pacific Labs - Initial License,Discovery,83804,2025-05-01,2024-12-25,Product-Led,Pipeline,False,False,,,8,Technical review,New Business,2024-12-25T00:00:00
692,937,15,Zenith Inc - Platform Deal,Prospecting,,2025-05-25,2024-11-21,Outbound - AE,Pipeline,False,False,CompetitorE,,3,Contract signing,New Business,2024-11-21T00:00:00
693,9,9,Apex Networks - Platform Deal,Prospecting,841164,2023-11-22,2023-09-22,Outbound - AE,Pipeline,False,False,CompetitorB,,42,Contract signing,New Business,2023-09-22T00:00:00
694,834,10,Global Enterprises - New Business,Closed Lost,175742,2024-03-16,2023-07-06,Outbound - SDR,Omitted,False,True,CompetitorA,Competitor,55,,New Business,2023-07-06T00:00:00
695,557,11,Vertex Technologies - Initial License,Proposal,100529,2022-09-28,2022-01-09,Product-Led,Best Case,False,False,,,35,Contract signing,New Business,2022-01-09T00:00:00
696,715,9,Global Labs - Initial License,Qualification,28077,2023-03-21,2022-12-21,Outbound - AE,Best Case,False,False,CompetitorE,,12,Send proposal,New Business,2022-12-21T00:00:00
697,823,2,Synergy Software - New Business,Qualification,212693,2024-09-25,2024-01-05,Outbound - SDR,Best Case,False,False,CompetitorC,,43,POC setup,New Business,2024-01-05T00:00:00
698,67,4,Catalyst Corp - Initial License,Closed Won,24949,2024-08-05,2024-03-11,Inbound - Content,Closed,True,True,CompetitorC,,45,,New Business,2024-03-11T00:00:00
699,265,14,Pacific Solutions - Initial License,Discovery,20552,2024-12-16,2024-06-01,Outbound - SDR,Pipeline,False,False,CompetitorD,,14,,New Business,2024-06-01T00:00:00
700,182,2,Catalyst Solutions - Contract Renewal,Qualification,36181,2024-08-30,2024-06-14,Inbound - Web,Best Case,False,False,,,45,Reference call,Renewal,2024-06-14T00:00:00
701,470,10,Acme Networks - Additional Seats,Closed Lost,197516,2024-12-31,2024-12-03,Inbound - Web,Omitted,False,True,,Timing,13,,Expansion,2024-12-03T00:00:00
702,192,4,Apex Services - Initial License,Closed Lost,184826,2024-11-25,2024-10-22,Outbound - AE,Omitted,False,True,,Timing,2,,New Business,2024-10-22T00:00:00
703,532,8,Catalyst Systems - New Business,Discovery,103705,2023-02-04,2022-11-03,Outbound - SDR,Pipeline,False,False,,,34,Legal review,New Business,2022-11-03T00:00:00
704,215,14,Acme Solutions - New Business,Closed Lost,31076,2024-06-21,2024-05-22,Inbound - Content,Omitted,False,True,,Lost to Status Quo,11,,New Business,2024-05-22T00:00:00
705,119,10,Optima Partners - New Business,Prospecting,31534,2024-04-29,2024-01-06,Inbound - Web,Pipeline,False,False,CompetitorB,,38,POC setup,New Business,2024-01-06T00:00:00
706,783,15,Acme Group - Platform Deal,Discovery,6252,2025-06-06,2024-12-05,Event,Pipeline,False,False,,,20,,New Business,2024-12-05T00:00:00
707,605,4,Horizon Inc - Platform Deal,Closed Won,12579,2024-10-20,2024-08-10,Webinar,Closed,True,True,CompetitorA,,6,,New Business,2024-08-10T00:00:00
708,958,12,Pinnacle Digital - New Business,Closed Won,75240,2022-01-20,2021-07-06,Event,Closed,True,True,CompetitorA,,43,,New Business,2021-07-06T00:00:00
709,102,14,Apex Inc - New Business,Closed Lost,529649,2024-06-16,2024-04-17,Outbound - SDR,Omitted,False,True,CompetitorB,Feature Gap,35,,New Business,2024-04-17T00:00:00
710,979,10,Optima Enterprises - Platform Deal,Discovery,173046,2025-06-11,2024-12-09,,Pipeline,False,False,Open Source Alternative,,47,Reference call,New Business,2024-12-09T00:00:00
711,338,16,Elevate Services - Initial License,Discovery,126054,2024-10-22,2024-09-15,Event,Pipeline,False,False,,,7,POC setup,New Business,2024-09-15T00:00:00
712,949,4,Optima Software - Initial License,Prospecting,198404,2023-06-20,2023-04-03,Partner Referral,Pipeline,False,False,CompetitorD,,1,Contract signing,New Business,2023-04-03T00:00:00
713,369,2,Pacific Solutions - Platform Deal,Proposal,48129,2024-08-19,2024-06-06,Outbound - AE,Best Case,False,False,CompetitorA,,12,Legal review,New Business,2024-06-06T00:00:00
714,58,12,Acme Group - New Business,Closed Lost,101850,2023-12-28,2023-09-09,Webinar,Omitted,False,True,CompetitorB,Timing,14,,New Business,2023-09-09T00:00:00
715,379,14,Synergy Systems - Initial License,Discovery,52982,2024-12-02,2024-07-20,Partner Referral,Pipeline,False,False,CompetitorA,,1,Reference call,New Business,2024-07-20T00:00:00
716,808,5,Quantum Platforms - New Business,Qualification,55089,2025-03-04,2024-07-20,Event,Best Case,False,False,CompetitorC,,31,Schedule demo,New Business,2024-07-20T00:00:00
717,365,6,Acme Solutions - New Business,Discovery,590381,2025-07-10,2024-12-06,Event,Pipeline,False,False,CompetitorA,,60,POC setup,New Business,2024-12-06T00:00:00
718,622,9,Velocity Technologies - Platform Deal,Prospecting,231930,2025-04-16,2024-12-06,Inbound - Web,Pipeline,False,False,Open Source Alternative,,33,Schedule demo,New Business,2024-12-06T00:00:00
719,592,4,Nexus Labs - Platform Deal,Qualification,57488,2024-12-29,2024-07-20,Inbound - Content,Best Case,False,False,Open Source Alternative,,17,Send proposal,New Business,2024-07-20T00:00:00
720,415,7,Elevate Analytics - Platform Deal,Negotiation,25883,2025-05-13,2024-11-18,Outbound - AE,Commit,False,False,,,24,Reference call,New Business,2024-11-18T00:00:00
721,985,5,Vanguard Group - New Business,Qualification,51533,2023-10-06,2023-09-06,Outbound - AE,Best Case,False,False,Open Source Alternative,,47,Executive alignment,New Business,2023-09-06T00:00:00
722,331,13,Vertex Services - New Business,Prospecting,87385,2024-11-08,2024-09-21,Outbound - AE,Pipeline,False,False,Open Source Alternative,,30,,New Business,2024-09-21T00:00:00
723,420,11,Nexus Systems - Initial License,Discovery,23836,2024-12-12,2024-07-04,Product-Led,Pipeline,False,False,Open Source Alternative,,60,Legal review,New Business,2024-07-04T00:00:00
724,254,12,Nexus Platforms - Initial License,Closed Won,195244,2023-01-27,2023-01-04,Event,Closed,True,True,CompetitorC,,52,,New Business,2023-01-04T00:00:00
725,448,2,Quantum Group - New Business,Qualification,130198,2024-11-15,2024-07-16,Product-Led,Best Case,False,False,CompetitorC,,41,POC setup,New Business,2024-07-16T00:00:00
726,451,11,Nova Digital - New Business,Qualification,571702,2025-07-01,2024-12-28,Event,Best Case,False,False,CompetitorB,,13,POC setup,New Business,2024-12-28T00:00:00
727,990,7,Elevate Technologies - Platform Deal,Prospecting,18389,2023-01-07,2022-09-17,Inbound - Content,Pipeline,False,False,CompetitorC,,60,Reference call,New Business,2022-09-17T00:00:00
420,579,13,Velocity Group - Initial License,Discovery,629578,2024-02-21,2023-08-07,Outbound - SDR,Pipeline,False,False,CompetitorA,,14,Reference call,New Business,2023-08-07T00:00:00
729,560,8,Quantum Systems - Initial License,Discovery,186392,2024-09-14,2024-07-11,Inbound - Content,Pipeline,False,False,CompetitorD,,14,,New Business,2024-07-11T00:00:00
730,251,15,Nexus Enterprises - Platform Deal,Qualification,167832,2025-07-08,2024-12-05,Event,Best Case,False,False,,,20,Reference call,New Business,2024-12-05T00:00:00
731,20,5,Atlas Dynamics - Initial License,Closed Lost,57885,2024-09-21,2024-04-11,Webinar,Omitted,False,True,CompetitorA,Competitor,18,,New Business,2024-04-11T00:00:00
732,881,4,Zenith Services - Initial License,Closed Won,185883,2022-02-17,2021-09-18,,Closed,True,True,Open Source Alternative,,52,,New Business,2021-09-18T00:00:00
733,495,16,Nexus Solutions - Initial License,Closed Lost,23374,2024-06-25,2024-03-14,,Omitted,False,True,Open Source Alternative,Competitor,22,,New Business,2024-03-14T00:00:00
734,779,15,Fusion Corp - Initial License,Qualification,9485,2025-05-10,2024-10-12,Inbound - Content,Best Case,False,False,CompetitorB,,16,Contract signing,New Business,2024-10-12T00:00:00
735,696,11,Vanguard Enterprises - Platform Deal,Prospecting,39184,2025-02-24,2024-07-04,Outbound - AE,Pipeline,False,False,CompetitorE,,40,Legal review,New Business,2024-07-04T00:00:00
736,374,2,Pinnacle Enterprises - New Business,Closed Lost,35869,2023-06-22,2022-12-14,Outbound - SDR,Omitted,False,True,CompetitorA,Feature Gap,39,,New Business,2022-12-14T00:00:00
737,319,16,Acme Partners - New Business,Qualification,126750,2025-06-09,2024-12-29,Inbound - Content,Best Case,False,False,CompetitorD,,12,Technical review,New Business,2024-12-29T00:00:00
738,901,13,Acme Corp - New Business,Proposal,30826,2024-09-04,2024-02-12,Inbound - Web,Best Case,False,False,,,36,Executive alignment,New Business,2024-02-12T00:00:00
739,978,2,Global Solutions - Initial License,Qualification,16171,2023-12-02,2023-06-09,Webinar,Best Case,False,False,,,12,POC setup,New Business,2023-06-09T00:00:00
740,612,14,Optima Group - Initial License,Discovery,101088,2024-01-24,2023-12-25,Outbound - SDR,Pipeline,False,False,CompetitorA,,48,Legal review,New Business,2023-12-25T00:00:00
741,448,8,Quantum Group - Initial License,Closed Lost,171592,2024-09-21,2024-05-30,Outbound - SDR,Omitted,False,True,CompetitorB,Lost to Status Quo,8,,New Business,2024-05-30T00:00:00
742,187,6,Atlas Platforms - Initial License,Closed Lost,44686,2022-12-27,2022-06-08,Product-Led,Omitted,False,True,CompetitorE,Price,9,,New Business,2022-06-08T00:00:00
743,452,4,Vertex Analytics - New Business,Closed Lost,23961,2022-12-23,2023-01-03,Partner Referral,Omitted,False,True,CompetitorE,No Decision,28,,New Business,2023-01-03T00:00:00
744,404,9,Catalyst Technologies - Platform Deal,Closed Lost,61048,2024-12-31,2024-11-19,Event,Omitted,False,True,,Champion Left,46,,New Business,2024-11-19T00:00:00
745,962,10,Velocity Inc - New Business,Closed Lost,826759,2024-12-31,2024-12-30,Inbound - Content,Omitted,False,True,CompetitorB,Budget Cut,12,,New Business,2024-12-30T00:00:00
746,194,11,Vanguard Services - Contract Renewal,Closed Lost,38914,2024-10-14,2024-08-28,Outbound - SDR,Omitted,False,True,Open Source Alternative,Budget Cut,4,,Renewal,2024-08-28T00:00:00
747,481,15,Fusion Corp - New Business,Qualification,327937,2025-08-04,2024-11-25,Partner Referral,Best Case,False,False,CompetitorB,,54,Send proposal,New Business,2024-11-25T00:00:00
748,75,14,Acme Systems - Initial License,Prospecting,51909,2024-10-03,2024-09-03,,Pipeline,False,False,CompetitorA,,47,,New Business,2024-09-03T00:00:00
749,798,1,Acme Partners - Initial License,Qualification,39492,2022-10-08,2022-04-01,Outbound - SDR,Best Case,False,False,CompetitorE,,2,Reference call,New Business,2022-04-01T00:00:00
750,732,15,Vertex Partners - Platform Deal,Prospecting,,2024-06-02,2024-02-05,Event,Pipeline,False,False,,,14,Technical review,New Business,2024-02-05T00:00:00
751,411,12,Vertex Labs - New Business,Qualification,105718,2024-09-17,2024-08-02,Outbound - SDR,Best Case,False,False,CompetitorD,,31,Executive alignment,New Business,2024-08-02T00:00:00
752,686,6,Horizon Platforms - Platform Deal,Closed Lost,61095,2024-12-31,2024-11-24,Outbound - SDR,Omitted,False,True,CompetitorA,Competitor,24,,New Business,2024-11-24T00:00:00
753,687,6,Nova Networks - New Business,Negotiation,23029,2024-08-15,2024-06-17,Product-Led,Commit,False,False,CompetitorC,,32,Schedule demo,New Business,2024-06-17T00:00:00
754,289,9,Nova Dynamics - Platform Deal,Discovery,140800,2025-06-29,2024-11-15,Inbound - Web,Pipeline,False,False,CompetitorB,,30,Technical review,New Business,2024-11-15T00:00:00
755,733,9,Synergy Group - Initial License,Closed Lost,17835,2024-09-24,2024-06-11,Inbound - Content,Omitted,False,True,,Budget Cut,31,,New Business,2024-06-11T00:00:00
756,194,3,Vanguard Services - Renewal,Discovery,105336,2025-03-16,2024-07-06,Inbound - Web,Pipeline,False,False,,,10,,Renewal,2024-07-06T00:00:00
757,225,6,Optima Systems - Initial License,Proposal,96875,2024-11-11,2024-08-14,Inbound - Web,Best Case,False,False,Open Source Alternative,,23,Reference call,New Business,2024-08-14T00:00:00
758,534,7,Horizon Labs - Platform Deal,Qualification,138955,2024-07-12,2024-04-08,Outbound - SDR,Best Case,False,False,,,47,Legal review,New Business,2024-04-08T00:00:00
140,16,6,Horizon Digital - Initial License,Closed Lost,73034,2023-06-19,2023-05-03,Inbound - Content,Omitted,False,True,CompetitorD,Price,49,,New Business,2023-05-03T00:00:00
760,692,5,Velocity Partners - New Business,Proposal,9020,2025-01-15,2024-12-11,Webinar,Best Case,False,False,CompetitorA,,60,POC setup,New Business,2024-12-11T00:00:00
761,596,5,Fusion Solutions - New Business,Proposal,132659,2024-05-22,2023-10-19,Outbound - SDR,Best Case,False,False,,,35,Send proposal,New Business,2023-10-19T00:00:00
762,422,12,Catalyst Software - Platform Deal,Prospecting,46045,2023-10-06,2023-04-15,Product-Led,Pipeline,False,False,CompetitorB,,69,Schedule demo,New Business,2023-04-15T00:00:00
763,782,12,Atlas Enterprises - New Business,Closed Lost,93218,2024-12-31,2024-12-07,Event,Omitted,False,True,CompetitorD,Lost to Status Quo,20,,New Business,2024-12-07T00:00:00
764,537,12,Summit Analytics - Renewal,Proposal,10599,2025-01-05,2024-06-13,Inbound - Content,Best Case,False,False,,,54,Reference call,Renewal,2024-06-13T00:00:00
765,235,3,Synergy Networks - Platform Deal,Prospecting,40988,2023-09-20,2023-03-10,Inbound - Web,Pipeline,False,False,,,34,POC setup,New Business,2023-03-10T00:00:00
766,188,1,Apex Dynamics - Platform Deal,Discovery,59117,2023-12-27,2023-08-25,Event,Pipeline,False,False,Open Source Alternative,,25,Schedule demo,New Business,2023-08-25T00:00:00
767,615,2,Optima Services - Initial License,Discovery,155917,2024-07-04,2023-11-16,Partner Referral,Pipeline,False,False,CompetitorA,,14,POC setup,New Business,2023-11-16T00:00:00
768,299,3,Catalyst Solutions - Initial License,Proposal,401476,2025-03-26,2024-09-04,Inbound - Content,Best Case,False,False,,,16,Executive alignment,New Business,2024-09-04T00:00:00
769,467,11,Vanguard Partners - Initial License,Prospecting,143617,2024-02-26,2023-07-01,Outbound - SDR,Pipeline,False,False,CompetitorC,,65,Legal review,New Business,2023-07-01T00:00:00
770,956,12,Elevate Technologies - New Business,Proposal,30388,2025-03-23,2024-08-19,Inbound - Content,Best Case,False,False,CompetitorA,,13,POC setup,New Business,2024-08-19T00:00:00
771,529,9,Nexus Platforms - Platform Deal,Qualification,76376,2022-06-19,2022-04-03,Inbound - Web,Best Case,False,False,Open Source Alternative,,49,Send proposal,New Business,2022-04-03T00:00:00
772,1000,14,Fusion Holdings - Initial License,Qualification,9482,2023-05-19,2023-03-28,Partner Referral,Best Case,False,False,CompetitorC,,11,Technical review,New Business,2023-03-28T00:00:00
773,905,4,Vanguard Technologies - Initial License,Qualification,,2024-06-26,2024-03-22,Event,Best Case,False,False,,,20,Send proposal,New Business,2024-03-22T00:00:00
774,992,11,Pinnacle Labs - New Business,Prospecting,,2024-05-08,2024-02-08,Event,Pipeline,False,False,CompetitorC,,18,,New Business,2024-02-08T00:00:00
775,895,15,Pinnacle Labs - New Business,Closed Lost,115699,2024-12-31,2024-12-20,Inbound - Content,Omitted,False,True,CompetitorC,Champion Left,52,,New Business,2024-12-20T00:00:00
776,209,9,Apex Services - Platform Deal,Negotiation,121132,2024-08-15,2024-05-14,Outbound - AE,Commit,False,False,CompetitorA,,33,,New Business,2024-05-14T00:00:00
777,987,3,Horizon Digital - Initial License,Prospecting,61108,2023-09-22,2023-07-04,Webinar,Pipeline,False,False,CompetitorE,,41,Executive alignment,New Business,2023-07-04T00:00:00
778,310,3,Optima Systems - Platform Deal,Prospecting,,2023-11-18,2023-09-27,Event,Pipeline,False,False,CompetitorC,,16,Executive alignment,New Business,2023-09-27T00:00:00
779,40,3,Apex Dynamics - Platform Deal,Proposal,,2020-12-26,2021-01-14,Inbound - Web,Best Case,False,False,CompetitorE,,41,Send proposal,New Business,2021-01-14T00:00:00
780,467,11,Vanguard Partners - Initial License,Qualification,160099,2023-03-20,2022-10-13,Product-Led,Best Case,False,False,CompetitorC,,1,Legal review,New Business,2022-10-13T00:00:00
781,870,15,Synergy Labs - Initial License,Discovery,,2024-09-02,2024-01-31,Inbound - Web,Pipeline,False,False,CompetitorB,,37,Send proposal,New Business,2024-01-31T00:00:00
782,555,9,Atlas Platforms - Initial License,Qualification,27571,2025-05-04,2024-12-12,Product-Led,Best Case,False,False,CompetitorB,,20,Executive alignment,New Business,2024-12-12T00:00:00
783,439,16,Nexus Networks - Initial License,Proposal,32383,2025-06-06,2024-11-02,Inbound - Web,Best Case,False,False,CompetitorC,,40,Technical review,New Business,2024-11-02T00:00:00
784,445,5,Fusion Enterprises - Platform Deal,Qualification,217428,2025-08-08,2024-12-23,Partner Referral,Best Case,False,False,Open Source Alternative,,24,Schedule demo,New Business,2024-12-23T00:00:00
785,360,5,Quantum Solutions - Platform Deal,Qualification,161374,2025-05-29,2024-09-16,Inbound - Web,Best Case,False,False,CompetitorC,,49,Send proposal,New Business,2024-09-16T00:00:00
786,280,8,Acme Platforms - Initial License,Qualification,148819,2025-01-28,2024-09-03,Event,Best Case,False,False,CompetitorD,,53,Contract signing,New Business,2024-09-03T00:00:00
787,19,10,Acme Group - Initial License,Closed Lost,26187,2024-06-03,2023-11-30,Partner Referral,Omitted,False,True,,Timing,36,,New Business,2023-11-30T00:00:00
788,597,12,Vanguard Labs - New Business,Proposal,7236,2022-11-05,2022-08-20,Outbound - AE,Best Case,False,False,Open Source Alternative,,1,Schedule demo,New Business,2022-08-20T00:00:00
789,990,7,Elevate Technologies - Initial License,Closed Lost,24939,2022-12-21,2022-06-06,Outbound - AE,Omitted,False,True,CompetitorC,Lost to Status Quo,34,,New Business,2022-06-06T00:00:00
790,837,12,Pinnacle Holdings - Initial License,Proposal,120320,2023-03-24,2023-01-18,Product-Led,Best Case,False,False,CompetitorD,,63,Technical review,New Business,2023-01-18T00:00:00
791,24,15,Quantum Systems - Platform Deal,Proposal,213484,2025-06-25,2024-12-04,Inbound - Web,Best Case,False,False,,,9,Reference call,New Business,2024-12-04T00:00:00
792,726,4,Zenith Dynamics - Initial License,Prospecting,7094,2022-12-08,2022-05-18,Inbound - Web,Pipeline,False,False,,,10,Technical review,New Business,2022-05-18T00:00:00
793,134,1,Nexus Dynamics - Initial License,Closed Lost,11060,2024-06-07,2024-04-07,Outbound - SDR,Omitted,False,True,CompetitorA,Feature Gap,39,,New Business,2024-04-07T00:00:00
794,975,9,Quantum Holdings - New Business,Discovery,26263,2024-06-05,2024-04-05,Outbound - AE,Pipeline,False,False,CompetitorC,,38,Reference call,New Business,2024-04-05T00:00:00
795,520,16,Summit Analytics - Initial License,Qualification,,2025-03-16,2024-11-07,Inbound - Web,Best Case,False,False,CompetitorD,,18,,New Business,2024-11-07T00:00:00
796,797,5,Global Systems - Initial License,Closed Lost,734027,2024-03-09,2023-11-29,,Omitted,False,True,,Competitor,44,,New Business,2023-11-29T00:00:00
797,257,6,Synergy Labs - New Business,Closed Lost,160865,2021-03-27,2020-11-08,Inbound - Web,Omitted,False,True,,Lost to Status Quo,32,,New Business,2020-11-08T00:00:00
798,875,8,Apex Partners - Platform Deal,Prospecting,73087,2023-09-13,2023-07-16,Product-Led,Pipeline,False,False,CompetitorB,,26,Legal review,New Business,2023-07-16T00:00:00
799,489,13,Pinnacle Services - New Business,Prospecting,17025,2024-05-13,2024-03-02,Inbound - Content,Pipeline,False,False,CompetitorB,,72,Contract signing,New Business,2024-03-02T00:00:00
800,727,9,Acme Services - Platform Deal,Proposal,48495,2025-01-18,2024-12-13,Partner Referral,Best Case,False,False,CompetitorD,,35,Reference call,New Business,2024-12-13T00:00:00
801,285,4,Catalyst Enterprises - New Business,Prospecting,33127,2023-02-09,2022-11-14,Webinar,Pipeline,False,False,CompetitorD,,6,Reference call,New Business,2022-11-14T00:00:00
802,18,2,Velocity Digital - New Business,Closed Won,14742,2023-07-01,2023-03-08,Product-Led,Closed,True,True,,,43,,New Business,2023-03-08T00:00:00
803,79,1,Nexus Labs - Initial License,Closed Won,863768,2023-09-26,2023-07-14,Inbound - Web,Closed,True,True,Open Source Alternative,,13,,New Business,2023-07-14T00:00:00
804,115,4,Pacific Inc - Initial License,Discovery,121373,2022-05-22,2021-12-05,Outbound - SDR,Pipeline,False,False,CompetitorE,,19,Reference call,New Business,2021-12-05T00:00:00
805,261,9,Summit Partners - Initial License,Qualification,6946,2024-12-30,2024-08-28,Inbound - Web,Best Case,False,False,CompetitorA,,8,Send proposal,New Business,2024-08-28T00:00:00
806,189,16,Quantum Analytics - Platform Deal,Qualification,26524,2025-07-31,2024-11-06,Outbound - SDR,Best Case,False,False,Open Source Alternative,,15,Contract signing,New Business,2024-11-06T00:00:00
807,691,2,Pinnacle Holdings - Initial License,Closed Lost,810290,2024-10-20,2024-08-18,Outbound - SDR,Omitted,False,True,CompetitorE,Timing,44,,New Business,2024-08-18T00:00:00
808,388,3,Catalyst Analytics - Initial License,Proposal,43470,2024-07-20,2023-12-02,Inbound - Web,Best Case,False,False,CompetitorE,,26,Send proposal,New Business,2023-12-02T00:00:00
809,465,16,Pacific Corp - Initial License,Negotiation,109590,2025-07-13,2024-10-21,Partner Referral,Commit,False,False,CompetitorC,,57,Reference call,New Business,2024-10-21T00:00:00
810,646,4,Summit Software - Initial License,Closed Lost,8052,2024-06-28,2023-10-27,Event,Omitted,False,True,CompetitorD,Champion Left,4,,New Business,2023-10-27T00:00:00
811,873,13,Pinnacle Enterprises - Platform Deal,Discovery,20865,2024-11-04,2024-04-08,Product-Led,Pipeline,False,False,Open Source Alternative,,38,Technical review,New Business,2024-04-08T00:00:00
812,474,13,Catalyst Inc - Initial License,Discovery,5186,2023-07-29,2023-06-08,Outbound - AE,Pipeline,False,False,CompetitorB,,65,,New Business,2023-06-08T00:00:00
813,889,1,Summit Technologies - Initial License,Discovery,63164,2024-07-07,2024-01-20,,Pipeline,False,False,,,40,Contract signing,New Business,2024-01-20T00:00:00
814,625,12,Pacific Networks - New Business,Prospecting,14760,2025-06-14,2024-12-20,Inbound - Content,Pipeline,False,False,CompetitorD,,64,Legal review,New Business,2024-12-20T00:00:00
815,495,16,Nexus Solutions - Platform Deal,Proposal,47592,2024-08-26,2024-03-20,Outbound - AE,Best Case,False,False,CompetitorD,,12,Executive alignment,New Business,2024-03-20T00:00:00
816,586,16,Optima Systems - New Business,Closed Lost,47970,2024-09-26,2024-06-08,Inbound - Web,Omitted,False,True,,Price,25,,New Business,2024-06-08T00:00:00
817,528,16,Zenith Partners - Platform Deal,Discovery,,2025-02-09,2024-11-08,Event,Pipeline,False,False,Open Source Alternative,,34,Executive alignment,New Business,2024-11-08T00:00:00
818,224,11,Fusion Digital - Initial License,Discovery,32326,2024-12-21,2024-10-07,Product-Led,Pipeline,False,False,,,14,Reference call,New Business,2024-10-07T00:00:00
819,10,2,Pacific Corp - Platform Deal,Closed Won,24267,2024-09-16,2024-08-13,Product-Led,Closed,True,True,CompetitorC,,6,,New Business,2024-08-13T00:00:00
820,852,3,Synergy Solutions - Platform Deal,Closed Won,266703,2024-08-09,2024-05-05,Outbound - SDR,Closed,True,True,,,35,,New Business,2024-05-05T00:00:00
821,255,5,Pacific Labs - Platform Deal,Proposal,834833,2025-01-03,2024-11-11,Inbound - Content,Best Case,False,False,CompetitorD,,35,Send proposal,New Business,2024-11-11T00:00:00
822,491,6,Velocity Solutions - Platform Deal,Closed Lost,33290,2024-12-24,2024-10-30,Inbound - Content,Omitted,False,True,CompetitorA,Price,60,,New Business,2024-10-30T00:00:00
823,169,16,Nexus Platforms - Initial License,Discovery,77722,2022-03-02,2022-01-19,Outbound - SDR,Pipeline,False,False,,,58,Technical review,New Business,2022-01-19T00:00:00
824,881,4,Zenith Services - Upsell,Qualification,31731,2024-07-07,2024-05-13,Outbound - AE,Best Case,False,False,CompetitorC,,39,Technical review,Expansion,2024-05-13T00:00:00
825,91,3,Pinnacle Systems - New Business,Closed Lost,36561,2024-08-28,2024-09-04,Partner Referral,Omitted,False,True,,Price,40,,New Business,2024-09-04T00:00:00
826,988,14,Catalyst Technologies - New Business,Qualification,181679,2024-11-10,2024-11-26,Event,Best Case,False,False,CompetitorC,,30,,New Business,2024-11-26T00:00:00
827,405,3,Global Networks - Platform Deal,Qualification,30823,2025-08-28,2024-12-02,Outbound - SDR,Best Case,False,False,CompetitorD,,34,Schedule demo,New Business,2024-12-02T00:00:00
828,211,2,Quantum Networks - Initial License,Closed Won,31204,2024-10-14,2024-09-30,Inbound - Web,Closed,True,True,,,40,,New Business,2024-09-30T00:00:00
829,761,7,Summit Corp - Initial License,Discovery,18140,2025-06-01,2024-09-06,Product-Led,Pipeline,False,False,CompetitorC,,19,Reference call,New Business,2024-09-06T00:00:00
830,463,16,Global Partners - Platform Deal,Proposal,60749,2022-04-18,2021-11-08,Webinar,Best Case,False,False,CompetitorD,,36,Technical review,New Business,2021-11-08T00:00:00
831,920,16,Velocity Platforms - Initial License,Discovery,215491,2025-01-04,2024-12-03,Inbound - Web,Pipeline,False,False,CompetitorC,,33,Schedule demo,New Business,2024-12-03T00:00:00
832,752,13,Optima Technologies - New Business,Discovery,22238,2025-03-09,2024-08-18,Product-Led,Pipeline,False,False,,,10,,New Business,2024-08-18T00:00:00
833,684,6,Synergy Solutions - Initial License,Proposal,45125,2025-06-16,2024-11-03,Outbound - AE,Best Case,False,False,,,56,Send proposal,New Business,2024-11-03T00:00:00
834,569,5,Pinnacle Group - Platform Deal,Closed Won,80354,2024-12-31,2024-12-02,Inbound - Web,Closed,True,True,,,48,,New Business,2024-12-02T00:00:00
835,204,14,Elevate Analytics - Initial License,Discovery,23911,2022-04-27,2022-01-14,Inbound - Content,Pipeline,False,False,,,11,Reference call,New Business,2022-01-14T00:00:00
836,307,7,Summit Partners - Initial License,Closed Lost,,2023-08-14,2023-06-18,Inbound - Web,Omitted,False,True,CompetitorE,Lost to Status Quo,56,,New Business,2023-06-18T00:00:00
837,567,16,Pacific Dynamics - New Business,Prospecting,43810,2024-10-03,2024-05-13,Event,Pipeline,False,False,CompetitorC,,4,,New Business,2024-05-13T00:00:00
838,574,10,Zenith Software - Platform Deal,Closed Lost,376939,2023-12-28,2023-09-06,Outbound - AE,Omitted,False,True,,Price,41,,New Business,2023-09-06T00:00:00
839,340,9,Velocity Networks - New Business,Closed Lost,13463,2023-06-20,2022-10-13,Outbound - AE,Omitted,False,True,CompetitorD,Lost to Status Quo,1,,New Business,2022-10-13T00:00:00
840,920,16,Velocity Platforms - New Business,Discovery,141739,2025-03-08,2024-11-12,Outbound - AE,Pipeline,False,False,,,33,Technical review,New Business,2024-11-12T00:00:00
841,168,14,Catalyst Platforms - Platform Deal,Negotiation,28372,2023-09-18,2023-07-28,,Commit,False,False,CompetitorB,,7,Executive alignment,New Business,2023-07-28T00:00:00
842,693,3,Nova Platforms - Initial License,Negotiation,30830,2023-11-12,2023-04-30,Outbound - SDR,Commit,False,False,CompetitorD,,13,Schedule demo,New Business,2023-04-30T00:00:00
310,484,11,Acme Technologies - New Business,Prospecting,36313,2022-12-17,2022-09-15,Event,Pipeline,False,False,Open Source Alternative,,1,POC setup,New Business,2022-09-15T00:00:00
844,832,7,Fusion Enterprises - Initial License,Prospecting,872990,2025-08-09,2024-12-13,Product-Led,Pipeline,False,False,CompetitorB,,60,Executive alignment,New Business,2024-12-13T00:00:00
845,568,8,Zenith Dynamics - Initial License,Discovery,7751,2025-04-06,2024-10-13,Webinar,Pipeline,False,False,,,3,Schedule demo,New Business,2024-10-13T00:00:00
846,22,1,Atlas Enterprises - Platform Deal,Closed Won,85672,2024-05-27,2024-02-08,Outbound - AE,Closed,True,True,,,28,,New Business,2024-02-08T00:00:00
847,104,1,Optima Labs - New Business,Discovery,17268,2025-02-16,2024-12-15,Outbound - SDR,Pipeline,False,False,Open Source Alternative,,30,,New Business,2024-12-15T00:00:00
848,983,9,Atlas Dynamics - Platform Deal,Qualification,38646,2024-11-01,2024-03-25,Product-Led,Best Case,False,False,CompetitorA,,33,Contract signing,New Business,2024-03-25T00:00:00
849,464,7,Summit Networks - New Business,Qualification,47739,2024-04-11,2024-01-19,Event,Best Case,False,False,,,30,Reference call,New Business,2024-01-19T00:00:00
850,747,11,Elevate Partners - Platform Deal,Discovery,,2024-02-02,2023-11-27,Webinar,Pipeline,False,False,CompetitorC,,23,POC setup,New Business,2023-11-27T00:00:00
851,226,13,Nova Corp - Initial License,Closed Lost,116216,2024-06-14,2024-06-17,Inbound - Content,Omitted,False,True,CompetitorA,Price,26,,New Business,2024-06-17T00:00:00
852,188,1,Apex Dynamics - Platform Deal,Qualification,43390,2024-07-16,2024-06-09,,Best Case,False,False,,,24,Legal review,New Business,2024-06-09T00:00:00
853,223,9,Catalyst Software - Initial License,Qualification,71809,2024-11-04,2024-08-02,Outbound - SDR,Best Case,False,False,CompetitorA,,48,Legal review,New Business,2024-08-02T00:00:00
854,259,14,Optima Services - Platform Deal,Negotiation,13158,2025-03-29,2024-10-11,Outbound - AE,Commit,False,False,,,61,POC setup,New Business,2024-10-11T00:00:00
855,169,16,Nexus Platforms - Platform Deal,Prospecting,28810,2022-11-10,2022-09-04,Inbound - Content,Pipeline,False,False,,,45,POC setup,New Business,2022-09-04T00:00:00
856,650,9,Pinnacle Inc - New Business,Discovery,671578,2025-01-28,2024-10-18,Event,Pipeline,False,False,,,52,Schedule demo,New Business,2024-10-18T00:00:00
521,995,6,Vanguard Labs - Initial License,Closed Lost,10472,2022-03-16,2021-12-21,Event,Omitted,False,True,CompetitorA,Feature Gap,52,,New Business,2021-12-21T00:00:00
858,144,14,Apex Holdings - New Business,Discovery,57014,2025-03-19,2024-10-19,Webinar,Pipeline,False,False,CompetitorD,,18,,New Business,2024-10-19T00:00:00
859,68,11,Global Partners - New Business,Prospecting,222981,2020-09-16,2020-05-29,Webinar,Pipeline,False,False,CompetitorC,,38,Send proposal,New Business,2020-05-29T00:00:00
860,839,13,Quantum Solutions - Initial License,Closed Lost,40617,2024-09-15,2024-09-28,Webinar,Omitted,False,True,CompetitorD,Feature Gap,62,,New Business,2024-09-28T00:00:00
861,583,16,Pacific Analytics - Initial License,Discovery,27307,2025-03-27,2024-12-22,Outbound - AE,Pipeline,False,False,CompetitorE,,50,Contract signing,New Business,2024-12-22T00:00:00
862,360,5,Quantum Solutions - Platform Deal,Discovery,42693,2024-12-13,2024-04-19,Product-Led,Pipeline,False,False,,,4,Send proposal,New Business,2024-04-19T00:00:00
863,784,1,Fusion Partners - Initial License,Prospecting,30992,2022-07-16,2022-01-05,,Pipeline,False,False,Open Source Alternative,,34,Schedule demo,New Business,2022-01-05T00:00:00
864,873,7,Pinnacle Enterprises - New Business,Prospecting,26844,2023-10-30,2023-07-18,Outbound - AE,Pipeline,False,False,,,41,POC setup,New Business,2023-07-18T00:00:00
865,286,14,Vanguard Inc - Platform Deal,Closed Lost,24967,2024-12-26,2024-07-15,Outbound - SDR,Omitted,False,True,Open Source Alternative,Competitor,12,,New Business,2024-07-15T00:00:00
866,472,8,Vanguard Holdings - New Business,Discovery,36870,2023-05-21,2023-04-09,,Pipeline,False,False,,,18,Reference call,New Business,2023-04-09T00:00:00
867,551,3,Catalyst Inc - Initial License,Qualification,56092,2020-12-08,2020-04-06,Inbound - Web,Best Case,False,False,,,13,Legal review,New Business,2020-04-06T00:00:00
868,710,9,Quantum Enterprises - Platform Deal,Closed Lost,38082,2024-12-28,2024-11-18,Webinar,Omitted,False,True,,Lost to Status Quo,39,,New Business,2024-11-18T00:00:00
869,942,4,Vanguard Software - Initial License,Closed Won,33327,2024-09-01,2024-08-15,Product-Led,Closed,True,True,Open Source Alternative,,31,,New Business,2024-08-15T00:00:00
870,404,4,Catalyst Technologies - Initial License,Proposal,152344,2024-10-24,2024-05-17,Inbound - Content,Best Case,False,False,CompetitorA,,38,Contract signing,New Business,2024-05-17T00:00:00
871,215,14,Acme Solutions - New Business,Closed Lost,114568,2024-02-22,2023-12-24,Partner Referral,Omitted,False,True,CompetitorE,Champion Left,58,,New Business,2023-12-24T00:00:00
872,3,10,Synergy Solutions - Platform Deal,Qualification,45559,2021-01-01,2020-10-27,Outbound - SDR,Best Case,False,False,CompetitorA,,34,,New Business,2020-10-27T00:00:00
873,575,7,Acme Enterprises - New Business,Negotiation,423220,2024-06-02,2024-06-11,Event,Commit,False,False,CompetitorC,,56,Technical review,New Business,2024-06-11T00:00:00
874,686,6,Horizon Platforms - Initial License,Prospecting,37570,2023-02-23,2022-07-31,Outbound - AE,Pipeline,False,False,CompetitorE,,20,Reference call,New Business,2022-07-31T00:00:00
875,336,2,Horizon Technologies - Platform Deal,Closed Lost,71976,2024-03-09,2023-11-25,Partner Referral,Omitted,False,True,CompetitorA,Budget Cut,22,,New Business,2023-11-25T00:00:00
876,77,7,Vanguard Services - Initial License,Closed Lost,176442,2023-05-20,2023-03-09,Outbound - SDR,Omitted,False,True,CompetitorA,Budget Cut,36,,New Business,2023-03-09T00:00:00
877,24,15,Quantum Systems - Platform Deal,Closed Lost,191917,2024-12-31,2024-12-13,Outbound - AE,Omitted,False,True,CompetitorD,Budget Cut,44,,New Business,2024-12-13T00:00:00
878,264,3,Global Holdings - New Business,Discovery,81057,2023-03-12,2023-04-10,Webinar,Pipeline,False,False,,,45,Contract signing,New Business,2023-04-10T00:00:00
879,91,3,Pinnacle Systems - Platform Deal,Prospecting,36750,2024-07-18,2024-02-05,Outbound - AE,Pipeline,False,False,CompetitorE,,40,Legal review,New Business,2024-02-05T00:00:00
880,445,5,Fusion Enterprises - Initial License,Proposal,226782,2025-08-26,2024-12-08,Event,Best Case,False,False,CompetitorE,,26,POC setup,New Business,2024-12-08T00:00:00
881,179,5,Quantum Dynamics - Platform Deal,Closed Lost,101096,2024-06-22,2024-07-13,Inbound - Web,Omitted,False,True,CompetitorA,Timing,25,,New Business,2024-07-13T00:00:00
882,894,14,Pacific Solutions - New Business,Qualification,150011,2023-03-14,2022-08-25,Outbound - AE,Best Case,False,False,CompetitorC,,43,Technical review,New Business,2022-08-25T00:00:00
883,14,7,Pacific Enterprises - Initial License,Prospecting,38815,2025-04-27,2024-09-18,,Pipeline,False,False,,,12,Schedule demo,New Business,2024-09-18T00:00:00
884,812,14,Nexus Dynamics - Initial License,Negotiation,670610,2023-11-28,2023-04-04,Event,Commit,False,False,CompetitorE,,2,POC setup,New Business,2023-04-04T00:00:00
885,386,1,Nexus Solutions - New Business,Proposal,29756,2023-05-06,2022-10-04,Outbound - SDR,Best Case,False,False,CompetitorD,,12,Schedule demo,New Business,2022-10-04T00:00:00
886,943,10,Catalyst Platforms - Platform Deal,Closed Lost,83224,2024-12-31,2024-12-07,Product-Led,Omitted,False,True,,Price,28,,New Business,2024-12-07T00:00:00
887,635,4,Horizon Partners - Platform Deal,Discovery,167202,2024-08-07,2024-03-25,Inbound - Web,Pipeline,False,False,CompetitorB,,34,Contract signing,New Business,2024-03-25T00:00:00
714,747,11,Elevate Partners - Platform Deal,Discovery,22458,2024-10-05,2024-04-06,Inbound - Web,Pipeline,False,False,CompetitorE,,28,Schedule demo,New Business,2024-04-06T00:00:00
889,607,2,Horizon Labs - Platform Deal,Proposal,50508,2025-03-11,2024-12-13,,Best Case,False,False,,,39,Send proposal,New Business,2024-12-13T00:00:00
890,188,1,Apex Dynamics - Initial License,Negotiation,29624,2022-11-21,2022-04-04,Partner Referral,Commit,False,False,,,16,Contract signing,New Business,2022-04-04T00:00:00
891,115,12,Pacific Inc - New Business,Closed Lost,106668,2021-04-17,2020-11-14,Inbound - Content,Omitted,False,True,CompetitorB,Budget Cut,43,,New Business,2020-11-14T00:00:00
892,137,9,Catalyst Holdings - New Business,Closed Lost,31263,2024-12-31,2024-06-17,Webinar,Omitted,False,True,CompetitorD,Champion Left,22,,New Business,2024-06-17T00:00:00
893,804,1,Acme Partners - Initial License,Closed Won,120191,2022-02-12,2021-12-06,Inbound - Web,Closed,True,True,CompetitorE,,17,,New Business,2021-12-06T00:00:00
894,639,5,Fusion Software - Initial License,Qualification,175808,2022-12-26,2022-11-19,Webinar,Best Case,False,False,CompetitorC,,34,,New Business,2022-11-19T00:00:00
895,668,7,Optima Analytics - Initial License,Closed Won,28626,2024-12-31,2024-12-15,Webinar,Closed,True,True,CompetitorC,,51,,New Business,2024-12-15T00:00:00
896,141,2,Acme Platforms - Initial License,Proposal,19066,2025-01-09,2024-10-17,Partner Referral,Best Case,False,False,CompetitorE,,31,Send proposal,New Business,2024-10-17T00:00:00
897,231,7,Global Corp - Platform Deal,Closed Lost,324573,2024-12-15,2024-10-20,Inbound - Web,Omitted,False,True,CompetitorC,Timing,47,,New Business,2024-10-20T00:00:00
898,384,12,Vanguard Digital - Platform Deal,Discovery,54782,2025-01-24,2024-06-30,Webinar,Pipeline,False,False,CompetitorB,,59,,New Business,2024-06-30T00:00:00
899,159,5,Horizon Systems - Platform Deal,Discovery,,2025-05-24,2024-08-31,Inbound - Web,Pipeline,False,False,Open Source Alternative,,33,Executive alignment,New Business,2024-08-31T00:00:00
900,537,12,Summit Analytics - New Business,Proposal,22336,2024-01-23,2023-05-23,Event,Best Case,False,False,,,18,Send proposal,New Business,2023-05-23T00:00:00
901,619,2,Summit Analytics - Platform Deal,Negotiation,146101,2025-01-26,2024-06-09,Outbound - AE,Commit,False,False,CompetitorD,,28,Reference call,New Business,2024-06-09T00:00:00
902,468,3,Vertex Solutions - New Business,Proposal,426620,2024-10-17,2024-11-09,Outbound - SDR,Best Case,False,False,CompetitorC,,12,Send proposal,New Business,2024-11-09T00:00:00
903,95,7,Vertex Networks - Platform Deal,Closed Lost,12168,2024-12-31,2024-11-09,Partner Referral,Omitted,False,True,CompetitorB,Competitor,7,,New Business,2024-11-09T00:00:00
904,41,12,Nexus Corp - Platform Deal,Qualification,70023,2023-09-15,2023-07-13,Partner Referral,Best Case,False,False,,,18,Contract signing,New Business,2023-07-13T00:00:00
905,324,12,Catalyst Labs - New Business,Closed Lost,36699,2024-12-18,2024-11-13,Inbound - Content,Omitted,False,True,,Timing,15,,New Business,2024-11-13T00:00:00
906,895,15,Pinnacle Labs - Initial License,Discovery,37272,2025-06-18,2024-12-18,Event,Pipeline,False,False,CompetitorB,,23,POC setup,New Business,2024-12-18T00:00:00
907,70,4,Velocity Digital - Platform Deal,Discovery,,2023-10-15,2023-06-14,Inbound - Web,Pipeline,False,False,CompetitorB,,1,Executive alignment,New Business,2023-06-14T00:00:00
908,664,4,Zenith Dynamics - New Business,Proposal,35079,2024-09-03,2024-01-10,Inbound - Web,Best Case,False,False,CompetitorC,,54,Send proposal,New Business,2024-01-10T00:00:00
909,783,15,Acme Group - Initial License,Qualification,14153,2025-05-26,2024-11-09,Inbound - Content,Best Case,False,False,CompetitorC,,51,Schedule demo,New Business,2024-11-09T00:00:00
910,607,11,Horizon Labs - New Business,Qualification,203496,2025-02-15,2024-12-16,Webinar,Best Case,False,False,,,17,Reference call,New Business,2024-12-16T00:00:00
911,17,5,Pacific Labs - Initial License,Closed Lost,84529,2024-12-31,2024-09-03,Inbound - Web,Omitted,False,True,CompetitorC,Timing,26,,New Business,2024-09-03T00:00:00
912,212,16,Nexus Partners - New Business,Closed Lost,27174,2024-10-26,2024-09-06,Inbound - Web,Omitted,False,True,CompetitorB,Champion Left,24,,New Business,2024-09-06T00:00:00
913,707,1,Velocity Analytics - Initial License,Discovery,,2024-08-03,2024-03-04,Inbound - Content,Pipeline,False,False,,,9,POC setup,New Business,2024-03-04T00:00:00
914,241,4,Nexus Dynamics - Platform Deal,Prospecting,,2024-02-16,2023-10-10,Inbound - Content,Pipeline,False,False,,,56,Schedule demo,New Business,2023-10-10T00:00:00
915,615,8,Optima Services - Platform Deal,Discovery,132837,2022-06-29,2022-04-06,Outbound - AE,Pipeline,False,False,Open Source Alternative,,57,Contract signing,New Business,2022-04-06T00:00:00
916,733,9,Synergy Group - Initial License,Prospecting,49203,2025-01-23,2024-09-13,Product-Led,Pipeline,False,False,CompetitorB,,37,Reference call,New Business,2024-09-13T00:00:00
917,539,13,Summit Systems - Initial License,Qualification,44573,2020-08-31,2020-05-15,Partner Referral,Best Case,False,False,,,69,Legal review,New Business,2020-05-15T00:00:00
918,448,11,Quantum Group - Platform Deal,Closed Lost,39213,2024-08-26,2024-07-11,Inbound - Content,Omitted,False,True,,No Decision,45,,New Business,2024-07-11T00:00:00
919,28,11,Zenith Technologies - Platform Deal,Discovery,35496,2023-02-27,2022-11-07,Outbound - AE,Pipeline,False,False,CompetitorB,,66,Schedule demo,New Business,2022-11-07T00:00:00
920,424,11,Velocity Partners - Platform Deal,Prospecting,31771,2025-01-15,2024-10-23,Partner Referral,Pipeline,False,False,CompetitorD,,9,Schedule demo,New Business,2024-10-23T00:00:00
921,487,14,Zenith Corp - New Business,Proposal,32050,2025-08-29,2024-12-28,Product-Led,Best Case,False,False,CompetitorD,,62,Send proposal,New Business,2024-12-28T00:00:00
922,856,2,Nova Services - New Business,Qualification,663835,2022-05-14,2022-03-07,Outbound - SDR,Best Case,False,False,,,43,,New Business,2022-03-07T00:00:00
923,949,4,Optima Software - Initial License,Closed Lost,55773,2024-02-03,2023-12-24,Event,Omitted,False,True,,Price,17,,New Business,2023-12-24T00:00:00
924,388,14,Catalyst Analytics - Platform Deal,Closed Lost,146561,2024-05-22,2023-10-07,Inbound - Content,Omitted,False,True,,Budget Cut,5,,New Business,2023-10-07T00:00:00
925,867,3,Apex Digital - Platform Deal,Qualification,157926,2022-05-23,2022-01-01,Outbound - SDR,Best Case,False,False,,,26,Send proposal,New Business,2022-01-01T00:00:00
926,614,14,Fusion Dynamics - Platform Deal,Closed Lost,174126,2022-06-11,2021-11-19,Product-Led,Omitted,False,True,CompetitorE,Champion Left,39,,New Business,2021-11-19T00:00:00
927,835,1,Vanguard Enterprises - Initial License,Closed Won,25563,2024-11-03,2024-10-11,Partner Referral,Closed,True,True,,,10,,New Business,2024-10-11T00:00:00
928,661,8,Nexus Partners - New Business,Closed Won,244914,2023-10-12,2023-06-09,Partner Referral,Closed,True,True,,,58,,New Business,2023-06-09T00:00:00
929,417,11,Vanguard Enterprises - Platform Deal,Qualification,867328,2023-06-15,2023-04-27,Outbound - AE,Best Case,False,False,,,42,,New Business,2023-04-27T00:00:00
930,510,16,Horizon Software - Initial License,Proposal,43331,2024-12-20,2024-05-08,Inbound - Content,Best Case,False,False,,,25,Executive alignment,New Business,2024-05-08T00:00:00
931,316,2,Fusion Enterprises - New Business,Prospecting,193775,2025-05-20,2024-09-19,Event,Pipeline,False,False,,,2,Schedule demo,New Business,2024-09-19T00:00:00
932,425,7,Pinnacle Partners - Platform Deal,Closed Lost,47205,2023-10-30,2023-09-09,Product-Led,Omitted,False,True,CompetitorE,Lost to Status Quo,28,,New Business,2023-09-09T00:00:00
933,450,13,Summit Digital - New Business,Proposal,5700,2023-06-06,2022-10-25,Inbound - Web,Best Case,False,False,Open Source Alternative,,27,POC setup,New Business,2022-10-25T00:00:00
934,138,3,Elevate Platforms - Platform Deal,Closed Won,43254,2024-12-17,2024-08-22,Inbound - Content,Closed,True,True,CompetitorD,,10,,New Business,2024-08-22T00:00:00
935,435,3,Nexus Technologies - Platform Deal,Closed Lost,185568,2023-09-16,2023-05-05,Partner Referral,Omitted,False,True,Open Source Alternative,Lost to Status Quo,19,,New Business,2023-05-05T00:00:00
936,546,10,Velocity Inc - Initial License,Discovery,1020922,2023-03-10,2022-11-08,,Pipeline,False,False,,,37,Reference call,New Business,2022-11-08T00:00:00
937,868,11,Catalyst Networks - New Business,Closed Lost,91088,2024-12-31,2024-08-25,Event,Omitted,False,True,Open Source Alternative,Feature Gap,38,,New Business,2024-08-25T00:00:00
938,936,2,Summit Enterprises - Initial License,Prospecting,32601,2025-07-03,2024-11-12,Webinar,Pipeline,False,False,Open Source Alternative,,33,Reference call,New Business,2024-11-12T00:00:00
939,572,7,Synergy Digital - Platform Deal,Prospecting,143459,2024-05-09,2024-01-28,Product-Led,Pipeline,False,False,CompetitorE,,55,Send proposal,New Business,2024-01-28T00:00:00
940,124,10,Vertex Holdings - Platform Deal,Qualification,32406,2025-02-11,2024-10-25,Inbound - Web,Best Case,False,False,,,5,Schedule demo,New Business,2024-10-25T00:00:00
941,737,11,Horizon Holdings - Platform Deal,Prospecting,147367,2025-05-07,2024-10-05,Event,Pipeline,False,False,CompetitorC,,33,Send proposal,New Business,2024-10-05T00:00:00
942,204,14,Elevate Analytics - New Business,Proposal,45102,2021-12-22,2021-10-30,Outbound - AE,Best Case,False,False,CompetitorA,,73,Schedule demo,New Business,2021-10-30T00:00:00
943,999,4,Nova Labs - Initial License,Closed Lost,41000,2023-05-03,2023-01-16,Inbound - Web,Omitted,False,True,CompetitorD,Champion Left,30,,New Business,2023-01-16T00:00:00
944,942,4,Vanguard Software - Expansion,Prospecting,96491,2023-03-29,2022-09-02,Outbound - AE,Pipeline,False,False,CompetitorB,,3,Executive alignment,Expansion,2022-09-02T00:00:00
945,758,14,Pinnacle Group - Platform Deal,Discovery,46224,2025-05-07,2024-10-20,Inbound - Web,Pipeline,False,False,Open Source Alternative,,51,Legal review,New Business,2024-10-20T00:00:00
946,89,3,Quantum Systems - Initial License,Closed Lost,38770,2022-08-20,2022-08-03,Outbound - AE,Omitted,False,True,CompetitorE,Competitor,44,,New Business,2022-08-03T00:00:00
947,496,5,Global Analytics - Platform Deal,Qualification,41790,2024-02-29,2023-11-27,Event,Best Case,False,False,CompetitorE,,22,Contract signing,New Business,2023-11-27T00:00:00
948,795,2,Vertex Technologies - New Business,Prospecting,,2022-08-19,2021-12-08,Partner Referral,Pipeline,False,False,CompetitorE,,31,Schedule demo,New Business,2021-12-08T00:00:00
499,983,9,Atlas Dynamics - New Business,Negotiation,54875,2025-02-05,2024-05-23,Event,Commit,False,False,CompetitorD,,69,Send proposal,New Business,2024-05-23T00:00:00
950,239,11,Catalyst Analytics - New Business,Discovery,51654,2025-01-31,2024-11-16,Inbound - Content,Pipeline,False,False,Open Source Alternative,,59,Contract signing,New Business,2024-11-16T00:00:00
951,324,12,Catalyst Labs - Initial License,Proposal,9661,2023-09-06,2023-02-10,Inbound - Web,Best Case,False,False,,,42,Technical review,New Business,2023-02-10T00:00:00
952,811,1,Pinnacle Digital - Initial License,Proposal,153195,2021-12-28,2021-11-18,Inbound - Web,Best Case,False,False,,,13,Schedule demo,New Business,2021-11-18T00:00:00
953,950,11,Nexus Platforms - New Business,Discovery,194679,2024-10-17,2024-09-16,Product-Led,Pipeline,False,False,Open Source Alternative,,56,Send proposal,New Business,2024-09-16T00:00:00
954,197,4,Fusion Labs - Platform Deal,Closed Lost,40937,2024-11-23,2024-09-13,Inbound - Web,Omitted,False,True,CompetitorA,Price,40,,New Business,2024-09-13T00:00:00
955,358,14,Vertex Services - Initial License,Qualification,57165,2024-06-07,2023-09-14,Outbound - AE,Best Case,False,False,CompetitorB,,76,,New Business,2023-09-14T00:00:00
956,899,3,Nova Platforms - Platform Deal,Closed Lost,34992,2022-09-13,2022-06-16,Outbound - AE,Omitted,False,True,CompetitorA,No Decision,30,,New Business,2022-06-16T00:00:00
957,86,6,Quantum Labs - Initial License,Prospecting,28215,2024-01-05,2023-07-16,Inbound - Web,Pipeline,False,False,,,2,,New Business,2023-07-16T00:00:00
958,87,13,Elevate Holdings - Platform Deal,Qualification,24475,2025-04-08,2024-09-12,Outbound - AE,Best Case,False,False,CompetitorC,,5,Schedule demo,New Business,2024-09-12T00:00:00
959,296,11,Vertex Corp - Initial License,Prospecting,91843,2023-10-04,2023-06-27,Event,Pipeline,False,False,CompetitorE,,35,Send proposal,New Business,2023-06-27T00:00:00
960,140,5,Velocity Enterprises - New Business,Qualification,159975,2024-12-25,2024-10-31,Outbound - SDR,Best Case,False,False,CompetitorB,,58,Legal review,New Business,2024-10-31T00:00:00
961,231,7,Global Corp - New Business,Discovery,176827,2025-03-19,2024-09-29,Outbound - AE,Pipeline,False,False,,,47,Legal review,New Business,2024-09-29T00:00:00
962,207,10,Pinnacle Networks - Initial License,Closed Lost,187824,2024-03-30,2023-10-02,Webinar,Omitted,False,True,,Champion Left,64,,New Business,2023-10-02T00:00:00
963,958,12,Pinnacle Digital - Additional Seats,Qualification,31562,2024-04-04,2023-10-11,Product-Led,Best Case,False,False,CompetitorE,,23,Legal review,Expansion,2023-10-11T00:00:00
964,365,5,Acme Solutions - New Business,Closed Won,202996,2024-12-31,2024-12-26,Inbound - Web,Closed,True,True,,,50,,New Business,2024-12-26T00:00:00
965,92,8,Acme Labs - Initial License,Closed Lost,24972,2023-05-25,2023-01-22,Event,Omitted,False,True,CompetitorA,No Decision,17,,New Business,2023-01-22T00:00:00
966,255,6,Pacific Labs - New Business,Closed Won,913735,2024-12-22,2024-10-21,Webinar,Closed,True,True,CompetitorE,,31,,New Business,2024-10-21T00:00:00
967,293,4,Zenith Digital - Initial License,Qualification,19766,2023-09-13,2023-05-11,Product-Led,Best Case,False,False,CompetitorC,,24,,New Business,2023-05-11T00:00:00
968,232,15,Global Enterprises - New Business,Discovery,26798,2025-03-31,2024-12-22,Product-Led,Pipeline,False,False,CompetitorE,,21,Technical review,New Business,2024-12-22T00:00:00
969,316,2,Fusion Enterprises - New Business,Prospecting,58900,2024-04-02,2023-12-02,Partner Referral,Pipeline,False,False,,,9,,New Business,2023-12-02T00:00:00
970,902,15,Pinnacle Platforms - Platform Deal,Qualification,42581,2024-10-11,2024-05-12,Product-Led,Best Case,False,False,,,62,Schedule demo,New Business,2024-05-12T00:00:00
971,932,10,Atlas Networks - Initial License,Proposal,42425,2025-06-26,2024-12-19,Event,Best Case,False,False,,,61,,New Business,2024-12-19T00:00:00
972,34,5,Zenith Analytics - New Business,Closed Lost,13546,2022-07-22,2022-05-20,Product-Led,Omitted,False,True,CompetitorB,Lost to Status Quo,56,,New Business,2022-05-20T00:00:00
973,193,3,Quantum Corp - Initial License,Negotiation,439921,2025-04-01,2024-09-28,Inbound - Web,Commit,False,False,,,15,Legal review,New Business,2024-09-28T00:00:00
974,695,15,Nova Enterprises - Platform Deal,Qualification,12037,2025-06-21,2024-10-19,Outbound - AE,Best Case,False,False,,,37,Executive alignment,New Business,2024-10-19T00:00:00
975,848,3,Vanguard Holdings - New Business,Prospecting,22440,2021-04-22,2020-11-19,Partner Referral,Pipeline,False,False,,,28,Send proposal,New Business,2020-11-19T00:00:00
976,985,2,Vanguard Group - New Business,Discovery,149648,2022-04-15,2021-10-25,Webinar,Pipeline,False,False,CompetitorB,,4,Contract signing,New Business,2021-10-25T00:00:00
977,331,12,Vertex Services - Platform Deal,Closed Lost,170626,2024-08-12,2024-05-03,Event,Omitted,False,True,CompetitorE,Price,66,,New Business,2024-05-03T00:00:00
978,664,4,Zenith Dynamics - Initial License,Closed Lost,98785,2024-05-16,2024-03-14,Product-Led,Omitted,False,True,Open Source Alternative,No Decision,28,,New Business,2024-03-14T00:00:00
979,949,14,Optima Software - New Business,Discovery,115441,2024-07-17,2023-11-20,Partner Referral,Pipeline,False,False,Open Source Alternative,,22,,New Business,2023-11-20T00:00:00
980,449,13,Fusion Systems - New Business,Qualification,7811,2024-05-01,2024-01-08,Webinar,Best Case,False,False,Open Source Alternative,,64,Schedule demo,New Business,2024-01-08T00:00:00
981,882,9,Apex Group - Platform Deal,Qualification,82065,2023-11-19,2023-07-05,Product-Led,Best Case,False,False,,,32,Legal review,New Business,2023-07-05T00:00:00
982,61,16,Synergy Platforms - Platform Deal,Discovery,17622,2025-01-28,2024-11-21,Outbound - SDR,Pipeline,False,False,,,16,Schedule demo,New Business,2024-11-21T00:00:00
983,29,14,Optima Platforms - Platform Deal,Negotiation,,2024-12-25,2024-11-14,Partner Referral,Commit,False,False,Open Source Alternative,,1,Executive alignment,New Business,2024-11-14T00:00:00
984,943,3,Catalyst Platforms - New Business,Proposal,915385,2023-06-18,2022-09-28,Partner Referral,Best Case,False,False,CompetitorD,,42,,New Business,2022-09-28T00:00:00
985,767,14,Summit Dynamics - Platform Deal,Discovery,141464,2025-02-14,2024-12-05,Inbound - Content,Pipeline,False,False,CompetitorE,,19,Contract signing,New Business,2024-12-05T00:00:00
986,231,7,Global Corp - New Business,Prospecting,490762,2025-04-24,2024-09-03,Outbound - SDR,Pipeline,False,False,CompetitorB,,7,POC setup,New Business,2024-09-03T00:00:00
987,389,13,Horizon Technologies - Platform Deal,Proposal,69654,2024-09-22,2023-12-29,Inbound - Web,Best Case,False,False,CompetitorD,,76,Technical review,New Business,2023-12-29T00:00:00
988,304,15,Horizon Systems - Initial License,Prospecting,47767,2025-02-28,2024-10-31,Inbound - Content,Pipeline,False,False,CompetitorD,,7,Executive alignment,New Business,2024-10-31T00:00:00
843,384,12,Vanguard Digital - Initial License,Closed Lost,46275,2024-12-31,2024-11-08,Event,Omitted,False,True,Open Source Alternative,Champion Left,31,,New Business,2024-11-08T00:00:00
990,723,9,Nexus Digital - Platform Deal,Qualification,176625,2024-08-16,2024-01-15,Partner Referral,Best Case,False,False,CompetitorE,,50,Contract signing,New Business,2024-01-15T00:00:00
991,597,12,Vanguard Labs - New Business,Prospecting,32086,2024-04-27,2023-08-02,Partner Referral,Pipeline,False,False,CompetitorD,,45,,New Business,2023-08-02T00:00:00
992,305,2,Pacific Dynamics - Initial License,Discovery,185455,2025-04-30,2024-12-08,Product-Led,Pipeline,False,False,,,11,Schedule demo,New Business,2024-12-08T00:00:00
993,641,11,Quantum Dynamics - Initial License,Closed Lost,37470,2024-12-31,2024-08-12,Inbound - Content,Omitted,False,True,,Timing,4,,New Business,2024-08-12T00:00:00
994,383,9,Summit Solutions - Contract Renewal,Qualification,42850,2023-10-24,2023-05-20,Inbound - Content,Best Case,False,False,CompetitorE,,26,Schedule demo,Renewal,2023-05-20T00:00:00
995,388,3,Catalyst Analytics - Platform Deal,Prospecting,188364,2024-12-01,2024-06-16,Event,Pipeline,False,False,CompetitorE,,42,Reference call,New Business,2024-06-16T00:00:00
996,809,3,Nexus Networks - New Business,Discovery,16036,2023-04-26,2022-12-14,Event,Pipeline,False,False,,,35,Send proposal,New Business,2022-12-14T00:00:00
997,51,16,Zenith Services - New Business,Closed Lost,35254,2024-11-29,2024-10-13,Inbound - Content,Omitted,False,True,CompetitorB,Lost to Status Quo,52,,New Business,2024-10-13T00:00:00
998,772,14,Summit Partners - Platform Deal,Discovery,10738,2025-04-24,2024-12-03,Partner Referral,Pipeline,False,False,Open Source Alternative,,38,,New Business,2024-12-03T00:00:00
999,12,13,Nexus Software - Platform Deal,Prospecting,390139,2023-08-07,2023-05-04,Outbound - AE,Pipeline,False,False,CompetitorE,,34,,New Business,2023-05-04T00:00:00
1000,908,8,Horizon Networks - New Business,Proposal,50086,2025-02-22,2024-08-15,,Best Case,False,False,,,43,Send proposal,New Business,2024-08-15T00:00:00
1001,170,6,Quantum Labs - Platform Deal,Closed Lost,33731,2022-06-28,2022-01-21,Partner Referral,Omitted,False,True,CompetitorA,Price,22,,New Business,2022-01-21T00:00:00
1002,973,1,Pacific Corp - New Business,Closed Won,39879,2024-06-18,2024-03-09,Webinar,Closed,True,True,,,6,,New Business,2024-03-09T00:00:00
1003,183,5,Global Solutions - Initial License,Proposal,85042,2025-07-14,2024-11-26,Outbound - SDR,Best Case,False,False,,,8,POC setup,New Business,2024-11-26T00:00:00
1004,114,8,Nova Partners - Initial License,Proposal,36218,2025-01-08,2024-08-22,Inbound - Content,Best Case,False,False,CompetitorB,,55,Send proposal,New Business,2024-08-22T00:00:00
1005,128,5,Pinnacle Inc - Initial License,Prospecting,16763,2025-01-23,2024-10-20,Product-Led,Pipeline,False,False,CompetitorC,,58,Send proposal,New Business,2024-10-20T00:00:00
1006,47,15,Synergy Partners - New Business,Qualification,14958,2025-03-17,2024-07-14,Product-Led,Best Case,False,False,CompetitorC,,63,Contract signing,New Business,2024-07-14T00:00:00
1007,131,11,Pinnacle Holdings - New Business,Discovery,75651,2025-02-27,2024-07-24,Inbound - Web,Pipeline,False,False,CompetitorC,,54,Reference call,New Business,2024-07-24T00:00:00
1008,663,3,Optima Dynamics - Initial License,Prospecting,19991,2024-12-31,2024-05-07,Webinar,Pipeline,False,False,CompetitorB,,2,,New Business,2024-05-07T00:00:00
1009,807,11,Fusion Digital - Initial License,Qualification,22097,2025-08-07,2024-12-19,Partner Referral,Best Case,False,False,CompetitorB,,33,Contract signing,New Business,2024-12-19T00:00:00
1010,200,1,Summit Partners - Initial License,Closed Lost,48950,2022-02-16,2021-10-16,Inbound - Content,Omitted,False,True,,Price,9,,New Business,2021-10-16T00:00:00
1011,712,9,Vertex Solutions - New Business,Closed Lost,78982,2024-12-31,2024-08-09,Outbound - SDR,Omitted,False,True,CompetitorB,Lost to Status Quo,12,,New Business,2024-08-09T00:00:00
1012,690,9,Synergy Technologies - New Business,Prospecting,43691,2023-05-02,2022-11-17,Inbound - Content,Pipeline,False,False,Open Source Alternative,,33,Schedule demo,New Business,2022-11-17T00:00:00
1013,640,15,Pinnacle Technologies - Platform Deal,Prospecting,11210,2022-11-17,2022-09-16,Partner Referral,Pipeline,False,False,,,65,,New Business,2022-09-16T00:00:00
1014,65,11,Horizon Inc - Initial License,Discovery,167249,2022-04-28,2021-12-28,Inbound - Content,Pipeline,False,False,CompetitorC,,67,POC setup,New Business,2021-12-28T00:00:00
1015,764,8,Pinnacle Corp - Initial License,Qualification,136587,2024-09-28,2024-01-12,Inbound - Content,Best Case,False,False,CompetitorD,,59,Reference call,New Business,2024-01-12T00:00:00
1016,470,1,Acme Networks - Expansion,Closed Lost,64582,2023-08-05,2023-06-09,Inbound - Content,Omitted,False,True,,Timing,23,,Expansion,2023-06-09T00:00:00
1017,480,2,Acme Solutions - Platform Deal,Discovery,122047,2023-02-28,2022-09-07,Partner Referral,Pipeline,False,False,CompetitorB,,31,,New Business,2022-09-07T00:00:00
1018,329,1,Horizon Digital - New Business,Closed Won,,2024-03-12,2023-11-18,Partner Referral,Closed,True,True,,,38,,New Business,2023-11-18T00:00:00
1019,574,12,Zenith Software - Platform Deal,Closed Lost,140155,2023-08-30,2023-05-26,Inbound - Content,Omitted,False,True,CompetitorA,Competitor,21,,New Business,2023-05-26T00:00:00
1020,257,6,Synergy Labs - Initial License,Negotiation,180068,2022-07-02,2022-02-02,Outbound - AE,Commit,False,False,CompetitorD,,22,Technical review,New Business,2022-02-02T00:00:00
1021,188,7,Apex Dynamics - New Business,Qualification,13243,2024-09-06,2024-06-04,Outbound - AE,Best Case,False,False,CompetitorE,,51,Send proposal,New Business,2024-06-04T00:00:00
1022,685,9,Fusion Group - Platform Deal,Prospecting,8474,2022-11-13,2022-04-12,Inbound - Web,Pipeline,False,False,CompetitorD,,23,Technical review,New Business,2022-04-12T00:00:00
1023,630,4,Vertex Systems - Initial License,Qualification,48699,2025-05-21,2024-09-14,Partner Referral,Best Case,False,False,,,57,Schedule demo,New Business,2024-09-14T00:00:00
1024,130,9,Pinnacle Solutions - Platform Deal,Negotiation,87609,2024-10-01,2024-02-18,Outbound - AE,Commit,False,False,Open Source Alternative,,47,Legal review,New Business,2024-02-18T00:00:00
1025,326,4,Atlas Networks - Initial License,Closed Lost,140586,2023-03-16,2022-09-14,Outbound - AE,Omitted,False,True,CompetitorA,Lost to Status Quo,9,,New Business,2022-09-14T00:00:00
1026,436,1,Nova Inc - New Business,Prospecting,147352,2025-03-16,2024-11-04,Partner Referral,Pipeline,False,False,CompetitorC,,27,Schedule demo,New Business,2024-11-04T00:00:00
1027,608,16,Nexus Services - New Business,Qualification,42008,2024-12-16,2024-10-22,,Best Case,False,False,CompetitorE,,23,Schedule demo,New Business,2024-10-22T00:00:00
1028,599,6,Synergy Solutions - Initial License,Prospecting,63543,2024-12-16,2024-06-11,Event,Pipeline,False,False,CompetitorE,,21,Schedule demo,New Business,2024-06-11T00:00:00
1029,806,5,Nexus Partners - Platform Deal,Proposal,47396,2023-07-17,2023-04-08,Partner Referral,Best Case,False,False,CompetitorA,,22,Executive alignment,New Business,2023-04-08T00:00:00
1030,322,3,Velocity Digital - New Business,Qualification,240079,2023-11-30,2023-06-18,Event,Best Case,False,False,CompetitorE,,38,Send proposal,New Business,2023-06-18T00:00:00
1031,383,5,Summit Solutions - New Business,Closed Lost,49701,2024-12-31,2024-11-23,Inbound - Web,Omitted,False,True,CompetitorE,Lost to Status Quo,18,,New Business,2024-11-23T00:00:00
1032,273,15,Synergy Technologies - New Business,Discovery,,2025-01-20,2024-10-18,Product-Led,Pipeline,False,False,CompetitorE,,40,Reference call,New Business,2024-10-18T00:00:00
1033,180,2,Quantum Digital - New Business,Closed Lost,10050,2024-12-31,2024-11-15,Inbound - Web,Omitted,False,True,Open Source Alternative,Timing,37,,New Business,2024-11-15T00:00:00
1034,425,7,Pinnacle Partners - Platform Deal,Qualification,7460,2024-07-14,2023-11-29,Event,Best Case,False,False,Open Source Alternative,,9,POC setup,New Business,2023-11-29T00:00:00
1035,916,16,Fusion Solutions - New Business,Qualification,181391,2025-04-10,2024-10-03,Outbound - SDR,Best Case,False,False,CompetitorB,,12,Legal review,New Business,2024-10-03T00:00:00
1036,433,11,Nexus Software - Initial License,Discovery,7216,2025-01-07,2024-09-21,Outbound - SDR,Pipeline,False,False,CompetitorD,,15,Reference call,New Business,2024-09-21T00:00:00
1037,985,2,Vanguard Group - New Business,Qualification,102641,2024-01-30,2023-06-20,,Best Case,False,False,CompetitorE,,31,Executive alignment,New Business,2023-06-20T00:00:00
1038,227,14,Catalyst Networks - Platform Deal,Negotiation,33984,2025-06-21,2024-12-01,Inbound - Content,Commit,False,False,,,59,Executive alignment,New Business,2024-12-01T00:00:00
1039,85,15,Acme Systems - New Business,Negotiation,60811,2023-12-11,2023-08-11,Outbound - SDR,Commit,False,False,,,47,Executive alignment,New Business,2023-08-11T00:00:00
1040,889,14,Summit Technologies - Initial License,Prospecting,328719,2022-04-12,2022-03-06,Product-Led,Pipeline,False,False,,,67,Executive alignment,New Business,2022-03-06T00:00:00
1041,35,13,Pinnacle Partners - Platform Deal,Qualification,,2023-09-19,2023-01-15,Partner Referral,Best Case,False,False,CompetitorB,,78,POC setup,New Business,2023-01-15T00:00:00
1042,149,8,Quantum Labs - New Business,Closed Lost,48833,2024-12-31,2024-12-24,Partner Referral,Omitted,False,True,CompetitorD,Timing,58,,New Business,2024-12-24T00:00:00
1043,227,6,Catalyst Networks - Platform Deal,Proposal,131118,2023-04-15,2022-11-20,Webinar,Best Case,False,False,CompetitorD,,3,Legal review,New Business,2022-11-20T00:00:00
405,321,9,Horizon Labs - Initial License,Closed Won,48599,2024-12-31,2024-11-05,Product-Led,Closed,True,True,,,53,,New Business,2024-11-05T00:00:00
1045,599,13,Synergy Solutions - New Business,Closed Lost,28414,2024-12-31,2024-09-17,Product-Led,Omitted,False,True,CompetitorD,Budget Cut,59,,New Business,2024-09-17T00:00:00
1046,856,8,Nova Services - Platform Deal,Proposal,1144868,2022-07-12,2022-05-02,Event,Best Case,False,False,CompetitorD,,42,Technical review,New Business,2022-05-02T00:00:00
1047,760,5,Optima Holdings - Initial License,Prospecting,32488,2022-02-11,2021-06-14,Inbound - Content,Pipeline,False,False,,,22,,New Business,2021-06-14T00:00:00
1048,780,14,Fusion Digital - Initial License,Qualification,797351,2024-07-11,2024-07-31,Inbound - Content,Best Case,False,False,,,1,POC setup,New Business,2024-07-31T00:00:00
1049,272,1,Catalyst Software - Initial License,Prospecting,,2023-06-05,2022-10-27,Inbound - Web,Pipeline,False,False,CompetitorA,,19,Schedule demo,New Business,2022-10-27T00:00:00
1050,74,3,Pinnacle Platforms - Platform Deal,Qualification,192353,2024-09-17,2024-06-06,Product-Led,Best Case,False,False,Open Source Alternative,,20,Legal review,New Business,2024-06-06T00:00:00
1051,213,4,Fusion Analytics - Platform Deal,Prospecting,71515,2022-08-30,2022-07-03,Product-Led,Pipeline,False,False,CompetitorD,,12,,New Business,2022-07-03T00:00:00
1052,233,14,Optima Networks - Platform Deal,Closed Lost,64568,2024-11-27,2024-06-08,Inbound - Content,Omitted,False,True,,Budget Cut,49,,New Business,2024-06-08T00:00:00
1053,238,6,Fusion Group - New Business,Closed Lost,1037793,2022-12-16,2022-10-07,Product-Led,Omitted,False,True,CompetitorA,No Decision,50,,New Business,2022-10-07T00:00:00
1054,320,4,Synergy Solutions - Initial License,Prospecting,681985,2024-07-16,2024-01-12,Inbound - Content,Pipeline,False,False,CompetitorD,,40,POC setup,New Business,2024-01-12T00:00:00
1055,222,8,Pinnacle Corp - Initial License,Discovery,148370,2023-05-27,2023-02-19,Product-Led,Pipeline,False,False,CompetitorE,,34,Contract signing,New Business,2023-02-19T00:00:00
1056,248,7,Horizon Digital - Platform Deal,Closed Lost,152936,2024-07-27,2024-06-03,Outbound - AE,Omitted,False,True,CompetitorD,Lost to Status Quo,15,,New Business,2024-06-03T00:00:00
1057,47,14,Synergy Partners - Initial License,Discovery,46666,2025-01-21,2024-06-19,Partner Referral,Pipeline,False,False,,,47,Reference call,New Business,2024-06-19T00:00:00
1058,641,12,Quantum Dynamics - New Business,Prospecting,45927,2025-04-23,2024-11-06,Webinar,Pipeline,False,False,Open Source Alternative,,35,Technical review,New Business,2024-11-06T00:00:00
1059,846,9,Vanguard Networks - Platform Deal,Discovery,24975,2022-07-26,2021-12-05,Outbound - AE,Pipeline,False,False,CompetitorD,,22,Schedule demo,New Business,2021-12-05T00:00:00
1060,444,7,Elevate Partners - Initial License,Closed Lost,32541,2023-12-28,2023-07-01,Partner Referral,Omitted,False,True,CompetitorA,No Decision,5,,New Business,2023-07-01T00:00:00
1061,350,1,Atlas Group - Platform Deal,Closed Won,149166,2024-12-31,2024-12-09,,Closed,True,True,,,29,,New Business,2024-12-09T00:00:00
1062,521,9,Vanguard Systems - New Business,Proposal,45914,2024-11-03,2024-11-07,,Best Case,False,False,CompetitorE,,56,Technical review,New Business,2024-11-07T00:00:00
1063,166,10,Pinnacle Inc - New Business,Closed Lost,51694,2023-06-21,2023-03-08,Outbound - SDR,Omitted,False,True,,Feature Gap,15,,New Business,2023-03-08T00:00:00
1064,367,7,Synergy Systems - New Business,Closed Lost,17004,2024-12-10,2024-10-02,Event,Omitted,False,True,CompetitorD,Feature Gap,26,,New Business,2024-10-02T00:00:00
1065,905,4,Vanguard Technologies - Initial License,Prospecting,114209,2023-03-30,2022-11-12,Inbound - Content,Pipeline,False,False,CompetitorA,,9,Send proposal,New Business,2022-11-12T00:00:00
1066,791,3,Acme Group - Initial License,Discovery,16005,2024-12-16,2024-07-01,Outbound - SDR,Pipeline,False,False,CompetitorA,,41,Executive alignment,New Business,2024-07-01T00:00:00
1067,613,4,Elevate Platforms - New Business,Closed Lost,57563,2024-10-16,2024-08-06,Inbound - Web,Omitted,False,True,CompetitorA,Budget Cut,32,,New Business,2024-08-06T00:00:00
1068,72,14,Horizon Solutions - Platform Deal,Prospecting,32421,2025-03-17,2024-12-25,Partner Referral,Pipeline,False,False,,,63,,New Business,2024-12-25T00:00:00
1069,623,3,Summit Platforms - New Business,Proposal,117302,2023-04-01,2022-08-22,Inbound - Content,Best Case,False,False,CompetitorA,,37,Executive alignment,New Business,2022-08-22T00:00:00
1070,878,6,Catalyst Systems - Platform Deal,Proposal,927405,2024-03-18,2023-07-16,Partner Referral,Best Case,False,False,CompetitorE,,2,Contract signing,New Business,2023-07-16T00:00:00
1071,587,4,Atlas Dynamics - New Business,Closed Lost,453945,2023-11-23,2023-10-16,Webinar,Omitted,False,True,CompetitorB,Timing,17,,New Business,2023-10-16T00:00:00
1072,813,5,Apex Analytics - Initial License,Closed Lost,86989,2023-10-31,2023-05-13,Webinar,Omitted,False,True,,No Decision,11,,New Business,2023-05-13T00:00:00
1073,137,5,Catalyst Holdings - Initial License,Closed Lost,23290,2023-06-17,2023-02-03,Product-Led,Omitted,False,True,CompetitorA,Champion Left,44,,New Business,2023-02-03T00:00:00
1074,187,6,Atlas Platforms - Platform Deal,Qualification,31922,2022-08-02,2022-03-20,Webinar,Best Case,False,False,CompetitorC,,22,,New Business,2022-03-20T00:00:00
1075,26,13,Acme Inc - Initial License,Closed Lost,13920,2024-12-31,2024-06-26,Inbound - Content,Omitted,False,True,CompetitorA,Champion Left,65,,New Business,2024-06-26T00:00:00
1076,695,15,Nova Enterprises - New Business,Closed Lost,43798,2024-12-31,2024-08-09,Webinar,Omitted,False,True,CompetitorA,Timing,63,,New Business,2024-08-09T00:00:00
1077,774,4,Catalyst Group - Initial License,Qualification,31363,2024-11-08,2024-05-08,Product-Led,Best Case,False,False,,,26,Executive alignment,New Business,2024-05-08T00:00:00
1078,610,8,Horizon Corp - Platform Deal,Closed Lost,21068,2024-09-28,2024-07-06,Inbound - Content,Omitted,False,True,CompetitorA,Competitor,37,,New Business,2024-07-06T00:00:00
349,209,9,Apex Services - New Business,Discovery,1088932,2025-04-05,2024-08-07,Product-Led,Pipeline,False,False,CompetitorD,,45,POC setup,New Business,2024-08-07T00:00:00
1080,224,1,Fusion Digital - Platform Deal,Discovery,33969,2025-02-04,2024-06-12,Inbound - Web,Pipeline,False,False,CompetitorE,,11,Executive alignment,New Business,2024-06-12T00:00:00
1081,485,9,Apex Dynamics - New Business,Prospecting,17053,2025-02-18,2024-11-04,Webinar,Pipeline,False,False,,,43,Executive alignment,New Business,2024-11-04T00:00:00
1082,646,11,Summit Software - New Business,Discovery,43388,2024-12-21,2024-10-03,Event,Pipeline,False,False,CompetitorE,,44,Legal review,New Business,2024-10-03T00:00:00
1083,963,3,Velocity Digital - New Business,Closed Lost,42601,2024-09-10,2024-08-25,Event,Omitted,False,True,,Lost to Status Quo,20,,New Business,2024-08-25T00:00:00
1084,980,10,Vanguard Services - Platform Deal,Closed Won,24676,2024-02-05,2023-08-07,Webinar,Closed,True,True,Open Source Alternative,,61,,New Business,2023-08-07T00:00:00
1085,683,9,Nova Platforms - New Business,Closed Lost,,2024-12-31,2024-08-21,Partner Referral,Omitted,False,True,CompetitorE,No Decision,47,,New Business,2024-08-21T00:00:00
1086,387,1,Fusion Systems - Initial License,Prospecting,50677,2024-05-18,2024-02-17,Webinar,Pipeline,False,False,CompetitorA,,24,POC setup,New Business,2024-02-17T00:00:00
1087,677,6,Quantum Dynamics - Platform Deal,Qualification,26643,2023-08-20,2022-12-26,Inbound - Web,Best Case,False,False,CompetitorA,,27,Legal review,New Business,2022-12-26T00:00:00
1088,613,4,Elevate Platforms - New Business,Prospecting,11392,2025-01-23,2024-10-20,Event,Pipeline,False,False,CompetitorC,,42,Technical review,New Business,2024-10-20T00:00:00
1089,640,5,Pinnacle Technologies - Platform Deal,Prospecting,41790,2022-08-26,2022-04-22,Inbound - Content,Pipeline,False,False,,,7,Send proposal,New Business,2022-04-22T00:00:00
1090,679,16,Elevate Analytics - Platform Deal,Discovery,34461,2021-04-07,2021-03-05,Inbound - Web,Pipeline,False,False,CompetitorE,,48,Contract signing,New Business,2021-03-05T00:00:00
1091,639,7,Fusion Software - Platform Deal,Qualification,176353,2022-10-25,2022-09-21,Inbound - Content,Best Case,False,False,Open Source Alternative,,33,Legal review,New Business,2022-09-21T00:00:00
1092,529,12,Nexus Platforms - Initial License,Discovery,74473,2021-03-29,2020-07-10,Outbound - SDR,Pipeline,False,False,Open Source Alternative,,10,Technical review,New Business,2020-07-10T00:00:00
1093,145,16,Nexus Platforms - New Business,Proposal,11995,2024-12-18,2024-09-24,Event,Best Case,False,False,CompetitorC,,31,Send proposal,New Business,2024-09-24T00:00:00
1094,600,1,Nexus Labs - Platform Deal,Closed Won,47144,2021-09-16,2021-06-12,Event,Closed,True,True,CompetitorE,,19,,New Business,2021-06-12T00:00:00
1095,592,7,Nexus Labs - Initial License,Qualification,138867,2023-06-06,2023-03-23,Event,Best Case,False,False,CompetitorD,,37,POC setup,New Business,2023-03-23T00:00:00
1096,57,15,Nexus Corp - New Business,Qualification,24573,2024-11-08,2024-09-07,Outbound - AE,Best Case,False,False,Open Source Alternative,,50,Technical review,New Business,2024-09-07T00:00:00
1097,289,14,Nova Dynamics - Initial License,Prospecting,26728,2022-02-17,2021-08-02,Outbound - SDR,Pipeline,False,False,,,54,,New Business,2021-08-02T00:00:00
1098,38,7,Elevate Corp - Platform Deal,Prospecting,82009,2020-08-17,2020-04-29,Outbound - SDR,Pipeline,False,False,Open Source Alternative,,45,Technical review,New Business,2020-04-29T00:00:00
1099,840,1,Nexus Inc - Initial License,Proposal,78607,2025-04-16,2024-09-08,Outbound - SDR,Best Case,False,False,CompetitorA,,21,Send proposal,New Business,2024-09-08T00:00:00
1100,681,14,Pacific Systems - New Business,Closed Lost,31053,2023-06-20,2023-01-18,Webinar,Omitted,False,True,Open Source Alternative,Price,39,,New Business,2023-01-18T00:00:00
1101,638,7,Synergy Networks - New Business,Discovery,156949,2025-05-25,2024-12-13,Outbound - AE,Pipeline,False,False,,,52,Executive alignment,New Business,2024-12-13T00:00:00
1102,909,2,Vanguard Dynamics - Initial License,Discovery,5602,2024-04-05,2023-09-27,Inbound - Content,Pipeline,False,False,CompetitorC,,4,Contract signing,New Business,2023-09-27T00:00:00
1103,238,6,Fusion Group - Renewal,Closed Lost,923976,2023-03-21,2022-12-08,Partner Referral,Omitted,False,True,CompetitorA,Budget Cut,50,,Renewal,2022-12-08T00:00:00
1104,597,12,Vanguard Labs - Initial License,Proposal,14729,2024-11-21,2024-06-20,Inbound - Content,Best Case,False,False,,,32,Reference call,New Business,2024-06-20T00:00:00
1105,849,13,Nexus Software - New Business,Closed Lost,25404,2024-03-16,2024-01-07,Outbound - SDR,Omitted,False,True,CompetitorA,Price,64,,New Business,2024-01-07T00:00:00
1106,397,10,Horizon Inc - Platform Deal,Discovery,41693,2023-03-10,2023-01-04,Outbound - AE,Pipeline,False,False,Open Source Alternative,,68,,New Business,2023-01-04T00:00:00
1107,629,3,Nova Solutions - New Business,Proposal,72182,2023-08-23,2023-06-01,Partner Referral,Best Case,False,False,,,41,Executive alignment,New Business,2023-06-01T00:00:00
1108,196,14,Pacific Enterprises - Platform Deal,Proposal,401042,2023-04-02,2022-08-01,Webinar,Best Case,False,False,,,15,,New Business,2022-08-01T00:00:00
1109,390,13,Pinnacle Solutions - Initial License,Prospecting,7898,2022-11-15,2022-08-09,Outbound - SDR,Pipeline,False,False,,,2,,New Business,2022-08-09T00:00:00
1110,938,5,Synergy Dynamics - Initial License,Prospecting,24093,2025-07-17,2024-12-18,Inbound - Web,Pipeline,False,False,,,22,Technical review,New Business,2024-12-18T00:00:00
1111,372,3,Pinnacle Group - Initial License,Closed Won,24000,2024-08-21,2024-07-14,Product-Led,Closed,True,True,CompetitorE,,6,,New Business,2024-07-14T00:00:00
1112,1000,15,Fusion Holdings - Platform Deal,Prospecting,26412,2022-12-21,2022-07-07,Inbound - Web,Pipeline,False,False,,,32,Send proposal,New Business,2022-07-07T00:00:00
1113,266,1,Summit Enterprises - Platform Deal,Closed Lost,141350,2024-12-31,2024-09-23,Event,Omitted,False,True,CompetitorC,Lost to Status Quo,26,,New Business,2024-09-23T00:00:00
1114,350,3,Atlas Group - Contract Renewal,Closed Lost,150076,2024-12-31,2024-10-13,Outbound - SDR,Omitted,False,True,,Feature Gap,33,,Renewal,2024-10-13T00:00:00
1115,273,15,Synergy Technologies - Platform Deal,Proposal,121550,2025-05-03,2024-11-28,Product-Led,Best Case,False,False,CompetitorE,,66,Send proposal,New Business,2024-11-28T00:00:00
1116,875,8,Apex Partners - Initial License,Closed Lost,184564,2024-09-16,2024-02-27,Inbound - Content,Omitted,False,True,,Budget Cut,41,,New Business,2024-02-27T00:00:00
1117,687,6,Nova Networks - New Business,Closed Lost,27527,2024-09-27,2024-05-15,Inbound - Content,Omitted,False,True,CompetitorD,Feature Gap,45,,New Business,2024-05-15T00:00:00
1118,199,11,Velocity Group - New Business,Qualification,495786,2022-04-01,2022-02-01,,Best Case,False,False,,,1,Send proposal,New Business,2022-02-01T00:00:00
1119,126,3,Nexus Networks - Platform Deal,Qualification,129361,2025-03-01,2024-08-22,Webinar,Best Case,False,False,,,31,POC setup,New Business,2024-08-22T00:00:00
1120,353,12,Zenith Corp - New Business,Negotiation,10873,2023-12-25,2023-09-01,Partner Referral,Commit,False,False,CompetitorB,,12,Send proposal,New Business,2023-09-01T00:00:00
1121,479,9,Global Analytics - Initial License,Discovery,40410,2024-05-18,2024-01-06,Inbound - Content,Pipeline,False,False,Open Source Alternative,,24,Legal review,New Business,2024-01-06T00:00:00
1122,183,5,Global Solutions - Platform Deal,Proposal,111968,2025-06-08,2024-12-09,Partner Referral,Best Case,False,False,CompetitorE,,48,,New Business,2024-12-09T00:00:00
1123,575,5,Acme Enterprises - New Business,Proposal,559083,2024-03-06,2023-12-01,Webinar,Best Case,False,False,,,4,Legal review,New Business,2023-12-01T00:00:00
1124,844,16,Summit Holdings - Initial License,Prospecting,17492,2025-01-06,2024-04-13,Outbound - AE,Pipeline,False,False,CompetitorE,,53,Contract signing,New Business,2024-04-13T00:00:00
1125,883,2,Synergy Services - New Business,Prospecting,139170,2024-09-13,2024-02-26,Event,Pipeline,False,False,,,33,Executive alignment,New Business,2024-02-26T00:00:00
1126,644,14,Vertex Software - Initial License,Prospecting,9211,2023-04-22,2022-09-29,Webinar,Pipeline,False,False,CompetitorC,,69,Reference call,New Business,2022-09-29T00:00:00
877,161,8,Acme Holdings - New Business,Prospecting,30612,2025-01-10,2024-05-18,Webinar,Pipeline,False,False,CompetitorC,,34,,New Business,2024-05-18T00:00:00
1128,762,8,Nexus Enterprises - New Business,Prospecting,51359,2025-03-21,2024-07-29,Product-Led,Pipeline,False,False,CompetitorA,,27,Contract signing,New Business,2024-07-29T00:00:00
1129,265,14,Pacific Solutions - Platform Deal,Discovery,25552,2025-08-06,2024-12-01,Inbound - Web,Pipeline,False,False,CompetitorD,,23,,New Business,2024-12-01T00:00:00
1130,291,10,Summit Enterprises - New Business,Discovery,45551,2024-06-07,2023-09-19,Event,Pipeline,False,False,Open Source Alternative,,31,Executive alignment,New Business,2023-09-19T00:00:00
1131,478,9,Elevate Corp - New Business,Closed Lost,69546,2021-11-10,2021-10-02,Webinar,Omitted,False,True,CompetitorB,Timing,35,,New Business,2021-10-02T00:00:00
1132,185,4,Synergy Software - Platform Deal,Qualification,93080,2025-01-06,2024-05-23,Partner Referral,Best Case,False,False,CompetitorE,,23,Schedule demo,New Business,2024-05-23T00:00:00
1133,696,8,Vanguard Enterprises - Platform Deal,Qualification,187587,2024-03-17,2023-12-09,Webinar,Best Case,False,False,,,42,POC setup,New Business,2023-12-09T00:00:00
1134,33,7,Horizon Holdings - Platform Deal,Negotiation,7645,2023-09-24,2023-04-06,Inbound - Web,Commit,False,False,CompetitorD,,53,Reference call,New Business,2023-04-06T00:00:00
1135,748,6,Summit Networks - New Business,Closed Lost,116366,2024-06-26,2024-04-24,Outbound - AE,Omitted,False,True,CompetitorB,Feature Gap,60,,New Business,2024-04-24T00:00:00
1136,989,12,Nexus Holdings - Platform Deal,Qualification,44314,2024-09-02,2024-03-06,,Best Case,False,False,CompetitorA,,5,POC setup,New Business,2024-03-06T00:00:00
1137,810,2,Fusion Partners - New Business,Proposal,,2025-03-22,2024-09-29,Outbound - SDR,Best Case,False,False,Open Source Alternative,,18,Schedule demo,New Business,2024-09-29T00:00:00
1138,974,1,Optima Group - Platform Deal,Closed Won,88608,2022-11-06,2022-07-19,Inbound - Web,Closed,True,True,,,8,,New Business,2022-07-19T00:00:00
1139,182,2,Catalyst Solutions - New Business,Prospecting,16183,2023-09-02,2023-06-06,Webinar,Pipeline,False,False,CompetitorA,,41,Send proposal,New Business,2023-06-06T00:00:00
81,152,9,Vertex Services - Platform Deal,Qualification,30638,2023-06-20,2023-02-08,,Best Case,False,False,CompetitorE,,42,Reference call,New Business,2023-02-08T00:00:00
1141,747,11,Elevate Partners - New Business,Qualification,22757,2025-08-07,2024-12-11,Partner Referral,Best Case,False,False,,,63,Send proposal,New Business,2024-12-11T00:00:00
1142,66,3,Velocity Software - New Business,Proposal,119336,2024-01-02,2023-10-13,Inbound - Content,Best Case,False,False,CompetitorD,,42,Reference call,New Business,2023-10-13T00:00:00
1143,260,12,Nova Services - New Business,Closed Won,18831,2023-03-01,2023-02-13,Partner Referral,Closed,True,True,,,44,,New Business,2023-02-13T00:00:00
1144,162,6,Pinnacle Services - Initial License,Closed Won,33150,2022-10-15,2022-08-17,Outbound - SDR,Closed,True,True,CompetitorA,,25,,New Business,2022-08-17T00:00:00
1145,454,11,Quantum Software - Initial License,Negotiation,41828,2023-02-18,2022-06-25,Product-Led,Commit,False,False,,,12,Schedule demo,New Business,2022-06-25T00:00:00
1146,670,2,Atlas Partners - New Business,Proposal,78960,2022-10-12,2022-08-11,Inbound - Web,Best Case,False,False,Open Source Alternative,,8,Contract signing,New Business,2022-08-11T00:00:00
1147,197,11,Fusion Labs - Platform Deal,Closed Won,225659,2024-12-03,2024-11-15,Inbound - Content,Closed,True,True,CompetitorB,,46,,New Business,2024-11-15T00:00:00
1148,823,2,Synergy Software - Platform Deal,Prospecting,140129,2023-12-10,2023-07-12,Inbound - Web,Pipeline,False,False,,,29,Reference call,New Business,2023-07-12T00:00:00
821,446,14,Summit Networks - Initial License,Proposal,10658,2022-11-06,2022-06-18,Outbound - AE,Best Case,False,False,,,61,,New Business,2022-06-18T00:00:00
1150,657,2,Vertex Systems - New Business,Negotiation,67579,2024-11-25,2024-03-17,Outbound - SDR,Commit,False,False,CompetitorD,,20,Contract signing,New Business,2024-03-17T00:00:00
1151,841,12,Acme Inc - Initial License,Prospecting,214442,2025-02-19,2024-08-14,Webinar,Pipeline,False,False,CompetitorE,,10,,New Business,2024-08-14T00:00:00
1152,914,12,Summit Systems - New Business,Prospecting,98360,2024-08-18,2024-04-04,Inbound - Content,Pipeline,False,False,Open Source Alternative,,36,Technical review,New Business,2024-04-04T00:00:00
1153,231,16,Global Corp - New Business,Proposal,983511,2025-04-30,2024-11-16,Inbound - Web,Best Case,False,False,CompetitorD,,46,Contract signing,New Business,2024-11-16T00:00:00
1154,9,12,Apex Networks - Platform Deal,Closed Lost,803757,2023-11-24,2023-11-03,Outbound - SDR,Omitted,False,True,,Timing,37,,New Business,2023-11-03T00:00:00
1155,223,6,Catalyst Software - New Business,Closed Lost,154435,2024-12-31,2024-12-09,Product-Led,Omitted,False,True,CompetitorB,Feature Gap,13,,New Business,2024-12-09T00:00:00
1156,818,16,Pacific Systems - Initial License,Discovery,34047,2024-07-01,2024-01-19,Outbound - AE,Pipeline,False,False,,,18,Legal review,New Business,2024-01-19T00:00:00
1157,747,11,Elevate Partners - Initial License,Prospecting,37808,2025-03-20,2024-09-18,Webinar,Pipeline,False,False,,,23,POC setup,New Business,2024-09-18T00:00:00
1158,651,10,Pacific Labs - Initial License,Proposal,25415,2021-12-17,2022-01-11,Webinar,Best Case,False,False,,,23,Legal review,New Business,2022-01-11T00:00:00
1159,601,11,Quantum Holdings - Platform Deal,Closed Lost,40214,2024-08-23,2024-02-05,Event,Omitted,False,True,CompetitorD,Competitor,39,,New Business,2024-02-05T00:00:00
1160,981,10,Global Inc - Platform Deal,Qualification,39021,2025-03-25,2024-09-05,,Best Case,False,False,Open Source Alternative,,58,Send proposal,New Business,2024-09-05T00:00:00
1161,468,3,Vertex Solutions - New Business,Closed Lost,944284,2023-12-28,2023-12-05,Outbound - AE,Omitted,False,True,CompetitorC,Price,9,,New Business,2023-12-05T00:00:00
1162,368,4,Zenith Dynamics - New Business,Qualification,150712,2024-11-11,2024-07-11,Partner Referral,Best Case,False,False,CompetitorE,,46,Schedule demo,New Business,2024-07-11T00:00:00
1163,496,11,Global Analytics - Platform Deal,Closed Lost,30858,2023-12-28,2023-10-04,Webinar,Omitted,False,True,CompetitorA,Budget Cut,45,,New Business,2023-10-04T00:00:00
1164,720,5,Vanguard Corp - Platform Deal,Proposal,167718,2023-11-18,2023-04-12,Partner Referral,Best Case,False,False,CompetitorC,,53,Send proposal,New Business,2023-04-12T00:00:00
1165,237,9,Elevate Corp - New Business,Discovery,,2024-06-02,2024-03-19,Inbound - Web,Pipeline,False,False,CompetitorD,,56,Schedule demo,New Business,2024-03-19T00:00:00
1166,765,7,Nova Software - Initial License,Qualification,11122,2025-02-22,2024-06-02,Event,Best Case,False,False,,,41,Technical review,New Business,2024-06-02T00:00:00
1167,478,10,Elevate Corp - New Business,Prospecting,84355,2021-11-13,2021-09-25,Inbound - Content,Pipeline,False,False,CompetitorE,,44,Technical review,New Business,2021-09-25T00:00:00
1168,354,11,Velocity Dynamics - Platform Deal,Closed Lost,11385,2024-12-31,2024-12-03,Event,Omitted,False,True,,Champion Left,31,,New Business,2024-12-03T00:00:00
1169,858,15,Quantum Technologies - Initial License,Closed Lost,109699,2024-12-31,2024-12-09,Outbound - AE,Omitted,False,True,CompetitorD,Price,57,,New Business,2024-12-09T00:00:00
1170,375,8,Pinnacle Labs - Platform Deal,Prospecting,180221,2023-12-30,2023-09-08,Outbound - AE,Pipeline,False,False,CompetitorE,,11,,New Business,2023-09-08T00:00:00
1171,265,14,Pacific Solutions - Platform Deal,Qualification,5317,2025-01-16,2024-10-10,Webinar,Best Case,False,False,,,13,Send proposal,New Business,2024-10-10T00:00:00
1172,372,3,Pinnacle Group - Platform Deal,Closed Lost,29748,2024-12-27,2024-11-23,Webinar,Omitted,False,True,CompetitorE,No Decision,44,,New Business,2024-11-23T00:00:00
1173,147,15,Vanguard Group - Platform Deal,Qualification,48026,2023-12-08,2023-08-26,,Best Case,False,False,,,57,,New Business,2023-08-26T00:00:00
1174,786,14,Quantum Solutions - New Business,Closed Lost,19007,2024-12-29,2024-09-11,Outbound - SDR,Omitted,False,True,,Lost to Status Quo,46,,New Business,2024-09-11T00:00:00
1175,90,16,Vertex Solutions - Initial License,Closed Lost,195241,2024-12-31,2024-11-15,Inbound - Content,Omitted,False,True,CompetitorD,Price,22,,New Business,2024-11-15T00:00:00
1176,486,13,Zenith Platforms - Contract Renewal,Qualification,192477,2023-03-03,2022-11-30,Outbound - AE,Best Case,False,False,CompetitorD,,5,Schedule demo,Renewal,2022-11-30T00:00:00
1177,68,1,Global Partners - Initial License,Proposal,806228,2020-10-24,2020-04-23,Product-Led,Best Case,False,False,CompetitorA,,14,Contract signing,New Business,2020-04-23T00:00:00
1178,84,10,Synergy Platforms - New Business,Closed Lost,49752,2022-12-30,2022-10-25,,Omitted,False,True,CompetitorA,Feature Gap,57,,New Business,2022-10-25T00:00:00
1179,271,10,Global Labs - Platform Deal,Closed Lost,11357,2024-07-06,2024-01-11,Outbound - SDR,Omitted,False,True,,Price,19,,New Business,2024-01-11T00:00:00
1180,341,14,Elevate Digital - Platform Deal,Proposal,156026,2025-05-14,2024-12-16,Webinar,Best Case,False,False,CompetitorD,,5,Schedule demo,New Business,2024-12-16T00:00:00
1181,640,5,Pinnacle Technologies - Platform Deal,Proposal,56692,2024-02-24,2023-09-14,Outbound - AE,Best Case,False,False,CompetitorC,,59,Legal review,New Business,2023-09-14T00:00:00
1182,134,1,Nexus Dynamics - Initial License,Qualification,34159,2022-07-21,2021-12-17,Outbound - AE,Best Case,False,False,Open Source Alternative,,14,Executive alignment,New Business,2021-12-17T00:00:00
1183,607,2,Horizon Labs - Initial License,Closed Lost,60593,2024-12-31,2024-12-27,Event,Omitted,False,True,,Feature Gap,30,,New Business,2024-12-27T00:00:00
1184,746,10,Atlas Services - New Business,Discovery,158586,2024-11-22,2024-12-06,Outbound - SDR,Pipeline,False,False,,,15,Send proposal,New Business,2024-12-06T00:00:00
1185,899,3,Nova Platforms - Platform Deal,Discovery,30300,2024-01-20,2023-11-11,Partner Referral,Pipeline,False,False,CompetitorC,,4,Executive alignment,New Business,2023-11-11T00:00:00
1186,198,10,Catalyst Inc - Platform Deal,Closed Lost,146986,2024-12-31,2024-12-18,Event,Omitted,False,True,CompetitorA,Budget Cut,6,,New Business,2024-12-18T00:00:00
1187,389,14,Horizon Technologies - New Business,Proposal,198484,2024-09-11,2024-04-25,,Best Case,False,False,CompetitorD,,21,POC setup,New Business,2024-04-25T00:00:00
1188,914,14,Summit Systems - Platform Deal,Closed Won,198140,2023-03-11,2022-12-23,Outbound - SDR,Closed,True,True,,,5,,New Business,2022-12-23T00:00:00
1189,507,11,Elevate Networks - Platform Deal,Qualification,46077,2024-12-29,2024-06-18,Product-Led,Best Case,False,False,,,50,POC setup,New Business,2024-06-18T00:00:00
1190,963,15,Velocity Digital - Platform Deal,Qualification,35198,2024-06-17,2023-11-15,Event,Best Case,False,False,Open Source Alternative,,41,Contract signing,New Business,2023-11-15T00:00:00
1191,602,5,Zenith Partners - Initial License,Prospecting,15620,2025-02-10,2024-09-23,Event,Pipeline,False,False,CompetitorD,,32,Contract signing,New Business,2024-09-23T00:00:00
1192,713,3,Horizon Holdings - Initial License,Qualification,13023,2023-09-15,2023-02-03,Webinar,Best Case,False,False,CompetitorA,,42,Reference call,New Business,2023-02-03T00:00:00
1193,733,9,Synergy Group - Initial License,Negotiation,13284,2024-04-17,2023-10-31,Outbound - SDR,Commit,False,False,,,20,Technical review,New Business,2023-10-31T00:00:00
1194,773,9,Pinnacle Digital - New Business,Prospecting,24350,2025-06-18,2024-12-08,Product-Led,Pipeline,False,False,,,20,Legal review,New Business,2024-12-08T00:00:00
1195,235,3,Synergy Networks - Platform Deal,Closed Won,66815,2024-06-21,2024-04-26,,Closed,True,True,CompetitorD,,20,,New Business,2024-04-26T00:00:00
1196,977,10,Apex Enterprises - Expansion,Closed Lost,3159,2024-06-21,2024-02-03,Outbound - AE,Omitted,False,True,CompetitorB,No Decision,38,,Expansion,2024-02-03T00:00:00
1197,292,14,Velocity Analytics - New Business,Closed Lost,126556,2024-11-07,2024-08-08,Event,Omitted,False,True,Open Source Alternative,Price,58,,New Business,2024-08-08T00:00:00
1198,28,3,Zenith Technologies - New Business,Closed Lost,5239,2020-05-12,2020-03-07,Inbound - Web,Omitted,False,True,CompetitorA,Timing,6,,New Business,2020-03-07T00:00:00
1199,168,14,Catalyst Platforms - New Business,Qualification,35054,2023-11-30,2023-08-14,Event,Best Case,False,False,CompetitorE,,12,Technical review,New Business,2023-08-14T00:00:00
1200,380,2,Pinnacle Labs - Platform Deal,Prospecting,178796,2022-10-20,2022-05-09,Outbound - AE,Pipeline,False,False,CompetitorE,,41,Schedule demo,New Business,2022-05-09T00:00:00
1201,776,10,Apex Labs - New Business,Discovery,43450,2024-01-17,2023-11-21,Partner Referral,Pipeline,False,False,,,46,Technical review,New Business,2023-11-21T00:00:00
1202,349,5,Pacific Group - Platform Deal,Discovery,23995,2025-08-29,2024-12-04,Inbound - Web,Pipeline,False,False,CompetitorA,,40,,New Business,2024-12-04T00:00:00
1203,309,3,Quantum Inc - Platform Deal,Qualification,33735,2024-05-20,2024-02-29,Partner Referral,Best Case,False,False,,,1,Send proposal,New Business,2024-02-29T00:00:00
1204,137,5,Catalyst Holdings - New Business,Prospecting,20054,2023-02-23,2023-01-13,Product-Led,Pipeline,False,False,,,38,Schedule demo,New Business,2023-01-13T00:00:00
1205,839,13,Quantum Solutions - Initial License,Prospecting,5884,2025-04-18,2024-08-13,Inbound - Web,Pipeline,False,False,CompetitorE,,21,Technical review,New Business,2024-08-13T00:00:00
1206,356,1,Nova Software - New Business,Qualification,86031,2021-05-06,2020-08-10,Product-Led,Best Case,False,False,Open Source Alternative,,41,Technical review,New Business,2020-08-10T00:00:00
1207,265,14,Pacific Solutions - Initial License,Prospecting,41825,2025-06-04,2024-12-17,Inbound - Content,Pipeline,False,False,,,36,,New Business,2024-12-17T00:00:00
1208,943,6,Catalyst Platforms - New Business,Qualification,388162,2023-02-07,2022-10-02,Inbound - Content,Best Case,False,False,Open Source Alternative,,45,Legal review,New Business,2022-10-02T00:00:00
265,626,14,Fusion Corp - Platform Deal,Proposal,23576,2024-04-27,2024-01-10,,Best Case,False,False,CompetitorA,,56,Legal review,New Business,2024-01-10T00:00:00
1210,105,6,Fusion Partners - Initial License,Prospecting,41299,2025-03-23,2024-09-11,Outbound - AE,Pipeline,False,False,CompetitorC,,5,Contract signing,New Business,2024-09-11T00:00:00
1211,43,2,Velocity Corp - Platform Deal,Prospecting,29739,2023-06-09,2023-01-10,Outbound - AE,Pipeline,False,False,CompetitorE,,1,Send proposal,New Business,2023-01-10T00:00:00
1212,823,2,Synergy Software - Initial License,Qualification,121329,2023-09-30,2023-06-08,Outbound - SDR,Best Case,False,False,,,24,Technical review,New Business,2023-06-08T00:00:00
1213,908,2,Horizon Networks - New Business,Closed Lost,9675,2024-08-06,2024-06-08,Inbound - Content,Omitted,False,True,CompetitorE,Competitor,19,,New Business,2024-06-08T00:00:00
1214,809,3,Nexus Networks - Platform Deal,Qualification,27767,2021-11-30,2021-05-28,Partner Referral,Best Case,False,False,,,28,Technical review,New Business,2021-05-28T00:00:00
1215,110,6,Catalyst Dynamics - Initial License,Proposal,43616,2024-09-16,2024-01-28,Event,Best Case,False,False,,,59,Send proposal,New Business,2024-01-28T00:00:00
1216,935,3,Summit Inc - Platform Deal,Discovery,212101,2024-10-12,2024-07-25,Outbound - SDR,Pipeline,False,False,Open Source Alternative,,31,Technical review,New Business,2024-07-25T00:00:00
1217,637,7,Elevate Holdings - New Business,Proposal,41728,2023-10-30,2023-05-08,Partner Referral,Best Case,False,False,,,3,Schedule demo,New Business,2023-05-08T00:00:00
1218,980,13,Vanguard Services - Contract Renewal,Discovery,30622,2024-11-20,2024-10-07,Partner Referral,Pipeline,False,False,,,14,,Renewal,2024-10-07T00:00:00
1219,347,3,Optima Group - Platform Deal,Proposal,42552,2025-02-02,2024-10-12,Product-Led,Best Case,False,False,CompetitorD,,27,Technical review,New Business,2024-10-12T00:00:00
1220,135,8,Horizon Analytics - New Business,Closed Lost,25986,2024-06-16,2024-04-01,Webinar,Omitted,False,True,CompetitorB,No Decision,46,,New Business,2024-04-01T00:00:00
1221,677,3,Quantum Dynamics - Platform Deal,Qualification,88943,2023-12-30,2023-11-08,Webinar,Best Case,False,False,,,35,Contract signing,New Business,2023-11-08T00:00:00
1222,793,9,Optima Analytics - Platform Deal,Qualification,49907,2024-01-27,2023-05-13,Event,Best Case,False,False,CompetitorE,,69,Send proposal,New Business,2023-05-13T00:00:00
1223,717,11,Vanguard Partners - New Business,Discovery,22326,2024-10-18,2024-09-17,Event,Pipeline,False,False,,,1,Technical review,New Business,2024-09-17T00:00:00
1224,832,7,Fusion Enterprises - Platform Deal,Discovery,487190,2025-01-12,2024-09-17,Outbound - SDR,Pipeline,False,False,CompetitorC,,5,Executive alignment,New Business,2024-09-17T00:00:00
1225,914,6,Summit Systems - Contract Renewal,Closed Won,77078,2024-02-22,2023-10-05,Outbound - SDR,Closed,True,True,CompetitorC,,48,,Renewal,2023-10-05T00:00:00
1226,426,6,Nexus Group - New Business,Qualification,107493,2022-12-10,2022-09-29,Outbound - AE,Best Case,False,False,,,58,Legal review,New Business,2022-09-29T00:00:00
1227,99,8,Fusion Digital - Initial License,Prospecting,164655,2025-03-18,2024-09-30,Inbound - Web,Pipeline,False,False,CompetitorB,,4,Send proposal,New Business,2024-09-30T00:00:00
1228,450,7,Summit Digital - Initial License,Closed Lost,15357,2024-11-17,2024-06-29,Outbound - SDR,Omitted,False,True,CompetitorD,Feature Gap,48,,New Business,2024-06-29T00:00:00
1229,600,1,Nexus Labs - Initial License,Negotiation,191977,2022-12-09,2022-10-24,Outbound - SDR,Commit,False,False,CompetitorD,,25,Reference call,New Business,2022-10-24T00:00:00
1230,167,4,Optima Platforms - Platform Deal,Closed Won,13845,2024-12-31,2024-12-30,Event,Closed,True,True,,,60,,New Business,2024-12-30T00:00:00
1231,998,9,Synergy Solutions - New Business,Prospecting,165875,2022-02-16,2021-10-20,,Pipeline,False,False,,,56,Schedule demo,New Business,2021-10-20T00:00:00
1232,261,2,Summit Partners - Initial License,Closed Lost,34380,2024-09-26,2024-07-27,Partner Referral,Omitted,False,True,Open Source Alternative,No Decision,40,,New Business,2024-07-27T00:00:00
1233,900,7,Summit Solutions - New Business,Proposal,8170,2024-08-12,2024-06-09,Outbound - SDR,Best Case,False,False,CompetitorB,,16,Reference call,New Business,2024-06-09T00:00:00
1234,94,11,Pacific Dynamics - Platform Deal,Prospecting,102512,2025-02-26,2024-12-20,Event,Pipeline,False,False,CompetitorA,,50,,New Business,2024-12-20T00:00:00
1235,272,1,Catalyst Software - New Business,Qualification,36155,2024-05-28,2024-02-19,Inbound - Web,Best Case,False,False,CompetitorD,,16,Executive alignment,New Business,2024-02-19T00:00:00
1236,670,2,Atlas Partners - New Business,Prospecting,230774,2022-08-10,2022-06-20,Inbound - Content,Pipeline,False,False,,,31,Contract signing,New Business,2022-06-20T00:00:00
1237,534,7,Horizon Labs - Platform Deal,Closed Lost,28450,2024-08-11,2024-02-29,Outbound - AE,Omitted,False,True,Open Source Alternative,Competitor,38,,New Business,2024-02-29T00:00:00
1238,995,7,Vanguard Labs - Initial License,Discovery,47423,2024-07-14,2023-12-30,Outbound - AE,Pipeline,False,False,CompetitorE,,57,Schedule demo,New Business,2023-12-30T00:00:00
1239,554,15,Pacific Group - Platform Deal,Qualification,25111,2024-09-10,2024-07-27,Product-Led,Best Case,False,False,CompetitorC,,47,,New Business,2024-07-27T00:00:00
1240,490,7,Elevate Networks - Platform Deal,Closed Lost,38659,2023-12-22,2023-08-16,Webinar,Omitted,False,True,CompetitorB,Competitor,12,,New Business,2023-08-16T00:00:00
1241,392,14,Fusion Digital - Initial License,Discovery,765264,2022-02-23,2022-01-01,Inbound - Content,Pipeline,False,False,,,5,,New Business,2022-01-01T00:00:00
1242,97,15,Nova Labs - Platform Deal,Prospecting,46970,2024-10-20,2024-06-29,Webinar,Pipeline,False,False,,,64,Executive alignment,New Business,2024-06-29T00:00:00
1243,933,6,Pacific Inc - Initial License,Prospecting,825128,2024-04-08,2023-11-04,Inbound - Web,Pipeline,False,False,CompetitorA,,4,Legal review,New Business,2023-11-04T00:00:00
1244,459,5,Velocity Dynamics - New Business,Proposal,19889,2022-09-30,2022-04-14,Partner Referral,Best Case,False,False,CompetitorE,,26,Send proposal,New Business,2022-04-14T00:00:00
1245,228,12,Summit Services - Initial License,Prospecting,29901,2023-09-28,2023-01-26,Webinar,Pipeline,False,False,CompetitorE,,25,Technical review,New Business,2023-01-26T00:00:00
1246,740,3,Quantum Networks - Initial License,Closed Won,102110,2023-04-21,2023-01-18,Outbound - AE,Closed,True,True,CompetitorA,,32,,New Business,2023-01-18T00:00:00
1247,572,7,Synergy Digital - New Business,Negotiation,209768,2023-10-13,2023-02-03,Product-Led,Commit,False,False,,,14,Legal review,New Business,2023-02-03T00:00:00
1248,500,15,Vanguard Platforms - Initial License,Discovery,148847,2025-05-15,2024-12-03,Partner Referral,Pipeline,False,False,Open Source Alternative,,6,POC setup,New Business,2024-12-03T00:00:00
1249,406,10,Global Digital - Expansion,Proposal,11369,2023-06-22,2022-11-27,Product-Led,Best Case,False,False,CompetitorC,,13,Send proposal,Expansion,2022-11-27T00:00:00
1250,289,14,Nova Dynamics - New Business,Closed Lost,103261,2024-01-19,2023-12-12,Webinar,Omitted,False,True,Open Source Alternative,Budget Cut,38,,New Business,2023-12-12T00:00:00
1251,215,15,Acme Solutions - New Business,Proposal,106040,2024-09-18,2024-07-12,Product-Led,Best Case,False,False,CompetitorC,,23,Legal review,New Business,2024-07-12T00:00:00
1252,593,13,Global Labs - Platform Deal,Prospecting,22580,2023-04-11,2022-10-13,Event,Pipeline,False,False,CompetitorE,,34,Technical review,New Business,2022-10-13T00:00:00
1253,482,8,Pacific Analytics - New Business,Negotiation,30483,2024-06-13,2023-12-06,Webinar,Commit,False,False,CompetitorE,,34,POC setup,New Business,2023-12-06T00:00:00
1254,650,9,Pinnacle Inc - Platform Deal,Discovery,203795,2025-01-17,2024-11-11,Partner Referral,Pipeline,False,False,,,47,Legal review,New Business,2024-11-11T00:00:00
1255,833,7,Velocity Digital - New Business,Qualification,49679,2024-11-19,2024-07-25,,Best Case,False,False,CompetitorE,,15,Send proposal,New Business,2024-07-25T00:00:00
1256,670,8,Atlas Partners - New Business,Closed Lost,123702,2024-09-29,2024-09-08,Webinar,Omitted,False,True,CompetitorC,Timing,9,,New Business,2024-09-08T00:00:00
1257,291,10,Summit Enterprises - New Business,Proposal,46031,2023-11-02,2023-03-25,Partner Referral,Best Case,False,False,CompetitorB,,19,Send proposal,New Business,2023-03-25T00:00:00
1258,107,7,Acme Platforms - Initial License,Closed Lost,18451,2023-08-06,2023-06-22,Outbound - AE,Omitted,False,True,CompetitorC,Price,37,,New Business,2023-06-22T00:00:00
1259,558,9,Apex Enterprises - Platform Deal,Qualification,724573,2023-10-20,2023-08-03,Inbound - Content,Best Case,False,False,,,58,Executive alignment,New Business,2023-08-03T00:00:00
1260,288,9,Quantum Enterprises - Initial License,Closed Lost,16317,2024-08-15,2024-04-12,Event,Omitted,False,True,CompetitorC,No Decision,9,,New Business,2024-04-12T00:00:00
1261,785,9,Elevate Digital - Initial License,Negotiation,59764,2022-05-24,2021-09-03,Inbound - Content,Commit,False,False,,,40,Legal review,New Business,2021-09-03T00:00:00
1262,344,10,Optima Corp - Initial License,Closed Lost,17857,2022-09-19,2022-08-08,Product-Led,Omitted,False,True,CompetitorE,No Decision,22,,New Business,2022-08-08T00:00:00
1263,342,4,Optima Group - Initial License,Prospecting,,2023-03-24,2022-08-30,Inbound - Content,Pipeline,False,False,,,15,Send proposal,New Business,2022-08-30T00:00:00
1264,826,16,Synergy Holdings - Initial License,Proposal,10626,2025-08-07,2024-12-14,Product-Led,Best Case,False,False,Open Source Alternative,,26,Reference call,New Business,2024-12-14T00:00:00
1265,484,11,Acme Technologies - Initial License,Proposal,87289,2021-12-01,2021-10-31,Webinar,Best Case,False,False,CompetitorC,,61,Send proposal,New Business,2021-10-31T00:00:00
1266,196,14,Pacific Enterprises - New Business,Closed Lost,805784,2022-09-27,2022-10-21,Inbound - Web,Omitted,False,True,,Champion Left,9,,New Business,2022-10-21T00:00:00
1267,824,13,Atlas Solutions - Initial License,Qualification,81070,2025-06-26,2024-11-07,Inbound - Web,Best Case,False,False,Open Source Alternative,,59,Executive alignment,New Business,2024-11-07T00:00:00
1268,648,3,Velocity Corp - Initial License,Closed Lost,102733,2022-12-26,2022-09-10,Partner Referral,Omitted,False,True,Open Source Alternative,Lost to Status Quo,45,,New Business,2022-09-10T00:00:00
1269,235,3,Synergy Networks - Contract Renewal,Proposal,122367,2024-05-26,2024-02-23,Inbound - Web,Best Case,False,False,CompetitorA,,8,Contract signing,Renewal,2024-02-23T00:00:00
1270,482,10,Pacific Analytics - Platform Deal,Qualification,108575,2024-05-23,2024-01-02,Event,Best Case,False,False,CompetitorD,,34,Reference call,New Business,2024-01-02T00:00:00
1271,59,3,Horizon Labs - Platform Deal,Prospecting,93870,2024-11-29,2024-08-22,Inbound - Web,Pipeline,False,False,CompetitorC,,20,Technical review,New Business,2024-08-22T00:00:00
1272,214,14,Pacific Partners - Initial License,Discovery,42273,2022-10-09,2022-04-15,Webinar,Pipeline,False,False,,,47,Legal review,New Business,2022-04-15T00:00:00
1273,762,7,Nexus Enterprises - Initial License,Qualification,15428,2022-02-20,2021-12-08,Partner Referral,Best Case,False,False,CompetitorE,,30,Schedule demo,New Business,2021-12-08T00:00:00
1274,783,15,Acme Group - Initial License,Proposal,20255,2025-07-18,2024-11-10,Outbound - AE,Best Case,False,False,,,62,Legal review,New Business,2024-11-10T00:00:00
1275,42,5,Fusion Solutions - Initial License,Prospecting,71643,2025-02-05,2024-09-06,Event,Pipeline,False,False,CompetitorD,,29,Legal review,New Business,2024-09-06T00:00:00
1276,100,15,Apex Corp - New Business,Closed Lost,52929,2024-12-31,2024-12-05,Partner Referral,Omitted,False,True,CompetitorA,Price,23,,New Business,2024-12-05T00:00:00
1277,239,11,Catalyst Analytics - Platform Deal,Prospecting,85663,2024-09-02,2024-07-28,Outbound - AE,Pipeline,False,False,,,29,Contract signing,New Business,2024-07-28T00:00:00
1278,76,2,Optima Solutions - Initial License,Discovery,32900,2025-03-07,2024-12-03,Inbound - Web,Pipeline,False,False,,,8,Schedule demo,New Business,2024-12-03T00:00:00
1279,276,2,Nova Partners - Initial License,Negotiation,135099,2025-07-04,2024-12-24,Outbound - SDR,Commit,False,False,,,23,POC setup,New Business,2024-12-24T00:00:00
1280,721,7,Zenith Inc - Platform Deal,Closed Lost,34369,2021-03-22,2020-08-20,Webinar,Omitted,False,True,CompetitorB,Competitor,49,,New Business,2020-08-20T00:00:00
1281,941,12,Apex Networks - New Business,Discovery,29171,2025-02-13,2024-07-15,Partner Referral,Pipeline,False,False,,,16,Executive alignment,New Business,2024-07-15T00:00:00
1282,317,2,Vertex Systems - Initial License,Qualification,5112,2021-11-05,2021-09-10,Inbound - Content,Best Case,False,False,,,15,Reference call,New Business,2021-09-10T00:00:00
1283,459,9,Velocity Dynamics - New Business,Prospecting,53312,2024-04-01,2023-10-03,Outbound - SDR,Pipeline,False,False,Open Source Alternative,,28,Schedule demo,New Business,2023-10-03T00:00:00
1217,711,12,Summit Partners - New Business,Discovery,26565,2024-07-15,2024-02-05,Partner Referral,Pipeline,False,False,Open Source Alternative,,31,Schedule demo,New Business,2024-02-05T00:00:00
1285,948,16,Global Platforms - Platform Deal,Negotiation,119790,2024-09-15,2024-08-09,Partner Referral,Commit,False,False,Open Source Alternative,,5,POC setup,New Business,2024-08-09T00:00:00
1286,37,9,Elevate Labs - Initial License,Qualification,66451,2024-05-28,2024-01-19,Product-Led,Best Case,False,False,CompetitorD,,35,,New Business,2024-01-19T00:00:00
1287,626,14,Fusion Corp - New Business,Closed Lost,,2024-07-23,2024-01-31,Inbound - Web,Omitted,False,True,,Timing,61,,New Business,2024-01-31T00:00:00
1288,95,7,Vertex Networks - Initial License,Closed Lost,15288,2024-12-31,2024-11-10,Outbound - SDR,Omitted,False,True,CompetitorA,Timing,39,,New Business,2024-11-10T00:00:00
1289,605,6,Horizon Inc - Contract Renewal,Qualification,26069,2024-09-24,2024-05-17,,Best Case,False,False,CompetitorE,,54,Contract signing,Renewal,2024-05-17T00:00:00
1290,57,13,Nexus Corp - New Business,Discovery,16030,2025-06-03,2024-09-16,Outbound - AE,Pipeline,False,False,,,49,,New Business,2024-09-16T00:00:00
1291,501,6,Vertex Networks - Initial License,Qualification,34110,2024-06-20,2023-10-01,Inbound - Content,Best Case,False,False,Open Source Alternative,,55,Send proposal,New Business,2023-10-01T00:00:00
1292,86,6,Quantum Labs - Platform Deal,Qualification,22697,2024-04-08,2023-10-18,Event,Best Case,False,False,,,35,,New Business,2023-10-18T00:00:00
1293,757,7,Acme Analytics - Initial License,Closed Won,31192,2024-12-31,2024-11-01,Inbound - Web,Closed,True,True,CompetitorB,,57,,New Business,2024-11-01T00:00:00
1294,620,4,Horizon Labs - New Business,Prospecting,20838,2023-07-24,2022-11-28,Outbound - AE,Pipeline,False,False,,,28,,New Business,2022-11-28T00:00:00
1295,402,15,Global Holdings - New Business,Qualification,26045,2025-03-28,2024-10-28,Inbound - Content,Best Case,False,False,CompetitorB,,61,Executive alignment,New Business,2024-10-28T00:00:00
1296,748,14,Summit Networks - Initial License,Qualification,190733,2023-10-11,2023-07-07,Inbound - Content,Best Case,False,False,CompetitorD,,17,Executive alignment,New Business,2023-07-07T00:00:00
1297,917,10,Acme Group - Upsell,Prospecting,16444,2024-11-02,2024-12-02,Partner Referral,Pipeline,False,False,CompetitorD,,27,Reference call,Expansion,2024-12-02T00:00:00
1298,486,2,Zenith Platforms - Initial License,Closed Lost,427451,2023-02-28,2023-02-15,Partner Referral,Omitted,False,True,Open Source Alternative,No Decision,10,,New Business,2023-02-15T00:00:00
1299,972,6,Vertex Holdings - New Business,Discovery,191184,2022-08-25,2022-05-08,Outbound - AE,Pipeline,False,False,CompetitorC,,48,Technical review,New Business,2022-05-08T00:00:00
61,85,8,Acme Systems - Initial License,Closed Lost,133230,2023-01-31,2023-02-07,Webinar,Omitted,False,True,CompetitorB,Feature Gap,41,,New Business,2023-02-07T00:00:00
1301,682,12,Pacific Solutions - Initial License,Prospecting,11015,2024-11-12,2024-08-06,Inbound - Content,Pipeline,False,False,Open Source Alternative,,41,Send proposal,New Business,2024-08-06T00:00:00
1302,138,4,Elevate Platforms - Initial License,Proposal,6573,2025-04-16,2024-12-30,Webinar,Best Case,False,False,,,30,Executive alignment,New Business,2024-12-30T00:00:00
1303,260,4,Nova Services - Upsell,Closed Lost,10627,2023-03-28,2023-02-05,Inbound - Web,Omitted,False,True,CompetitorA,Competitor,11,,Expansion,2023-02-05T00:00:00
1304,921,6,Pacific Holdings - Initial License,Prospecting,47732,2024-07-20,2024-05-09,Outbound - SDR,Pipeline,False,False,CompetitorD,,29,Executive alignment,New Business,2024-05-09T00:00:00
1305,906,3,Optima Analytics - Initial License,Closed Lost,66266,2024-12-31,2024-12-28,Inbound - Content,Omitted,False,True,CompetitorE,No Decision,12,,New Business,2024-12-28T00:00:00
1306,643,6,Catalyst Networks - Platform Deal,Qualification,473598,2023-06-25,2023-03-07,Webinar,Best Case,False,False,Open Source Alternative,,49,Contract signing,New Business,2023-03-07T00:00:00
1307,984,14,Horizon Services - New Business,Qualification,125168,2025-01-26,2024-09-18,Inbound - Web,Best Case,False,False,CompetitorE,,9,,New Business,2024-09-18T00:00:00
1308,394,8,Optima Enterprises - Platform Deal,Discovery,66174,2022-01-08,2021-06-08,Event,Pipeline,False,False,CompetitorD,,50,Reference call,New Business,2021-06-08T00:00:00
1309,23,6,Pacific Software - Platform Deal,Closed Won,46199,2021-06-25,2021-03-14,Partner Referral,Closed,True,True,Open Source Alternative,,24,,New Business,2021-03-14T00:00:00
1310,212,16,Nexus Partners - Initial License,Closed Lost,28276,2024-07-23,2024-06-20,,Omitted,False,True,CompetitorA,Feature Gap,8,,New Business,2024-06-20T00:00:00
1311,371,8,Fusion Systems - Platform Deal,Prospecting,55556,2022-03-17,2021-07-31,Outbound - AE,Pipeline,False,False,,,8,Technical review,New Business,2021-07-31T00:00:00
1312,866,7,Optima Enterprises - Initial License,Negotiation,240504,2023-11-27,2023-03-15,Partner Referral,Commit,False,False,CompetitorE,,29,Send proposal,New Business,2023-03-15T00:00:00
1313,446,11,Summit Networks - Platform Deal,Prospecting,22074,2022-08-25,2022-01-04,Event,Pipeline,False,False,CompetitorC,,3,Legal review,New Business,2022-01-04T00:00:00
1314,569,6,Pinnacle Group - New Business,Discovery,33918,2024-11-06,2024-09-04,Inbound - Content,Pipeline,False,False,,,46,POC setup,New Business,2024-09-04T00:00:00
1315,638,10,Synergy Networks - New Business,Closed Lost,195955,2024-12-21,2024-09-10,Outbound - AE,Omitted,False,True,CompetitorC,Champion Left,44,,New Business,2024-09-10T00:00:00
1316,525,13,Catalyst Holdings - New Business,Prospecting,115737,2024-06-28,2024-01-23,Inbound - Content,Pipeline,False,False,CompetitorE,,33,Legal review,New Business,2024-01-23T00:00:00
1317,395,5,Nexus Networks - New Business,Prospecting,,2024-07-27,2024-01-03,Webinar,Pipeline,False,False,,,20,Legal review,New Business,2024-01-03T00:00:00
1318,410,8,Summit Analytics - Platform Deal,Prospecting,28840,2024-10-06,2024-03-25,Inbound - Content,Pipeline,False,False,CompetitorB,,26,Technical review,New Business,2024-03-25T00:00:00
1319,970,2,Quantum Networks - Platform Deal,Closed Won,33861,2024-12-10,2024-09-13,Inbound - Content,Closed,True,True,CompetitorC,,11,,New Business,2024-09-13T00:00:00
1320,216,2,Acme Enterprises - Initial License,Qualification,14822,2023-08-18,2023-08-22,Webinar,Best Case,False,False,CompetitorB,,14,Contract signing,New Business,2023-08-22T00:00:00
1321,55,7,Vertex Group - Initial License,Discovery,21461,2022-05-05,2021-11-16,Outbound - AE,Pipeline,False,False,CompetitorD,,24,Schedule demo,New Business,2021-11-16T00:00:00
1322,937,8,Zenith Inc - New Business,Proposal,,2024-11-09,2024-10-07,Partner Referral,Best Case,False,False,CompetitorA,,16,,New Business,2024-10-07T00:00:00
1323,440,1,Acme Systems - Initial License,Proposal,367984,2025-06-28,2024-12-24,Partner Referral,Best Case,False,False,CompetitorA,,43,Technical review,New Business,2024-12-24T00:00:00
1324,938,15,Synergy Dynamics - New Business,Qualification,38564,2025-06-07,2024-12-09,Inbound - Content,Best Case,False,False,CompetitorD,,49,POC setup,New Business,2024-12-09T00:00:00
1325,11,15,Velocity Partners - Renewal,Closed Lost,711060,2024-08-26,2024-04-04,Outbound - AE,Omitted,False,True,CompetitorD,Lost to Status Quo,48,,Renewal,2024-04-04T00:00:00
1326,557,14,Vertex Technologies - New Business,Qualification,904472,2023-08-18,2023-06-27,Product-Led,Best Case,False,False,CompetitorC,,27,Schedule demo,New Business,2023-06-27T00:00:00
1327,704,10,Quantum Partners - Platform Deal,Discovery,180789,2023-01-09,2022-05-14,,Pipeline,False,False,,,40,Schedule demo,New Business,2022-05-14T00:00:00
1328,887,7,Fusion Software - New Business,Discovery,21310,2023-04-10,2023-02-28,Event,Pipeline,False,False,CompetitorD,,38,Schedule demo,New Business,2023-02-28T00:00:00
1329,777,7,Horizon Digital - New Business,Proposal,44879,2024-05-07,2023-09-03,Inbound - Web,Best Case,False,False,,,9,Contract signing,New Business,2023-09-03T00:00:00
1330,882,9,Apex Group - Initial License,Proposal,172443,2025-01-20,2024-06-29,Partner Referral,Best Case,False,False,CompetitorE,,50,Reference call,New Business,2024-06-29T00:00:00
1331,211,2,Quantum Networks - Platform Deal,Closed Lost,23854,2024-12-02,2024-09-16,Inbound - Content,Omitted,False,True,CompetitorA,No Decision,17,,New Business,2024-09-16T00:00:00
1332,118,15,Global Systems - Initial License,Qualification,121165,2025-03-30,2024-07-16,Inbound - Content,Best Case,False,False,,,44,Legal review,New Business,2024-07-16T00:00:00
1333,702,16,Pacific Systems - Platform Deal,Proposal,18627,2025-08-18,2024-12-31,Partner Referral,Best Case,False,False,,,24,Send proposal,New Business,2024-12-31T00:00:00
1334,115,4,Pacific Inc - Initial License,Closed Lost,41965,2023-12-27,2023-08-25,Product-Led,Omitted,False,True,,Lost to Status Quo,22,,New Business,2023-08-25T00:00:00
1335,178,15,Nova Dynamics - Initial License,Qualification,48438,2025-04-02,2024-11-21,Event,Best Case,False,False,Open Source Alternative,,42,Technical review,New Business,2024-11-21T00:00:00
1336,143,3,Horizon Dynamics - Initial License,Negotiation,803769,2024-10-21,2024-06-02,Inbound - Content,Commit,False,False,CompetitorE,,17,Reference call,New Business,2024-06-02T00:00:00
1337,646,11,Summit Software - Platform Deal,Qualification,24041,2024-10-30,2024-08-07,Inbound - Web,Best Case,False,False,Open Source Alternative,,8,Reference call,New Business,2024-08-07T00:00:00
1338,269,3,Optima Digital - Platform Deal,Closed Won,11880,2024-12-31,2024-12-19,Event,Closed,True,True,CompetitorD,,14,,New Business,2024-12-19T00:00:00
1339,989,12,Nexus Holdings - Initial License,Closed Won,24039,2024-06-19,2023-12-21,Event,Closed,True,True,CompetitorE,,6,,New Business,2023-12-21T00:00:00
1340,980,13,Vanguard Services - Platform Deal,Prospecting,35755,2025-04-13,2024-11-10,Inbound - Web,Pipeline,False,False,,,53,Technical review,New Business,2024-11-10T00:00:00
1341,272,1,Catalyst Software - Initial License,Discovery,11025,2023-01-27,2022-09-10,Inbound - Content,Pipeline,False,False,,,16,Reference call,New Business,2022-09-10T00:00:00
1342,28,11,Zenith Technologies - New Business,Discovery,48379,2020-08-29,2020-07-06,,Pipeline,False,False,CompetitorA,,55,Schedule demo,New Business,2020-07-06T00:00:00
1343,215,14,Acme Solutions - Platform Deal,Prospecting,59861,2024-03-11,2023-12-10,Event,Pipeline,False,False,CompetitorD,,64,,New Business,2023-12-10T00:00:00
1344,360,12,Quantum Solutions - New Business,Closed Lost,26701,2024-12-31,2024-10-11,Inbound - Content,Omitted,False,True,CompetitorE,Champion Left,57,,New Business,2024-10-11T00:00:00
1345,756,4,Acme Technologies - Platform Deal,Prospecting,45101,2020-05-07,2020-01-27,Product-Led,Pipeline,False,False,CompetitorC,,51,Contract signing,New Business,2020-01-27T00:00:00
1346,231,7,Global Corp - New Business,Prospecting,,2025-04-08,2024-12-14,Inbound - Web,Pipeline,False,False,CompetitorE,,19,Send proposal,New Business,2024-12-14T00:00:00
1347,990,7,Elevate Technologies - Initial License,Closed Lost,29692,2022-03-24,2021-12-03,Partner Referral,Omitted,False,True,CompetitorA,Competitor,38,,New Business,2021-12-03T00:00:00
1348,41,14,Nexus Corp - Initial License,Closed Lost,78226,2024-03-20,2024-01-04,,Omitted,False,True,CompetitorA,Champion Left,54,,New Business,2024-01-04T00:00:00
1349,893,9,Atlas Inc - Platform Deal,Closed Lost,228628,2024-12-31,2024-11-20,Product-Led,Omitted,False,True,Open Source Alternative,Competitor,47,,New Business,2024-11-20T00:00:00
1350,114,8,Nova Partners - Initial License,Closed Won,33928,2024-12-31,2024-08-15,,Closed,True,True,,,34,,New Business,2024-08-15T00:00:00
1351,131,13,Pinnacle Holdings - New Business,Qualification,30770,2025-05-13,2024-10-27,Partner Referral,Best Case,False,False,,,72,POC setup,New Business,2024-10-27T00:00:00
1352,564,2,Elevate Systems - Initial License,Negotiation,27915,2024-09-05,2024-05-02,Event,Commit,False,False,,,14,Reference call,New Business,2024-05-02T00:00:00
1353,50,8,Fusion Technologies - Initial License,Closed Won,99835,2023-05-07,2023-01-24,Product-Led,Closed,True,True,CompetitorB,,55,,New Business,2023-01-24T00:00:00
1354,566,15,Optima Analytics - New Business,Prospecting,759150,2025-02-12,2024-12-24,Inbound - Web,Pipeline,False,False,CompetitorC,,19,Schedule demo,New Business,2024-12-24T00:00:00
1355,343,7,Velocity Networks - Initial License,Closed Won,7718,2024-09-30,2024-08-14,Inbound - Web,Closed,True,True,CompetitorA,,36,,New Business,2024-08-14T00:00:00
1356,207,3,Pinnacle Networks - New Business,Prospecting,194729,2023-11-20,2023-06-04,Outbound - SDR,Pipeline,False,False,CompetitorC,,15,POC setup,New Business,2023-06-04T00:00:00
1357,588,3,Pinnacle Solutions - Platform Deal,Negotiation,35380,2024-04-15,2024-02-13,Outbound - SDR,Commit,False,False,CompetitorA,,27,Technical review,New Business,2024-02-13T00:00:00
1358,123,10,Atlas Inc - New Business,Closed Lost,118212,2022-06-23,2022-01-04,Product-Led,Omitted,False,True,Open Source Alternative,Lost to Status Quo,31,,New Business,2022-01-04T00:00:00
1359,651,15,Pacific Labs - Platform Deal,Closed Lost,35943,2024-12-31,2024-12-06,Event,Omitted,False,True,CompetitorA,Feature Gap,30,,New Business,2024-12-06T00:00:00
1360,661,8,Nexus Partners - New Business,Proposal,891800,2021-11-14,2021-04-11,,Best Case,False,False,CompetitorD,,52,,New Business,2021-04-11T00:00:00
1361,347,3,Optima Group - Initial License,Qualification,38480,2024-12-06,2024-08-29,Partner Referral,Best Case,False,False,CompetitorB,,22,POC setup,New Business,2024-08-29T00:00:00
1362,771,7,Vertex Solutions - Platform Deal,Prospecting,28659,2024-12-29,2024-10-04,Partner Referral,Pipeline,False,False,,,50,,New Business,2024-10-04T00:00:00
1363,44,5,Apex Inc - Platform Deal,Qualification,63277,2024-10-16,2024-09-14,Outbound - AE,Best Case,False,False,CompetitorE,,19,Executive alignment,New Business,2024-09-14T00:00:00
1364,242,13,Vanguard Corp - Initial License,Negotiation,47419,2024-11-17,2024-09-12,Webinar,Commit,False,False,CompetitorD,,28,Contract signing,New Business,2024-09-12T00:00:00
1365,17,5,Pacific Labs - Platform Deal,Qualification,157189,2023-08-11,2023-01-08,Inbound - Content,Best Case,False,False,Open Source Alternative,,32,Legal review,New Business,2023-01-08T00:00:00
1366,14,7,Pacific Enterprises - Platform Deal,Closed Lost,11285,2024-09-28,2024-02-17,Outbound - AE,Omitted,False,True,CompetitorA,Lost to Status Quo,53,,New Business,2024-02-17T00:00:00
1367,581,12,Synergy Inc - Platform Deal,Qualification,39291,2023-04-02,2022-08-13,Event,Best Case,False,False,CompetitorE,,28,Send proposal,New Business,2022-08-13T00:00:00
1368,60,14,Elevate Corp - Initial License,Prospecting,103807,2024-11-17,2024-12-06,Product-Led,Pipeline,False,False,CompetitorE,,37,Executive alignment,New Business,2024-12-06T00:00:00
1369,654,3,Fusion Dynamics - Platform Deal,Prospecting,33042,2024-05-17,2023-09-11,Event,Pipeline,False,False,CompetitorB,,28,Reference call,New Business,2023-09-11T00:00:00
1370,24,8,Quantum Systems - New Business,Proposal,136831,2025-06-23,2024-11-24,,Best Case,False,False,CompetitorB,,9,POC setup,New Business,2024-11-24T00:00:00
1371,986,2,Nexus Systems - Platform Deal,Discovery,149582,2024-09-14,2023-12-20,Webinar,Pipeline,False,False,Open Source Alternative,,22,Contract signing,New Business,2023-12-20T00:00:00
837,781,3,Apex Enterprises - Platform Deal,Discovery,30220,2024-03-07,2023-07-02,Outbound - SDR,Pipeline,False,False,CompetitorD,,3,,New Business,2023-07-02T00:00:00
1373,33,7,Horizon Holdings - Platform Deal,Qualification,56164,2022-03-21,2021-12-03,Inbound - Web,Best Case,False,False,,,13,Reference call,New Business,2021-12-03T00:00:00
1374,853,13,Nova Enterprises - Platform Deal,Proposal,144652,2025-02-05,2024-12-21,Outbound - SDR,Best Case,False,False,CompetitorD,,37,,New Business,2024-12-21T00:00:00
1375,171,2,Nexus Group - Platform Deal,Closed Lost,296948,2021-03-28,2021-01-05,,Omitted,False,True,CompetitorB,Timing,37,,New Business,2021-01-05T00:00:00
1376,418,4,Fusion Systems - Initial License,Prospecting,35690,2025-01-01,2024-04-29,Outbound - SDR,Pipeline,False,False,,,40,Technical review,New Business,2024-04-29T00:00:00
1377,960,14,Vanguard Labs - Platform Deal,Proposal,57036,2024-09-20,2024-10-03,Inbound - Web,Best Case,False,False,CompetitorE,,51,POC setup,New Business,2024-10-03T00:00:00
1378,318,6,Summit Labs - New Business,Discovery,91236,2024-10-05,2024-06-17,Event,Pipeline,False,False,,,42,Send proposal,New Business,2024-06-17T00:00:00
1379,152,9,Vertex Services - Platform Deal,Prospecting,15292,2023-02-02,2022-07-04,Outbound - AE,Pipeline,False,False,,,27,Legal review,New Business,2022-07-04T00:00:00
1380,553,11,Velocity Group - Platform Deal,Discovery,322152,2025-06-03,2024-12-15,Webinar,Pipeline,False,False,Open Source Alternative,,3,Legal review,New Business,2024-12-15T00:00:00
1381,637,7,Elevate Holdings - New Business,Prospecting,13670,2023-09-19,2023-08-16,,Pipeline,False,False,CompetitorE,,21,Schedule demo,New Business,2023-08-16T00:00:00
1382,429,7,Atlas Enterprises - New Business,Closed Lost,372414,2024-03-30,2024-01-25,Outbound - AE,Omitted,False,True,,Feature Gap,24,,New Business,2024-01-25T00:00:00
1383,625,6,Pacific Networks - Platform Deal,Qualification,,2025-06-30,2024-11-05,Product-Led,Best Case,False,False,CompetitorA,,47,Send proposal,New Business,2024-11-05T00:00:00
1384,588,8,Pinnacle Solutions - Platform Deal,Closed Lost,39474,2024-12-31,2024-12-02,Outbound - SDR,Omitted,False,True,CompetitorA,Timing,30,,New Business,2024-12-02T00:00:00
1385,868,11,Catalyst Networks - Platform Deal,Proposal,194011,2024-03-17,2023-09-01,Inbound - Web,Best Case,False,False,,,20,,New Business,2023-09-01T00:00:00
1386,272,5,Catalyst Software - Platform Deal,Qualification,34141,2023-03-30,2022-07-23,Event,Best Case,False,False,,,25,Executive alignment,New Business,2022-07-23T00:00:00
1387,200,9,Summit Partners - Platform Deal,Closed Lost,37054,2021-09-01,2021-02-07,Inbound - Web,Omitted,False,True,CompetitorE,Feature Gap,64,,New Business,2021-02-07T00:00:00
1388,417,6,Vanguard Enterprises - Initial License,Closed Won,965581,2022-05-17,2021-11-27,Partner Referral,Closed,True,True,CompetitorD,,54,,New Business,2021-11-27T00:00:00
1389,115,4,Pacific Inc - Platform Deal,Discovery,44947,2021-06-21,2020-12-01,Inbound - Web,Pipeline,False,False,CompetitorB,,52,Reference call,New Business,2020-12-01T00:00:00
1390,979,6,Optima Enterprises - New Business,Closed Lost,120352,2024-11-20,2024-12-19,Inbound - Content,Omitted,False,True,CompetitorB,Champion Left,17,,New Business,2024-12-19T00:00:00
1391,468,6,Vertex Solutions - New Business,Closed Won,599991,2024-12-31,2024-12-03,,Closed,True,True,CompetitorA,,30,,New Business,2024-12-03T00:00:00
1392,334,7,Summit Labs - Initial License,Closed Lost,15610,2024-12-31,2024-12-10,Outbound - SDR,Omitted,False,True,CompetitorE,Feature Gap,21,,New Business,2024-12-10T00:00:00
1393,290,12,Vertex Partners - Platform Deal,Closed Lost,47124,2024-12-19,2024-06-01,Inbound - Content,Omitted,False,True,CompetitorA,No Decision,4,,New Business,2024-06-01T00:00:00
1394,875,8,Apex Partners - Platform Deal,Closed Lost,135090,2023-09-24,2023-05-10,Product-Led,Omitted,False,True,CompetitorE,Feature Gap,52,,New Business,2023-05-10T00:00:00
1395,353,12,Zenith Corp - Initial License,Negotiation,18379,2020-05-26,2020-03-10,Event,Commit,False,False,CompetitorE,,25,Technical review,New Business,2020-03-10T00:00:00
1396,432,8,Pinnacle Corp - New Business,Prospecting,40608,2025-05-15,2024-12-26,Outbound - AE,Pipeline,False,False,Open Source Alternative,,1,POC setup,New Business,2024-12-26T00:00:00
1397,247,16,Quantum Holdings - New Business,Discovery,119118,2025-02-13,2024-12-28,Outbound - AE,Pipeline,False,False,CompetitorA,,40,,New Business,2024-12-28T00:00:00
1398,241,4,Nexus Dynamics - New Business,Proposal,243770,2025-05-14,2024-12-19,Inbound - Web,Best Case,False,False,CompetitorD,,53,Executive alignment,New Business,2024-12-19T00:00:00
1399,586,6,Optima Systems - New Business,Discovery,13744,2025-04-16,2024-09-26,Outbound - SDR,Pipeline,False,False,CompetitorE,,31,POC setup,New Business,2024-09-26T00:00:00
1400,453,8,Nexus Holdings - Initial License,Qualification,76261,2021-11-29,2021-07-26,Event,Best Case,False,False,CompetitorD,,44,Schedule demo,New Business,2021-07-26T00:00:00
1401,269,13,Optima Digital - New Business,Proposal,23541,2024-09-15,2024-06-08,Webinar,Best Case,False,False,CompetitorD,,7,Send proposal,New Business,2024-06-08T00:00:00
1402,491,11,Velocity Solutions - Platform Deal,Closed Won,18722,2024-06-13,2024-04-01,Outbound - SDR,Closed,True,True,CompetitorE,,57,,New Business,2024-04-01T00:00:00
1403,280,8,Acme Platforms - Platform Deal,Closed Lost,109806,2024-12-16,2024-08-12,,Omitted,False,True,CompetitorA,Timing,11,,New Business,2024-08-12T00:00:00
1404,306,11,Synergy Corp - New Business,Closed Lost,31503,2023-10-25,2023-09-04,Inbound - Web,Omitted,False,True,,Budget Cut,49,,New Business,2023-09-04T00:00:00
1405,347,3,Optima Group - Platform Deal,Discovery,14258,2025-03-17,2024-07-06,Outbound - SDR,Pipeline,False,False,CompetitorA,,12,Reference call,New Business,2024-07-06T00:00:00
1406,872,15,Global Platforms - Platform Deal,Closed Lost,28310,2024-12-31,2024-12-13,Outbound - AE,Omitted,False,True,,Champion Left,3,,New Business,2024-12-13T00:00:00
1407,902,15,Pinnacle Platforms - New Business,Closed Won,149423,2024-12-31,2024-10-25,Outbound - AE,Closed,True,True,Open Source Alternative,,51,,New Business,2024-10-25T00:00:00
1408,582,11,Quantum Technologies - New Business,Closed Lost,174058,2023-07-21,2023-01-02,Inbound - Web,Omitted,False,True,CompetitorE,Competitor,43,,New Business,2023-01-02T00:00:00
1409,132,12,Fusion Digital - Platform Deal,Prospecting,164228,2025-04-29,2024-09-25,Partner Referral,Pipeline,False,False,CompetitorE,,44,Contract signing,New Business,2024-09-25T00:00:00
1410,897,3,Nova Platforms - New Business,Prospecting,857881,2025-01-29,2024-12-01,Inbound - Content,Pipeline,False,False,CompetitorD,,38,Schedule demo,New Business,2024-12-01T00:00:00
1411,319,3,Acme Partners - Platform Deal,Qualification,97228,2025-05-11,2024-12-28,Product-Led,Best Case,False,False,CompetitorE,,9,,New Business,2024-12-28T00:00:00
1412,471,2,Vertex Enterprises - Platform Deal,Closed Lost,39172,2022-09-01,2022-06-09,Outbound - SDR,Omitted,False,True,CompetitorB,Price,27,,New Business,2022-06-09T00:00:00
1413,299,3,Catalyst Solutions - Platform Deal,Qualification,897632,2024-10-20,2024-09-16,Webinar,Best Case,False,False,CompetitorE,,35,Schedule demo,New Business,2024-09-16T00:00:00
1414,722,10,Fusion Group - Platform Deal,Qualification,196943,2025-05-07,2024-09-07,Event,Best Case,False,False,CompetitorA,,51,POC setup,New Business,2024-09-07T00:00:00
1415,503,8,Pacific Platforms - New Business,Proposal,151422,2024-10-05,2024-03-21,Inbound - Web,Best Case,False,False,CompetitorB,,23,Technical review,New Business,2024-03-21T00:00:00
1416,549,7,Velocity Platforms - New Business,Discovery,42019,2024-04-27,2024-01-31,Webinar,Pipeline,False,False,CompetitorC,,5,Reference call,New Business,2024-01-31T00:00:00
138,381,4,Nexus Digital - Platform Deal,Qualification,18628,2025-06-03,2024-10-01,Inbound - Content,Best Case,False,False,,,10,Executive alignment,New Business,2024-10-01T00:00:00
1418,324,12,Catalyst Labs - Initial License,Qualification,47033,2024-10-31,2024-09-16,Inbound - Web,Best Case,False,False,CompetitorE,,2,,New Business,2024-09-16T00:00:00
1419,350,1,Atlas Group - Platform Deal,Closed Won,45623,2024-12-04,2024-10-19,Outbound - SDR,Closed,True,True,Open Source Alternative,,22,,New Business,2024-10-19T00:00:00
1420,790,16,Nova Partners - Initial License,Proposal,,2025-01-19,2024-11-10,Inbound - Content,Best Case,False,False,CompetitorB,,63,Contract signing,New Business,2024-11-10T00:00:00
1421,478,13,Elevate Corp - New Business,Discovery,30710,2022-07-18,2021-12-13,Inbound - Web,Pipeline,False,False,CompetitorB,,34,,New Business,2021-12-13T00:00:00
1422,425,7,Pinnacle Partners - New Business,Prospecting,39048,2024-10-10,2024-08-17,Webinar,Pipeline,False,False,CompetitorD,,48,Contract signing,New Business,2024-08-17T00:00:00
1423,356,1,Nova Software - New Business,Closed Won,1037994,2022-06-24,2022-05-21,Outbound - AE,Closed,True,True,,,14,,New Business,2022-05-21T00:00:00
1424,683,9,Nova Platforms - New Business,Proposal,45924,2023-04-09,2023-01-04,Partner Referral,Best Case,False,False,,,33,POC setup,New Business,2023-01-04T00:00:00
1425,699,1,Vertex Analytics - Platform Deal,Prospecting,,2025-06-10,2024-11-09,Product-Led,Pipeline,False,False,CompetitorE,,3,Send proposal,New Business,2024-11-09T00:00:00
1426,497,11,Vertex Services - Platform Deal,Qualification,32887,2025-02-08,2024-08-01,Product-Led,Best Case,False,False,,,32,POC setup,New Business,2024-08-01T00:00:00
1427,89,9,Quantum Systems - Platform Deal,Qualification,20442,2022-11-09,2022-08-12,Inbound - Content,Best Case,False,False,,,12,Contract signing,New Business,2022-08-12T00:00:00
1428,346,2,Vertex Technologies - Platform Deal,Prospecting,158265,2023-08-01,2023-04-09,Outbound - AE,Pipeline,False,False,CompetitorD,,2,Contract signing,New Business,2023-04-09T00:00:00
1429,915,1,Nova Inc - Initial License,Prospecting,7461,2025-07-24,2024-12-18,Event,Pipeline,False,False,,,14,Send proposal,New Business,2024-12-18T00:00:00
1430,245,11,Global Labs - Initial License,Qualification,40482,2024-09-05,2024-06-07,Webinar,Best Case,False,False,CompetitorE,,21,Contract signing,New Business,2024-06-07T00:00:00
1431,839,13,Quantum Solutions - Platform Deal,Qualification,34750,2024-01-05,2023-11-06,Product-Led,Best Case,False,False,CompetitorC,,42,Technical review,New Business,2023-11-06T00:00:00
1432,685,12,Fusion Group - New Business,Proposal,35981,2023-04-26,2023-03-01,Inbound - Web,Best Case,False,False,CompetitorE,,18,Schedule demo,New Business,2023-03-01T00:00:00
16,414,6,Velocity Systems - Initial License,Qualification,581157,2024-11-15,2024-10-09,Product-Led,Best Case,False,False,CompetitorD,,7,Schedule demo,New Business,2024-10-09T00:00:00
1434,276,12,Nova Partners - New Business,Discovery,129589,2025-01-22,2024-11-14,Product-Led,Pipeline,False,False,,,38,Contract signing,New Business,2024-11-14T00:00:00
1435,238,6,Fusion Group - Initial License,Closed Won,1075496,2024-06-17,2024-02-06,Event,Closed,True,True,,,53,,New Business,2024-02-06T00:00:00
1436,272,1,Catalyst Software - New Business,Negotiation,44429,2024-05-13,2024-05-21,Outbound - SDR,Commit,False,False,Open Source Alternative,,39,,New Business,2024-05-21T00:00:00
1437,414,13,Velocity Systems - New Business,Prospecting,63626,2022-10-12,2022-02-09,Event,Pipeline,False,False,,,35,,New Business,2022-02-09T00:00:00
1438,197,7,Fusion Labs - Initial License,Proposal,42459,2025-03-06,2024-06-11,Product-Led,Best Case,False,False,,,25,Technical review,New Business,2024-06-11T00:00:00
1439,850,5,Optima Platforms - Initial License,Closed Lost,12558,2024-12-31,2024-10-28,Event,Omitted,False,True,,Champion Left,25,,New Business,2024-10-28T00:00:00
1440,67,4,Catalyst Corp - Initial License,Prospecting,15685,2024-01-21,2023-12-06,Partner Referral,Pipeline,False,False,CompetitorE,,11,POC setup,New Business,2023-12-06T00:00:00
1441,161,8,Acme Holdings - Platform Deal,Proposal,165957,2024-12-07,2024-10-04,Outbound - AE,Best Case,False,False,CompetitorD,,34,POC setup,New Business,2024-10-04T00:00:00
1442,674,10,Horizon Partners - Initial License,Prospecting,21907,2024-03-29,2023-12-04,Product-Led,Pipeline,False,False,,,60,Technical review,New Business,2023-12-04T00:00:00
1443,316,2,Fusion Enterprises - New Business,Closed Won,85790,2024-10-09,2024-09-28,Inbound - Content,Closed,True,True,CompetitorD,,45,,New Business,2024-09-28T00:00:00
1444,336,11,Horizon Technologies - New Business,Prospecting,122450,2022-10-18,2022-06-10,Inbound - Web,Pipeline,False,False,CompetitorE,,49,POC setup,New Business,2022-06-10T00:00:00
1445,53,10,Fusion Digital - Platform Deal,Proposal,38076,2024-09-30,2024-07-22,Inbound - Content,Best Case,False,False,,,67,Reference call,New Business,2024-07-22T00:00:00
1446,399,5,Nexus Corp - Platform Deal,Proposal,46349,2025-02-13,2024-08-15,Outbound - SDR,Best Case,False,False,,,21,,New Business,2024-08-15T00:00:00
1447,480,6,Acme Solutions - Initial License,Closed Lost,53720,2024-12-27,2024-08-16,Inbound - Web,Omitted,False,True,CompetitorE,No Decision,26,,New Business,2024-08-16T00:00:00
1448,597,12,Vanguard Labs - Platform Deal,Qualification,23282,2022-07-12,2021-10-22,Outbound - SDR,Best Case,False,False,Open Source Alternative,,68,Contract signing,New Business,2021-10-22T00:00:00
1449,15,6,Nexus Inc - Initial License,Closed Lost,50502,2024-12-31,2024-12-19,Outbound - SDR,Omitted,False,True,CompetitorE,Timing,31,,New Business,2024-12-19T00:00:00
1450,835,13,Vanguard Enterprises - Platform Deal,Proposal,21686,2025-05-18,2024-10-26,Outbound - AE,Best Case,False,False,CompetitorC,,43,,New Business,2024-10-26T00:00:00
1451,286,14,Vanguard Inc - Initial License,Discovery,19324,2025-01-20,2024-10-05,Webinar,Pipeline,False,False,CompetitorB,,9,POC setup,New Business,2024-10-05T00:00:00
1452,394,8,Optima Enterprises - Initial License,Negotiation,58464,2022-08-02,2022-08-31,Partner Referral,Commit,False,False,CompetitorC,,56,,New Business,2022-08-31T00:00:00
1453,446,14,Summit Networks - Initial License,Closed Lost,31329,2024-12-31,2024-11-27,Outbound - SDR,Omitted,False,True,Open Source Alternative,Price,26,,New Business,2024-11-27T00:00:00
1454,755,15,Elevate Holdings - New Business,Closed Lost,15269,2024-12-31,2024-12-26,Inbound - Content,Omitted,False,True,CompetitorD,Timing,66,,New Business,2024-12-26T00:00:00
1455,734,5,Optima Networks - New Business,Proposal,41656,2025-06-19,2024-10-20,Event,Best Case,False,False,,,54,POC setup,New Business,2024-10-20T00:00:00
1456,904,7,Elevate Software - New Business,Qualification,10395,2025-02-04,2024-11-11,Product-Led,Best Case,False,False,CompetitorE,,24,Executive alignment,New Business,2024-11-11T00:00:00
1457,59,3,Horizon Labs - Platform Deal,Prospecting,114573,2024-12-10,2024-09-10,Inbound - Web,Pipeline,False,False,CompetitorB,,26,Legal review,New Business,2024-09-10T00:00:00
1458,304,3,Horizon Systems - Platform Deal,Qualification,28348,2024-11-22,2024-09-27,Partner Referral,Best Case,False,False,CompetitorC,,24,Schedule demo,New Business,2024-09-27T00:00:00
1459,692,5,Velocity Partners - Initial License,Prospecting,6706,2024-04-01,2023-07-13,Inbound - Content,Pipeline,False,False,CompetitorD,,52,,New Business,2023-07-13T00:00:00
1460,908,8,Horizon Networks - New Business,Closed Won,46733,2024-12-31,2024-09-23,Event,Closed,True,True,CompetitorC,,60,,New Business,2024-09-23T00:00:00
1461,651,10,Pacific Labs - New Business,Qualification,43273,2022-10-25,2022-05-20,Inbound - Content,Best Case,False,False,,,51,Contract signing,New Business,2022-05-20T00:00:00
1462,84,12,Synergy Platforms - Platform Deal,Discovery,40036,2022-04-10,2022-01-17,Outbound - AE,Pipeline,False,False,CompetitorD,,49,Reference call,New Business,2022-01-17T00:00:00
1463,824,13,Atlas Solutions - Initial License,Qualification,38953,2025-04-25,2024-10-07,Inbound - Content,Best Case,False,False,,,73,POC setup,New Business,2024-10-07T00:00:00
1464,206,12,Synergy Digital - Initial License,Qualification,127774,2022-04-03,2021-07-15,Outbound - AE,Best Case,False,False,,,64,Legal review,New Business,2021-07-15T00:00:00
1465,203,4,Zenith Networks - New Business,Qualification,187446,2024-12-31,2024-09-11,,Best Case,False,False,CompetitorC,,52,Schedule demo,New Business,2024-09-11T00:00:00
1466,947,16,Pinnacle Digital - Initial License,Proposal,,2025-01-20,2024-09-25,Partner Referral,Best Case,False,False,CompetitorA,,46,Technical review,New Business,2024-09-25T00:00:00
1467,129,3,Atlas Technologies - Initial License,Prospecting,46003,2023-01-08,2022-08-30,Outbound - AE,Pipeline,False,False,CompetitorC,,12,Contract signing,New Business,2022-08-30T00:00:00
1468,599,3,Synergy Solutions - Platform Deal,Qualification,46158,2025-03-26,2024-10-03,Inbound - Web,Best Case,False,False,CompetitorE,,39,Schedule demo,New Business,2024-10-03T00:00:00
1469,976,16,Zenith Platforms - Platform Deal,Closed Won,572574,2024-12-15,2024-10-28,Event,Closed,True,True,,,48,,New Business,2024-10-28T00:00:00
1470,135,8,Horizon Analytics - Platform Deal,Discovery,83313,2023-08-08,2023-02-22,Outbound - AE,Pipeline,False,False,CompetitorE,,51,POC setup,New Business,2023-02-22T00:00:00
1471,792,10,Elevate Services - Initial License,Closed Lost,25288,2024-12-09,2024-10-04,Outbound - AE,Omitted,False,True,CompetitorA,Price,12,,New Business,2024-10-04T00:00:00
1472,793,9,Optima Analytics - Initial License,Discovery,37059,2023-08-09,2023-04-07,Webinar,Pipeline,False,False,CompetitorE,,59,Schedule demo,New Business,2023-04-07T00:00:00
1473,339,9,Acme Solutions - Platform Deal,Prospecting,13245,2025-08-18,2024-12-07,Webinar,Pipeline,False,False,CompetitorB,,31,Technical review,New Business,2024-12-07T00:00:00
1474,70,4,Velocity Digital - Initial License,Qualification,28555,2024-01-14,2024-01-28,Product-Led,Best Case,False,False,,,44,,New Business,2024-01-28T00:00:00
1475,411,9,Vertex Labs - Platform Deal,Prospecting,167989,2024-07-24,2024-05-01,Partner Referral,Pipeline,False,False,CompetitorA,,47,Legal review,New Business,2024-05-01T00:00:00
1476,522,10,Optima Platforms - Platform Deal,Qualification,19293,2024-02-19,2023-06-05,Outbound - SDR,Best Case,False,False,,,46,Contract signing,New Business,2023-06-05T00:00:00
1477,819,15,Velocity Enterprises - Platform Deal,Prospecting,42141,2025-01-10,2024-07-16,Partner Referral,Pipeline,False,False,Open Source Alternative,,24,Technical review,New Business,2024-07-16T00:00:00
1478,320,9,Synergy Solutions - Platform Deal,Closed Lost,404420,2023-03-20,2022-12-25,Inbound - Web,Omitted,False,True,CompetitorA,Timing,21,,New Business,2022-12-25T00:00:00
1479,264,3,Global Holdings - Initial License,Negotiation,95388,2022-11-22,2022-09-30,Outbound - AE,Commit,False,False,,,3,Technical review,New Business,2022-09-30T00:00:00
1480,939,2,Acme Inc - New Business,Discovery,46044,2024-06-08,2024-02-15,Event,Pipeline,False,False,,,33,POC setup,New Business,2024-02-15T00:00:00
1481,316,2,Fusion Enterprises - Expansion,Closed Lost,102611,2023-08-26,2023-07-14,Product-Led,Omitted,False,True,Open Source Alternative,Feature Gap,18,,Expansion,2023-07-14T00:00:00
1482,948,6,Global Platforms - Upsell,Prospecting,165448,2024-10-24,2024-09-12,Event,Pipeline,False,False,CompetitorC,,31,Schedule demo,Expansion,2024-09-12T00:00:00
1483,978,2,Global Solutions - Initial License,Prospecting,20554,2024-05-05,2024-01-13,Webinar,Pipeline,False,False,,,12,Send proposal,New Business,2024-01-13T00:00:00
1484,955,4,Pacific Solutions - Platform Deal,Proposal,210748,2023-08-26,2023-07-08,Event,Best Case,False,False,CompetitorB,,53,Reference call,New Business,2023-07-08T00:00:00
1485,623,8,Summit Platforms - New Business,Prospecting,92686,2023-09-12,2023-06-20,Webinar,Pipeline,False,False,CompetitorE,,40,Schedule demo,New Business,2023-06-20T00:00:00
1486,549,13,Velocity Platforms - Platform Deal,Closed Lost,43835,2024-12-31,2024-12-09,,Omitted,False,True,CompetitorD,Price,34,,New Business,2024-12-09T00:00:00
1487,421,2,Fusion Inc - Initial License,Prospecting,17189,2022-05-02,2022-05-30,Outbound - AE,Pipeline,False,False,,,17,Technical review,New Business,2022-05-30T00:00:00
1488,528,16,Zenith Partners - Platform Deal,Qualification,909076,2025-05-20,2024-09-06,Inbound - Web,Best Case,False,False,CompetitorD,,46,Contract signing,New Business,2024-09-06T00:00:00
1489,312,10,Fusion Networks - Initial License,Discovery,146541,2024-08-14,2024-01-30,Outbound - SDR,Pipeline,False,False,CompetitorC,,2,,New Business,2024-01-30T00:00:00
1490,137,5,Catalyst Holdings - Initial License,Qualification,54819,2024-11-21,2024-05-24,Event,Best Case,False,False,CompetitorC,,3,Send proposal,New Business,2024-05-24T00:00:00
1491,472,2,Vanguard Holdings - Initial License,Qualification,43544,2023-07-25,2023-05-29,Event,Best Case,False,False,Open Source Alternative,,41,Reference call,New Business,2023-05-29T00:00:00
1492,764,3,Pinnacle Corp - Platform Deal,Prospecting,101024,2025-02-11,2024-06-16,Outbound - AE,Pipeline,False,False,CompetitorE,,20,Schedule demo,New Business,2024-06-16T00:00:00
1493,622,6,Velocity Technologies - New Business,Negotiation,136579,2025-08-31,2024-12-20,Product-Led,Commit,False,False,CompetitorA,,38,,New Business,2024-12-20T00:00:00
1494,114,14,Nova Partners - Contract Renewal,Prospecting,27426,2025-05-13,2024-11-10,Outbound - SDR,Pipeline,False,False,CompetitorB,,13,Technical review,Renewal,2024-11-10T00:00:00
1495,885,12,Pinnacle Holdings - Platform Deal,Prospecting,19692,2021-11-24,2021-04-12,Outbound - AE,Pipeline,False,False,,,49,Legal review,New Business,2021-04-12T00:00:00
1496,390,10,Pinnacle Solutions - New Business,Closed Lost,5353,2024-11-06,2024-08-09,Inbound - Content,Omitted,False,True,Open Source Alternative,Price,55,,New Business,2024-08-09T00:00:00
1497,909,13,Vanguard Dynamics - New Business,Qualification,24658,2022-01-24,2021-12-05,Product-Led,Best Case,False,False,,,3,Legal review,New Business,2021-12-05T00:00:00
1498,958,15,Pinnacle Digital - New Business,Qualification,21512,2022-07-10,2022-04-04,Inbound - Web,Best Case,False,False,,,51,Send proposal,New Business,2022-04-04T00:00:00
1499,280,6,Acme Platforms - Platform Deal,Discovery,59540,2024-09-05,2024-01-20,Outbound - AE,Pipeline,False,False,CompetitorD,,19,POC setup,New Business,2024-01-20T00:00:00
1500,595,7,Catalyst Holdings - Platform Deal,Negotiation,93496,2024-09-12,2024-07-21,Webinar,Commit,False,False,CompetitorE,,47,Contract signing,New Business,2024-07-21T00:00:00
1501,996,14,Acme Platforms - Initial License,Prospecting,38149,2025-01-18,2024-08-12,Outbound - SDR,Pipeline,False,False,CompetitorA,,28,Send proposal,New Business,2024-08-12T00:00:00
1502,782,9,Atlas Enterprises - New Business,Proposal,23740,2025-04-24,2024-08-15,Inbound - Content,Best Case,False,False,CompetitorD,,16,POC setup,New Business,2024-08-15T00:00:00
1503,125,7,Acme Platforms - Initial License,Proposal,120966,2023-12-13,2023-07-10,Inbound - Web,Best Case,False,False,,,29,Send proposal,New Business,2023-07-10T00:00:00
1504,287,13,Global Solutions - Initial License,Qualification,28437,2021-11-29,2021-10-02,Outbound - AE,Best Case,False,False,,,63,Reference call,New Business,2021-10-02T00:00:00
1505,908,8,Horizon Networks - Platform Deal,Closed Won,10822,2024-12-31,2024-12-10,Inbound - Web,Closed,True,True,,,2,,New Business,2024-12-10T00:00:00
1506,46,12,Vanguard Holdings - New Business,Closed Lost,15324,2023-09-19,2023-06-02,Outbound - SDR,Omitted,False,True,CompetitorB,Budget Cut,47,,New Business,2023-06-02T00:00:00
1507,305,2,Pacific Dynamics - Initial License,Discovery,105529,2025-02-17,2024-08-18,Event,Pipeline,False,False,CompetitorE,,7,Send proposal,New Business,2024-08-18T00:00:00
775,632,12,Optima Solutions - New Business,Qualification,26696,2022-11-23,2022-09-16,Inbound - Web,Best Case,False,False,Open Source Alternative,,19,Send proposal,New Business,2022-09-16T00:00:00
1509,552,14,Velocity Analytics - Initial License,Closed Lost,164853,2024-09-29,2024-04-08,Outbound - SDR,Omitted,False,True,,Competitor,55,,New Business,2024-04-08T00:00:00
1510,449,13,Fusion Systems - Initial License,Discovery,25864,2023-06-26,2022-12-01,Outbound - AE,Pipeline,False,False,CompetitorB,,13,Contract signing,New Business,2022-12-01T00:00:00
1511,925,8,Atlas Technologies - Platform Deal,Prospecting,30610,2024-02-28,2024-01-10,Product-Led,Pipeline,False,False,CompetitorB,,44,Send proposal,New Business,2024-01-10T00:00:00
1512,145,5,Nexus Platforms - Initial License,Proposal,41051,2025-02-06,2024-12-02,Inbound - Web,Best Case,False,False,CompetitorD,,57,Legal review,New Business,2024-12-02T00:00:00
1513,142,2,Summit Digital - New Business,Discovery,14660,2023-03-13,2022-07-25,Inbound - Web,Pipeline,False,False,CompetitorD,,22,,New Business,2022-07-25T00:00:00
1514,553,11,Velocity Group - New Business,Closed Lost,598876,2023-12-21,2023-10-23,,Omitted,False,True,CompetitorA,Competitor,31,,New Business,2023-10-23T00:00:00
1515,688,4,Vanguard Digital - New Business,Qualification,38780,2024-08-16,2024-06-09,Webinar,Best Case,False,False,CompetitorB,,19,Schedule demo,New Business,2024-06-09T00:00:00
1516,545,6,Pinnacle Technologies - Initial License,Closed Lost,130148,2024-09-25,2024-04-09,,Omitted,False,True,CompetitorC,Budget Cut,43,,New Business,2024-04-09T00:00:00
1517,127,5,Pinnacle Platforms - New Business,Discovery,21626,2025-06-04,2024-09-29,Outbound - SDR,Pipeline,False,False,CompetitorC,,15,POC setup,New Business,2024-09-29T00:00:00
1518,956,10,Elevate Technologies - Platform Deal,Qualification,29581,2024-11-26,2024-03-08,Inbound - Content,Best Case,False,False,CompetitorC,,62,Contract signing,New Business,2024-03-08T00:00:00
1519,667,7,Nova Analytics - New Business,Closed Won,5659,2024-06-26,2024-04-20,Inbound - Content,Closed,True,True,CompetitorB,,11,,New Business,2024-04-20T00:00:00
1520,655,5,Quantum Digital - New Business,Proposal,98648,2025-05-09,2024-12-12,Outbound - AE,Best Case,False,False,CompetitorE,,28,Send proposal,New Business,2024-12-12T00:00:00
1521,146,6,Vanguard Platforms - New Business,Proposal,5341,2025-06-06,2024-11-25,Outbound - AE,Best Case,False,False,,,50,Legal review,New Business,2024-11-25T00:00:00
1522,551,11,Catalyst Inc - New Business,Closed Lost,50211,2022-04-16,2021-11-28,Inbound - Content,Omitted,False,True,CompetitorB,Competitor,9,,New Business,2021-11-28T00:00:00
1523,845,7,Velocity Corp - Platform Deal,Discovery,58706,2024-04-07,2023-07-17,Webinar,Pipeline,False,False,Open Source Alternative,,42,Technical review,New Business,2023-07-17T00:00:00
1524,64,12,Pinnacle Analytics - New Business,Discovery,148024,2024-03-28,2024-01-01,Inbound - Content,Pipeline,False,False,CompetitorA,,40,Reference call,New Business,2024-01-01T00:00:00
1525,71,16,Zenith Enterprises - Platform Deal,Prospecting,9684,2025-03-04,2024-10-21,Inbound - Content,Pipeline,False,False,CompetitorA,,7,Send proposal,New Business,2024-10-21T00:00:00
1526,724,8,Synergy Technologies - Initial License,Closed Lost,19946,2024-12-21,2024-08-16,Outbound - SDR,Omitted,False,True,CompetitorB,No Decision,49,,New Business,2024-08-16T00:00:00
1527,363,5,Nexus Labs - Platform Deal,Qualification,42397,2024-12-21,2024-12-25,Inbound - Content,Best Case,False,False,,,41,Reference call,New Business,2024-12-25T00:00:00
1528,908,8,Horizon Networks - Platform Deal,Prospecting,15552,2025-03-19,2024-10-08,Product-Led,Pipeline,False,False,CompetitorA,,12,Legal review,New Business,2024-10-08T00:00:00
1529,619,2,Summit Analytics - Platform Deal,Closed Lost,82724,2024-12-31,2024-11-16,Outbound - SDR,Omitted,False,True,CompetitorE,No Decision,42,,New Business,2024-11-16T00:00:00
1530,4,5,Vanguard Platforms - New Business,Qualification,,2025-04-27,2024-12-17,Outbound - SDR,Best Case,False,False,CompetitorD,,58,,New Business,2024-12-17T00:00:00
1531,395,5,Nexus Networks - Initial License,Negotiation,176448,2020-06-05,2020-02-03,Inbound - Content,Commit,False,False,,,13,POC setup,New Business,2020-02-03T00:00:00
1532,663,9,Optima Dynamics - Platform Deal,Qualification,14893,2025-04-08,2024-07-25,Inbound - Web,Best Case,False,False,CompetitorA,,14,Send proposal,New Business,2024-07-25T00:00:00
1533,763,3,Quantum Software - Initial License,Prospecting,98989,2023-09-29,2023-08-20,Inbound - Web,Pipeline,False,False,CompetitorB,,44,POC setup,New Business,2023-08-20T00:00:00
1534,502,14,Elevate Services - Platform Deal,Discovery,68043,2025-02-18,2024-08-09,Partner Referral,Pipeline,False,False,CompetitorB,,69,Send proposal,New Business,2024-08-09T00:00:00
1535,998,9,Synergy Solutions - New Business,Prospecting,204601,2021-07-09,2021-01-06,Product-Led,Pipeline,False,False,CompetitorA,,52,,New Business,2021-01-06T00:00:00
1536,514,5,Vertex Platforms - Platform Deal,Closed Lost,38635,2024-06-10,2024-01-06,Outbound - SDR,Omitted,False,True,CompetitorA,Champion Left,28,,New Business,2024-01-06T00:00:00
1537,574,9,Zenith Software - Platform Deal,Qualification,867328,2024-06-14,2024-04-30,Partner Referral,Best Case,False,False,CompetitorA,,4,Schedule demo,New Business,2024-04-30T00:00:00
1538,363,5,Nexus Labs - Initial License,Prospecting,13303,2021-06-25,2021-02-19,Outbound - AE,Pipeline,False,False,Open Source Alternative,,60,,New Business,2021-02-19T00:00:00
1539,709,10,Vanguard Partners - Initial License,Qualification,26639,2021-09-22,2021-09-25,Event,Best Case,False,False,,,50,,New Business,2021-09-25T00:00:00
1540,723,9,Nexus Digital - New Business,Discovery,153336,2025-03-04,2024-10-04,Outbound - AE,Pipeline,False,False,CompetitorA,,55,Reference call,New Business,2024-10-04T00:00:00
1541,491,12,Velocity Solutions - Upsell,Closed Lost,19808,2024-03-29,2024-01-03,Webinar,Omitted,False,True,CompetitorE,Lost to Status Quo,6,,Expansion,2024-01-03T00:00:00
1542,409,10,Velocity Platforms - New Business,Proposal,35319,2024-05-13,2024-03-06,Inbound - Content,Best Case,False,False,CompetitorC,,68,Technical review,New Business,2024-03-06T00:00:00
1543,411,15,Vertex Labs - Initial License,Prospecting,36370,2024-05-25,2024-04-12,Inbound - Web,Pipeline,False,False,CompetitorB,,13,Executive alignment,New Business,2024-04-12T00:00:00
1544,926,2,Synergy Inc - Renewal,Closed Lost,84712,2024-12-31,2024-12-12,Inbound - Content,Omitted,False,True,,Timing,9,,Renewal,2024-12-12T00:00:00
1545,692,5,Velocity Partners - Platform Deal,Prospecting,26658,2022-02-24,2022-01-04,Partner Referral,Pipeline,False,False,,,4,Legal review,New Business,2022-01-04T00:00:00
1546,401,5,Global Platforms - Initial License,Closed Won,111916,2023-12-24,2023-10-04,Product-Led,Closed,True,True,,,39,,New Business,2023-10-04T00:00:00
1547,348,11,Vanguard Solutions - Platform Deal,Discovery,59888,2025-05-09,2024-12-11,Event,Pipeline,False,False,CompetitorB,,16,POC setup,New Business,2024-12-11T00:00:00
1548,591,13,Catalyst Corp - Initial License,Closed Lost,57669,2023-06-22,2022-12-02,Outbound - AE,Omitted,False,True,CompetitorA,Competitor,3,,New Business,2022-12-02T00:00:00
1549,720,13,Vanguard Corp - Initial License,Prospecting,62813,2024-12-31,2024-05-10,Outbound - SDR,Pipeline,False,False,,,47,,New Business,2024-05-10T00:00:00
1550,680,15,Pinnacle Systems - Initial License,Negotiation,436455,2023-05-23,2022-08-29,Event,Commit,False,False,,,21,POC setup,New Business,2022-08-29T00:00:00
1551,899,3,Nova Platforms - Platform Deal,Negotiation,37391,2024-10-10,2024-03-03,Outbound - SDR,Commit,False,False,Open Source Alternative,,43,Reference call,New Business,2024-03-03T00:00:00
1552,675,4,Summit Analytics - Platform Deal,Closed Won,84114,2024-06-24,2024-02-17,Inbound - Content,Closed,True,True,,,42,,New Business,2024-02-17T00:00:00
1553,213,4,Fusion Analytics - Initial License,Proposal,206075,2025-02-16,2024-10-11,,Best Case,False,False,,,25,Schedule demo,New Business,2024-10-11T00:00:00
1554,125,7,Acme Platforms - Initial License,Discovery,175173,2023-02-24,2022-08-23,Product-Led,Pipeline,False,False,,,36,Reference call,New Business,2022-08-23T00:00:00
1555,196,15,Pacific Enterprises - Initial License,Closed Lost,480592,2024-09-22,2024-07-08,Event,Omitted,False,True,Open Source Alternative,No Decision,32,,New Business,2024-07-08T00:00:00
1556,325,8,Pacific Corp - Platform Deal,Discovery,27005,2024-07-10,2023-11-06,Inbound - Web,Pipeline,False,False,CompetitorD,,60,Send proposal,New Business,2023-11-06T00:00:00
1557,711,10,Summit Partners - New Business,Closed Won,41373,2024-12-31,2024-09-20,Outbound - AE,Closed,True,True,CompetitorE,,41,,New Business,2024-09-20T00:00:00
1558,521,9,Vanguard Systems - Platform Deal,Closed Won,14496,2024-12-31,2024-12-10,Inbound - Content,Closed,True,True,,,28,,New Business,2024-12-10T00:00:00
1559,948,4,Global Platforms - New Business,Discovery,702559,2024-10-28,2024-09-10,Event,Pipeline,False,False,,,20,Executive alignment,New Business,2024-09-10T00:00:00
1560,614,15,Fusion Dynamics - Platform Deal,Prospecting,188404,2025-05-27,2024-09-16,Event,Pipeline,False,False,CompetitorC,,10,Contract signing,New Business,2024-09-16T00:00:00
1561,641,12,Quantum Dynamics - Platform Deal,Qualification,30030,2025-05-29,2024-12-02,Outbound - SDR,Best Case,False,False,CompetitorA,,20,,New Business,2024-12-02T00:00:00
1562,71,10,Zenith Enterprises - Initial License,Prospecting,14679,2025-05-17,2024-12-15,Webinar,Pipeline,False,False,CompetitorD,,29,,New Business,2024-12-15T00:00:00
1563,282,15,Global Networks - Platform Deal,Prospecting,34373,2025-03-08,2024-09-11,Outbound - SDR,Pipeline,False,False,CompetitorD,,3,Reference call,New Business,2024-09-11T00:00:00
1564,298,16,Summit Technologies - Platform Deal,Qualification,148302,2025-01-30,2024-12-06,Webinar,Best Case,False,False,,,38,,New Business,2024-12-06T00:00:00
1425,729,10,Acme Technologies - New Business,Proposal,153357,2024-10-12,2024-08-03,Partner Referral,Best Case,False,False,CompetitorD,,43,,New Business,2024-08-03T00:00:00
1566,912,8,Nexus Networks - Initial License,Discovery,124482,2024-12-28,2024-07-07,Inbound - Content,Pipeline,False,False,CompetitorA,,49,Technical review,New Business,2024-07-07T00:00:00
1567,909,6,Vanguard Dynamics - Platform Deal,Discovery,,2024-05-15,2023-10-05,Product-Led,Pipeline,False,False,CompetitorB,,8,Schedule demo,New Business,2023-10-05T00:00:00
1568,281,11,Horizon Systems - New Business,Qualification,47089,2025-02-05,2024-12-23,Outbound - AE,Best Case,False,False,Open Source Alternative,,16,Schedule demo,New Business,2024-12-23T00:00:00
1569,798,1,Acme Partners - Platform Deal,Qualification,14471,2024-10-24,2024-02-03,Event,Best Case,False,False,CompetitorE,,33,POC setup,New Business,2024-02-03T00:00:00
1570,605,6,Horizon Inc - Upsell,Qualification,13325,2024-11-04,2024-06-27,Partner Referral,Best Case,False,False,CompetitorD,,36,POC setup,Expansion,2024-06-27T00:00:00
1571,54,4,Vertex Holdings - Initial License,Closed Lost,53021,2024-06-17,2024-03-25,Partner Referral,Omitted,False,True,CompetitorB,Lost to Status Quo,43,,New Business,2024-03-25T00:00:00
1572,297,10,Horizon Group - New Business,Discovery,141791,2024-07-26,2023-11-16,Partner Referral,Pipeline,False,False,CompetitorA,,49,Send proposal,New Business,2023-11-16T00:00:00
1573,170,6,Quantum Labs - Platform Deal,Discovery,13094,2022-05-19,2022-01-07,Outbound - AE,Pipeline,False,False,CompetitorC,,19,Schedule demo,New Business,2022-01-07T00:00:00
1574,754,5,Elevate Inc - Platform Deal,Qualification,5480,2025-01-26,2024-07-04,Inbound - Web,Best Case,False,False,,,27,POC setup,New Business,2024-07-04T00:00:00
1575,581,12,Synergy Inc - Upsell,Prospecting,90419,2022-11-11,2022-08-07,Event,Pipeline,False,False,CompetitorA,,67,Contract signing,Expansion,2022-08-07T00:00:00
1576,176,8,Quantum Partners - New Business,Qualification,8324,2024-11-07,2024-09-09,Outbound - AE,Best Case,False,False,,,22,Contract signing,New Business,2024-09-09T00:00:00
1577,629,3,Nova Solutions - Platform Deal,Prospecting,121322,2023-01-20,2022-12-09,Inbound - Web,Pipeline,False,False,,,35,Technical review,New Business,2022-12-09T00:00:00
1578,315,2,Vanguard Platforms - New Business,Qualification,120044,2021-05-02,2021-03-05,,Best Case,False,False,Open Source Alternative,,18,POC setup,New Business,2021-03-05T00:00:00
1579,73,9,Vertex Software - New Business,Prospecting,22608,2024-12-23,2024-08-05,Product-Led,Pipeline,False,False,CompetitorA,,63,POC setup,New Business,2024-08-05T00:00:00
1580,904,5,Elevate Software - Platform Deal,Proposal,16549,2025-06-01,2024-11-18,Outbound - AE,Best Case,False,False,,,16,,New Business,2024-11-18T00:00:00
1581,880,15,Summit Analytics - New Business,Qualification,20471,2025-01-08,2024-09-26,Product-Led,Best Case,False,False,CompetitorC,,28,Reference call,New Business,2024-09-26T00:00:00
1582,938,2,Synergy Dynamics - New Business,Qualification,14038,2025-08-24,2024-12-11,Inbound - Web,Best Case,False,False,CompetitorB,,42,Contract signing,New Business,2024-12-11T00:00:00
1583,619,2,Summit Analytics - Platform Deal,Closed Lost,41734,2024-03-20,2023-12-15,Inbound - Content,Omitted,False,True,CompetitorA,No Decision,42,,New Business,2023-12-15T00:00:00
1584,340,9,Velocity Networks - Platform Deal,Qualification,55151,2025-03-10,2024-06-18,Inbound - Web,Best Case,False,False,CompetitorB,,8,POC setup,New Business,2024-06-18T00:00:00
1585,145,8,Nexus Platforms - New Business,Closed Lost,42477,2024-12-31,2024-09-07,Outbound - SDR,Omitted,False,True,CompetitorE,No Decision,7,,New Business,2024-09-07T00:00:00
1586,786,14,Quantum Solutions - Initial License,Prospecting,31094,2025-01-13,2024-10-01,Outbound - SDR,Pipeline,False,False,,,37,Schedule demo,New Business,2024-10-01T00:00:00
1587,253,13,Zenith Corp - New Business,Qualification,24576,2024-11-01,2024-03-30,,Best Case,False,False,Open Source Alternative,,12,,New Business,2024-03-30T00:00:00
1588,942,4,Vanguard Software - Platform Deal,Closed Lost,138049,2024-09-08,2024-05-06,Inbound - Web,Omitted,False,True,CompetitorE,Feature Gap,22,,New Business,2024-05-06T00:00:00
1589,239,11,Catalyst Analytics - New Business,Prospecting,32902,2024-12-01,2024-07-21,Webinar,Pipeline,False,False,,,26,POC setup,New Business,2024-07-21T00:00:00
1590,960,14,Vanguard Labs - New Business,Proposal,59756,2024-07-30,2024-02-02,Outbound - AE,Best Case,False,False,,,53,Schedule demo,New Business,2024-02-02T00:00:00
1591,530,8,Horizon Platforms - Platform Deal,Qualification,136491,2023-05-31,2022-11-27,Event,Best Case,False,False,CompetitorD,,52,Contract signing,New Business,2022-11-27T00:00:00
1592,469,16,Pacific Software - Platform Deal,Qualification,22339,2025-03-17,2024-10-15,Inbound - Content,Best Case,False,False,CompetitorB,,36,POC setup,New Business,2024-10-15T00:00:00
1593,148,12,Fusion Technologies - Platform Deal,Discovery,15837,2025-02-05,2024-06-11,Partner Referral,Pipeline,False,False,,,30,Reference call,New Business,2024-06-11T00:00:00
1594,418,12,Fusion Systems - Platform Deal,Closed Lost,17665,2022-04-27,2022-03-01,Event,Omitted,False,True,CompetitorB,Price,55,,New Business,2022-03-01T00:00:00
1595,956,7,Elevate Technologies - Platform Deal,Qualification,15076,2024-11-02,2024-02-26,Product-Led,Best Case,False,False,,,49,POC setup,New Business,2024-02-26T00:00:00
1596,235,16,Synergy Networks - New Business,Closed Lost,67146,2023-12-07,2023-08-11,Partner Referral,Omitted,False,True,CompetitorA,Timing,15,,New Business,2023-08-11T00:00:00
1597,543,5,Nova Enterprises - Platform Deal,Discovery,880582,2024-03-15,2024-01-13,Partner Referral,Pipeline,False,False,,,40,Contract signing,New Business,2024-01-13T00:00:00
1598,434,14,Summit Networks - Initial License,Qualification,127144,2022-12-12,2022-07-13,Product-Led,Best Case,False,False,CompetitorB,,28,,New Business,2022-07-13T00:00:00
1599,862,11,Vanguard Group - Initial License,Qualification,31029,2021-09-15,2021-03-15,Inbound - Content,Best Case,False,False,CompetitorC,,28,,New Business,2021-03-15T00:00:00
1052,326,4,Atlas Networks - New Business,Discovery,153283,2023-06-24,2023-02-17,Outbound - SDR,Pipeline,False,False,,,56,Reference call,New Business,2023-02-17T00:00:00
1601,916,10,Fusion Solutions - Initial License,Closed Won,177727,2024-12-31,2024-11-15,Product-Led,Closed,True,True,Open Source Alternative,,33,,New Business,2024-11-15T00:00:00
1602,864,10,Summit Digital - Platform Deal,Prospecting,6037,2025-04-18,2024-12-05,Outbound - AE,Pipeline,False,False,CompetitorD,,67,Schedule demo,New Business,2024-12-05T00:00:00
1603,42,1,Fusion Solutions - Platform Deal,Prospecting,149144,2024-12-31,2024-10-06,,Pipeline,False,False,,,36,Contract signing,New Business,2024-10-06T00:00:00
1604,492,8,Synergy Services - Platform Deal,Qualification,5481,2021-08-09,2021-05-05,Event,Best Case,False,False,,,58,,New Business,2021-05-05T00:00:00
1605,7,2,Catalyst Platforms - Initial License,Prospecting,34526,2024-04-12,2023-10-03,Outbound - SDR,Pipeline,False,False,CompetitorB,,3,,New Business,2023-10-03T00:00:00
1606,905,12,Vanguard Technologies - New Business,Discovery,51474,2025-01-17,2024-10-17,Event,Pipeline,False,False,,,69,Reference call,New Business,2024-10-17T00:00:00
1607,855,4,Global Partners - Platform Deal,Proposal,11224,2025-03-22,2024-12-31,Webinar,Best Case,False,False,CompetitorB,,13,Executive alignment,New Business,2024-12-31T00:00:00
1608,202,1,Apex Digital - New Business,Negotiation,122369,2023-05-18,2023-02-13,Outbound - AE,Commit,False,False,,,19,Schedule demo,New Business,2023-02-13T00:00:00
1609,735,3,Apex Dynamics - Platform Deal,Closed Lost,65223,2023-12-29,2023-08-24,Product-Led,Omitted,False,True,CompetitorA,No Decision,38,,New Business,2023-08-24T00:00:00
1610,160,5,Pacific Systems - New Business,Discovery,10666,2023-11-29,2023-03-26,Outbound - AE,Pipeline,False,False,CompetitorB,,2,Schedule demo,New Business,2023-03-26T00:00:00
1611,131,11,Pinnacle Holdings - Platform Deal,Qualification,30295,2024-09-10,2024-06-05,Event,Best Case,False,False,CompetitorB,,51,Technical review,New Business,2024-06-05T00:00:00
1612,544,15,Horizon Platforms - Initial License,Proposal,115772,2024-12-06,2024-04-01,Inbound - Web,Best Case,False,False,CompetitorD,,40,Send proposal,New Business,2024-04-01T00:00:00
1613,293,10,Zenith Digital - New Business,Discovery,27445,2023-06-27,2023-02-03,Inbound - Web,Pipeline,False,False,,,30,Contract signing,New Business,2023-02-03T00:00:00
1614,631,14,Vertex Labs - New Business,Proposal,123587,2024-10-14,2024-07-25,Webinar,Best Case,False,False,,,9,POC setup,New Business,2024-07-25T00:00:00
1615,775,12,Nexus Partners - New Business,Proposal,176587,2025-07-20,2024-12-20,Inbound - Content,Best Case,False,False,CompetitorC,,51,Technical review,New Business,2024-12-20T00:00:00
1616,263,11,Nexus Inc - Platform Deal,Discovery,33123,2021-04-16,2021-02-04,Event,Pipeline,False,False,CompetitorD,,3,Schedule demo,New Business,2021-02-04T00:00:00
1617,664,4,Zenith Dynamics - Platform Deal,Negotiation,143530,2025-03-29,2024-12-27,Product-Led,Commit,False,False,CompetitorE,,35,Send proposal,New Business,2024-12-27T00:00:00
1618,492,8,Synergy Services - Platform Deal,Prospecting,6534,2022-12-15,2022-05-02,Outbound - SDR,Pipeline,False,False,CompetitorA,,21,Send proposal,New Business,2022-05-02T00:00:00
1619,646,11,Summit Software - New Business,Negotiation,34847,2024-03-26,2023-08-06,Product-Led,Commit,False,False,CompetitorE,,67,POC setup,New Business,2023-08-06T00:00:00
1620,574,9,Zenith Software - New Business,Negotiation,651829,2025-02-17,2024-10-13,Inbound - Content,Commit,False,False,CompetitorC,,15,Executive alignment,New Business,2024-10-13T00:00:00
1621,141,2,Acme Platforms - Initial License,Qualification,39169,2024-05-26,2024-04-11,Inbound - Content,Best Case,False,False,,,14,Executive alignment,New Business,2024-04-11T00:00:00
1622,989,12,Nexus Holdings - Contract Renewal,Discovery,23074,2024-12-16,2024-10-16,Product-Led,Pipeline,False,False,Open Source Alternative,,55,Reference call,Renewal,2024-10-16T00:00:00
1623,852,8,Synergy Solutions - Platform Deal,Discovery,634366,2025-07-17,2024-11-14,Outbound - AE,Pipeline,False,False,Open Source Alternative,,48,Technical review,New Business,2024-11-14T00:00:00
1624,352,15,Fusion Holdings - Platform Deal,Discovery,407098,2025-02-26,2024-08-23,Webinar,Pipeline,False,False,CompetitorC,,17,POC setup,New Business,2024-08-23T00:00:00
1625,30,16,Fusion Networks - Initial License,Closed Lost,14284,2024-08-31,2024-08-04,Outbound - SDR,Omitted,False,True,,No Decision,32,,New Business,2024-08-04T00:00:00
1626,992,11,Pinnacle Labs - New Business,Qualification,,2025-01-31,2024-09-27,Inbound - Web,Best Case,False,False,CompetitorE,,34,,New Business,2024-09-27T00:00:00
1627,693,3,Nova Platforms - New Business,Discovery,28521,2024-04-22,2023-11-01,Outbound - AE,Pipeline,False,False,Open Source Alternative,,20,POC setup,New Business,2023-11-01T00:00:00
1628,6,1,Nova Holdings - New Business,Qualification,20267,2024-09-08,2024-08-01,Outbound - AE,Best Case,False,False,Open Source Alternative,,16,Contract signing,New Business,2024-08-01T00:00:00
1629,337,5,Optima Analytics - Expansion,Discovery,57950,2024-11-05,2024-09-11,Outbound - SDR,Pipeline,False,False,CompetitorB,,5,,Expansion,2024-09-11T00:00:00
1630,717,14,Vanguard Partners - New Business,Negotiation,34974,2023-10-02,2023-07-11,Outbound - AE,Commit,False,False,,,21,Reference call,New Business,2023-07-11T00:00:00
1631,804,8,Acme Partners - Platform Deal,Qualification,70119,2023-04-29,2022-10-05,Partner Referral,Best Case,False,False,CompetitorC,,11,,New Business,2022-10-05T00:00:00
1632,582,2,Quantum Technologies - Platform Deal,Qualification,284131,2023-04-25,2023-03-21,Event,Best Case,False,False,CompetitorE,,42,Executive alignment,New Business,2023-03-21T00:00:00
1633,260,16,Nova Services - Upsell,Closed Lost,11253,2023-09-16,2023-04-02,,Omitted,False,True,,Lost to Status Quo,29,,Expansion,2023-04-02T00:00:00
1634,562,3,Vanguard Software - New Business,Prospecting,31525,2023-11-28,2023-06-14,Outbound - AE,Pipeline,False,False,CompetitorC,,37,Send proposal,New Business,2023-06-14T00:00:00
1635,352,15,Fusion Holdings - Platform Deal,Prospecting,326574,2025-02-11,2024-11-04,,Pipeline,False,False,CompetitorC,,45,Executive alignment,New Business,2024-11-04T00:00:00
1636,874,7,Quantum Services - Initial License,Discovery,131711,2024-12-17,2024-07-07,Inbound - Content,Pipeline,False,False,,,5,Technical review,New Business,2024-07-07T00:00:00
1637,666,8,Atlas Systems - New Business,Proposal,145772,2021-12-30,2021-11-15,Inbound - Content,Best Case,False,False,,,20,Send proposal,New Business,2021-11-15T00:00:00
1638,92,8,Acme Labs - Platform Deal,Closed Lost,,2023-04-19,2023-01-14,Webinar,Omitted,False,True,Open Source Alternative,No Decision,48,,New Business,2023-01-14T00:00:00
1639,840,9,Nexus Inc - Platform Deal,Closed Lost,30182,2023-12-20,2023-04-08,Inbound - Web,Omitted,False,True,CompetitorD,Budget Cut,18,,New Business,2023-04-08T00:00:00
1640,287,13,Global Solutions - Platform Deal,Qualification,20934,2023-04-23,2023-02-10,Outbound - SDR,Best Case,False,False,CompetitorD,,54,Executive alignment,New Business,2023-02-10T00:00:00
1641,949,7,Optima Software - New Business,Qualification,182305,2022-10-20,2022-05-05,Outbound - AE,Best Case,False,False,,,32,Technical review,New Business,2022-05-05T00:00:00
1642,606,6,Pinnacle Solutions - Initial License,Qualification,31188,2025-07-24,2024-12-15,Partner Referral,Best Case,False,False,,,46,Technical review,New Business,2024-12-15T00:00:00
1643,317,14,Vertex Systems - New Business,Qualification,39960,2022-08-20,2022-02-04,Product-Led,Best Case,False,False,CompetitorE,,66,Technical review,New Business,2022-02-04T00:00:00
320,898,16,Vanguard Holdings - Initial License,Closed Lost,47209,2024-12-31,2024-12-05,Outbound - SDR,Omitted,False,True,CompetitorA,Competitor,15,,New Business,2024-12-05T00:00:00
1645,400,4,Fusion Solutions - Initial License,Qualification,48978,2025-08-03,2024-11-13,,Best Case,False,False,,,59,POC setup,New Business,2024-11-13T00:00:00
1646,798,1,Acme Partners - Initial License,Discovery,33910,2022-08-25,2022-06-05,Product-Led,Pipeline,False,False,Open Source Alternative,,2,Contract signing,New Business,2022-06-05T00:00:00
1647,275,10,Acme Inc - Initial License,Closed Won,530009,2022-09-06,2022-06-18,Partner Referral,Closed,True,True,,,14,,New Business,2022-06-18T00:00:00
1648,790,10,Nova Partners - Initial License,Prospecting,52229,2025-04-16,2024-12-10,Inbound - Content,Pipeline,False,False,CompetitorC,,62,Send proposal,New Business,2024-12-10T00:00:00
1649,564,7,Elevate Systems - New Business,Closed Won,42945,2024-08-17,2024-03-07,Partner Referral,Closed,True,True,,,26,,New Business,2024-03-07T00:00:00
1650,804,1,Acme Partners - New Business,Proposal,214642,2025-05-25,2024-11-10,Event,Best Case,False,False,CompetitorC,,25,Legal review,New Business,2024-11-10T00:00:00
1651,660,5,Elevate Software - Platform Deal,Closed Won,844443,2023-06-23,2023-06-09,Inbound - Web,Closed,True,True,CompetitorB,,32,,New Business,2023-06-09T00:00:00
769,445,5,Fusion Enterprises - Initial License,Negotiation,212178,2025-03-18,2024-12-06,Inbound - Content,Commit,False,False,CompetitorB,,52,Executive alignment,New Business,2024-12-06T00:00:00
1653,94,16,Pacific Dynamics - Initial License,Closed Won,147855,2024-11-19,2024-12-19,Outbound - SDR,Closed,True,True,CompetitorD,,54,,New Business,2024-12-19T00:00:00
1654,887,7,Fusion Software - New Business,Closed Lost,20831,2023-01-28,2022-08-03,Webinar,Omitted,False,True,CompetitorB,No Decision,40,,New Business,2022-08-03T00:00:00
1655,459,4,Velocity Dynamics - New Business,Proposal,9971,2022-10-24,2022-04-05,,Best Case,False,False,Open Source Alternative,,4,POC setup,New Business,2022-04-05T00:00:00
1656,854,12,Synergy Labs - New Business,Qualification,53080,2024-10-16,2024-02-01,Event,Best Case,False,False,Open Source Alternative,,2,Legal review,New Business,2024-02-01T00:00:00
1657,992,11,Pinnacle Labs - Initial License,Prospecting,43142,2024-08-08,2023-12-09,Inbound - Content,Pipeline,False,False,,,55,Legal review,New Business,2023-12-09T00:00:00
1658,722,10,Fusion Group - New Business,Discovery,95220,2025-02-06,2024-08-14,Webinar,Pipeline,False,False,,,32,,New Business,2024-08-14T00:00:00
1659,921,6,Pacific Holdings - Initial License,Closed Lost,43591,2024-12-31,2024-11-11,Outbound - AE,Omitted,False,True,CompetitorA,No Decision,45,,New Business,2024-11-11T00:00:00
1660,932,3,Atlas Networks - Platform Deal,Proposal,31294,2024-02-07,2023-06-24,Outbound - SDR,Best Case,False,False,Open Source Alternative,,36,,New Business,2023-06-24T00:00:00
1661,914,2,Summit Systems - Upsell,Closed Lost,57573,2020-12-22,2020-07-09,Outbound - AE,Omitted,False,True,CompetitorA,No Decision,10,,Expansion,2020-07-09T00:00:00
1662,7,4,Catalyst Platforms - Platform Deal,Prospecting,32138,2023-03-31,2022-08-14,Inbound - Web,Pipeline,False,False,,,36,Reference call,New Business,2022-08-14T00:00:00
1663,434,13,Summit Networks - New Business,Qualification,139430,2024-02-28,2023-07-05,Webinar,Best Case,False,False,CompetitorE,,37,,New Business,2023-07-05T00:00:00
1664,944,13,Zenith Group - New Business,Proposal,21071,2025-04-21,2024-10-30,Product-Led,Best Case,False,False,,,60,Technical review,New Business,2024-10-30T00:00:00
1665,406,9,Global Digital - Upsell,Qualification,7240,2023-12-05,2023-06-11,Outbound - SDR,Best Case,False,False,CompetitorE,,27,Technical review,Expansion,2023-06-11T00:00:00
1666,993,7,Vertex Partners - Initial License,Negotiation,165010,2023-07-27,2023-03-05,Event,Commit,False,False,,,54,Send proposal,New Business,2023-03-05T00:00:00
1667,922,8,Vanguard Services - New Business,Prospecting,23123,2024-10-31,2024-09-10,Partner Referral,Pipeline,False,False,CompetitorB,,34,,New Business,2024-09-10T00:00:00
1668,352,15,Fusion Holdings - New Business,Discovery,255581,2025-05-14,2024-08-31,Webinar,Pipeline,False,False,,,15,,New Business,2024-08-31T00:00:00
1669,232,15,Global Enterprises - Initial License,Prospecting,41808,2025-07-27,2024-12-13,Product-Led,Pipeline,False,False,CompetitorA,,17,,New Business,2024-12-13T00:00:00
1670,158,16,Pinnacle Holdings - New Business,Proposal,52829,2024-10-25,2024-02-07,Outbound - SDR,Best Case,False,False,,,43,Executive alignment,New Business,2024-02-07T00:00:00
1671,155,1,Horizon Dynamics - New Business,Qualification,10131,2023-07-06,2023-03-02,Inbound - Content,Best Case,False,False,CompetitorE,,43,Send proposal,New Business,2023-03-02T00:00:00
1672,612,14,Optima Group - New Business,Discovery,63498,2025-02-02,2024-12-06,Partner Referral,Pipeline,False,False,Open Source Alternative,,29,Schedule demo,New Business,2024-12-06T00:00:00
1673,183,5,Global Solutions - Initial License,Discovery,28318,2025-07-07,2024-11-18,Outbound - AE,Pipeline,False,False,,,42,Contract signing,New Business,2024-11-18T00:00:00
1674,887,7,Fusion Software - Initial License,Discovery,15280,2023-03-21,2022-11-29,Outbound - AE,Pipeline,False,False,,,13,POC setup,New Business,2022-11-29T00:00:00
1493,603,14,Acme Digital - New Business,Qualification,331397,2024-06-27,2023-11-12,Outbound - AE,Best Case,False,False,Open Source Alternative,,39,,New Business,2023-11-12T00:00:00
1676,212,16,Nexus Partners - New Business,Qualification,31291,2025-03-18,2024-10-21,Outbound - AE,Best Case,False,False,Open Source Alternative,,11,Legal review,New Business,2024-10-21T00:00:00
1199,391,14,Global Software - Initial License,Closed Lost,22174,2024-07-19,2024-06-29,Inbound - Content,Omitted,False,True,,Champion Left,77,,New Business,2024-06-29T00:00:00
1678,262,5,Zenith Group - New Business,Prospecting,21095,2020-10-03,2020-05-04,Event,Pipeline,False,False,,,35,POC setup,New Business,2020-05-04T00:00:00
1679,472,2,Vanguard Holdings - New Business,Discovery,19035,2024-05-30,2024-02-14,Outbound - AE,Pipeline,False,False,CompetitorD,,27,Technical review,New Business,2024-02-14T00:00:00
1680,995,7,Vanguard Labs - Initial License,Discovery,15196,2024-07-03,2023-11-11,Inbound - Content,Pipeline,False,False,,,43,,New Business,2023-11-11T00:00:00
1681,97,15,Nova Labs - Initial License,Discovery,22752,2025-04-01,2024-10-28,Inbound - Content,Pipeline,False,False,CompetitorB,,22,Schedule demo,New Business,2024-10-28T00:00:00
1682,7,4,Catalyst Platforms - Platform Deal,Prospecting,38218,2024-10-01,2024-07-21,,Pipeline,False,False,CompetitorB,,25,Legal review,New Business,2024-07-21T00:00:00
1683,870,1,Synergy Labs - New Business,Prospecting,65547,2024-03-03,2023-12-30,Outbound - AE,Pipeline,False,False,,,16,Schedule demo,New Business,2023-12-30T00:00:00
1684,542,1,Apex Networks - New Business,Discovery,12323,2023-07-21,2023-01-31,Event,Pipeline,False,False,CompetitorE,,38,Send proposal,New Business,2023-01-31T00:00:00
1685,512,6,Global Holdings - Initial License,Discovery,18334,2023-04-01,2023-01-19,Partner Referral,Pipeline,False,False,CompetitorD,,19,POC setup,New Business,2023-01-19T00:00:00
1686,171,2,Nexus Group - Initial License,Qualification,273740,2023-10-29,2023-04-15,Inbound - Content,Best Case,False,False,,,23,Technical review,New Business,2023-04-15T00:00:00
1687,584,14,Optima Platforms - Platform Deal,Proposal,225928,2025-02-18,2024-10-05,Product-Led,Best Case,False,False,,,67,Executive alignment,New Business,2024-10-05T00:00:00
1688,672,15,Synergy Solutions - New Business,Negotiation,14922,2025-02-24,2024-11-14,Partner Referral,Commit,False,False,,,43,Technical review,New Business,2024-11-14T00:00:00
1689,543,5,Nova Enterprises - Platform Deal,Qualification,532023,2023-08-23,2023-06-05,Partner Referral,Best Case,False,False,,,45,Schedule demo,New Business,2023-06-05T00:00:00
1690,150,15,Quantum Holdings - Platform Deal,Closed Won,8400,2024-12-31,2024-10-18,Outbound - SDR,Closed,True,True,CompetitorC,,26,,New Business,2024-10-18T00:00:00
1691,94,10,Pacific Dynamics - Initial License,Prospecting,110123,2025-02-03,2024-12-19,Inbound - Web,Pipeline,False,False,CompetitorB,,30,Legal review,New Business,2024-12-19T00:00:00
1692,910,2,Zenith Software - New Business,Discovery,38240,2022-06-21,2021-10-23,Event,Pipeline,False,False,CompetitorE,,40,Schedule demo,New Business,2021-10-23T00:00:00
1198,53,10,Fusion Digital - New Business,Qualification,49000,2023-06-24,2023-02-05,Webinar,Best Case,False,False,,,39,Executive alignment,New Business,2023-02-05T00:00:00
1694,148,3,Fusion Technologies - Initial License,Negotiation,17566,2024-06-08,2023-11-30,Inbound - Web,Commit,False,False,CompetitorA,,16,Send proposal,New Business,2023-11-30T00:00:00
1695,588,8,Pinnacle Solutions - Initial License,Prospecting,22696,2025-03-13,2024-11-18,Outbound - SDR,Pipeline,False,False,CompetitorE,,23,Executive alignment,New Business,2024-11-18T00:00:00
1696,643,6,Catalyst Networks - New Business,Qualification,130894,2023-11-10,2023-06-02,Inbound - Content,Best Case,False,False,CompetitorD,,38,POC setup,New Business,2023-06-02T00:00:00
1697,168,13,Catalyst Platforms - New Business,Closed Lost,46320,2024-12-31,2024-09-15,Inbound - Content,Omitted,False,True,CompetitorA,Lost to Status Quo,34,,New Business,2024-09-15T00:00:00
1698,675,1,Summit Analytics - Initial License,Qualification,31296,2023-10-27,2023-02-04,Product-Led,Best Case,False,False,CompetitorE,,42,Technical review,New Business,2023-02-04T00:00:00
1699,895,6,Pinnacle Labs - Platform Deal,Closed Won,62850,2024-12-31,2024-12-14,Outbound - AE,Closed,True,True,Open Source Alternative,,18,,New Business,2024-12-14T00:00:00
256,751,13,Nova Digital - New Business,Negotiation,145490,2025-03-16,2024-06-26,Outbound - AE,Commit,False,False,,,57,,New Business,2024-06-26T00:00:00
1701,41,2,Nexus Corp - New Business,Closed Lost,107063,2024-12-07,2024-11-13,Outbound - SDR,Omitted,False,True,CompetitorB,Price,14,,New Business,2024-11-13T00:00:00
1702,505,8,Zenith Software - Platform Deal,Discovery,7048,2023-11-23,2023-08-31,,Pipeline,False,False,CompetitorA,,17,Legal review,New Business,2023-08-31T00:00:00
1703,955,4,Pacific Solutions - Platform Deal,Proposal,204344,2022-09-09,2022-01-23,Inbound - Content,Best Case,False,False,,,51,Schedule demo,New Business,2022-01-23T00:00:00
1704,286,14,Vanguard Inc - New Business,Closed Lost,42958,2024-12-31,2024-08-26,Event,Omitted,False,True,CompetitorC,Price,53,,New Business,2024-08-26T00:00:00
841,732,2,Vertex Partners - Platform Deal,Qualification,40623,2025-03-22,2024-12-04,Inbound - Content,Best Case,False,False,,,18,Legal review,New Business,2024-12-04T00:00:00
1706,407,16,Vertex Services - New Business,Qualification,19281,2024-12-30,2024-10-23,Event,Best Case,False,False,CompetitorC,,1,Contract signing,New Business,2024-10-23T00:00:00
1707,295,3,Pacific Technologies - Initial License,Prospecting,32188,2023-01-12,2022-05-31,Product-Led,Pipeline,False,False,Open Source Alternative,,42,POC setup,New Business,2022-05-31T00:00:00
1708,667,7,Nova Analytics - Platform Deal,Closed Lost,24385,2022-09-22,2022-08-09,Inbound - Content,Omitted,False,True,CompetitorC,Budget Cut,24,,New Business,2022-08-09T00:00:00
1709,663,5,Optima Dynamics - Platform Deal,Negotiation,40048,2024-12-04,2024-04-06,Event,Commit,False,False,,,39,Send proposal,New Business,2024-04-06T00:00:00
1710,799,10,Atlas Platforms - New Business,Discovery,13034,2025-01-17,2024-07-09,Outbound - SDR,Pipeline,False,False,,,10,Reference call,New Business,2024-07-09T00:00:00
576,237,9,Elevate Corp - Platform Deal,Qualification,40327,2024-09-22,2024-07-31,Inbound - Content,Best Case,False,False,,,28,Technical review,New Business,2024-07-31T00:00:00
1712,480,15,Acme Solutions - Platform Deal,Proposal,192808,2025-01-27,2024-10-10,Event,Best Case,False,False,CompetitorC,,12,Legal review,New Business,2024-10-10T00:00:00
1713,896,5,Elevate Networks - Initial License,Prospecting,152226,2025-06-11,2024-11-13,Outbound - SDR,Pipeline,False,False,CompetitorD,,40,Executive alignment,New Business,2024-11-13T00:00:00
1714,192,10,Apex Services - Initial License,Qualification,198645,2025-04-14,2024-10-20,Inbound - Web,Best Case,False,False,CompetitorE,,7,Schedule demo,New Business,2024-10-20T00:00:00
1715,814,8,Velocity Digital - Initial License,Discovery,35998,2024-03-08,2024-01-01,Product-Led,Pipeline,False,False,CompetitorE,,60,Schedule demo,New Business,2024-01-01T00:00:00
1716,223,6,Catalyst Software - New Business,Proposal,168223,2024-11-19,2024-09-13,Webinar,Best Case,False,False,CompetitorA,,40,Executive alignment,New Business,2024-09-13T00:00:00
1717,664,4,Zenith Dynamics - New Business,Prospecting,149258,2022-06-22,2022-04-21,Webinar,Pipeline,False,False,CompetitorB,,55,Technical review,New Business,2022-04-21T00:00:00
1718,266,1,Summit Enterprises - Initial License,Closed Lost,113571,2024-05-04,2024-01-02,Inbound - Web,Omitted,False,True,,Feature Gap,21,,New Business,2024-01-02T00:00:00
1719,261,8,Summit Partners - New Business,Closed Won,27683,2024-12-31,2024-11-22,Inbound - Web,Closed,True,True,CompetitorB,,41,,New Business,2024-11-22T00:00:00
1720,154,3,Acme Inc - Additional Seats,Proposal,41900,2024-10-26,2024-03-27,Outbound - SDR,Best Case,False,False,CompetitorA,,21,Schedule demo,Expansion,2024-03-27T00:00:00
1721,1,7,Elevate Networks - Platform Deal,Closed Lost,52242,2021-12-28,2021-08-19,Event,Omitted,False,True,,No Decision,30,,New Business,2021-08-19T00:00:00
1722,873,7,Pinnacle Enterprises - Platform Deal,Negotiation,36912,2023-09-17,2023-02-10,Inbound - Web,Commit,False,False,CompetitorB,,48,Executive alignment,New Business,2023-02-10T00:00:00
1723,105,8,Fusion Partners - Initial License,Closed Lost,44081,2024-12-31,2024-09-20,Partner Referral,Omitted,False,True,CompetitorB,Price,21,,New Business,2024-09-20T00:00:00
1724,209,6,Apex Services - Platform Deal,Discovery,456644,2024-08-20,2024-03-15,Webinar,Pipeline,False,False,,,32,Executive alignment,New Business,2024-03-15T00:00:00
1725,850,5,Optima Platforms - Platform Deal,Closed Lost,23749,2020-12-25,2020-11-12,Product-Led,Omitted,False,True,CompetitorA,Timing,46,,New Business,2020-11-12T00:00:00
1726,126,3,Nexus Networks - Initial License,Qualification,178206,2024-10-07,2024-06-02,Inbound - Web,Best Case,False,False,CompetitorE,,43,Executive alignment,New Business,2024-06-02T00:00:00
1727,691,15,Pinnacle Holdings - New Business,Negotiation,515529,2025-03-09,2024-11-11,Webinar,Commit,False,False,CompetitorB,,62,Contract signing,New Business,2024-11-11T00:00:00
1728,738,8,Catalyst Enterprises - Initial License,Closed Lost,29466,2024-12-31,2024-12-31,Partner Referral,Omitted,False,True,,Competitor,60,,New Business,2024-12-31T00:00:00
1729,114,8,Nova Partners - Platform Deal,Discovery,7866,2025-01-16,2024-09-15,Inbound - Content,Pipeline,False,False,CompetitorD,,52,Contract signing,New Business,2024-09-15T00:00:00
1730,664,16,Zenith Dynamics - Platform Deal,Qualification,201586,2020-08-20,2020-04-22,Webinar,Best Case,False,False,,,9,POC setup,New Business,2020-04-22T00:00:00
1731,561,8,Synergy Services - Platform Deal,Negotiation,85928,2024-10-23,2024-06-08,Partner Referral,Commit,False,False,,,52,Technical review,New Business,2024-06-08T00:00:00
1732,985,6,Vanguard Group - Platform Deal,Discovery,22422,2023-05-20,2022-10-06,Inbound - Content,Pipeline,False,False,,,48,Contract signing,New Business,2022-10-06T00:00:00
1733,420,11,Nexus Systems - Initial License,Closed Lost,72932,2023-03-07,2022-10-20,Inbound - Web,Omitted,False,True,,Feature Gap,60,,New Business,2022-10-20T00:00:00
1734,1000,4,Fusion Holdings - Platform Deal,Closed Lost,32292,2023-01-06,2022-09-05,Webinar,Omitted,False,True,,Feature Gap,25,,New Business,2022-09-05T00:00:00
1735,635,10,Horizon Partners - New Business,Closed Lost,169157,2024-08-07,2024-03-10,,Omitted,False,True,CompetitorC,Lost to Status Quo,47,,New Business,2024-03-10T00:00:00
1736,132,12,Fusion Digital - New Business,Qualification,178964,2023-08-14,2023-05-01,Webinar,Best Case,False,False,CompetitorD,,19,Schedule demo,New Business,2023-05-01T00:00:00
1737,470,6,Acme Networks - Upsell,Proposal,298815,2023-11-19,2023-07-20,Webinar,Best Case,False,False,,,17,Contract signing,Expansion,2023-07-20T00:00:00
1738,698,5,Nova Digital - Additional Seats,Qualification,301341,2025-01-01,2024-09-05,Outbound - AE,Best Case,False,False,CompetitorD,,16,Legal review,Expansion,2024-09-05T00:00:00
1739,407,16,Vertex Services - Initial License,Closed Lost,47831,2024-12-31,2024-12-06,Event,Omitted,False,True,CompetitorC,Timing,35,,New Business,2024-12-06T00:00:00
1740,435,10,Nexus Technologies - Initial License,Prospecting,161220,2023-09-18,2023-06-18,Inbound - Web,Pipeline,False,False,,,49,Technical review,New Business,2023-06-18T00:00:00
1741,915,15,Nova Inc - Platform Deal,Closed Lost,32569,2024-10-16,2024-09-16,Inbound - Web,Omitted,False,True,CompetitorE,Timing,3,,New Business,2024-09-16T00:00:00
1742,197,7,Fusion Labs - Contract Renewal,Qualification,209320,2025-02-01,2024-11-09,Inbound - Web,Best Case,False,False,CompetitorA,,40,POC setup,Renewal,2024-11-09T00:00:00
1743,876,15,Optima Group - Initial License,Qualification,57554,2025-06-17,2024-12-02,Webinar,Best Case,False,False,,,49,,New Business,2024-12-02T00:00:00
1744,973,8,Pacific Corp - Renewal,Closed Lost,24416,2023-03-18,2022-12-27,Product-Led,Omitted,False,True,CompetitorA,Price,14,,Renewal,2022-12-27T00:00:00
1745,356,7,Nova Software - Expansion,Closed Won,257692,2024-12-31,2024-07-17,Product-Led,Closed,True,True,,,28,,Expansion,2024-07-17T00:00:00
1746,564,4,Elevate Systems - Contract Renewal,Proposal,42270,2025-04-13,2024-09-17,Product-Led,Best Case,False,False,,,16,,Renewal,2024-09-17T00:00:00
1747,646,4,Summit Software - Initial License,Qualification,13118,2025-04-14,2024-10-01,Outbound - AE,Best Case,False,False,,,33,Schedule demo,New Business,2024-10-01T00:00:00
1748,77,7,Vanguard Services - New Business,Discovery,164519,2023-06-18,2022-10-28,Event,Pipeline,False,False,CompetitorC,,24,POC setup,New Business,2022-10-28T00:00:00
1749,733,14,Synergy Group - Initial License,Prospecting,57570,2024-09-16,2024-04-20,Product-Led,Pipeline,False,False,CompetitorE,,15,,New Business,2024-04-20T00:00:00
1750,979,10,Optima Enterprises - New Business,Prospecting,161586,2025-04-13,2024-12-05,,Pipeline,False,False,,,15,Technical review,New Business,2024-12-05T00:00:00
389,772,6,Summit Partners - Initial License,Closed Won,37223,2022-12-12,2022-10-31,Product-Led,Closed,True,True,,,27,,New Business,2022-10-31T00:00:00
1752,576,13,Catalyst Software - Platform Deal,Qualification,15430,2024-02-27,2023-11-15,Event,Best Case,False,False,CompetitorA,,75,,New Business,2023-11-15T00:00:00
1753,450,7,Summit Digital - Initial License,Closed Lost,6242,2024-03-27,2023-11-24,,Omitted,False,True,,Lost to Status Quo,26,,New Business,2023-11-24T00:00:00
1754,831,3,Zenith Dynamics - Initial License,Closed Lost,325856,2023-12-17,2023-08-08,Product-Led,Omitted,False,True,,Budget Cut,2,,New Business,2023-08-08T00:00:00
1755,305,2,Pacific Dynamics - New Business,Discovery,59456,2024-07-09,2024-04-08,Inbound - Content,Pipeline,False,False,CompetitorC,,25,Send proposal,New Business,2024-04-08T00:00:00
1756,199,12,Velocity Group - New Business,Qualification,436140,2023-09-02,2023-07-12,,Best Case,False,False,,,49,Legal review,New Business,2023-07-12T00:00:00
1757,881,4,Zenith Services - Platform Deal,Discovery,184138,2023-04-19,2022-12-24,Outbound - SDR,Pipeline,False,False,,,59,Technical review,New Business,2022-12-24T00:00:00
1758,292,11,Velocity Analytics - Platform Deal,Proposal,115002,2024-08-21,2024-07-09,Outbound - SDR,Best Case,False,False,CompetitorC,,21,Legal review,New Business,2024-07-09T00:00:00
889,94,11,Pacific Dynamics - Initial License,Qualification,42263,2025-04-07,2024-12-31,Inbound - Content,Best Case,False,False,,,66,,New Business,2024-12-31T00:00:00
1760,348,11,Vanguard Solutions - Platform Deal,Discovery,11602,2025-02-11,2024-12-11,Event,Pipeline,False,False,,,6,POC setup,New Business,2024-12-11T00:00:00
1761,367,7,Synergy Systems - Initial License,Proposal,18646,2022-10-25,2022-02-25,Outbound - SDR,Best Case,False,False,CompetitorC,,32,Executive alignment,New Business,2022-02-25T00:00:00
1762,796,7,Summit Services - New Business,Closed Won,20925,2023-06-29,2023-05-19,Product-Led,Closed,True,True,CompetitorB,,42,,New Business,2023-05-19T00:00:00
1763,11,7,Velocity Partners - New Business,Closed Lost,240415,2022-04-12,2022-03-09,Inbound - Content,Omitted,False,True,CompetitorE,Timing,49,,New Business,2022-03-09T00:00:00
1764,37,7,Elevate Labs - Initial License,Negotiation,35699,2025-02-05,2024-05-31,Webinar,Commit,False,False,,,19,Send proposal,New Business,2024-05-31T00:00:00
1765,748,14,Summit Networks - New Business,Prospecting,190914,2023-11-17,2023-04-28,Webinar,Pipeline,False,False,CompetitorA,,22,,New Business,2023-04-28T00:00:00
1766,497,11,Vertex Services - Initial License,Prospecting,6368,2024-11-17,2024-11-21,Partner Referral,Pipeline,False,False,,,21,Contract signing,New Business,2024-11-21T00:00:00
1767,760,5,Optima Holdings - Initial License,Prospecting,8555,2021-09-04,2021-01-31,Product-Led,Pipeline,False,False,CompetitorE,,8,Technical review,New Business,2021-01-31T00:00:00
1768,771,7,Vertex Solutions - Platform Deal,Qualification,152270,2024-04-01,2023-07-13,Inbound - Content,Best Case,False,False,,,21,Legal review,New Business,2023-07-13T00:00:00
1769,295,3,Pacific Technologies - New Business,Closed Lost,34761,2024-10-18,2024-07-17,Outbound - AE,Omitted,False,True,CompetitorB,Competitor,15,,New Business,2024-07-17T00:00:00
1770,576,13,Catalyst Software - New Business,Discovery,13293,2024-08-04,2023-12-11,Webinar,Pipeline,False,False,CompetitorC,,28,,New Business,2023-12-11T00:00:00
1771,924,16,Pacific Technologies - New Business,Proposal,136182,2025-07-15,2024-11-24,Webinar,Best Case,False,False,CompetitorA,,66,Send proposal,New Business,2024-11-24T00:00:00
1772,217,3,Quantum Technologies - Initial License,Prospecting,75884,2024-10-18,2024-09-18,Inbound - Web,Pipeline,False,False,CompetitorD,,10,Technical review,New Business,2024-09-18T00:00:00
1773,462,11,Horizon Enterprises - Initial License,Qualification,98082,2024-08-13,2024-01-20,Outbound - AE,Best Case,False,False,CompetitorC,,66,Send proposal,New Business,2024-01-20T00:00:00
1774,200,10,Summit Partners - New Business,Discovery,23140,2022-06-10,2022-03-20,Event,Pipeline,False,False,CompetitorA,,12,Technical review,New Business,2022-03-20T00:00:00
1775,817,12,Apex Services - Initial License,Discovery,102862,2023-08-08,2022-12-14,Outbound - SDR,Pipeline,False,False,CompetitorA,,67,Technical review,New Business,2022-12-14T00:00:00
1776,501,9,Vertex Networks - Platform Deal,Closed Won,43320,2023-04-05,2022-10-11,Inbound - Content,Closed,True,True,CompetitorE,,23,,New Business,2022-10-11T00:00:00
1777,874,7,Quantum Services - Initial License,Closed Lost,174768,2024-01-06,2023-12-19,Partner Referral,Omitted,False,True,CompetitorC,Budget Cut,38,,New Business,2023-12-19T00:00:00
1778,222,3,Pinnacle Corp - Initial License,Closed Lost,121895,2022-09-17,2022-05-25,Inbound - Web,Omitted,False,True,CompetitorA,Competitor,1,,New Business,2022-05-25T00:00:00
1779,764,6,Pinnacle Corp - New Business,Qualification,113161,2023-01-20,2022-05-03,Inbound - Content,Best Case,False,False,CompetitorD,,46,Technical review,New Business,2022-05-03T00:00:00
1780,212,16,Nexus Partners - New Business,Discovery,14515,2025-02-21,2024-07-20,Inbound - Content,Pipeline,False,False,,,43,Reference call,New Business,2024-07-20T00:00:00
1781,417,6,Vanguard Enterprises - Expansion,Discovery,325652,2023-02-24,2022-09-04,Outbound - SDR,Pipeline,False,False,,,37,Schedule demo,Expansion,2022-09-04T00:00:00
1782,423,1,Quantum Platforms - New Business,Prospecting,33399,2023-03-02,2022-11-07,Webinar,Pipeline,False,False,,,27,Reference call,New Business,2022-11-07T00:00:00
1783,679,11,Elevate Analytics - Initial License,Negotiation,37365,2025-01-16,2024-06-20,Webinar,Commit,False,False,CompetitorC,,58,Executive alignment,New Business,2024-06-20T00:00:00
1784,756,7,Acme Technologies - New Business,Prospecting,28661,2025-01-09,2024-09-05,Outbound - SDR,Pipeline,False,False,CompetitorA,,14,Reference call,New Business,2024-09-05T00:00:00
1785,248,10,Horizon Digital - Platform Deal,Discovery,123077,2025-05-04,2024-11-04,Product-Led,Pipeline,False,False,CompetitorE,,4,Technical review,New Business,2024-11-04T00:00:00
1786,241,4,Nexus Dynamics - Initial License,Closed Lost,,2024-12-25,2024-08-23,Partner Referral,Omitted,False,True,CompetitorE,Competitor,29,,New Business,2024-08-23T00:00:00
1787,11,7,Velocity Partners - Initial License,Closed Won,368667,2024-06-29,2024-01-09,Partner Referral,Closed,True,True,CompetitorD,,56,,New Business,2024-01-09T00:00:00
1788,762,6,Nexus Enterprises - Initial License,Closed Lost,52671,2024-12-01,2024-08-20,Outbound - SDR,Omitted,False,True,CompetitorA,Competitor,12,,New Business,2024-08-20T00:00:00
1789,636,3,Zenith Enterprises - Initial License,Qualification,86950,2024-10-18,2024-08-09,Inbound - Content,Best Case,False,False,CompetitorE,,37,Send proposal,New Business,2024-08-09T00:00:00
1790,183,16,Global Solutions - New Business,Qualification,89017,2025-05-24,2024-09-29,Webinar,Best Case,False,False,CompetitorA,,63,Reference call,New Business,2024-09-29T00:00:00
1791,213,4,Fusion Analytics - New Business,Closed Lost,159012,2022-06-21,2022-03-23,Event,Omitted,False,True,CompetitorE,No Decision,39,,New Business,2022-03-23T00:00:00
1792,334,7,Summit Labs - Initial License,Discovery,50801,2025-05-11,2024-12-28,Outbound - SDR,Pipeline,False,False,CompetitorE,,8,POC setup,New Business,2024-12-28T00:00:00
1793,502,14,Elevate Services - Initial License,Negotiation,73369,2024-01-04,2023-10-22,Event,Commit,False,False,,,27,,New Business,2023-10-22T00:00:00
1794,9,12,Apex Networks - Platform Deal,Negotiation,249239,2025-02-08,2024-09-18,Outbound - AE,Commit,False,False,,,16,POC setup,New Business,2024-09-18T00:00:00
1795,832,7,Fusion Enterprises - New Business,Closed Lost,,2024-10-26,2024-10-06,Product-Led,Omitted,False,True,,Champion Left,12,,New Business,2024-10-06T00:00:00
1796,709,6,Vanguard Partners - Initial License,Closed Won,56959,2022-09-25,2022-04-24,Inbound - Web,Closed,True,True,CompetitorE,,51,,New Business,2022-04-24T00:00:00
1797,983,9,Atlas Dynamics - New Business,Qualification,43762,2023-10-26,2023-08-28,Outbound - AE,Best Case,False,False,,,67,Contract signing,New Business,2023-08-28T00:00:00
1798,881,12,Zenith Services - Additional Seats,Qualification,59359,2021-11-21,2021-12-11,Outbound - AE,Best Case,False,False,Open Source Alternative,,51,Executive alignment,Expansion,2021-12-11T00:00:00
1799,786,14,Quantum Solutions - New Business,Discovery,47520,2025-08-27,2024-12-17,Inbound - Content,Pipeline,False,False,CompetitorB,,30,,New Business,2024-12-17T00:00:00
1800,754,5,Elevate Inc - Initial License,Negotiation,11416,2025-03-18,2024-09-12,Outbound - SDR,Commit,False,False,CompetitorB,,17,Technical review,New Business,2024-09-12T00:00:00
1801,208,10,Vertex Enterprises - Platform Deal,Closed Lost,34430,2024-12-31,2024-12-06,Partner Referral,Omitted,False,True,CompetitorA,Champion Left,27,,New Business,2024-12-06T00:00:00
1802,87,13,Elevate Holdings - Initial License,Discovery,72267,2025-04-29,2024-12-08,Product-Led,Pipeline,False,False,,,10,Send proposal,New Business,2024-12-08T00:00:00
1803,48,3,Vertex Inc - Platform Deal,Qualification,205689,2023-06-25,2023-02-08,Product-Led,Best Case,False,False,CompetitorE,,24,Legal review,New Business,2023-02-08T00:00:00
1804,442,4,Fusion Digital - Initial License,Qualification,17137,2022-01-07,2021-09-21,Outbound - AE,Best Case,False,False,CompetitorB,,46,Contract signing,New Business,2021-09-21T00:00:00
1805,715,9,Global Labs - Platform Deal,Proposal,6813,2025-04-09,2024-10-04,Product-Led,Best Case,False,False,CompetitorB,,39,Contract signing,New Business,2024-10-04T00:00:00
1806,40,3,Apex Dynamics - New Business,Negotiation,281160,2023-02-07,2022-07-29,Inbound - Content,Commit,False,False,,,44,Executive alignment,New Business,2022-07-29T00:00:00
1807,987,8,Horizon Digital - New Business,Closed Lost,360560,2024-09-17,2024-06-11,Inbound - Web,Omitted,False,True,,Feature Gap,59,,New Business,2024-06-11T00:00:00
1808,281,7,Horizon Systems - Initial License,Qualification,6564,2025-03-28,2024-09-23,Product-Led,Best Case,False,False,CompetitorE,,17,POC setup,New Business,2024-09-23T00:00:00
1809,957,12,Acme Networks - New Business,Closed Lost,6734,2023-11-09,2023-07-02,Outbound - AE,Omitted,False,True,,Lost to Status Quo,63,,New Business,2023-07-02T00:00:00
1810,658,6,Vanguard Software - Platform Deal,Qualification,48427,2025-05-09,2024-10-30,Outbound - AE,Best Case,False,False,,,5,Legal review,New Business,2024-10-30T00:00:00
1811,596,13,Fusion Solutions - Initial License,Closed Won,115477,2024-06-26,2023-11-11,Partner Referral,Closed,True,True,,,3,,New Business,2023-11-11T00:00:00
1812,42,3,Fusion Solutions - Platform Deal,Qualification,131903,2025-03-27,2024-12-21,Outbound - AE,Best Case,False,False,CompetitorE,,41,Legal review,New Business,2024-12-21T00:00:00
1813,854,12,Synergy Labs - New Business,Closed Lost,22934,2024-09-29,2024-06-17,Partner Referral,Omitted,False,True,,No Decision,42,,New Business,2024-06-17T00:00:00
1814,909,6,Vanguard Dynamics - New Business,Discovery,26162,2022-03-09,2021-11-23,Partner Referral,Pipeline,False,False,CompetitorE,,56,Contract signing,New Business,2021-11-23T00:00:00
1815,305,2,Pacific Dynamics - New Business,Proposal,115080,2025-01-13,2024-11-03,Inbound - Content,Best Case,False,False,,,42,,New Business,2024-11-03T00:00:00
1816,40,6,Apex Dynamics - New Business,Prospecting,84249,2022-10-13,2022-04-19,Product-Led,Pipeline,False,False,CompetitorB,,19,Schedule demo,New Business,2022-04-19T00:00:00
1817,240,4,Optima Digital - Platform Deal,Closed Won,11777,2024-06-16,2024-02-19,Webinar,Closed,True,True,CompetitorA,,36,,New Business,2024-02-19T00:00:00
1818,76,2,Optima Solutions - Initial License,Negotiation,38622,2025-06-02,2024-11-21,Partner Referral,Commit,False,False,,,28,Executive alignment,New Business,2024-11-21T00:00:00
1819,400,6,Fusion Solutions - Additional Seats,Qualification,16451,2024-11-21,2024-09-04,,Best Case,False,False,,,23,Executive alignment,Expansion,2024-09-04T00:00:00
1820,651,3,Pacific Labs - New Business,Closed Lost,11300,2022-04-29,2022-04-19,Partner Referral,Omitted,False,True,CompetitorA,Timing,27,,New Business,2022-04-19T00:00:00
1821,310,13,Optima Systems - Initial License,Discovery,774495,2025-01-16,2024-11-04,Product-Led,Pipeline,False,False,CompetitorD,,64,Reference call,New Business,2024-11-04T00:00:00
1822,543,5,Nova Enterprises - Platform Deal,Closed Lost,1041805,2024-12-25,2024-10-20,Outbound - AE,Omitted,False,True,,Lost to Status Quo,46,,New Business,2024-10-20T00:00:00
1823,312,13,Fusion Networks - Platform Deal,Closed Lost,74890,2024-12-23,2024-11-10,Event,Omitted,False,True,,Budget Cut,69,,New Business,2024-11-10T00:00:00
677,136,1,Horizon Software - Platform Deal,Discovery,202181,2025-03-11,2024-09-30,Product-Led,Pipeline,False,False,CompetitorA,,7,Schedule demo,New Business,2024-09-30T00:00:00
1825,808,10,Quantum Platforms - Platform Deal,Closed Lost,134467,2024-05-21,2024-04-14,,Omitted,False,True,,Timing,10,,New Business,2024-04-14T00:00:00
1826,995,7,Vanguard Labs - New Business,Proposal,15725,2025-07-03,2024-10-13,Inbound - Content,Best Case,False,False,Open Source Alternative,,23,Schedule demo,New Business,2024-10-13T00:00:00
1827,169,4,Nexus Platforms - Platform Deal,Closed Lost,80356,2024-12-28,2024-08-10,Partner Referral,Omitted,False,True,,Timing,37,,New Business,2024-08-10T00:00:00
1828,290,12,Vertex Partners - Initial License,Closed Lost,19618,2023-12-03,2023-10-11,Inbound - Content,Omitted,False,True,CompetitorD,No Decision,50,,New Business,2023-10-11T00:00:00
1829,466,15,Summit Analytics - New Business,Proposal,31415,2025-05-14,2024-10-16,Inbound - Web,Best Case,False,False,,,28,Send proposal,New Business,2024-10-16T00:00:00
406,139,3,Zenith Systems - Initial License,Closed Won,164146,2024-06-26,2024-03-16,Webinar,Closed,True,True,,,27,,New Business,2024-03-16T00:00:00
1831,704,3,Quantum Partners - Initial License,Qualification,55716,2022-05-05,2022-03-05,Outbound - SDR,Best Case,False,False,CompetitorE,,12,POC setup,New Business,2022-03-05T00:00:00
1832,344,10,Optima Corp - New Business,Proposal,27131,2023-08-21,2023-05-24,Outbound - SDR,Best Case,False,False,CompetitorC,,2,Reference call,New Business,2023-05-24T00:00:00
1833,781,3,Apex Enterprises - New Business,Prospecting,44340,2022-04-28,2021-09-17,Inbound - Web,Pipeline,False,False,,,44,Reference call,New Business,2021-09-17T00:00:00
1834,660,3,Elevate Software - Initial License,Prospecting,165985,2024-03-02,2023-07-26,Partner Referral,Pipeline,False,False,CompetitorC,,18,Executive alignment,New Business,2023-07-26T00:00:00
1835,609,8,Nova Analytics - Platform Deal,Closed Lost,14367,2023-12-20,2023-05-03,Partner Referral,Omitted,False,True,CompetitorA,Competitor,38,,New Business,2023-05-03T00:00:00
1836,627,11,Vanguard Services - Platform Deal,Prospecting,53038,2025-04-28,2024-10-22,Event,Pipeline,False,False,,,12,Schedule demo,New Business,2024-10-22T00:00:00
1837,190,11,Pinnacle Digital - Initial License,Prospecting,76514,2022-10-05,2022-04-04,Inbound - Web,Pipeline,False,False,CompetitorD,,1,POC setup,New Business,2022-04-04T00:00:00
1838,350,1,Atlas Group - Additional Seats,Negotiation,23826,2025-06-26,2024-11-16,Outbound - AE,Commit,False,False,CompetitorA,,4,Technical review,Expansion,2024-11-16T00:00:00
1839,106,5,Fusion Group - Platform Deal,Proposal,51543,2025-04-18,2024-09-29,Partner Referral,Best Case,False,False,,,29,POC setup,New Business,2024-09-29T00:00:00
1840,593,13,Global Labs - Initial License,Closed Lost,29648,2024-03-22,2023-08-06,Event,Omitted,False,True,CompetitorA,Budget Cut,57,,New Business,2023-08-06T00:00:00
1841,826,4,Synergy Holdings - Initial License,Proposal,24160,2025-04-06,2024-09-02,Outbound - SDR,Best Case,False,False,Open Source Alternative,,52,Send proposal,New Business,2024-09-02T00:00:00
1842,97,15,Nova Labs - New Business,Proposal,7210,2024-08-10,2024-05-18,Inbound - Web,Best Case,False,False,,,26,Technical review,New Business,2024-05-18T00:00:00
1843,639,2,Fusion Software - New Business,Prospecting,210052,2022-11-28,2022-04-29,Inbound - Web,Pipeline,False,False,CompetitorA,,36,POC setup,New Business,2022-04-29T00:00:00
1844,278,2,Vanguard Technologies - Platform Deal,Prospecting,18218,2024-06-06,2024-04-13,,Pipeline,False,False,CompetitorB,,8,,New Business,2024-04-13T00:00:00
1845,283,15,Global Analytics - Platform Deal,Proposal,207975,2022-09-01,2022-03-08,Partner Referral,Best Case,False,False,CompetitorA,,47,Technical review,New Business,2022-03-08T00:00:00
1846,910,2,Zenith Software - New Business,Discovery,33394,2025-04-04,2024-12-04,Outbound - SDR,Pipeline,False,False,CompetitorD,,14,,New Business,2024-12-04T00:00:00
1847,328,11,Nexus Dynamics - Initial License,Discovery,38268,2025-03-15,2024-12-18,Outbound - SDR,Pipeline,False,False,,,40,Executive alignment,New Business,2024-12-18T00:00:00
1848,61,16,Synergy Platforms - Platform Deal,Prospecting,13784,2025-06-02,2024-11-03,Inbound - Content,Pipeline,False,False,Open Source Alternative,,12,Legal review,New Business,2024-11-03T00:00:00
1849,819,15,Velocity Enterprises - Initial License,Closed Lost,33325,2024-09-19,2024-05-15,Product-Led,Omitted,False,True,Open Source Alternative,Lost to Status Quo,16,,New Business,2024-05-15T00:00:00
1850,981,10,Global Inc - Platform Deal,Discovery,43084,2025-06-05,2024-11-28,Outbound - AE,Pipeline,False,False,,,51,POC setup,New Business,2024-11-28T00:00:00
1851,838,3,Quantum Solutions - Platform Deal,Prospecting,45266,2022-07-15,2022-06-12,Webinar,Pipeline,False,False,,,21,Contract signing,New Business,2022-06-12T00:00:00
1852,462,11,Horizon Enterprises - Initial License,Qualification,57811,2024-09-20,2024-02-13,,Best Case,False,False,,,66,Executive alignment,New Business,2024-02-13T00:00:00
1853,93,2,Fusion Holdings - New Business,Discovery,23858,2025-03-24,2024-11-03,Partner Referral,Pipeline,False,False,Open Source Alternative,,27,Technical review,New Business,2024-11-03T00:00:00
1854,487,12,Zenith Corp - New Business,Proposal,45890,2025-08-03,2024-12-26,Product-Led,Best Case,False,False,CompetitorC,,65,Technical review,New Business,2024-12-26T00:00:00
1855,18,2,Velocity Digital - Upsell,Discovery,6603,2023-07-28,2023-06-22,Partner Referral,Pipeline,False,False,CompetitorD,,5,,Expansion,2023-06-22T00:00:00
1856,722,2,Fusion Group - Initial License,Qualification,22028,2024-12-25,2024-09-17,Outbound - SDR,Best Case,False,False,CompetitorA,,23,Technical review,New Business,2024-09-17T00:00:00
1857,111,11,Pinnacle Partners - New Business,Qualification,138868,2024-04-22,2023-08-01,Partner Referral,Best Case,False,False,CompetitorD,,64,Contract signing,New Business,2023-08-01T00:00:00
1858,60,6,Elevate Corp - Initial License,Qualification,22950,2025-01-21,2024-12-02,Inbound - Content,Best Case,False,False,Open Source Alternative,,57,Legal review,New Business,2024-12-02T00:00:00
1859,152,9,Vertex Services - New Business,Closed Won,47212,2024-09-29,2024-03-13,Event,Closed,True,True,,,62,,New Business,2024-03-13T00:00:00
1860,838,3,Quantum Solutions - Platform Deal,Qualification,20663,2024-01-23,2023-11-05,Outbound - AE,Best Case,False,False,CompetitorA,,5,Contract signing,New Business,2023-11-05T00:00:00
1861,383,5,Summit Solutions - Expansion,Qualification,4884,2024-02-03,2023-05-30,Inbound - Content,Best Case,False,False,,,13,POC setup,Expansion,2023-05-30T00:00:00
1862,850,5,Optima Platforms - Platform Deal,Negotiation,8275,2020-08-05,2020-05-19,Product-Led,Commit,False,False,,,22,Schedule demo,New Business,2020-05-19T00:00:00
1863,618,12,Horizon Platforms - New Business,Discovery,46471,2023-01-01,2022-07-06,Inbound - Content,Pipeline,False,False,Open Source Alternative,,6,POC setup,New Business,2022-07-06T00:00:00
1864,663,5,Optima Dynamics - Initial License,Qualification,46007,2024-06-15,2024-06-18,Inbound - Content,Best Case,False,False,CompetitorD,,8,Send proposal,New Business,2024-06-18T00:00:00
1865,356,1,Nova Software - Platform Deal,Proposal,305363,2024-05-15,2024-02-16,Partner Referral,Best Case,False,False,,,35,Executive alignment,New Business,2024-02-16T00:00:00
1866,633,2,Acme Corp - Platform Deal,Proposal,30777,2024-12-28,2024-11-10,Outbound - SDR,Best Case,False,False,,,19,Technical review,New Business,2024-11-10T00:00:00
1867,614,14,Fusion Dynamics - New Business,Proposal,58911,2025-05-03,2024-11-15,Partner Referral,Best Case,False,False,Open Source Alternative,,73,,New Business,2024-11-15T00:00:00
1868,150,16,Quantum Holdings - Platform Deal,Prospecting,28482,2025-08-19,2024-12-01,Inbound - Web,Pipeline,False,False,CompetitorD,,43,Schedule demo,New Business,2024-12-01T00:00:00
1869,47,15,Synergy Partners - Platform Deal,Qualification,44456,2025-01-15,2024-05-05,Outbound - SDR,Best Case,False,False,,,21,,New Business,2024-05-05T00:00:00
1870,962,9,Velocity Inc - Renewal,Closed Won,739725,2024-12-31,2024-11-09,Event,Closed,True,True,,,61,,Renewal,2024-11-09T00:00:00
1871,601,5,Quantum Holdings - New Business,Proposal,118461,2024-10-30,2024-07-12,Event,Best Case,False,False,CompetitorB,,41,,New Business,2024-07-12T00:00:00
1872,288,10,Quantum Enterprises - New Business,Discovery,47074,2024-10-23,2024-06-05,Inbound - Web,Pipeline,False,False,Open Source Alternative,,14,POC setup,New Business,2024-06-05T00:00:00
1873,859,6,Catalyst Inc - Initial License,Qualification,27402,2024-04-22,2024-03-18,Outbound - AE,Best Case,False,False,,,16,Send proposal,New Business,2024-03-18T00:00:00
1874,368,11,Zenith Dynamics - Initial License,Closed Lost,168598,2023-06-12,2023-04-05,Outbound - SDR,Omitted,False,True,CompetitorE,Timing,65,,New Business,2023-04-05T00:00:00
1875,212,16,Nexus Partners - Platform Deal,Proposal,17732,2025-04-03,2024-12-14,Event,Best Case,False,False,,,32,POC setup,New Business,2024-12-14T00:00:00
1876,992,11,Pinnacle Labs - Platform Deal,Closed Lost,20282,2023-03-28,2023-02-10,,Omitted,False,True,CompetitorC,Feature Gap,49,,New Business,2023-02-10T00:00:00
1877,583,16,Pacific Analytics - New Business,Closed Won,118994,2024-11-13,2024-06-13,Event,Closed,True,True,,,45,,New Business,2024-06-13T00:00:00
1878,136,7,Horizon Software - Platform Deal,Closed Lost,112852,2024-04-01,2024-02-07,Outbound - AE,Omitted,False,True,CompetitorB,Price,32,,New Business,2024-02-07T00:00:00
1879,444,7,Elevate Partners - Platform Deal,Prospecting,48607,2024-10-18,2024-09-08,Inbound - Content,Pipeline,False,False,CompetitorE,,40,Reference call,New Business,2024-09-08T00:00:00
1880,975,3,Quantum Holdings - New Business,Qualification,28508,2024-09-21,2024-06-07,Outbound - AE,Best Case,False,False,CompetitorA,,6,Technical review,New Business,2024-06-07T00:00:00
1881,420,11,Nexus Systems - New Business,Closed Lost,44772,2024-12-31,2024-11-16,Outbound - SDR,Omitted,False,True,CompetitorC,No Decision,17,,New Business,2024-11-16T00:00:00
1882,998,10,Synergy Solutions - Platform Deal,Negotiation,99528,2021-01-22,2020-11-09,Event,Commit,False,False,,,62,,New Business,2020-11-09T00:00:00
1883,678,8,Fusion Partners - New Business,Qualification,349712,2024-12-04,2024-10-15,Inbound - Web,Best Case,False,False,CompetitorA,,37,Send proposal,New Business,2024-10-15T00:00:00
1884,631,14,Vertex Labs - Platform Deal,Closed Lost,168726,2024-12-31,2024-09-14,Outbound - AE,Omitted,False,True,Open Source Alternative,Feature Gap,61,,New Business,2024-09-14T00:00:00
1885,380,2,Pinnacle Labs - Initial License,Qualification,66093,2025-03-29,2024-11-20,Partner Referral,Best Case,False,False,,,23,Legal review,New Business,2024-11-20T00:00:00
1886,267,7,Quantum Analytics - Initial License,Discovery,44052,2024-04-23,2024-01-06,Event,Pipeline,False,False,CompetitorB,,14,Reference call,New Business,2024-01-06T00:00:00
1887,566,15,Optima Analytics - Platform Deal,Proposal,331201,2025-04-09,2024-09-29,Event,Best Case,False,False,CompetitorB,,64,Technical review,New Business,2024-09-29T00:00:00
1888,765,7,Nova Software - New Business,Closed Lost,11542,2024-09-26,2024-05-07,Webinar,Omitted,False,True,,Feature Gap,56,,New Business,2024-05-07T00:00:00
1889,292,10,Velocity Analytics - New Business,Closed Won,96747,2023-12-26,2023-08-27,Webinar,Closed,True,True,CompetitorE,,50,,New Business,2023-08-27T00:00:00
1890,585,16,Acme Networks - New Business,Discovery,88471,2025-06-24,2024-12-12,Outbound - SDR,Pipeline,False,False,CompetitorE,,31,,New Business,2024-12-12T00:00:00
1891,646,11,Summit Software - New Business,Proposal,43374,2025-06-29,2024-12-01,Webinar,Best Case,False,False,CompetitorD,,69,Contract signing,New Business,2024-12-01T00:00:00
1892,863,6,Pacific Holdings - Platform Deal,Closed Won,61456,2024-09-21,2024-05-21,Webinar,Closed,True,True,CompetitorD,,40,,New Business,2024-05-21T00:00:00
1893,777,7,Horizon Digital - New Business,Discovery,93497,2022-04-24,2022-03-22,Event,Pipeline,False,False,,,28,Executive alignment,New Business,2022-03-22T00:00:00
1894,939,15,Acme Inc - Initial License,Negotiation,38075,2025-03-18,2024-10-04,Product-Led,Commit,False,False,CompetitorB,,7,POC setup,New Business,2024-10-04T00:00:00
1895,625,8,Pacific Networks - Platform Deal,Closed Won,51112,2024-12-03,2024-09-12,Event,Closed,True,True,,,13,,New Business,2024-09-12T00:00:00
1896,529,4,Nexus Platforms - Platform Deal,Qualification,30557,2025-05-28,2024-11-06,Inbound - Web,Best Case,False,False,CompetitorC,,3,Reference call,New Business,2024-11-06T00:00:00
1897,536,11,Horizon Solutions - Initial License,Negotiation,620790,2024-05-14,2024-04-06,Event,Commit,False,False,CompetitorA,,59,,New Business,2024-04-06T00:00:00
1898,859,6,Catalyst Inc - Platform Deal,Prospecting,,2024-11-28,2024-10-12,Inbound - Web,Pipeline,False,False,Open Source Alternative,,40,POC setup,New Business,2024-10-12T00:00:00
1899,567,16,Pacific Dynamics - Platform Deal,Negotiation,179968,2025-01-31,2024-07-01,Inbound - Content,Commit,False,False,CompetitorE,,30,Legal review,New Business,2024-07-01T00:00:00
1900,804,1,Acme Partners - Initial License,Discovery,148223,2024-02-05,2023-11-04,Product-Led,Pipeline,False,False,Open Source Alternative,,43,Technical review,New Business,2023-11-04T00:00:00
1901,87,13,Elevate Holdings - Initial License,Proposal,47773,2024-03-28,2023-11-24,Inbound - Content,Best Case,False,False,CompetitorC,,19,,New Business,2023-11-24T00:00:00
1902,849,13,Nexus Software - Platform Deal,Closed Lost,42636,2024-02-08,2023-09-13,Product-Led,Omitted,False,True,CompetitorB,Champion Left,71,,New Business,2023-09-13T00:00:00
1903,856,8,Nova Services - New Business,Qualification,115273,2023-12-05,2023-05-15,Product-Led,Best Case,False,False,,,27,Reference call,New Business,2023-05-15T00:00:00
1904,428,16,Nova Analytics - Platform Deal,Proposal,153103,2023-10-25,2023-07-17,Webinar,Best Case,False,False,,,18,Schedule demo,New Business,2023-07-17T00:00:00
1905,410,9,Summit Analytics - New Business,Qualification,37239,2023-08-05,2023-07-06,Partner Referral,Best Case,False,False,CompetitorE,,25,Reference call,New Business,2023-07-06T00:00:00
1906,967,5,Elevate Technologies - Initial License,Closed Lost,36742,2024-12-31,2024-10-13,Partner Referral,Omitted,False,True,CompetitorD,Champion Left,26,,New Business,2024-10-13T00:00:00
1907,914,12,Summit Systems - New Business,Prospecting,141683,2025-06-05,2024-12-12,Inbound - Content,Pipeline,False,False,CompetitorC,,5,Send proposal,New Business,2024-12-12T00:00:00
1908,994,15,Nova Enterprises - Initial License,Prospecting,40857,2025-03-03,2024-11-13,Outbound - AE,Pipeline,False,False,CompetitorA,,14,,New Business,2024-11-13T00:00:00
1909,720,5,Vanguard Corp - Initial License,Prospecting,174228,2022-12-10,2022-09-13,Product-Led,Pipeline,False,False,,,13,,New Business,2022-09-13T00:00:00
1910,295,3,Pacific Technologies - New Business,Closed Won,28763,2023-04-10,2022-12-03,Partner Referral,Closed,True,True,CompetitorD,,37,,New Business,2022-12-03T00:00:00
1911,119,10,Optima Partners - Initial License,Closed Lost,9802,2023-06-28,2022-12-24,Outbound - SDR,Omitted,False,True,,Lost to Status Quo,62,,New Business,2022-12-24T00:00:00
1912,123,10,Atlas Inc - Platform Deal,Discovery,136788,2022-08-20,2022-04-01,,Pipeline,False,False,,,11,Schedule demo,New Business,2022-04-01T00:00:00
1913,720,6,Vanguard Corp - New Business,Qualification,173980,2023-06-10,2023-03-01,Outbound - SDR,Best Case,False,False,CompetitorB,,39,Technical review,New Business,2023-03-01T00:00:00
1914,313,6,Global Solutions - Initial License,Proposal,247611,2024-11-01,2024-11-14,Product-Led,Best Case,False,False,CompetitorB,,50,Technical review,New Business,2024-11-14T00:00:00
1915,239,11,Catalyst Analytics - New Business,Proposal,71336,2025-03-18,2024-11-01,Partner Referral,Best Case,False,False,,,33,Contract signing,New Business,2024-11-01T00:00:00
1916,762,8,Nexus Enterprises - New Business,Prospecting,,2023-11-27,2023-04-05,Event,Pipeline,False,False,CompetitorE,,5,Send proposal,New Business,2023-04-05T00:00:00
1917,758,14,Pinnacle Group - Platform Deal,Closed Lost,194398,2024-12-31,2024-11-27,Outbound - AE,Omitted,False,True,,Feature Gap,1,,New Business,2024-11-27T00:00:00
1918,87,13,Elevate Holdings - New Business,Proposal,80448,2025-05-02,2024-08-10,Partner Referral,Best Case,False,False,,,34,Technical review,New Business,2024-08-10T00:00:00
1919,816,8,Synergy Corp - Initial License,Discovery,497803,2024-04-23,2023-09-27,Inbound - Content,Pipeline,False,False,CompetitorD,,46,Technical review,New Business,2023-09-27T00:00:00
1920,431,10,Atlas Digital - New Business,Closed Lost,28125,2024-12-31,2024-12-03,Outbound - AE,Omitted,False,True,CompetitorD,Competitor,55,,New Business,2024-12-03T00:00:00
1921,315,2,Vanguard Platforms - New Business,Closed Lost,102900,2021-01-07,2020-10-30,Inbound - Web,Omitted,False,True,CompetitorC,Budget Cut,17,,New Business,2020-10-30T00:00:00
1922,544,15,Horizon Platforms - Initial License,Closed Lost,226310,2024-12-31,2024-12-12,Product-Led,Omitted,False,True,Open Source Alternative,Budget Cut,2,,New Business,2024-12-12T00:00:00
1923,206,12,Synergy Digital - Platform Deal,Discovery,44163,2024-03-21,2024-01-21,Partner Referral,Pipeline,False,False,CompetitorA,,58,Legal review,New Business,2024-01-21T00:00:00
1924,200,1,Summit Partners - New Business,Prospecting,19566,2024-04-08,2024-01-09,Webinar,Pipeline,False,False,,,37,Technical review,New Business,2024-01-09T00:00:00
1925,202,1,Apex Digital - Initial License,Qualification,1078347,2022-11-25,2022-06-09,Outbound - AE,Best Case,False,False,CompetitorE,,23,Schedule demo,New Business,2022-06-09T00:00:00
1926,604,10,Velocity Networks - Platform Deal,Closed Lost,190533,2024-02-14,2023-12-25,Inbound - Content,Omitted,False,True,CompetitorA,No Decision,60,,New Business,2023-12-25T00:00:00
1927,712,10,Vertex Solutions - Initial License,Prospecting,46483,2021-12-26,2021-10-29,Inbound - Web,Pipeline,False,False,,,5,Legal review,New Business,2021-10-29T00:00:00
1928,47,7,Synergy Partners - New Business,Qualification,45725,2025-03-21,2024-08-08,Outbound - SDR,Best Case,False,False,CompetitorD,,31,Reference call,New Business,2024-08-08T00:00:00
1929,502,7,Elevate Services - Initial License,Discovery,161130,2024-02-08,2023-07-09,Outbound - SDR,Pipeline,False,False,CompetitorE,,33,Reference call,New Business,2023-07-09T00:00:00
1930,120,4,Summit Holdings - Platform Deal,Closed Won,174429,2024-12-31,2024-09-25,Event,Closed,True,True,Open Source Alternative,,49,,New Business,2024-09-25T00:00:00
1931,488,12,Nexus Technologies - Platform Deal,Proposal,46727,2021-07-14,2021-07-21,Outbound - AE,Best Case,False,False,CompetitorE,,10,Legal review,New Business,2021-07-21T00:00:00
1932,162,5,Pinnacle Services - Renewal,Prospecting,32542,2022-12-23,2022-11-07,Inbound - Content,Pipeline,False,False,CompetitorE,,17,Schedule demo,Renewal,2022-11-07T00:00:00
1933,567,16,Pacific Dynamics - New Business,Qualification,154557,2024-04-16,2024-01-12,Outbound - SDR,Best Case,False,False,CompetitorD,,40,Executive alignment,New Business,2024-01-12T00:00:00
1934,208,2,Vertex Enterprises - New Business,Qualification,54565,2024-11-17,2024-09-11,Inbound - Web,Best Case,False,False,,,22,Technical review,New Business,2024-09-11T00:00:00
1935,489,13,Pinnacle Services - Platform Deal,Prospecting,34199,2025-04-25,2024-12-12,Outbound - AE,Pipeline,False,False,Open Source Alternative,,26,Reference call,New Business,2024-12-12T00:00:00
1936,662,14,Quantum Dynamics - Platform Deal,Proposal,,2024-06-04,2023-09-13,Outbound - AE,Best Case,False,False,CompetitorB,,44,Contract signing,New Business,2023-09-13T00:00:00
1937,893,8,Atlas Inc - New Business,Qualification,123467,2025-03-04,2024-12-07,Outbound - AE,Best Case,False,False,CompetitorA,,31,,New Business,2024-12-07T00:00:00
1938,373,10,Nexus Networks - New Business,Prospecting,26302,2022-04-30,2022-02-19,Partner Referral,Pipeline,False,False,CompetitorC,,3,,New Business,2022-02-19T00:00:00
1939,537,12,Summit Analytics - New Business,Qualification,11079,2025-02-13,2024-10-20,Partner Referral,Best Case,False,False,Open Source Alternative,,12,Schedule demo,New Business,2024-10-20T00:00:00
1940,709,9,Vanguard Partners - Additional Seats,Negotiation,12702,2023-08-14,2023-02-27,Product-Led,Commit,False,False,CompetitorB,,18,Schedule demo,Expansion,2023-02-27T00:00:00
1941,546,7,Velocity Inc - Platform Deal,Closed Lost,159520,2023-07-05,2023-01-07,Webinar,Omitted,False,True,CompetitorB,Lost to Status Quo,41,,New Business,2023-01-07T00:00:00
1942,924,16,Pacific Technologies - New Business,Closed Won,59486,2024-12-31,2024-12-12,Partner Referral,Closed,True,True,CompetitorD,,21,,New Business,2024-12-12T00:00:00
1943,886,14,Summit Solutions - Platform Deal,Negotiation,189398,2025-08-12,2024-12-02,Webinar,Commit,False,False,CompetitorC,,46,Executive alignment,New Business,2024-12-02T00:00:00
1944,138,15,Elevate Platforms - New Business,Prospecting,26768,2024-09-08,2024-03-31,Inbound - Web,Pipeline,False,False,,,19,Contract signing,New Business,2024-03-31T00:00:00
1945,321,5,Horizon Labs - Platform Deal,Discovery,62288,2024-11-24,2024-07-03,Event,Pipeline,False,False,,,6,Reference call,New Business,2024-07-03T00:00:00
1946,250,9,Pinnacle Services - New Business,Closed Lost,42873,2024-12-31,2024-12-25,Product-Led,Omitted,False,True,CompetitorE,Timing,39,,New Business,2024-12-25T00:00:00
1947,180,2,Quantum Digital - Initial License,Closed Won,35119,2024-12-31,2024-12-25,Product-Led,Closed,True,True,,,41,,New Business,2024-12-25T00:00:00
1948,819,15,Velocity Enterprises - Initial License,Closed Lost,15584,2024-12-20,2024-05-28,Webinar,Omitted,False,True,CompetitorD,Competitor,7,,New Business,2024-05-28T00:00:00
1949,543,5,Nova Enterprises - New Business,Closed Won,245496,2024-09-24,2024-01-29,Inbound - Web,Closed,True,True,,,52,,New Business,2024-01-29T00:00:00
1950,548,10,Quantum Holdings - New Business,Negotiation,51454,2025-03-13,2024-09-08,Outbound - SDR,Commit,False,False,CompetitorC,,39,Legal review,New Business,2024-09-08T00:00:00
1951,232,15,Global Enterprises - Platform Deal,Qualification,14758,2025-06-13,2024-12-12,Partner Referral,Best Case,False,False,CompetitorD,,2,Schedule demo,New Business,2024-12-12T00:00:00
1952,854,12,Synergy Labs - Platform Deal,Closed Lost,28011,2023-09-22,2023-05-27,Inbound - Web,Omitted,False,True,CompetitorB,Feature Gap,47,,New Business,2023-05-27T00:00:00
1953,685,9,Fusion Group - New Business,Discovery,23888,2022-12-30,2022-06-01,Outbound - SDR,Pipeline,False,False,,,61,POC setup,New Business,2022-06-01T00:00:00
1954,229,7,Nova Enterprises - New Business,Discovery,572942,2024-10-12,2024-09-12,Outbound - SDR,Pipeline,False,False,CompetitorA,,18,Technical review,New Business,2024-09-12T00:00:00
1955,322,3,Velocity Digital - Initial License,Negotiation,255814,2024-03-05,2024-01-28,Partner Referral,Commit,False,False,,,19,Contract signing,New Business,2024-01-28T00:00:00
1956,668,5,Optima Analytics - Initial License,Qualification,40402,2025-05-21,2024-09-24,Partner Referral,Best Case,False,False,,,2,Executive alignment,New Business,2024-09-24T00:00:00
1957,796,8,Summit Services - New Business,Prospecting,46349,2024-02-21,2023-12-22,Outbound - AE,Pipeline,False,False,CompetitorC,,54,POC setup,New Business,2023-12-22T00:00:00
1958,813,4,Apex Analytics - New Business,Qualification,94287,2023-03-28,2022-10-20,Inbound - Web,Best Case,False,False,,,13,Schedule demo,New Business,2022-10-20T00:00:00
1959,548,1,Quantum Holdings - Platform Deal,Proposal,27848,2025-03-12,2024-08-21,Product-Led,Best Case,False,False,CompetitorD,,17,Executive alignment,New Business,2024-08-21T00:00:00
1960,568,8,Zenith Dynamics - Platform Deal,Closed Lost,41575,2023-09-26,2023-04-15,Outbound - AE,Omitted,False,True,CompetitorE,Feature Gap,18,,New Business,2023-04-15T00:00:00
1961,311,14,Vertex Analytics - Platform Deal,Qualification,21035,2025-01-14,2024-08-08,Product-Led,Best Case,False,False,,,9,Reference call,New Business,2024-08-08T00:00:00
1962,272,1,Catalyst Software - New Business,Qualification,11086,2024-07-23,2024-04-12,Partner Referral,Best Case,False,False,,,27,Schedule demo,New Business,2024-04-12T00:00:00
1963,618,2,Horizon Platforms - New Business,Qualification,5161,2023-05-07,2023-01-21,Product-Led,Best Case,False,False,,,44,Reference call,New Business,2023-01-21T00:00:00
1964,404,4,Catalyst Technologies - Platform Deal,Prospecting,23370,2024-11-15,2024-09-19,Partner Referral,Pipeline,False,False,CompetitorB,,16,Schedule demo,New Business,2024-09-19T00:00:00
1965,130,7,Pinnacle Solutions - New Business,Proposal,85678,2024-08-04,2024-01-24,Outbound - AE,Best Case,False,False,,,25,Reference call,New Business,2024-01-24T00:00:00
1966,314,8,Summit Technologies - Initial License,Prospecting,108409,2025-08-16,2024-12-14,Outbound - AE,Pipeline,False,False,CompetitorC,,46,Schedule demo,New Business,2024-12-14T00:00:00
1967,994,15,Nova Enterprises - Initial License,Discovery,37614,2025-01-24,2024-10-11,Inbound - Content,Pipeline,False,False,Open Source Alternative,,58,Technical review,New Business,2024-10-11T00:00:00
1968,39,2,Acme Software - Initial License,Discovery,57257,2025-05-15,2024-11-23,Outbound - AE,Pipeline,False,False,CompetitorC,,38,Legal review,New Business,2024-11-23T00:00:00
1969,814,8,Velocity Digital - Platform Deal,Proposal,19325,2024-11-10,2024-10-03,Webinar,Best Case,False,False,Open Source Alternative,,57,Contract signing,New Business,2024-10-03T00:00:00
1970,548,10,Quantum Holdings - Platform Deal,Closed Lost,34777,2024-07-07,2024-04-10,Event,Omitted,False,True,CompetitorE,Champion Left,42,,New Business,2024-04-10T00:00:00
1971,1,7,Elevate Networks - Platform Deal,Qualification,226925,2021-05-07,2020-11-09,Partner Referral,Best Case,False,False,CompetitorC,,13,,New Business,2020-11-09T00:00:00
1972,119,10,Optima Partners - Platform Deal,Qualification,34884,2025-09-17,2024-12-21,Product-Led,Best Case,False,False,CompetitorC,,37,POC setup,New Business,2024-12-21T00:00:00
1973,971,3,Nova Enterprises - Initial License,Proposal,944600,2024-01-14,2023-07-14,Webinar,Best Case,False,False,CompetitorE,,12,POC setup,New Business,2023-07-14T00:00:00
1974,745,10,Vanguard Software - Platform Deal,Prospecting,31299,2022-07-23,2021-11-20,Outbound - AE,Pipeline,False,False,CompetitorC,,11,Legal review,New Business,2021-11-20T00:00:00
1975,128,2,Pinnacle Inc - Initial License,Qualification,5757,2025-07-02,2024-10-25,Inbound - Web,Best Case,False,False,CompetitorD,,31,Schedule demo,New Business,2024-10-25T00:00:00
1976,610,14,Horizon Corp - Platform Deal,Closed Won,115585,2024-09-27,2024-03-08,Partner Referral,Closed,True,True,CompetitorC,,32,,New Business,2024-03-08T00:00:00
1977,965,6,Zenith Technologies - Initial License,Qualification,17663,2023-12-12,2023-10-25,Outbound - AE,Best Case,False,False,,,14,Schedule demo,New Business,2023-10-25T00:00:00
1978,716,16,Optima Corp - Platform Deal,Prospecting,7937,2025-07-06,2024-12-18,,Pipeline,False,False,CompetitorD,,66,Schedule demo,New Business,2024-12-18T00:00:00
1979,946,12,Synergy Systems - Initial License,Prospecting,188725,2025-01-22,2024-05-10,Webinar,Pipeline,False,False,Open Source Alternative,,56,Technical review,New Business,2024-05-10T00:00:00
1980,495,16,Nexus Solutions - Platform Deal,Closed Lost,30082,2024-12-24,2024-07-05,Event,Omitted,False,True,Open Source Alternative,Timing,33,,New Business,2024-07-05T00:00:00
1981,500,15,Vanguard Platforms - Platform Deal,Closed Lost,108442,2024-12-19,2024-11-15,Product-Led,Omitted,False,True,CompetitorD,No Decision,13,,New Business,2024-11-15T00:00:00
1982,231,7,Global Corp - New Business,Closed Won,439618,2024-12-31,2024-09-17,Event,Closed,True,True,,,5,,New Business,2024-09-17T00:00:00
1983,347,3,Optima Group - Initial License,Prospecting,49831,2025-01-25,2024-10-13,Partner Referral,Pipeline,False,False,,,41,POC setup,New Business,2024-10-13T00:00:00
1984,262,5,Zenith Group - Initial License,Prospecting,37123,2024-07-29,2024-06-21,Outbound - AE,Pipeline,False,False,,,41,Executive alignment,New Business,2024-06-21T00:00:00
1985,214,14,Pacific Partners - Initial License,Qualification,31824,2022-01-03,2021-10-17,Inbound - Web,Best Case,False,False,,,32,Schedule demo,New Business,2021-10-17T00:00:00
1986,944,13,Zenith Group - New Business,Closed Lost,8546,2024-12-31,2024-11-15,Inbound - Web,Omitted,False,True,CompetitorA,Competitor,24,,New Business,2024-11-15T00:00:00
1987,661,15,Nexus Partners - Initial License,Discovery,954668,2021-03-10,2020-09-06,Inbound - Web,Pipeline,False,False,CompetitorC,,33,Reference call,New Business,2020-09-06T00:00:00
1988,12,13,Nexus Software - Initial License,Closed Lost,73320,2023-12-21,2023-05-18,Outbound - SDR,Omitted,False,True,CompetitorC,Feature Gap,19,,New Business,2023-05-18T00:00:00
1989,458,16,Optima Group - Platform Deal,Proposal,11364,2025-05-13,2024-12-10,Partner Referral,Best Case,False,False,CompetitorD,,20,Schedule demo,New Business,2024-12-10T00:00:00
1990,4,5,Vanguard Platforms - Initial License,Discovery,42153,2024-10-11,2024-05-02,Inbound - Content,Pipeline,False,False,CompetitorB,,27,POC setup,New Business,2024-05-02T00:00:00
1991,519,3,Summit Corp - New Business,Qualification,102750,2025-03-04,2024-11-11,Outbound - SDR,Best Case,False,False,CompetitorE,,6,Contract signing,New Business,2024-11-11T00:00:00
1992,37,9,Elevate Labs - Initial License,Qualification,114359,2025-05-08,2024-12-05,Product-Led,Best Case,False,False,CompetitorA,,24,Reference call,New Business,2024-12-05T00:00:00
1993,513,8,Nova Software - New Business,Closed Lost,809244,2022-12-11,2022-08-30,Event,Omitted,False,True,,Competitor,44,,New Business,2022-08-30T00:00:00
1994,860,9,Summit Enterprises - Platform Deal,Proposal,27833,2025-02-09,2024-12-19,Webinar,Best Case,False,False,,,3,Technical review,New Business,2024-12-19T00:00:00
1995,877,4,Optima Holdings - Initial License,Prospecting,23335,2023-01-27,2022-09-10,Event,Pipeline,False,False,CompetitorB,,6,Reference call,New Business,2022-09-10T00:00:00
1996,687,6,Nova Networks - New Business,Discovery,18795,2024-11-19,2024-09-12,Outbound - SDR,Pipeline,False,False,CompetitorE,,52,Legal review,New Business,2024-09-12T00:00:00
1997,206,6,Synergy Digital - Initial License,Discovery,116887,2024-01-05,2023-06-15,Inbound - Content,Pipeline,False,False,CompetitorA,,51,Technical review,New Business,2023-06-15T00:00:00
1998,885,12,Pinnacle Holdings - New Business,Qualification,,2022-10-17,2022-06-01,Outbound - SDR,Best Case,False,False,,,52,Send proposal,New Business,2022-06-01T00:00:00
1999,538,6,Catalyst Group - Initial License,Prospecting,32025,2024-07-23,2024-04-15,Inbound - Web,Pipeline,False,False,Open Source Alternative,,39,Send proposal,New Business,2024-04-15T00:00:00
2000,703,10,Zenith Partners - New Business,Negotiation,33624,2022-07-15,2022-05-18,Event,Commit,False,False,CompetitorD,,16,Executive alignment,New Business,2022-05-18T00:00:00
2001,317,13,Vertex Systems - New Business,Discovery,44219,2023-07-23,2023-02-10,Product-Led,Pipeline,False,False,CompetitorA,,31,Legal review,New Business,2023-02-10T00:00:00
2002,602,5,Zenith Partners - New Business,Prospecting,25507,2023-11-01,2023-08-25,Outbound - SDR,Pipeline,False,False,,,15,POC setup,New Business,2023-08-25T00:00:00
2003,162,6,Pinnacle Services - Platform Deal,Negotiation,10047,2022-12-06,2022-04-13,Outbound - SDR,Commit,False,False,,,50,Contract signing,New Business,2022-04-13T00:00:00
2004,568,8,Zenith Dynamics - New Business,Prospecting,37764,2023-10-08,2023-08-13,Outbound - AE,Pipeline,False,False,Open Source Alternative,,28,Schedule demo,New Business,2023-08-13T00:00:00
2005,700,15,Catalyst Networks - Initial License,Proposal,17098,2024-12-13,2024-09-12,Webinar,Best Case,False,False,CompetitorC,,52,,New Business,2024-09-12T00:00:00
2006,966,7,Horizon Corp - Platform Deal,Closed Lost,39508,2024-12-31,2024-08-02,Event,Omitted,False,True,CompetitorD,Timing,55,,New Business,2024-08-02T00:00:00
2007,621,16,Fusion Corp - Initial License,Closed Won,622991,2024-12-03,2024-06-16,Product-Led,Closed,True,True,CompetitorE,,58,,New Business,2024-06-16T00:00:00
2008,562,3,Vanguard Software - Initial License,Closed Lost,45607,2024-12-31,2024-11-03,Outbound - AE,Omitted,False,True,,Budget Cut,45,,New Business,2024-11-03T00:00:00
2009,149,15,Quantum Labs - Initial License,Closed Lost,15890,2024-12-31,2024-12-10,Outbound - SDR,Omitted,False,True,,Price,22,,New Business,2024-12-10T00:00:00
2010,451,11,Nova Digital - Platform Deal,Negotiation,595669,2025-02-13,2024-12-16,Product-Led,Commit,False,False,,,35,Legal review,New Business,2024-12-16T00:00:00
2011,416,13,Vertex Enterprises - Initial License,Prospecting,26187,2023-09-11,2023-01-03,Outbound - AE,Pipeline,False,False,,,31,Executive alignment,New Business,2023-01-03T00:00:00
365,702,4,Pacific Systems - New Business,Qualification,,2025-05-25,2024-12-30,Inbound - Web,Best Case,False,False,,,17,,New Business,2024-12-30T00:00:00
2013,713,11,Horizon Holdings - Initial License,Closed Won,24513,2023-09-27,2023-08-20,Event,Closed,True,True,,,25,,New Business,2023-08-20T00:00:00
2014,896,8,Elevate Networks - Initial License,Qualification,131121,2025-06-19,2024-10-22,Outbound - SDR,Best Case,False,False,CompetitorE,,27,Technical review,New Business,2024-10-22T00:00:00
2015,323,16,Zenith Partners - Platform Deal,Discovery,669552,2025-06-10,2024-12-08,Outbound - AE,Pipeline,False,False,CompetitorA,,62,Legal review,New Business,2024-12-08T00:00:00
2016,251,15,Nexus Enterprises - Platform Deal,Negotiation,52201,2025-08-06,2024-12-10,Product-Led,Commit,False,False,CompetitorA,,16,Contract signing,New Business,2024-12-10T00:00:00
2017,903,7,Nova Enterprises - Initial License,Qualification,79774,2025-05-29,2024-12-22,Inbound - Web,Best Case,False,False,,,48,Send proposal,New Business,2024-12-22T00:00:00
2018,389,13,Horizon Technologies - Platform Deal,Negotiation,71213,2025-03-11,2024-09-14,Inbound - Content,Commit,False,False,,,41,Reference call,New Business,2024-09-14T00:00:00
2019,318,6,Summit Labs - Initial License,Prospecting,166885,2023-12-17,2023-05-10,Outbound - AE,Pipeline,False,False,CompetitorD,,15,Send proposal,New Business,2023-05-10T00:00:00
2020,831,3,Zenith Dynamics - Platform Deal,Negotiation,819550,2022-11-02,2022-05-08,Event,Commit,False,False,CompetitorB,,26,Contract signing,New Business,2022-05-08T00:00:00
2021,993,14,Vertex Partners - Initial License,Qualification,189414,2023-09-27,2023-05-21,Webinar,Best Case,False,False,CompetitorD,,54,,New Business,2023-05-21T00:00:00
2022,878,6,Catalyst Systems - New Business,Discovery,,2024-04-18,2024-02-18,Inbound - Content,Pipeline,False,False,,,22,Contract signing,New Business,2024-02-18T00:00:00
2023,278,2,Vanguard Technologies - New Business,Prospecting,53949,2025-05-27,2024-12-18,Inbound - Web,Pipeline,False,False,Open Source Alternative,,2,POC setup,New Business,2024-12-18T00:00:00
2024,958,12,Pinnacle Digital - New Business,Discovery,176195,2021-12-08,2021-07-18,Inbound - Content,Pipeline,False,False,CompetitorC,,45,Technical review,New Business,2021-07-18T00:00:00
2025,902,15,Pinnacle Platforms - Additional Seats,Closed Won,29334,2024-10-28,2024-07-25,Product-Led,Closed,True,True,CompetitorB,,37,,Expansion,2024-07-25T00:00:00
2026,160,5,Pacific Systems - New Business,Closed Lost,9396,2024-12-31,2024-10-20,Partner Referral,Omitted,False,True,,Competitor,16,,New Business,2024-10-20T00:00:00
2027,6,1,Nova Holdings - Platform Deal,Qualification,11889,2024-12-05,2024-06-20,Product-Led,Best Case,False,False,,,24,Contract signing,New Business,2024-06-20T00:00:00
2028,190,11,Pinnacle Digital - Initial License,Qualification,175024,2022-12-19,2022-10-01,Webinar,Best Case,False,False,CompetitorB,,15,Send proposal,New Business,2022-10-01T00:00:00
2029,119,3,Optima Partners - Initial License,Discovery,45104,2023-12-26,2023-07-25,Product-Led,Pipeline,False,False,CompetitorD,,23,Reference call,New Business,2023-07-25T00:00:00
2030,548,10,Quantum Holdings - Initial License,Prospecting,44998,2024-05-08,2023-08-27,Outbound - AE,Pipeline,False,False,,,20,Contract signing,New Business,2023-08-27T00:00:00
2031,468,10,Vertex Solutions - Renewal,Closed Won,436867,2024-06-23,2024-01-03,Partner Referral,Closed,True,True,,,53,,Renewal,2024-01-03T00:00:00
2032,578,1,Elevate Partners - New Business,Closed Lost,10368,2023-09-16,2023-07-01,Outbound - AE,Omitted,False,True,CompetitorB,Budget Cut,6,,New Business,2023-07-01T00:00:00
1208,533,12,Fusion Networks - Platform Deal,Proposal,23643,2023-01-14,2022-06-12,Product-Led,Best Case,False,False,,,7,Legal review,New Business,2022-06-12T00:00:00
2034,528,4,Zenith Partners - Platform Deal,Negotiation,1069264,2024-12-21,2024-09-15,Outbound - SDR,Commit,False,False,CompetitorB,,47,Legal review,New Business,2024-09-15T00:00:00
2035,958,12,Pinnacle Digital - Initial License,Discovery,34090,2025-02-10,2024-12-31,Partner Referral,Pipeline,False,False,,,14,POC setup,New Business,2024-12-31T00:00:00
2036,511,16,Nexus Analytics - Platform Deal,Qualification,8933,2025-02-10,2024-09-08,Outbound - SDR,Best Case,False,False,,,6,,New Business,2024-09-08T00:00:00
2037,891,12,Synergy Networks - Initial License,Closed Lost,95480,2024-07-15,2024-02-03,Outbound - SDR,Omitted,False,True,,Budget Cut,37,,New Business,2024-02-03T00:00:00
2038,995,7,Vanguard Labs - Platform Deal,Proposal,48518,2025-05-09,2024-10-12,Event,Best Case,False,False,Open Source Alternative,,38,Reference call,New Business,2024-10-12T00:00:00
2039,623,10,Summit Platforms - New Business,Negotiation,27943,2024-03-30,2023-09-28,Outbound - AE,Commit,False,False,CompetitorA,,61,Send proposal,New Business,2023-09-28T00:00:00
2040,393,6,Vertex Holdings - New Business,Closed Lost,145222,2024-12-31,2024-12-27,Webinar,Omitted,False,True,,Feature Gap,47,,New Business,2024-12-27T00:00:00
2041,440,1,Acme Systems - Initial License,Proposal,537045,2025-08-31,2024-12-16,Inbound - Web,Best Case,False,False,Open Source Alternative,,27,,New Business,2024-12-16T00:00:00
2042,168,2,Catalyst Platforms - Platform Deal,Qualification,26408,2024-09-10,2024-02-04,Outbound - AE,Best Case,False,False,CompetitorE,,43,,New Business,2024-02-04T00:00:00
2043,632,5,Optima Solutions - Initial License,Discovery,49291,2022-04-24,2021-10-15,Webinar,Pipeline,False,False,Open Source Alternative,,56,Send proposal,New Business,2021-10-15T00:00:00
2044,671,8,Vanguard Technologies - Initial License,Prospecting,,2023-05-15,2023-04-14,Event,Pipeline,False,False,Open Source Alternative,,11,Contract signing,New Business,2023-04-14T00:00:00
2045,825,8,Apex Enterprises - New Business,Qualification,27463,2024-12-18,2024-11-03,Outbound - AE,Best Case,False,False,Open Source Alternative,,34,Send proposal,New Business,2024-11-03T00:00:00
2046,990,7,Elevate Technologies - Initial License,Closed Lost,53954,2023-12-18,2023-05-17,Webinar,Omitted,False,True,,Feature Gap,23,,New Business,2023-05-17T00:00:00
2047,615,2,Optima Services - Initial License,Discovery,912663,2023-08-30,2023-05-12,Outbound - AE,Pipeline,False,False,Open Source Alternative,,27,POC setup,New Business,2023-05-12T00:00:00
2048,726,4,Zenith Dynamics - Initial License,Closed Lost,38362,2022-09-28,2022-07-03,Event,Omitted,False,True,CompetitorC,Price,5,,New Business,2022-07-03T00:00:00
2049,858,14,Quantum Technologies - Platform Deal,Prospecting,82823,2024-05-26,2024-03-07,Partner Referral,Pipeline,False,False,CompetitorD,,41,,New Business,2024-03-07T00:00:00
2050,785,4,Elevate Digital - Initial License,Discovery,25200,2022-11-17,2022-10-11,Outbound - SDR,Pipeline,False,False,Open Source Alternative,,16,Technical review,New Business,2022-10-11T00:00:00
2051,764,6,Pinnacle Corp - Platform Deal,Prospecting,78778,2022-04-06,2021-08-09,Inbound - Content,Pipeline,False,False,CompetitorB,,29,,New Business,2021-08-09T00:00:00
2052,249,14,Acme Digital - New Business,Discovery,34186,2025-05-16,2024-09-11,Inbound - Content,Pipeline,False,False,CompetitorB,,1,Executive alignment,New Business,2024-09-11T00:00:00
2053,745,11,Vanguard Software - Initial License,Negotiation,44685,2023-01-06,2022-11-17,Inbound - Web,Commit,False,False,CompetitorE,,37,Reference call,New Business,2022-11-17T00:00:00
2054,981,10,Global Inc - Platform Deal,Prospecting,35838,2025-04-19,2024-08-26,Product-Led,Pipeline,False,False,Open Source Alternative,,51,,New Business,2024-08-26T00:00:00
2055,831,8,Zenith Dynamics - Platform Deal,Qualification,989302,2025-04-18,2024-10-03,Event,Best Case,False,False,,,49,Technical review,New Business,2024-10-03T00:00:00
2056,546,7,Velocity Inc - Platform Deal,Closed Won,,2023-06-26,2023-05-12,Product-Led,Closed,True,True,CompetitorA,,34,,New Business,2023-05-12T00:00:00
160,132,7,Fusion Digital - Initial License,Closed Lost,,2024-12-20,2024-08-05,Event,Omitted,False,True,CompetitorE,Budget Cut,25,,New Business,2024-08-05T00:00:00
2058,126,3,Nexus Networks - Initial License,Proposal,70928,2024-10-29,2024-09-01,Outbound - SDR,Best Case,False,False,CompetitorE,,24,Legal review,New Business,2024-09-01T00:00:00
2059,418,12,Fusion Systems - Initial License,Prospecting,18506,2021-10-20,2021-11-02,Inbound - Content,Pipeline,False,False,,,2,Legal review,New Business,2021-11-02T00:00:00
2060,459,5,Velocity Dynamics - Platform Deal,Prospecting,36645,2025-04-19,2024-07-28,Inbound - Content,Pipeline,False,False,CompetitorA,,2,Send proposal,New Business,2024-07-28T00:00:00
2061,344,12,Optima Corp - Initial License,Qualification,24698,2025-04-22,2024-10-27,Event,Best Case,False,False,CompetitorD,,49,Legal review,New Business,2024-10-27T00:00:00
2062,502,14,Elevate Services - New Business,Negotiation,144400,2024-10-28,2024-09-25,Inbound - Web,Commit,False,False,CompetitorD,,3,Executive alignment,New Business,2024-09-25T00:00:00
2063,712,10,Vertex Solutions - Initial License,Prospecting,107094,2025-08-24,2024-12-15,Outbound - AE,Pipeline,False,False,CompetitorB,,40,Executive alignment,New Business,2024-12-15T00:00:00
2064,420,11,Nexus Systems - Platform Deal,Proposal,27406,2024-07-26,2023-12-10,Webinar,Best Case,False,False,CompetitorE,,15,Schedule demo,New Business,2023-12-10T00:00:00
2065,330,15,Vertex Partners - New Business,Discovery,,2025-05-16,2024-10-09,Partner Referral,Pipeline,False,False,,,45,Legal review,New Business,2024-10-09T00:00:00
2066,546,10,Velocity Inc - New Business,Qualification,82133,2025-02-04,2024-10-27,Product-Led,Best Case,False,False,CompetitorC,,15,Schedule demo,New Business,2024-10-27T00:00:00
2067,788,13,Pacific Platforms - New Business,Negotiation,220482,2024-10-11,2024-11-06,Partner Referral,Commit,False,False,,,67,,New Business,2024-11-06T00:00:00
2068,310,9,Optima Systems - New Business,Discovery,544587,2023-05-06,2022-12-09,Product-Led,Pipeline,False,False,CompetitorD,,56,Contract signing,New Business,2022-12-09T00:00:00
2069,368,12,Zenith Dynamics - Initial License,Closed Lost,63938,2023-12-01,2023-05-14,Webinar,Omitted,False,True,CompetitorB,No Decision,62,,New Business,2023-05-14T00:00:00
2070,377,1,Atlas Systems - New Business,Discovery,132335,2023-12-11,2023-09-09,Outbound - AE,Pipeline,False,False,CompetitorD,,14,Schedule demo,New Business,2023-09-09T00:00:00
2071,378,10,Vanguard Networks - Platform Deal,Closed Lost,262733,2023-01-31,2022-10-06,Inbound - Content,Omitted,False,True,CompetitorB,Champion Left,45,,New Business,2022-10-06T00:00:00
2072,842,6,Velocity Partners - New Business,Prospecting,121086,2024-04-20,2023-09-14,Partner Referral,Pipeline,False,False,CompetitorD,,35,Contract signing,New Business,2023-09-14T00:00:00
2073,153,13,Acme Software - New Business,Closed Lost,172721,2024-12-31,2024-10-03,Partner Referral,Omitted,False,True,CompetitorB,Lost to Status Quo,73,,New Business,2024-10-03T00:00:00
2074,416,13,Vertex Enterprises - New Business,Proposal,47316,2024-07-20,2024-04-01,Webinar,Best Case,False,False,,,10,,New Business,2024-04-01T00:00:00
2075,451,11,Nova Digital - Platform Deal,Discovery,969321,2024-04-19,2024-01-14,Inbound - Web,Pipeline,False,False,,,1,Reference call,New Business,2024-01-14T00:00:00
2076,309,3,Quantum Inc - Platform Deal,Qualification,98558,2021-04-20,2020-12-01,Inbound - Content,Best Case,False,False,CompetitorA,,4,Schedule demo,New Business,2020-12-01T00:00:00
2077,17,5,Pacific Labs - Platform Deal,Closed Won,149083,2024-05-17,2024-04-10,Partner Referral,Closed,True,True,,,21,,New Business,2024-04-10T00:00:00
2078,854,1,Synergy Labs - New Business,Negotiation,49466,2024-01-15,2023-05-07,Event,Commit,False,False,CompetitorA,,2,POC setup,New Business,2023-05-07T00:00:00
2079,241,4,Nexus Dynamics - New Business,Proposal,247677,2024-09-05,2024-04-19,,Best Case,False,False,CompetitorC,,33,Send proposal,New Business,2024-04-19T00:00:00
2080,922,16,Vanguard Services - New Business,Discovery,33342,2025-01-09,2024-11-19,Product-Led,Pipeline,False,False,,,33,Technical review,New Business,2024-11-19T00:00:00
2081,659,4,Vanguard Platforms - Platform Deal,Discovery,150315,2024-12-22,2024-06-25,Webinar,Pipeline,False,False,Open Source Alternative,,56,Schedule demo,New Business,2024-06-25T00:00:00
2082,525,13,Catalyst Holdings - Initial License,Prospecting,142949,2025-03-01,2024-10-24,Product-Led,Pipeline,False,False,,,55,,New Business,2024-10-24T00:00:00
2083,775,8,Nexus Partners - Platform Deal,Discovery,155386,2024-05-25,2024-04-21,Outbound - AE,Pipeline,False,False,Open Source Alternative,,39,Reference call,New Business,2024-04-21T00:00:00
2084,604,4,Velocity Networks - Platform Deal,Qualification,101506,2025-05-20,2024-10-13,Inbound - Content,Best Case,False,False,CompetitorC,,44,Send proposal,New Business,2024-10-13T00:00:00
2085,763,3,Quantum Software - New Business,Qualification,69716,2023-12-27,2023-04-24,Webinar,Best Case,False,False,Open Source Alternative,,17,Technical review,New Business,2023-04-24T00:00:00
571,80,7,Catalyst Digital - Initial License,Closed Lost,88250,2024-11-25,2024-09-06,Outbound - SDR,Omitted,False,True,,Price,31,,New Business,2024-09-06T00:00:00
2087,335,16,Pacific Digital - Initial License,Discovery,34693,2025-04-25,2024-11-04,Inbound - Web,Pipeline,False,False,,,1,Technical review,New Business,2024-11-04T00:00:00
2088,678,8,Fusion Partners - Initial License,Qualification,452454,2024-03-19,2024-01-15,Partner Referral,Best Case,False,False,CompetitorC,,21,Reference call,New Business,2024-01-15T00:00:00
2089,341,14,Elevate Digital - Initial License,Proposal,163678,2021-09-26,2021-06-04,Outbound - AE,Best Case,False,False,,,10,Contract signing,New Business,2021-06-04T00:00:00
2090,89,3,Quantum Systems - Platform Deal,Closed Lost,5693,2024-11-15,2024-10-12,Partner Referral,Omitted,False,True,,Competitor,22,,New Business,2024-10-12T00:00:00
2091,159,10,Horizon Systems - New Business,Discovery,476838,2024-09-30,2024-01-20,Product-Led,Pipeline,False,False,,,69,POC setup,New Business,2024-01-20T00:00:00
2092,780,13,Fusion Digital - Initial License,Discovery,749603,2023-06-26,2022-12-03,Inbound - Content,Pipeline,False,False,,,9,Executive alignment,New Business,2022-12-03T00:00:00
2093,435,3,Nexus Technologies - Initial License,Proposal,107457,2023-06-16,2023-05-16,Product-Led,Best Case,False,False,,,17,POC setup,New Business,2023-05-16T00:00:00
2094,177,11,Vertex Labs - Initial License,Negotiation,787709,2022-01-28,2021-10-30,Outbound - SDR,Commit,False,False,,,37,Reference call,New Business,2021-10-30T00:00:00
2095,465,13,Pacific Corp - Initial License,Negotiation,122407,2025-06-17,2024-11-06,Webinar,Commit,False,False,CompetitorC,,77,Schedule demo,New Business,2024-11-06T00:00:00
2096,34,5,Zenith Analytics - New Business,Qualification,37219,2023-07-20,2023-03-02,Event,Best Case,False,False,,,35,Legal review,New Business,2023-03-02T00:00:00
2097,905,4,Vanguard Technologies - New Business,Prospecting,48490,2024-01-21,2023-11-03,Product-Led,Pipeline,False,False,CompetitorB,,6,Send proposal,New Business,2023-11-03T00:00:00
2098,686,6,Horizon Platforms - Initial License,Proposal,60797,2021-11-12,2021-10-10,Outbound - SDR,Best Case,False,False,CompetitorD,,34,Reference call,New Business,2021-10-10T00:00:00
2099,281,7,Horizon Systems - Platform Deal,Closed Lost,31274,2024-09-12,2024-10-05,Event,Omitted,False,True,CompetitorB,Price,40,,New Business,2024-10-05T00:00:00
2100,762,8,Nexus Enterprises - New Business,Discovery,25095,2022-12-03,2022-08-07,,Pipeline,False,False,,,60,Reference call,New Business,2022-08-07T00:00:00
2101,498,8,Catalyst Labs - New Business,Prospecting,6192,2023-05-17,2023-03-18,Outbound - SDR,Pipeline,False,False,CompetitorA,,19,,New Business,2023-03-18T00:00:00
2102,625,8,Pacific Networks - Expansion,Prospecting,10098,2024-12-14,2024-10-02,Event,Pipeline,False,False,CompetitorA,,1,Send proposal,Expansion,2024-10-02T00:00:00
2103,78,3,Zenith Partners - New Business,Qualification,376889,2024-11-01,2024-02-09,Event,Best Case,False,False,CompetitorB,,1,Contract signing,New Business,2024-02-09T00:00:00
2104,182,2,Catalyst Solutions - New Business,Discovery,28016,2024-09-11,2024-06-12,Partner Referral,Pipeline,False,False,CompetitorD,,43,Contract signing,New Business,2024-06-12T00:00:00
2105,76,13,Optima Solutions - Initial License,Discovery,25509,2024-11-20,2024-04-03,Partner Referral,Pipeline,False,False,CompetitorD,,4,,New Business,2024-04-03T00:00:00
2106,129,3,Atlas Technologies - Initial License,Discovery,16604,2023-05-14,2023-03-27,Partner Referral,Pipeline,False,False,CompetitorB,,9,Technical review,New Business,2023-03-27T00:00:00
2107,605,6,Horizon Inc - Platform Deal,Prospecting,33424,2024-07-20,2024-01-18,,Pipeline,False,False,,,59,POC setup,New Business,2024-01-18T00:00:00
2108,761,7,Summit Corp - Platform Deal,Negotiation,34003,2025-09-14,2024-12-18,Partner Referral,Commit,False,False,CompetitorA,,41,Executive alignment,New Business,2024-12-18T00:00:00
2109,496,14,Global Analytics - New Business,Closed Lost,47468,2022-03-17,2021-12-13,Inbound - Web,Omitted,False,True,,Competitor,55,,New Business,2021-12-13T00:00:00
2110,100,13,Apex Corp - Initial License,Qualification,54732,2025-01-01,2024-11-17,Product-Led,Best Case,False,False,,,65,Reference call,New Business,2024-11-17T00:00:00
2111,899,16,Nova Platforms - Initial License,Qualification,56976,2024-06-02,2024-04-18,Inbound - Content,Best Case,False,False,,,64,Technical review,New Business,2024-04-18T00:00:00
2112,702,4,Pacific Systems - Platform Deal,Negotiation,34483,2025-03-28,2024-12-01,Event,Commit,False,False,CompetitorD,,23,Contract signing,New Business,2024-12-01T00:00:00
2113,606,16,Pinnacle Solutions - New Business,Discovery,9377,2025-04-16,2024-12-27,Product-Led,Pipeline,False,False,CompetitorA,,11,Schedule demo,New Business,2024-12-27T00:00:00
2114,314,16,Summit Technologies - New Business,Qualification,25260,2024-12-08,2024-12-31,Event,Best Case,False,False,CompetitorA,,26,,New Business,2024-12-31T00:00:00
2115,848,3,Vanguard Holdings - Initial License,Closed Won,36954,2020-12-31,2020-09-03,Outbound - SDR,Closed,True,True,,,36,,New Business,2020-09-03T00:00:00
2116,467,11,Vanguard Partners - Platform Deal,Qualification,195676,2022-12-18,2022-08-23,Product-Led,Best Case,False,False,CompetitorA,,36,Schedule demo,New Business,2022-08-23T00:00:00
2117,575,7,Acme Enterprises - Platform Deal,Proposal,965822,2025-05-12,2024-10-29,Partner Referral,Best Case,False,False,CompetitorE,,53,Send proposal,New Business,2024-10-29T00:00:00
2118,339,15,Acme Solutions - Platform Deal,Qualification,41787,2025-05-21,2024-11-07,Inbound - Content,Best Case,False,False,,,22,POC setup,New Business,2024-11-07T00:00:00
2119,4,8,Vanguard Platforms - Initial License,Qualification,44109,2025-04-21,2024-09-21,Event,Best Case,False,False,CompetitorA,,17,Schedule demo,New Business,2024-09-21T00:00:00
2120,753,10,Atlas Group - Initial License,Qualification,29636,2025-01-10,2024-06-08,Inbound - Web,Best Case,False,False,CompetitorB,,24,Schedule demo,New Business,2024-06-08T00:00:00
2121,129,5,Atlas Technologies - New Business,Qualification,24859,2025-03-25,2024-08-14,Product-Led,Best Case,False,False,CompetitorE,,60,,New Business,2024-08-14T00:00:00
2122,580,9,Global Analytics - New Business,Closed Lost,29735,2023-08-30,2023-05-16,Webinar,Omitted,False,True,CompetitorA,Feature Gap,35,,New Business,2023-05-16T00:00:00
2123,917,10,Acme Group - Expansion,Closed Lost,2657,2024-12-31,2024-11-25,Partner Referral,Omitted,False,True,CompetitorA,Feature Gap,16,,Expansion,2024-11-25T00:00:00
2124,916,16,Fusion Solutions - Renewal,Qualification,151300,2025-01-16,2024-11-21,Product-Led,Best Case,False,False,CompetitorA,,8,Send proposal,Renewal,2024-11-21T00:00:00
2125,88,15,Elevate Inc - Initial License,Discovery,8557,2024-11-02,2024-07-12,Event,Pipeline,False,False,CompetitorA,,35,Technical review,New Business,2024-07-12T00:00:00
2126,481,15,Fusion Corp - Platform Deal,Discovery,,2024-09-26,2024-03-30,Event,Pipeline,False,False,CompetitorE,,43,Contract signing,New Business,2024-03-30T00:00:00
2127,384,12,Vanguard Digital - Platform Deal,Qualification,65157,2024-10-20,2024-04-20,Event,Best Case,False,False,,,29,POC setup,New Business,2024-04-20T00:00:00
215,402,15,Global Holdings - Platform Deal,Closed Lost,15047,2024-12-31,2024-07-26,Inbound - Web,Omitted,False,True,,Competitor,9,,New Business,2024-07-26T00:00:00
2129,1,8,Elevate Networks - New Business,Proposal,74304,2024-08-09,2024-04-29,,Best Case,False,False,CompetitorA,,38,,New Business,2024-04-29T00:00:00
2130,762,8,Nexus Enterprises - Initial License,Closed Lost,54591,2023-06-20,2023-04-13,Webinar,Omitted,False,True,,Champion Left,3,,New Business,2023-04-13T00:00:00
2131,400,9,Fusion Solutions - Additional Seats,Proposal,20497,2024-12-30,2024-09-15,Inbound - Content,Best Case,False,False,CompetitorA,,4,Executive alignment,Expansion,2024-09-15T00:00:00
2132,779,4,Fusion Corp - Initial License,Closed Lost,47722,2024-12-31,2024-11-11,Inbound - Content,Omitted,False,True,Open Source Alternative,No Decision,36,,New Business,2024-11-11T00:00:00
2133,843,10,Vertex Holdings - Platform Deal,Prospecting,,2024-04-13,2023-09-22,Outbound - AE,Pipeline,False,False,,,59,Send proposal,New Business,2023-09-22T00:00:00
2134,915,15,Nova Inc - Initial License,Qualification,17306,2025-01-07,2024-12-05,Product-Led,Best Case,False,False,CompetitorE,,42,POC setup,New Business,2024-12-05T00:00:00
2135,688,4,Vanguard Digital - Initial License,Closed Lost,33858,2024-12-31,2024-07-17,Inbound - Web,Omitted,False,True,CompetitorB,Lost to Status Quo,29,,New Business,2024-07-17T00:00:00
2136,22,1,Atlas Enterprises - Initial License,Closed Won,211428,2024-12-24,2024-07-07,Partner Referral,Closed,True,True,Open Source Alternative,,12,,New Business,2024-07-07T00:00:00
2137,602,5,Zenith Partners - New Business,Closed Lost,30488,2023-08-27,2023-06-27,Inbound - Web,Omitted,False,True,CompetitorE,Feature Gap,13,,New Business,2023-06-27T00:00:00
2138,818,16,Pacific Systems - New Business,Discovery,11828,2024-12-16,2024-03-28,Event,Pipeline,False,False,CompetitorE,,66,Reference call,New Business,2024-03-28T00:00:00
520,508,13,Atlas Software - Renewal,Closed Won,34515,2024-12-31,2024-09-08,,Closed,True,True,,,30,,Renewal,2024-09-08T00:00:00
2140,51,16,Zenith Services - Initial License,Prospecting,125353,2025-02-20,2024-11-16,Inbound - Content,Pipeline,False,False,CompetitorB,,32,Technical review,New Business,2024-11-16T00:00:00
2141,34,5,Zenith Analytics - Platform Deal,Closed Won,28044,2023-03-30,2023-02-12,Webinar,Closed,True,True,,,17,,New Business,2023-02-12T00:00:00
2142,787,8,Global Inc - New Business,Prospecting,573704,2024-05-14,2024-02-08,Outbound - AE,Pipeline,False,False,CompetitorA,,47,Executive alignment,New Business,2024-02-08T00:00:00
2143,95,2,Vertex Networks - Platform Deal,Qualification,6038,2023-10-10,2023-02-11,Inbound - Web,Best Case,False,False,Open Source Alternative,,3,Executive alignment,New Business,2023-02-11T00:00:00
2144,909,6,Vanguard Dynamics - Platform Deal,Qualification,43816,2024-11-28,2024-05-10,Outbound - AE,Best Case,False,False,Open Source Alternative,,4,,New Business,2024-05-10T00:00:00
2145,717,11,Vanguard Partners - New Business,Prospecting,23337,2024-07-01,2023-11-27,,Pipeline,False,False,CompetitorE,,29,Reference call,New Business,2023-11-27T00:00:00
2146,714,11,Global Enterprises - Initial License,Qualification,32817,2022-01-04,2021-11-11,Event,Best Case,False,False,CompetitorC,,50,Technical review,New Business,2021-11-11T00:00:00
2147,556,6,Vertex Analytics - Platform Deal,Prospecting,41700,2022-02-05,2021-10-28,Partner Referral,Pipeline,False,False,CompetitorB,,58,Contract signing,New Business,2021-10-28T00:00:00
2148,509,16,Elevate Group - New Business,Prospecting,28093,2024-12-29,2024-10-06,Webinar,Pipeline,False,False,CompetitorA,,43,Contract signing,New Business,2024-10-06T00:00:00
2149,352,15,Fusion Holdings - Platform Deal,Closed Lost,,2024-12-31,2024-07-25,Outbound - SDR,Omitted,False,True,CompetitorA,Lost to Status Quo,33,,New Business,2024-07-25T00:00:00
2150,403,13,Acme Analytics - New Business,Closed Lost,47937,2023-06-21,2022-11-15,Inbound - Web,Omitted,False,True,Open Source Alternative,Competitor,27,,New Business,2022-11-15T00:00:00
2151,897,3,Nova Platforms - Initial License,Qualification,980589,2024-10-23,2024-04-16,Outbound - SDR,Best Case,False,False,CompetitorC,,21,Send proposal,New Business,2024-04-16T00:00:00
2152,223,6,Catalyst Software - Platform Deal,Closed Lost,144352,2024-06-24,2024-03-24,Event,Omitted,False,True,,Timing,10,,New Business,2024-03-24T00:00:00
2153,640,5,Pinnacle Technologies - Initial License,Closed Won,41774,2023-07-15,2023-06-07,Event,Closed,True,True,CompetitorA,,2,,New Business,2023-06-07T00:00:00
2154,833,11,Velocity Digital - New Business,Qualification,139998,2024-04-21,2023-11-14,Product-Led,Best Case,False,False,,,31,Executive alignment,New Business,2023-11-14T00:00:00
2155,260,12,Nova Services - Platform Deal,Discovery,18047,2024-04-06,2023-09-23,Inbound - Content,Pipeline,False,False,CompetitorE,,51,Schedule demo,New Business,2023-09-23T00:00:00
2156,165,6,Global Networks - Initial License,Discovery,14076,2023-01-03,2022-04-22,Event,Pipeline,False,False,CompetitorA,,59,Reference call,New Business,2022-04-22T00:00:00
2157,805,12,Quantum Dynamics - Initial License,Closed Lost,43854,2024-09-24,2024-09-07,Event,Omitted,False,True,CompetitorA,Competitor,39,,New Business,2024-09-07T00:00:00
2158,653,8,Vertex Networks - Platform Deal,Qualification,175289,2023-09-28,2023-04-18,Product-Led,Best Case,False,False,,,23,Contract signing,New Business,2023-04-18T00:00:00
2159,399,3,Nexus Corp - New Business,Discovery,34415,2024-11-08,2024-08-14,Outbound - SDR,Pipeline,False,False,CompetitorD,,26,Reference call,New Business,2024-08-14T00:00:00
2160,107,2,Acme Platforms - Initial License,Qualification,20818,2025-04-16,2024-08-10,Webinar,Best Case,False,False,CompetitorC,,17,Reference call,New Business,2024-08-10T00:00:00
2161,617,12,Quantum Inc - Platform Deal,Closed Lost,86199,2022-08-11,2022-04-19,Partner Referral,Omitted,False,True,CompetitorA,Timing,46,,New Business,2022-04-19T00:00:00
2162,436,2,Nova Inc - Platform Deal,Closed Won,119030,2022-12-16,2022-11-01,Partner Referral,Closed,True,True,CompetitorE,,39,,New Business,2022-11-01T00:00:00
2163,56,6,Elevate Technologies - Platform Deal,Prospecting,36358,2023-11-23,2023-05-12,Event,Pipeline,False,False,,,18,,New Business,2023-05-12T00:00:00
2164,624,8,Global Enterprises - Renewal,Closed Won,29188,2024-12-31,2024-10-18,Product-Led,Closed,True,True,CompetitorC,,10,,Renewal,2024-10-18T00:00:00
2165,914,11,Summit Systems - Platform Deal,Qualification,,2022-05-05,2021-11-01,Partner Referral,Best Case,False,False,,,58,Technical review,New Business,2021-11-01T00:00:00
2166,912,15,Nexus Networks - Initial License,Qualification,209660,2025-03-29,2024-08-08,,Best Case,False,False,CompetitorE,,47,Reference call,New Business,2024-08-08T00:00:00
2167,681,16,Pacific Systems - New Business,Prospecting,40267,2021-09-24,2021-01-24,Outbound - AE,Pipeline,False,False,,,27,Send proposal,New Business,2021-01-24T00:00:00
2168,362,11,Pacific Labs - Initial License,Proposal,99455,2024-08-01,2024-04-16,Inbound - Web,Best Case,False,False,CompetitorC,,37,POC setup,New Business,2024-04-16T00:00:00
2169,116,13,Catalyst Platforms - Platform Deal,Proposal,38980,2024-12-03,2024-05-03,Partner Referral,Best Case,False,False,CompetitorE,,60,Executive alignment,New Business,2024-05-03T00:00:00
2170,180,2,Quantum Digital - Platform Deal,Discovery,47992,2024-11-08,2024-09-13,Outbound - SDR,Pipeline,False,False,,,22,POC setup,New Business,2024-09-13T00:00:00
2171,111,6,Pinnacle Partners - Platform Deal,Proposal,56900,2023-12-09,2023-06-17,Outbound - AE,Best Case,False,False,CompetitorD,,45,Legal review,New Business,2023-06-17T00:00:00
2172,746,10,Atlas Services - Platform Deal,Closed Lost,59405,2024-12-31,2024-12-03,Product-Led,Omitted,False,True,CompetitorC,Lost to Status Quo,46,,New Business,2024-12-03T00:00:00
2173,570,13,Zenith Dynamics - Initial License,Prospecting,96759,2024-08-03,2024-06-09,,Pipeline,False,False,CompetitorE,,74,Reference call,New Business,2024-06-09T00:00:00
2174,148,12,Fusion Technologies - Platform Deal,Discovery,8699,2024-02-06,2023-11-29,Inbound - Web,Pipeline,False,False,,,40,Send proposal,New Business,2023-11-29T00:00:00
2175,14,7,Pacific Enterprises - Platform Deal,Discovery,9112,2024-03-04,2024-02-03,Webinar,Pipeline,False,False,CompetitorC,,4,Legal review,New Business,2024-02-03T00:00:00
2176,357,12,Vertex Dynamics - New Business,Closed Won,31899,2024-10-23,2024-08-16,Webinar,Closed,True,True,CompetitorD,,31,,New Business,2024-08-16T00:00:00
2177,533,7,Fusion Networks - Initial License,Closed Lost,156315,2022-03-22,2022-01-08,Event,Omitted,False,True,CompetitorE,Price,49,,New Business,2022-01-08T00:00:00
2178,583,16,Pacific Analytics - New Business,Closed Lost,213869,2024-12-31,2024-12-18,Inbound - Content,Omitted,False,True,CompetitorA,Timing,57,,New Business,2024-12-18T00:00:00
2179,439,16,Nexus Networks - Initial License,Discovery,26076,2025-07-14,2024-11-26,Outbound - SDR,Pipeline,False,False,CompetitorE,,23,Legal review,New Business,2024-11-26T00:00:00
2180,963,3,Velocity Digital - New Business,Proposal,26872,2024-09-15,2024-01-14,Outbound - SDR,Best Case,False,False,CompetitorD,,3,Technical review,New Business,2024-01-14T00:00:00
2181,237,9,Elevate Corp - Initial License,Prospecting,28949,2024-11-21,2024-05-14,Product-Led,Pipeline,False,False,CompetitorE,,58,Technical review,New Business,2024-05-14T00:00:00
2182,967,5,Elevate Technologies - Initial License,Prospecting,30467,2022-08-08,2021-12-17,Outbound - SDR,Pipeline,False,False,CompetitorB,,38,Schedule demo,New Business,2021-12-17T00:00:00
2183,818,11,Pacific Systems - Platform Deal,Proposal,18407,2024-10-17,2024-06-26,,Best Case,False,False,,,44,POC setup,New Business,2024-06-26T00:00:00
2184,333,6,Apex Networks - New Business,Prospecting,85216,2024-03-15,2023-12-31,,Pipeline,False,False,CompetitorC,,20,Technical review,New Business,2023-12-31T00:00:00
2185,600,1,Nexus Labs - Initial License,Discovery,49367,2023-04-23,2022-11-01,Outbound - AE,Pipeline,False,False,Open Source Alternative,,33,Send proposal,New Business,2022-11-01T00:00:00
2186,538,6,Catalyst Group - Renewal,Qualification,37208,2024-07-26,2023-11-28,Webinar,Best Case,False,False,CompetitorC,,39,Executive alignment,Renewal,2023-11-28T00:00:00
2187,205,12,Fusion Dynamics - New Business,Prospecting,30570,2023-11-02,2023-08-18,Inbound - Web,Pipeline,False,False,CompetitorA,,28,Schedule demo,New Business,2023-08-18T00:00:00
2188,803,16,Acme Partners - Platform Deal,Qualification,17446,2025-07-12,2024-12-03,Outbound - SDR,Best Case,False,False,CompetitorA,,40,Legal review,New Business,2024-12-03T00:00:00
2189,148,11,Fusion Technologies - New Business,Closed Lost,12785,2024-03-17,2023-11-14,Event,Omitted,False,True,,Competitor,36,,New Business,2023-11-14T00:00:00
2190,242,5,Vanguard Corp - New Business,Qualification,42249,2025-02-21,2024-08-02,Webinar,Best Case,False,False,Open Source Alternative,,28,POC setup,New Business,2024-08-02T00:00:00
2191,73,6,Vertex Software - Platform Deal,Qualification,32838,2025-03-04,2024-07-21,Event,Best Case,False,False,,,17,Send proposal,New Business,2024-07-21T00:00:00
2192,435,3,Nexus Technologies - Initial License,Proposal,133929,2023-04-13,2022-08-06,Outbound - AE,Best Case,False,False,CompetitorA,,9,Legal review,New Business,2022-08-06T00:00:00
2193,22,7,Atlas Enterprises - Initial License,Proposal,104743,2025-03-24,2024-07-22,Webinar,Best Case,False,False,CompetitorE,,33,Executive alignment,New Business,2024-07-22T00:00:00
2194,880,15,Summit Analytics - Platform Deal,Prospecting,49096,2025-01-07,2024-09-10,Product-Led,Pipeline,False,False,Open Source Alternative,,37,Send proposal,New Business,2024-09-10T00:00:00
2195,890,5,Catalyst Solutions - New Business,Discovery,84630,2023-04-18,2023-01-14,Product-Led,Pipeline,False,False,CompetitorC,,1,Executive alignment,New Business,2023-01-14T00:00:00
2196,14,7,Pacific Enterprises - Initial License,Negotiation,45146,2025-01-13,2024-04-18,Event,Commit,False,False,,,36,Schedule demo,New Business,2024-04-18T00:00:00
2197,519,1,Summit Corp - Initial License,Qualification,187070,2023-09-22,2023-09-24,Webinar,Best Case,False,False,CompetitorB,,44,,New Business,2023-09-24T00:00:00
2198,622,15,Velocity Technologies - Platform Deal,Prospecting,160329,2025-06-17,2024-12-02,Partner Referral,Pipeline,False,False,CompetitorE,,17,,New Business,2024-12-02T00:00:00
2199,391,11,Global Software - New Business,Negotiation,6128,2025-04-16,2024-09-13,Product-Led,Commit,False,False,CompetitorE,,5,Contract signing,New Business,2024-09-13T00:00:00
2200,347,3,Optima Group - New Business,Proposal,31419,2025-07-05,2024-10-15,Product-Led,Best Case,False,False,,,38,POC setup,New Business,2024-10-15T00:00:00
2201,446,14,Summit Networks - Initial License,Proposal,36511,2023-01-30,2022-09-04,Event,Best Case,False,False,,,43,Executive alignment,New Business,2022-09-04T00:00:00
2202,894,8,Pacific Solutions - Initial License,Closed Lost,197775,2023-02-19,2022-09-02,Inbound - Web,Omitted,False,True,CompetitorA,No Decision,15,,New Business,2022-09-02T00:00:00
2203,492,8,Synergy Services - Initial License,Qualification,26461,2024-03-17,2023-10-14,Outbound - SDR,Best Case,False,False,CompetitorD,,29,Schedule demo,New Business,2023-10-14T00:00:00
2204,924,16,Pacific Technologies - Contract Renewal,Qualification,31880,2025-02-06,2024-08-27,Partner Referral,Best Case,False,False,,,24,Send proposal,Renewal,2024-08-27T00:00:00
2205,733,9,Synergy Group - Platform Deal,Prospecting,17696,2024-01-18,2023-06-12,Product-Led,Pipeline,False,False,,,19,,New Business,2023-06-12T00:00:00
2206,811,12,Pinnacle Digital - Initial License,Proposal,190813,2023-02-13,2022-11-16,Inbound - Content,Best Case,False,False,CompetitorD,,51,Legal review,New Business,2022-11-16T00:00:00
2207,854,12,Synergy Labs - Platform Deal,Qualification,12183,2024-08-26,2024-02-10,Outbound - AE,Best Case,False,False,,,54,POC setup,New Business,2024-02-10T00:00:00
2208,748,14,Summit Networks - New Business,Closed Lost,,2024-05-25,2023-11-19,Outbound - SDR,Omitted,False,True,,Price,47,,New Business,2023-11-19T00:00:00
2209,985,2,Vanguard Group - Platform Deal,Proposal,115264,2022-04-29,2021-10-16,Outbound - AE,Best Case,False,False,,,15,Contract signing,New Business,2021-10-16T00:00:00
2210,952,15,Nova Networks - New Business,Proposal,85402,2024-04-28,2024-01-02,Outbound - SDR,Best Case,False,False,CompetitorB,,11,POC setup,New Business,2024-01-02T00:00:00
2211,270,10,Horizon Platforms - Platform Deal,Discovery,158858,2024-05-31,2023-11-18,Outbound - AE,Pipeline,False,False,,,21,Executive alignment,New Business,2023-11-18T00:00:00
2212,255,1,Pacific Labs - Platform Deal,Discovery,528983,2025-09-16,2024-12-22,Inbound - Web,Pipeline,False,False,CompetitorC,,17,Reference call,New Business,2024-12-22T00:00:00
2213,110,13,Catalyst Dynamics - Initial License,Qualification,23978,2024-06-14,2023-10-08,Event,Best Case,False,False,Open Source Alternative,,61,,New Business,2023-10-08T00:00:00
2214,157,5,Pacific Partners - Platform Deal,Prospecting,44747,2025-05-24,2024-09-21,Outbound - AE,Pipeline,False,False,CompetitorD,,11,Executive alignment,New Business,2024-09-21T00:00:00
2215,251,15,Nexus Enterprises - New Business,Prospecting,97063,2025-07-10,2024-12-02,Outbound - SDR,Pipeline,False,False,,,59,Reference call,New Business,2024-12-02T00:00:00
2216,202,4,Apex Digital - Initial License,Proposal,322501,2024-08-16,2024-06-22,Outbound - SDR,Best Case,False,False,,,37,Contract signing,New Business,2024-06-22T00:00:00
2217,324,12,Catalyst Labs - Initial License,Discovery,28812,2022-06-28,2022-03-26,Partner Referral,Pipeline,False,False,CompetitorC,,39,Contract signing,New Business,2022-03-26T00:00:00
2218,166,10,Pinnacle Inc - New Business,Qualification,42257,2024-05-28,2023-12-12,Webinar,Best Case,False,False,CompetitorA,,47,Reference call,New Business,2023-12-12T00:00:00
2219,439,16,Nexus Networks - Initial License,Prospecting,58124,2024-12-08,2024-07-28,Outbound - SDR,Pipeline,False,False,CompetitorA,,51,Technical review,New Business,2024-07-28T00:00:00
2220,26,13,Acme Inc - New Business,Discovery,,2024-10-15,2024-02-22,Partner Referral,Pipeline,False,False,CompetitorA,,55,Schedule demo,New Business,2024-02-22T00:00:00
2221,369,2,Pacific Solutions - New Business,Qualification,11159,2024-11-20,2024-09-01,Inbound - Web,Best Case,False,False,CompetitorB,,3,Send proposal,New Business,2024-09-01T00:00:00
2222,756,4,Acme Technologies - Initial License,Qualification,51619,2020-11-26,2020-06-29,,Best Case,False,False,,,24,Schedule demo,New Business,2020-06-29T00:00:00
2223,234,11,Elevate Platforms - New Business,Proposal,80635,2023-09-15,2023-10-07,Event,Best Case,False,False,,,59,Contract signing,New Business,2023-10-07T00:00:00
2224,695,10,Nova Enterprises - New Business,Closed Won,10218,2024-12-09,2024-09-07,Event,Closed,True,True,CompetitorA,,45,,New Business,2024-09-07T00:00:00
2225,727,2,Acme Services - Platform Deal,Proposal,27874,2023-09-04,2023-01-15,Product-Led,Best Case,False,False,Open Source Alternative,,32,Contract signing,New Business,2023-01-15T00:00:00
2226,556,13,Vertex Analytics - Initial License,Qualification,27508,2023-09-20,2023-04-22,Outbound - SDR,Best Case,False,False,CompetitorC,,21,,New Business,2023-04-22T00:00:00
2227,334,11,Summit Labs - Initial License,Negotiation,30652,2025-09-03,2024-12-16,Webinar,Commit,False,False,CompetitorE,,65,Schedule demo,New Business,2024-12-16T00:00:00
2228,221,15,Vertex Networks - Platform Deal,Discovery,67255,2025-01-07,2024-11-05,Inbound - Web,Pipeline,False,False,CompetitorE,,65,Reference call,New Business,2024-11-05T00:00:00
2229,338,16,Elevate Services - Initial License,Qualification,101200,2025-07-28,2024-12-16,Product-Led,Best Case,False,False,,,55,Executive alignment,New Business,2024-12-16T00:00:00
2230,944,13,Zenith Group - Platform Deal,Prospecting,5864,2024-02-15,2023-10-20,Outbound - AE,Pipeline,False,False,Open Source Alternative,,55,Schedule demo,New Business,2023-10-20T00:00:00
2231,692,2,Velocity Partners - New Business,Qualification,26880,2024-06-14,2024-01-31,Outbound - SDR,Best Case,False,False,Open Source Alternative,,9,Executive alignment,New Business,2024-01-31T00:00:00
2232,150,16,Quantum Holdings - Expansion,Closed Won,12428,2024-12-31,2024-07-19,Partner Referral,Closed,True,True,CompetitorE,,22,,Expansion,2024-07-19T00:00:00
2233,588,8,Pinnacle Solutions - Initial License,Proposal,38916,2024-09-07,2024-07-24,Inbound - Web,Best Case,False,False,,,25,Schedule demo,New Business,2024-07-24T00:00:00
2234,684,6,Synergy Solutions - New Business,Closed Lost,7535,2024-04-08,2024-03-16,Product-Led,Omitted,False,True,Open Source Alternative,Timing,22,,New Business,2024-03-16T00:00:00
2235,628,9,Velocity Group - New Business,Prospecting,40557,2025-01-01,2024-05-25,Outbound - SDR,Pipeline,False,False,CompetitorD,,54,,New Business,2024-05-25T00:00:00
2236,376,13,Quantum Group - New Business,Proposal,14871,2025-05-14,2024-10-29,,Best Case,False,False,CompetitorA,,9,,New Business,2024-10-29T00:00:00
2237,424,11,Velocity Partners - New Business,Prospecting,10426,2023-04-23,2023-01-16,Partner Referral,Pipeline,False,False,,,15,Legal review,New Business,2023-01-16T00:00:00
2238,144,14,Apex Holdings - Platform Deal,Prospecting,64032,2024-12-14,2024-10-17,Product-Led,Pipeline,False,False,Open Source Alternative,,18,POC setup,New Business,2024-10-17T00:00:00
2239,362,11,Pacific Labs - Contract Renewal,Qualification,87040,2024-12-19,2024-07-11,Outbound - AE,Best Case,False,False,,,47,POC setup,Renewal,2024-07-11T00:00:00
2240,977,10,Apex Enterprises - Platform Deal,Discovery,38342,2024-10-03,2024-05-28,Event,Pipeline,False,False,,,62,,New Business,2024-05-28T00:00:00
2241,511,16,Nexus Analytics - Initial License,Negotiation,10742,2025-05-04,2024-12-21,Outbound - SDR,Commit,False,False,,,20,Technical review,New Business,2024-12-21T00:00:00
2242,261,11,Summit Partners - Renewal,Closed Lost,32285,2024-12-22,2024-07-06,Event,Omitted,False,True,,Competitor,41,,Renewal,2024-07-06T00:00:00
2243,683,12,Nova Platforms - Platform Deal,Closed Won,35893,2024-11-18,2024-09-04,Outbound - AE,Closed,True,True,,,9,,New Business,2024-09-04T00:00:00
2244,869,1,Catalyst Services - New Business,Closed Lost,153769,2024-09-18,2024-06-26,Outbound - SDR,Omitted,False,True,,Budget Cut,39,,New Business,2024-06-26T00:00:00
2245,501,6,Vertex Networks - Renewal,Closed Lost,13114,2024-11-01,2024-07-14,Partner Referral,Omitted,False,True,CompetitorE,Budget Cut,34,,Renewal,2024-07-14T00:00:00
2246,188,1,Apex Dynamics - Initial License,Prospecting,34654,2024-04-12,2023-10-19,Outbound - AE,Pipeline,False,False,CompetitorA,,8,Send proposal,New Business,2023-10-19T00:00:00
2247,130,9,Pinnacle Solutions - Initial License,Qualification,165181,2024-06-14,2024-02-13,Product-Led,Best Case,False,False,,,53,Contract signing,New Business,2024-02-13T00:00:00
2248,515,4,Vertex Software - New Business,Discovery,93842,2023-09-30,2023-04-20,Product-Led,Pipeline,False,False,CompetitorA,,51,Send proposal,New Business,2023-04-20T00:00:00
2249,904,3,Elevate Software - Initial License,Discovery,33465,2025-05-22,2024-10-12,Inbound - Content,Pipeline,False,False,CompetitorE,,36,Reference call,New Business,2024-10-12T00:00:00
2250,900,7,Summit Solutions - New Business,Prospecting,,2023-02-18,2022-12-02,Event,Pipeline,False,False,,,48,Legal review,New Business,2022-12-02T00:00:00
2251,165,6,Global Networks - Platform Deal,Proposal,47166,2021-08-18,2021-06-08,Inbound - Content,Best Case,False,False,CompetitorB,,8,,New Business,2021-06-08T00:00:00
2252,160,5,Pacific Systems - Platform Deal,Proposal,26381,2024-01-09,2023-07-11,Inbound - Web,Best Case,False,False,CompetitorD,,45,POC setup,New Business,2023-07-11T00:00:00
2253,120,2,Summit Holdings - Renewal,Prospecting,603894,2024-10-15,2024-08-28,Outbound - AE,Pipeline,False,False,CompetitorD,,42,Legal review,Renewal,2024-08-28T00:00:00
2254,957,14,Acme Networks - Initial License,Negotiation,10182,2023-12-27,2023-11-07,Partner Referral,Commit,False,False,CompetitorD,,71,,New Business,2023-11-07T00:00:00
2255,149,15,Quantum Labs - Platform Deal,Prospecting,9895,2025-07-21,2024-12-30,Inbound - Content,Pipeline,False,False,,,55,Legal review,New Business,2024-12-30T00:00:00
2256,434,15,Summit Networks - Platform Deal,Prospecting,143709,2023-09-10,2023-05-29,Inbound - Web,Pipeline,False,False,CompetitorD,,49,Technical review,New Business,2023-05-29T00:00:00
2257,464,7,Summit Networks - New Business,Closed Lost,5370,2024-03-24,2023-12-25,Partner Referral,Omitted,False,True,CompetitorD,Price,6,,New Business,2023-12-25T00:00:00
2258,682,15,Pacific Solutions - Platform Deal,Proposal,14522,2025-02-20,2024-06-23,,Best Case,False,False,CompetitorE,,21,Contract signing,New Business,2024-06-23T00:00:00
2259,644,14,Vertex Software - Initial License,Closed Lost,39188,2023-05-07,2022-12-17,Partner Referral,Omitted,False,True,Open Source Alternative,Timing,45,,New Business,2022-12-17T00:00:00
2260,277,12,Vanguard Digital - New Business,Qualification,42261,2022-11-28,2022-04-02,Outbound - SDR,Best Case,False,False,,,25,Technical review,New Business,2022-04-02T00:00:00
2261,408,8,Acme Technologies - New Business,Proposal,29995,2025-03-12,2024-12-16,Event,Best Case,False,False,,,24,Technical review,New Business,2024-12-16T00:00:00
2262,277,15,Vanguard Digital - Initial License,Closed Won,13432,2022-08-31,2022-06-08,Inbound - Content,Closed,True,True,,,60,,New Business,2022-06-08T00:00:00
723,988,14,Catalyst Technologies - Platform Deal,Qualification,65771,2024-04-23,2024-02-07,,Best Case,False,False,,,32,Legal review,New Business,2024-02-07T00:00:00
2264,975,16,Quantum Holdings - Initial License,Qualification,26074,2024-10-07,2024-06-15,Partner Referral,Best Case,False,False,CompetitorA,,13,Schedule demo,New Business,2024-06-15T00:00:00
2265,470,1,Acme Networks - Initial License,Discovery,526686,2024-07-06,2023-12-29,Outbound - SDR,Pipeline,False,False,Open Source Alternative,,29,POC setup,New Business,2023-12-29T00:00:00
2266,814,16,Velocity Digital - New Business,Proposal,10048,2024-03-27,2023-12-27,Webinar,Best Case,False,False,,,19,Executive alignment,New Business,2023-12-27T00:00:00
2267,448,11,Quantum Group - Platform Deal,Closed Lost,72732,2024-12-31,2024-12-17,Outbound - SDR,Omitted,False,True,CompetitorB,Timing,9,,New Business,2024-12-17T00:00:00
2268,391,11,Global Software - New Business,Closed Lost,9048,2024-12-22,2024-04-17,Product-Led,Omitted,False,True,,Competitor,62,,New Business,2024-04-17T00:00:00
2269,314,13,Summit Technologies - Platform Deal,Prospecting,61235,2025-04-27,2024-12-11,Inbound - Web,Pipeline,False,False,CompetitorE,,58,Contract signing,New Business,2024-12-11T00:00:00
2270,959,16,Pinnacle Networks - Platform Deal,Closed Lost,46885,2024-12-28,2024-08-23,Product-Led,Omitted,False,True,,Feature Gap,47,,New Business,2024-08-23T00:00:00
2271,174,10,Nexus Services - Platform Deal,Qualification,552785,2024-10-11,2024-04-23,Webinar,Best Case,False,False,CompetitorB,,3,Contract signing,New Business,2024-04-23T00:00:00
2272,208,10,Vertex Enterprises - New Business,Prospecting,57154,2025-07-16,2024-11-13,Inbound - Content,Pipeline,False,False,CompetitorE,,62,Technical review,New Business,2024-11-13T00:00:00
2273,32,4,Nexus Networks - Initial License,Qualification,33795,2024-10-21,2024-06-04,Outbound - SDR,Best Case,False,False,Open Source Alternative,,54,Send proposal,New Business,2024-06-04T00:00:00
2274,392,14,Fusion Digital - Initial License,Prospecting,776440,2025-05-30,2024-10-03,Outbound - SDR,Pipeline,False,False,CompetitorB,,30,,New Business,2024-10-03T00:00:00
2275,245,4,Global Labs - Initial License,Prospecting,17351,2024-12-22,2024-05-24,Inbound - Web,Pipeline,False,False,Open Source Alternative,,32,Schedule demo,New Business,2024-05-24T00:00:00
2276,459,8,Velocity Dynamics - Initial License,Discovery,47385,2023-08-05,2022-12-13,Inbound - Content,Pipeline,False,False,CompetitorD,,12,Contract signing,New Business,2022-12-13T00:00:00
2277,60,6,Elevate Corp - Initial License,Qualification,171428,2025-06-26,2024-12-31,,Best Case,False,False,CompetitorB,,48,,New Business,2024-12-31T00:00:00
2278,478,6,Elevate Corp - Platform Deal,Closed Lost,108540,2021-12-22,2021-09-09,,Omitted,False,True,CompetitorD,Lost to Status Quo,28,,New Business,2021-09-09T00:00:00
2279,92,8,Acme Labs - Platform Deal,Closed Lost,46546,2024-03-17,2023-12-10,Outbound - SDR,Omitted,False,True,CompetitorB,Competitor,19,,New Business,2023-12-10T00:00:00
2280,635,7,Horizon Partners - New Business,Discovery,22527,2025-04-09,2024-07-18,Outbound - AE,Pipeline,False,False,CompetitorB,,17,Contract signing,New Business,2024-07-18T00:00:00
2281,436,1,Nova Inc - New Business,Qualification,764983,2023-02-14,2022-05-21,Product-Led,Best Case,False,False,,,34,Schedule demo,New Business,2022-05-21T00:00:00
2282,848,3,Vanguard Holdings - Initial License,Prospecting,19987,2021-06-24,2021-04-05,Inbound - Web,Pipeline,False,False,,,18,,New Business,2021-04-05T00:00:00
2283,1,13,Elevate Networks - Initial License,Qualification,,2021-04-29,2021-01-25,Webinar,Best Case,False,False,,,1,Send proposal,New Business,2021-01-25T00:00:00
2284,430,4,Atlas Networks - Initial License,Proposal,47522,2025-07-20,2024-11-15,Webinar,Best Case,False,False,,,6,Contract signing,New Business,2024-11-15T00:00:00
2285,453,8,Nexus Holdings - New Business,Discovery,163485,2021-05-11,2020-10-20,Inbound - Web,Pipeline,False,False,CompetitorD,,6,Send proposal,New Business,2020-10-20T00:00:00
2286,969,15,Apex Labs - New Business,Proposal,25825,2024-11-12,2024-07-30,Inbound - Content,Best Case,False,False,CompetitorA,,20,POC setup,New Business,2024-07-30T00:00:00
2287,913,7,Global Networks - Upsell,Discovery,8072,2023-01-02,2022-05-21,Product-Led,Pipeline,False,False,CompetitorD,,33,Schedule demo,Expansion,2022-05-21T00:00:00
2288,797,14,Global Systems - New Business,Prospecting,986782,2023-02-19,2022-12-09,Webinar,Pipeline,False,False,,,51,Send proposal,New Business,2022-12-09T00:00:00
2289,236,2,Apex Software - New Business,Qualification,31346,2022-07-22,2022-01-15,Inbound - Content,Best Case,False,False,CompetitorA,,43,Reference call,New Business,2022-01-15T00:00:00
2290,967,5,Elevate Technologies - Platform Deal,Closed Won,8309,2023-09-28,2023-02-06,Inbound - Content,Closed,True,True,,,6,,New Business,2023-02-06T00:00:00
2291,343,1,Velocity Networks - New Business,Qualification,20407,2025-05-12,2024-10-02,Partner Referral,Best Case,False,False,CompetitorC,,14,Schedule demo,New Business,2024-10-02T00:00:00
2292,70,9,Velocity Digital - Platform Deal,Discovery,11961,2025-02-16,2024-06-05,Webinar,Pipeline,False,False,,,58,Send proposal,New Business,2024-06-05T00:00:00
2293,277,12,Vanguard Digital - Platform Deal,Closed Lost,32163,2024-09-13,2024-03-25,Inbound - Web,Omitted,False,True,CompetitorE,Feature Gap,24,,New Business,2024-03-25T00:00:00
2294,106,6,Fusion Group - Platform Deal,Closed Lost,87675,2023-05-23,2022-12-12,Webinar,Omitted,False,True,CompetitorE,Timing,29,,New Business,2022-12-12T00:00:00
2295,914,12,Summit Systems - Initial License,Discovery,145488,2022-02-26,2021-06-12,Webinar,Pipeline,False,False,CompetitorA,,36,Contract signing,New Business,2021-06-12T00:00:00
180,553,11,Velocity Group - Platform Deal,Proposal,,2025-02-20,2024-08-17,Inbound - Web,Best Case,False,False,,,28,Reference call,New Business,2024-08-17T00:00:00
2297,669,1,Zenith Partners - Initial License,Discovery,572260,2020-09-29,2020-01-14,Webinar,Pipeline,False,False,,,40,Contract signing,New Business,2020-01-14T00:00:00
2298,94,11,Pacific Dynamics - New Business,Closed Won,87986,2024-12-31,2024-12-26,Inbound - Web,Closed,True,True,CompetitorC,,42,,New Business,2024-12-26T00:00:00
2299,959,3,Pinnacle Networks - Platform Deal,Qualification,23026,2025-03-02,2024-12-11,Inbound - Web,Best Case,False,False,Open Source Alternative,,33,Legal review,New Business,2024-12-11T00:00:00
2300,881,4,Zenith Services - New Business,Proposal,71911,2024-04-21,2023-11-21,Inbound - Web,Best Case,False,False,CompetitorB,,11,Technical review,New Business,2023-11-21T00:00:00
2301,394,8,Optima Enterprises - Platform Deal,Discovery,25047,2022-07-12,2022-05-22,Webinar,Pipeline,False,False,,,45,Schedule demo,New Business,2022-05-22T00:00:00
2302,276,2,Nova Partners - Platform Deal,Qualification,157868,2025-03-30,2024-12-21,Webinar,Best Case,False,False,CompetitorE,,15,Reference call,New Business,2024-12-21T00:00:00
2303,330,5,Vertex Partners - Upsell,Discovery,75884,2024-08-10,2024-03-28,Inbound - Web,Pipeline,False,False,,,50,POC setup,Expansion,2024-03-28T00:00:00
2304,588,11,Pinnacle Solutions - New Business,Closed Lost,36144,2024-02-19,2023-09-27,Outbound - AE,Omitted,False,True,CompetitorA,Timing,25,,New Business,2023-09-27T00:00:00
2305,209,9,Apex Services - Initial License,Closed Lost,313679,2024-09-23,2024-07-07,Partner Referral,Omitted,False,True,,Champion Left,7,,New Business,2024-07-07T00:00:00
2306,849,13,Nexus Software - New Business,Discovery,18513,2023-01-06,2022-11-15,Partner Referral,Pipeline,False,False,CompetitorE,,40,Executive alignment,New Business,2022-11-15T00:00:00
2307,26,3,Acme Inc - New Business,Discovery,37181,2024-07-08,2024-05-29,Product-Led,Pipeline,False,False,,,23,Send proposal,New Business,2024-05-29T00:00:00
2308,644,14,Vertex Software - Initial License,Discovery,11042,2025-08-17,2024-12-19,Inbound - Web,Pipeline,False,False,CompetitorD,,75,Executive alignment,New Business,2024-12-19T00:00:00
2309,553,7,Velocity Group - New Business,Closed Lost,546725,2024-02-26,2023-11-10,Event,Omitted,False,True,,Competitor,2,,New Business,2023-11-10T00:00:00
2310,172,4,Acme Networks - Platform Deal,Discovery,45157,2024-03-26,2023-09-25,Partner Referral,Pipeline,False,False,CompetitorE,,52,POC setup,New Business,2023-09-25T00:00:00
2311,967,11,Elevate Technologies - Platform Deal,Closed Lost,17149,2024-12-31,2024-11-05,Inbound - Web,Omitted,False,True,CompetitorE,Price,65,,New Business,2024-11-05T00:00:00
2312,55,7,Vertex Group - New Business,Prospecting,43210,2022-06-23,2022-03-20,Product-Led,Pipeline,False,False,,,24,Legal review,New Business,2022-03-20T00:00:00
2313,170,6,Quantum Labs - Platform Deal,Qualification,45906,2022-10-06,2022-03-09,Partner Referral,Best Case,False,False,Open Source Alternative,,1,Technical review,New Business,2022-03-09T00:00:00
2314,31,5,Atlas Technologies - New Business,Discovery,28526,2025-02-08,2024-05-15,Event,Pipeline,False,False,,,52,POC setup,New Business,2024-05-15T00:00:00
2315,339,11,Acme Solutions - Initial License,Negotiation,27414,2024-12-04,2024-11-01,Event,Commit,False,False,Open Source Alternative,,6,Reference call,New Business,2024-11-01T00:00:00
2316,744,9,Pinnacle Platforms - Platform Deal,Discovery,39487,2024-04-25,2024-03-08,Event,Pipeline,False,False,CompetitorC,,56,POC setup,New Business,2024-03-08T00:00:00
2317,319,16,Acme Partners - Platform Deal,Prospecting,122911,2025-07-18,2024-12-24,Partner Referral,Pipeline,False,False,CompetitorA,,32,Technical review,New Business,2024-12-24T00:00:00
2318,153,3,Acme Software - Platform Deal,Qualification,192705,2024-11-10,2024-08-16,Webinar,Best Case,False,False,CompetitorB,,13,Contract signing,New Business,2024-08-16T00:00:00
2319,876,5,Optima Group - New Business,Closed Won,14796,2024-12-31,2024-12-27,Webinar,Closed,True,True,Open Source Alternative,,51,,New Business,2024-12-27T00:00:00
2320,854,12,Synergy Labs - New Business,Proposal,21291,2023-12-13,2023-07-18,Partner Referral,Best Case,False,False,,,56,Schedule demo,New Business,2023-07-18T00:00:00
2321,729,10,Acme Technologies - Initial License,Proposal,78382,2025-06-05,2024-11-12,Outbound - SDR,Best Case,False,False,,,44,Executive alignment,New Business,2024-11-12T00:00:00
2322,646,11,Summit Software - Initial License,Negotiation,40471,2025-03-14,2024-07-01,Outbound - SDR,Commit,False,False,,,36,Executive alignment,New Business,2024-07-01T00:00:00
2323,737,11,Horizon Holdings - Platform Deal,Discovery,956105,2025-06-13,2024-12-24,Partner Referral,Pipeline,False,False,CompetitorE,,30,,New Business,2024-12-24T00:00:00
2324,475,3,Acme Digital - New Business,Closed Lost,36805,2024-07-25,2024-04-18,Inbound - Web,Omitted,False,True,CompetitorD,Budget Cut,35,,New Business,2024-04-18T00:00:00
2325,648,3,Velocity Corp - New Business,Prospecting,207075,2024-01-16,2023-06-08,Outbound - AE,Pipeline,False,False,Open Source Alternative,,36,Executive alignment,New Business,2023-06-08T00:00:00
2326,87,7,Elevate Holdings - New Business,Prospecting,23214,2024-12-16,2024-10-21,Inbound - Web,Pipeline,False,False,CompetitorE,,2,Schedule demo,New Business,2024-10-21T00:00:00
2327,19,7,Acme Group - New Business,Closed Lost,12586,2023-12-19,2023-05-27,Webinar,Omitted,False,True,CompetitorB,Lost to Status Quo,15,,New Business,2023-05-27T00:00:00
895,451,11,Nova Digital - Platform Deal,Qualification,599633,2024-10-29,2024-02-06,Inbound - Web,Best Case,False,False,CompetitorE,,20,Technical review,New Business,2024-02-06T00:00:00
2329,549,6,Velocity Platforms - Initial License,Closed Lost,27397,2024-12-04,2024-10-16,Inbound - Web,Omitted,False,True,,Lost to Status Quo,42,,New Business,2024-10-16T00:00:00
2330,877,4,Optima Holdings - Platform Deal,Closed Won,68075,2021-07-10,2021-08-09,,Closed,True,True,CompetitorA,,36,,New Business,2021-08-09T00:00:00
2331,563,15,Elevate Systems - Initial License,Qualification,52716,2025-02-09,2024-08-15,Outbound - SDR,Best Case,False,False,CompetitorB,,39,Contract signing,New Business,2024-08-15T00:00:00
2332,782,12,Atlas Enterprises - Platform Deal,Closed Lost,13949,2024-12-31,2024-10-01,Outbound - AE,Omitted,False,True,CompetitorA,Feature Gap,59,,New Business,2024-10-01T00:00:00
2333,711,10,Summit Partners - Upsell,Prospecting,5833,2023-01-04,2022-11-07,Inbound - Content,Pipeline,False,False,CompetitorA,,27,Reference call,Expansion,2022-11-07T00:00:00
2334,500,16,Vanguard Platforms - Initial License,Prospecting,115290,2025-06-11,2024-11-15,Inbound - Web,Pipeline,False,False,,,13,POC setup,New Business,2024-11-15T00:00:00
2335,352,15,Fusion Holdings - Platform Deal,Closed Lost,628404,2024-12-31,2024-11-04,Outbound - AE,Omitted,False,True,CompetitorC,Timing,36,,New Business,2024-11-04T00:00:00
2336,483,9,Acme Dynamics - Platform Deal,Closed Lost,24790,2022-12-28,2022-06-15,Outbound - AE,Omitted,False,True,CompetitorD,Timing,69,,New Business,2022-06-15T00:00:00
2337,664,15,Zenith Dynamics - Platform Deal,Qualification,156515,2023-08-17,2023-04-11,,Best Case,False,False,,,59,Technical review,New Business,2023-04-11T00:00:00
2338,485,5,Apex Dynamics - New Business,Prospecting,11641,2025-06-24,2024-12-21,Webinar,Pipeline,False,False,CompetitorE,,18,Contract signing,New Business,2024-12-21T00:00:00
2339,999,6,Nova Labs - New Business,Prospecting,199006,2022-01-30,2021-12-10,Inbound - Content,Pipeline,False,False,CompetitorA,,44,Contract signing,New Business,2021-12-10T00:00:00
2340,835,13,Vanguard Enterprises - New Business,Closed Lost,172578,2024-12-31,2024-11-26,Outbound - SDR,Omitted,False,True,CompetitorA,Competitor,40,,New Business,2024-11-26T00:00:00
2341,123,10,Atlas Inc - Platform Deal,Proposal,142633,2022-03-06,2021-11-05,Product-Led,Best Case,False,False,,,2,Contract signing,New Business,2021-11-05T00:00:00
2342,447,13,Apex Solutions - Platform Deal,Proposal,25992,2023-10-12,2023-06-08,Webinar,Best Case,False,False,CompetitorE,,71,POC setup,New Business,2023-06-08T00:00:00
2343,643,8,Catalyst Networks - Platform Deal,Prospecting,76295,2025-04-13,2024-10-09,Partner Referral,Pipeline,False,False,,,30,,New Business,2024-10-09T00:00:00
2344,674,12,Horizon Partners - Initial License,Qualification,55287,2021-11-24,2021-05-21,Outbound - SDR,Best Case,False,False,CompetitorA,,8,Executive alignment,New Business,2021-05-21T00:00:00
2345,876,15,Optima Group - Initial License,Qualification,12913,2025-04-05,2024-12-29,Product-Led,Best Case,False,False,,,52,Technical review,New Business,2024-12-29T00:00:00
823,189,2,Quantum Analytics - Platform Deal,Qualification,13421,2025-07-18,2024-10-25,Inbound - Web,Best Case,False,False,CompetitorE,,42,POC setup,New Business,2024-10-25T00:00:00
2347,454,11,Quantum Software - Platform Deal,Closed Lost,9740,2024-01-06,2023-08-24,Event,Omitted,False,True,CompetitorA,Timing,16,,New Business,2023-08-24T00:00:00
2348,518,10,Velocity Solutions - Platform Deal,Discovery,35631,2024-12-15,2024-09-13,Product-Led,Pipeline,False,False,CompetitorC,,58,Legal review,New Business,2024-09-13T00:00:00
2349,750,2,Horizon Services - New Business,Closed Won,57592,2024-12-31,2024-11-26,Inbound - Web,Closed,True,True,CompetitorB,,41,,New Business,2024-11-26T00:00:00
2350,696,8,Vanguard Enterprises - New Business,Qualification,167384,2025-01-26,2024-11-09,Webinar,Best Case,False,False,CompetitorB,,8,POC setup,New Business,2024-11-09T00:00:00
2351,729,10,Acme Technologies - New Business,Prospecting,123575,2024-09-26,2024-07-09,Event,Pipeline,False,False,CompetitorD,,11,Send proposal,New Business,2024-07-09T00:00:00
2352,257,13,Synergy Labs - Platform Deal,Closed Lost,38259,2023-02-24,2023-02-04,Product-Led,Omitted,False,True,CompetitorD,Price,24,,New Business,2023-02-04T00:00:00
441,563,15,Elevate Systems - Platform Deal,Closed Lost,37710,2024-12-31,2024-10-05,Inbound - Web,Omitted,False,True,,Competitor,64,,New Business,2024-10-05T00:00:00
407,902,15,Pinnacle Platforms - New Business,Closed Lost,40735,2024-07-11,2024-06-08,Outbound - AE,Omitted,False,True,,Budget Cut,57,,New Business,2024-06-08T00:00:00
2355,377,1,Atlas Systems - Platform Deal,Qualification,178458,2024-04-04,2023-08-26,Event,Best Case,False,False,,,44,Legal review,New Business,2023-08-26T00:00:00
2356,822,11,Nova Platforms - New Business,Discovery,418251,2024-12-20,2024-07-04,Outbound - SDR,Pipeline,False,False,CompetitorE,,33,Executive alignment,New Business,2024-07-04T00:00:00
2357,44,4,Apex Inc - Platform Deal,Closed Lost,98878,2024-03-27,2024-01-10,Product-Led,Omitted,False,True,CompetitorE,Price,20,,New Business,2024-01-10T00:00:00
2358,554,11,Pacific Group - New Business,Qualification,,2025-02-17,2024-08-09,Outbound - SDR,Best Case,False,False,,,26,,New Business,2024-08-09T00:00:00
2359,636,2,Zenith Enterprises - Platform Deal,Qualification,38699,2025-09-03,2024-12-10,,Best Case,False,False,CompetitorD,,4,POC setup,New Business,2024-12-10T00:00:00
2360,378,5,Vanguard Networks - New Business,Qualification,140924,2021-08-11,2021-02-03,Event,Best Case,False,False,CompetitorD,,41,Executive alignment,New Business,2021-02-03T00:00:00
2361,227,6,Catalyst Networks - Initial License,Proposal,160696,2021-09-01,2021-06-09,Event,Best Case,False,False,CompetitorB,,16,Executive alignment,New Business,2021-06-09T00:00:00
2362,406,9,Global Digital - Expansion,Discovery,20141,2021-12-21,2021-07-01,Product-Led,Pipeline,False,False,Open Source Alternative,,28,Reference call,Expansion,2021-07-01T00:00:00
2363,501,6,Vertex Networks - New Business,Closed Lost,44632,2023-03-17,2022-12-06,Event,Omitted,False,True,CompetitorE,Feature Gap,49,,New Business,2022-12-06T00:00:00
2364,980,13,Vanguard Services - Initial License,Discovery,28970,2025-02-26,2024-06-12,Product-Led,Pipeline,False,False,Open Source Alternative,,8,,New Business,2024-06-12T00:00:00
2365,387,13,Fusion Systems - Initial License,Closed Lost,51532,2024-12-31,2024-11-01,Outbound - AE,Omitted,False,True,,Feature Gap,6,,New Business,2024-11-01T00:00:00
2366,336,2,Horizon Technologies - Platform Deal,Closed Lost,80122,2024-05-23,2024-02-14,Inbound - Content,Omitted,False,True,Open Source Alternative,Lost to Status Quo,9,,New Business,2024-02-14T00:00:00
2367,235,3,Synergy Networks - New Business,Qualification,94606,2024-05-17,2023-12-09,Partner Referral,Best Case,False,False,Open Source Alternative,,8,Technical review,New Business,2023-12-09T00:00:00
1756,491,11,Velocity Solutions - Platform Deal,Discovery,32247,2024-10-02,2024-08-11,Product-Led,Pipeline,False,False,,,24,,New Business,2024-08-11T00:00:00
2369,444,14,Elevate Partners - New Business,Closed Lost,11507,2024-09-23,2024-06-14,Event,Omitted,False,True,,Lost to Status Quo,15,,New Business,2024-06-14T00:00:00
2370,360,5,Quantum Solutions - Platform Deal,Negotiation,85224,2024-11-23,2024-08-16,Outbound - SDR,Commit,False,False,CompetitorB,,48,Technical review,New Business,2024-08-16T00:00:00
2371,834,10,Global Enterprises - Initial License,Prospecting,96278,2025-03-27,2024-10-06,Product-Led,Pipeline,False,False,,,4,Contract signing,New Business,2024-10-06T00:00:00
2372,655,7,Quantum Digital - Platform Deal,Discovery,130719,2025-05-28,2024-12-26,Product-Led,Pipeline,False,False,CompetitorC,,55,Legal review,New Business,2024-12-26T00:00:00
2373,176,8,Quantum Partners - Initial License,Negotiation,28635,2024-08-12,2024-01-25,Inbound - Content,Commit,False,False,CompetitorA,,21,Reference call,New Business,2024-01-25T00:00:00
2374,775,12,Nexus Partners - Initial License,Prospecting,193108,2024-11-08,2024-09-09,Product-Led,Pipeline,False,False,CompetitorE,,33,Contract signing,New Business,2024-09-09T00:00:00
2375,579,7,Velocity Group - Platform Deal,Discovery,933622,2021-03-18,2020-10-14,Inbound - Web,Pipeline,False,False,CompetitorC,,53,Legal review,New Business,2020-10-14T00:00:00
2376,517,3,Zenith Enterprises - New Business,Closed Won,50136,2021-11-08,2021-08-19,,Closed,True,True,,,23,,New Business,2021-08-19T00:00:00
2377,565,2,Pacific Dynamics - New Business,Closed Won,561601,2023-11-30,2023-09-07,Outbound - SDR,Closed,True,True,CompetitorD,,8,,New Business,2023-09-07T00:00:00
2378,629,3,Nova Solutions - New Business,Qualification,125351,2022-11-04,2022-06-02,Inbound - Content,Best Case,False,False,,,17,Executive alignment,New Business,2022-06-02T00:00:00
2379,871,14,Global Networks - Platform Deal,Closed Lost,210910,2023-12-20,2023-08-15,Inbound - Content,Omitted,False,True,,Champion Left,54,,New Business,2023-08-15T00:00:00
2380,853,13,Nova Enterprises - New Business,Qualification,991245,2025-06-20,2024-12-13,Inbound - Web,Best Case,False,False,,,14,POC setup,New Business,2024-12-13T00:00:00
2381,447,3,Apex Solutions - Platform Deal,Prospecting,47046,2021-01-06,2020-11-28,Outbound - AE,Pipeline,False,False,CompetitorA,,13,Executive alignment,New Business,2020-11-28T00:00:00
2382,936,8,Summit Enterprises - Platform Deal,Closed Won,52470,2024-01-16,2023-10-12,Partner Referral,Closed,True,True,,,42,,New Business,2023-10-12T00:00:00
2383,657,2,Vertex Systems - Initial License,Proposal,60291,2022-07-09,2022-03-16,Webinar,Best Case,False,False,,,42,Reference call,New Business,2022-03-16T00:00:00
2384,449,16,Fusion Systems - New Business,Closed Lost,43699,2024-06-27,2023-11-29,Inbound - Web,Omitted,False,True,CompetitorC,Feature Gap,29,,New Business,2023-11-29T00:00:00
2385,286,14,Vanguard Inc - Initial License,Qualification,36903,2024-08-13,2024-05-12,Outbound - SDR,Best Case,False,False,CompetitorA,,34,,New Business,2024-05-12T00:00:00
2386,981,16,Global Inc - Initial License,Prospecting,49399,2025-03-14,2024-11-30,Product-Led,Pipeline,False,False,,,21,Technical review,New Business,2024-11-30T00:00:00
2387,755,15,Elevate Holdings - Initial License,Prospecting,46927,2025-01-26,2024-12-21,Event,Pipeline,False,False,,,31,Legal review,New Business,2024-12-21T00:00:00
2388,405,3,Global Networks - Initial License,Discovery,40848,2025-02-17,2024-12-26,Webinar,Pipeline,False,False,Open Source Alternative,,31,Send proposal,New Business,2024-12-26T00:00:00
2389,461,7,Atlas Software - Initial License,Prospecting,1149335,2022-07-06,2021-11-03,Partner Referral,Pipeline,False,False,,,7,Contract signing,New Business,2021-11-03T00:00:00
2390,531,12,Atlas Services - Platform Deal,Prospecting,120767,2024-12-25,2024-09-21,Webinar,Pipeline,False,False,CompetitorE,,5,POC setup,New Business,2024-09-21T00:00:00
2391,312,12,Fusion Networks - Expansion,Discovery,62326,2024-11-09,2024-08-09,Inbound - Content,Pipeline,False,False,CompetitorC,,51,,Expansion,2024-08-09T00:00:00
2392,734,8,Optima Networks - New Business,Discovery,22100,2025-03-13,2024-10-15,Partner Referral,Pipeline,False,False,CompetitorB,,55,Send proposal,New Business,2024-10-15T00:00:00
2393,717,11,Vanguard Partners - New Business,Qualification,40120,2025-06-08,2024-11-26,Product-Led,Best Case,False,False,,,29,Executive alignment,New Business,2024-11-26T00:00:00
2394,367,7,Synergy Systems - New Business,Negotiation,39122,2024-06-16,2024-03-18,Product-Led,Commit,False,False,,,29,Schedule demo,New Business,2024-03-18T00:00:00
2395,890,8,Catalyst Solutions - Platform Deal,Closed Won,63146,2024-03-10,2023-11-11,Partner Referral,Closed,True,True,CompetitorC,,44,,New Business,2023-11-11T00:00:00
2396,488,12,Nexus Technologies - Platform Deal,Qualification,182952,2021-04-29,2021-03-17,Inbound - Content,Best Case,False,False,,,52,Legal review,New Business,2021-03-17T00:00:00
2397,975,3,Quantum Holdings - Initial License,Discovery,20907,2025-03-13,2024-06-17,Event,Pipeline,False,False,CompetitorC,,1,Schedule demo,New Business,2024-06-17T00:00:00
2398,989,12,Nexus Holdings - Initial License,Proposal,21164,2024-01-17,2023-11-28,Outbound - SDR,Best Case,False,False,CompetitorA,,15,Executive alignment,New Business,2023-11-28T00:00:00
2399,132,12,Fusion Digital - Platform Deal,Closed Lost,116108,2022-03-27,2022-01-28,Inbound - Content,Omitted,False,True,,Timing,25,,New Business,2022-01-28T00:00:00
2400,150,16,Quantum Holdings - Upsell,Closed Lost,6478,2024-07-15,2024-06-08,Inbound - Content,Omitted,False,True,CompetitorC,Feature Gap,65,,Expansion,2024-06-08T00:00:00
2401,349,5,Pacific Group - New Business,Qualification,,2024-11-20,2024-12-01,Outbound - SDR,Best Case,False,False,,,10,Schedule demo,New Business,2024-12-01T00:00:00
2402,807,11,Fusion Digital - New Business,Proposal,34368,2025-05-27,2024-10-01,Outbound - SDR,Best Case,False,False,CompetitorB,,53,Send proposal,New Business,2024-10-01T00:00:00
2403,202,10,Apex Digital - Platform Deal,Prospecting,137016,2023-05-22,2023-05-26,Inbound - Content,Pipeline,False,False,CompetitorD,,17,Reference call,New Business,2023-05-26T00:00:00
2404,564,4,Elevate Systems - Initial License,Closed Lost,,2024-04-25,2023-11-12,Outbound - AE,Omitted,False,True,,Champion Left,18,,New Business,2023-11-12T00:00:00
2405,963,3,Velocity Digital - Initial License,Discovery,50442,2024-03-22,2023-11-10,Inbound - Content,Pipeline,False,False,,,7,POC setup,New Business,2023-11-10T00:00:00
2406,296,3,Vertex Corp - Initial License,Qualification,100364,2025-01-19,2024-04-28,Partner Referral,Best Case,False,False,CompetitorD,,45,POC setup,New Business,2024-04-28T00:00:00
2407,709,10,Vanguard Partners - Additional Seats,Prospecting,28848,2024-01-29,2023-07-12,Webinar,Pipeline,False,False,CompetitorB,,53,Executive alignment,Expansion,2023-07-12T00:00:00
2408,747,6,Elevate Partners - New Business,Qualification,39003,2024-07-14,2023-11-17,Product-Led,Best Case,False,False,,,47,Executive alignment,New Business,2023-11-17T00:00:00
2409,905,5,Vanguard Technologies - Platform Deal,Prospecting,,2021-10-17,2021-06-23,Webinar,Pipeline,False,False,CompetitorB,,28,POC setup,New Business,2021-06-23T00:00:00
2410,855,4,Global Partners - New Business,Prospecting,44064,2025-01-29,2024-12-29,Webinar,Pipeline,False,False,,,16,Contract signing,New Business,2024-12-29T00:00:00
2411,538,7,Catalyst Group - Upsell,Closed Lost,11912,2024-09-17,2024-07-05,Product-Led,Omitted,False,True,CompetitorE,Feature Gap,41,,Expansion,2024-07-05T00:00:00
2412,131,11,Pinnacle Holdings - Platform Deal,Qualification,95129,2025-02-08,2024-08-04,Partner Referral,Best Case,False,False,,,5,Legal review,New Business,2024-08-04T00:00:00
2413,173,10,Global Systems - Platform Deal,Closed Lost,61492,2024-09-07,2024-04-02,Outbound - AE,Omitted,False,True,CompetitorB,No Decision,16,,New Business,2024-04-02T00:00:00
2414,972,1,Vertex Holdings - Initial License,Closed Won,24541,2022-11-08,2022-08-04,Partner Referral,Closed,True,True,CompetitorC,,36,,New Business,2022-08-04T00:00:00
2415,447,3,Apex Solutions - Initial License,Prospecting,40052,2022-05-24,2022-01-02,Partner Referral,Pipeline,False,False,CompetitorA,,25,Schedule demo,New Business,2022-01-02T00:00:00
2416,91,3,Pinnacle Systems - New Business,Closed Won,18422,2024-08-15,2024-05-11,Inbound - Web,Closed,True,True,Open Source Alternative,,27,,New Business,2024-05-11T00:00:00
2417,31,8,Atlas Technologies - Platform Deal,Closed Lost,27023,2024-12-31,2024-10-28,Event,Omitted,False,True,,Feature Gap,3,,New Business,2024-10-28T00:00:00
2418,507,9,Elevate Networks - Platform Deal,Prospecting,48703,2024-09-23,2024-08-21,Outbound - AE,Pipeline,False,False,CompetitorE,,69,Executive alignment,New Business,2024-08-21T00:00:00
2419,226,13,Nova Corp - Initial License,Qualification,133499,2023-01-23,2022-10-13,Outbound - SDR,Best Case,False,False,,,47,,New Business,2022-10-13T00:00:00
2420,222,8,Pinnacle Corp - Platform Deal,Qualification,72809,2025-01-22,2024-10-28,,Best Case,False,False,Open Source Alternative,,9,Send proposal,New Business,2024-10-28T00:00:00
2421,397,10,Horizon Inc - Initial License,Negotiation,16939,2023-03-13,2022-11-01,Inbound - Web,Commit,False,False,CompetitorB,,36,,New Business,2022-11-01T00:00:00
2422,917,10,Acme Group - Contract Renewal,Closed Lost,36551,2024-12-31,2024-11-15,Product-Led,Omitted,False,True,CompetitorC,Lost to Status Quo,12,,Renewal,2024-11-15T00:00:00
2423,377,1,Atlas Systems - New Business,Qualification,91621,2023-10-17,2023-08-01,Product-Led,Best Case,False,False,CompetitorA,,40,Technical review,New Business,2023-08-01T00:00:00
2424,580,10,Global Analytics - Initial License,Closed Lost,46141,2021-04-24,2021-02-10,Webinar,Omitted,False,True,CompetitorA,Champion Left,54,,New Business,2021-02-10T00:00:00
2425,124,10,Vertex Holdings - New Business,Discovery,44800,2024-08-12,2024-04-09,Outbound - AE,Pipeline,False,False,Open Source Alternative,,30,Schedule demo,New Business,2024-04-09T00:00:00
2426,963,3,Velocity Digital - Initial License,Discovery,18100,2024-10-14,2024-02-16,Product-Led,Pipeline,False,False,,,6,POC setup,New Business,2024-02-16T00:00:00
2427,397,10,Horizon Inc - Initial License,Negotiation,23256,2023-09-17,2022-12-26,Outbound - AE,Commit,False,False,CompetitorC,,9,Technical review,New Business,2022-12-26T00:00:00
2428,86,6,Quantum Labs - New Business,Qualification,37828,2024-12-29,2024-04-08,,Best Case,False,False,,,38,Executive alignment,New Business,2024-04-08T00:00:00
2429,663,14,Optima Dynamics - New Business,Qualification,36034,2024-11-01,2024-05-25,Product-Led,Best Case,False,False,,,47,,New Business,2024-05-25T00:00:00
2430,89,3,Quantum Systems - Initial License,Closed Won,41032,2023-09-18,2023-08-07,Event,Closed,True,True,CompetitorB,,42,,New Business,2023-08-07T00:00:00
2431,77,7,Vanguard Services - Platform Deal,Proposal,33721,2024-03-31,2023-11-10,Inbound - Content,Best Case,False,False,,,2,Send proposal,New Business,2023-11-10T00:00:00
2432,133,10,Synergy Enterprises - Initial License,Closed Won,22029,2024-12-31,2024-11-05,Inbound - Content,Closed,True,True,Open Source Alternative,,27,,New Business,2024-11-05T00:00:00
2433,187,6,Atlas Platforms - Initial License,Closed Lost,24742,2023-09-25,2023-09-01,Event,Omitted,False,True,CompetitorC,Price,55,,New Business,2023-09-01T00:00:00
2434,238,6,Fusion Group - Expansion,Negotiation,240016,2023-12-08,2023-06-12,Inbound - Content,Commit,False,False,,,23,Contract signing,Expansion,2023-06-12T00:00:00
1338,854,12,Synergy Labs - Platform Deal,Prospecting,32891,2023-10-23,2023-07-29,Product-Led,Pipeline,False,False,CompetitorA,,5,Executive alignment,New Business,2023-07-29T00:00:00
2436,534,16,Horizon Labs - New Business,Prospecting,171207,2024-11-13,2024-04-11,Inbound - Content,Pipeline,False,False,CompetitorE,,7,Send proposal,New Business,2024-04-11T00:00:00
2437,137,5,Catalyst Holdings - Initial License,Proposal,36843,2023-10-25,2023-05-06,Outbound - SDR,Best Case,False,False,,,27,POC setup,New Business,2023-05-06T00:00:00
2438,649,6,Vertex Dynamics - Platform Deal,Discovery,15275,2025-02-03,2024-10-25,Product-Led,Pipeline,False,False,CompetitorC,,7,Technical review,New Business,2024-10-25T00:00:00
2116,866,7,Optima Enterprises - Initial License,Prospecting,329878,2024-08-28,2024-03-13,Event,Pipeline,False,False,,,23,Executive alignment,New Business,2024-03-13T00:00:00
2440,530,8,Horizon Platforms - Platform Deal,Proposal,118610,2024-04-19,2024-01-20,Outbound - SDR,Best Case,False,False,CompetitorB,,51,Technical review,New Business,2024-01-20T00:00:00
2441,352,15,Fusion Holdings - Initial License,Discovery,726020,2025-03-20,2024-11-05,Inbound - Content,Pipeline,False,False,CompetitorE,,8,Technical review,New Business,2024-11-05T00:00:00
2442,296,1,Vertex Corp - New Business,Closed Lost,186182,2022-09-18,2022-04-28,Event,Omitted,False,True,,Champion Left,23,,New Business,2022-04-28T00:00:00
2443,342,4,Optima Group - Initial License,Prospecting,58632,2022-11-04,2022-05-08,Outbound - AE,Pipeline,False,False,CompetitorC,,12,Send proposal,New Business,2022-05-08T00:00:00
2444,187,6,Atlas Platforms - Initial License,Qualification,28507,2025-04-09,2024-10-10,Event,Best Case,False,False,CompetitorB,,42,POC setup,New Business,2024-10-10T00:00:00
2445,710,16,Quantum Enterprises - Initial License,Prospecting,10306,2025-04-14,2024-09-11,Partner Referral,Pipeline,False,False,CompetitorB,,28,Executive alignment,New Business,2024-09-11T00:00:00
2446,87,13,Elevate Holdings - Platform Deal,Closed Lost,58099,2024-12-26,2024-07-23,Inbound - Web,Omitted,False,True,CompetitorC,Price,33,,New Business,2024-07-23T00:00:00
2447,541,3,Zenith Inc - New Business,Discovery,172967,2025-01-14,2024-10-27,Webinar,Pipeline,False,False,CompetitorC,,34,Technical review,New Business,2024-10-27T00:00:00
2448,483,1,Acme Dynamics - Platform Deal,Qualification,6294,2023-11-09,2023-03-26,Webinar,Best Case,False,False,,,5,Executive alignment,New Business,2023-03-26T00:00:00
2449,305,2,Pacific Dynamics - Platform Deal,Closed Lost,41463,2024-07-22,2024-04-12,Outbound - AE,Omitted,False,True,CompetitorD,Feature Gap,3,,New Business,2024-04-12T00:00:00
2450,655,7,Quantum Digital - Initial License,Closed Lost,193890,2024-12-31,2024-12-06,,Omitted,False,True,Open Source Alternative,Timing,5,,New Business,2024-12-06T00:00:00
2451,100,15,Apex Corp - Platform Deal,Qualification,22576,2025-03-28,2024-12-18,Webinar,Best Case,False,False,CompetitorC,,35,Contract signing,New Business,2024-12-18T00:00:00
1326,568,8,Zenith Dynamics - New Business,Discovery,11882,2024-04-06,2024-02-05,Inbound - Web,Pipeline,False,False,,,4,Executive alignment,New Business,2024-02-05T00:00:00
2453,303,16,Vanguard Enterprises - New Business,Closed Won,42115,2024-10-20,2024-09-24,Partner Referral,Closed,True,True,CompetitorA,,36,,New Business,2024-09-24T00:00:00
2454,142,12,Summit Digital - New Business,Qualification,11446,2025-01-17,2024-09-18,,Best Case,False,False,,,61,Schedule demo,New Business,2024-09-18T00:00:00
2455,460,5,Pacific Holdings - Platform Deal,Negotiation,109793,2025-03-28,2024-10-31,Event,Commit,False,False,,,21,Reference call,New Business,2024-10-31T00:00:00
2456,421,12,Fusion Inc - Platform Deal,Negotiation,19949,2022-05-18,2021-12-03,Event,Commit,False,False,CompetitorB,,4,Send proposal,New Business,2021-12-03T00:00:00
2457,86,6,Quantum Labs - Initial License,Discovery,21621,2024-09-15,2024-07-07,Partner Referral,Pipeline,False,False,CompetitorD,,41,Legal review,New Business,2024-07-07T00:00:00
2458,661,8,Nexus Partners - Initial License,Negotiation,375131,2024-12-09,2024-08-08,Webinar,Commit,False,False,,,47,Executive alignment,New Business,2024-08-08T00:00:00
2459,188,1,Apex Dynamics - New Business,Negotiation,28605,2024-08-29,2024-07-14,Outbound - AE,Commit,False,False,CompetitorB,,11,Legal review,New Business,2024-07-14T00:00:00
2460,100,15,Apex Corp - Initial License,Qualification,46074,2025-01-15,2024-11-14,Outbound - SDR,Best Case,False,False,,,66,Executive alignment,New Business,2024-11-14T00:00:00
2461,552,14,Velocity Analytics - New Business,Discovery,199812,2024-11-06,2024-03-15,Outbound - AE,Pipeline,False,False,,,21,Legal review,New Business,2024-03-15T00:00:00
2462,337,5,Optima Analytics - Expansion,Qualification,34200,2025-04-07,2024-09-08,Event,Best Case,False,False,,,59,Reference call,Expansion,2024-09-08T00:00:00
2463,713,3,Horizon Holdings - Platform Deal,Negotiation,17912,2024-04-29,2024-01-03,Webinar,Commit,False,False,CompetitorB,,1,POC setup,New Business,2024-01-03T00:00:00
2464,871,5,Global Networks - Initial License,Qualification,30041,2022-03-02,2021-11-28,Inbound - Web,Best Case,False,False,CompetitorE,,53,POC setup,New Business,2021-11-28T00:00:00
2465,968,15,Synergy Dynamics - Platform Deal,Prospecting,140470,2024-10-13,2024-07-09,Product-Led,Pipeline,False,False,,,58,Executive alignment,New Business,2024-07-09T00:00:00
2466,354,11,Velocity Dynamics - New Business,Prospecting,37983,2024-09-06,2024-05-02,Inbound - Web,Pipeline,False,False,,,54,Contract signing,New Business,2024-05-02T00:00:00
2467,870,6,Synergy Labs - New Business,Prospecting,85677,2022-06-25,2022-05-12,Event,Pipeline,False,False,,,48,Reference call,New Business,2022-05-12T00:00:00
2468,226,13,Nova Corp - Initial License,Closed Lost,177287,2023-01-05,2022-08-17,Outbound - SDR,Omitted,False,True,Open Source Alternative,Budget Cut,45,,New Business,2022-08-17T00:00:00
2469,817,10,Apex Services - New Business,Qualification,126793,2022-12-20,2022-10-01,Inbound - Content,Best Case,False,False,CompetitorC,,2,Reference call,New Business,2022-10-01T00:00:00
2470,147,9,Vanguard Group - Initial License,Qualification,41874,2024-11-16,2024-09-24,Product-Led,Best Case,False,False,CompetitorA,,14,Send proposal,New Business,2024-09-24T00:00:00
2471,356,14,Nova Software - Platform Deal,Qualification,750129,2022-12-09,2022-05-22,Event,Best Case,False,False,CompetitorE,,43,,New Business,2022-05-22T00:00:00
2472,954,5,Acme Dynamics - Initial License,Prospecting,37195,2024-10-12,2024-02-12,Outbound - SDR,Pipeline,False,False,CompetitorE,,58,,New Business,2024-02-12T00:00:00
2473,928,2,Nova Holdings - Initial License,Prospecting,,2025-03-25,2024-12-09,Event,Pipeline,False,False,CompetitorC,,29,Contract signing,New Business,2024-12-09T00:00:00
2474,41,11,Nexus Corp - Initial License,Qualification,24116,2022-12-18,2022-06-16,Inbound - Content,Best Case,False,False,,,26,POC setup,New Business,2022-06-16T00:00:00
2475,693,5,Nova Platforms - New Business,Qualification,46364,2025-05-11,2024-10-28,Outbound - SDR,Best Case,False,False,CompetitorE,,57,POC setup,New Business,2024-10-28T00:00:00
2476,922,16,Vanguard Services - Initial License,Qualification,28097,2024-11-25,2024-10-06,Outbound - SDR,Best Case,False,False,,,16,Send proposal,New Business,2024-10-06T00:00:00
2477,618,2,Horizon Platforms - Platform Deal,Closed Lost,30161,2024-11-27,2024-10-20,Event,Omitted,False,True,CompetitorC,Timing,5,,New Business,2024-10-20T00:00:00
2478,600,8,Nexus Labs - Platform Deal,Qualification,63279,2022-05-17,2021-11-12,Outbound - SDR,Best Case,False,False,CompetitorB,,35,POC setup,New Business,2021-11-12T00:00:00
2479,83,13,Zenith Networks - Initial License,Discovery,,2025-03-09,2024-11-05,Webinar,Pipeline,False,False,CompetitorE,,7,,New Business,2024-11-05T00:00:00
2480,35,13,Pinnacle Partners - Platform Deal,Proposal,41732,2024-12-12,2024-04-06,Webinar,Best Case,False,False,CompetitorE,,27,Contract signing,New Business,2024-04-06T00:00:00
2481,523,9,Vertex Dynamics - Platform Deal,Discovery,27645,2024-07-29,2024-01-04,Outbound - AE,Pipeline,False,False,CompetitorE,,15,Contract signing,New Business,2024-01-04T00:00:00
2482,369,9,Pacific Solutions - New Business,Prospecting,49044,2024-12-06,2024-05-19,Event,Pipeline,False,False,CompetitorB,,30,,New Business,2024-05-19T00:00:00
2483,818,16,Pacific Systems - Initial License,Closed Won,23514,2024-12-31,2024-11-13,Inbound - Content,Closed,True,True,CompetitorD,,60,,New Business,2024-11-13T00:00:00
2484,814,3,Velocity Digital - Initial License,Proposal,49641,2023-01-25,2022-07-10,Inbound - Web,Best Case,False,False,CompetitorD,,23,Executive alignment,New Business,2022-07-10T00:00:00
2485,388,3,Catalyst Analytics - Initial License,Closed Won,78470,2024-09-28,2024-06-07,Partner Referral,Closed,True,True,,,9,,New Business,2024-06-07T00:00:00
2486,965,6,Zenith Technologies - Initial License,Closed Lost,8959,2022-03-16,2021-10-29,Partner Referral,Omitted,False,True,,Timing,3,,New Business,2021-10-29T00:00:00
2487,332,7,Apex Labs - Initial License,Qualification,11754,2025-06-20,2024-12-31,Partner Referral,Best Case,False,False,,,35,Contract signing,New Business,2024-12-31T00:00:00
2488,676,7,Horizon Networks - New Business,Discovery,100441,2022-03-16,2022-02-13,Inbound - Web,Pipeline,False,False,,,27,Legal review,New Business,2022-02-13T00:00:00
2489,156,11,Summit Systems - Platform Deal,Closed Lost,188089,2023-03-24,2023-01-12,Product-Led,Omitted,False,True,,Price,66,,New Business,2023-01-12T00:00:00
2490,617,12,Quantum Inc - Initial License,Qualification,29840,2025-04-10,2024-12-23,Event,Best Case,False,False,CompetitorB,,41,Schedule demo,New Business,2024-12-23T00:00:00
2491,439,16,Nexus Networks - New Business,Closed Lost,25987,2024-09-25,2024-08-11,Product-Led,Omitted,False,True,CompetitorD,Budget Cut,30,,New Business,2024-08-11T00:00:00
2492,367,7,Synergy Systems - New Business,Negotiation,6742,2024-02-22,2023-12-22,Product-Led,Commit,False,False,,,43,Reference call,New Business,2023-12-22T00:00:00
2493,99,8,Fusion Digital - New Business,Negotiation,112780,2024-02-04,2023-10-21,Partner Referral,Commit,False,False,,,38,Send proposal,New Business,2023-10-21T00:00:00
2494,315,2,Vanguard Platforms - New Business,Negotiation,37113,2021-08-23,2021-03-07,,Commit,False,False,,,25,Contract signing,New Business,2021-03-07T00:00:00
2495,85,8,Acme Systems - Initial License,Prospecting,180748,2023-05-25,2023-01-28,Product-Led,Pipeline,False,False,,,41,Schedule demo,New Business,2023-01-28T00:00:00
2496,215,12,Acme Solutions - New Business,Proposal,166331,2023-09-16,2023-08-05,Outbound - AE,Best Case,False,False,CompetitorE,,11,Reference call,New Business,2023-08-05T00:00:00
2497,980,10,Vanguard Services - Upsell,Closed Lost,14151,2024-12-31,2024-11-10,Inbound - Web,Omitted,False,True,,Budget Cut,42,,Expansion,2024-11-10T00:00:00
1921,107,8,Acme Platforms - Initial License,Closed Won,,2024-12-31,2024-12-07,Outbound - AE,Closed,True,True,CompetitorB,,21,,New Business,2024-12-07T00:00:00
2499,305,2,Pacific Dynamics - Platform Deal,Negotiation,88553,2024-04-08,2024-02-09,Event,Commit,False,False,,,9,Schedule demo,New Business,2024-02-09T00:00:00
2500,609,8,Nova Analytics - Platform Deal,Closed Lost,23135,2022-09-22,2022-07-27,Inbound - Web,Omitted,False,True,,Timing,2,,New Business,2022-07-27T00:00:00
2501,877,4,Optima Holdings - New Business,Discovery,28161,2023-01-29,2022-11-20,,Pipeline,False,False,CompetitorA,,26,Send proposal,New Business,2022-11-20T00:00:00
2502,490,10,Elevate Networks - New Business,Closed Lost,68194,2022-12-21,2022-06-27,Event,Omitted,False,True,CompetitorA,Competitor,20,,New Business,2022-06-27T00:00:00
2503,292,10,Velocity Analytics - Platform Deal,Prospecting,184572,2022-12-14,2022-04-01,Inbound - Content,Pipeline,False,False,CompetitorB,,11,Schedule demo,New Business,2022-04-01T00:00:00
2504,693,3,Nova Platforms - New Business,Closed Lost,36790,2022-09-28,2022-08-13,Partner Referral,Omitted,False,True,CompetitorB,Price,30,,New Business,2022-08-13T00:00:00
2505,783,15,Acme Group - New Business,Negotiation,28286,2024-12-30,2024-11-03,Webinar,Commit,False,False,CompetitorC,,59,,New Business,2024-11-03T00:00:00
2506,45,11,Quantum Software - Platform Deal,Negotiation,198420,2023-06-29,2022-12-21,Event,Commit,False,False,,,10,Reference call,New Business,2022-12-21T00:00:00
2507,224,1,Fusion Digital - Initial License,Negotiation,175660,2022-06-24,2022-04-22,Inbound - Web,Commit,False,False,,,35,Reference call,New Business,2022-04-22T00:00:00
2508,551,3,Catalyst Inc - Platform Deal,Negotiation,9441,2022-10-03,2022-03-25,Inbound - Content,Commit,False,False,,,43,Technical review,New Business,2022-03-25T00:00:00
2509,171,2,Nexus Group - Initial License,Closed Won,791873,2023-07-09,2023-05-04,Event,Closed,True,True,,,4,,New Business,2023-05-04T00:00:00
2510,381,8,Nexus Digital - Platform Deal,Prospecting,7973,2025-02-17,2024-06-12,Outbound - SDR,Pipeline,False,False,,,3,Contract signing,New Business,2024-06-12T00:00:00
2511,216,10,Acme Enterprises - New Business,Discovery,5782,2023-11-01,2023-04-11,Event,Pipeline,False,False,CompetitorC,,23,Executive alignment,New Business,2023-04-11T00:00:00
2512,344,10,Optima Corp - Initial License,Proposal,21767,2024-04-03,2023-12-12,Outbound - SDR,Best Case,False,False,CompetitorE,,3,POC setup,New Business,2023-12-12T00:00:00
2513,757,7,Acme Analytics - Initial License,Closed Won,49161,2024-08-28,2024-08-01,Partner Referral,Closed,True,True,,,52,,New Business,2024-08-01T00:00:00
2514,707,1,Velocity Analytics - Initial License,Qualification,27524,2025-03-31,2024-09-25,Inbound - Web,Best Case,False,False,CompetitorC,,27,Schedule demo,New Business,2024-09-25T00:00:00
2515,635,4,Horizon Partners - New Business,Discovery,146171,2025-02-03,2024-05-28,Outbound - AE,Pipeline,False,False,CompetitorE,,56,,New Business,2024-05-28T00:00:00
2516,692,5,Velocity Partners - Platform Deal,Prospecting,19362,2025-08-11,2024-12-27,Inbound - Web,Pipeline,False,False,CompetitorA,,14,Schedule demo,New Business,2024-12-27T00:00:00
2517,251,15,Nexus Enterprises - Initial License,Qualification,154029,2025-02-19,2024-10-20,Partner Referral,Best Case,False,False,CompetitorB,,53,Executive alignment,New Business,2024-10-20T00:00:00
2518,662,14,Quantum Dynamics - Platform Deal,Closed Lost,205289,2024-04-20,2023-12-10,Outbound - AE,Omitted,False,True,,Lost to Status Quo,50,,New Business,2023-12-10T00:00:00
2519,201,1,Global Dynamics - Initial License,Qualification,52546,2024-03-17,2024-01-04,Event,Best Case,False,False,Open Source Alternative,,16,,New Business,2024-01-04T00:00:00
2520,84,10,Synergy Platforms - Platform Deal,Closed Lost,45629,2024-09-23,2024-03-29,Product-Led,Omitted,False,True,CompetitorB,Timing,43,,New Business,2024-03-29T00:00:00
2521,713,9,Horizon Holdings - Additional Seats,Closed Lost,10414,2023-03-27,2022-12-16,Webinar,Omitted,False,True,CompetitorE,Champion Left,30,,Expansion,2022-12-16T00:00:00
2522,299,12,Catalyst Solutions - Platform Deal,Closed Lost,708399,2024-12-31,2024-12-07,Outbound - AE,Omitted,False,True,CompetitorB,Price,2,,New Business,2024-12-07T00:00:00
2523,154,3,Acme Inc - New Business,Discovery,186789,2024-09-10,2024-05-18,Partner Referral,Pipeline,False,False,,,45,POC setup,New Business,2024-05-18T00:00:00
2524,495,6,Nexus Solutions - New Business,Prospecting,53734,2025-05-24,2024-12-28,Outbound - AE,Pipeline,False,False,CompetitorE,,27,Executive alignment,New Business,2024-12-28T00:00:00
2525,932,3,Atlas Networks - New Business,Closed Won,14688,2023-03-23,2022-11-09,Product-Led,Closed,True,True,CompetitorD,,22,,New Business,2022-11-09T00:00:00
2526,74,3,Pinnacle Platforms - Initial License,Proposal,60480,2025-03-30,2024-12-22,Partner Referral,Best Case,False,False,CompetitorB,,39,Executive alignment,New Business,2024-12-22T00:00:00
2527,648,3,Velocity Corp - Platform Deal,Closed Lost,220660,2022-06-20,2022-03-03,Inbound - Web,Omitted,False,True,Open Source Alternative,Champion Left,1,,New Business,2022-03-03T00:00:00
2528,767,16,Summit Dynamics - Platform Deal,Closed Won,104177,2024-12-31,2024-12-12,Inbound - Web,Closed,True,True,,,59,,New Business,2024-12-12T00:00:00
2529,420,11,Nexus Systems - New Business,Prospecting,89312,2024-07-27,2024-02-07,Outbound - SDR,Pipeline,False,False,CompetitorA,,63,Technical review,New Business,2024-02-07T00:00:00
2530,574,6,Zenith Software - Platform Deal,Closed Lost,234522,2024-04-21,2023-12-16,Partner Referral,Omitted,False,True,,Timing,51,,New Business,2023-12-16T00:00:00
2531,984,2,Horizon Services - Platform Deal,Prospecting,189375,2025-04-28,2024-09-30,Webinar,Pipeline,False,False,CompetitorE,,20,Technical review,New Business,2024-09-30T00:00:00
2532,748,12,Summit Networks - New Business,Prospecting,189623,2024-05-14,2023-10-02,Outbound - AE,Pipeline,False,False,,,34,,New Business,2023-10-02T00:00:00
2533,914,12,Summit Systems - Initial License,Qualification,164389,2023-05-03,2022-12-11,Product-Led,Best Case,False,False,Open Source Alternative,,53,Legal review,New Business,2022-12-11T00:00:00
2534,26,13,Acme Inc - Initial License,Discovery,38769,2024-12-24,2024-08-20,Product-Led,Pipeline,False,False,,,25,Legal review,New Business,2024-08-20T00:00:00
2535,206,12,Synergy Digital - Initial License,Closed Lost,91808,2023-03-28,2022-08-27,Outbound - SDR,Omitted,False,True,CompetitorE,Feature Gap,24,,New Business,2022-08-27T00:00:00
2536,512,6,Global Holdings - Platform Deal,Proposal,42073,2023-04-06,2022-11-17,Partner Referral,Best Case,False,False,CompetitorD,,26,Technical review,New Business,2022-11-17T00:00:00
2537,634,16,Pacific Enterprises - Platform Deal,Qualification,52385,2025-03-29,2024-08-27,Event,Best Case,False,False,CompetitorE,,6,Send proposal,New Business,2024-08-27T00:00:00
2538,814,8,Velocity Digital - New Business,Closed Lost,31578,2023-08-22,2023-06-02,Outbound - AE,Omitted,False,True,CompetitorA,Lost to Status Quo,35,,New Business,2023-06-02T00:00:00
2539,822,15,Nova Platforms - Platform Deal,Prospecting,,2024-02-22,2024-01-12,Webinar,Pipeline,False,False,CompetitorC,,41,Contract signing,New Business,2024-01-12T00:00:00
2540,512,6,Global Holdings - Initial License,Closed Lost,30228,2024-03-19,2023-12-08,Event,Omitted,False,True,CompetitorB,Champion Left,59,,New Business,2023-12-08T00:00:00
2541,279,6,Summit Solutions - Initial License,Proposal,40911,2023-07-21,2023-06-12,Outbound - AE,Best Case,False,False,,,15,Send proposal,New Business,2023-06-12T00:00:00
2542,601,3,Quantum Holdings - Platform Deal,Closed Lost,115239,2024-10-04,2024-06-10,Inbound - Content,Omitted,False,True,CompetitorD,Price,12,,New Business,2024-06-10T00:00:00
2543,593,6,Global Labs - Platform Deal,Proposal,45800,2022-10-11,2022-05-19,Event,Best Case,False,False,,,47,Legal review,New Business,2022-05-19T00:00:00
2544,773,7,Pinnacle Digital - Initial License,Closed Lost,25845,2024-12-31,2024-12-27,Inbound - Content,Omitted,False,True,CompetitorB,Timing,43,,New Business,2024-12-27T00:00:00
2545,443,5,Zenith Analytics - New Business,Qualification,18751,2025-04-25,2024-11-19,Product-Led,Best Case,False,False,CompetitorA,,57,Schedule demo,New Business,2024-11-19T00:00:00
2546,428,8,Nova Analytics - New Business,Prospecting,59001,2024-03-09,2023-07-23,Inbound - Web,Pipeline,False,False,,,56,POC setup,New Business,2023-07-23T00:00:00
2547,998,7,Synergy Solutions - Initial License,Closed Won,32444,2024-06-20,2023-12-04,Product-Led,Closed,True,True,CompetitorE,,35,,New Business,2023-12-04T00:00:00
2548,483,5,Acme Dynamics - New Business,Closed Lost,26809,2023-12-24,2023-09-13,Partner Referral,Omitted,False,True,CompetitorC,Feature Gap,54,,New Business,2023-09-13T00:00:00
2549,193,14,Quantum Corp - Platform Deal,Qualification,776575,2025-02-16,2024-07-01,Partner Referral,Best Case,False,False,CompetitorB,,67,,New Business,2024-07-01T00:00:00
2550,60,14,Elevate Corp - Platform Deal,Discovery,109181,2025-06-09,2024-11-17,Outbound - AE,Pipeline,False,False,CompetitorC,,26,Reference call,New Business,2024-11-17T00:00:00
2205,174,14,Nexus Services - New Business,Closed Lost,985825,2022-06-25,2022-02-03,Outbound - SDR,Omitted,False,True,CompetitorA,Competitor,51,,New Business,2022-02-03T00:00:00
2552,108,5,Acme Labs - Platform Deal,Discovery,221562,2025-06-28,2024-10-10,Outbound - AE,Pipeline,False,False,,,37,Send proposal,New Business,2024-10-10T00:00:00
2553,171,2,Nexus Group - Renewal,Qualification,830443,2022-07-26,2021-11-11,Webinar,Best Case,False,False,,,12,Reference call,Renewal,2021-11-11T00:00:00
2554,46,12,Vanguard Holdings - Initial License,Closed Lost,46693,2023-10-31,2023-06-12,Outbound - SDR,Omitted,False,True,CompetitorD,No Decision,50,,New Business,2023-06-12T00:00:00
2555,277,12,Vanguard Digital - Upsell,Closed Lost,13704,2023-02-08,2022-11-21,,Omitted,False,True,CompetitorA,Competitor,20,,Expansion,2022-11-21T00:00:00
2556,797,5,Global Systems - Platform Deal,Proposal,956662,2024-06-14,2024-01-05,Product-Led,Best Case,False,False,,,11,Send proposal,New Business,2024-01-05T00:00:00
2557,886,14,Summit Solutions - Initial License,Prospecting,41055,2021-12-27,2021-10-01,Event,Pipeline,False,False,,,58,,New Business,2021-10-01T00:00:00
2558,382,15,Vanguard Services - Initial License,Qualification,45758,2025-06-30,2024-12-02,Event,Best Case,False,False,Open Source Alternative,,64,Reference call,New Business,2024-12-02T00:00:00
2559,691,1,Pinnacle Holdings - New Business,Discovery,364615,2024-12-12,2024-08-07,,Pipeline,False,False,CompetitorE,,18,POC setup,New Business,2024-08-07T00:00:00
2560,876,15,Optima Group - Initial License,Closed Lost,34619,2024-12-31,2024-12-28,Event,Omitted,False,True,CompetitorB,Feature Gap,43,,New Business,2024-12-28T00:00:00
2561,297,6,Horizon Group - New Business,Discovery,61666,2025-01-21,2024-11-03,Outbound - SDR,Pipeline,False,False,,,43,,New Business,2024-11-03T00:00:00
2562,673,16,Acme Systems - Initial License,Discovery,31115,2024-12-21,2024-10-21,,Pipeline,False,False,CompetitorD,,43,Executive alignment,New Business,2024-10-21T00:00:00
2563,830,10,Velocity Holdings - Platform Deal,Discovery,43998,2023-07-21,2023-03-16,Inbound - Web,Pipeline,False,False,,,48,Executive alignment,New Business,2023-03-16T00:00:00
2564,959,16,Pinnacle Networks - Initial License,Proposal,43851,2025-05-29,2024-10-09,Inbound - Content,Best Case,False,False,CompetitorE,,11,Legal review,New Business,2024-10-09T00:00:00
2565,965,6,Zenith Technologies - Initial License,Proposal,28916,2023-12-27,2023-05-31,Outbound - SDR,Best Case,False,False,,,1,,New Business,2023-05-31T00:00:00
2566,461,14,Atlas Software - New Business,Proposal,328321,2023-09-29,2023-03-15,Webinar,Best Case,False,False,CompetitorB,,76,,New Business,2023-03-15T00:00:00
2567,253,15,Zenith Corp - Additional Seats,Proposal,2668,2024-07-07,2024-01-19,Outbound - AE,Best Case,False,False,,,36,Schedule demo,Expansion,2024-01-19T00:00:00
2568,147,9,Vanguard Group - New Business,Qualification,36633,2022-02-11,2021-11-14,Product-Led,Best Case,False,False,,,24,,New Business,2021-11-14T00:00:00
2569,299,3,Catalyst Solutions - Initial License,Discovery,403801,2024-10-11,2024-07-02,Outbound - AE,Pipeline,False,False,Open Source Alternative,,24,Contract signing,New Business,2024-07-02T00:00:00
2570,535,11,Elevate Labs - New Business,Closed Lost,22541,2024-09-29,2024-05-15,Event,Omitted,False,True,CompetitorB,Timing,57,,New Business,2024-05-15T00:00:00
2571,692,5,Velocity Partners - Platform Deal,Closed Lost,29403,2023-09-20,2023-06-11,Product-Led,Omitted,False,True,CompetitorE,Timing,12,,New Business,2023-06-11T00:00:00
2572,617,12,Quantum Inc - New Business,Discovery,46525,2023-10-29,2023-09-03,Event,Pipeline,False,False,Open Source Alternative,,60,,New Business,2023-09-03T00:00:00
2573,339,9,Acme Solutions - New Business,Prospecting,33195,2025-03-28,2024-11-02,Inbound - Web,Pipeline,False,False,,,6,Technical review,New Business,2024-11-02T00:00:00
2574,626,16,Fusion Corp - Platform Deal,Proposal,39060,2025-04-04,2024-12-12,Inbound - Content,Best Case,False,False,CompetitorD,,6,Legal review,New Business,2024-12-12T00:00:00
2575,575,7,Acme Enterprises - Initial License,Closed Lost,306714,2023-09-24,2023-06-14,Product-Led,Omitted,False,True,,Lost to Status Quo,27,,New Business,2023-06-14T00:00:00
2576,135,8,Horizon Analytics - Platform Deal,Discovery,132765,2023-05-07,2023-01-02,Outbound - SDR,Pipeline,False,False,CompetitorB,,46,,New Business,2023-01-02T00:00:00
2577,697,16,Global Group - Initial License,Closed Lost,163051,2024-12-24,2024-07-09,Inbound - Web,Omitted,False,True,CompetitorC,Lost to Status Quo,14,,New Business,2024-07-09T00:00:00
2578,367,7,Synergy Systems - Platform Deal,Closed Lost,20855,2023-09-19,2023-06-18,Outbound - AE,Omitted,False,True,CompetitorA,Competitor,27,,New Business,2023-06-18T00:00:00
2579,799,10,Atlas Platforms - Initial License,Discovery,14699,2024-01-10,2024-01-12,Inbound - Content,Pipeline,False,False,CompetitorB,,30,Contract signing,New Business,2024-01-12T00:00:00
2580,585,6,Acme Networks - Platform Deal,Prospecting,80578,2025-07-31,2024-11-04,Event,Pipeline,False,False,,,36,Schedule demo,New Business,2024-11-04T00:00:00
2581,390,11,Pinnacle Solutions - Platform Deal,Closed Lost,44422,2024-05-29,2024-04-09,Product-Led,Omitted,False,True,CompetitorE,Competitor,22,,New Business,2024-04-09T00:00:00
2582,541,8,Zenith Inc - Initial License,Closed Won,131909,2024-09-26,2024-06-01,Product-Led,Closed,True,True,,,39,,New Business,2024-06-01T00:00:00
2583,14,7,Pacific Enterprises - Initial License,Qualification,17434,2025-02-10,2024-06-04,Partner Referral,Best Case,False,False,,,21,Legal review,New Business,2024-06-04T00:00:00
2584,33,7,Horizon Holdings - New Business,Proposal,27360,2021-11-30,2021-04-13,Partner Referral,Best Case,False,False,,,3,Send proposal,New Business,2021-04-13T00:00:00
2585,139,3,Zenith Systems - Initial License,Proposal,133420,2024-05-26,2024-03-10,,Best Case,False,False,CompetitorE,,42,Send proposal,New Business,2024-03-10T00:00:00
2586,154,2,Acme Inc - Platform Deal,Prospecting,68309,2023-11-27,2023-08-10,Inbound - Content,Pipeline,False,False,,,43,POC setup,New Business,2023-08-10T00:00:00
2587,707,1,Velocity Analytics - Initial License,Prospecting,50314,2021-08-19,2021-09-01,Outbound - SDR,Pipeline,False,False,CompetitorE,,38,Executive alignment,New Business,2021-09-01T00:00:00
2588,308,11,Apex Enterprises - Initial License,Closed Lost,7363,2024-06-20,2024-02-14,Product-Led,Omitted,False,True,,Timing,66,,New Business,2024-02-14T00:00:00
2589,720,5,Vanguard Corp - New Business,Prospecting,184873,2023-12-18,2023-05-03,Inbound - Web,Pipeline,False,False,CompetitorC,,56,Executive alignment,New Business,2023-05-03T00:00:00
2590,304,15,Horizon Systems - Platform Deal,Discovery,22190,2024-11-25,2024-09-24,Outbound - AE,Pipeline,False,False,,,42,Send proposal,New Business,2024-09-24T00:00:00
2591,311,14,Vertex Analytics - New Business,Closed Won,41518,2024-09-16,2024-01-29,Webinar,Closed,True,True,CompetitorD,,9,,New Business,2024-01-29T00:00:00
2592,938,8,Synergy Dynamics - Platform Deal,Closed Lost,8723,2024-12-31,2024-12-10,Product-Led,Omitted,False,True,CompetitorD,Budget Cut,41,,New Business,2024-12-10T00:00:00
2593,797,5,Global Systems - Initial License,Closed Lost,989882,2023-09-17,2023-05-12,Webinar,Omitted,False,True,CompetitorC,Budget Cut,43,,New Business,2023-05-12T00:00:00
2594,614,14,Fusion Dynamics - New Business,Prospecting,130316,2022-05-21,2021-09-09,Event,Pipeline,False,False,,,22,Contract signing,New Business,2021-09-09T00:00:00
2595,398,9,Velocity Dynamics - Expansion,Discovery,35458,2024-05-27,2024-01-30,Event,Pipeline,False,False,CompetitorD,,45,Send proposal,Expansion,2024-01-30T00:00:00
2596,138,15,Elevate Platforms - New Business,Qualification,35283,2025-01-03,2024-08-04,Event,Best Case,False,False,CompetitorC,,26,Contract signing,New Business,2024-08-04T00:00:00
2597,197,5,Fusion Labs - Additional Seats,Proposal,19875,2024-06-18,2024-03-01,,Best Case,False,False,Open Source Alternative,,58,Contract signing,Expansion,2024-03-01T00:00:00
2598,101,16,Fusion Platforms - Initial License,Closed Won,85516,2024-05-30,2024-04-09,Outbound - SDR,Closed,True,True,CompetitorB,,31,,New Business,2024-04-09T00:00:00
2599,359,3,Pinnacle Corp - New Business,Qualification,35041,2024-12-31,2024-09-20,Partner Referral,Best Case,False,False,,,25,Technical review,New Business,2024-09-20T00:00:00
2600,623,4,Summit Platforms - New Business,Negotiation,26709,2022-09-28,2022-06-02,Webinar,Commit,False,False,,,31,POC setup,New Business,2022-06-02T00:00:00
2601,778,13,Apex Digital - Platform Deal,Prospecting,192518,2023-06-23,2023-01-18,Partner Referral,Pipeline,False,False,CompetitorC,,59,Contract signing,New Business,2023-01-18T00:00:00
2602,858,1,Quantum Technologies - New Business,Prospecting,,2025-02-12,2024-09-09,Webinar,Pipeline,False,False,,,36,Reference call,New Business,2024-09-09T00:00:00
2603,11,7,Velocity Partners - Initial License,Prospecting,183580,2023-02-05,2022-11-09,Outbound - SDR,Pipeline,False,False,CompetitorA,,25,Reference call,New Business,2022-11-09T00:00:00
2604,871,5,Global Networks - Initial License,Proposal,108694,2024-06-14,2024-02-02,Webinar,Best Case,False,False,,,41,Send proposal,New Business,2024-02-02T00:00:00
2605,763,6,Quantum Software - New Business,Proposal,171469,2022-12-09,2022-10-28,Webinar,Best Case,False,False,,,13,Technical review,New Business,2022-10-28T00:00:00
2606,799,10,Atlas Platforms - Platform Deal,Closed Lost,21996,2024-02-16,2023-12-23,Product-Led,Omitted,False,True,,Timing,40,,New Business,2023-12-23T00:00:00
2607,826,3,Synergy Holdings - Initial License,Discovery,34479,2023-12-22,2024-01-20,Product-Led,Pipeline,False,False,,,21,Technical review,New Business,2024-01-20T00:00:00
2608,167,15,Optima Platforms - Initial License,Prospecting,13646,2025-03-23,2024-12-31,Inbound - Content,Pipeline,False,False,,,27,Contract signing,New Business,2024-12-31T00:00:00
1447,284,15,Nova Labs - Platform Deal,Proposal,27483,2025-05-21,2024-09-14,Webinar,Best Case,False,False,CompetitorA,,32,Executive alignment,New Business,2024-09-14T00:00:00
2610,918,12,Atlas Labs - Initial License,Prospecting,,2024-08-06,2024-05-08,Inbound - Web,Pipeline,False,False,,,26,Schedule demo,New Business,2024-05-08T00:00:00
2611,555,10,Atlas Platforms - Initial License,Prospecting,41523,2023-11-13,2023-06-08,Partner Referral,Pipeline,False,False,CompetitorC,,12,Send proposal,New Business,2023-06-08T00:00:00
2612,933,6,Pacific Inc - New Business,Closed Lost,353059,2024-12-31,2024-08-28,Inbound - Content,Omitted,False,True,CompetitorB,Feature Gap,35,,New Business,2024-08-28T00:00:00
2613,2,4,Fusion Networks - New Business,Qualification,42188,2025-05-12,2024-12-08,Inbound - Web,Best Case,False,False,,,34,Technical review,New Business,2024-12-08T00:00:00
2614,408,8,Acme Technologies - Platform Deal,Prospecting,97073,2025-01-12,2024-12-05,Partner Referral,Pipeline,False,False,Open Source Alternative,,48,Schedule demo,New Business,2024-12-05T00:00:00
2615,878,6,Catalyst Systems - Initial License,Closed Lost,757954,2023-12-17,2023-07-23,Inbound - Content,Omitted,False,True,CompetitorC,Price,48,,New Business,2023-07-23T00:00:00
2616,627,11,Vanguard Services - Platform Deal,Closed Won,59436,2024-12-31,2024-12-05,Event,Closed,True,True,,,68,,New Business,2024-12-05T00:00:00
2617,564,4,Elevate Systems - Additional Seats,Qualification,13351,2024-02-09,2023-06-06,Outbound - SDR,Best Case,False,False,CompetitorA,,35,Executive alignment,Expansion,2023-06-06T00:00:00
2618,601,11,Quantum Holdings - Platform Deal,Prospecting,155550,2025-03-29,2024-12-13,Webinar,Pipeline,False,False,CompetitorD,,65,Send proposal,New Business,2024-12-13T00:00:00
2619,505,8,Zenith Software - New Business,Qualification,51830,2023-11-27,2023-08-23,Partner Referral,Best Case,False,False,,,19,POC setup,New Business,2023-08-23T00:00:00
2620,897,3,Nova Platforms - Platform Deal,Prospecting,256967,2025-02-25,2024-12-16,Outbound - AE,Pipeline,False,False,Open Source Alternative,,34,,New Business,2024-12-16T00:00:00
2621,261,9,Summit Partners - Contract Renewal,Prospecting,5703,2025-01-27,2024-10-12,Product-Led,Pipeline,False,False,CompetitorD,,40,,Renewal,2024-10-12T00:00:00
2622,544,15,Horizon Platforms - Initial License,Proposal,155551,2024-11-29,2024-06-21,Event,Best Case,False,False,Open Source Alternative,,1,Schedule demo,New Business,2024-06-21T00:00:00
2623,853,13,Nova Enterprises - Initial License,Prospecting,902367,2025-02-11,2024-11-07,Product-Led,Pipeline,False,False,,,32,Reference call,New Business,2024-11-07T00:00:00
2624,412,2,Elevate Analytics - New Business,Discovery,129181,2023-04-09,2023-04-30,Inbound - Web,Pipeline,False,False,Open Source Alternative,,22,Executive alignment,New Business,2023-04-30T00:00:00
2625,1000,14,Fusion Holdings - New Business,Proposal,11828,2023-07-08,2022-11-08,Outbound - AE,Best Case,False,False,CompetitorC,,65,Executive alignment,New Business,2022-11-08T00:00:00
2626,239,11,Catalyst Analytics - Platform Deal,Closed Won,98316,2024-12-31,2024-10-27,Product-Led,Closed,True,True,CompetitorB,,39,,New Business,2024-10-27T00:00:00
910,467,11,Vanguard Partners - Platform Deal,Qualification,58830,2022-10-21,2022-08-15,Product-Led,Best Case,False,False,,,6,Send proposal,New Business,2022-08-15T00:00:00
2628,454,11,Quantum Software - Platform Deal,Proposal,22851,2024-10-11,2024-04-27,Product-Led,Best Case,False,False,CompetitorE,,36,Reference call,New Business,2024-04-27T00:00:00
2629,386,6,Nexus Solutions - Platform Deal,Proposal,28007,2023-07-30,2023-02-26,Outbound - SDR,Best Case,False,False,CompetitorB,,53,Send proposal,New Business,2023-02-26T00:00:00
2630,72,11,Horizon Solutions - New Business,Qualification,35721,2024-11-14,2024-09-07,Outbound - SDR,Best Case,False,False,Open Source Alternative,,50,Executive alignment,New Business,2024-09-07T00:00:00
2631,297,16,Horizon Group - Platform Deal,Closed Lost,166877,2023-11-11,2023-06-07,,Omitted,False,True,,Budget Cut,28,,New Business,2023-06-07T00:00:00
2632,453,8,Nexus Holdings - Platform Deal,Discovery,117876,2021-10-03,2021-04-14,Event,Pipeline,False,False,CompetitorB,,7,Send proposal,New Business,2021-04-14T00:00:00
2240,97,15,Nova Labs - New Business,Closed Lost,20383,2024-07-29,2024-06-12,Outbound - AE,Omitted,False,True,,Budget Cut,49,,New Business,2024-06-12T00:00:00
2634,889,13,Summit Technologies - Initial License,Discovery,793333,2022-04-29,2021-10-08,Product-Led,Pipeline,False,False,CompetitorB,,27,Schedule demo,New Business,2021-10-08T00:00:00
2635,460,10,Pacific Holdings - Initial License,Discovery,121712,2024-11-29,2024-07-24,Inbound - Web,Pipeline,False,False,,,37,Send proposal,New Business,2024-07-24T00:00:00
2636,206,12,Synergy Digital - Platform Deal,Prospecting,184470,2022-09-15,2022-06-12,Outbound - SDR,Pipeline,False,False,CompetitorE,,3,Schedule demo,New Business,2022-06-12T00:00:00
2637,594,1,Elevate Digital - New Business,Prospecting,27020,2024-10-18,2024-05-19,Event,Pipeline,False,False,,,39,Contract signing,New Business,2024-05-19T00:00:00
2638,199,12,Velocity Group - Platform Deal,Prospecting,317958,2024-05-25,2023-09-06,Partner Referral,Pipeline,False,False,CompetitorB,,49,Legal review,New Business,2023-09-06T00:00:00
2639,529,5,Nexus Platforms - Initial License,Prospecting,196558,2023-06-02,2023-03-20,Inbound - Content,Pipeline,False,False,CompetitorA,,13,Send proposal,New Business,2023-03-20T00:00:00
2640,415,7,Elevate Analytics - Platform Deal,Qualification,7297,2024-10-29,2024-09-27,Partner Referral,Best Case,False,False,CompetitorA,,27,Executive alignment,New Business,2024-09-27T00:00:00
2641,724,8,Synergy Technologies - Initial License,Prospecting,5608,2024-11-07,2024-07-08,Webinar,Pipeline,False,False,CompetitorE,,29,Contract signing,New Business,2024-07-08T00:00:00
2642,545,10,Pinnacle Technologies - New Business,Closed Lost,105202,2023-06-18,2022-12-11,Inbound - Web,Omitted,False,True,,Competitor,52,,New Business,2022-12-11T00:00:00
2643,662,14,Quantum Dynamics - New Business,Discovery,58636,2024-10-29,2024-02-09,Inbound - Web,Pipeline,False,False,CompetitorC,,46,POC setup,New Business,2024-02-09T00:00:00
2644,668,5,Optima Analytics - New Business,Qualification,41161,2025-01-20,2024-06-08,Partner Referral,Best Case,False,False,CompetitorD,,16,Schedule demo,New Business,2024-06-08T00:00:00
2645,220,9,Horizon Partners - New Business,Closed Won,94189,2024-09-20,2024-06-17,Event,Closed,True,True,CompetitorC,,20,,New Business,2024-06-17T00:00:00
2646,361,5,Velocity Inc - Initial License,Qualification,37511,2024-02-03,2023-08-05,Inbound - Web,Best Case,False,False,CompetitorD,,49,Legal review,New Business,2023-08-05T00:00:00
2647,931,15,Nova Dynamics - Platform Deal,Closed Lost,21688,2024-12-18,2024-10-08,Inbound - Web,Omitted,False,True,CompetitorB,Competitor,11,,New Business,2024-10-08T00:00:00
2648,332,15,Apex Labs - Platform Deal,Prospecting,51390,2025-03-21,2024-11-07,Webinar,Pipeline,False,False,CompetitorE,,60,,New Business,2024-11-07T00:00:00
2649,731,11,Horizon Holdings - Initial License,Discovery,219497,2024-08-07,2023-11-19,Event,Pipeline,False,False,,,54,,New Business,2023-11-19T00:00:00
2650,240,10,Optima Digital - Upsell,Qualification,4601,2024-10-24,2024-03-08,Partner Referral,Best Case,False,False,CompetitorC,,35,Legal review,Expansion,2024-03-08T00:00:00
2651,900,16,Summit Solutions - New Business,Qualification,28098,2024-04-08,2024-01-31,Webinar,Best Case,False,False,CompetitorD,,19,Technical review,New Business,2024-01-31T00:00:00
2652,416,13,Vertex Enterprises - New Business,Qualification,47340,2023-08-18,2022-11-24,Inbound - Web,Best Case,False,False,,,22,Technical review,New Business,2022-11-24T00:00:00
2653,400,14,Fusion Solutions - Additional Seats,Closed Lost,17496,2024-12-31,2024-10-13,Event,Omitted,False,True,,Competitor,37,,Expansion,2024-10-13T00:00:00
2654,919,6,Velocity Platforms - New Business,Discovery,954117,2023-07-13,2023-02-15,Product-Led,Pipeline,False,False,CompetitorC,,38,Technical review,New Business,2023-02-15T00:00:00
2655,390,14,Pinnacle Solutions - Initial License,Closed Lost,6264,2022-02-12,2021-09-01,Product-Led,Omitted,False,True,Open Source Alternative,Feature Gap,29,,New Business,2021-09-01T00:00:00
2656,108,10,Acme Labs - Initial License,Prospecting,126402,2025-04-18,2024-12-19,Webinar,Pipeline,False,False,CompetitorE,,50,Contract signing,New Business,2024-12-19T00:00:00
2657,794,8,Pacific Enterprises - Platform Deal,Closed Lost,1045290,2023-07-11,2023-05-16,Outbound - AE,Omitted,False,True,CompetitorA,Lost to Status Quo,55,,New Business,2023-05-16T00:00:00
2658,991,14,Fusion Holdings - Platform Deal,Prospecting,164191,2025-03-15,2024-10-07,Outbound - AE,Pipeline,False,False,CompetitorE,,43,Schedule demo,New Business,2024-10-07T00:00:00
2659,863,6,Pacific Holdings - New Business,Closed Lost,26086,2024-06-23,2024-05-24,Webinar,Omitted,False,True,,Timing,22,,New Business,2024-05-24T00:00:00
2660,197,7,Fusion Labs - Renewal,Discovery,46336,2025-03-09,2024-07-19,Event,Pipeline,False,False,,,16,POC setup,Renewal,2024-07-19T00:00:00
2661,495,16,Nexus Solutions - Platform Deal,Discovery,27293,2024-06-25,2024-01-05,Webinar,Pipeline,False,False,,,64,Executive alignment,New Business,2024-01-05T00:00:00
2662,309,2,Quantum Inc - New Business,Qualification,,2023-03-30,2023-01-15,Outbound - AE,Best Case,False,False,,,28,,New Business,2023-01-15T00:00:00
1859,618,2,Horizon Platforms - Initial License,Qualification,29722,2022-07-27,2022-02-28,Inbound - Web,Best Case,False,False,,,41,Reference call,New Business,2022-02-28T00:00:00
2664,712,10,Vertex Solutions - Platform Deal,Discovery,28108,2022-01-28,2021-11-30,Event,Pipeline,False,False,CompetitorB,,13,Legal review,New Business,2021-11-30T00:00:00
2665,845,7,Velocity Corp - Initial License,Prospecting,111532,2021-11-29,2021-10-03,Outbound - SDR,Pipeline,False,False,CompetitorE,,37,Send proposal,New Business,2021-10-03T00:00:00
2666,83,15,Zenith Networks - New Business,Qualification,57800,2025-05-04,2024-11-04,Event,Best Case,False,False,CompetitorD,,21,Legal review,New Business,2024-11-04T00:00:00
2667,631,14,Vertex Labs - New Business,Closed Lost,79194,2024-02-08,2023-12-30,Inbound - Content,Omitted,False,True,CompetitorE,Price,6,,New Business,2023-12-30T00:00:00
2668,655,7,Quantum Digital - New Business,Proposal,35974,2025-08-07,2024-12-09,Inbound - Content,Best Case,False,False,CompetitorC,,20,Executive alignment,New Business,2024-12-09T00:00:00
2669,476,15,Horizon Dynamics - Platform Deal,Proposal,12314,2025-04-30,2024-12-11,Product-Led,Best Case,False,False,,,18,POC setup,New Business,2024-12-11T00:00:00
2670,149,15,Quantum Labs - New Business,Closed Lost,22089,2024-12-31,2024-12-24,Event,Omitted,False,True,CompetitorB,Lost to Status Quo,20,,New Business,2024-12-24T00:00:00
2671,355,13,Zenith Holdings - Platform Deal,Proposal,21263,2022-11-28,2022-08-31,Inbound - Content,Best Case,False,False,CompetitorC,,52,POC setup,New Business,2022-08-31T00:00:00
2672,60,6,Elevate Corp - Platform Deal,Prospecting,99578,2025-07-24,2024-10-29,Product-Led,Pipeline,False,False,CompetitorC,,13,POC setup,New Business,2024-10-29T00:00:00
2673,6,10,Nova Holdings - Initial License,Qualification,9344,2024-12-25,2024-09-08,Event,Best Case,False,False,Open Source Alternative,,21,Schedule demo,New Business,2024-09-08T00:00:00
2674,15,6,Nexus Inc - Platform Deal,Proposal,46177,2023-08-26,2023-04-18,Outbound - SDR,Best Case,False,False,CompetitorA,,22,Executive alignment,New Business,2023-04-18T00:00:00
2675,867,3,Apex Digital - Initial License,Discovery,20020,2021-03-06,2020-10-07,Inbound - Content,Pipeline,False,False,,,32,Technical review,New Business,2020-10-07T00:00:00
2676,246,2,Fusion Labs - Platform Deal,Discovery,881056,2022-06-28,2022-05-10,Inbound - Content,Pipeline,False,False,CompetitorD,,42,Executive alignment,New Business,2022-05-10T00:00:00
2677,784,13,Fusion Partners - Platform Deal,Closed Won,43640,2024-09-24,2024-08-12,Partner Referral,Closed,True,True,Open Source Alternative,,67,,New Business,2024-08-12T00:00:00
2678,774,8,Catalyst Group - Initial License,Closed Won,33997,2023-11-22,2023-11-28,Partner Referral,Closed,True,True,CompetitorA,,15,,New Business,2023-11-28T00:00:00
2679,14,7,Pacific Enterprises - Platform Deal,Proposal,39469,2024-07-25,2024-06-19,Product-Led,Best Case,False,False,CompetitorA,,9,Send proposal,New Business,2024-06-19T00:00:00
2680,1000,14,Fusion Holdings - New Business,Proposal,12524,2022-07-13,2022-06-03,Outbound - AE,Best Case,False,False,CompetitorC,,68,,New Business,2022-06-03T00:00:00
2681,879,13,Synergy Corp - Platform Deal,Discovery,28192,2024-11-25,2024-08-17,Inbound - Web,Pipeline,False,False,Open Source Alternative,,52,,New Business,2024-08-17T00:00:00
2682,579,13,Velocity Group - Platform Deal,Prospecting,478720,2022-12-11,2022-08-04,Product-Led,Pipeline,False,False,CompetitorB,,48,Contract signing,New Business,2022-08-04T00:00:00
2683,936,2,Summit Enterprises - Contract Renewal,Prospecting,149290,2025-04-25,2024-08-12,Event,Pipeline,False,False,,,24,Technical review,Renewal,2024-08-12T00:00:00
2684,199,12,Velocity Group - Initial License,Qualification,923186,2022-03-11,2022-02-05,Partner Referral,Best Case,False,False,CompetitorE,,3,,New Business,2022-02-05T00:00:00
2685,871,15,Global Networks - New Business,Discovery,141253,2024-05-15,2024-01-04,Outbound - SDR,Pipeline,False,False,CompetitorD,,11,Schedule demo,New Business,2024-01-04T00:00:00
2686,147,9,Vanguard Group - Initial License,Closed Lost,32838,2024-12-31,2024-09-03,Product-Led,Omitted,False,True,CompetitorA,Lost to Status Quo,25,,New Business,2024-09-03T00:00:00
2687,594,14,Elevate Digital - Initial License,Closed Lost,109068,2024-12-31,2024-12-04,Inbound - Web,Omitted,False,True,Open Source Alternative,No Decision,64,,New Business,2024-12-04T00:00:00
2199,757,9,Acme Analytics - Additional Seats,Closed Won,13152,2024-12-31,2024-12-21,Product-Led,Closed,True,True,CompetitorD,,66,,Expansion,2024-12-21T00:00:00
2689,154,3,Acme Inc - Upsell,Qualification,36850,2023-03-29,2023-01-09,Inbound - Content,Best Case,False,False,CompetitorC,,10,POC setup,Expansion,2023-01-09T00:00:00
2690,467,14,Vanguard Partners - Platform Deal,Proposal,36224,2023-10-10,2023-02-06,Inbound - Content,Best Case,False,False,CompetitorA,,35,Legal review,New Business,2023-02-06T00:00:00
2691,331,9,Vertex Services - Initial License,Discovery,167003,2021-08-29,2021-07-12,Partner Referral,Pipeline,False,False,CompetitorC,,12,Contract signing,New Business,2021-07-12T00:00:00
2692,412,15,Elevate Analytics - Initial License,Proposal,163003,2024-12-24,2024-10-25,Product-Led,Best Case,False,False,CompetitorE,,38,POC setup,New Business,2024-10-25T00:00:00
2693,483,3,Acme Dynamics - Initial License,Qualification,36382,2024-11-19,2024-05-14,Webinar,Best Case,False,False,,,43,,New Business,2024-05-14T00:00:00
2694,382,15,Vanguard Services - Platform Deal,Qualification,48039,2025-05-13,2024-11-20,Outbound - AE,Best Case,False,False,CompetitorB,,16,Technical review,New Business,2024-11-20T00:00:00
2695,482,13,Pacific Analytics - Initial License,Closed Lost,124368,2023-12-15,2023-12-26,Event,Omitted,False,True,,Timing,73,,New Business,2023-12-26T00:00:00
2696,427,8,Atlas Labs - Platform Deal,Discovery,701102,2025-05-29,2024-10-19,,Pipeline,False,False,,,14,Executive alignment,New Business,2024-10-19T00:00:00
2697,44,5,Apex Inc - New Business,Qualification,121119,2023-09-13,2023-07-19,Inbound - Web,Best Case,False,False,Open Source Alternative,,43,Executive alignment,New Business,2023-07-19T00:00:00
2698,156,5,Summit Systems - Initial License,Prospecting,177316,2020-07-05,2020-01-05,Product-Led,Pipeline,False,False,CompetitorA,,46,Schedule demo,New Business,2020-01-05T00:00:00
2699,892,13,Elevate Systems - New Business,Qualification,27091,2024-05-25,2023-12-06,Event,Best Case,False,False,CompetitorA,,4,,New Business,2023-12-06T00:00:00
2700,484,11,Acme Technologies - Initial License,Discovery,15884,2022-02-12,2021-08-03,Event,Pipeline,False,False,,,45,Send proposal,New Business,2021-08-03T00:00:00
2701,913,11,Global Networks - New Business,Qualification,18503,2022-12-15,2022-11-12,,Best Case,False,False,CompetitorB,,6,Contract signing,New Business,2022-11-12T00:00:00
2702,148,14,Fusion Technologies - Initial License,Qualification,44125,2024-01-02,2023-10-16,Event,Best Case,False,False,,,7,,New Business,2023-10-16T00:00:00
2703,634,16,Pacific Enterprises - Platform Deal,Proposal,54374,2025-02-11,2024-09-10,Outbound - SDR,Best Case,False,False,CompetitorC,,18,POC setup,New Business,2024-09-10T00:00:00
2704,194,11,Vanguard Services - Platform Deal,Proposal,120659,2025-02-08,2024-08-31,Event,Best Case,False,False,,,10,Legal review,New Business,2024-08-31T00:00:00
2705,513,9,Nova Software - Initial License,Closed Lost,344467,2023-02-05,2022-07-17,Inbound - Content,Omitted,False,True,CompetitorA,Competitor,26,,New Business,2022-07-17T00:00:00
2706,415,11,Elevate Analytics - Initial License,Qualification,16653,2025-07-20,2024-11-18,Outbound - SDR,Best Case,False,False,CompetitorE,,16,,New Business,2024-11-18T00:00:00
2707,764,6,Pinnacle Corp - Initial License,Closed Lost,74131,2021-12-17,2021-07-01,Inbound - Content,Omitted,False,True,CompetitorC,No Decision,33,,New Business,2021-07-01T00:00:00
2708,935,16,Summit Inc - Platform Deal,Qualification,656158,2024-10-22,2024-03-16,Partner Referral,Best Case,False,False,CompetitorE,,47,,New Business,2024-03-16T00:00:00
2709,666,2,Atlas Systems - Platform Deal,Discovery,97165,2021-11-23,2021-03-12,Event,Pipeline,False,False,,,31,,New Business,2021-03-12T00:00:00
2710,203,6,Zenith Networks - New Business,Closed Lost,78680,2024-12-31,2024-10-11,Outbound - AE,Omitted,False,True,CompetitorC,Timing,9,,New Business,2024-10-11T00:00:00
2711,58,16,Acme Group - Platform Deal,Discovery,127056,2025-07-05,2024-10-24,Inbound - Content,Pipeline,False,False,,,8,,New Business,2024-10-24T00:00:00
2712,655,7,Quantum Digital - Initial License,Qualification,192378,2025-06-15,2024-12-20,Outbound - AE,Best Case,False,False,CompetitorC,,17,Executive alignment,New Business,2024-12-20T00:00:00
2713,633,2,Acme Corp - Initial License,Prospecting,13563,2025-04-16,2024-11-12,Partner Referral,Pipeline,False,False,,,35,Schedule demo,New Business,2024-11-12T00:00:00
2714,31,14,Atlas Technologies - New Business,Closed Lost,32378,2024-01-24,2023-09-09,Partner Referral,Omitted,False,True,CompetitorA,Competitor,8,,New Business,2023-09-09T00:00:00
2715,768,7,Pacific Holdings - Initial License,Qualification,47541,2024-10-25,2024-06-10,Product-Led,Best Case,False,False,,,7,Schedule demo,New Business,2024-06-10T00:00:00
2716,866,7,Optima Enterprises - New Business,Discovery,941168,2022-04-08,2022-01-12,Inbound - Web,Pipeline,False,False,CompetitorC,,58,POC setup,New Business,2022-01-12T00:00:00
2717,296,1,Vertex Corp - Platform Deal,Closed Lost,129619,2022-09-27,2022-05-30,Webinar,Omitted,False,True,CompetitorE,Timing,28,,New Business,2022-05-30T00:00:00
2718,460,10,Pacific Holdings - Platform Deal,Closed Lost,106062,2024-12-31,2024-09-21,Partner Referral,Omitted,False,True,,Feature Gap,22,,New Business,2024-09-21T00:00:00
2719,881,4,Zenith Services - New Business,Closed Lost,80394,2022-03-16,2022-01-06,Outbound - SDR,Omitted,False,True,CompetitorC,Champion Left,14,,New Business,2022-01-06T00:00:00
2720,946,9,Synergy Systems - Initial License,Prospecting,167558,2024-06-24,2024-05-15,Outbound - AE,Pipeline,False,False,CompetitorD,,64,Send proposal,New Business,2024-05-15T00:00:00
2721,811,12,Pinnacle Digital - Platform Deal,Closed Lost,137713,2023-09-20,2023-02-06,Outbound - AE,Omitted,False,True,,Competitor,27,,New Business,2023-02-06T00:00:00
2722,541,3,Zenith Inc - New Business,Closed Won,57776,2024-12-27,2024-10-13,Partner Referral,Closed,True,True,,,5,,New Business,2024-10-13T00:00:00
2723,278,2,Vanguard Technologies - New Business,Proposal,24960,2024-11-09,2024-07-18,Partner Referral,Best Case,False,False,CompetitorB,,41,Contract signing,New Business,2024-07-18T00:00:00
2724,109,14,Nexus Dynamics - New Business,Negotiation,158976,2024-03-14,2024-01-10,,Commit,False,False,,,42,Reference call,New Business,2024-01-10T00:00:00
1470,930,11,Fusion Labs - Initial License,Prospecting,21335,2021-09-27,2021-05-05,Inbound - Web,Pipeline,False,False,,,4,Schedule demo,New Business,2021-05-05T00:00:00
2726,401,1,Global Platforms - Contract Renewal,Proposal,135582,2025-01-17,2024-08-12,Inbound - Content,Best Case,False,False,CompetitorE,,32,Reference call,Renewal,2024-08-12T00:00:00
2727,993,3,Vertex Partners - Platform Deal,Qualification,139555,2022-02-16,2021-07-17,Inbound - Web,Best Case,False,False,CompetitorC,,21,Legal review,New Business,2021-07-17T00:00:00
2728,749,9,Elevate Services - Initial License,Prospecting,90074,2025-04-04,2024-07-11,Outbound - SDR,Pipeline,False,False,,,67,POC setup,New Business,2024-07-11T00:00:00
2729,55,16,Vertex Group - Platform Deal,Closed Lost,40032,2023-06-21,2023-01-09,Inbound - Web,Omitted,False,True,CompetitorD,Timing,2,,New Business,2023-01-09T00:00:00
2730,150,16,Quantum Holdings - Platform Deal,Qualification,17523,2024-12-03,2024-10-25,Outbound - SDR,Best Case,False,False,,,11,Schedule demo,New Business,2024-10-25T00:00:00
2731,745,10,Vanguard Software - Initial License,Qualification,27285,2023-10-20,2023-08-06,Webinar,Best Case,False,False,CompetitorD,,1,POC setup,New Business,2023-08-06T00:00:00
2732,775,9,Nexus Partners - Initial License,Proposal,34666,2024-12-27,2024-09-03,Event,Best Case,False,False,CompetitorE,,69,Legal review,New Business,2024-09-03T00:00:00
2733,239,5,Catalyst Analytics - Expansion,Qualification,37407,2025-06-15,2024-11-05,Product-Led,Best Case,False,False,CompetitorD,,13,Contract signing,Expansion,2024-11-05T00:00:00
2734,720,5,Vanguard Corp - Platform Deal,Closed Won,24897,2023-09-22,2023-05-04,Inbound - Web,Closed,True,True,CompetitorC,,58,,New Business,2023-05-04T00:00:00
2735,828,13,Quantum Systems - Initial License,Prospecting,,2022-01-07,2021-05-08,Outbound - AE,Pipeline,False,False,,,30,,New Business,2021-05-08T00:00:00
2736,534,7,Horizon Labs - Initial License,Discovery,55469,2024-01-14,2023-11-25,Product-Led,Pipeline,False,False,CompetitorC,,48,Technical review,New Business,2023-11-25T00:00:00
2737,15,6,Nexus Inc - Initial License,Discovery,52852,2023-12-25,2023-04-19,Product-Led,Pipeline,False,False,CompetitorC,,52,Legal review,New Business,2023-04-19T00:00:00
2738,457,13,Nexus Enterprises - New Business,Qualification,22566,2022-11-03,2022-03-03,Outbound - AE,Best Case,False,False,Open Source Alternative,,25,Schedule demo,New Business,2022-03-03T00:00:00
2739,275,10,Acme Inc - Additional Seats,Prospecting,379326,2024-05-10,2024-03-19,Inbound - Web,Pipeline,False,False,,,66,,Expansion,2024-03-19T00:00:00
2740,332,14,Apex Labs - Platform Deal,Prospecting,6375,2025-04-02,2024-12-23,Outbound - AE,Pipeline,False,False,,,21,Send proposal,New Business,2024-12-23T00:00:00
2741,235,10,Synergy Networks - Initial License,Closed Lost,216456,2023-02-28,2022-11-06,Webinar,Omitted,False,True,CompetitorB,Lost to Status Quo,20,,New Business,2022-11-06T00:00:00
1576,927,1,Apex Services - Initial License,Closed Won,491957,2023-12-30,2023-10-01,Event,Closed,True,True,Open Source Alternative,,37,,New Business,2023-10-01T00:00:00
2743,515,4,Vertex Software - Platform Deal,Qualification,71340,2023-02-08,2022-07-24,Partner Referral,Best Case,False,False,,,45,Schedule demo,New Business,2022-07-24T00:00:00
2744,891,7,Synergy Networks - Initial License,Prospecting,96546,2024-09-06,2024-01-17,Outbound - SDR,Pipeline,False,False,CompetitorB,,10,Contract signing,New Business,2024-01-17T00:00:00
2745,860,10,Summit Enterprises - Platform Deal,Qualification,25864,2025-02-26,2024-12-09,Inbound - Web,Best Case,False,False,,,35,,New Business,2024-12-09T00:00:00
2746,861,8,Nexus Holdings - New Business,Qualification,19787,2025-01-28,2024-10-31,Outbound - AE,Best Case,False,False,CompetitorA,,19,Technical review,New Business,2024-10-31T00:00:00
2747,141,2,Acme Platforms - Platform Deal,Discovery,39156,2025-01-19,2024-07-17,Inbound - Web,Pipeline,False,False,CompetitorC,,2,Legal review,New Business,2024-07-17T00:00:00
2748,611,11,Pacific Analytics - Platform Deal,Discovery,19443,2025-03-12,2024-12-15,Event,Pipeline,False,False,CompetitorE,,21,Schedule demo,New Business,2024-12-15T00:00:00
2749,663,5,Optima Dynamics - Initial License,Proposal,18377,2025-01-20,2024-12-04,Inbound - Content,Best Case,False,False,CompetitorD,,42,Send proposal,New Business,2024-12-04T00:00:00
2750,555,10,Atlas Platforms - New Business,Closed Lost,45429,2024-06-16,2024-05-12,Outbound - SDR,Omitted,False,True,CompetitorB,No Decision,50,,New Business,2024-05-12T00:00:00
2751,818,1,Pacific Systems - New Business,Proposal,47064,2024-09-20,2024-04-29,Inbound - Content,Best Case,False,False,CompetitorB,,9,Contract signing,New Business,2024-04-29T00:00:00
2752,787,3,Global Inc - Initial License,Prospecting,159877,2023-10-14,2023-05-02,Product-Led,Pipeline,False,False,CompetitorC,,27,Technical review,New Business,2023-05-02T00:00:00
2753,879,13,Synergy Corp - Platform Deal,Negotiation,21972,2024-07-13,2024-04-05,,Commit,False,False,CompetitorC,,27,,New Business,2024-04-05T00:00:00
2754,19,12,Acme Group - Platform Deal,Discovery,23310,2024-05-27,2023-11-21,Event,Pipeline,False,False,Open Source Alternative,,48,POC setup,New Business,2023-11-21T00:00:00
2755,533,12,Fusion Networks - Initial License,Closed Lost,36619,2024-09-13,2024-06-07,Product-Led,Omitted,False,True,CompetitorD,Budget Cut,68,,New Business,2024-06-07T00:00:00
2756,694,2,Nexus Software - Upsell,Closed Lost,10200,2024-07-15,2024-04-01,Webinar,Omitted,False,True,Open Source Alternative,Timing,28,,Expansion,2024-04-01T00:00:00
2757,780,14,Fusion Digital - New Business,Closed Lost,593077,2024-12-31,2024-09-17,Event,Omitted,False,True,CompetitorC,Competitor,34,,New Business,2024-09-17T00:00:00
2758,800,14,Nova Dynamics - New Business,Negotiation,153040,2023-07-31,2023-03-07,Outbound - SDR,Commit,False,False,CompetitorE,,44,POC setup,New Business,2023-03-07T00:00:00
2759,136,7,Horizon Software - New Business,Discovery,204482,2023-08-26,2023-06-25,,Pipeline,False,False,CompetitorA,,1,Legal review,New Business,2023-06-25T00:00:00
2760,929,11,Vertex Services - Platform Deal,Closed Lost,21919,2024-12-31,2024-11-22,Product-Led,Omitted,False,True,,Champion Left,35,,New Business,2024-11-22T00:00:00
2559,893,8,Atlas Inc - New Business,Closed Lost,61866,2024-12-31,2024-09-30,Product-Led,Omitted,False,True,CompetitorE,Feature Gap,60,,New Business,2024-09-30T00:00:00
2762,605,6,Horizon Inc - Renewal,Closed Lost,30239,2022-01-30,2021-11-09,Product-Led,Omitted,False,True,CompetitorA,Competitor,38,,Renewal,2021-11-09T00:00:00
2763,300,10,Vanguard Services - Platform Deal,Qualification,47396,2024-04-22,2024-02-05,Inbound - Web,Best Case,False,False,CompetitorC,,9,Legal review,New Business,2024-02-05T00:00:00
2764,594,1,Elevate Digital - Platform Deal,Closed Won,137174,2024-10-10,2024-09-12,Partner Referral,Closed,True,True,CompetitorB,,38,,New Business,2024-09-12T00:00:00
2765,924,16,Pacific Technologies - Expansion,Discovery,68970,2025-05-21,2024-10-20,Outbound - SDR,Pipeline,False,False,,,21,Schedule demo,Expansion,2024-10-20T00:00:00
899,805,9,Quantum Dynamics - Initial License,Discovery,44323,2024-09-05,2024-02-09,,Pipeline,False,False,CompetitorC,,62,Schedule demo,New Business,2024-02-09T00:00:00
2767,39,7,Acme Software - Initial License,Qualification,121372,2024-09-13,2024-08-11,Event,Best Case,False,False,,,40,Reference call,New Business,2024-08-11T00:00:00
2768,928,16,Nova Holdings - Initial License,Proposal,,2025-03-10,2024-11-12,Outbound - SDR,Best Case,False,False,,,2,Technical review,New Business,2024-11-12T00:00:00
2769,960,14,Vanguard Labs - Initial License,Closed Lost,53471,2024-05-16,2023-11-03,Product-Led,Omitted,False,True,CompetitorB,Competitor,8,,New Business,2023-11-03T00:00:00
2770,934,4,Elevate Services - Platform Deal,Negotiation,35191,2022-09-03,2022-03-29,Inbound - Content,Commit,False,False,CompetitorB,,17,Contract signing,New Business,2022-03-29T00:00:00
2771,554,8,Pacific Group - Initial License,Qualification,,2025-01-07,2024-10-13,Product-Led,Best Case,False,False,,,40,Legal review,New Business,2024-10-13T00:00:00
2772,961,6,Synergy Systems - Initial License,Qualification,604891,2024-03-16,2023-10-30,Partner Referral,Best Case,False,False,CompetitorB,,42,POC setup,New Business,2023-10-30T00:00:00
2773,913,2,Global Networks - Platform Deal,Closed Lost,30336,2024-12-19,2024-12-04,Event,Omitted,False,True,CompetitorA,Budget Cut,45,,New Business,2024-12-04T00:00:00
2774,410,16,Summit Analytics - Platform Deal,Closed Won,23235,2024-02-04,2023-10-27,Product-Led,Closed,True,True,CompetitorD,,32,,New Business,2023-10-27T00:00:00
2775,941,5,Apex Networks - New Business,Closed Lost,12174,2024-01-01,2023-11-16,Partner Referral,Omitted,False,True,CompetitorC,No Decision,2,,New Business,2023-11-16T00:00:00
2776,627,11,Vanguard Services - Platform Deal,Negotiation,26532,2025-02-11,2024-10-19,Outbound - SDR,Commit,False,False,CompetitorE,,48,Send proposal,New Business,2024-10-19T00:00:00
2777,588,8,Pinnacle Solutions - Platform Deal,Prospecting,15131,2024-09-16,2024-10-15,Inbound - Web,Pipeline,False,False,CompetitorD,,11,Contract signing,New Business,2024-10-15T00:00:00
794,334,11,Summit Labs - New Business,Discovery,41777,2025-02-17,2024-12-09,Outbound - AE,Pipeline,False,False,,,20,Schedule demo,New Business,2024-12-09T00:00:00
2779,983,2,Atlas Dynamics - Initial License,Negotiation,17056,2023-05-23,2022-11-17,Product-Led,Commit,False,False,Open Source Alternative,,38,,New Business,2022-11-17T00:00:00
2780,911,15,Synergy Solutions - New Business,Discovery,23518,2025-05-01,2024-12-28,Outbound - AE,Pipeline,False,False,CompetitorD,,36,Executive alignment,New Business,2024-12-28T00:00:00
2781,922,16,Vanguard Services - New Business,Proposal,41392,2025-04-24,2024-09-12,Partner Referral,Best Case,False,False,CompetitorD,,63,Executive alignment,New Business,2024-09-12T00:00:00
2782,113,11,Acme Services - Platform Deal,Closed Lost,20967,2024-12-31,2024-11-20,Outbound - SDR,Omitted,False,True,CompetitorA,Budget Cut,2,,New Business,2024-11-20T00:00:00
2783,217,15,Quantum Technologies - Platform Deal,Proposal,22579,2024-04-24,2024-01-12,Outbound - SDR,Best Case,False,False,Open Source Alternative,,64,Technical review,New Business,2024-01-12T00:00:00
2784,864,10,Summit Digital - New Business,Closed Lost,11640,2024-12-24,2024-11-14,Product-Led,Omitted,False,True,Open Source Alternative,Champion Left,43,,New Business,2024-11-14T00:00:00
2785,720,5,Vanguard Corp - New Business,Discovery,195061,2024-05-23,2023-09-01,Partner Referral,Pipeline,False,False,CompetitorA,,59,POC setup,New Business,2023-09-01T00:00:00
2786,702,3,Pacific Systems - Initial License,Closed Won,13662,2024-12-31,2024-12-05,Event,Closed,True,True,CompetitorE,,39,,New Business,2024-12-05T00:00:00
2787,396,1,Pinnacle Corp - Platform Deal,Prospecting,46047,2023-10-06,2023-06-07,Webinar,Pipeline,False,False,CompetitorA,,21,Legal review,New Business,2023-06-07T00:00:00
2788,620,11,Horizon Labs - Platform Deal,Closed Lost,6514,2024-04-30,2023-10-13,Event,Omitted,False,True,CompetitorC,No Decision,27,,New Business,2023-10-13T00:00:00
2789,911,7,Synergy Solutions - New Business,Discovery,28826,2025-05-19,2024-11-19,Webinar,Pipeline,False,False,CompetitorA,,36,Contract signing,New Business,2024-11-19T00:00:00
2790,928,2,Nova Holdings - New Business,Proposal,1077868,2023-02-22,2022-07-15,Product-Led,Best Case,False,False,,,19,Legal review,New Business,2022-07-15T00:00:00
2791,257,6,Synergy Labs - Platform Deal,Discovery,113488,2023-11-23,2023-07-05,Inbound - Content,Pipeline,False,False,,,34,Executive alignment,New Business,2023-07-05T00:00:00
2792,799,10,Atlas Platforms - Platform Deal,Closed Lost,8216,2024-03-16,2023-09-13,Partner Referral,Omitted,False,True,CompetitorA,Budget Cut,60,,New Business,2023-09-13T00:00:00
2116,99,8,Fusion Digital - New Business,Discovery,143422,2023-08-21,2023-01-04,Product-Led,Pipeline,False,False,CompetitorC,,47,Schedule demo,New Business,2023-01-04T00:00:00
2794,256,15,Summit Solutions - Platform Deal,Discovery,12093,2025-02-16,2024-08-08,Outbound - SDR,Pipeline,False,False,CompetitorD,,50,POC setup,New Business,2024-08-08T00:00:00
2795,611,10,Pacific Analytics - Platform Deal,Qualification,33326,2024-11-11,2024-12-10,Webinar,Best Case,False,False,,,65,Contract signing,New Business,2024-12-10T00:00:00
2796,816,13,Synergy Corp - Initial License,Qualification,758313,2023-08-15,2023-03-26,Partner Referral,Best Case,False,False,CompetitorB,,45,,New Business,2023-03-26T00:00:00
2797,494,2,Synergy Platforms - Platform Deal,Negotiation,31541,2023-11-20,2023-08-17,Inbound - Web,Commit,False,False,CompetitorE,,45,Send proposal,New Business,2023-08-17T00:00:00
2798,81,15,Acme Analytics - Initial License,Discovery,166785,2025-04-04,2024-11-19,Outbound - SDR,Pipeline,False,False,CompetitorD,,33,,New Business,2024-11-19T00:00:00
2799,752,13,Optima Technologies - Initial License,Closed Lost,20113,2024-12-31,2024-11-21,Inbound - Web,Omitted,False,True,CompetitorD,Competitor,2,,New Business,2024-11-21T00:00:00
2800,561,8,Synergy Services - Platform Deal,Closed Won,59526,2024-12-09,2024-11-10,Inbound - Content,Closed,True,True,CompetitorE,,12,,New Business,2024-11-10T00:00:00
2801,631,14,Vertex Labs - New Business,Qualification,154313,2024-09-10,2024-01-18,Event,Best Case,False,False,,,47,Schedule demo,New Business,2024-01-18T00:00:00
2802,108,3,Acme Labs - Platform Deal,Closed Won,67799,2024-11-12,2024-11-27,Webinar,Closed,True,True,,,2,,New Business,2024-11-27T00:00:00
2803,674,12,Horizon Partners - Initial License,Prospecting,11930,2025-07-28,2024-12-17,Inbound - Web,Pipeline,False,False,,,36,Contract signing,New Business,2024-12-17T00:00:00
2804,779,15,Fusion Corp - Initial License,Qualification,54160,2025-02-28,2024-10-03,Inbound - Web,Best Case,False,False,CompetitorE,,62,Send proposal,New Business,2024-10-03T00:00:00
2805,848,3,Vanguard Holdings - Initial License,Proposal,6452,2021-03-28,2020-07-18,Partner Referral,Best Case,False,False,,,13,Reference call,New Business,2020-07-18T00:00:00
2806,213,4,Fusion Analytics - Platform Deal,Discovery,122213,2025-03-05,2024-12-09,Product-Led,Pipeline,False,False,CompetitorA,,39,,New Business,2024-12-09T00:00:00
2807,7,10,Catalyst Platforms - Platform Deal,Negotiation,,2022-02-10,2021-09-25,Product-Led,Commit,False,False,,,6,Schedule demo,New Business,2021-09-25T00:00:00
2808,67,4,Catalyst Corp - Platform Deal,Discovery,5537,2023-01-10,2022-11-07,Event,Pipeline,False,False,CompetitorC,,22,,New Business,2022-11-07T00:00:00
2809,889,14,Summit Technologies - New Business,Discovery,173761,2023-03-14,2022-10-31,Outbound - AE,Pipeline,False,False,CompetitorB,,48,,New Business,2022-10-31T00:00:00
2810,288,13,Quantum Enterprises - Platform Deal,Discovery,6727,2024-12-21,2024-11-17,Product-Led,Pipeline,False,False,Open Source Alternative,,78,Technical review,New Business,2024-11-17T00:00:00
2811,27,5,Elevate Group - Initial License,Qualification,353329,2024-11-22,2024-09-20,Webinar,Best Case,False,False,Open Source Alternative,,59,Technical review,New Business,2024-09-20T00:00:00
2812,63,7,Quantum Dynamics - Initial License,Discovery,,2023-11-22,2023-12-10,Partner Referral,Pipeline,False,False,,,11,Technical review,New Business,2023-12-10T00:00:00
2813,766,1,Velocity Services - New Business,Prospecting,28110,2024-10-07,2024-06-03,Outbound - AE,Pipeline,False,False,CompetitorB,,27,Contract signing,New Business,2024-06-03T00:00:00
2814,252,10,Optima Solutions - Platform Deal,Closed Lost,45405,2021-10-16,2021-08-27,Webinar,Omitted,False,True,CompetitorE,Lost to Status Quo,24,,New Business,2021-08-27T00:00:00
2815,647,13,Zenith Technologies - Platform Deal,Qualification,27494,2022-11-20,2022-08-08,Webinar,Best Case,False,False,,,42,Schedule demo,New Business,2022-08-08T00:00:00
2816,766,10,Velocity Services - Platform Deal,Qualification,209301,2022-09-27,2022-06-19,Inbound - Web,Best Case,False,False,CompetitorE,,64,,New Business,2022-06-19T00:00:00
2817,773,9,Pinnacle Digital - Initial License,Prospecting,170248,2025-05-10,2024-12-24,Event,Pipeline,False,False,CompetitorA,,58,POC setup,New Business,2024-12-24T00:00:00
2818,372,3,Pinnacle Group - Platform Deal,Discovery,80752,2023-04-23,2023-02-14,Inbound - Web,Pipeline,False,False,,,28,Send proposal,New Business,2023-02-14T00:00:00
2819,159,10,Horizon Systems - New Business,Closed Won,1153371,2024-12-31,2024-08-10,Partner Referral,Closed,True,True,CompetitorE,,53,,New Business,2024-08-10T00:00:00
2820,278,2,Vanguard Technologies - Initial License,Prospecting,15674,2024-09-20,2024-04-06,Inbound - Web,Pipeline,False,False,CompetitorB,,2,Reference call,New Business,2024-04-06T00:00:00
2821,759,1,Quantum Services - Platform Deal,Discovery,1147205,2023-08-10,2022-12-27,Outbound - AE,Pipeline,False,False,CompetitorD,,3,Legal review,New Business,2022-12-27T00:00:00
2822,500,15,Vanguard Platforms - Initial License,Qualification,186025,2025-04-28,2024-11-10,Inbound - Content,Best Case,False,False,CompetitorE,,45,Legal review,New Business,2024-11-10T00:00:00
2823,601,11,Quantum Holdings - New Business,Qualification,145346,2025-06-25,2024-11-24,Outbound - AE,Best Case,False,False,CompetitorA,,11,Legal review,New Business,2024-11-24T00:00:00
2824,416,13,Vertex Enterprises - Initial License,Closed Lost,34858,2024-03-31,2024-01-12,Inbound - Content,Omitted,False,True,,Lost to Status Quo,25,,New Business,2024-01-12T00:00:00
2825,132,12,Fusion Digital - New Business,Closed Won,169720,2022-06-28,2022-02-05,Inbound - Content,Closed,True,True,CompetitorA,,27,,New Business,2022-02-05T00:00:00
2826,662,14,Quantum Dynamics - New Business,Qualification,159320,2023-07-11,2022-10-15,Webinar,Best Case,False,False,,,68,,New Business,2022-10-15T00:00:00
2827,123,10,Atlas Inc - Initial License,Prospecting,64350,2022-08-17,2022-04-06,Inbound - Web,Pipeline,False,False,,,29,Send proposal,New Business,2022-04-06T00:00:00
2828,73,9,Vertex Software - Initial License,Qualification,13292,2024-07-16,2024-04-19,Outbound - AE,Best Case,False,False,CompetitorD,,55,Executive alignment,New Business,2024-04-19T00:00:00
2829,215,12,Acme Solutions - New Business,Prospecting,54088,2024-09-30,2024-06-06,Partner Referral,Pipeline,False,False,CompetitorC,,27,POC setup,New Business,2024-06-06T00:00:00
2830,967,5,Elevate Technologies - Additional Seats,Proposal,,2024-07-02,2023-12-03,Webinar,Best Case,False,False,,,26,Executive alignment,Expansion,2023-12-03T00:00:00
2831,229,14,Nova Enterprises - Platform Deal,Closed Lost,473152,2024-12-31,2024-08-09,Outbound - SDR,Omitted,False,True,CompetitorD,Timing,73,,New Business,2024-08-09T00:00:00
2832,138,4,Elevate Platforms - New Business,Closed Lost,44265,2024-09-21,2024-09-02,Outbound - AE,Omitted,False,True,CompetitorA,Budget Cut,20,,New Business,2024-09-02T00:00:00
2833,45,3,Quantum Software - Platform Deal,Discovery,23424,2023-07-13,2023-06-04,Inbound - Content,Pipeline,False,False,,,19,Legal review,New Business,2023-06-04T00:00:00
2834,146,4,Vanguard Platforms - Initial License,Discovery,14369,2025-01-18,2024-09-30,Outbound - SDR,Pipeline,False,False,Open Source Alternative,,42,,New Business,2024-09-30T00:00:00
2835,593,13,Global Labs - New Business,Negotiation,11667,2023-04-01,2022-09-26,Product-Led,Commit,False,False,CompetitorC,,38,,New Business,2022-09-26T00:00:00
2836,503,8,Pacific Platforms - Platform Deal,Qualification,39422,2024-08-15,2023-12-04,Product-Led,Best Case,False,False,CompetitorA,,11,Legal review,New Business,2023-12-04T00:00:00
2837,300,10,Vanguard Services - Platform Deal,Qualification,81413,2024-06-06,2023-11-14,Event,Best Case,False,False,CompetitorA,,26,Executive alignment,New Business,2023-11-14T00:00:00
2838,259,14,Optima Services - New Business,Qualification,35941,2025-05-07,2024-10-04,Outbound - AE,Best Case,False,False,CompetitorB,,43,,New Business,2024-10-04T00:00:00
2839,737,11,Horizon Holdings - Initial License,Closed Lost,704398,2024-12-31,2024-10-06,Outbound - AE,Omitted,False,True,CompetitorB,Champion Left,13,,New Business,2024-10-06T00:00:00
2840,608,9,Nexus Services - Platform Deal,Closed Won,13632,2024-12-27,2024-10-07,Product-Led,Closed,True,True,,,9,,New Business,2024-10-07T00:00:00
2841,824,12,Atlas Solutions - Platform Deal,Discovery,71674,2025-08-22,2024-12-07,,Pipeline,False,False,CompetitorA,,31,Send proposal,New Business,2024-12-07T00:00:00
2842,48,6,Vertex Inc - Platform Deal,Qualification,600297,2024-12-28,2024-10-30,Partner Referral,Best Case,False,False,CompetitorA,,36,Reference call,New Business,2024-10-30T00:00:00
2843,191,2,Nova Group - Platform Deal,Qualification,59721,2024-03-21,2023-12-20,Inbound - Content,Best Case,False,False,,,20,Reference call,New Business,2023-12-20T00:00:00
2844,994,11,Nova Enterprises - Initial License,Qualification,45627,2024-08-22,2024-05-02,Inbound - Web,Best Case,False,False,,,9,POC setup,New Business,2024-05-02T00:00:00
2845,565,10,Pacific Dynamics - New Business,Closed Lost,759050,2024-12-06,2024-11-20,Outbound - SDR,Omitted,False,True,CompetitorD,Price,16,,New Business,2024-11-20T00:00:00
2846,625,8,Pacific Networks - Platform Deal,Proposal,82543,2025-02-12,2024-12-15,Inbound - Web,Best Case,False,False,,,48,Reference call,New Business,2024-12-15T00:00:00
2847,215,14,Acme Solutions - Initial License,Qualification,134477,2024-10-20,2024-05-19,Inbound - Content,Best Case,False,False,Open Source Alternative,,30,Reference call,New Business,2024-05-19T00:00:00
2848,395,5,Nexus Networks - New Business,Closed Lost,36830,2023-12-21,2023-07-02,Inbound - Web,Omitted,False,True,,No Decision,6,,New Business,2023-07-02T00:00:00
2849,593,13,Global Labs - Initial License,Closed Lost,,2024-06-25,2024-02-04,Inbound - Content,Omitted,False,True,CompetitorD,Competitor,5,,New Business,2024-02-04T00:00:00
2850,875,11,Apex Partners - New Business,Proposal,67970,2024-11-08,2024-07-15,Outbound - SDR,Best Case,False,False,CompetitorD,,24,Contract signing,New Business,2024-07-15T00:00:00
2851,885,7,Pinnacle Holdings - Platform Deal,Qualification,38205,2024-10-21,2024-11-08,Outbound - SDR,Best Case,False,False,Open Source Alternative,,51,Legal review,New Business,2024-11-08T00:00:00
2852,753,2,Atlas Group - Platform Deal,Qualification,14095,2024-03-02,2023-09-22,Product-Led,Best Case,False,False,,,43,Reference call,New Business,2023-09-22T00:00:00
2853,654,6,Fusion Dynamics - Initial License,Proposal,36406,2024-04-17,2023-12-26,Outbound - SDR,Best Case,False,False,,,38,,New Business,2023-12-26T00:00:00
2854,300,16,Vanguard Services - Platform Deal,Proposal,71838,2024-04-03,2024-01-14,Product-Led,Best Case,False,False,Open Source Alternative,,28,Legal review,New Business,2024-01-14T00:00:00
2855,936,8,Summit Enterprises - Initial License,Qualification,187758,2024-02-17,2023-12-07,Partner Referral,Best Case,False,False,CompetitorE,,2,Legal review,New Business,2023-12-07T00:00:00
2856,143,3,Horizon Dynamics - Initial License,Proposal,414844,2021-01-09,2020-09-06,Partner Referral,Best Case,False,False,,,32,Reference call,New Business,2020-09-06T00:00:00
2857,655,7,Quantum Digital - Platform Deal,Qualification,81131,2025-03-20,2024-12-22,Inbound - Web,Best Case,False,False,CompetitorA,,37,POC setup,New Business,2024-12-22T00:00:00
2858,425,7,Pinnacle Partners - New Business,Qualification,18121,2024-11-07,2024-05-27,Product-Led,Best Case,False,False,CompetitorE,,41,Reference call,New Business,2024-05-27T00:00:00
2859,227,6,Catalyst Networks - Initial License,Qualification,116479,2022-03-09,2021-12-06,Inbound - Web,Best Case,False,False,CompetitorD,,54,Technical review,New Business,2021-12-06T00:00:00
2860,816,13,Synergy Corp - Platform Deal,Prospecting,288216,2024-11-17,2024-09-07,Event,Pipeline,False,False,,,72,,New Business,2024-09-07T00:00:00
2861,52,5,Fusion Inc - Initial License,Prospecting,30904,2023-11-10,2023-02-14,Inbound - Web,Pipeline,False,False,,,28,Legal review,New Business,2023-02-14T00:00:00
2862,240,11,Optima Digital - Initial License,Closed Won,12215,2024-06-16,2023-12-30,Event,Closed,True,True,CompetitorB,,21,,New Business,2023-12-30T00:00:00
2863,619,13,Summit Analytics - New Business,Qualification,96599,2023-11-02,2023-04-26,Event,Best Case,False,False,CompetitorE,,26,Contract signing,New Business,2023-04-26T00:00:00
2864,584,2,Optima Platforms - Platform Deal,Closed Won,136112,2024-10-22,2024-06-25,Event,Closed,True,True,CompetitorB,,36,,New Business,2024-06-25T00:00:00
2865,156,2,Summit Systems - Platform Deal,Discovery,83899,2023-07-11,2023-03-20,Partner Referral,Pipeline,False,False,CompetitorE,,29,,New Business,2023-03-20T00:00:00
2866,294,14,Horizon Digital - Initial License,Closed Lost,74799,2024-09-27,2024-05-06,Webinar,Omitted,False,True,CompetitorC,No Decision,11,,New Business,2024-05-06T00:00:00
2867,194,15,Vanguard Services - New Business,Closed Lost,135334,2024-12-31,2024-11-02,Inbound - Content,Omitted,False,True,CompetitorA,Lost to Status Quo,25,,New Business,2024-11-02T00:00:00
2868,78,13,Zenith Partners - Platform Deal,Closed Lost,654499,2024-12-31,2024-10-04,Inbound - Web,Omitted,False,True,,Competitor,14,,New Business,2024-10-04T00:00:00
2869,813,4,Apex Analytics - New Business,Discovery,66009,2022-02-12,2021-10-16,Product-Led,Pipeline,False,False,CompetitorE,,35,,New Business,2021-10-16T00:00:00
2870,979,10,Optima Enterprises - Initial License,Closed Lost,21899,2024-12-31,2024-10-14,Outbound - AE,Omitted,False,True,CompetitorE,No Decision,40,,New Business,2024-10-14T00:00:00
2871,611,16,Pacific Analytics - Initial License,Discovery,42329,2025-04-07,2024-11-08,Inbound - Web,Pipeline,False,False,CompetitorB,,55,Executive alignment,New Business,2024-11-08T00:00:00
2872,312,13,Fusion Networks - Expansion,Closed Won,38565,2024-05-17,2024-02-01,Partner Referral,Closed,True,True,CompetitorA,,75,,Expansion,2024-02-01T00:00:00
2873,100,15,Apex Corp - Platform Deal,Proposal,28431,2025-05-19,2024-11-21,Outbound - SDR,Best Case,False,False,CompetitorC,,47,Send proposal,New Business,2024-11-21T00:00:00
2874,691,1,Pinnacle Holdings - Initial License,Qualification,95907,2025-02-19,2024-10-08,Outbound - SDR,Best Case,False,False,CompetitorD,,6,POC setup,New Business,2024-10-08T00:00:00
2875,51,7,Zenith Services - New Business,Discovery,65252,2025-04-27,2024-12-13,Outbound - SDR,Pipeline,False,False,Open Source Alternative,,32,Schedule demo,New Business,2024-12-13T00:00:00
2876,129,3,Atlas Technologies - Platform Deal,Closed Lost,47403,2024-12-31,2024-12-17,Partner Referral,Omitted,False,True,CompetitorE,Budget Cut,2,,New Business,2024-12-17T00:00:00
2877,443,11,Zenith Analytics - Platform Deal,Closed Lost,45279,2024-12-31,2024-10-21,Webinar,Omitted,False,True,CompetitorA,Price,12,,New Business,2024-10-21T00:00:00
2878,413,13,Pacific Labs - Platform Deal,Negotiation,,2024-10-02,2024-05-02,Event,Commit,False,False,CompetitorA,,34,Technical review,New Business,2024-05-02T00:00:00
2879,897,3,Nova Platforms - Initial License,Closed Lost,486957,2024-12-24,2024-09-14,Partner Referral,Omitted,False,True,CompetitorA,Budget Cut,8,,New Business,2024-09-14T00:00:00
2880,499,6,Nova Technologies - Initial License,Prospecting,39813,2024-06-07,2024-01-06,Event,Pipeline,False,False,CompetitorD,,8,Contract signing,New Business,2024-01-06T00:00:00
2881,739,2,Quantum Holdings - New Business,Qualification,40969,2023-05-02,2022-09-12,Event,Best Case,False,False,,,1,Legal review,New Business,2022-09-12T00:00:00
2882,529,4,Nexus Platforms - New Business,Qualification,105457,2021-10-25,2021-04-18,Inbound - Content,Best Case,False,False,CompetitorD,,2,Legal review,New Business,2021-04-18T00:00:00
2883,785,4,Elevate Digital - Platform Deal,Qualification,23052,2024-02-13,2023-11-23,Inbound - Content,Best Case,False,False,CompetitorD,,28,Legal review,New Business,2023-11-23T00:00:00
2884,776,13,Apex Labs - Initial License,Discovery,30116,2025-04-26,2024-10-12,Outbound - AE,Pipeline,False,False,CompetitorE,,68,Contract signing,New Business,2024-10-12T00:00:00
2885,192,6,Apex Services - Platform Deal,Discovery,67790,2025-08-01,2024-12-21,Inbound - Web,Pipeline,False,False,CompetitorA,,26,,New Business,2024-12-21T00:00:00
2886,148,12,Fusion Technologies - Initial License,Qualification,45140,2025-01-06,2024-08-04,Outbound - AE,Best Case,False,False,Open Source Alternative,,62,Contract signing,New Business,2024-08-04T00:00:00
2887,147,8,Vanguard Group - Initial License,Qualification,35581,2021-04-16,2020-12-09,Product-Led,Best Case,False,False,CompetitorD,,45,POC setup,New Business,2020-12-09T00:00:00
2888,198,14,Catalyst Inc - New Business,Qualification,129274,2025-05-16,2024-12-07,Outbound - SDR,Best Case,False,False,CompetitorB,,53,,New Business,2024-12-07T00:00:00
2889,663,5,Optima Dynamics - Platform Deal,Proposal,8306,2025-05-18,2024-09-15,Outbound - AE,Best Case,False,False,,,15,Reference call,New Business,2024-09-15T00:00:00
2890,428,8,Nova Analytics - New Business,Qualification,103809,2024-03-10,2023-09-03,Inbound - Web,Best Case,False,False,CompetitorE,,14,Send proposal,New Business,2023-09-03T00:00:00
2891,654,6,Fusion Dynamics - New Business,Closed Lost,32775,2024-06-18,2024-04-13,Partner Referral,Omitted,False,True,,Feature Gap,17,,New Business,2024-04-13T00:00:00
2892,461,5,Atlas Software - Initial License,Prospecting,464953,2025-03-28,2024-09-07,Outbound - AE,Pipeline,False,False,CompetitorD,,34,Executive alignment,New Business,2024-09-07T00:00:00
2893,41,13,Nexus Corp - New Business,Qualification,52857,2023-08-03,2023-03-01,Event,Best Case,False,False,,,5,,New Business,2023-03-01T00:00:00
2894,196,14,Pacific Enterprises - Platform Deal,Proposal,69153,2024-10-07,2024-06-01,Partner Referral,Best Case,False,False,CompetitorA,,68,,New Business,2024-06-01T00:00:00
2895,721,4,Zenith Inc - New Business,Closed Lost,26117,2022-09-19,2022-02-18,Product-Led,Omitted,False,True,Open Source Alternative,Price,15,,New Business,2022-02-18T00:00:00
2896,161,8,Acme Holdings - Platform Deal,Discovery,24750,2025-07-26,2024-11-10,Event,Pipeline,False,False,,,57,POC setup,New Business,2024-11-10T00:00:00
2897,999,6,Nova Labs - New Business,Closed Lost,116530,2021-06-27,2021-05-13,Outbound - SDR,Omitted,False,True,CompetitorA,Lost to Status Quo,55,,New Business,2021-05-13T00:00:00
2898,547,14,Vertex Software - Initial License,Prospecting,59896,2025-07-01,2024-12-18,Inbound - Web,Pipeline,False,False,Open Source Alternative,,55,,New Business,2024-12-18T00:00:00
2899,925,6,Atlas Technologies - Platform Deal,Proposal,25025,2024-05-10,2024-03-09,Inbound - Content,Best Case,False,False,CompetitorB,,32,POC setup,New Business,2024-03-09T00:00:00
2900,795,2,Vertex Technologies - Platform Deal,Proposal,79066,2022-12-03,2022-07-18,Product-Led,Best Case,False,False,CompetitorB,,28,Send proposal,New Business,2022-07-18T00:00:00
2901,336,12,Horizon Technologies - New Business,Discovery,165141,2023-02-27,2023-01-10,Webinar,Pipeline,False,False,Open Source Alternative,,67,Technical review,New Business,2023-01-10T00:00:00
2902,249,14,Acme Digital - Initial License,Prospecting,63162,2024-04-26,2023-08-13,,Pipeline,False,False,,,64,Legal review,New Business,2023-08-13T00:00:00
2903,579,13,Velocity Group - Platform Deal,Discovery,465502,2025-03-01,2024-08-10,Outbound - SDR,Pipeline,False,False,,,64,Contract signing,New Business,2024-08-10T00:00:00
2098,766,4,Velocity Services - Initial License,Qualification,39289,2022-07-06,2022-04-21,Event,Best Case,False,False,,,31,Schedule demo,New Business,2022-04-21T00:00:00
2905,310,13,Optima Systems - Platform Deal,Prospecting,721012,2024-04-22,2024-02-10,,Pipeline,False,False,CompetitorD,,36,Legal review,New Business,2024-02-10T00:00:00
2906,22,3,Atlas Enterprises - Expansion,Closed Lost,,2023-09-19,2023-04-20,Outbound - SDR,Omitted,False,True,CompetitorC,Budget Cut,40,,Expansion,2023-04-20T00:00:00
2907,675,15,Summit Analytics - Platform Deal,Closed Won,46340,2024-06-16,2024-01-27,Event,Closed,True,True,,,49,,New Business,2024-01-27T00:00:00
2908,139,3,Zenith Systems - New Business,Prospecting,234943,2024-09-16,2024-07-21,Product-Led,Pipeline,False,False,CompetitorE,,13,POC setup,New Business,2024-07-21T00:00:00
2909,868,14,Catalyst Networks - New Business,Prospecting,137379,2024-02-17,2023-08-03,,Pipeline,False,False,CompetitorC,,5,Reference call,New Business,2023-08-03T00:00:00
2910,469,16,Pacific Software - Platform Deal,Discovery,44465,2024-12-31,2024-11-03,Product-Led,Pipeline,False,False,Open Source Alternative,,55,Schedule demo,New Business,2024-11-03T00:00:00
2911,330,5,Vertex Partners - Initial License,Proposal,831780,2022-08-12,2022-04-14,Outbound - SDR,Best Case,False,False,CompetitorD,,16,Send proposal,New Business,2022-04-14T00:00:00
2912,870,10,Synergy Labs - Platform Deal,Prospecting,52154,2024-11-05,2024-03-10,Outbound - SDR,Pipeline,False,False,CompetitorD,,4,Contract signing,New Business,2024-03-10T00:00:00
2913,518,12,Velocity Solutions - New Business,Qualification,39430,2025-03-04,2024-11-28,Inbound - Content,Best Case,False,False,,,17,POC setup,New Business,2024-11-28T00:00:00
2914,446,4,Summit Networks - Initial License,Closed Won,29154,2023-10-16,2023-06-05,,Closed,True,True,,,53,,New Business,2023-06-05T00:00:00
2915,674,13,Horizon Partners - Initial License,Discovery,14270,2023-09-09,2023-01-12,Outbound - SDR,Pipeline,False,False,CompetitorE,,4,Reference call,New Business,2023-01-12T00:00:00
2916,796,16,Summit Services - Platform Deal,Discovery,15693,2023-02-08,2022-05-16,Outbound - SDR,Pipeline,False,False,,,5,Reference call,New Business,2022-05-16T00:00:00
2917,887,7,Fusion Software - Initial License,Negotiation,26893,2022-11-24,2022-10-02,Webinar,Commit,False,False,CompetitorB,,21,Schedule demo,New Business,2022-10-02T00:00:00
2918,44,15,Apex Inc - New Business,Prospecting,84652,2025-02-25,2024-09-03,Inbound - Content,Pipeline,False,False,,,56,POC setup,New Business,2024-09-03T00:00:00
2919,86,6,Quantum Labs - Initial License,Closed Lost,40141,2024-03-15,2024-02-04,Event,Omitted,False,True,CompetitorB,Timing,4,,New Business,2024-02-04T00:00:00
2920,771,7,Vertex Solutions - Initial License,Closed Won,187807,2022-08-08,2022-04-27,Outbound - AE,Closed,True,True,CompetitorC,,26,,New Business,2022-04-27T00:00:00
2921,760,5,Optima Holdings - Contract Renewal,Qualification,6892,2021-01-06,2021-02-04,Inbound - Content,Best Case,False,False,,,59,Legal review,Renewal,2021-02-04T00:00:00
2922,754,6,Elevate Inc - Platform Deal,Qualification,48041,2024-08-17,2023-11-21,Outbound - SDR,Best Case,False,False,,,18,Technical review,New Business,2023-11-21T00:00:00
2923,130,9,Pinnacle Solutions - Initial License,Proposal,24772,2024-04-25,2023-08-08,,Best Case,False,False,Open Source Alternative,,23,Send proposal,New Business,2023-08-08T00:00:00
2924,656,8,Nova Networks - Initial License,Proposal,1035557,2025-03-28,2024-07-19,Product-Led,Best Case,False,False,CompetitorD,,18,Technical review,New Business,2024-07-19T00:00:00
2925,178,7,Nova Dynamics - Platform Deal,Discovery,14016,2024-05-26,2023-09-14,Outbound - SDR,Pipeline,False,False,CompetitorE,,8,Send proposal,New Business,2023-09-14T00:00:00
2926,216,15,Acme Enterprises - Initial License,Discovery,26741,2024-02-12,2023-12-02,Event,Pipeline,False,False,,,3,Executive alignment,New Business,2023-12-02T00:00:00
2927,963,3,Velocity Digital - Platform Deal,Qualification,10656,2024-06-27,2023-12-05,Inbound - Content,Best Case,False,False,Open Source Alternative,,45,,New Business,2023-12-05T00:00:00
2928,418,12,Fusion Systems - Platform Deal,Discovery,5520,2021-07-14,2021-01-17,Partner Referral,Pipeline,False,False,,,56,Reference call,New Business,2021-01-17T00:00:00
2929,692,5,Velocity Partners - Initial License,Prospecting,46416,2024-09-12,2024-02-20,,Pipeline,False,False,,,3,Legal review,New Business,2024-02-20T00:00:00
2930,884,15,Optima Dynamics - Initial License,Closed Lost,168570,2024-10-17,2024-08-27,Webinar,Omitted,False,True,CompetitorA,No Decision,65,,New Business,2024-08-27T00:00:00
2833,546,7,Velocity Inc - Initial License,Prospecting,75923,2025-07-31,2024-11-04,Event,Pipeline,False,False,CompetitorA,,52,Schedule demo,New Business,2024-11-04T00:00:00
2932,36,14,Apex Solutions - New Business,Prospecting,27556,2024-10-23,2024-05-15,Product-Led,Pipeline,False,False,CompetitorB,,43,,New Business,2024-05-15T00:00:00
2933,677,12,Quantum Dynamics - Platform Deal,Closed Lost,139900,2024-09-21,2024-07-13,Outbound - AE,Omitted,False,True,CompetitorB,Price,58,,New Business,2024-07-13T00:00:00
2934,604,2,Velocity Networks - Platform Deal,Qualification,25227,2024-10-22,2024-10-24,Partner Referral,Best Case,False,False,CompetitorE,,42,Reference call,New Business,2024-10-24T00:00:00
2935,386,16,Nexus Solutions - Initial License,Closed Lost,49959,2023-10-22,2023-04-26,Outbound - SDR,Omitted,False,True,CompetitorC,Timing,30,,New Business,2023-04-26T00:00:00
2936,493,6,Optima Services - New Business,Closed Lost,68724,2024-12-31,2024-12-29,Outbound - SDR,Omitted,False,True,CompetitorD,Champion Left,51,,New Business,2024-12-29T00:00:00
2937,487,14,Zenith Corp - New Business,Closed Lost,33159,2024-12-31,2024-12-28,Inbound - Web,Omitted,False,True,Open Source Alternative,Feature Gap,18,,New Business,2024-12-28T00:00:00
2938,64,12,Pinnacle Analytics - Initial License,Discovery,157045,2024-10-04,2024-07-06,Event,Pipeline,False,False,Open Source Alternative,,22,Reference call,New Business,2024-07-06T00:00:00
2939,701,8,Global Services - Initial License,Closed Won,288494,2024-07-28,2024-05-17,Outbound - SDR,Closed,True,True,,,3,,New Business,2024-05-17T00:00:00
2940,122,16,Global Services - Platform Deal,Qualification,48580,2024-11-25,2024-03-09,Product-Led,Best Case,False,False,,,54,Reference call,New Business,2024-03-09T00:00:00
2941,783,5,Acme Group - New Business,Discovery,16803,2025-06-06,2024-11-21,Inbound - Content,Pipeline,False,False,CompetitorD,,45,Schedule demo,New Business,2024-11-21T00:00:00
2942,74,3,Pinnacle Platforms - Platform Deal,Qualification,71385,2023-06-10,2023-03-18,Webinar,Best Case,False,False,,,42,Contract signing,New Business,2023-03-18T00:00:00
2943,768,7,Pacific Holdings - Initial License,Discovery,129607,2024-12-19,2024-09-12,Outbound - AE,Pipeline,False,False,CompetitorB,,22,Send proposal,New Business,2024-09-12T00:00:00
2944,519,3,Summit Corp - Platform Deal,Closed Lost,148420,2024-07-11,2024-03-23,Outbound - SDR,Omitted,False,True,CompetitorC,Feature Gap,7,,New Business,2024-03-23T00:00:00
2945,583,16,Pacific Analytics - Upsell,Qualification,112253,2025-01-25,2024-10-02,Inbound - Content,Best Case,False,False,,,2,Contract signing,Expansion,2024-10-02T00:00:00
2946,552,14,Velocity Analytics - Platform Deal,Discovery,64193,2025-05-07,2024-08-29,Outbound - AE,Pipeline,False,False,,,21,Send proposal,New Business,2024-08-29T00:00:00
2947,230,8,Summit Systems - New Business,Prospecting,37486,2025-01-09,2024-10-10,Event,Pipeline,False,False,CompetitorB,,18,Executive alignment,New Business,2024-10-10T00:00:00
2948,725,9,Elevate Enterprises - Initial License,Discovery,212809,2023-05-27,2023-01-02,Inbound - Content,Pipeline,False,False,,,32,Executive alignment,New Business,2023-01-02T00:00:00
2949,484,10,Acme Technologies - Initial License,Qualification,94917,2021-06-16,2020-12-03,Webinar,Best Case,False,False,CompetitorB,,3,Technical review,New Business,2020-12-03T00:00:00
2950,813,4,Apex Analytics - Platform Deal,Closed Lost,31694,2024-12-16,2024-07-23,Inbound - Content,Omitted,False,True,CompetitorD,Budget Cut,22,,New Business,2024-07-23T00:00:00
2951,863,10,Pacific Holdings - Contract Renewal,Closed Lost,33341,2024-09-30,2024-07-22,,Omitted,False,True,CompetitorE,Feature Gap,4,,Renewal,2024-07-22T00:00:00
2952,229,14,Nova Enterprises - Platform Deal,Closed Lost,140214,2023-01-26,2022-07-18,Inbound - Web,Omitted,False,True,,Timing,36,,New Business,2022-07-18T00:00:00
2953,186,14,Acme Inc - Platform Deal,Closed Lost,83037,2024-03-15,2023-07-25,Webinar,Omitted,False,True,CompetitorA,Feature Gap,42,,New Business,2023-07-25T00:00:00
2954,435,3,Nexus Technologies - Initial License,Discovery,29678,2023-04-26,2022-12-07,Inbound - Content,Pipeline,False,False,,,3,Schedule demo,New Business,2022-12-07T00:00:00
2955,180,2,Quantum Digital - Expansion,Qualification,,2025-05-27,2024-11-18,,Best Case,False,False,,,12,Contract signing,Expansion,2024-11-18T00:00:00
2956,836,11,Optima Group - Platform Deal,Closed Lost,36811,2024-12-31,2024-12-01,Inbound - Web,Omitted,False,True,,Champion Left,30,,New Business,2024-12-01T00:00:00
2957,178,7,Nova Dynamics - Platform Deal,Discovery,35210,2024-02-24,2024-01-03,Event,Pipeline,False,False,CompetitorC,,36,Reference call,New Business,2024-01-03T00:00:00
2958,180,2,Quantum Digital - Platform Deal,Closed Lost,31347,2024-12-31,2024-10-06,Outbound - AE,Omitted,False,True,,Budget Cut,43,,New Business,2024-10-06T00:00:00
2959,593,13,Global Labs - New Business,Proposal,19648,2024-05-07,2023-11-21,Product-Led,Best Case,False,False,CompetitorB,,16,,New Business,2023-11-21T00:00:00
2960,430,4,Atlas Networks - New Business,Qualification,28796,2025-07-03,2024-11-20,Partner Referral,Best Case,False,False,Open Source Alternative,,26,Reference call,New Business,2024-11-20T00:00:00
2961,92,8,Acme Labs - New Business,Qualification,38990,2024-11-08,2024-09-03,Outbound - SDR,Best Case,False,False,CompetitorD,,38,Schedule demo,New Business,2024-09-03T00:00:00
2962,54,4,Vertex Holdings - Initial License,Closed Won,74458,2024-08-06,2024-06-28,Webinar,Closed,True,True,CompetitorD,,17,,New Business,2024-06-28T00:00:00
2963,97,9,Nova Labs - New Business,Prospecting,21698,2025-03-21,2024-09-04,Outbound - AE,Pipeline,False,False,CompetitorD,,50,Legal review,New Business,2024-09-04T00:00:00
2964,991,14,Fusion Holdings - Initial License,Closed Lost,92682,2024-12-31,2024-10-13,Inbound - Web,Omitted,False,True,CompetitorB,Lost to Status Quo,30,,New Business,2024-10-13T00:00:00
2965,385,2,Nexus Systems - Platform Deal,Qualification,43191,2024-03-10,2023-07-25,Webinar,Best Case,False,False,,,31,Schedule demo,New Business,2023-07-25T00:00:00
2966,417,12,Vanguard Enterprises - Initial License,Closed Won,95040,2023-03-23,2022-10-25,Partner Referral,Closed,True,True,CompetitorA,,47,,New Business,2022-10-25T00:00:00
2967,245,11,Global Labs - Platform Deal,Qualification,24598,2025-07-02,2024-10-13,Partner Referral,Best Case,False,False,,,47,Executive alignment,New Business,2024-10-13T00:00:00
2968,163,9,Nexus Inc - Platform Deal,Discovery,138843,2024-05-06,2023-09-02,,Pipeline,False,False,CompetitorE,,30,Executive alignment,New Business,2023-09-02T00:00:00
2969,828,13,Quantum Systems - Platform Deal,Closed Lost,27775,2023-03-16,2022-10-08,Inbound - Web,Omitted,False,True,CompetitorC,Feature Gap,68,,New Business,2022-10-08T00:00:00
2970,926,2,Synergy Inc - Upsell,Closed Won,35545,2024-11-14,2024-08-06,Webinar,Closed,True,True,CompetitorD,,36,,Expansion,2024-08-06T00:00:00
2971,345,9,Nova Analytics - New Business,Prospecting,29092,2024-12-06,2024-09-04,Event,Pipeline,False,False,,,48,,New Business,2024-09-04T00:00:00
2972,345,9,Nova Analytics - Platform Deal,Closed Lost,27999,2024-03-26,2024-01-04,Outbound - SDR,Omitted,False,True,,Champion Left,37,,New Business,2024-01-04T00:00:00
2973,514,14,Vertex Platforms - Initial License,Closed Lost,16372,2024-09-23,2024-07-03,Outbound - SDR,Omitted,False,True,,Price,41,,New Business,2024-07-03T00:00:00
2974,299,3,Catalyst Solutions - Initial License,Closed Lost,700000,2024-01-05,2023-11-28,Event,Omitted,False,True,CompetitorE,Timing,42,,New Business,2023-11-28T00:00:00
2975,49,12,Elevate Group - New Business,Qualification,49518,2024-06-16,2024-03-10,Product-Led,Best Case,False,False,,,63,Contract signing,New Business,2024-03-10T00:00:00
2976,658,6,Vanguard Software - New Business,Closed Lost,27804,2024-12-31,2024-10-15,Outbound - AE,Omitted,False,True,Open Source Alternative,Price,36,,New Business,2024-10-15T00:00:00
2977,963,3,Velocity Digital - New Business,Proposal,20978,2025-04-18,2024-09-12,Outbound - AE,Best Case,False,False,CompetitorB,,36,Legal review,New Business,2024-09-12T00:00:00
2978,629,3,Nova Solutions - Platform Deal,Closed Won,120599,2024-07-14,2024-06-04,Outbound - AE,Closed,True,True,CompetitorB,,9,,New Business,2024-06-04T00:00:00
2979,69,16,Fusion Services - New Business,Closed Lost,24042,2024-12-31,2024-12-11,Event,Omitted,False,True,CompetitorB,Price,10,,New Business,2024-12-11T00:00:00
2980,219,6,Synergy Labs - Initial License,Proposal,858190,2024-02-08,2023-06-13,Inbound - Content,Best Case,False,False,,,7,Reference call,New Business,2023-06-13T00:00:00
2981,768,7,Pacific Holdings - Platform Deal,Qualification,84569,2025-01-14,2024-12-09,Webinar,Best Case,False,False,CompetitorA,,15,Reference call,New Business,2024-12-09T00:00:00
2982,847,9,Elevate Partners - New Business,Proposal,464881,2023-12-16,2023-06-08,Partner Referral,Best Case,False,False,,,7,Legal review,New Business,2023-06-08T00:00:00
2983,385,12,Nexus Systems - Initial License,Closed Lost,10785,2024-09-21,2024-04-14,Outbound - AE,Omitted,False,True,,Price,49,,New Business,2024-04-14T00:00:00
2984,239,11,Catalyst Analytics - Platform Deal,Qualification,59358,2025-03-24,2024-07-15,Inbound - Content,Best Case,False,False,,,69,Technical review,New Business,2024-07-15T00:00:00
2985,767,16,Summit Dynamics - New Business,Closed Lost,174936,2024-12-31,2024-12-04,Inbound - Content,Omitted,False,True,,Price,35,,New Business,2024-12-04T00:00:00
2392,751,13,Nova Digital - New Business,Negotiation,178766,2025-05-04,2024-10-01,Product-Led,Commit,False,False,,,45,Executive alignment,New Business,2024-10-01T00:00:00
1347,966,7,Horizon Corp - Platform Deal,Discovery,31255,2022-10-02,2022-06-27,Webinar,Pipeline,False,False,CompetitorA,,12,,New Business,2022-06-27T00:00:00
2988,187,3,Atlas Platforms - Initial License,Qualification,36512,2024-03-05,2023-08-15,Outbound - SDR,Best Case,False,False,CompetitorC,,11,Contract signing,New Business,2023-08-15T00:00:00
2989,418,12,Fusion Systems - Platform Deal,Discovery,15652,2021-04-13,2021-02-11,Product-Led,Pipeline,False,False,CompetitorD,,58,Executive alignment,New Business,2021-02-11T00:00:00
2990,366,4,Acme Enterprises - Initial License,Prospecting,874650,2023-05-20,2022-09-24,Event,Pipeline,False,False,CompetitorA,,27,Send proposal,New Business,2022-09-24T00:00:00
2991,45,6,Quantum Software - Initial License,Prospecting,148311,2023-08-06,2023-05-23,Outbound - SDR,Pipeline,False,False,CompetitorA,,26,Schedule demo,New Business,2023-05-23T00:00:00
2992,59,3,Horizon Labs - Initial License,Qualification,156391,2024-11-20,2024-08-11,Webinar,Best Case,False,False,CompetitorB,,11,Legal review,New Business,2024-08-11T00:00:00
2993,359,7,Pinnacle Corp - New Business,Discovery,117964,2024-03-03,2024-01-05,Outbound - SDR,Pipeline,False,False,Open Source Alternative,,12,Schedule demo,New Business,2024-01-05T00:00:00
2994,161,8,Acme Holdings - Platform Deal,Closed Lost,45935,2024-05-24,2024-05-04,,Omitted,False,True,CompetitorB,Lost to Status Quo,36,,New Business,2024-05-04T00:00:00
2995,100,13,Apex Corp - Initial License,Prospecting,57346,2024-10-31,2024-11-24,Event,Pipeline,False,False,CompetitorC,,35,Technical review,New Business,2024-11-24T00:00:00
2996,682,15,Pacific Solutions - New Business,Discovery,18614,2024-11-11,2024-07-05,Webinar,Pipeline,False,False,Open Source Alternative,,56,Executive alignment,New Business,2024-07-05T00:00:00
2997,39,8,Acme Software - New Business,Negotiation,197995,2024-12-20,2024-05-18,Inbound - Web,Commit,False,False,CompetitorD,,12,POC setup,New Business,2024-05-18T00:00:00
2998,343,1,Velocity Networks - Contract Renewal,Closed Won,45376,2024-12-31,2024-11-03,Inbound - Web,Closed,True,True,Open Source Alternative,,11,,Renewal,2024-11-03T00:00:00
2999,168,14,Catalyst Platforms - New Business,Qualification,17983,2025-07-20,2024-12-21,Product-Led,Best Case,False,False,,,68,Contract signing,New Business,2024-12-21T00:00:00
3000,359,15,Pinnacle Corp - Platform Deal,Proposal,23509,2022-12-09,2022-04-18,Inbound - Web,Best Case,False,False,CompetitorA,,17,Schedule demo,New Business,2022-04-18T00:00:00
3001,827,4,Fusion Software - Platform Deal,Discovery,22595,2022-11-19,2022-08-10,Inbound - Content,Pipeline,False,False,CompetitorC,,49,,New Business,2022-08-10T00:00:00
3002,303,11,Vanguard Enterprises - Upsell,Closed Lost,2555,2024-12-31,2024-11-06,Inbound - Web,Omitted,False,True,Open Source Alternative,Timing,68,,Expansion,2024-11-06T00:00:00
3003,524,10,Vertex Dynamics - Initial License,Closed Lost,30510,2023-06-21,2023-03-15,Outbound - SDR,Omitted,False,True,,Lost to Status Quo,15,,New Business,2023-03-15T00:00:00
3004,920,16,Velocity Platforms - New Business,Qualification,31721,2025-01-30,2024-08-25,Partner Referral,Best Case,False,False,CompetitorA,,13,Reference call,New Business,2024-08-25T00:00:00
3005,725,3,Elevate Enterprises - Platform Deal,Proposal,151528,2023-06-21,2023-03-03,Inbound - Content,Best Case,False,False,CompetitorB,,10,Executive alignment,New Business,2023-03-03T00:00:00
3006,576,6,Catalyst Software - New Business,Qualification,29494,2023-11-30,2023-08-12,Webinar,Best Case,False,False,,,49,Send proposal,New Business,2023-08-12T00:00:00
3007,414,13,Velocity Systems - Initial License,Qualification,625783,2022-06-29,2022-03-14,Inbound - Web,Best Case,False,False,,,10,Send proposal,New Business,2022-03-14T00:00:00
2246,307,5,Summit Partners - Platform Deal,Closed Lost,16463,2023-10-04,2023-09-05,Inbound - Content,Omitted,False,True,CompetitorB,Timing,60,,New Business,2023-09-05T00:00:00
3009,600,1,Nexus Labs - Additional Seats,Qualification,12114,2021-06-04,2021-02-08,Event,Best Case,False,False,CompetitorE,,8,POC setup,Expansion,2021-02-08T00:00:00
3010,83,8,Zenith Networks - New Business,Discovery,15986,2025-03-07,2024-12-08,Inbound - Web,Pipeline,False,False,CompetitorC,,4,POC setup,New Business,2024-12-08T00:00:00
3011,975,1,Quantum Holdings - New Business,Qualification,35026,2025-04-24,2024-11-16,Product-Led,Best Case,False,False,,,20,Executive alignment,New Business,2024-11-16T00:00:00
3012,354,13,Velocity Dynamics - Platform Deal,Discovery,26639,2025-04-14,2024-11-17,Partner Referral,Pipeline,False,False,,,78,,New Business,2024-11-17T00:00:00
3013,549,6,Velocity Platforms - New Business,Proposal,42309,2025-06-21,2024-11-26,Outbound - AE,Best Case,False,False,Open Source Alternative,,24,POC setup,New Business,2024-11-26T00:00:00
3014,404,4,Catalyst Technologies - Initial License,Qualification,197444,2024-12-19,2024-10-31,Inbound - Web,Best Case,False,False,,,13,Reference call,New Business,2024-10-31T00:00:00
3015,544,15,Horizon Platforms - Platform Deal,Prospecting,37623,2024-12-22,2024-10-04,Event,Pipeline,False,False,CompetitorC,,18,Technical review,New Business,2024-10-04T00:00:00
3016,348,11,Vanguard Solutions - New Business,Negotiation,54880,2025-06-20,2024-11-22,Outbound - SDR,Commit,False,False,CompetitorA,,61,Reference call,New Business,2024-11-22T00:00:00
3017,300,10,Vanguard Services - Platform Deal,Prospecting,50202,2025-02-04,2024-07-03,Outbound - AE,Pipeline,False,False,CompetitorD,,41,,New Business,2024-07-03T00:00:00
3018,331,12,Vertex Services - New Business,Closed Lost,98285,2022-11-16,2022-10-03,,Omitted,False,True,CompetitorC,Champion Left,12,,New Business,2022-10-03T00:00:00
3019,328,11,Nexus Dynamics - New Business,Prospecting,150132,2024-09-21,2024-07-31,Webinar,Pipeline,False,False,CompetitorD,,40,Contract signing,New Business,2024-07-31T00:00:00
3020,849,13,Nexus Software - Platform Deal,Prospecting,21432,2023-03-16,2023-01-15,Outbound - AE,Pipeline,False,False,,,65,,New Business,2023-01-15T00:00:00
3021,317,11,Vertex Systems - Platform Deal,Closed Won,9384,2022-10-06,2022-06-09,Event,Closed,True,True,CompetitorA,,62,,New Business,2022-06-09T00:00:00
3022,375,8,Pinnacle Labs - Initial License,Closed Won,139140,2024-12-23,2024-06-03,Webinar,Closed,True,True,Open Source Alternative,,60,,New Business,2024-06-03T00:00:00
3023,354,8,Velocity Dynamics - New Business,Closed Lost,9510,2024-12-20,2024-08-05,Webinar,Omitted,False,True,Open Source Alternative,Price,10,,New Business,2024-08-05T00:00:00
3024,823,2,Synergy Software - Initial License,Qualification,205414,2025-01-22,2024-11-19,Product-Led,Best Case,False,False,CompetitorB,,45,Schedule demo,New Business,2024-11-19T00:00:00
3025,111,11,Pinnacle Partners - Initial License,Closed Lost,209956,2024-07-16,2024-07-21,Webinar,Omitted,False,True,Open Source Alternative,Feature Gap,60,,New Business,2024-07-21T00:00:00
3026,435,3,Nexus Technologies - New Business,Negotiation,170063,2022-10-27,2022-06-02,Inbound - Content,Commit,False,False,,,30,Send proposal,New Business,2022-06-02T00:00:00
3027,404,4,Catalyst Technologies - Platform Deal,Prospecting,52477,2025-01-27,2024-12-06,,Pipeline,False,False,,,7,Schedule demo,New Business,2024-12-06T00:00:00
3028,466,15,Summit Analytics - New Business,Discovery,84831,2025-04-26,2024-12-15,Inbound - Web,Pipeline,False,False,Open Source Alternative,,9,Legal review,New Business,2024-12-15T00:00:00
3029,15,6,Nexus Inc - Platform Deal,Closed Lost,20760,2024-08-21,2024-05-14,Inbound - Web,Omitted,False,True,CompetitorD,Competitor,3,,New Business,2024-05-14T00:00:00
3030,466,15,Summit Analytics - Platform Deal,Qualification,102788,2025-03-30,2024-07-15,Outbound - AE,Best Case,False,False,CompetitorD,,63,Schedule demo,New Business,2024-07-15T00:00:00
3031,756,15,Acme Technologies - Platform Deal,Discovery,37077,2023-04-15,2023-01-28,Webinar,Pipeline,False,False,CompetitorD,,55,Schedule demo,New Business,2023-01-28T00:00:00
3032,53,16,Fusion Digital - Platform Deal,Negotiation,73631,2022-02-08,2021-09-20,Outbound - SDR,Commit,False,False,CompetitorD,,59,Contract signing,New Business,2021-09-20T00:00:00
3033,122,4,Global Services - New Business,Qualification,33293,2024-07-11,2024-06-06,Inbound - Web,Best Case,False,False,CompetitorB,,13,Executive alignment,New Business,2024-06-06T00:00:00
3034,647,1,Zenith Technologies - New Business,Closed Lost,25879,2023-05-15,2023-04-11,Partner Referral,Omitted,False,True,CompetitorA,Budget Cut,33,,New Business,2023-04-11T00:00:00
3035,167,15,Optima Platforms - Initial License,Proposal,18058,2025-03-01,2024-12-29,Event,Best Case,False,False,,,35,Executive alignment,New Business,2024-12-29T00:00:00
3036,601,9,Quantum Holdings - Platform Deal,Qualification,199537,2025-02-14,2024-10-07,Product-Led,Best Case,False,False,CompetitorC,,69,,New Business,2024-10-07T00:00:00
3037,504,11,Acme Holdings - Platform Deal,Qualification,43025,2023-05-10,2023-01-07,Inbound - Web,Best Case,False,False,,,9,Legal review,New Business,2023-01-07T00:00:00
3038,132,8,Fusion Digital - Upsell,Prospecting,54262,2022-09-27,2022-04-10,Product-Led,Pipeline,False,False,CompetitorC,,59,Technical review,Expansion,2022-04-10T00:00:00
3039,671,1,Vanguard Technologies - Platform Deal,Closed Won,,2023-05-11,2023-01-23,Outbound - AE,Closed,True,True,,,34,,New Business,2023-01-23T00:00:00
3040,198,2,Catalyst Inc - Platform Deal,Closed Won,,2024-12-31,2024-12-22,Partner Referral,Closed,True,True,,,18,,New Business,2024-12-22T00:00:00
3041,39,2,Acme Software - Platform Deal,Prospecting,185796,2024-12-23,2024-05-08,Partner Referral,Pipeline,False,False,,,2,Send proposal,New Business,2024-05-08T00:00:00
3042,262,4,Zenith Group - Platform Deal,Closed Lost,15434,2023-01-10,2022-12-10,Outbound - AE,Omitted,False,True,CompetitorD,Budget Cut,30,,New Business,2022-12-10T00:00:00
3043,710,15,Quantum Enterprises - Platform Deal,Qualification,46720,2025-06-17,2024-11-13,Inbound - Web,Best Case,False,False,CompetitorE,,18,,New Business,2024-11-13T00:00:00
3044,461,6,Atlas Software - Initial License,Discovery,789754,2023-07-12,2023-01-29,Product-Led,Pipeline,False,False,,,49,Technical review,New Business,2023-01-29T00:00:00
3045,92,8,Acme Labs - Platform Deal,Proposal,34658,2024-03-09,2023-09-21,,Best Case,False,False,,,50,Technical review,New Business,2023-09-21T00:00:00
3046,707,3,Velocity Analytics - Platform Deal,Discovery,17503,2024-11-17,2024-03-20,Outbound - AE,Pipeline,False,False,,,28,Send proposal,New Business,2024-03-20T00:00:00
3047,719,1,Quantum Corp - Platform Deal,Qualification,29002,2024-12-16,2024-04-28,,Best Case,False,False,Open Source Alternative,,11,POC setup,New Business,2024-04-28T00:00:00
3048,785,4,Elevate Digital - Initial License,Closed Lost,40504,2022-01-07,2021-11-01,Event,Omitted,False,True,,Price,3,,New Business,2021-11-01T00:00:00
3049,819,15,Velocity Enterprises - Platform Deal,Closed Lost,23978,2024-09-13,2024-06-21,Webinar,Omitted,False,True,CompetitorC,No Decision,30,,New Business,2024-06-21T00:00:00
3050,1000,7,Fusion Holdings - New Business,Prospecting,31872,2022-05-11,2022-03-05,Webinar,Pipeline,False,False,Open Source Alternative,,59,Technical review,New Business,2022-03-05T00:00:00
3051,14,7,Pacific Enterprises - New Business,Closed Lost,34764,2024-08-03,2024-06-24,,Omitted,False,True,Open Source Alternative,Competitor,57,,New Business,2024-06-24T00:00:00
3052,818,14,Pacific Systems - Platform Deal,Closed Lost,50790,2024-09-26,2024-03-20,Outbound - AE,Omitted,False,True,CompetitorC,Lost to Status Quo,10,,New Business,2024-03-20T00:00:00
3053,125,7,Acme Platforms - Initial License,Closed Won,46132,2022-07-08,2022-04-03,Inbound - Web,Closed,True,True,,,39,,New Business,2022-04-03T00:00:00
3054,48,1,Vertex Inc - New Business,Discovery,67835,2023-04-21,2022-12-03,Product-Led,Pipeline,False,False,CompetitorE,,2,,New Business,2022-12-03T00:00:00
3055,243,4,Zenith Digital - Initial License,Qualification,25076,2023-09-20,2023-08-10,Inbound - Web,Best Case,False,False,Open Source Alternative,,34,,New Business,2023-08-10T00:00:00
3056,185,4,Synergy Software - Platform Deal,Discovery,88870,2025-05-27,2024-10-02,,Pipeline,False,False,Open Source Alternative,,58,POC setup,New Business,2024-10-02T00:00:00
3057,898,16,Vanguard Holdings - Platform Deal,Closed Lost,15735,2024-12-19,2024-10-01,Event,Omitted,False,True,,Feature Gap,53,,New Business,2024-10-01T00:00:00
3058,515,14,Vertex Software - New Business,Closed Lost,54553,2024-09-18,2024-07-25,Product-Led,Omitted,False,True,CompetitorE,Price,74,,New Business,2024-07-25T00:00:00
3059,163,9,Nexus Inc - New Business,Closed Lost,72024,2024-10-03,2024-04-07,Product-Led,Omitted,False,True,CompetitorB,Feature Gap,8,,New Business,2024-04-07T00:00:00
2282,732,13,Vertex Partners - Initial License,Closed Lost,19038,2024-12-28,2024-09-07,Inbound - Content,Omitted,False,True,CompetitorE,Champion Left,68,,New Business,2024-09-07T00:00:00
3061,794,7,Pacific Enterprises - New Business,Closed Lost,425114,2024-12-31,2024-10-21,,Omitted,False,True,CompetitorB,No Decision,47,,New Business,2024-10-21T00:00:00
3062,775,12,Nexus Partners - Platform Deal,Qualification,68160,2024-11-21,2024-06-10,Outbound - AE,Best Case,False,False,CompetitorC,,19,POC setup,New Business,2024-06-10T00:00:00
3063,425,7,Pinnacle Partners - Initial License,Discovery,44842,2025-07-19,2024-11-03,,Pipeline,False,False,CompetitorA,,57,,New Business,2024-11-03T00:00:00
3064,845,7,Velocity Corp - New Business,Discovery,127915,2022-11-23,2022-04-11,Product-Led,Pipeline,False,False,CompetitorD,,8,Technical review,New Business,2022-04-11T00:00:00
3065,936,2,Summit Enterprises - Platform Deal,Qualification,68710,2024-07-29,2023-12-10,Webinar,Best Case,False,False,CompetitorB,,18,Executive alignment,New Business,2023-12-10T00:00:00
3066,43,16,Velocity Corp - New Business,Qualification,20073,2023-11-05,2023-03-02,Outbound - SDR,Best Case,False,False,CompetitorB,,54,Technical review,New Business,2023-03-02T00:00:00
3067,699,16,Vertex Analytics - Platform Deal,Proposal,15225,2025-09-02,2024-12-06,,Best Case,False,False,,,62,Contract signing,New Business,2024-12-06T00:00:00
3068,144,14,Apex Holdings - New Business,Discovery,206767,2024-10-24,2024-08-14,Inbound - Content,Pipeline,False,False,,,4,Executive alignment,New Business,2024-08-14T00:00:00
3069,746,8,Atlas Services - New Business,Negotiation,121939,2024-08-05,2024-05-01,Outbound - SDR,Commit,False,False,CompetitorD,,33,Send proposal,New Business,2024-05-01T00:00:00
3070,313,6,Global Solutions - New Business,Proposal,,2025-03-25,2024-09-09,Webinar,Best Case,False,False,CompetitorE,,54,Reference call,New Business,2024-09-09T00:00:00
3071,971,3,Nova Enterprises - Platform Deal,Closed Lost,219330,2024-07-10,2024-03-13,Product-Led,Omitted,False,True,CompetitorA,Lost to Status Quo,20,,New Business,2024-03-13T00:00:00
3072,158,14,Pinnacle Holdings - Initial License,Qualification,52778,2024-10-12,2024-02-18,Partner Referral,Best Case,False,False,,,51,,New Business,2024-02-18T00:00:00
3073,215,14,Acme Solutions - Initial License,Discovery,116860,2024-02-18,2023-09-02,Inbound - Web,Pipeline,False,False,CompetitorA,,46,,New Business,2023-09-02T00:00:00
3074,465,11,Pacific Corp - Platform Deal,Qualification,181615,2025-02-01,2024-11-17,Webinar,Best Case,False,False,CompetitorE,,44,Contract signing,New Business,2024-11-17T00:00:00
3075,903,7,Nova Enterprises - Upsell,Prospecting,62549,2025-04-05,2024-11-03,Product-Led,Pipeline,False,False,Open Source Alternative,,55,Legal review,Expansion,2024-11-03T00:00:00
3076,479,9,Global Analytics - Platform Deal,Closed Won,23092,2024-07-01,2023-12-10,Inbound - Content,Closed,True,True,CompetitorE,,24,,New Business,2023-12-10T00:00:00
3077,449,13,Fusion Systems - Platform Deal,Discovery,34820,2023-10-31,2023-04-21,Partner Referral,Pipeline,False,False,,,22,Contract signing,New Business,2023-04-21T00:00:00
3078,220,9,Horizon Partners - Initial License,Qualification,226288,2025-03-03,2024-08-15,Outbound - SDR,Best Case,False,False,CompetitorB,,55,Legal review,New Business,2024-08-15T00:00:00
3079,84,10,Synergy Platforms - New Business,Qualification,22154,2023-08-28,2023-07-02,,Best Case,False,False,CompetitorA,,30,Send proposal,New Business,2023-07-02T00:00:00
3080,826,3,Synergy Holdings - Initial License,Discovery,29127,2024-06-03,2024-03-02,Partner Referral,Pipeline,False,False,CompetitorD,,36,Reference call,New Business,2024-03-02T00:00:00
3081,70,9,Velocity Digital - Platform Deal,Closed Lost,29202,2024-09-24,2024-04-09,Outbound - AE,Omitted,False,True,CompetitorE,No Decision,21,,New Business,2024-04-09T00:00:00
3082,726,4,Zenith Dynamics - New Business,Negotiation,28946,2024-04-20,2024-02-15,Inbound - Web,Commit,False,False,CompetitorD,,45,Reference call,New Business,2024-02-15T00:00:00
3083,397,10,Horizon Inc - Initial License,Discovery,14598,2021-05-09,2021-02-25,Outbound - AE,Pipeline,False,False,CompetitorB,,2,POC setup,New Business,2021-02-25T00:00:00
3084,239,11,Catalyst Analytics - Initial License,Discovery,67705,2025-04-06,2024-08-02,Outbound - AE,Pipeline,False,False,,,43,Contract signing,New Business,2024-08-02T00:00:00
3085,666,8,Atlas Systems - New Business,Discovery,189194,2024-06-04,2023-12-12,Inbound - Web,Pipeline,False,False,,,28,Schedule demo,New Business,2023-12-12T00:00:00
3086,820,11,Vanguard Systems - Platform Deal,Prospecting,9845,2025-03-07,2024-12-29,Webinar,Pipeline,False,False,CompetitorD,,1,Schedule demo,New Business,2024-12-29T00:00:00
2286,899,16,Nova Platforms - Initial License,Prospecting,6991,2022-08-14,2022-01-13,Outbound - SDR,Pipeline,False,False,,,60,Legal review,New Business,2022-01-13T00:00:00
3088,759,1,Quantum Services - Platform Deal,Closed Won,1046515,2021-12-25,2021-07-01,Event,Closed,True,True,,,18,,New Business,2021-07-01T00:00:00
3089,497,11,Vertex Services - Initial License,Qualification,,2024-11-05,2024-09-26,Outbound - AE,Best Case,False,False,,,19,Executive alignment,New Business,2024-09-26T00:00:00
3090,687,6,Nova Networks - Platform Deal,Proposal,30895,2025-01-25,2024-08-13,Partner Referral,Best Case,False,False,CompetitorA,,27,Schedule demo,New Business,2024-08-13T00:00:00
3091,700,12,Catalyst Networks - New Business,Closed Won,41248,2024-12-31,2024-08-25,Outbound - SDR,Closed,True,True,CompetitorA,,25,,New Business,2024-08-25T00:00:00
3092,946,12,Synergy Systems - Platform Deal,Prospecting,24585,2024-04-20,2023-09-25,,Pipeline,False,False,CompetitorE,,6,Schedule demo,New Business,2023-09-25T00:00:00
3093,702,16,Pacific Systems - Renewal,Closed Won,23971,2024-12-31,2024-12-03,Webinar,Closed,True,True,CompetitorC,,1,,Renewal,2024-12-03T00:00:00
3094,781,3,Apex Enterprises - New Business,Proposal,7192,2023-12-18,2023-08-07,Event,Best Case,False,False,CompetitorD,,12,Executive alignment,New Business,2023-08-07T00:00:00
3095,572,7,Synergy Digital - Platform Deal,Closed Won,63307,2023-09-16,2023-03-09,Partner Referral,Closed,True,True,CompetitorC,,5,,New Business,2023-03-09T00:00:00
3096,893,4,Atlas Inc - New Business,Qualification,,2025-05-04,2024-09-16,Event,Best Case,False,False,CompetitorC,,7,Technical review,New Business,2024-09-16T00:00:00
3097,686,6,Horizon Platforms - Platform Deal,Prospecting,39576,2023-06-29,2022-10-11,,Pipeline,False,False,Open Source Alternative,,7,Legal review,New Business,2022-10-11T00:00:00
3098,222,8,Pinnacle Corp - New Business,Closed Lost,39368,2023-12-17,2023-05-08,Webinar,Omitted,False,True,CompetitorD,Timing,45,,New Business,2023-05-08T00:00:00
3099,69,5,Fusion Services - Platform Deal,Closed Won,56416,2024-12-31,2024-12-16,Webinar,Closed,True,True,CompetitorE,,39,,New Business,2024-12-16T00:00:00
3100,686,6,Horizon Platforms - New Business,Closed Lost,11265,2021-12-16,2021-07-19,Outbound - SDR,Omitted,False,True,CompetitorE,Competitor,26,,New Business,2021-07-19T00:00:00
3101,882,9,Apex Group - Platform Deal,Closed Lost,65420,2024-01-20,2023-09-23,Outbound - SDR,Omitted,False,True,,Lost to Status Quo,21,,New Business,2023-09-23T00:00:00
3102,470,1,Acme Networks - New Business,Negotiation,368131,2023-11-25,2023-07-04,Inbound - Web,Commit,False,False,CompetitorA,,44,POC setup,New Business,2023-07-04T00:00:00
3103,219,1,Synergy Labs - Initial License,Closed Lost,815741,2022-03-26,2021-10-21,Event,Omitted,False,True,CompetitorD,Price,18,,New Business,2021-10-21T00:00:00
3104,915,15,Nova Inc - New Business,Discovery,22915,2025-01-19,2024-08-11,Inbound - Web,Pipeline,False,False,CompetitorE,,37,Send proposal,New Business,2024-08-11T00:00:00
3105,690,4,Synergy Technologies - Platform Deal,Qualification,44503,2024-01-10,2023-11-25,Inbound - Content,Best Case,False,False,CompetitorE,,46,Legal review,New Business,2023-11-25T00:00:00
3106,910,2,Zenith Software - New Business,Discovery,7136,2024-02-11,2023-09-22,Inbound - Content,Pipeline,False,False,,,44,Technical review,New Business,2023-09-22T00:00:00
3107,199,12,Velocity Group - New Business,Closed Lost,,2023-03-12,2022-09-08,Outbound - AE,Omitted,False,True,,Feature Gap,40,,New Business,2022-09-08T00:00:00
3108,446,14,Summit Networks - Upsell,Discovery,11909,2023-09-02,2023-03-22,Outbound - AE,Pipeline,False,False,,,53,,Expansion,2023-03-22T00:00:00
3109,76,2,Optima Solutions - New Business,Prospecting,8198,2025-05-08,2024-09-18,Webinar,Pipeline,False,False,,,29,Technical review,New Business,2024-09-18T00:00:00
3110,898,16,Vanguard Holdings - Initial License,Qualification,42295,2025-06-30,2024-11-01,Event,Best Case,False,False,CompetitorA,,31,Executive alignment,New Business,2024-11-01T00:00:00
3111,591,7,Catalyst Corp - Initial License,Prospecting,152266,2024-06-02,2024-01-19,Partner Referral,Pipeline,False,False,CompetitorB,,17,POC setup,New Business,2024-01-19T00:00:00
3112,166,7,Pinnacle Inc - Initial License,Negotiation,41825,2022-02-01,2021-10-18,Outbound - AE,Commit,False,False,,,42,Legal review,New Business,2021-10-18T00:00:00
3113,236,1,Apex Software - Platform Deal,Discovery,22785,2024-09-19,2024-04-01,Outbound - AE,Pipeline,False,False,CompetitorC,,26,Contract signing,New Business,2024-04-01T00:00:00
3114,269,14,Optima Digital - Initial License,Closed Lost,40957,2024-12-16,2024-05-13,Inbound - Web,Omitted,False,True,CompetitorC,Price,47,,New Business,2024-05-13T00:00:00
3115,221,16,Vertex Networks - Initial License,Closed Lost,74521,2024-12-31,2024-08-26,Inbound - Web,Omitted,False,True,CompetitorB,Feature Gap,54,,New Business,2024-08-26T00:00:00
3116,792,13,Elevate Services - Initial License,Discovery,39672,2025-07-12,2024-12-12,,Pipeline,False,False,CompetitorE,,57,Technical review,New Business,2024-12-12T00:00:00
3117,889,8,Summit Technologies - Initial License,Qualification,757551,2025-02-20,2024-06-24,Product-Led,Best Case,False,False,CompetitorA,,57,,New Business,2024-06-24T00:00:00
3118,759,1,Quantum Services - New Business,Qualification,676428,2023-08-10,2022-12-27,Product-Led,Best Case,False,False,,,7,Send proposal,New Business,2022-12-27T00:00:00
486,179,5,Quantum Dynamics - Platform Deal,Qualification,60268,2020-11-19,2020-05-05,Inbound - Web,Best Case,False,False,CompetitorA,,1,Legal review,New Business,2020-05-05T00:00:00
3120,772,6,Summit Partners - Platform Deal,Prospecting,41865,2022-06-25,2022-01-11,Inbound - Content,Pipeline,False,False,CompetitorE,,13,Executive alignment,New Business,2022-01-11T00:00:00
3121,374,2,Pinnacle Enterprises - Platform Deal,Discovery,44963,2023-08-29,2023-05-18,Webinar,Pipeline,False,False,,,3,Reference call,New Business,2023-05-18T00:00:00
3122,724,10,Synergy Technologies - Platform Deal,Proposal,37225,2025-07-27,2024-12-27,Partner Referral,Best Case,False,False,CompetitorB,,10,Technical review,New Business,2024-12-27T00:00:00
3123,288,15,Quantum Enterprises - Initial License,Negotiation,13819,2025-05-19,2024-10-04,Outbound - SDR,Commit,False,False,CompetitorE,,29,Reference call,New Business,2024-10-04T00:00:00
3124,66,3,Velocity Software - Platform Deal,Discovery,339417,2025-01-25,2024-08-24,Inbound - Content,Pipeline,False,False,CompetitorC,,11,Technical review,New Business,2024-08-24T00:00:00
3125,921,6,Pacific Holdings - Platform Deal,Prospecting,5245,2025-07-16,2024-12-01,Webinar,Pipeline,False,False,,,10,Reference call,New Business,2024-12-01T00:00:00
3126,842,6,Velocity Partners - Initial License,Discovery,157712,2021-01-30,2020-11-28,Outbound - AE,Pipeline,False,False,CompetitorB,,43,Technical review,New Business,2020-11-28T00:00:00
3127,188,13,Apex Dynamics - Initial License,Closed Lost,36729,2021-02-23,2021-01-21,Inbound - Content,Omitted,False,True,CompetitorE,Budget Cut,12,,New Business,2021-01-21T00:00:00
3128,369,15,Pacific Solutions - Contract Renewal,Proposal,18891,2025-05-16,2024-08-24,Event,Best Case,False,False,Open Source Alternative,,23,Send proposal,Renewal,2024-08-24T00:00:00
3129,546,7,Velocity Inc - New Business,Closed Lost,561835,2024-11-17,2024-07-09,Event,Omitted,False,True,Open Source Alternative,Price,46,,New Business,2024-07-09T00:00:00
3130,83,15,Zenith Networks - New Business,Proposal,22531,2025-01-19,2024-11-19,,Best Case,False,False,,,41,Send proposal,New Business,2024-11-19T00:00:00
3131,745,10,Vanguard Software - Platform Deal,Qualification,22837,2024-07-29,2024-05-17,Partner Referral,Best Case,False,False,CompetitorD,,22,Executive alignment,New Business,2024-05-17T00:00:00
3132,741,6,Vertex Inc - Initial License,Qualification,10625,2024-09-06,2024-01-12,Webinar,Best Case,False,False,CompetitorD,,3,Contract signing,New Business,2024-01-12T00:00:00
3133,333,6,Apex Networks - Platform Deal,Discovery,190807,2024-04-09,2023-12-21,Inbound - Content,Pipeline,False,False,CompetitorB,,28,Send proposal,New Business,2023-12-21T00:00:00
3134,52,5,Fusion Inc - Upsell,Closed Won,17370,2023-06-28,2023-01-24,Inbound - Content,Closed,True,True,CompetitorB,,38,,Expansion,2023-01-24T00:00:00
3135,190,11,Pinnacle Digital - New Business,Closed Lost,236693,2021-03-22,2021-02-26,Outbound - AE,Omitted,False,True,CompetitorB,Lost to Status Quo,19,,New Business,2021-02-26T00:00:00
3136,306,11,Synergy Corp - Initial License,Qualification,33277,2022-12-10,2022-03-17,Partner Referral,Best Case,False,False,CompetitorE,,7,Reference call,New Business,2022-03-17T00:00:00
3137,856,8,Nova Services - Platform Deal,Proposal,122953,2023-05-27,2022-09-01,Event,Best Case,False,False,CompetitorB,,37,Reference call,New Business,2022-09-01T00:00:00
3138,571,11,Pinnacle Systems - New Business,Discovery,13985,2023-07-02,2023-03-26,Inbound - Web,Pipeline,False,False,CompetitorD,,45,Legal review,New Business,2023-03-26T00:00:00
3139,405,14,Global Networks - Platform Deal,Qualification,30389,2025-08-19,2024-12-08,Webinar,Best Case,False,False,Open Source Alternative,,13,,New Business,2024-12-08T00:00:00
3140,901,13,Acme Corp - New Business,Negotiation,23284,2024-02-17,2023-10-21,Inbound - Web,Commit,False,False,,,47,,New Business,2023-10-21T00:00:00
3141,979,10,Optima Enterprises - New Business,Proposal,155818,2025-07-15,2024-12-10,Outbound - SDR,Best Case,False,False,,,18,Send proposal,New Business,2024-12-10T00:00:00
3142,260,12,Nova Services - Renewal,Prospecting,17143,2024-01-29,2023-12-21,Partner Referral,Pipeline,False,False,CompetitorE,,56,Contract signing,Renewal,2023-12-21T00:00:00
3143,192,6,Apex Services - Additional Seats,Closed Lost,26839,2024-12-21,2024-10-12,Outbound - SDR,Omitted,False,True,CompetitorB,Timing,42,,Expansion,2024-10-12T00:00:00
3144,461,9,Atlas Software - New Business,Closed Lost,58471,2022-05-13,2022-03-03,Event,Omitted,False,True,CompetitorA,Lost to Status Quo,35,,New Business,2022-03-03T00:00:00
3145,458,8,Optima Group - Platform Deal,Closed Lost,31137,2024-12-31,2024-12-23,Webinar,Omitted,False,True,,Competitor,24,,New Business,2024-12-23T00:00:00
3146,915,15,Nova Inc - Initial License,Closed Won,41322,2024-12-31,2024-09-08,Outbound - AE,Closed,True,True,Open Source Alternative,,8,,New Business,2024-09-08T00:00:00
3147,234,11,Elevate Platforms - New Business,Qualification,192591,2022-12-01,2022-07-09,Webinar,Best Case,False,False,CompetitorE,,20,Legal review,New Business,2022-07-09T00:00:00
3148,127,9,Pinnacle Platforms - New Business,Prospecting,22892,2025-02-10,2024-09-01,Inbound - Content,Pipeline,False,False,,,62,Send proposal,New Business,2024-09-01T00:00:00
3149,937,15,Zenith Inc - New Business,Proposal,25441,2024-10-08,2024-03-10,Inbound - Web,Best Case,False,False,,,2,POC setup,New Business,2024-03-10T00:00:00
3150,746,10,Atlas Services - Initial License,Prospecting,,2024-12-12,2024-06-14,Partner Referral,Pipeline,False,False,CompetitorE,,33,Contract signing,New Business,2024-06-14T00:00:00
3151,415,7,Elevate Analytics - Platform Deal,Closed Lost,11057,2024-12-31,2024-12-07,Webinar,Omitted,False,True,CompetitorE,No Decision,7,,New Business,2024-12-07T00:00:00
3152,518,1,Velocity Solutions - Platform Deal,Discovery,27285,2024-06-07,2024-01-08,Inbound - Content,Pipeline,False,False,CompetitorA,,30,,New Business,2024-01-08T00:00:00
2378,478,12,Elevate Corp - Initial License,Qualification,28988,2025-04-09,2024-10-09,Partner Referral,Best Case,False,False,CompetitorC,,63,Executive alignment,New Business,2024-10-09T00:00:00
3154,536,11,Horizon Solutions - Initial License,Proposal,407618,2023-01-20,2022-12-15,Product-Led,Best Case,False,False,CompetitorC,,38,Contract signing,New Business,2022-12-15T00:00:00
3155,441,15,Nexus Enterprises - Initial License,Discovery,66604,2024-07-29,2023-12-01,Inbound - Web,Pipeline,False,False,CompetitorC,,20,Legal review,New Business,2023-12-01T00:00:00
3156,343,1,Velocity Networks - Upsell,Proposal,,2025-06-01,2024-09-14,Webinar,Best Case,False,False,,,45,POC setup,Expansion,2024-09-14T00:00:00
3157,477,13,Summit Software - Initial License,Discovery,41046,2024-12-23,2024-08-03,Product-Led,Pipeline,False,False,,,56,,New Business,2024-08-03T00:00:00
3158,507,9,Elevate Networks - Initial License,Closed Won,46307,2023-02-19,2022-11-17,Product-Led,Closed,True,True,CompetitorC,,16,,New Business,2022-11-17T00:00:00
3159,408,8,Acme Technologies - Initial License,Closed Lost,111356,2024-12-31,2024-12-08,Outbound - SDR,Omitted,False,True,CompetitorD,Feature Gap,1,,New Business,2024-12-08T00:00:00
3160,938,5,Synergy Dynamics - Platform Deal,Closed Lost,6900,2024-12-31,2024-12-14,,Omitted,False,True,CompetitorB,Champion Left,36,,New Business,2024-12-14T00:00:00
1883,689,2,Catalyst Partners - Platform Deal,Discovery,91572,2025-03-02,2024-10-06,Event,Pipeline,False,False,,,36,Reference call,New Business,2024-10-06T00:00:00
3162,777,11,Horizon Digital - New Business,Prospecting,85584,2023-05-08,2023-03-23,Webinar,Pipeline,False,False,CompetitorD,,36,Executive alignment,New Business,2023-03-23T00:00:00
3163,395,5,Nexus Networks - Initial License,Closed Lost,46457,2024-12-24,2024-11-01,Partner Referral,Omitted,False,True,CompetitorA,Price,45,,New Business,2024-11-01T00:00:00
3164,1000,14,Fusion Holdings - Initial License,Discovery,22541,2023-03-04,2022-12-29,Inbound - Web,Pipeline,False,False,CompetitorB,,61,Schedule demo,New Business,2022-12-29T00:00:00
3165,770,12,Pacific Corp - Initial License,Closed Lost,39474,2024-12-17,2024-10-22,Outbound - AE,Omitted,False,True,CompetitorD,No Decision,65,,New Business,2024-10-22T00:00:00
3166,16,6,Horizon Digital - Initial License,Closed Won,91147,2022-12-23,2022-06-07,Inbound - Content,Closed,True,True,Open Source Alternative,,14,,New Business,2022-06-07T00:00:00
3167,800,1,Nova Dynamics - Initial License,Closed Won,211244,2023-12-21,2023-09-25,Partner Referral,Closed,True,True,CompetitorE,,13,,New Business,2023-09-25T00:00:00
3168,261,9,Summit Partners - Contract Renewal,Prospecting,4966,2025-03-29,2024-12-04,Webinar,Pipeline,False,False,,,57,Executive alignment,Renewal,2024-12-04T00:00:00
3169,869,5,Catalyst Services - Platform Deal,Negotiation,33449,2023-05-22,2022-12-19,Outbound - AE,Commit,False,False,Open Source Alternative,,31,Reference call,New Business,2022-12-19T00:00:00
2257,305,2,Pacific Dynamics - Platform Deal,Discovery,162087,2024-09-02,2024-03-14,Partner Referral,Pipeline,False,False,CompetitorD,,38,,New Business,2024-03-14T00:00:00
3171,740,5,Quantum Networks - Expansion,Closed Won,20398,2022-06-17,2022-05-09,Inbound - Web,Closed,True,True,CompetitorA,,22,,Expansion,2022-05-09T00:00:00
3172,994,15,Nova Enterprises - Platform Deal,Closed Won,38967,2024-11-24,2024-08-29,Partner Referral,Closed,True,True,,,64,,New Business,2024-08-29T00:00:00
3173,160,2,Pacific Systems - New Business,Qualification,49751,2023-08-04,2023-01-03,Outbound - SDR,Best Case,False,False,,,40,Technical review,New Business,2023-01-03T00:00:00
3174,327,11,Horizon Inc - Initial License,Prospecting,36824,2023-05-25,2022-09-06,Inbound - Web,Pipeline,False,False,Open Source Alternative,,2,Legal review,New Business,2022-09-06T00:00:00
3175,398,7,Velocity Dynamics - New Business,Prospecting,91606,2025-06-13,2024-11-18,Inbound - Content,Pipeline,False,False,,,22,Technical review,New Business,2024-11-18T00:00:00
3176,805,9,Quantum Dynamics - Platform Deal,Closed Won,34947,2024-12-31,2024-12-23,Product-Led,Closed,True,True,,,17,,New Business,2024-12-23T00:00:00
3177,482,13,Pacific Analytics - New Business,Discovery,141799,2025-03-18,2024-09-18,Outbound - AE,Pipeline,False,False,CompetitorA,,73,Schedule demo,New Business,2024-09-18T00:00:00
3178,24,8,Quantum Systems - Platform Deal,Closed Lost,125985,2024-12-31,2024-11-25,Event,Omitted,False,True,CompetitorC,Budget Cut,21,,New Business,2024-11-25T00:00:00
3179,519,3,Summit Corp - Initial License,Proposal,,2023-06-03,2023-06-09,Outbound - AE,Best Case,False,False,Open Source Alternative,,28,Schedule demo,New Business,2023-06-09T00:00:00
3180,401,5,Global Platforms - Initial License,Closed Lost,161787,2024-12-17,2024-07-02,Inbound - Web,Omitted,False,True,CompetitorE,Timing,35,,New Business,2024-07-02T00:00:00
3181,533,12,Fusion Networks - Initial License,Closed Lost,148384,2024-08-31,2024-07-01,Webinar,Omitted,False,True,CompetitorC,Timing,10,,New Business,2024-07-01T00:00:00
3182,42,1,Fusion Solutions - Platform Deal,Proposal,115995,2025-03-11,2024-12-16,Partner Referral,Best Case,False,False,Open Source Alternative,,43,,New Business,2024-12-16T00:00:00
3183,269,9,Optima Digital - Initial License,Discovery,10379,2025-04-11,2024-11-27,Outbound - AE,Pipeline,False,False,,,46,Legal review,New Business,2024-11-27T00:00:00
3184,676,7,Horizon Networks - New Business,Closed Lost,35258,2023-08-21,2023-04-21,Event,Omitted,False,True,,Feature Gap,25,,New Business,2023-04-21T00:00:00
3185,390,8,Pinnacle Solutions - New Business,Negotiation,27929,2025-02-06,2024-11-23,Inbound - Content,Commit,False,False,CompetitorD,,56,Executive alignment,New Business,2024-11-23T00:00:00
3186,672,15,Synergy Solutions - Initial License,Qualification,11603,2025-05-29,2024-12-18,Outbound - AE,Best Case,False,False,Open Source Alternative,,45,Executive alignment,New Business,2024-12-18T00:00:00
3187,869,5,Catalyst Services - Initial License,Negotiation,108065,2023-06-01,2023-04-04,,Commit,False,False,Open Source Alternative,,22,POC setup,New Business,2023-04-04T00:00:00
3188,173,15,Global Systems - Platform Deal,Closed Lost,134570,2023-06-21,2022-10-19,Inbound - Web,Omitted,False,True,,Timing,1,,New Business,2022-10-19T00:00:00
3189,912,5,Nexus Networks - New Business,Discovery,111407,2025-04-05,2024-11-21,Inbound - Web,Pipeline,False,False,,,37,,New Business,2024-11-21T00:00:00
3190,584,1,Optima Platforms - New Business,Prospecting,26965,2025-03-02,2024-11-03,Inbound - Content,Pipeline,False,False,CompetitorB,,22,,New Business,2024-11-03T00:00:00
3191,611,2,Pacific Analytics - New Business,Qualification,43838,2025-03-03,2024-11-14,Inbound - Content,Best Case,False,False,CompetitorD,,38,Contract signing,New Business,2024-11-14T00:00:00
3192,110,9,Catalyst Dynamics - Initial License,Prospecting,20129,2025-01-24,2024-09-14,Inbound - Content,Pipeline,False,False,,,60,Executive alignment,New Business,2024-09-14T00:00:00
3193,719,12,Quantum Corp - Platform Deal,Proposal,24164,2022-04-01,2021-09-02,Webinar,Best Case,False,False,CompetitorA,,43,POC setup,New Business,2021-09-02T00:00:00
3194,869,2,Catalyst Services - New Business,Qualification,38095,2024-12-21,2024-05-13,Partner Referral,Best Case,False,False,CompetitorD,,36,Legal review,New Business,2024-05-13T00:00:00
3195,117,2,Elevate Digital - New Business,Qualification,59075,2025-01-31,2024-05-29,Product-Led,Best Case,False,False,CompetitorE,,22,POC setup,New Business,2024-05-29T00:00:00
3196,231,7,Global Corp - Contract Renewal,Qualification,771962,2025-03-09,2024-12-11,Inbound - Content,Best Case,False,False,,,31,Reference call,Renewal,2024-12-11T00:00:00
3197,661,15,Nexus Partners - Initial License,Closed Won,454064,2022-04-21,2022-03-15,Outbound - SDR,Closed,True,True,CompetitorB,,27,,New Business,2022-03-15T00:00:00
3198,669,2,Zenith Partners - Platform Deal,Discovery,596101,2024-02-20,2023-08-07,Event,Pipeline,False,False,Open Source Alternative,,28,Legal review,New Business,2023-08-07T00:00:00
3199,470,1,Acme Networks - Platform Deal,Qualification,436336,2024-08-07,2024-03-04,Webinar,Best Case,False,False,CompetitorB,,6,POC setup,New Business,2024-03-04T00:00:00
3200,277,12,Vanguard Digital - Additional Seats,Closed Lost,1356,2023-06-26,2023-02-08,Product-Led,Omitted,False,True,CompetitorB,No Decision,41,,Expansion,2023-02-08T00:00:00
3201,465,16,Pacific Corp - Platform Deal,Qualification,108071,2024-12-31,2024-11-14,Inbound - Web,Best Case,False,False,,,60,Executive alignment,New Business,2024-11-14T00:00:00
3202,571,8,Pinnacle Systems - New Business,Discovery,31495,2025-01-15,2024-12-10,Outbound - SDR,Pipeline,False,False,CompetitorB,,7,Schedule demo,New Business,2024-12-10T00:00:00
3203,683,9,Nova Platforms - Expansion,Proposal,18606,2022-11-10,2022-07-28,Partner Referral,Best Case,False,False,,,26,Schedule demo,Expansion,2022-07-28T00:00:00
3204,361,5,Velocity Inc - New Business,Closed Lost,30211,2024-09-22,2024-04-22,Inbound - Web,Omitted,False,True,,No Decision,18,,New Business,2024-04-22T00:00:00
3205,1,13,Elevate Networks - New Business,Discovery,25371,2025-02-20,2024-11-26,Product-Led,Pipeline,False,False,CompetitorD,,17,Send proposal,New Business,2024-11-26T00:00:00
3206,680,2,Pinnacle Systems - Platform Deal,Prospecting,367874,2024-12-24,2024-09-07,Webinar,Pipeline,False,False,CompetitorE,,31,Legal review,New Business,2024-09-07T00:00:00
3207,87,13,Elevate Holdings - Platform Deal,Closed Lost,71224,2024-06-17,2024-01-16,Webinar,Omitted,False,True,CompetitorD,Timing,66,,New Business,2024-01-16T00:00:00
3208,985,2,Vanguard Group - New Business,Closed Won,,2023-11-16,2023-08-26,Product-Led,Closed,True,True,CompetitorD,,6,,New Business,2023-08-26T00:00:00
3209,263,2,Nexus Inc - Initial License,Closed Lost,14248,2023-06-21,2023-03-08,Partner Referral,Omitted,False,True,CompetitorE,No Decision,44,,New Business,2023-03-08T00:00:00
3210,941,5,Apex Networks - Platform Deal,Closed Lost,8924,2024-02-06,2023-08-18,,Omitted,False,True,CompetitorC,Champion Left,47,,New Business,2023-08-18T00:00:00
3211,334,11,Summit Labs - Platform Deal,Discovery,32234,2025-08-02,2024-12-27,Partner Referral,Pipeline,False,False,CompetitorE,,57,Legal review,New Business,2024-12-27T00:00:00
3212,443,5,Zenith Analytics - Platform Deal,Qualification,7384,2024-11-18,2024-06-03,Webinar,Best Case,False,False,,,27,,New Business,2024-06-03T00:00:00
3213,10,13,Pacific Corp - New Business,Discovery,20053,2025-05-16,2024-10-02,Event,Pipeline,False,False,CompetitorB,,49,POC setup,New Business,2024-10-02T00:00:00
3214,589,7,Velocity Labs - New Business,Closed Lost,561808,2024-03-16,2024-01-05,Inbound - Web,Omitted,False,True,,No Decision,50,,New Business,2024-01-05T00:00:00
3215,244,10,Vertex Inc - Initial License,Qualification,12345,2024-12-30,2024-07-15,Inbound - Content,Best Case,False,False,,,43,Legal review,New Business,2024-07-15T00:00:00
3216,301,11,Horizon Partners - Initial License,Closed Lost,32490,2024-02-08,2023-07-23,Event,Omitted,False,True,CompetitorB,Timing,39,,New Business,2023-07-23T00:00:00
3217,397,10,Horizon Inc - Initial License,Prospecting,50722,2024-02-09,2023-07-07,Product-Led,Pipeline,False,False,CompetitorD,,38,Executive alignment,New Business,2023-07-07T00:00:00
3218,391,11,Global Software - Initial License,Closed Lost,,2024-12-31,2024-12-05,Product-Led,Omitted,False,True,Open Source Alternative,Competitor,60,,New Business,2024-12-05T00:00:00
3219,334,11,Summit Labs - New Business,Closed Lost,20682,2024-12-31,2024-12-08,Inbound - Content,Omitted,False,True,CompetitorA,Feature Gap,38,,New Business,2024-12-08T00:00:00
3220,426,6,Nexus Group - Initial License,Closed Lost,212434,2024-12-19,2024-09-06,Outbound - SDR,Omitted,False,True,CompetitorD,No Decision,54,,New Business,2024-09-06T00:00:00
3221,815,14,Quantum Dynamics - New Business,Prospecting,10050,2021-11-22,2021-06-08,Outbound - AE,Pipeline,False,False,,,52,POC setup,New Business,2021-06-08T00:00:00
3222,251,15,Nexus Enterprises - Platform Deal,Qualification,38139,2025-09-03,2024-12-14,Inbound - Content,Best Case,False,False,CompetitorB,,63,Legal review,New Business,2024-12-14T00:00:00
3223,253,12,Zenith Corp - Contract Renewal,Prospecting,13818,2024-03-28,2024-01-04,Webinar,Pipeline,False,False,,,25,Technical review,Renewal,2024-01-04T00:00:00
3224,165,11,Global Networks - Initial License,Prospecting,14034,2024-01-27,2023-12-03,Outbound - AE,Pipeline,False,False,CompetitorD,,29,Contract signing,New Business,2023-12-03T00:00:00
3225,817,10,Apex Services - Initial License,Closed Won,46404,2022-12-21,2022-05-01,Webinar,Closed,True,True,,,52,,New Business,2022-05-01T00:00:00
3226,690,9,Synergy Technologies - New Business,Prospecting,29518,2024-06-19,2023-11-17,Inbound - Content,Pipeline,False,False,,,64,POC setup,New Business,2023-11-17T00:00:00
3227,430,4,Atlas Networks - New Business,Closed Lost,40933,2024-12-31,2024-11-06,Webinar,Omitted,False,True,CompetitorA,Timing,3,,New Business,2024-11-06T00:00:00
3228,438,5,Pinnacle Technologies - New Business,Closed Won,177499,2023-03-22,2022-09-05,Product-Led,Closed,True,True,CompetitorB,,42,,New Business,2022-09-05T00:00:00
3229,576,13,Catalyst Software - Platform Deal,Proposal,,2024-04-15,2024-03-05,Outbound - AE,Best Case,False,False,CompetitorE,,3,,New Business,2024-03-05T00:00:00
3230,260,12,Nova Services - Upsell,Discovery,19311,2024-05-03,2024-02-14,Webinar,Pipeline,False,False,Open Source Alternative,,5,POC setup,Expansion,2024-02-14T00:00:00
3231,525,13,Catalyst Holdings - New Business,Prospecting,82253,2024-04-22,2024-03-22,Outbound - AE,Pipeline,False,False,,,59,,New Business,2024-03-22T00:00:00
3232,645,2,Zenith Enterprises - New Business,Discovery,47611,2023-08-04,2023-02-03,Event,Pipeline,False,False,CompetitorA,,18,Contract signing,New Business,2023-02-03T00:00:00
3233,416,13,Vertex Enterprises - Initial License,Discovery,52447,2024-03-14,2023-11-21,Partner Referral,Pipeline,False,False,CompetitorB,,36,,New Business,2023-11-21T00:00:00
3234,102,15,Apex Inc - Initial License,Proposal,627720,2025-02-18,2024-12-10,Event,Best Case,False,False,CompetitorE,,30,Executive alignment,New Business,2024-12-10T00:00:00
3235,113,5,Acme Services - Initial License,Discovery,34658,2025-02-23,2024-11-04,Outbound - AE,Pipeline,False,False,Open Source Alternative,,57,POC setup,New Business,2024-11-04T00:00:00
492,43,2,Velocity Corp - Platform Deal,Qualification,9945,2023-07-11,2023-01-21,Inbound - Web,Best Case,False,False,,,45,Schedule demo,New Business,2023-01-21T00:00:00
3237,388,13,Catalyst Analytics - Initial License,Qualification,,2024-09-29,2024-05-14,Inbound - Web,Best Case,False,False,CompetitorD,,28,Send proposal,New Business,2024-05-14T00:00:00
3238,67,4,Catalyst Corp - Contract Renewal,Qualification,12097,2024-12-06,2024-08-10,Webinar,Best Case,False,False,,,4,Schedule demo,Renewal,2024-08-10T00:00:00
3239,208,10,Vertex Enterprises - Initial License,Proposal,47992,2025-02-16,2024-10-23,Inbound - Content,Best Case,False,False,,,59,Schedule demo,New Business,2024-10-23T00:00:00
3240,368,11,Zenith Dynamics - New Business,Closed Won,63415,2024-05-08,2024-01-04,Inbound - Web,Closed,True,True,CompetitorE,,60,,New Business,2024-01-04T00:00:00
3241,35,8,Pinnacle Partners - Platform Deal,Discovery,10160,2023-10-29,2023-07-18,Partner Referral,Pipeline,False,False,CompetitorB,,2,POC setup,New Business,2023-07-18T00:00:00
3242,326,8,Atlas Networks - New Business,Closed Lost,234265,2022-04-08,2021-11-12,Webinar,Omitted,False,True,CompetitorA,Budget Cut,19,,New Business,2021-11-12T00:00:00
3243,494,12,Synergy Platforms - Initial License,Discovery,28780,2021-07-14,2021-04-08,Outbound - SDR,Pipeline,False,False,,,31,Legal review,New Business,2021-04-08T00:00:00
3244,282,15,Global Networks - New Business,Closed Lost,32996,2024-12-31,2024-09-20,Inbound - Content,Omitted,False,True,,Competitor,37,,New Business,2024-09-20T00:00:00
3245,418,12,Fusion Systems - Platform Deal,Qualification,31356,2020-12-21,2020-06-06,Outbound - AE,Best Case,False,False,,,54,Schedule demo,New Business,2020-06-06T00:00:00
3246,794,7,Pacific Enterprises - Platform Deal,Closed Lost,469337,2024-01-03,2023-07-26,Webinar,Omitted,False,True,Open Source Alternative,No Decision,47,,New Business,2023-07-26T00:00:00
3247,786,14,Quantum Solutions - New Business,Negotiation,23543,2024-07-16,2024-04-11,Webinar,Commit,False,False,CompetitorD,,8,,New Business,2024-04-11T00:00:00
3248,661,16,Nexus Partners - Additional Seats,Discovery,197058,2024-09-18,2024-04-27,Product-Led,Pipeline,False,False,Open Source Alternative,,21,Send proposal,Expansion,2024-04-27T00:00:00
3249,935,9,Summit Inc - New Business,Qualification,1098589,2022-05-19,2022-04-15,Event,Best Case,False,False,,,49,Send proposal,New Business,2022-04-15T00:00:00
3250,88,15,Elevate Inc - Platform Deal,Prospecting,47874,2024-06-13,2024-04-13,Inbound - Web,Pipeline,False,False,CompetitorA,,45,Schedule demo,New Business,2024-04-13T00:00:00
3251,778,2,Apex Digital - Initial License,Prospecting,218205,2024-05-26,2024-03-26,Inbound - Web,Pipeline,False,False,,,1,Send proposal,New Business,2024-03-26T00:00:00
3252,894,8,Pacific Solutions - Platform Deal,Qualification,90743,2025-03-25,2024-07-14,Inbound - Content,Best Case,False,False,Open Source Alternative,,5,Technical review,New Business,2024-07-14T00:00:00
3253,428,8,Nova Analytics - Initial License,Qualification,140684,2024-10-21,2024-06-09,Outbound - SDR,Best Case,False,False,CompetitorE,,47,Schedule demo,New Business,2024-06-09T00:00:00
3254,852,8,Synergy Solutions - Additional Seats,Qualification,77847,2024-12-11,2024-05-03,Partner Referral,Best Case,False,False,CompetitorA,,19,Contract signing,Expansion,2024-05-03T00:00:00
3255,984,2,Horizon Services - New Business,Prospecting,94141,2025-02-20,2024-11-05,Partner Referral,Pipeline,False,False,,,14,Contract signing,New Business,2024-11-05T00:00:00
3256,84,10,Synergy Platforms - New Business,Closed Won,5289,2024-08-20,2024-07-25,,Closed,True,True,Open Source Alternative,,68,,New Business,2024-07-25T00:00:00
3257,53,10,Fusion Digital - Initial License,Closed Won,108601,2024-12-26,2024-05-11,Event,Closed,True,True,CompetitorB,,44,,New Business,2024-05-11T00:00:00
3258,118,15,Global Systems - Platform Deal,Prospecting,112223,2024-10-04,2024-06-19,Event,Pipeline,False,False,CompetitorD,,10,Legal review,New Business,2024-06-19T00:00:00
3259,964,15,Elevate Networks - Platform Deal,Prospecting,154598,2023-12-20,2023-11-03,Outbound - SDR,Pipeline,False,False,,,52,Send proposal,New Business,2023-11-03T00:00:00
3260,262,5,Zenith Group - New Business,Prospecting,34845,2022-08-13,2022-03-18,,Pipeline,False,False,CompetitorC,,18,POC setup,New Business,2022-03-18T00:00:00
3261,117,2,Elevate Digital - Platform Deal,Qualification,109236,2021-04-07,2020-09-28,Outbound - AE,Best Case,False,False,,,13,Reference call,New Business,2020-09-28T00:00:00
3262,493,15,Optima Services - Platform Deal,Proposal,50927,2025-03-25,2024-11-29,Product-Led,Best Case,False,False,CompetitorD,,47,Schedule demo,New Business,2024-11-29T00:00:00
3263,396,7,Pinnacle Corp - New Business,Closed Lost,14927,2023-05-03,2022-11-19,Inbound - Content,Omitted,False,True,CompetitorB,Competitor,29,,New Business,2022-11-19T00:00:00
3264,801,12,Apex Dynamics - Platform Deal,Discovery,67594,2023-01-02,2023-01-14,Partner Referral,Pipeline,False,False,,,56,Executive alignment,New Business,2023-01-14T00:00:00
3265,953,8,Pinnacle Digital - Initial License,Closed Lost,,2024-03-30,2024-02-11,Inbound - Web,Omitted,False,True,CompetitorB,No Decision,39,,New Business,2024-02-11T00:00:00
382,967,5,Elevate Technologies - Renewal,Prospecting,25246,2022-08-06,2022-01-20,Outbound - SDR,Pipeline,False,False,CompetitorB,,35,,Renewal,2022-01-20T00:00:00
3267,452,2,Vertex Analytics - New Business,Closed Lost,72273,2024-04-10,2024-01-26,Event,Omitted,False,True,CompetitorA,Competitor,37,,New Business,2024-01-26T00:00:00
3268,57,15,Nexus Corp - Platform Deal,Closed Won,7451,2024-12-31,2024-11-15,Webinar,Closed,True,True,,,43,,New Business,2024-11-15T00:00:00
3269,357,7,Vertex Dynamics - New Business,Prospecting,40083,2023-02-13,2022-07-10,Event,Pipeline,False,False,,,50,POC setup,New Business,2022-07-10T00:00:00
3270,670,9,Atlas Partners - Initial License,Discovery,141628,2025-04-01,2024-12-16,Outbound - AE,Pipeline,False,False,CompetitorD,,63,Contract signing,New Business,2024-12-16T00:00:00
3271,932,3,Atlas Networks - New Business,Discovery,49574,2025-03-25,2024-07-20,Webinar,Pipeline,False,False,CompetitorD,,20,Technical review,New Business,2024-07-20T00:00:00
3272,602,5,Zenith Partners - New Business,Closed Lost,21149,2024-09-20,2024-03-16,Inbound - Web,Omitted,False,True,CompetitorC,Champion Left,42,,New Business,2024-03-16T00:00:00
3273,121,16,Summit Analytics - Initial License,Discovery,7941,2024-06-05,2024-01-16,Inbound - Content,Pipeline,False,False,,,41,POC setup,New Business,2024-01-16T00:00:00
3274,90,16,Vertex Solutions - New Business,Discovery,155980,2025-03-12,2024-12-02,Partner Referral,Pipeline,False,False,CompetitorD,,47,Executive alignment,New Business,2024-12-02T00:00:00
3275,892,13,Elevate Systems - New Business,Closed Lost,14480,2024-12-31,2024-11-06,Outbound - SDR,Omitted,False,True,CompetitorE,Feature Gap,54,,New Business,2024-11-06T00:00:00
3276,962,1,Velocity Inc - Upsell,Closed Lost,293929,2024-09-30,2024-05-31,Outbound - SDR,Omitted,False,True,CompetitorD,Feature Gap,22,,Expansion,2024-05-31T00:00:00
3277,863,13,Pacific Holdings - Initial License,Prospecting,51640,2024-07-16,2023-11-01,Event,Pipeline,False,False,,,26,Send proposal,New Business,2023-11-01T00:00:00
3278,868,11,Catalyst Networks - Initial License,Closed Lost,56919,2024-03-16,2023-09-04,Event,Omitted,False,True,CompetitorA,Budget Cut,42,,New Business,2023-09-04T00:00:00
3279,588,8,Pinnacle Solutions - Platform Deal,Closed Lost,11606,2024-03-27,2024-01-15,Partner Referral,Omitted,False,True,Open Source Alternative,Budget Cut,13,,New Business,2024-01-15T00:00:00
3280,483,10,Acme Dynamics - Initial License,Prospecting,49532,2023-11-03,2023-07-30,Inbound - Web,Pipeline,False,False,CompetitorD,,41,Send proposal,New Business,2023-07-30T00:00:00
3281,874,7,Quantum Services - Platform Deal,Closed Lost,143978,2024-03-24,2023-10-19,,Omitted,False,True,,Competitor,12,,New Business,2023-10-19T00:00:00
3282,551,3,Catalyst Inc - Platform Deal,Discovery,27940,2021-03-31,2020-11-12,Product-Led,Pipeline,False,False,CompetitorE,,38,Legal review,New Business,2020-11-12T00:00:00
3283,805,9,Quantum Dynamics - Contract Renewal,Prospecting,25090,2024-10-11,2024-02-13,Outbound - AE,Pipeline,False,False,CompetitorE,,45,Executive alignment,Renewal,2024-02-13T00:00:00
3284,480,6,Acme Solutions - New Business,Prospecting,187930,2023-12-25,2023-10-31,Outbound - SDR,Pipeline,False,False,CompetitorA,,2,,New Business,2023-10-31T00:00:00
3285,488,12,Nexus Technologies - Platform Deal,Prospecting,197106,2021-09-15,2021-08-11,Webinar,Pipeline,False,False,CompetitorE,,27,Legal review,New Business,2021-08-11T00:00:00
3286,463,3,Global Partners - Platform Deal,Prospecting,211999,2020-12-22,2020-11-16,,Pipeline,False,False,CompetitorE,,37,,New Business,2020-11-16T00:00:00
3287,181,12,Synergy Holdings - Initial License,Prospecting,104881,2025-04-18,2024-12-06,Partner Referral,Pipeline,False,False,CompetitorD,,24,Technical review,New Business,2024-12-06T00:00:00
3288,28,11,Zenith Technologies - Platform Deal,Closed Lost,28741,2021-06-22,2020-10-19,Webinar,Omitted,False,True,CompetitorB,No Decision,16,,New Business,2020-10-19T00:00:00
3289,93,12,Fusion Holdings - Platform Deal,Discovery,24685,2023-11-23,2023-05-14,Webinar,Pipeline,False,False,CompetitorA,,9,Legal review,New Business,2023-05-14T00:00:00
3290,102,15,Apex Inc - Platform Deal,Prospecting,585296,2024-09-28,2024-05-06,Webinar,Pipeline,False,False,CompetitorD,,18,Reference call,New Business,2024-05-06T00:00:00
3291,212,16,Nexus Partners - New Business,Qualification,27019,2025-02-28,2024-10-14,Product-Led,Best Case,False,False,CompetitorD,,38,Reference call,New Business,2024-10-14T00:00:00
3292,710,11,Quantum Enterprises - Platform Deal,Closed Lost,40185,2024-12-31,2024-10-27,Event,Omitted,False,True,CompetitorA,Competitor,9,,New Business,2024-10-27T00:00:00
3293,878,1,Catalyst Systems - Initial License,Discovery,869556,2023-06-17,2022-12-19,Outbound - AE,Pipeline,False,False,CompetitorC,,19,Executive alignment,New Business,2022-12-19T00:00:00
3294,997,10,Apex Inc - Platform Deal,Discovery,21029,2025-02-17,2024-09-27,Product-Led,Pipeline,False,False,Open Source Alternative,,28,,New Business,2024-09-27T00:00:00
3295,533,12,Fusion Networks - Initial License,Qualification,85074,2024-03-28,2024-01-08,Event,Best Case,False,False,CompetitorC,,35,POC setup,New Business,2024-01-08T00:00:00
3296,271,10,Global Labs - Initial License,Qualification,24761,2025-02-23,2024-08-08,Event,Best Case,False,False,,,23,Contract signing,New Business,2024-08-08T00:00:00
3297,986,2,Nexus Systems - Initial License,Closed Lost,127031,2021-11-14,2021-09-03,Outbound - SDR,Omitted,False,True,CompetitorE,Budget Cut,16,,New Business,2021-09-03T00:00:00
3298,773,11,Pinnacle Digital - Platform Deal,Proposal,206046,2025-06-18,2024-12-25,Partner Referral,Best Case,False,False,,,21,Technical review,New Business,2024-12-25T00:00:00
3299,387,4,Fusion Systems - Initial License,Prospecting,17127,2022-09-10,2022-05-12,Event,Pipeline,False,False,CompetitorB,,45,Technical review,New Business,2022-05-12T00:00:00
3300,639,5,Fusion Software - New Business,Discovery,67840,2024-06-07,2023-10-16,Product-Led,Pipeline,False,False,,,38,Reference call,New Business,2023-10-16T00:00:00
3301,349,12,Pacific Group - New Business,Prospecting,15592,2025-01-03,2024-10-13,Webinar,Pipeline,False,False,,,48,Executive alignment,New Business,2024-10-13T00:00:00
3302,654,6,Fusion Dynamics - Platform Deal,Prospecting,19415,2024-12-23,2024-08-22,Inbound - Content,Pipeline,False,False,CompetitorC,,18,Send proposal,New Business,2024-08-22T00:00:00
3303,773,10,Pinnacle Digital - New Business,Discovery,70441,2025-07-17,2024-12-04,Outbound - SDR,Pipeline,False,False,,,54,Executive alignment,New Business,2024-12-04T00:00:00
3304,573,14,Summit Group - New Business,Qualification,11855,2023-12-15,2023-10-20,,Best Case,False,False,CompetitorE,,44,,New Business,2023-10-20T00:00:00
3305,613,4,Elevate Platforms - Additional Seats,Closed Lost,,2024-10-15,2024-06-16,Event,Omitted,False,True,CompetitorB,Lost to Status Quo,8,,Expansion,2024-06-16T00:00:00
3306,577,5,Vertex Holdings - Initial License,Closed Lost,32794,2022-12-25,2022-06-17,Inbound - Content,Omitted,False,True,CompetitorA,Lost to Status Quo,56,,New Business,2022-06-17T00:00:00
3307,272,1,Catalyst Software - New Business,Negotiation,22597,2025-05-04,2024-09-16,Event,Commit,False,False,CompetitorE,,28,Reference call,New Business,2024-09-16T00:00:00
3308,413,3,Pacific Labs - New Business,Proposal,500916,2025-02-28,2024-11-03,Outbound - AE,Best Case,False,False,CompetitorD,,25,Send proposal,New Business,2024-11-03T00:00:00
3309,161,8,Acme Holdings - Platform Deal,Qualification,224239,2025-04-26,2024-08-11,Event,Best Case,False,False,,,41,Send proposal,New Business,2024-08-11T00:00:00
3310,280,8,Acme Platforms - New Business,Qualification,175454,2022-11-10,2022-03-04,Outbound - SDR,Best Case,False,False,,,19,Reference call,New Business,2022-03-04T00:00:00
3311,994,1,Nova Enterprises - Initial License,Closed Lost,19564,2024-11-09,2024-07-11,Inbound - Web,Omitted,False,True,CompetitorA,Competitor,22,,New Business,2024-07-11T00:00:00
3312,924,16,Pacific Technologies - Upsell,Prospecting,18694,2024-11-28,2024-05-09,Outbound - AE,Pipeline,False,False,CompetitorD,,21,Executive alignment,Expansion,2024-05-09T00:00:00
3313,73,9,Vertex Software - New Business,Discovery,28411,2024-07-02,2024-05-14,,Pipeline,False,False,Open Source Alternative,,47,Executive alignment,New Business,2024-05-14T00:00:00
3314,126,3,Nexus Networks - Platform Deal,Discovery,145761,2025-05-23,2024-11-29,Inbound - Content,Pipeline,False,False,Open Source Alternative,,18,Reference call,New Business,2024-11-29T00:00:00
3315,143,3,Horizon Dynamics - Platform Deal,Discovery,632902,2024-10-31,2024-09-06,Partner Referral,Pipeline,False,False,CompetitorA,,30,Schedule demo,New Business,2024-09-06T00:00:00
3316,840,1,Nexus Inc - Initial License,Prospecting,134446,2023-12-08,2023-07-01,Outbound - SDR,Pipeline,False,False,CompetitorB,,5,Contract signing,New Business,2023-07-01T00:00:00
3317,278,1,Vanguard Technologies - New Business,Discovery,46255,2024-12-02,2024-07-20,Webinar,Pipeline,False,False,CompetitorC,,40,Send proposal,New Business,2024-07-20T00:00:00
3318,152,9,Vertex Services - Initial License,Prospecting,27442,2025-03-21,2024-06-28,Webinar,Pipeline,False,False,CompetitorA,,66,,New Business,2024-06-28T00:00:00
1823,688,7,Vanguard Digital - New Business,Prospecting,43927,2024-06-21,2024-03-14,Outbound - SDR,Pipeline,False,False,,,40,Technical review,New Business,2024-03-14T00:00:00
3320,918,4,Atlas Labs - Initial License,Closed Lost,228986,2024-12-31,2024-09-12,Outbound - SDR,Omitted,False,True,CompetitorA,Timing,15,,New Business,2024-09-12T00:00:00
3321,810,9,Fusion Partners - Initial License,Prospecting,115025,2024-12-05,2024-09-11,Outbound - SDR,Pipeline,False,False,CompetitorD,,11,Executive alignment,New Business,2024-09-11T00:00:00
3322,868,11,Catalyst Networks - New Business,Prospecting,74195,2024-06-25,2024-02-06,Product-Led,Pipeline,False,False,,,37,Executive alignment,New Business,2024-02-06T00:00:00
3323,40,3,Apex Dynamics - Initial License,Closed Lost,,2022-05-29,2022-04-06,Event,Omitted,False,True,CompetitorB,Timing,43,,New Business,2022-04-06T00:00:00
3324,800,2,Nova Dynamics - New Business,Closed Lost,180529,2024-08-18,2024-04-10,Outbound - AE,Omitted,False,True,CompetitorE,Competitor,6,,New Business,2024-04-10T00:00:00
3325,558,12,Apex Enterprises - Initial License,Qualification,373649,2023-06-17,2022-10-02,Inbound - Content,Best Case,False,False,Open Source Alternative,,49,Contract signing,New Business,2022-10-02T00:00:00
3326,666,8,Atlas Systems - Initial License,Qualification,172264,2024-04-07,2023-09-26,Inbound - Web,Best Case,False,False,CompetitorD,,19,Schedule demo,New Business,2023-09-26T00:00:00
3327,38,16,Elevate Corp - New Business,Prospecting,186284,2021-06-25,2021-05-08,Outbound - AE,Pipeline,False,False,CompetitorA,,63,POC setup,New Business,2021-05-08T00:00:00
3328,948,16,Global Platforms - Platform Deal,Prospecting,846849,2025-04-05,2024-12-31,Outbound - AE,Pipeline,False,False,,,31,Technical review,New Business,2024-12-31T00:00:00
3329,88,15,Elevate Inc - Platform Deal,Prospecting,16739,2024-12-03,2024-04-10,Outbound - SDR,Pipeline,False,False,CompetitorE,,24,Schedule demo,New Business,2024-04-10T00:00:00
3330,774,4,Catalyst Group - Platform Deal,Discovery,26297,2025-02-25,2024-07-12,Outbound - AE,Pipeline,False,False,CompetitorE,,41,Reference call,New Business,2024-07-12T00:00:00
3331,513,8,Nova Software - New Business,Closed Lost,374829,2024-12-24,2024-07-05,Outbound - AE,Omitted,False,True,CompetitorE,Price,55,,New Business,2024-07-05T00:00:00
3332,360,5,Quantum Solutions - Platform Deal,Proposal,175234,2024-12-09,2024-08-22,Product-Led,Best Case,False,False,CompetitorD,,3,Reference call,New Business,2024-08-22T00:00:00
3333,237,2,Elevate Corp - Platform Deal,Discovery,39896,2025-02-04,2024-12-06,Inbound - Web,Pipeline,False,False,,,31,,New Business,2024-12-06T00:00:00
3334,351,11,Velocity Labs - Platform Deal,Qualification,53914,2024-09-09,2024-06-21,Outbound - SDR,Best Case,False,False,,,42,Reference call,New Business,2024-06-21T00:00:00
3335,971,3,Nova Enterprises - Initial License,Closed Won,426204,2024-12-31,2024-11-05,,Closed,True,True,CompetitorD,,28,,New Business,2024-11-05T00:00:00
3336,510,14,Horizon Software - New Business,Closed Lost,36285,2024-12-20,2024-06-19,Outbound - SDR,Omitted,False,True,,No Decision,51,,New Business,2024-06-19T00:00:00
3337,905,6,Vanguard Technologies - New Business,Qualification,23100,2024-03-08,2023-09-14,Product-Led,Best Case,False,False,CompetitorB,,13,Reference call,New Business,2023-09-14T00:00:00
3338,797,5,Global Systems - Platform Deal,Prospecting,561914,2023-05-12,2022-09-07,Inbound - Content,Pipeline,False,False,CompetitorB,,55,Reference call,New Business,2022-09-07T00:00:00
3339,433,1,Nexus Software - New Business,Closed Lost,6361,2024-12-31,2024-11-11,Outbound - SDR,Omitted,False,True,CompetitorC,Champion Left,24,,New Business,2024-11-11T00:00:00
2929,993,3,Vertex Partners - Platform Deal,Closed Lost,80688,2022-12-18,2022-05-28,Outbound - AE,Omitted,False,True,CompetitorB,Price,19,,New Business,2022-05-28T00:00:00
1197,796,8,Summit Services - Initial License,Prospecting,32973,2022-10-17,2022-04-20,Inbound - Content,Pipeline,False,False,CompetitorB,,23,Send proposal,New Business,2022-04-20T00:00:00
3342,374,1,Pinnacle Enterprises - New Business,Closed Lost,43275,2023-03-19,2022-11-08,Inbound - Web,Omitted,False,True,Open Source Alternative,No Decision,8,,New Business,2022-11-08T00:00:00
3343,154,3,Acme Inc - Additional Seats,Qualification,39947,2023-12-07,2023-03-16,Outbound - SDR,Best Case,False,False,CompetitorA,,1,POC setup,Expansion,2023-03-16T00:00:00
3344,181,4,Synergy Holdings - Initial License,Qualification,60685,2022-08-16,2022-06-07,Outbound - AE,Best Case,False,False,CompetitorB,,27,Contract signing,New Business,2022-06-07T00:00:00
3345,604,2,Velocity Networks - Upsell,Negotiation,90823,2024-07-12,2024-01-21,Inbound - Web,Commit,False,False,Open Source Alternative,,44,POC setup,Expansion,2024-01-21T00:00:00
3346,835,13,Vanguard Enterprises - Upsell,Qualification,83677,2025-01-24,2024-12-08,Inbound - Web,Best Case,False,False,CompetitorC,,33,POC setup,Expansion,2024-12-08T00:00:00
3347,382,15,Vanguard Services - Platform Deal,Closed Lost,19100,2024-12-31,2024-12-15,Outbound - SDR,Omitted,False,True,Open Source Alternative,Feature Gap,37,,New Business,2024-12-15T00:00:00
3348,165,6,Global Networks - New Business,Closed Lost,21715,2022-08-28,2022-08-06,Outbound - SDR,Omitted,False,True,CompetitorB,Feature Gap,2,,New Business,2022-08-06T00:00:00
3349,543,5,Nova Enterprises - New Business,Closed Won,118540,2024-06-18,2024-05-20,Webinar,Closed,True,True,,,18,,New Business,2024-05-20T00:00:00
3350,925,14,Atlas Technologies - Initial License,Negotiation,22114,2023-03-29,2023-01-16,Webinar,Commit,False,False,CompetitorB,,19,Schedule demo,New Business,2023-01-16T00:00:00
3351,747,15,Elevate Partners - Initial License,Proposal,34299,2024-05-28,2023-10-21,Webinar,Best Case,False,False,Open Source Alternative,,16,Technical review,New Business,2023-10-21T00:00:00
3352,130,4,Pinnacle Solutions - Platform Deal,Closed Lost,106048,2024-03-27,2023-11-19,Outbound - AE,Omitted,False,True,CompetitorA,No Decision,2,,New Business,2023-11-19T00:00:00
3353,583,16,Pacific Analytics - Contract Renewal,Closed Lost,120597,2024-11-07,2024-07-20,Outbound - AE,Omitted,False,True,,Timing,49,,Renewal,2024-07-20T00:00:00
3354,202,1,Apex Digital - New Business,Discovery,391390,2025-03-13,2024-12-03,Product-Led,Pipeline,False,False,CompetitorE,,45,Schedule demo,New Business,2024-12-03T00:00:00
3355,381,4,Nexus Digital - Platform Deal,Discovery,8665,2025-02-01,2024-10-29,Webinar,Pipeline,False,False,,,2,Contract signing,New Business,2024-10-29T00:00:00
3356,162,6,Pinnacle Services - Initial License,Closed Lost,8303,2023-09-21,2023-02-13,Outbound - AE,Omitted,False,True,Open Source Alternative,Lost to Status Quo,34,,New Business,2023-02-13T00:00:00
3357,125,9,Acme Platforms - Additional Seats,Prospecting,51771,2024-06-07,2024-02-10,Inbound - Content,Pipeline,False,False,CompetitorE,,18,Legal review,Expansion,2024-02-10T00:00:00
3358,706,4,Elevate Software - Initial License,Prospecting,136565,2023-10-29,2023-03-24,Product-Led,Pipeline,False,False,,,50,Send proposal,New Business,2023-03-24T00:00:00
3359,108,7,Acme Labs - New Business,Prospecting,220785,2025-03-21,2024-11-19,Outbound - AE,Pipeline,False,False,Open Source Alternative,,35,Legal review,New Business,2024-11-19T00:00:00
3360,834,10,Global Enterprises - Initial License,Qualification,52710,2024-12-30,2024-10-01,Product-Led,Best Case,False,False,,,32,Send proposal,New Business,2024-10-01T00:00:00
3361,680,2,Pinnacle Systems - New Business,Qualification,722862,2025-04-23,2024-10-05,Inbound - Content,Best Case,False,False,CompetitorC,,6,Technical review,New Business,2024-10-05T00:00:00
3362,377,1,Atlas Systems - Platform Deal,Qualification,191033,2024-07-05,2023-11-01,,Best Case,False,False,CompetitorE,,37,Executive alignment,New Business,2023-11-01T00:00:00
3363,480,6,Acme Solutions - Platform Deal,Qualification,120376,2023-03-25,2022-08-08,,Best Case,False,False,CompetitorC,,38,Legal review,New Business,2022-08-08T00:00:00
3364,427,8,Atlas Labs - Initial License,Closed Lost,,2024-10-06,2024-06-06,Partner Referral,Omitted,False,True,CompetitorD,Competitor,12,,New Business,2024-06-06T00:00:00
3365,283,3,Global Analytics - Platform Deal,Closed Lost,205965,2021-08-28,2021-08-09,Outbound - AE,Omitted,False,True,CompetitorB,Timing,20,,New Business,2021-08-09T00:00:00
3366,572,7,Synergy Digital - Platform Deal,Prospecting,229665,2025-03-10,2024-07-25,Webinar,Pipeline,False,False,Open Source Alternative,,56,Technical review,New Business,2024-07-25T00:00:00
3367,477,13,Summit Software - Initial License,Closed Lost,19129,2022-04-24,2021-10-01,Outbound - SDR,Omitted,False,True,CompetitorB,Competitor,46,,New Business,2021-10-01T00:00:00
3368,169,4,Nexus Platforms - Initial License,Proposal,82882,2023-05-14,2023-06-01,,Best Case,False,False,,,4,Send proposal,New Business,2023-06-01T00:00:00
3369,14,7,Pacific Enterprises - New Business,Discovery,11472,2025-07-20,2024-11-01,Product-Led,Pipeline,False,False,CompetitorA,,34,Technical review,New Business,2024-11-01T00:00:00
3370,617,12,Quantum Inc - Initial License,Qualification,113814,2022-08-31,2022-05-04,Outbound - AE,Best Case,False,False,CompetitorD,,22,Technical review,New Business,2022-05-04T00:00:00
3371,424,11,Velocity Partners - Initial License,Qualification,38239,2025-06-11,2024-12-15,Product-Led,Best Case,False,False,CompetitorC,,18,Technical review,New Business,2024-12-15T00:00:00
3372,966,7,Horizon Corp - Platform Deal,Discovery,44645,2024-04-13,2023-10-12,Inbound - Content,Pipeline,False,False,,,53,Technical review,New Business,2023-10-12T00:00:00
3373,281,7,Horizon Systems - Initial License,Prospecting,37564,2025-06-12,2024-10-05,Outbound - SDR,Pipeline,False,False,,,29,POC setup,New Business,2024-10-05T00:00:00
3374,398,15,Velocity Dynamics - Initial License,Closed Lost,125865,2024-12-19,2024-09-04,Inbound - Web,Omitted,False,True,,Price,49,,New Business,2024-09-04T00:00:00
3375,95,7,Vertex Networks - New Business,Discovery,36117,2024-08-30,2024-07-27,Event,Pipeline,False,False,CompetitorE,,5,Contract signing,New Business,2024-07-27T00:00:00
3376,27,5,Elevate Group - New Business,Discovery,556687,2024-09-22,2024-06-13,Product-Led,Pipeline,False,False,,,7,Contract signing,New Business,2024-06-13T00:00:00
3377,8,3,Optima Networks - New Business,Discovery,310283,2024-11-10,2024-06-13,Outbound - AE,Pipeline,False,False,,,34,POC setup,New Business,2024-06-13T00:00:00
3378,484,1,Acme Technologies - New Business,Proposal,25527,2023-11-27,2023-05-09,Webinar,Best Case,False,False,Open Source Alternative,,8,POC setup,New Business,2023-05-09T00:00:00
3379,258,8,Atlas Services - Initial License,Closed Lost,181447,2022-06-18,2022-01-01,Product-Led,Omitted,False,True,CompetitorB,Budget Cut,50,,New Business,2022-01-01T00:00:00
3380,775,6,Nexus Partners - Platform Deal,Qualification,139737,2025-02-24,2024-06-11,Event,Best Case,False,False,CompetitorC,,49,Legal review,New Business,2024-06-11T00:00:00
3381,367,7,Synergy Systems - Initial License,Qualification,44205,2024-07-14,2023-11-02,Partner Referral,Best Case,False,False,Open Source Alternative,,36,Executive alignment,New Business,2023-11-02T00:00:00
3382,339,9,Acme Solutions - Initial License,Closed Lost,7064,2024-12-31,2024-12-05,Inbound - Content,Omitted,False,True,CompetitorA,Competitor,20,,New Business,2024-12-05T00:00:00
3383,336,2,Horizon Technologies - Platform Deal,Discovery,198465,2024-08-04,2024-02-25,Inbound - Web,Pipeline,False,False,CompetitorA,,24,Legal review,New Business,2024-02-25T00:00:00
3384,967,5,Elevate Technologies - Contract Renewal,Prospecting,42440,2022-08-13,2021-12-28,Outbound - SDR,Pipeline,False,False,CompetitorB,,24,Executive alignment,Renewal,2021-12-28T00:00:00
3385,355,8,Zenith Holdings - Platform Deal,Closed Lost,34975,2021-09-17,2021-05-23,Outbound - AE,Omitted,False,True,CompetitorB,Lost to Status Quo,1,,New Business,2021-05-23T00:00:00
3386,128,5,Pinnacle Inc - New Business,Closed Lost,44850,2024-12-31,2024-11-09,Event,Omitted,False,True,CompetitorA,No Decision,43,,New Business,2024-11-09T00:00:00
3387,388,9,Catalyst Analytics - Initial License,Qualification,84158,2025-03-14,2024-07-05,Outbound - SDR,Best Case,False,False,CompetitorC,,55,Schedule demo,New Business,2024-07-05T00:00:00
3388,275,10,Acme Inc - Expansion,Qualification,191277,2024-12-29,2024-07-25,Product-Led,Best Case,False,False,CompetitorD,,65,Schedule demo,Expansion,2024-07-25T00:00:00
3389,89,6,Quantum Systems - Expansion,Proposal,11543,2023-12-02,2023-09-04,Outbound - AE,Best Case,False,False,CompetitorA,,35,Send proposal,Expansion,2023-09-04T00:00:00
3390,987,3,Horizon Digital - Platform Deal,Discovery,997757,2024-11-06,2024-07-12,Inbound - Content,Pipeline,False,False,,,34,,New Business,2024-07-12T00:00:00
3391,531,12,Atlas Services - Platform Deal,Qualification,200031,2025-04-13,2024-08-26,Webinar,Best Case,False,False,,,68,Schedule demo,New Business,2024-08-26T00:00:00
3392,534,7,Horizon Labs - Platform Deal,Closed Lost,198906,2024-06-16,2024-03-07,Partner Referral,Omitted,False,True,CompetitorA,Timing,3,,New Business,2024-03-07T00:00:00
3393,224,1,Fusion Digital - Platform Deal,Qualification,157802,2023-08-13,2023-06-30,Product-Led,Best Case,False,False,CompetitorB,,39,POC setup,New Business,2023-06-30T00:00:00
3394,71,16,Zenith Enterprises - Platform Deal,Prospecting,47895,2025-04-17,2024-11-11,Inbound - Content,Pipeline,False,False,,,15,Send proposal,New Business,2024-11-11T00:00:00
3395,573,14,Summit Group - New Business,Closed Lost,64125,2024-12-31,2024-08-28,Outbound - AE,Omitted,False,True,CompetitorC,Competitor,22,,New Business,2024-08-28T00:00:00
3396,905,7,Vanguard Technologies - Initial License,Closed Lost,110523,2024-03-27,2023-10-28,Webinar,Omitted,False,True,CompetitorE,Champion Left,28,,New Business,2023-10-28T00:00:00
3397,776,10,Apex Labs - Initial License,Prospecting,45211,2025-02-25,2024-10-28,Inbound - Content,Pipeline,False,False,Open Source Alternative,,29,POC setup,New Business,2024-10-28T00:00:00
3398,773,2,Pinnacle Digital - Platform Deal,Discovery,201685,2025-06-02,2024-12-02,Inbound - Content,Pipeline,False,False,CompetitorE,,2,Send proposal,New Business,2024-12-02T00:00:00
3399,583,16,Pacific Analytics - Platform Deal,Prospecting,72673,2025-01-26,2024-06-06,Inbound - Content,Pipeline,False,False,,,13,Technical review,New Business,2024-06-06T00:00:00
3400,698,7,Nova Digital - Platform Deal,Qualification,942680,2025-01-13,2024-07-10,Partner Referral,Best Case,False,False,,,12,Contract signing,New Business,2024-07-10T00:00:00
3401,701,8,Global Services - Platform Deal,Prospecting,1042004,2024-06-18,2024-01-10,Inbound - Web,Pipeline,False,False,CompetitorB,,58,,New Business,2024-01-10T00:00:00
3402,633,2,Acme Corp - Platform Deal,Discovery,24011,2025-04-15,2024-12-17,Partner Referral,Pipeline,False,False,CompetitorB,,38,Contract signing,New Business,2024-12-17T00:00:00
3403,132,12,Fusion Digital - New Business,Closed Won,149307,2022-04-13,2021-11-04,Inbound - Content,Closed,True,True,CompetitorC,,27,,New Business,2021-11-04T00:00:00
3404,504,11,Acme Holdings - Platform Deal,Closed Lost,22558,2024-04-29,2023-12-11,Inbound - Content,Omitted,False,True,,Champion Left,53,,New Business,2023-12-11T00:00:00
3405,831,13,Zenith Dynamics - Platform Deal,Closed Lost,399112,2024-03-27,2024-02-06,Inbound - Content,Omitted,False,True,CompetitorE,Timing,6,,New Business,2024-02-06T00:00:00
3406,230,15,Summit Systems - New Business,Closed Lost,22847,2024-09-24,2024-07-14,Product-Led,Omitted,False,True,CompetitorE,Price,55,,New Business,2024-07-14T00:00:00
3407,113,2,Acme Services - New Business,Closed Won,24352,2024-12-31,2024-10-03,Outbound - AE,Closed,True,True,CompetitorB,,11,,New Business,2024-10-03T00:00:00
3408,952,12,Nova Networks - Platform Deal,Discovery,52592,2024-07-04,2024-04-12,Partner Referral,Pipeline,False,False,,,13,Schedule demo,New Business,2024-04-12T00:00:00
3409,448,6,Quantum Group - Platform Deal,Proposal,60149,2025-03-07,2024-08-01,Inbound - Web,Best Case,False,False,CompetitorE,,40,Contract signing,New Business,2024-08-01T00:00:00
3410,500,15,Vanguard Platforms - Initial License,Proposal,169416,2025-06-02,2024-12-13,Partner Referral,Best Case,False,False,Open Source Alternative,,31,Send proposal,New Business,2024-12-13T00:00:00
3411,849,9,Nexus Software - Platform Deal,Negotiation,27671,2023-07-04,2023-07-16,Outbound - AE,Commit,False,False,,,11,Executive alignment,New Business,2023-07-16T00:00:00
3412,166,10,Pinnacle Inc - Initial License,Closed Lost,37928,2024-03-17,2023-09-21,Webinar,Omitted,False,True,CompetitorB,No Decision,67,,New Business,2023-09-21T00:00:00
3413,650,9,Pinnacle Inc - Platform Deal,Negotiation,313299,2025-05-14,2024-12-14,Event,Commit,False,False,,,7,Schedule demo,New Business,2024-12-14T00:00:00
3414,129,3,Atlas Technologies - Initial License,Qualification,12527,2023-10-22,2023-07-06,Event,Best Case,False,False,CompetitorC,,6,Technical review,New Business,2023-07-06T00:00:00
3415,576,13,Catalyst Software - Initial License,Negotiation,25257,2025-04-09,2024-12-05,Event,Commit,False,False,CompetitorC,,75,Reference call,New Business,2024-12-05T00:00:00
3416,994,15,Nova Enterprises - Platform Deal,Qualification,36951,2024-11-23,2024-09-12,Event,Best Case,False,False,,,12,Contract signing,New Business,2024-09-12T00:00:00
3417,441,11,Nexus Enterprises - New Business,Proposal,124113,2025-06-08,2024-12-13,Webinar,Best Case,False,False,CompetitorA,,5,,New Business,2024-12-13T00:00:00
3418,917,10,Acme Group - Expansion,Closed Lost,13802,2024-12-31,2024-12-07,Outbound - AE,Omitted,False,True,,Feature Gap,43,,Expansion,2024-12-07T00:00:00
3419,567,16,Pacific Dynamics - Platform Deal,Prospecting,154581,2025-04-08,2024-12-12,Product-Led,Pipeline,False,False,CompetitorB,,14,Schedule demo,New Business,2024-12-12T00:00:00
3420,211,2,Quantum Networks - Upsell,Prospecting,13061,2025-05-13,2024-09-09,Inbound - Content,Pipeline,False,False,Open Source Alternative,,45,POC setup,Expansion,2024-09-09T00:00:00
3421,451,11,Nova Digital - Initial License,Closed Lost,,2024-04-09,2024-01-04,Webinar,Omitted,False,True,,Budget Cut,1,,New Business,2024-01-04T00:00:00
3422,967,5,Elevate Technologies - New Business,Discovery,,2023-10-30,2023-08-03,Partner Referral,Pipeline,False,False,CompetitorA,,36,Send proposal,New Business,2023-08-03T00:00:00
3423,918,9,Atlas Labs - Platform Deal,Qualification,175888,2024-11-06,2024-03-11,Event,Best Case,False,False,CompetitorE,,1,Schedule demo,New Business,2024-03-11T00:00:00
3424,263,11,Nexus Inc - New Business,Closed Won,34995,2022-01-10,2021-08-13,Inbound - Content,Closed,True,True,Open Source Alternative,,40,,New Business,2021-08-13T00:00:00
3425,644,14,Vertex Software - Initial License,Negotiation,,2024-10-24,2024-08-12,Partner Referral,Commit,False,False,,,31,Schedule demo,New Business,2024-08-12T00:00:00
3426,961,7,Synergy Systems - Platform Deal,Prospecting,527978,2023-11-30,2023-10-19,Outbound - SDR,Pipeline,False,False,CompetitorA,,44,POC setup,New Business,2023-10-19T00:00:00
3427,222,8,Pinnacle Corp - New Business,Prospecting,165411,2021-03-26,2020-11-15,Inbound - Content,Pipeline,False,False,CompetitorA,,39,Reference call,New Business,2020-11-15T00:00:00
3428,32,4,Nexus Networks - Initial License,Proposal,36896,2022-05-10,2022-01-17,Event,Best Case,False,False,CompetitorE,,11,Send proposal,New Business,2022-01-17T00:00:00
3429,33,7,Horizon Holdings - New Business,Closed Won,57425,2022-03-09,2021-11-07,Event,Closed,True,True,CompetitorE,,37,,New Business,2021-11-07T00:00:00
3430,603,14,Acme Digital - New Business,Prospecting,856155,2023-11-03,2023-07-21,Outbound - SDR,Pipeline,False,False,,,56,Send proposal,New Business,2023-07-21T00:00:00
3431,764,6,Pinnacle Corp - New Business,Closed Won,209451,2023-12-18,2023-09-14,Outbound - AE,Closed,True,True,CompetitorD,,42,,New Business,2023-09-14T00:00:00
3432,760,5,Optima Holdings - Expansion,Prospecting,7060,2021-02-20,2020-05-27,Product-Led,Pipeline,False,False,CompetitorC,,52,Send proposal,Expansion,2020-05-27T00:00:00
3433,690,9,Synergy Technologies - Initial License,Proposal,10042,2024-01-14,2023-06-06,Event,Best Case,False,False,CompetitorB,,23,Legal review,New Business,2023-06-06T00:00:00
3434,369,2,Pacific Solutions - New Business,Proposal,29521,2025-08-21,2024-12-15,Webinar,Best Case,False,False,CompetitorA,,5,Send proposal,New Business,2024-12-15T00:00:00
1855,458,16,Optima Group - Platform Deal,Negotiation,5281,2025-02-23,2024-11-12,Inbound - Content,Commit,False,False,CompetitorC,,49,Technical review,New Business,2024-11-12T00:00:00
3436,896,5,Elevate Networks - Platform Deal,Proposal,201494,2025-01-09,2024-11-24,Inbound - Web,Best Case,False,False,CompetitorC,,58,Contract signing,New Business,2024-11-24T00:00:00
3437,596,5,Fusion Solutions - Additional Seats,Prospecting,51376,2025-03-29,2024-07-12,,Pipeline,False,False,CompetitorD,,19,Contract signing,Expansion,2024-07-12T00:00:00
3438,983,7,Atlas Dynamics - Initial License,Prospecting,12171,2023-03-28,2022-09-13,Webinar,Pipeline,False,False,CompetitorE,,45,Send proposal,New Business,2022-09-13T00:00:00
3439,506,7,Pinnacle Holdings - New Business,Prospecting,22916,2025-07-25,2024-12-02,Webinar,Pipeline,False,False,Open Source Alternative,,19,Technical review,New Business,2024-12-02T00:00:00
3440,545,6,Pinnacle Technologies - Platform Deal,Closed Won,60335,2024-12-30,2024-11-11,Outbound - SDR,Closed,True,True,CompetitorB,,1,,New Business,2024-11-11T00:00:00
3441,69,16,Fusion Services - Platform Deal,Negotiation,8425,2025-06-07,2024-12-12,Product-Led,Commit,False,False,,,40,Contract signing,New Business,2024-12-12T00:00:00
3442,106,8,Fusion Group - New Business,Prospecting,37758,2022-06-17,2022-05-13,Webinar,Pipeline,False,False,CompetitorD,,52,Send proposal,New Business,2022-05-13T00:00:00
3443,152,9,Vertex Services - Initial License,Discovery,25546,2021-09-18,2021-08-08,Event,Pipeline,False,False,Open Source Alternative,,9,Schedule demo,New Business,2021-08-08T00:00:00
3444,15,6,Nexus Inc - New Business,Discovery,14590,2025-01-06,2024-09-22,Outbound - SDR,Pipeline,False,False,,,29,POC setup,New Business,2024-09-22T00:00:00
3445,87,13,Elevate Holdings - Platform Deal,Qualification,72207,2024-11-12,2024-03-04,Inbound - Content,Best Case,False,False,CompetitorE,,61,POC setup,New Business,2024-03-04T00:00:00
3446,747,2,Elevate Partners - Initial License,Closed Lost,11583,2024-12-31,2024-12-25,Product-Led,Omitted,False,True,CompetitorE,Champion Left,20,,New Business,2024-12-25T00:00:00
3447,37,7,Elevate Labs - New Business,Prospecting,79723,2024-11-07,2024-08-01,Partner Referral,Pipeline,False,False,,,1,Send proposal,New Business,2024-08-01T00:00:00
3448,770,6,Pacific Corp - Platform Deal,Qualification,34786,2024-10-06,2024-10-09,Event,Best Case,False,False,CompetitorC,,30,Executive alignment,New Business,2024-10-09T00:00:00
3449,679,5,Elevate Analytics - Platform Deal,Qualification,16459,2024-12-11,2024-12-16,Event,Best Case,False,False,CompetitorC,,54,Contract signing,New Business,2024-12-16T00:00:00
3450,529,4,Nexus Platforms - Platform Deal,Proposal,147278,2021-02-23,2020-08-05,Webinar,Best Case,False,False,,,29,Executive alignment,New Business,2020-08-05T00:00:00
3451,500,15,Vanguard Platforms - New Business,Prospecting,132735,2025-04-24,2024-11-03,,Pipeline,False,False,,,41,,New Business,2024-11-03T00:00:00
3452,458,16,Optima Group - Platform Deal,Closed Lost,47791,2024-12-31,2024-12-16,Product-Led,Omitted,False,True,CompetitorC,Feature Gap,28,,New Business,2024-12-16T00:00:00
3453,411,12,Vertex Labs - New Business,Closed Lost,120885,2024-12-31,2024-12-16,Outbound - AE,Omitted,False,True,,Timing,62,,New Business,2024-12-16T00:00:00
3454,682,15,Pacific Solutions - Initial License,Negotiation,31140,2025-02-26,2024-11-09,Outbound - SDR,Commit,False,False,CompetitorE,,54,,New Business,2024-11-09T00:00:00
3455,484,11,Acme Technologies - New Business,Closed Lost,20716,2024-12-20,2024-08-02,Outbound - AE,Omitted,False,True,CompetitorA,No Decision,46,,New Business,2024-08-02T00:00:00
3456,348,11,Vanguard Solutions - New Business,Prospecting,31704,2025-02-17,2024-12-25,Event,Pipeline,False,False,CompetitorD,,3,Legal review,New Business,2024-12-25T00:00:00
3457,154,3,Acme Inc - Platform Deal,Closed Lost,86990,2022-12-25,2022-10-08,Event,Omitted,False,True,Open Source Alternative,Champion Left,43,,New Business,2022-10-08T00:00:00
3458,430,10,Atlas Networks - Initial License,Qualification,26867,2025-02-11,2024-11-30,Webinar,Best Case,False,False,Open Source Alternative,,57,Technical review,New Business,2024-11-30T00:00:00
3459,607,9,Horizon Labs - Initial License,Proposal,42995,2025-03-14,2024-12-30,Partner Referral,Best Case,False,False,CompetitorA,,20,Executive alignment,New Business,2024-12-30T00:00:00
3460,86,6,Quantum Labs - Platform Deal,Qualification,31572,2024-02-09,2023-07-18,Webinar,Best Case,False,False,CompetitorA,,42,,New Business,2023-07-18T00:00:00
3461,326,4,Atlas Networks - Platform Deal,Qualification,134057,2022-02-06,2022-01-04,Outbound - SDR,Best Case,False,False,,,47,Technical review,New Business,2022-01-04T00:00:00
3462,605,6,Horizon Inc - New Business,Qualification,48627,2023-02-15,2022-06-25,Inbound - Web,Best Case,False,False,,,14,Send proposal,New Business,2022-06-25T00:00:00
3463,992,11,Pinnacle Labs - Initial License,Closed Lost,31189,2024-12-31,2024-09-08,Outbound - AE,Omitted,False,True,CompetitorA,Budget Cut,57,,New Business,2024-09-08T00:00:00
3464,67,4,Catalyst Corp - Expansion,Closed Lost,4972,2023-10-13,2023-08-12,Inbound - Web,Omitted,False,True,CompetitorD,Price,52,,Expansion,2023-08-12T00:00:00
3465,46,12,Vanguard Holdings - Platform Deal,Negotiation,33625,2023-06-07,2023-05-07,Partner Referral,Commit,False,False,,,69,,New Business,2023-05-07T00:00:00
3466,465,16,Pacific Corp - Platform Deal,Closed Won,190008,2024-12-31,2024-12-14,Event,Closed,True,True,,,39,,New Business,2024-12-14T00:00:00
3467,471,16,Vertex Enterprises - Initial License,Discovery,6573,2023-06-22,2022-12-12,Outbound - AE,Pipeline,False,False,CompetitorE,,10,POC setup,New Business,2022-12-12T00:00:00
3468,808,6,Quantum Platforms - Platform Deal,Proposal,33565,2024-08-28,2024-05-18,Product-Led,Best Case,False,False,CompetitorD,,28,Send proposal,New Business,2024-05-18T00:00:00
3469,391,11,Global Software - New Business,Closed Lost,35753,2024-12-31,2024-11-19,Inbound - Content,Omitted,False,True,,Timing,8,,New Business,2024-11-19T00:00:00
3470,37,9,Elevate Labs - Platform Deal,Closed Lost,60619,2024-07-08,2024-01-15,Outbound - SDR,Omitted,False,True,CompetitorC,Price,21,,New Business,2024-01-15T00:00:00
3471,14,7,Pacific Enterprises - Initial License,Closed Lost,31991,2024-12-31,2024-12-02,Inbound - Content,Omitted,False,True,CompetitorC,Timing,3,,New Business,2024-12-02T00:00:00
3472,478,16,Elevate Corp - Platform Deal,Closed Lost,106708,2024-12-31,2024-10-29,Event,Omitted,False,True,Open Source Alternative,Price,9,,New Business,2024-10-29T00:00:00
3473,272,12,Catalyst Software - New Business,Closed Lost,18290,2024-12-31,2024-10-25,Inbound - Web,Omitted,False,True,CompetitorE,Feature Gap,37,,New Business,2024-10-25T00:00:00
3474,328,11,Nexus Dynamics - New Business,Closed Won,199433,2024-12-25,2024-12-04,Product-Led,Closed,True,True,,,42,,New Business,2024-12-04T00:00:00
3475,710,16,Quantum Enterprises - Initial License,Prospecting,39281,2025-05-22,2024-09-21,Event,Pipeline,False,False,CompetitorC,,4,POC setup,New Business,2024-09-21T00:00:00
3476,700,15,Catalyst Networks - Contract Renewal,Discovery,44956,2024-10-14,2024-08-27,Outbound - SDR,Pipeline,False,False,CompetitorC,,20,Schedule demo,Renewal,2024-08-27T00:00:00
3477,880,15,Summit Analytics - Platform Deal,Qualification,23781,2025-04-12,2024-09-20,Event,Best Case,False,False,,,35,Contract signing,New Business,2024-09-20T00:00:00
3478,898,16,Vanguard Holdings - New Business,Proposal,34153,2025-03-16,2024-10-24,Webinar,Best Case,False,False,,,17,Schedule demo,New Business,2024-10-24T00:00:00
3479,712,10,Vertex Solutions - Initial License,Qualification,24337,2021-11-25,2021-10-26,Partner Referral,Best Case,False,False,CompetitorE,,43,Schedule demo,New Business,2021-10-26T00:00:00
3480,411,12,Vertex Labs - New Business,Prospecting,84625,2025-04-10,2024-10-19,Outbound - AE,Pipeline,False,False,,,11,Reference call,New Business,2024-10-19T00:00:00
3481,19,5,Acme Group - New Business,Qualification,18342,2025-04-08,2024-12-15,Outbound - AE,Best Case,False,False,Open Source Alternative,,23,Contract signing,New Business,2024-12-15T00:00:00
3482,958,12,Pinnacle Digital - Expansion,Qualification,12229,2022-08-13,2022-04-13,Product-Led,Best Case,False,False,CompetitorA,,14,Reference call,Expansion,2022-04-13T00:00:00
3483,718,15,Vertex Networks - Initial License,Closed Lost,189457,2024-12-31,2024-10-10,Outbound - AE,Omitted,False,True,,Price,34,,New Business,2024-10-10T00:00:00
3484,631,14,Vertex Labs - Platform Deal,Prospecting,201798,2025-08-14,2024-12-18,Partner Referral,Pipeline,False,False,CompetitorE,,32,Contract signing,New Business,2024-12-18T00:00:00
3485,258,2,Atlas Services - New Business,Discovery,134567,2023-03-12,2022-09-13,Outbound - SDR,Pipeline,False,False,,,38,Executive alignment,New Business,2022-09-13T00:00:00
3486,751,13,Nova Digital - Initial License,Qualification,29184,2024-11-26,2024-10-13,Partner Referral,Best Case,False,False,Open Source Alternative,,25,Executive alignment,New Business,2024-10-13T00:00:00
3487,526,9,Global Inc - New Business,Closed Lost,33676,2020-12-24,2020-04-17,,Omitted,False,True,CompetitorA,Competitor,49,,New Business,2020-04-17T00:00:00
3488,146,6,Vanguard Platforms - New Business,Negotiation,36446,2024-11-16,2024-09-11,Outbound - SDR,Commit,False,False,,,56,Executive alignment,New Business,2024-09-11T00:00:00
3489,689,10,Catalyst Partners - Platform Deal,Closed Lost,101095,2021-08-17,2021-03-30,Outbound - SDR,Omitted,False,True,CompetitorA,Champion Left,35,,New Business,2021-03-30T00:00:00
3490,237,10,Elevate Corp - Platform Deal,Closed Lost,12789,2024-11-03,2024-09-08,Outbound - SDR,Omitted,False,True,,No Decision,40,,New Business,2024-09-08T00:00:00
3491,904,3,Elevate Software - New Business,Closed Lost,52704,2024-12-22,2024-11-15,Inbound - Content,Omitted,False,True,,No Decision,3,,New Business,2024-11-15T00:00:00
3492,54,4,Vertex Holdings - Platform Deal,Qualification,50188,2025-08-29,2024-12-20,Outbound - AE,Best Case,False,False,CompetitorD,,31,,New Business,2024-12-20T00:00:00
3493,983,1,Atlas Dynamics - New Business,Closed Won,12102,2023-09-08,2023-08-09,Product-Led,Closed,True,True,CompetitorD,,32,,New Business,2023-08-09T00:00:00
3494,839,13,Quantum Solutions - Platform Deal,Discovery,21817,2024-04-20,2024-01-28,Inbound - Web,Pipeline,False,False,CompetitorD,,67,POC setup,New Business,2024-01-28T00:00:00
3495,244,10,Vertex Inc - Initial License,Prospecting,11188,2023-12-24,2023-05-10,Inbound - Web,Pipeline,False,False,CompetitorA,,51,Executive alignment,New Business,2023-05-10T00:00:00
3496,343,1,Velocity Networks - Expansion,Proposal,19036,2025-07-22,2024-11-16,Inbound - Web,Best Case,False,False,CompetitorA,,24,Reference call,Expansion,2024-11-16T00:00:00
3497,164,4,Summit Group - Platform Deal,Prospecting,460622,2025-03-29,2024-10-20,Webinar,Pipeline,False,False,CompetitorA,,50,Schedule demo,New Business,2024-10-20T00:00:00
3498,893,8,Atlas Inc - New Business,Qualification,202563,2024-12-30,2024-11-05,Partner Referral,Best Case,False,False,,,57,POC setup,New Business,2024-11-05T00:00:00
3499,413,3,Pacific Labs - Initial License,Discovery,1068762,2025-02-27,2024-08-08,Inbound - Content,Pipeline,False,False,,,9,Schedule demo,New Business,2024-08-08T00:00:00
3500,903,8,Nova Enterprises - New Business,Closed Lost,148119,2024-12-31,2024-10-22,Inbound - Web,Omitted,False,True,CompetitorC,Budget Cut,16,,New Business,2024-10-22T00:00:00
3501,692,5,Velocity Partners - New Business,Qualification,42099,2022-12-28,2022-07-19,Event,Best Case,False,False,,,59,Contract signing,New Business,2022-07-19T00:00:00
3502,928,2,Nova Holdings - Initial License,Closed Won,56221,2024-12-31,2024-12-15,Partner Referral,Closed,True,True,CompetitorE,,19,,New Business,2024-12-15T00:00:00
3503,455,1,Catalyst Services - Platform Deal,Closed Lost,19918,2023-04-06,2023-03-06,Inbound - Content,Omitted,False,True,,Budget Cut,1,,New Business,2023-03-06T00:00:00
977,161,8,Acme Holdings - Initial License,Closed Won,63908,2024-09-25,2024-06-07,Product-Led,Closed,True,True,,,37,,New Business,2024-06-07T00:00:00
3505,841,10,Acme Inc - New Business,Discovery,123172,2023-10-19,2023-07-16,Inbound - Web,Pipeline,False,False,CompetitorA,,15,POC setup,New Business,2023-07-16T00:00:00
3506,754,5,Elevate Inc - Initial License,Qualification,24262,2024-12-31,2024-04-28,Product-Led,Best Case,False,False,CompetitorD,,23,Technical review,New Business,2024-04-28T00:00:00
3507,899,3,Nova Platforms - New Business,Negotiation,9889,2023-05-07,2022-11-08,Inbound - Web,Commit,False,False,CompetitorB,,31,Contract signing,New Business,2022-11-08T00:00:00
3508,296,1,Vertex Corp - Initial License,Proposal,176228,2024-09-19,2024-08-08,Partner Referral,Best Case,False,False,CompetitorC,,12,Legal review,New Business,2024-08-08T00:00:00
3509,931,15,Nova Dynamics - Initial License,Closed Lost,32142,2024-09-28,2024-04-06,Inbound - Web,Omitted,False,True,CompetitorB,Champion Left,26,,New Business,2024-04-06T00:00:00
3510,50,13,Fusion Technologies - New Business,Closed Lost,70820,2023-12-20,2023-11-20,Outbound - SDR,Omitted,False,True,CompetitorB,No Decision,78,,New Business,2023-11-20T00:00:00
3511,954,5,Acme Dynamics - New Business,Negotiation,48187,2024-01-24,2023-09-10,Inbound - Content,Commit,False,False,CompetitorA,,41,Reference call,New Business,2023-09-10T00:00:00
3512,560,14,Quantum Systems - New Business,Negotiation,120743,2023-06-09,2022-12-25,Inbound - Web,Commit,False,False,,,22,Contract signing,New Business,2022-12-25T00:00:00
3513,843,9,Vertex Holdings - New Business,Closed Lost,129098,2024-05-09,2024-03-11,Outbound - AE,Omitted,False,True,CompetitorC,No Decision,29,,New Business,2024-03-11T00:00:00
3514,570,13,Zenith Dynamics - Initial License,Discovery,33311,2023-04-15,2022-08-04,Event,Pipeline,False,False,,,6,,New Business,2022-08-04T00:00:00
3515,126,3,Nexus Networks - Platform Deal,Proposal,116361,2025-04-23,2024-09-07,Webinar,Best Case,False,False,CompetitorB,,11,Technical review,New Business,2024-09-07T00:00:00
3516,710,16,Quantum Enterprises - Platform Deal,Negotiation,11754,2025-02-25,2024-11-07,Webinar,Commit,False,False,,,48,Technical review,New Business,2024-11-07T00:00:00
3517,214,3,Pacific Partners - Initial License,Qualification,42816,2022-11-22,2022-04-02,Inbound - Content,Best Case,False,False,CompetitorB,,14,Reference call,New Business,2022-04-02T00:00:00
3518,144,14,Apex Holdings - Initial License,Closed Lost,159601,2024-12-31,2024-11-19,Inbound - Web,Omitted,False,True,CompetitorA,Budget Cut,16,,New Business,2024-11-19T00:00:00
3519,308,11,Apex Enterprises - Initial License,Qualification,13470,2025-06-18,2024-12-13,Inbound - Web,Best Case,False,False,CompetitorE,,9,Reference call,New Business,2024-12-13T00:00:00
3520,684,6,Synergy Solutions - Platform Deal,Closed Lost,41545,2024-12-27,2024-07-01,Outbound - AE,Omitted,False,True,,Budget Cut,51,,New Business,2024-07-01T00:00:00
3521,567,2,Pacific Dynamics - Initial License,Closed Won,98612,2024-12-31,2024-12-31,Event,Closed,True,True,CompetitorA,,20,,New Business,2024-12-31T00:00:00
3522,880,15,Summit Analytics - Platform Deal,Qualification,44756,2025-03-16,2024-09-18,Webinar,Best Case,False,False,,,39,POC setup,New Business,2024-09-18T00:00:00
3523,148,12,Fusion Technologies - New Business,Prospecting,49756,2024-08-21,2024-06-17,Inbound - Web,Pipeline,False,False,,,62,Executive alignment,New Business,2024-06-17T00:00:00
3524,611,3,Pacific Analytics - Initial License,Qualification,42042,2025-06-21,2024-10-16,Outbound - SDR,Best Case,False,False,Open Source Alternative,,19,Legal review,New Business,2024-10-16T00:00:00
3525,731,11,Horizon Holdings - Initial License,Qualification,32947,2024-07-03,2024-02-12,Outbound - AE,Best Case,False,False,Open Source Alternative,,53,POC setup,New Business,2024-02-12T00:00:00
3526,68,11,Global Partners - New Business,Discovery,227848,2024-08-27,2024-06-09,Product-Led,Pipeline,False,False,CompetitorE,,32,Contract signing,New Business,2024-06-09T00:00:00
3527,796,6,Summit Services - Initial License,Qualification,30821,2023-08-09,2023-01-31,Product-Led,Best Case,False,False,CompetitorB,,45,Schedule demo,New Business,2023-01-31T00:00:00
3528,213,4,Fusion Analytics - Initial License,Discovery,134515,2023-01-25,2022-05-03,Event,Pipeline,False,False,CompetitorE,,50,,New Business,2022-05-03T00:00:00
3529,696,8,Vanguard Enterprises - Initial License,Closed Lost,79860,2024-10-25,2024-08-12,Outbound - AE,Omitted,False,True,,No Decision,14,,New Business,2024-08-12T00:00:00
3530,292,10,Velocity Analytics - Upsell,Discovery,24525,2025-01-23,2024-06-03,Webinar,Pipeline,False,False,,,11,Legal review,Expansion,2024-06-03T00:00:00
3531,572,15,Synergy Digital - Additional Seats,Qualification,32854,2024-01-02,2024-01-08,Partner Referral,Best Case,False,False,,,30,POC setup,Expansion,2024-01-08T00:00:00
3532,195,16,Zenith Holdings - Initial License,Proposal,71061,2025-03-06,2024-10-21,Event,Best Case,False,False,CompetitorA,,61,,New Business,2024-10-21T00:00:00
3533,32,4,Nexus Networks - Platform Deal,Prospecting,29789,2022-11-05,2022-07-05,Event,Pipeline,False,False,Open Source Alternative,,54,Legal review,New Business,2022-07-05T00:00:00
3534,887,1,Fusion Software - Platform Deal,Closed Won,38459,2023-12-28,2023-08-16,Webinar,Closed,True,True,,,12,,New Business,2023-08-16T00:00:00
3535,253,14,Zenith Corp - Platform Deal,Closed Lost,13129,2024-10-25,2024-07-02,Outbound - AE,Omitted,False,True,CompetitorB,Timing,39,,New Business,2024-07-02T00:00:00
3536,932,3,Atlas Networks - Platform Deal,Proposal,25358,2024-05-19,2023-11-15,Event,Best Case,False,False,,,26,Contract signing,New Business,2023-11-15T00:00:00
3537,501,1,Vertex Networks - Renewal,Discovery,20256,2025-04-17,2024-08-26,Partner Referral,Pipeline,False,False,CompetitorC,,9,Legal review,Renewal,2024-08-26T00:00:00
3538,790,16,Nova Partners - Initial License,Negotiation,31530,2025-02-07,2024-11-10,Product-Led,Commit,False,False,Open Source Alternative,,6,POC setup,New Business,2024-11-10T00:00:00
3539,902,15,Pinnacle Platforms - Platform Deal,Closed Won,163992,2024-07-21,2024-04-10,Webinar,Closed,True,True,,,28,,New Business,2024-04-10T00:00:00
3540,47,15,Synergy Partners - New Business,Closed Lost,26915,2024-09-28,2024-05-11,Webinar,Omitted,False,True,CompetitorA,Budget Cut,66,,New Business,2024-05-11T00:00:00
3541,909,6,Vanguard Dynamics - New Business,Qualification,32475,2020-09-15,2020-08-10,Outbound - SDR,Best Case,False,False,,,8,Legal review,New Business,2020-08-10T00:00:00
3542,345,9,Nova Analytics - Initial License,Proposal,11593,2024-09-03,2024-01-13,,Best Case,False,False,,,48,Contract signing,New Business,2024-01-13T00:00:00
3543,777,7,Horizon Digital - New Business,Qualification,48184,2023-07-28,2022-12-04,Partner Referral,Best Case,False,False,CompetitorD,,48,Executive alignment,New Business,2022-12-04T00:00:00
3544,626,14,Fusion Corp - Initial License,Prospecting,51870,2024-06-10,2024-01-04,Inbound - Web,Pipeline,False,False,,,2,Schedule demo,New Business,2024-01-04T00:00:00
3545,436,1,Nova Inc - New Business,Proposal,134295,2024-09-08,2024-05-24,Event,Best Case,False,False,CompetitorA,,45,,New Business,2024-05-24T00:00:00
3546,739,2,Quantum Holdings - Initial License,Discovery,29586,2024-07-09,2023-10-17,Inbound - Web,Pipeline,False,False,Open Source Alternative,,30,Reference call,New Business,2023-10-17T00:00:00
3547,7,4,Catalyst Platforms - Initial License,Proposal,26391,2023-01-28,2022-12-20,Product-Led,Best Case,False,False,Open Source Alternative,,6,Legal review,New Business,2022-12-20T00:00:00
3548,137,5,Catalyst Holdings - New Business,Proposal,25615,2023-01-17,2022-08-21,,Best Case,False,False,CompetitorD,,30,Contract signing,New Business,2022-08-21T00:00:00
3549,943,6,Catalyst Platforms - Initial License,Discovery,368530,2022-11-20,2022-09-18,Outbound - SDR,Pipeline,False,False,CompetitorB,,44,Contract signing,New Business,2022-09-18T00:00:00
3550,583,15,Pacific Analytics - Additional Seats,Prospecting,33262,2024-07-22,2024-03-11,Inbound - Web,Pipeline,False,False,,,50,Reference call,Expansion,2024-03-11T00:00:00
3551,372,16,Pinnacle Group - New Business,Proposal,25897,2024-10-20,2024-07-20,Outbound - AE,Best Case,False,False,,,20,Contract signing,New Business,2024-07-20T00:00:00
3552,382,15,Vanguard Services - Initial License,Discovery,18330,2025-02-17,2024-10-15,Inbound - Content,Pipeline,False,False,CompetitorA,,65,Schedule demo,New Business,2024-10-15T00:00:00
3553,475,1,Acme Digital - Platform Deal,Qualification,44884,2025-04-20,2024-09-16,Product-Led,Best Case,False,False,CompetitorC,,16,Legal review,New Business,2024-09-16T00:00:00
3554,533,14,Fusion Networks - Initial License,Qualification,123346,2024-06-21,2023-11-22,Outbound - SDR,Best Case,False,False,CompetitorC,,3,Legal review,New Business,2023-11-22T00:00:00
3555,80,11,Catalyst Digital - Initial License,Closed Lost,,2024-10-06,2024-03-23,Product-Led,Omitted,False,True,CompetitorB,Competitor,24,,New Business,2024-03-23T00:00:00
3556,131,11,Pinnacle Holdings - New Business,Closed Lost,72821,2024-12-19,2024-09-27,Event,Omitted,False,True,CompetitorE,Lost to Status Quo,29,,New Business,2024-09-27T00:00:00
3557,685,3,Fusion Group - Initial License,Qualification,55170,2021-03-06,2020-12-02,Event,Best Case,False,False,CompetitorB,,14,Executive alignment,New Business,2020-12-02T00:00:00
3558,239,11,Catalyst Analytics - Renewal,Closed Won,67253,2024-12-31,2024-08-28,Inbound - Content,Closed,True,True,Open Source Alternative,,60,,Renewal,2024-08-28T00:00:00
3559,790,16,Nova Partners - Platform Deal,Qualification,48310,2025-07-14,2024-11-25,Outbound - AE,Best Case,False,False,CompetitorA,,23,Executive alignment,New Business,2024-11-25T00:00:00
3560,267,4,Quantum Analytics - New Business,Closed Won,37302,2024-03-28,2023-12-05,Outbound - AE,Closed,True,True,,,33,,New Business,2023-12-05T00:00:00
3561,402,15,Global Holdings - New Business,Qualification,25870,2025-02-09,2024-08-11,Webinar,Best Case,False,False,CompetitorA,,54,POC setup,New Business,2024-08-11T00:00:00
3562,309,3,Quantum Inc - New Business,Prospecting,25663,2021-05-09,2020-11-01,Outbound - SDR,Pipeline,False,False,CompetitorA,,17,Contract signing,New Business,2020-11-01T00:00:00
3563,255,15,Pacific Labs - Initial License,Closed Lost,943721,2024-12-31,2024-12-07,Inbound - Content,Omitted,False,True,,Budget Cut,42,,New Business,2024-12-07T00:00:00
3564,527,1,Atlas Systems - Initial License,Prospecting,98117,2023-05-08,2022-09-09,Webinar,Pipeline,False,False,Open Source Alternative,,19,Executive alignment,New Business,2022-09-09T00:00:00
3565,428,8,Nova Analytics - Initial License,Discovery,135754,2023-10-22,2023-09-01,Inbound - Content,Pipeline,False,False,,,50,POC setup,New Business,2023-09-01T00:00:00
3566,109,14,Nexus Dynamics - New Business,Discovery,891408,2024-02-16,2024-01-03,Event,Pipeline,False,False,CompetitorA,,64,Executive alignment,New Business,2024-01-03T00:00:00
3567,589,9,Velocity Labs - Platform Deal,Prospecting,490676,2025-01-31,2024-12-11,Event,Pipeline,False,False,CompetitorB,,65,Technical review,New Business,2024-12-11T00:00:00
3568,484,14,Acme Technologies - Initial License,Prospecting,54667,2021-09-28,2021-04-29,Webinar,Pipeline,False,False,CompetitorD,,69,Executive alignment,New Business,2021-04-29T00:00:00
3569,915,15,Nova Inc - Initial License,Negotiation,44417,2024-05-01,2024-05-04,Event,Commit,False,False,CompetitorD,,20,Send proposal,New Business,2024-05-04T00:00:00
3570,871,5,Global Networks - New Business,Negotiation,87566,2021-07-29,2021-06-22,Event,Commit,False,False,CompetitorA,,17,,New Business,2021-06-22T00:00:00
3571,31,14,Atlas Technologies - New Business,Closed Lost,34265,2024-12-31,2024-09-08,Partner Referral,Omitted,False,True,CompetitorB,Competitor,1,,New Business,2024-09-08T00:00:00
3572,158,14,Pinnacle Holdings - Platform Deal,Closed Lost,49786,2023-03-21,2022-12-02,Webinar,Omitted,False,True,CompetitorB,Feature Gap,55,,New Business,2022-12-02T00:00:00
3573,994,1,Nova Enterprises - Platform Deal,Prospecting,17334,2024-12-19,2024-05-09,Inbound - Web,Pipeline,False,False,,,7,,New Business,2024-05-09T00:00:00
3574,387,4,Fusion Systems - New Business,Qualification,22983,2025-02-08,2024-06-30,,Best Case,False,False,CompetitorD,,49,Reference call,New Business,2024-06-30T00:00:00
3575,650,9,Pinnacle Inc - Initial License,Qualification,814068,2024-10-22,2024-09-19,Inbound - Content,Best Case,False,False,,,57,Executive alignment,New Business,2024-09-19T00:00:00
3576,757,16,Acme Analytics - Platform Deal,Closed Lost,46572,2024-12-31,2024-11-10,Webinar,Omitted,False,True,CompetitorD,Budget Cut,27,,New Business,2024-11-10T00:00:00
3577,607,2,Horizon Labs - Platform Deal,Proposal,113807,2025-09-11,2024-12-18,,Best Case,False,False,CompetitorC,,34,Schedule demo,New Business,2024-12-18T00:00:00
3578,22,1,Atlas Enterprises - Additional Seats,Qualification,53075,2024-05-12,2024-03-29,Product-Led,Best Case,False,False,,,36,Executive alignment,Expansion,2024-03-29T00:00:00
3579,732,13,Vertex Partners - Platform Deal,Closed Lost,54572,2024-12-31,2024-12-18,Product-Led,Omitted,False,True,,Feature Gap,32,,New Business,2024-12-18T00:00:00
3580,115,4,Pacific Inc - Platform Deal,Prospecting,117038,2024-01-04,2023-08-25,Partner Referral,Pipeline,False,False,,,30,Technical review,New Business,2023-08-25T00:00:00
3581,734,8,Optima Networks - Initial License,Discovery,19679,2025-02-06,2024-12-31,Outbound - SDR,Pipeline,False,False,CompetitorC,,6,Reference call,New Business,2024-12-31T00:00:00
3582,734,8,Optima Networks - Initial License,Closed Won,15181,2024-12-31,2024-10-13,Outbound - SDR,Closed,True,True,CompetitorC,,37,,New Business,2024-10-13T00:00:00
3583,218,11,Fusion Holdings - Initial License,Closed Lost,108675,2024-09-30,2024-03-13,Webinar,Omitted,False,True,,Champion Left,45,,New Business,2024-03-13T00:00:00
3584,494,12,Synergy Platforms - Platform Deal,Qualification,31061,2021-09-18,2021-05-04,Event,Best Case,False,False,CompetitorD,,61,Send proposal,New Business,2021-05-04T00:00:00
3585,98,3,Velocity Solutions - New Business,Qualification,6027,2024-09-28,2024-06-10,Product-Led,Best Case,False,False,,,8,Technical review,New Business,2024-06-10T00:00:00
3586,378,13,Vanguard Networks - Platform Deal,Prospecting,987055,2022-08-28,2022-02-05,Outbound - SDR,Pipeline,False,False,,,16,Technical review,New Business,2022-02-05T00:00:00
3587,957,8,Acme Networks - Initial License,Qualification,23028,2024-06-18,2024-01-24,Partner Referral,Best Case,False,False,,,48,Schedule demo,New Business,2024-01-24T00:00:00
3588,180,2,Quantum Digital - New Business,Discovery,37234,2025-05-03,2024-11-06,Event,Pipeline,False,False,,,17,Schedule demo,New Business,2024-11-06T00:00:00
3589,14,7,Pacific Enterprises - Platform Deal,Discovery,35867,2025-05-20,2024-11-29,Inbound - Content,Pipeline,False,False,,,20,Reference call,New Business,2024-11-29T00:00:00
3590,331,16,Vertex Services - Initial License,Closed Lost,222674,2022-12-24,2022-08-05,Webinar,Omitted,False,True,,Budget Cut,24,,New Business,2022-08-05T00:00:00
3591,369,2,Pacific Solutions - Upsell,Closed Won,9322,2024-12-31,2024-11-03,Product-Led,Closed,True,True,CompetitorC,,40,,Expansion,2024-11-03T00:00:00
3592,148,12,Fusion Technologies - New Business,Closed Won,17997,2024-06-19,2024-02-07,Partner Referral,Closed,True,True,CompetitorB,,44,,New Business,2024-02-07T00:00:00
3593,886,14,Summit Solutions - New Business,Negotiation,143942,2024-01-12,2024-01-23,Outbound - AE,Commit,False,False,CompetitorA,,52,Technical review,New Business,2024-01-23T00:00:00
3594,81,6,Acme Analytics - Platform Deal,Closed Lost,122301,2024-06-22,2024-05-12,Event,Omitted,False,True,CompetitorA,Lost to Status Quo,56,,New Business,2024-05-12T00:00:00
3595,319,16,Acme Partners - New Business,Prospecting,,2025-02-24,2024-12-05,Partner Referral,Pipeline,False,False,CompetitorA,,2,,New Business,2024-12-05T00:00:00
3596,127,5,Pinnacle Platforms - New Business,Discovery,45138,2024-02-01,2023-12-09,Event,Pipeline,False,False,,,54,Technical review,New Business,2023-12-09T00:00:00
3597,949,8,Optima Software - Initial License,Closed Lost,185688,2022-03-25,2021-09-14,,Omitted,False,True,CompetitorC,Price,3,,New Business,2021-09-14T00:00:00
3598,385,13,Nexus Systems - New Business,Negotiation,,2023-07-27,2023-01-28,Inbound - Content,Commit,False,False,CompetitorB,,42,,New Business,2023-01-28T00:00:00
3599,208,10,Vertex Enterprises - New Business,Qualification,29074,2024-11-29,2024-09-30,Partner Referral,Best Case,False,False,,,52,Executive alignment,New Business,2024-09-30T00:00:00
3600,217,3,Quantum Technologies - Platform Deal,Proposal,33395,2025-04-19,2024-10-03,Event,Best Case,False,False,CompetitorC,,9,Reference call,New Business,2024-10-03T00:00:00
3601,767,16,Summit Dynamics - New Business,Negotiation,34027,2025-03-09,2024-12-23,Partner Referral,Commit,False,False,CompetitorE,,29,POC setup,New Business,2024-12-23T00:00:00
3602,51,16,Zenith Services - Initial License,Proposal,139142,2025-02-19,2024-12-21,Outbound - AE,Best Case,False,False,,,62,Reference call,New Business,2024-12-21T00:00:00
3603,463,11,Global Partners - Platform Deal,Closed Lost,205854,2024-03-23,2023-12-20,Event,Omitted,False,True,CompetitorA,Feature Gap,43,,New Business,2023-12-20T00:00:00
3604,43,2,Velocity Corp - New Business,Discovery,17888,2023-10-07,2023-01-20,Inbound - Content,Pipeline,False,False,,,30,Executive alignment,New Business,2023-01-20T00:00:00
3605,335,2,Pacific Digital - Initial License,Qualification,90295,2024-11-17,2024-07-18,Outbound - AE,Best Case,False,False,CompetitorA,,1,Executive alignment,New Business,2024-07-18T00:00:00
3606,365,5,Acme Solutions - Initial License,Discovery,454570,2025-08-18,2024-12-17,Inbound - Web,Pipeline,False,False,CompetitorB,,40,Send proposal,New Business,2024-12-17T00:00:00
3607,188,11,Apex Dynamics - Platform Deal,Proposal,6261,2021-09-05,2021-04-17,Inbound - Web,Best Case,False,False,Open Source Alternative,,35,Send proposal,New Business,2021-04-17T00:00:00
3608,451,11,Nova Digital - Platform Deal,Discovery,748502,2024-06-04,2024-02-11,Inbound - Content,Pipeline,False,False,CompetitorA,,30,POC setup,New Business,2024-02-11T00:00:00
3609,332,10,Apex Labs - New Business,Prospecting,27413,2025-06-27,2024-12-22,Inbound - Content,Pipeline,False,False,CompetitorB,,63,POC setup,New Business,2024-12-22T00:00:00
3610,945,11,Apex Corp - New Business,Closed Won,23458,2024-12-31,2024-12-24,Product-Led,Closed,True,True,,,5,,New Business,2024-12-24T00:00:00
3611,373,10,Nexus Networks - Platform Deal,Closed Won,33410,2023-12-28,2023-09-30,Partner Referral,Closed,True,True,,,69,,New Business,2023-09-30T00:00:00
3612,736,15,Velocity Digital - Platform Deal,Prospecting,29274,2025-07-16,2024-12-07,Partner Referral,Pipeline,False,False,,,24,POC setup,New Business,2024-12-07T00:00:00
3613,701,8,Global Services - Expansion,Negotiation,590513,2024-02-02,2023-09-07,Event,Commit,False,False,CompetitorA,,30,,Expansion,2023-09-07T00:00:00
3614,752,13,Optima Technologies - Initial License,Prospecting,37346,2025-03-16,2024-08-14,Outbound - SDR,Pipeline,False,False,Open Source Alternative,,10,,New Business,2024-08-14T00:00:00
3615,732,13,Vertex Partners - Platform Deal,Proposal,17604,2025-04-26,2024-08-18,Product-Led,Best Case,False,False,CompetitorD,,76,,New Business,2024-08-18T00:00:00
3616,344,13,Optima Corp - Platform Deal,Discovery,24493,2024-05-12,2024-04-01,Product-Led,Pipeline,False,False,CompetitorE,,47,POC setup,New Business,2024-04-01T00:00:00
3617,846,9,Vanguard Networks - Initial License,Prospecting,53200,2021-01-11,2020-11-03,,Pipeline,False,False,CompetitorD,,37,POC setup,New Business,2020-11-03T00:00:00
3618,132,12,Fusion Digital - Upsell,Proposal,47033,2022-08-29,2022-07-08,Product-Led,Best Case,False,False,CompetitorC,,19,Executive alignment,Expansion,2022-07-08T00:00:00
3619,43,2,Velocity Corp - Platform Deal,Discovery,27340,2024-10-29,2024-06-18,Outbound - SDR,Pipeline,False,False,CompetitorE,,31,,New Business,2024-06-18T00:00:00
3620,79,1,Nexus Labs - New Business,Closed Lost,142506,2024-02-05,2024-01-02,Partner Referral,Omitted,False,True,CompetitorD,Price,33,,New Business,2024-01-02T00:00:00
3621,518,10,Velocity Solutions - New Business,Proposal,35955,2025-06-21,2024-10-16,Outbound - SDR,Best Case,False,False,,,2,Send proposal,New Business,2024-10-16T00:00:00
3622,115,4,Pacific Inc - New Business,Proposal,111709,2021-08-04,2021-02-05,Partner Referral,Best Case,False,False,CompetitorB,,48,Technical review,New Business,2021-02-05T00:00:00
3623,327,11,Horizon Inc - Platform Deal,Prospecting,109234,2021-10-28,2021-07-07,Inbound - Web,Pipeline,False,False,,,26,Contract signing,New Business,2021-07-07T00:00:00
3624,11,7,Velocity Partners - Initial License,Discovery,378234,2025-04-05,2024-09-29,Product-Led,Pipeline,False,False,,,13,Executive alignment,New Business,2024-09-29T00:00:00
3625,30,16,Fusion Networks - Platform Deal,Discovery,28778,2025-01-27,2024-07-26,Inbound - Web,Pipeline,False,False,CompetitorA,,19,Contract signing,New Business,2024-07-26T00:00:00
3626,845,7,Velocity Corp - Initial License,Prospecting,141107,2025-01-04,2024-07-19,Outbound - SDR,Pipeline,False,False,CompetitorE,,52,Legal review,New Business,2024-07-19T00:00:00
3627,41,16,Nexus Corp - New Business,Closed Won,38780,2022-01-14,2021-09-23,Outbound - SDR,Closed,True,True,CompetitorD,,52,,New Business,2021-09-23T00:00:00
3628,446,14,Summit Networks - Platform Deal,Discovery,8720,2023-02-07,2022-10-04,Event,Pipeline,False,False,,,20,Technical review,New Business,2022-10-04T00:00:00
3629,184,3,Fusion Holdings - New Business,Closed Lost,374558,2024-06-21,2024-03-18,Inbound - Content,Omitted,False,True,Open Source Alternative,Budget Cut,42,,New Business,2024-03-18T00:00:00
3630,425,7,Pinnacle Partners - New Business,Prospecting,37246,2024-10-29,2024-08-29,Inbound - Web,Pipeline,False,False,Open Source Alternative,,1,,New Business,2024-08-29T00:00:00
3631,600,1,Nexus Labs - Platform Deal,Discovery,129411,2025-04-02,2024-11-01,Outbound - AE,Pipeline,False,False,CompetitorB,,20,Reference call,New Business,2024-11-01T00:00:00
3632,989,6,Nexus Holdings - Expansion,Qualification,2318,2025-05-06,2024-12-15,Event,Best Case,False,False,,,23,Executive alignment,Expansion,2024-12-15T00:00:00
3633,111,14,Pinnacle Partners - Platform Deal,Discovery,32028,2024-01-10,2023-09-06,Outbound - AE,Pipeline,False,False,CompetitorE,,63,,New Business,2023-09-06T00:00:00
3634,768,7,Pacific Holdings - Platform Deal,Discovery,40454,2024-07-12,2024-05-23,Event,Pipeline,False,False,,,37,,New Business,2024-05-23T00:00:00
3635,608,16,Nexus Services - Additional Seats,Discovery,3700,2024-12-15,2024-06-19,Inbound - Content,Pipeline,False,False,CompetitorB,,5,Technical review,Expansion,2024-06-19T00:00:00
3636,248,14,Horizon Digital - Initial License,Qualification,101271,2024-04-03,2024-01-23,Inbound - Content,Best Case,False,False,,,61,Technical review,New Business,2024-01-23T00:00:00
3205,282,15,Global Networks - Initial License,Prospecting,34105,2024-11-28,2024-08-17,Outbound - AE,Pipeline,False,False,,,36,Schedule demo,New Business,2024-08-17T00:00:00
3638,761,7,Summit Corp - Platform Deal,Qualification,44126,2025-05-13,2024-09-16,Product-Led,Best Case,False,False,CompetitorA,,43,Reference call,New Business,2024-09-16T00:00:00
3639,546,7,Velocity Inc - Contract Renewal,Prospecting,,2023-03-17,2022-09-24,Outbound - SDR,Pipeline,False,False,,,1,POC setup,Renewal,2022-09-24T00:00:00
3640,515,4,Vertex Software - New Business,Qualification,170147,2024-04-09,2024-02-08,Event,Best Case,False,False,Open Source Alternative,,37,Schedule demo,New Business,2024-02-08T00:00:00
3641,650,9,Pinnacle Inc - Initial License,Discovery,587238,2025-07-26,2024-12-10,Product-Led,Pipeline,False,False,,,39,Technical review,New Business,2024-12-10T00:00:00
3642,708,5,Apex Corp - Platform Deal,Discovery,9384,2023-07-21,2023-05-21,Partner Referral,Pipeline,False,False,,,39,Send proposal,New Business,2023-05-21T00:00:00
3643,802,4,Vanguard Analytics - New Business,Prospecting,744773,2023-03-08,2022-07-13,,Pipeline,False,False,,,16,Legal review,New Business,2022-07-13T00:00:00
3644,477,13,Summit Software - Platform Deal,Closed Won,44972,2023-09-21,2023-04-28,Inbound - Web,Closed,True,True,,,46,,New Business,2023-04-28T00:00:00
3645,791,3,Acme Group - Platform Deal,Discovery,39097,2024-11-17,2024-08-14,Webinar,Pipeline,False,False,,,11,Legal review,New Business,2024-08-14T00:00:00
3646,114,8,Nova Partners - Renewal,Closed Lost,36528,2024-12-31,2024-11-02,Webinar,Omitted,False,True,CompetitorB,Budget Cut,45,,Renewal,2024-11-02T00:00:00
3647,305,2,Pacific Dynamics - New Business,Prospecting,57203,2024-07-30,2024-06-27,Partner Referral,Pipeline,False,False,CompetitorD,,40,Contract signing,New Business,2024-06-27T00:00:00
3648,148,16,Fusion Technologies - Expansion,Prospecting,16231,2025-05-05,2024-12-20,Inbound - Web,Pipeline,False,False,,,59,Schedule demo,Expansion,2024-12-20T00:00:00
3649,425,13,Pinnacle Partners - New Business,Proposal,47907,2023-12-31,2023-11-15,Outbound - SDR,Best Case,False,False,CompetitorD,,72,,New Business,2023-11-15T00:00:00
3650,150,16,Quantum Holdings - Expansion,Discovery,10019,2024-12-23,2024-09-17,Inbound - Web,Pipeline,False,False,CompetitorE,,44,Technical review,Expansion,2024-09-17T00:00:00
3046,940,13,Atlas Group - New Business,Closed Lost,30943,2024-12-31,2024-10-21,Inbound - Content,Omitted,False,True,CompetitorA,Competitor,36,,New Business,2024-10-21T00:00:00
3652,599,3,Synergy Solutions - Initial License,Closed Won,98157,2024-12-24,2024-06-18,Webinar,Closed,True,True,,,20,,New Business,2024-06-18T00:00:00
3653,157,4,Pacific Partners - Initial License,Closed Lost,10952,2024-10-26,2024-09-09,Inbound - Content,Omitted,False,True,CompetitorC,Champion Left,5,,New Business,2024-09-09T00:00:00
3654,590,12,Quantum Enterprises - Platform Deal,Prospecting,38416,2024-02-25,2023-12-17,Inbound - Content,Pipeline,False,False,CompetitorA,,68,Legal review,New Business,2023-12-17T00:00:00
3655,791,3,Acme Group - Initial License,Closed Lost,44947,2024-12-31,2024-10-12,Partner Referral,Omitted,False,True,,Timing,21,,New Business,2024-10-12T00:00:00
3656,513,8,Nova Software - Platform Deal,Qualification,,2021-01-08,2021-02-06,Outbound - SDR,Best Case,False,False,CompetitorA,,17,Executive alignment,New Business,2021-02-06T00:00:00
3657,599,15,Synergy Solutions - Initial License,Qualification,74475,2024-09-29,2024-07-02,Inbound - Web,Best Case,False,False,CompetitorB,,42,Legal review,New Business,2024-07-02T00:00:00
3658,484,11,Acme Technologies - Platform Deal,Discovery,91668,2024-06-13,2024-05-07,Partner Referral,Pipeline,False,False,,,65,,New Business,2024-05-07T00:00:00
3659,596,5,Fusion Solutions - Expansion,Prospecting,55439,2025-02-03,2024-08-16,Outbound - SDR,Pipeline,False,False,CompetitorA,,52,Reference call,Expansion,2024-08-16T00:00:00
3660,281,7,Horizon Systems - Platform Deal,Discovery,42819,2024-09-04,2024-07-22,Product-Led,Pipeline,False,False,,,56,Legal review,New Business,2024-07-22T00:00:00
3661,609,8,Nova Analytics - New Business,Prospecting,34305,2024-01-03,2023-10-02,Outbound - SDR,Pipeline,False,False,,,27,Technical review,New Business,2023-10-02T00:00:00
3662,691,15,Pinnacle Holdings - New Business,Negotiation,797494,2025-02-13,2024-12-01,Outbound - SDR,Commit,False,False,CompetitorE,,64,,New Business,2024-12-01T00:00:00
3663,275,16,Acme Inc - Platform Deal,Discovery,456030,2023-12-25,2023-09-29,Outbound - SDR,Pipeline,False,False,CompetitorE,,13,,New Business,2023-09-29T00:00:00
3664,987,3,Horizon Digital - Platform Deal,Qualification,287638,2024-12-20,2024-04-25,Inbound - Content,Best Case,False,False,CompetitorE,,23,POC setup,New Business,2024-04-25T00:00:00
3665,599,3,Synergy Solutions - New Business,Closed Lost,81813,2024-08-22,2024-06-08,Outbound - SDR,Omitted,False,True,CompetitorE,Budget Cut,12,,New Business,2024-06-08T00:00:00
3666,973,8,Pacific Corp - Upsell,Discovery,19190,2022-11-21,2022-10-17,Event,Pipeline,False,False,CompetitorD,,21,Executive alignment,Expansion,2022-10-17T00:00:00
3667,288,12,Quantum Enterprises - Initial License,Negotiation,33410,2024-11-01,2024-04-03,Inbound - Web,Commit,False,False,Open Source Alternative,,3,Technical review,New Business,2024-04-03T00:00:00
3668,549,6,Velocity Platforms - Platform Deal,Closed Lost,15782,2024-12-31,2024-12-01,Outbound - SDR,Omitted,False,True,CompetitorB,Timing,51,,New Business,2024-12-01T00:00:00
3669,518,10,Velocity Solutions - Initial License,Discovery,9727,2024-08-20,2024-04-11,,Pipeline,False,False,CompetitorC,,16,Executive alignment,New Business,2024-04-11T00:00:00
3670,67,4,Catalyst Corp - Additional Seats,Negotiation,4203,2024-05-26,2024-01-02,Outbound - SDR,Commit,False,False,,,34,,Expansion,2024-01-02T00:00:00
3671,676,7,Horizon Networks - New Business,Closed Lost,229060,2024-09-22,2024-04-06,Product-Led,Omitted,False,True,CompetitorD,Feature Gap,8,,New Business,2024-04-06T00:00:00
3672,130,2,Pinnacle Solutions - New Business,Closed Lost,23259,2023-07-01,2023-05-13,,Omitted,False,True,Open Source Alternative,Competitor,18,,New Business,2023-05-13T00:00:00
3673,592,4,Nexus Labs - Platform Deal,Discovery,30637,2024-02-25,2023-07-01,Partner Referral,Pipeline,False,False,CompetitorA,,42,Legal review,New Business,2023-07-01T00:00:00
3674,984,2,Horizon Services - New Business,Qualification,49679,2024-12-12,2024-11-07,,Best Case,False,False,CompetitorD,,25,Technical review,New Business,2024-11-07T00:00:00
3675,938,5,Synergy Dynamics - Initial License,Qualification,6246,2025-02-02,2024-12-31,Outbound - SDR,Best Case,False,False,,,48,Contract signing,New Business,2024-12-31T00:00:00
3676,283,3,Global Analytics - Initial License,Negotiation,99522,2020-12-19,2020-05-24,Inbound - Content,Commit,False,False,CompetitorE,,34,Contract signing,New Business,2020-05-24T00:00:00
3677,542,1,Apex Networks - New Business,Proposal,14734,2024-07-06,2024-03-24,Partner Referral,Best Case,False,False,CompetitorB,,41,Executive alignment,New Business,2024-03-24T00:00:00
3678,131,11,Pinnacle Holdings - Initial License,Qualification,161000,2024-07-23,2024-03-21,Outbound - AE,Best Case,False,False,CompetitorE,,31,POC setup,New Business,2024-03-21T00:00:00
3679,180,2,Quantum Digital - Additional Seats,Closed Lost,18418,2024-12-31,2024-10-14,,Omitted,False,True,CompetitorD,Lost to Status Quo,42,,Expansion,2024-10-14T00:00:00
3680,517,3,Zenith Enterprises - Platform Deal,Discovery,63415,2023-11-02,2023-08-04,Outbound - AE,Pipeline,False,False,CompetitorA,,9,Legal review,New Business,2023-08-04T00:00:00
3681,652,1,Optima Enterprises - Platform Deal,Negotiation,346199,2024-09-08,2024-08-09,Outbound - SDR,Commit,False,False,,,28,Contract signing,New Business,2024-08-09T00:00:00
3682,884,15,Optima Dynamics - New Business,Prospecting,165307,2024-04-27,2024-03-23,Outbound - AE,Pipeline,False,False,CompetitorD,,52,Schedule demo,New Business,2024-03-23T00:00:00
3683,696,8,Vanguard Enterprises - Platform Deal,Proposal,81012,2025-01-02,2024-09-11,Webinar,Best Case,False,False,CompetitorC,,30,Reference call,New Business,2024-09-11T00:00:00
3684,88,15,Elevate Inc - Platform Deal,Negotiation,23515,2025-03-07,2024-10-21,Inbound - Content,Commit,False,False,CompetitorD,,11,Technical review,New Business,2024-10-21T00:00:00
3685,581,1,Synergy Inc - Platform Deal,Negotiation,86903,2023-01-08,2022-08-22,Webinar,Commit,False,False,CompetitorD,,41,Contract signing,New Business,2022-08-22T00:00:00
3686,913,7,Global Networks - Platform Deal,Closed Lost,21799,2023-03-24,2022-11-09,Inbound - Content,Omitted,False,True,CompetitorA,Feature Gap,41,,New Business,2022-11-09T00:00:00
3687,391,11,Global Software - New Business,Discovery,14836,2024-12-03,2024-08-16,Inbound - Content,Pipeline,False,False,,,56,Send proposal,New Business,2024-08-16T00:00:00
3688,910,16,Zenith Software - New Business,Qualification,27992,2024-11-04,2024-03-19,Partner Referral,Best Case,False,False,,,33,Executive alignment,New Business,2024-03-19T00:00:00
3689,192,15,Apex Services - Renewal,Qualification,59182,2025-07-29,2024-11-12,Partner Referral,Best Case,False,False,,,63,Contract signing,Renewal,2024-11-12T00:00:00
3690,498,3,Catalyst Labs - Initial License,Qualification,15413,2023-10-24,2023-09-23,Outbound - SDR,Best Case,False,False,,,30,Executive alignment,New Business,2023-09-23T00:00:00
3691,373,13,Nexus Networks - New Business,Closed Won,36572,2023-09-19,2023-03-15,Outbound - AE,Closed,True,True,,,1,,New Business,2023-03-15T00:00:00
3692,353,12,Zenith Corp - Initial License,Closed Lost,33989,2023-05-24,2023-01-02,Partner Referral,Omitted,False,True,,Competitor,39,,New Business,2023-01-02T00:00:00
3693,253,16,Zenith Corp - Platform Deal,Prospecting,31130,2024-04-19,2023-11-25,Product-Led,Pipeline,False,False,,,17,Contract signing,New Business,2023-11-25T00:00:00
3694,190,1,Pinnacle Digital - New Business,Negotiation,185459,2021-09-15,2021-07-26,Event,Commit,False,False,,,45,Reference call,New Business,2021-07-26T00:00:00
3695,51,14,Zenith Services - Initial License,Discovery,25144,2025-02-25,2024-10-18,Inbound - Web,Pipeline,False,False,CompetitorE,,57,Contract signing,New Business,2024-10-18T00:00:00
3696,647,13,Zenith Technologies - Initial License,Proposal,40997,2020-09-16,2020-09-19,Outbound - AE,Best Case,False,False,CompetitorB,,42,POC setup,New Business,2020-09-19T00:00:00
3697,352,2,Fusion Holdings - Initial License,Qualification,634532,2025-05-05,2024-11-26,,Best Case,False,False,CompetitorA,,7,Legal review,New Business,2024-11-26T00:00:00
3698,367,7,Synergy Systems - New Business,Prospecting,5084,2023-11-13,2023-07-07,Partner Referral,Pipeline,False,False,,,51,Contract signing,New Business,2023-07-07T00:00:00
3699,907,14,Global Digital - Platform Deal,Qualification,25780,2025-05-01,2024-11-13,,Best Case,False,False,CompetitorC,,39,,New Business,2024-11-13T00:00:00
3700,58,12,Acme Group - New Business,Discovery,90554,2024-01-04,2023-10-08,Inbound - Content,Pipeline,False,False,CompetitorE,,10,POC setup,New Business,2023-10-08T00:00:00
3701,171,5,Nexus Group - Contract Renewal,Prospecting,67641,2023-06-24,2023-05-23,Outbound - AE,Pipeline,False,False,,,8,Schedule demo,Renewal,2023-05-23T00:00:00
3702,181,4,Synergy Holdings - New Business,Closed Lost,93163,2024-06-17,2024-02-10,Outbound - SDR,Omitted,False,True,,Competitor,47,,New Business,2024-02-10T00:00:00
3703,618,2,Horizon Platforms - Initial License,Discovery,36035,2022-01-14,2021-07-17,Outbound - AE,Pipeline,False,False,,,36,Contract signing,New Business,2021-07-17T00:00:00
3704,52,5,Fusion Inc - Initial License,Discovery,49405,2024-11-26,2024-09-22,Outbound - SDR,Pipeline,False,False,CompetitorE,,43,Reference call,New Business,2024-09-22T00:00:00
3705,8,1,Optima Networks - Initial License,Prospecting,550444,2024-10-31,2024-08-21,Outbound - SDR,Pipeline,False,False,,,21,Executive alignment,New Business,2024-08-21T00:00:00
3706,735,3,Apex Dynamics - New Business,Qualification,,2025-03-18,2024-09-19,Inbound - Web,Best Case,False,False,CompetitorB,,13,Reference call,New Business,2024-09-19T00:00:00
3707,640,8,Pinnacle Technologies - Contract Renewal,Proposal,34985,2022-06-18,2022-03-06,Product-Led,Best Case,False,False,,,1,Executive alignment,Renewal,2022-03-06T00:00:00
3708,65,8,Horizon Inc - Initial License,Prospecting,68071,2022-07-02,2021-11-01,Outbound - SDR,Pipeline,False,False,CompetitorC,,52,Contract signing,New Business,2021-11-01T00:00:00
3709,886,14,Summit Solutions - Platform Deal,Negotiation,119770,2024-01-27,2023-08-01,Inbound - Web,Commit,False,False,CompetitorE,,58,Reference call,New Business,2023-08-01T00:00:00
3710,795,4,Vertex Technologies - Platform Deal,Discovery,92625,2023-11-24,2023-10-01,Partner Referral,Pipeline,False,False,CompetitorA,,4,Technical review,New Business,2023-10-01T00:00:00
3711,436,1,Nova Inc - Initial License,Closed Lost,977672,2024-10-28,2024-07-01,Outbound - SDR,Omitted,False,True,Open Source Alternative,Competitor,23,,New Business,2024-07-01T00:00:00
3712,137,5,Catalyst Holdings - Platform Deal,Proposal,19480,2022-09-21,2022-08-16,Partner Referral,Best Case,False,False,,,22,Send proposal,New Business,2022-08-16T00:00:00
3713,594,1,Elevate Digital - Initial License,Discovery,59061,2023-08-18,2023-06-27,Event,Pipeline,False,False,CompetitorD,,2,Technical review,New Business,2023-06-27T00:00:00
3714,791,3,Acme Group - Platform Deal,Closed Lost,47144,2024-12-25,2024-12-15,,Omitted,False,True,CompetitorA,Lost to Status Quo,18,,New Business,2024-12-15T00:00:00
3715,366,3,Acme Enterprises - Initial License,Proposal,133527,2024-01-15,2023-12-09,Webinar,Best Case,False,False,,,7,Schedule demo,New Business,2023-12-09T00:00:00
3716,235,16,Synergy Networks - Platform Deal,Qualification,99798,2023-03-27,2022-10-16,Outbound - AE,Best Case,False,False,,,29,Technical review,New Business,2022-10-16T00:00:00
3717,151,16,Atlas Group - Platform Deal,Proposal,229166,2025-04-27,2024-09-16,Outbound - SDR,Best Case,False,False,,,17,Send proposal,New Business,2024-09-16T00:00:00
3718,566,15,Optima Analytics - Platform Deal,Prospecting,344175,2025-05-11,2024-10-02,Outbound - SDR,Pipeline,False,False,,,7,Legal review,New Business,2024-10-02T00:00:00
3719,539,13,Summit Systems - Initial License,Closed Won,101360,2023-09-04,2023-02-19,Event,Closed,True,True,CompetitorC,,8,,New Business,2023-02-19T00:00:00
3720,355,3,Zenith Holdings - Initial License,Prospecting,42575,2022-04-28,2022-02-20,Outbound - SDR,Pipeline,False,False,CompetitorA,,30,Contract signing,New Business,2022-02-20T00:00:00
3721,486,2,Zenith Platforms - Initial License,Qualification,527251,2023-06-07,2023-01-29,Event,Best Case,False,False,CompetitorA,,3,Executive alignment,New Business,2023-01-29T00:00:00
3722,624,4,Global Enterprises - Expansion,Discovery,8831,2024-02-24,2023-12-05,Event,Pipeline,False,False,CompetitorC,,29,Technical review,Expansion,2023-12-05T00:00:00
3723,917,10,Acme Group - Initial License,Negotiation,34317,2025-08-13,2024-12-16,Inbound - Content,Commit,False,False,,,17,Technical review,New Business,2024-12-16T00:00:00
2910,362,11,Pacific Labs - Expansion,Prospecting,18654,2024-06-21,2024-03-02,Product-Led,Pipeline,False,False,,,7,Send proposal,Expansion,2024-03-02T00:00:00
3725,434,13,Summit Networks - Platform Deal,Proposal,189349,2022-12-09,2022-05-05,Outbound - AE,Best Case,False,False,,,39,,New Business,2022-05-05T00:00:00
3726,375,8,Pinnacle Labs - Expansion,Prospecting,82683,2024-11-26,2024-08-24,Product-Led,Pipeline,False,False,CompetitorB,,27,Schedule demo,Expansion,2024-08-24T00:00:00
3727,572,7,Synergy Digital - Additional Seats,Prospecting,88771,2024-12-09,2024-04-08,Event,Pipeline,False,False,CompetitorA,,22,Schedule demo,Expansion,2024-04-08T00:00:00
3728,190,11,Pinnacle Digital - New Business,Closed Won,67818,2024-12-31,2024-12-16,Inbound - Content,Closed,True,True,CompetitorC,,26,,New Business,2024-12-16T00:00:00
3729,929,6,Vertex Services - New Business,Proposal,16110,2025-03-04,2024-11-24,Webinar,Best Case,False,False,CompetitorE,,21,Reference call,New Business,2024-11-24T00:00:00
2334,685,9,Fusion Group - Platform Deal,Proposal,27900,2021-06-07,2021-04-21,Product-Led,Best Case,False,False,Open Source Alternative,,56,Reference call,New Business,2021-04-21T00:00:00
3731,105,6,Fusion Partners - New Business,Qualification,67972,2025-02-24,2024-12-10,Outbound - SDR,Best Case,False,False,,,18,Send proposal,New Business,2024-12-10T00:00:00
3732,622,6,Velocity Technologies - Platform Deal,Closed Lost,226356,2024-12-31,2024-12-26,Product-Led,Omitted,False,True,CompetitorD,Feature Gap,59,,New Business,2024-12-26T00:00:00
3733,751,13,Nova Digital - Platform Deal,Qualification,86444,2024-01-10,2023-10-15,Outbound - AE,Best Case,False,False,,,3,,New Business,2023-10-15T00:00:00
3734,123,10,Atlas Inc - Platform Deal,Closed Lost,198229,2024-12-31,2024-08-15,Webinar,Omitted,False,True,,No Decision,37,,New Business,2024-08-15T00:00:00
3735,542,1,Apex Networks - Upsell,Prospecting,8727,2025-01-20,2024-07-15,Partner Referral,Pipeline,False,False,CompetitorD,,21,Schedule demo,Expansion,2024-07-15T00:00:00
3736,27,5,Elevate Group - New Business,Negotiation,304977,2025-01-08,2024-12-04,Inbound - Web,Commit,False,False,CompetitorA,,46,Executive alignment,New Business,2024-12-04T00:00:00
3737,589,9,Velocity Labs - Platform Deal,Negotiation,257118,2025-03-19,2024-10-08,Outbound - AE,Commit,False,False,,,23,Schedule demo,New Business,2024-10-08T00:00:00
3738,870,10,Synergy Labs - Initial License,Discovery,,2022-02-09,2021-10-09,,Pipeline,False,False,,,53,,New Business,2021-10-09T00:00:00
3739,704,6,Quantum Partners - New Business,Qualification,117569,2024-09-04,2024-05-07,Inbound - Web,Best Case,False,False,CompetitorC,,4,Reference call,New Business,2024-05-07T00:00:00
3740,564,4,Elevate Systems - New Business,Discovery,42856,2025-04-02,2024-12-07,Partner Referral,Pipeline,False,False,CompetitorE,,51,Reference call,New Business,2024-12-07T00:00:00
3741,216,10,Acme Enterprises - Initial License,Proposal,20294,2021-07-30,2021-05-27,Inbound - Web,Best Case,False,False,,,7,,New Business,2021-05-27T00:00:00
3742,526,9,Global Inc - Initial License,Qualification,30444,2021-01-19,2020-12-11,Outbound - AE,Best Case,False,False,CompetitorA,,15,Legal review,New Business,2020-12-11T00:00:00
3743,910,2,Zenith Software - Platform Deal,Negotiation,44975,2022-07-19,2022-05-03,Inbound - Content,Commit,False,False,CompetitorA,,5,Send proposal,New Business,2022-05-03T00:00:00
3744,98,13,Velocity Solutions - New Business,Negotiation,33382,2023-09-17,2023-01-06,Outbound - SDR,Commit,False,False,CompetitorC,,63,Schedule demo,New Business,2023-01-06T00:00:00
3745,824,13,Atlas Solutions - New Business,Prospecting,87278,2025-04-06,2024-10-06,Event,Pipeline,False,False,,,8,POC setup,New Business,2024-10-06T00:00:00
3746,214,14,Pacific Partners - Platform Deal,Prospecting,76346,2021-10-11,2021-01-17,Inbound - Web,Pipeline,False,False,,,71,Executive alignment,New Business,2021-01-17T00:00:00
3747,850,7,Optima Platforms - Platform Deal,Prospecting,35865,2021-02-15,2020-07-05,Product-Led,Pipeline,False,False,CompetitorE,,20,Contract signing,New Business,2020-07-05T00:00:00
3748,835,13,Vanguard Enterprises - Upsell,Closed Won,41012,2024-12-20,2024-09-01,Product-Led,Closed,True,True,,,75,,Expansion,2024-09-01T00:00:00
3749,284,15,Nova Labs - Platform Deal,Qualification,10009,2024-12-30,2024-11-05,Inbound - Content,Best Case,False,False,Open Source Alternative,,58,Reference call,New Business,2024-11-05T00:00:00
3750,699,16,Vertex Analytics - New Business,Closed Won,9046,2024-12-31,2024-11-06,Webinar,Closed,True,True,CompetitorA,,35,,New Business,2024-11-06T00:00:00
3751,142,12,Summit Digital - Platform Deal,Proposal,22802,2025-09-13,2024-12-20,Outbound - AE,Best Case,False,False,CompetitorA,,18,Legal review,New Business,2024-12-20T00:00:00
3752,394,12,Optima Enterprises - Platform Deal,Negotiation,22711,2022-04-06,2022-02-03,Inbound - Web,Commit,False,False,CompetitorD,,65,Contract signing,New Business,2022-02-03T00:00:00
3753,979,10,Optima Enterprises - New Business,Qualification,39155,2025-03-27,2024-11-19,Webinar,Best Case,False,False,CompetitorD,,43,Reference call,New Business,2024-11-19T00:00:00
3754,43,2,Velocity Corp - Platform Deal,Prospecting,23438,2023-08-19,2022-12-10,Partner Referral,Pipeline,False,False,CompetitorC,,23,Contract signing,New Business,2022-12-10T00:00:00
3755,697,16,Global Group - Initial License,Closed Lost,87787,2024-11-10,2024-06-03,Partner Referral,Omitted,False,True,CompetitorE,Timing,16,,New Business,2024-06-03T00:00:00
3756,70,4,Velocity Digital - Platform Deal,Closed Lost,36493,2024-11-01,2024-08-28,Product-Led,Omitted,False,True,CompetitorE,Timing,54,,New Business,2024-08-28T00:00:00
3757,901,16,Acme Corp - Platform Deal,Qualification,33462,2024-08-11,2024-03-10,,Best Case,False,False,CompetitorB,,32,,New Business,2024-03-10T00:00:00
3758,613,4,Elevate Platforms - New Business,Proposal,20340,2024-12-20,2024-06-24,Partner Referral,Best Case,False,False,,,12,POC setup,New Business,2024-06-24T00:00:00
1014,194,15,Vanguard Services - Upsell,Qualification,45904,2025-04-18,2024-10-23,Webinar,Best Case,False,False,,,20,,Expansion,2024-10-23T00:00:00
3760,926,2,Synergy Inc - Platform Deal,Negotiation,86076,2025-04-20,2024-11-05,Inbound - Web,Commit,False,False,,,36,Reference call,New Business,2024-11-05T00:00:00
3761,201,1,Global Dynamics - Contract Renewal,Closed Won,23057,2021-06-30,2021-02-15,Webinar,Closed,True,True,,,41,,Renewal,2021-02-15T00:00:00
3440,266,1,Summit Enterprises - New Business,Closed Lost,145541,2023-10-25,2023-08-06,Outbound - AE,Omitted,False,True,CompetitorA,Timing,37,,New Business,2023-08-06T00:00:00
3763,248,16,Horizon Digital - Platform Deal,Proposal,93442,2025-03-29,2024-07-04,,Best Case,False,False,,,6,Send proposal,New Business,2024-07-04T00:00:00
3764,992,11,Pinnacle Labs - Platform Deal,Qualification,16921,2025-04-25,2024-08-20,Product-Led,Best Case,False,False,CompetitorA,,5,Contract signing,New Business,2024-08-20T00:00:00
3765,355,15,Zenith Holdings - Initial License,Negotiation,48361,2023-10-19,2023-02-17,Webinar,Commit,False,False,CompetitorC,,28,Contract signing,New Business,2023-02-17T00:00:00
3766,68,11,Global Partners - Initial License,Closed Lost,317771,2024-12-31,2024-12-14,Outbound - AE,Omitted,False,True,,Competitor,21,,New Business,2024-12-14T00:00:00
3767,599,3,Synergy Solutions - Contract Renewal,Prospecting,79659,2024-08-05,2024-05-19,Product-Led,Pipeline,False,False,Open Source Alternative,,40,POC setup,Renewal,2024-05-19T00:00:00
3768,332,4,Apex Labs - Platform Deal,Prospecting,19258,2025-02-11,2024-10-03,Event,Pipeline,False,False,,,28,,New Business,2024-10-03T00:00:00
3769,997,4,Apex Inc - New Business,Proposal,24951,2025-06-24,2024-11-04,Outbound - AE,Best Case,False,False,Open Source Alternative,,33,Reference call,New Business,2024-11-04T00:00:00
3770,133,10,Synergy Enterprises - Upsell,Proposal,19068,2023-12-05,2023-05-09,Webinar,Best Case,False,False,CompetitorE,,31,Send proposal,Expansion,2023-05-09T00:00:00
3771,657,15,Vertex Systems - Initial License,Prospecting,188218,2024-01-25,2023-05-04,Event,Pipeline,False,False,Open Source Alternative,,37,Technical review,New Business,2023-05-04T00:00:00
3772,677,3,Quantum Dynamics - Initial License,Qualification,36236,2023-07-28,2023-03-29,Inbound - Content,Best Case,False,False,CompetitorC,,34,Technical review,New Business,2023-03-29T00:00:00
3773,490,7,Elevate Networks - New Business,Prospecting,114636,2024-10-15,2024-08-24,Outbound - SDR,Pipeline,False,False,,,3,Technical review,New Business,2024-08-24T00:00:00
3774,813,9,Apex Analytics - Platform Deal,Closed Won,33400,2024-05-22,2024-05-05,Webinar,Closed,True,True,,,16,,New Business,2024-05-05T00:00:00
3775,105,1,Fusion Partners - New Business,Qualification,72212,2025-02-10,2024-12-10,Webinar,Best Case,False,False,CompetitorB,,16,Executive alignment,New Business,2024-12-10T00:00:00
3776,82,11,Pinnacle Systems - New Business,Qualification,84078,2025-04-14,2024-12-09,Partner Referral,Best Case,False,False,,,61,,New Business,2024-12-09T00:00:00
3777,382,15,Vanguard Services - Platform Deal,Proposal,15892,2025-04-12,2024-11-10,Outbound - AE,Best Case,False,False,CompetitorE,,26,POC setup,New Business,2024-11-10T00:00:00
3778,123,10,Atlas Inc - Initial License,Prospecting,173043,2024-05-04,2023-10-26,Outbound - AE,Pipeline,False,False,Open Source Alternative,,36,Legal review,New Business,2023-10-26T00:00:00
3779,978,2,Global Solutions - Platform Deal,Discovery,37648,2024-01-19,2023-09-18,Product-Led,Pipeline,False,False,CompetitorB,,15,Schedule demo,New Business,2023-09-18T00:00:00
3780,641,12,Quantum Dynamics - New Business,Closed Lost,13176,2024-12-31,2024-11-16,Outbound - SDR,Omitted,False,True,Open Source Alternative,Price,47,,New Business,2024-11-16T00:00:00
3781,414,13,Velocity Systems - New Business,Proposal,473335,2022-10-02,2022-07-21,Inbound - Web,Best Case,False,False,CompetitorC,,62,Schedule demo,New Business,2022-07-21T00:00:00
3782,701,8,Global Services - Contract Renewal,Discovery,669952,2024-05-05,2023-12-25,Outbound - AE,Pipeline,False,False,CompetitorD,,23,Legal review,Renewal,2023-12-25T00:00:00
3783,191,12,Nova Group - Platform Deal,Qualification,91895,2021-07-27,2021-02-14,Inbound - Web,Best Case,False,False,,,33,Send proposal,New Business,2021-02-14T00:00:00
3784,99,8,Fusion Digital - Initial License,Discovery,39589,2023-04-02,2022-11-23,Inbound - Content,Pipeline,False,False,,,42,Technical review,New Business,2022-11-23T00:00:00
3785,771,7,Vertex Solutions - Initial License,Closed Lost,120050,2024-05-15,2024-04-02,Inbound - Web,Omitted,False,True,CompetitorA,Feature Gap,53,,New Business,2024-04-02T00:00:00
3786,396,7,Pinnacle Corp - Platform Deal,Qualification,45247,2025-06-12,2024-11-01,Inbound - Content,Best Case,False,False,,,29,POC setup,New Business,2024-11-01T00:00:00
3787,950,4,Nexus Platforms - Initial License,Qualification,130078,2024-08-23,2024-05-16,Product-Led,Best Case,False,False,CompetitorD,,20,Schedule demo,New Business,2024-05-16T00:00:00
3788,855,4,Global Partners - Platform Deal,Closed Lost,60437,2024-12-31,2024-12-13,Partner Referral,Omitted,False,True,CompetitorA,Competitor,43,,New Business,2024-12-13T00:00:00
3789,60,6,Elevate Corp - New Business,Closed Lost,182028,2024-12-31,2024-12-15,Inbound - Web,Omitted,False,True,Open Source Alternative,Champion Left,46,,New Business,2024-12-15T00:00:00
3790,848,3,Vanguard Holdings - Expansion,Proposal,11840,2024-08-26,2024-04-29,Inbound - Web,Best Case,False,False,,,18,Technical review,Expansion,2024-04-29T00:00:00
3791,207,1,Pinnacle Networks - Initial License,Qualification,128334,2024-11-02,2024-09-19,Event,Best Case,False,False,Open Source Alternative,,42,Send proposal,New Business,2024-09-19T00:00:00
3792,716,11,Optima Corp - Initial License,Qualification,47809,2025-09-15,2024-12-29,Partner Referral,Best Case,False,False,,,58,,New Business,2024-12-29T00:00:00
3793,868,14,Catalyst Networks - New Business,Qualification,72531,2024-10-17,2024-06-06,Inbound - Content,Best Case,False,False,CompetitorB,,59,Executive alignment,New Business,2024-06-06T00:00:00
3794,431,13,Atlas Digital - Initial License,Qualification,15064,2025-02-18,2024-12-20,Webinar,Best Case,False,False,Open Source Alternative,,22,Contract signing,New Business,2024-12-20T00:00:00
3795,735,3,Apex Dynamics - Initial License,Discovery,174581,2025-02-14,2024-10-07,Outbound - SDR,Pipeline,False,False,CompetitorD,,7,Legal review,New Business,2024-10-07T00:00:00
3796,519,3,Summit Corp - New Business,Closed Lost,44977,2024-09-17,2024-06-22,Event,Omitted,False,True,,Feature Gap,33,,New Business,2024-06-22T00:00:00
3797,651,10,Pacific Labs - Platform Deal,Discovery,24632,2023-05-01,2022-10-03,Outbound - SDR,Pipeline,False,False,CompetitorE,,62,Send proposal,New Business,2022-10-03T00:00:00
3798,853,13,Nova Enterprises - Platform Deal,Discovery,543489,2025-08-07,2024-12-11,Product-Led,Pipeline,False,False,Open Source Alternative,,24,Technical review,New Business,2024-12-11T00:00:00
3799,116,13,Catalyst Platforms - New Business,Proposal,18891,2021-09-27,2021-08-26,Inbound - Web,Best Case,False,False,,,65,,New Business,2021-08-26T00:00:00
3800,508,8,Atlas Software - New Business,Closed Lost,15974,2024-12-23,2024-08-11,,Omitted,False,True,CompetitorB,Feature Gap,33,,New Business,2024-08-11T00:00:00
3801,123,14,Atlas Inc - Platform Deal,Discovery,72160,2024-09-15,2024-06-17,Outbound - AE,Pipeline,False,False,CompetitorE,,73,Legal review,New Business,2024-06-17T00:00:00
3802,667,7,Nova Analytics - Upsell,Closed Lost,2248,2024-01-27,2023-10-24,,Omitted,False,True,CompetitorE,Timing,57,,Expansion,2023-10-24T00:00:00
3803,100,15,Apex Corp - Platform Deal,Closed Lost,17425,2024-12-31,2024-12-13,Inbound - Content,Omitted,False,True,CompetitorB,Feature Gap,44,,New Business,2024-12-13T00:00:00
3804,524,10,Vertex Dynamics - Platform Deal,Closed Lost,38909,2024-10-25,2024-09-08,Outbound - AE,Omitted,False,True,,Champion Left,62,,New Business,2024-09-08T00:00:00
3805,508,8,Atlas Software - Platform Deal,Prospecting,6368,2025-01-15,2024-07-09,Event,Pipeline,False,False,CompetitorB,,49,Reference call,New Business,2024-07-09T00:00:00
3806,630,4,Vertex Systems - New Business,Prospecting,15924,2024-04-27,2024-03-14,Inbound - Content,Pipeline,False,False,CompetitorC,,12,Schedule demo,New Business,2024-03-14T00:00:00
3807,216,10,Acme Enterprises - Additional Seats,Closed Won,,2024-12-10,2024-06-08,Partner Referral,Closed,True,True,CompetitorD,,17,,Expansion,2024-06-08T00:00:00
3808,598,2,Atlas Corp - New Business,Qualification,47199,2024-04-20,2023-07-28,Outbound - SDR,Best Case,False,False,CompetitorC,,28,Technical review,New Business,2023-07-28T00:00:00
3809,337,5,Optima Analytics - Renewal,Closed Lost,207644,2023-11-27,2023-06-25,Outbound - AE,Omitted,False,True,CompetitorA,No Decision,60,,Renewal,2023-06-25T00:00:00
3810,965,6,Zenith Technologies - Platform Deal,Qualification,8486,2025-06-06,2024-12-18,Inbound - Web,Best Case,False,False,,,22,Legal review,New Business,2024-12-18T00:00:00
3811,914,1,Summit Systems - New Business,Discovery,27186,2022-12-04,2022-08-30,Event,Pipeline,False,False,Open Source Alternative,,4,Contract signing,New Business,2022-08-30T00:00:00
3812,298,16,Summit Technologies - New Business,Negotiation,71277,2025-07-14,2024-12-30,Inbound - Web,Commit,False,False,CompetitorD,,11,Schedule demo,New Business,2024-12-30T00:00:00
3813,970,2,Quantum Networks - New Business,Prospecting,72923,2023-09-06,2023-01-06,Partner Referral,Pipeline,False,False,,,33,Reference call,New Business,2023-01-06T00:00:00
3814,769,9,Global Platforms - New Business,Discovery,219458,2022-05-16,2021-12-30,Outbound - AE,Pipeline,False,False,CompetitorA,,21,Legal review,New Business,2021-12-30T00:00:00
3815,563,15,Elevate Systems - Platform Deal,Qualification,47839,2025-02-05,2024-12-08,Inbound - Web,Best Case,False,False,Open Source Alternative,,61,Send proposal,New Business,2024-12-08T00:00:00
3816,547,16,Vertex Software - New Business,Qualification,186306,2025-03-05,2024-10-21,Webinar,Best Case,False,False,CompetitorE,,17,Legal review,New Business,2024-10-21T00:00:00
3817,375,8,Pinnacle Labs - Contract Renewal,Closed Lost,81916,2021-06-22,2021-02-11,,Omitted,False,True,,Feature Gap,7,,Renewal,2021-02-11T00:00:00
3818,384,11,Vanguard Digital - Platform Deal,Discovery,72540,2024-11-27,2024-03-16,Inbound - Content,Pipeline,False,False,,,39,Technical review,New Business,2024-03-16T00:00:00
3819,334,11,Summit Labs - Platform Deal,Prospecting,8714,2025-05-02,2024-12-11,Event,Pipeline,False,False,,,61,,New Business,2024-12-11T00:00:00
3820,568,8,Zenith Dynamics - Platform Deal,Discovery,8481,2024-05-23,2023-11-05,Webinar,Pipeline,False,False,CompetitorE,,44,Executive alignment,New Business,2023-11-05T00:00:00
3821,83,15,Zenith Networks - Platform Deal,Qualification,51130,2024-12-07,2024-10-15,Webinar,Best Case,False,False,,,62,Contract signing,New Business,2024-10-15T00:00:00
3822,973,8,Pacific Corp - Platform Deal,Prospecting,46277,2024-09-01,2024-06-07,Inbound - Web,Pipeline,False,False,CompetitorC,,55,Contract signing,New Business,2024-06-07T00:00:00
3823,627,11,Vanguard Services - Expansion,Negotiation,13451,2024-10-08,2024-06-13,Event,Commit,False,False,,,60,Schedule demo,Expansion,2024-06-13T00:00:00
1616,917,10,Acme Group - Initial License,Prospecting,30962,2025-01-22,2024-12-05,Inbound - Web,Pipeline,False,False,CompetitorB,,69,Executive alignment,New Business,2024-12-05T00:00:00
3825,253,12,Zenith Corp - Contract Renewal,Discovery,7315,2024-06-21,2024-04-09,Outbound - AE,Pipeline,False,False,CompetitorE,,24,Reference call,Renewal,2024-04-09T00:00:00
3826,580,9,Global Analytics - New Business,Qualification,33433,2023-09-04,2023-06-13,Product-Led,Best Case,False,False,CompetitorC,,29,Technical review,New Business,2023-06-13T00:00:00
3827,641,12,Quantum Dynamics - Initial License,Proposal,20744,2024-11-19,2024-08-24,Outbound - SDR,Best Case,False,False,CompetitorD,,6,Contract signing,New Business,2024-08-24T00:00:00
3828,459,5,Velocity Dynamics - Initial License,Discovery,47207,2024-04-27,2024-01-18,Outbound - AE,Pipeline,False,False,CompetitorA,,55,Schedule demo,New Business,2024-01-18T00:00:00
3829,860,10,Summit Enterprises - Platform Deal,Prospecting,18882,2025-06-16,2024-12-13,Webinar,Pipeline,False,False,,,45,Send proposal,New Business,2024-12-13T00:00:00
3830,430,4,Atlas Networks - New Business,Prospecting,23136,2025-05-19,2024-11-07,Outbound - AE,Pipeline,False,False,CompetitorB,,27,Contract signing,New Business,2024-11-07T00:00:00
2783,650,9,Pinnacle Inc - Platform Deal,Discovery,571417,2025-06-21,2024-12-28,Webinar,Pipeline,False,False,CompetitorA,,55,Executive alignment,New Business,2024-12-28T00:00:00
3832,282,15,Global Networks - New Business,Closed Lost,12072,2024-12-27,2024-11-05,Webinar,Omitted,False,True,CompetitorA,Lost to Status Quo,21,,New Business,2024-11-05T00:00:00
3833,551,3,Catalyst Inc - New Business,Closed Won,36049,2020-07-28,2020-06-02,Inbound - Web,Closed,True,True,,,24,,New Business,2020-06-02T00:00:00
3834,462,1,Horizon Enterprises - New Business,Proposal,97091,2024-08-20,2024-01-26,Inbound - Content,Best Case,False,False,,,11,,New Business,2024-01-26T00:00:00
3835,753,2,Atlas Group - New Business,Prospecting,7744,2024-03-03,2023-11-23,Product-Led,Pipeline,False,False,CompetitorA,,20,POC setup,New Business,2023-11-23T00:00:00
3836,70,7,Velocity Digital - New Business,Qualification,28841,2024-11-10,2024-02-18,Webinar,Best Case,False,False,CompetitorE,,9,Technical review,New Business,2024-02-18T00:00:00
3837,17,5,Pacific Labs - New Business,Discovery,141168,2025-06-04,2024-11-02,Webinar,Pipeline,False,False,CompetitorC,,41,Reference call,New Business,2024-11-02T00:00:00
3838,393,6,Vertex Holdings - Platform Deal,Qualification,,2022-11-04,2022-06-03,Webinar,Best Case,False,False,,,50,POC setup,New Business,2022-06-03T00:00:00
3839,464,6,Summit Networks - New Business,Qualification,49275,2023-12-15,2023-03-26,Product-Led,Best Case,False,False,CompetitorD,,15,Contract signing,New Business,2023-03-26T00:00:00
3840,58,10,Acme Group - Platform Deal,Prospecting,78332,2023-09-19,2023-04-25,Event,Pipeline,False,False,CompetitorC,,38,Contract signing,New Business,2023-04-25T00:00:00
1667,770,12,Pacific Corp - Initial License,Closed Won,,2024-12-31,2024-12-20,Product-Led,Closed,True,True,CompetitorA,,46,,New Business,2024-12-20T00:00:00
3842,737,11,Horizon Holdings - Initial License,Proposal,966331,2025-07-03,2024-10-26,Product-Led,Best Case,False,False,CompetitorB,,25,Schedule demo,New Business,2024-10-26T00:00:00
3843,780,13,Fusion Digital - New Business,Proposal,228680,2022-04-07,2021-07-17,Inbound - Content,Best Case,False,False,,,9,,New Business,2021-07-17T00:00:00
3844,515,14,Vertex Software - New Business,Prospecting,86835,2023-06-23,2023-05-11,Outbound - SDR,Pipeline,False,False,CompetitorD,,14,Executive alignment,New Business,2023-05-11T00:00:00
3845,257,6,Synergy Labs - Initial License,Negotiation,40767,2022-03-17,2021-07-20,Outbound - AE,Commit,False,False,,,9,Executive alignment,New Business,2021-07-20T00:00:00
3846,714,11,Global Enterprises - Platform Deal,Closed Lost,228791,2022-06-27,2022-04-17,Outbound - AE,Omitted,False,True,CompetitorB,Feature Gap,19,,New Business,2022-04-17T00:00:00
3847,940,7,Atlas Group - Initial License,Closed Won,44682,2024-09-28,2024-05-10,Event,Closed,True,True,,,8,,New Business,2024-05-10T00:00:00
3848,56,10,Elevate Technologies - Initial License,Discovery,48751,2024-01-13,2023-10-19,,Pipeline,False,False,CompetitorC,,49,Send proposal,New Business,2023-10-19T00:00:00
3849,370,15,Summit Software - Platform Deal,Prospecting,28256,2025-05-28,2024-12-10,Outbound - SDR,Pipeline,False,False,CompetitorD,,45,Send proposal,New Business,2024-12-10T00:00:00
3850,445,5,Fusion Enterprises - Initial License,Proposal,169340,2025-04-03,2024-12-31,Inbound - Content,Best Case,False,False,CompetitorD,,35,Send proposal,New Business,2024-12-31T00:00:00
3851,526,9,Global Inc - New Business,Qualification,7494,2022-07-11,2022-05-26,Inbound - Content,Best Case,False,False,,,22,Contract signing,New Business,2022-05-26T00:00:00
3852,709,10,Vanguard Partners - Platform Deal,Qualification,43651,2025-02-17,2024-12-25,Outbound - AE,Best Case,False,False,,,41,Legal review,New Business,2024-12-25T00:00:00
3853,726,4,Zenith Dynamics - Platform Deal,Qualification,,2023-05-23,2022-12-14,Inbound - Content,Best Case,False,False,CompetitorC,,27,Send proposal,New Business,2022-12-14T00:00:00
3854,33,7,Horizon Holdings - Initial License,Qualification,41925,2025-02-07,2024-05-21,Outbound - AE,Best Case,False,False,CompetitorA,,18,Contract signing,New Business,2024-05-21T00:00:00
3855,556,13,Vertex Analytics - New Business,Prospecting,6458,2023-06-19,2023-03-11,Outbound - AE,Pipeline,False,False,CompetitorA,,20,Legal review,New Business,2023-03-11T00:00:00
3856,701,16,Global Services - New Business,Qualification,280075,2023-04-28,2022-10-12,Outbound - AE,Best Case,False,False,CompetitorB,,64,,New Business,2022-10-12T00:00:00
3857,706,3,Elevate Software - Initial License,Proposal,,2023-09-08,2023-07-19,Inbound - Content,Best Case,False,False,CompetitorD,,7,Contract signing,New Business,2023-07-19T00:00:00
3858,522,10,Optima Platforms - Platform Deal,Closed Lost,50640,2024-06-13,2023-12-21,Partner Referral,Omitted,False,True,,No Decision,56,,New Business,2023-12-21T00:00:00
3859,496,2,Global Analytics - New Business,Prospecting,38402,2023-05-27,2023-02-17,Outbound - AE,Pipeline,False,False,CompetitorC,,23,POC setup,New Business,2023-02-17T00:00:00
3860,615,7,Optima Services - Platform Deal,Discovery,1158774,2021-10-30,2021-02-13,Inbound - Web,Pipeline,False,False,,,45,Schedule demo,New Business,2021-02-13T00:00:00
3861,125,7,Acme Platforms - Renewal,Qualification,63034,2022-10-28,2022-07-09,Outbound - SDR,Best Case,False,False,CompetitorC,,59,Reference call,Renewal,2022-07-09T00:00:00
3862,622,6,Velocity Technologies - Initial License,Closed Lost,148955,2024-12-31,2024-11-30,Partner Referral,Omitted,False,True,CompetitorA,Feature Gap,2,,New Business,2024-11-30T00:00:00
3863,538,6,Catalyst Group - New Business,Qualification,39865,2023-11-07,2023-05-20,Inbound - Content,Best Case,False,False,,,57,Contract signing,New Business,2023-05-20T00:00:00
3864,536,11,Horizon Solutions - Initial License,Closed Won,1187905,2023-12-31,2023-07-02,Inbound - Web,Closed,True,True,CompetitorD,,69,,New Business,2023-07-02T00:00:00
3865,552,14,Velocity Analytics - Initial License,Qualification,133723,2024-10-03,2024-10-05,Outbound - SDR,Best Case,False,False,CompetitorC,,41,Reference call,New Business,2024-10-05T00:00:00
3866,593,13,Global Labs - New Business,Proposal,27663,2023-11-06,2023-05-29,Inbound - Web,Best Case,False,False,Open Source Alternative,,34,Reference call,New Business,2023-05-29T00:00:00
3867,999,6,Nova Labs - Platform Deal,Closed Lost,213004,2023-06-08,2023-04-27,Product-Led,Omitted,False,True,CompetitorA,No Decision,22,,New Business,2023-04-27T00:00:00
3868,276,2,Nova Partners - Platform Deal,Closed Lost,109408,2024-12-31,2024-12-07,Outbound - AE,Omitted,False,True,,Timing,25,,New Business,2024-12-07T00:00:00
3869,964,5,Elevate Networks - Platform Deal,Qualification,301153,2023-09-04,2023-06-19,Inbound - Content,Best Case,False,False,,,36,Send proposal,New Business,2023-06-19T00:00:00
3870,744,9,Pinnacle Platforms - Initial License,Negotiation,122861,2023-10-29,2023-05-20,Inbound - Web,Commit,False,False,CompetitorB,,1,Executive alignment,New Business,2023-05-20T00:00:00
3871,627,11,Vanguard Services - Platform Deal,Qualification,45548,2025-07-25,2024-11-08,Outbound - AE,Best Case,False,False,CompetitorB,,51,Schedule demo,New Business,2024-11-08T00:00:00
3872,946,12,Synergy Systems - Platform Deal,Closed Lost,178001,2023-09-22,2023-01-19,Inbound - Content,Omitted,False,True,,Price,5,,New Business,2023-01-19T00:00:00
3873,201,13,Global Dynamics - Renewal,Qualification,96493,2021-08-14,2021-07-11,Inbound - Web,Best Case,False,False,CompetitorD,,15,Schedule demo,Renewal,2021-07-11T00:00:00
3874,582,3,Quantum Technologies - Initial License,Closed Won,756266,2023-12-23,2023-07-23,Webinar,Closed,True,True,,,3,,New Business,2023-07-23T00:00:00
3875,719,12,Quantum Corp - Platform Deal,Discovery,29698,2021-10-06,2021-05-11,Product-Led,Pipeline,False,False,Open Source Alternative,,67,Executive alignment,New Business,2021-05-11T00:00:00
3876,153,11,Acme Software - Platform Deal,Prospecting,132352,2025-05-30,2024-11-23,Outbound - AE,Pipeline,False,False,CompetitorB,,16,Technical review,New Business,2024-11-23T00:00:00
3877,657,2,Vertex Systems - Initial License,Discovery,175832,2023-05-15,2022-12-21,Outbound - AE,Pipeline,False,False,CompetitorD,,10,,New Business,2022-12-21T00:00:00
3878,123,10,Atlas Inc - New Business,Closed Lost,180665,2021-09-29,2021-06-06,Inbound - Content,Omitted,False,True,CompetitorB,Timing,53,,New Business,2021-06-06T00:00:00
3879,207,15,Pinnacle Networks - Initial License,Qualification,179375,2023-10-08,2023-08-02,Product-Led,Best Case,False,False,CompetitorA,,8,Executive alignment,New Business,2023-08-02T00:00:00
3880,919,6,Velocity Platforms - New Business,Closed Lost,934752,2022-04-22,2022-01-08,Webinar,Omitted,False,True,,Budget Cut,24,,New Business,2022-01-08T00:00:00
3881,9,12,Apex Networks - Initial License,Discovery,561769,2023-12-20,2023-11-04,Product-Led,Pipeline,False,False,CompetitorB,,2,Send proposal,New Business,2023-11-04T00:00:00
3882,675,1,Summit Analytics - New Business,Qualification,33635,2024-12-19,2024-11-09,Outbound - AE,Best Case,False,False,,,21,,New Business,2024-11-09T00:00:00
3883,959,16,Pinnacle Networks - Platform Deal,Closed Lost,,2024-12-31,2024-10-25,Outbound - AE,Omitted,False,True,CompetitorA,Feature Gap,9,,New Business,2024-10-25T00:00:00
3884,953,8,Pinnacle Digital - New Business,Closed Lost,164577,2023-12-21,2023-08-21,Product-Led,Omitted,False,True,CompetitorA,Timing,31,,New Business,2023-08-21T00:00:00
3885,937,15,Zenith Inc - Initial License,Closed Lost,5121,2024-12-22,2024-08-17,Product-Led,Omitted,False,True,CompetitorE,Competitor,18,,New Business,2024-08-17T00:00:00
3886,14,7,Pacific Enterprises - Platform Deal,Discovery,26657,2025-03-23,2024-08-11,Inbound - Content,Pipeline,False,False,CompetitorB,,40,Legal review,New Business,2024-08-11T00:00:00
3887,43,2,Velocity Corp - New Business,Closed Lost,47380,2024-05-27,2024-03-06,Inbound - Web,Omitted,False,True,CompetitorB,Competitor,21,,New Business,2024-03-06T00:00:00
3888,437,15,Velocity Holdings - New Business,Prospecting,15409,2025-07-01,2024-12-05,Inbound - Web,Pipeline,False,False,CompetitorE,,4,POC setup,New Business,2024-12-05T00:00:00
3889,913,7,Global Networks - New Business,Discovery,24178,2023-11-21,2023-06-21,Inbound - Content,Pipeline,False,False,,,2,Send proposal,New Business,2023-06-21T00:00:00
3890,112,6,Catalyst Inc - Initial License,Qualification,35441,2024-12-06,2024-09-19,Event,Best Case,False,False,CompetitorB,,31,Legal review,New Business,2024-09-19T00:00:00
3891,455,1,Catalyst Services - Initial License,Qualification,24804,2024-11-29,2024-05-18,,Best Case,False,False,CompetitorD,,1,Technical review,New Business,2024-05-18T00:00:00
3892,527,9,Atlas Systems - New Business,Closed Won,36789,2022-12-06,2022-10-02,,Closed,True,True,,,25,,New Business,2022-10-02T00:00:00
3893,92,8,Acme Labs - New Business,Prospecting,36767,2023-09-05,2023-08-05,Event,Pipeline,False,False,,,43,Legal review,New Business,2023-08-05T00:00:00
3894,643,6,Catalyst Networks - Initial License,Qualification,427692,2022-08-17,2022-06-18,Outbound - SDR,Best Case,False,False,,,28,Legal review,New Business,2022-06-18T00:00:00
3895,652,5,Optima Enterprises - Platform Deal,Closed Lost,783722,2023-02-10,2022-11-01,Outbound - SDR,Omitted,False,True,CompetitorB,No Decision,26,,New Business,2022-11-01T00:00:00
3896,14,16,Pacific Enterprises - Platform Deal,Qualification,18111,2024-07-12,2024-02-19,Outbound - SDR,Best Case,False,False,CompetitorD,,45,Contract signing,New Business,2024-02-19T00:00:00
449,780,13,Fusion Digital - Initial License,Prospecting,778838,2023-03-13,2022-06-17,Webinar,Pipeline,False,False,CompetitorD,,64,Legal review,New Business,2022-06-17T00:00:00
3898,167,15,Optima Platforms - Additional Seats,Qualification,16801,2025-03-20,2024-12-30,Outbound - AE,Best Case,False,False,CompetitorD,,64,POC setup,Expansion,2024-12-30T00:00:00
3899,819,15,Velocity Enterprises - New Business,Closed Lost,41998,2024-11-29,2024-06-15,Outbound - SDR,Omitted,False,True,CompetitorA,Champion Left,2,,New Business,2024-06-15T00:00:00
3900,200,11,Summit Partners - Initial License,Qualification,6182,2023-11-05,2023-08-17,Outbound - AE,Best Case,False,False,,,18,Schedule demo,New Business,2023-08-17T00:00:00
3901,75,13,Acme Systems - Initial License,Negotiation,29988,2024-05-16,2024-03-31,Outbound - AE,Commit,False,False,CompetitorE,,40,Legal review,New Business,2024-03-31T00:00:00
3902,445,7,Fusion Enterprises - Initial License,Prospecting,163723,2025-06-08,2024-12-02,Inbound - Content,Pipeline,False,False,Open Source Alternative,,33,Executive alignment,New Business,2024-12-02T00:00:00
3903,667,7,Nova Analytics - Renewal,Negotiation,18980,2022-09-25,2022-01-12,Webinar,Commit,False,False,,,53,Legal review,Renewal,2022-01-12T00:00:00
3904,572,7,Synergy Digital - Contract Renewal,Qualification,43214,2023-11-22,2023-04-01,Partner Referral,Best Case,False,False,,,5,POC setup,Renewal,2023-04-01T00:00:00
3905,978,2,Global Solutions - Initial License,Closed Lost,28973,2023-12-07,2023-11-20,Outbound - SDR,Omitted,False,True,CompetitorB,Timing,11,,New Business,2023-11-20T00:00:00
3906,354,11,Velocity Dynamics - Platform Deal,Prospecting,47584,2024-06-11,2023-11-24,Inbound - Web,Pipeline,False,False,CompetitorE,,9,Contract signing,New Business,2023-11-24T00:00:00
3907,865,16,Synergy Solutions - New Business,Prospecting,29246,2024-11-27,2024-10-07,Outbound - AE,Pipeline,False,False,,,46,Technical review,New Business,2024-10-07T00:00:00
3908,233,13,Optima Networks - Platform Deal,Closed Lost,16698,2024-12-20,2024-06-08,Outbound - AE,Omitted,False,True,,Champion Left,11,,New Business,2024-06-08T00:00:00
3909,707,9,Velocity Analytics - Initial License,Negotiation,22664,2023-12-01,2023-09-02,Outbound - SDR,Commit,False,False,CompetitorE,,67,,New Business,2023-09-02T00:00:00
3910,769,12,Global Platforms - Platform Deal,Closed Lost,102560,2022-11-15,2022-12-09,Product-Led,Omitted,False,True,CompetitorB,Champion Left,17,,New Business,2022-12-09T00:00:00
3911,550,16,Apex Services - New Business,Closed Won,155023,2024-12-18,2024-08-27,Inbound - Content,Closed,True,True,,,65,,New Business,2024-08-27T00:00:00
3912,197,7,Fusion Labs - Upsell,Closed Won,30380,2024-08-11,2024-03-16,Outbound - SDR,Closed,True,True,Open Source Alternative,,58,,Expansion,2024-03-16T00:00:00
3913,505,16,Zenith Software - New Business,Qualification,50765,2025-02-09,2024-07-19,,Best Case,False,False,CompetitorD,,53,POC setup,New Business,2024-07-19T00:00:00
3914,456,5,Vertex Platforms - Initial License,Negotiation,15328,2025-05-01,2024-12-27,Product-Led,Commit,False,False,,,39,Legal review,New Business,2024-12-27T00:00:00
3915,423,9,Quantum Platforms - Initial License,Closed Won,17558,2024-03-19,2023-09-29,Webinar,Closed,True,True,,,29,,New Business,2023-09-29T00:00:00
3916,933,6,Pacific Inc - Initial License,Proposal,,2024-10-26,2024-09-17,Outbound - AE,Best Case,False,False,,,56,Schedule demo,New Business,2024-09-17T00:00:00
3917,137,4,Catalyst Holdings - New Business,Negotiation,8772,2024-05-05,2024-03-15,Webinar,Commit,False,False,CompetitorB,,8,Executive alignment,New Business,2024-03-15T00:00:00
3918,19,7,Acme Group - Initial License,Prospecting,,2023-11-07,2023-04-04,Outbound - SDR,Pipeline,False,False,CompetitorB,,34,Send proposal,New Business,2023-04-04T00:00:00
3919,17,5,Pacific Labs - Initial License,Qualification,23727,2024-11-11,2024-09-13,Outbound - SDR,Best Case,False,False,CompetitorB,,3,Schedule demo,New Business,2024-09-13T00:00:00
3920,312,13,Fusion Networks - New Business,Prospecting,61449,2025-02-09,2024-09-19,Partner Referral,Pipeline,False,False,CompetitorB,,31,Contract signing,New Business,2024-09-19T00:00:00
3921,836,13,Optima Group - Initial License,Closed Lost,22423,2024-12-23,2024-08-28,Inbound - Content,Omitted,False,True,Open Source Alternative,Lost to Status Quo,56,,New Business,2024-08-28T00:00:00
3922,85,15,Acme Systems - New Business,Proposal,139661,2025-05-27,2024-10-07,Inbound - Content,Best Case,False,False,CompetitorC,,52,Technical review,New Business,2024-10-07T00:00:00
3923,379,14,Synergy Systems - Initial License,Proposal,67776,2025-06-01,2024-09-18,Webinar,Best Case,False,False,CompetitorA,,77,Technical review,New Business,2024-09-18T00:00:00
3924,995,7,Vanguard Labs - Initial License,Prospecting,21051,2022-02-07,2021-09-01,Event,Pipeline,False,False,CompetitorB,,37,,New Business,2021-09-01T00:00:00
3925,847,9,Elevate Partners - New Business,Prospecting,1001433,2024-02-02,2023-05-10,Inbound - Content,Pipeline,False,False,CompetitorE,,23,Technical review,New Business,2023-05-10T00:00:00
3926,434,13,Summit Networks - Platform Deal,Closed Lost,44671,2022-03-23,2021-11-17,Inbound - Content,Omitted,False,True,CompetitorA,Champion Left,66,,New Business,2021-11-17T00:00:00
3927,862,11,Vanguard Group - Platform Deal,Prospecting,47089,2021-05-06,2021-03-14,,Pipeline,False,False,CompetitorA,,28,Executive alignment,New Business,2021-03-14T00:00:00
3928,181,4,Synergy Holdings - New Business,Prospecting,58837,2024-10-16,2024-03-14,Webinar,Pipeline,False,False,CompetitorA,,28,Schedule demo,New Business,2024-03-14T00:00:00
3929,424,11,Velocity Partners - Initial License,Discovery,6752,2023-08-10,2023-05-03,Event,Pipeline,False,False,,,54,Send proposal,New Business,2023-05-03T00:00:00
3930,164,15,Summit Group - New Business,Proposal,954931,2025-01-16,2024-12-11,Webinar,Best Case,False,False,,,56,POC setup,New Business,2024-12-11T00:00:00
3931,413,8,Pacific Labs - Platform Deal,Closed Won,562064,2024-12-31,2024-10-13,Product-Led,Closed,True,True,,,40,,New Business,2024-10-13T00:00:00
3932,905,4,Vanguard Technologies - New Business,Discovery,122132,2025-04-10,2024-08-12,Outbound - SDR,Pipeline,False,False,CompetitorA,,16,Reference call,New Business,2024-08-12T00:00:00
3933,607,1,Horizon Labs - Platform Deal,Closed Lost,169009,2024-12-31,2024-12-27,Inbound - Web,Omitted,False,True,,Lost to Status Quo,31,,New Business,2024-12-27T00:00:00
3934,288,10,Quantum Enterprises - Platform Deal,Discovery,36805,2024-12-14,2024-09-09,Product-Led,Pipeline,False,False,,,35,POC setup,New Business,2024-09-09T00:00:00
3935,394,7,Optima Enterprises - Platform Deal,Prospecting,14837,2025-05-16,2024-09-02,Outbound - SDR,Pipeline,False,False,,,51,Reference call,New Business,2024-09-02T00:00:00
2184,965,6,Zenith Technologies - Platform Deal,Closed Lost,47757,2022-12-22,2022-06-13,Inbound - Web,Omitted,False,True,Open Source Alternative,Lost to Status Quo,22,,New Business,2022-06-13T00:00:00
3937,760,5,Optima Holdings - Initial License,Closed Lost,5350,2021-07-07,2021-02-03,Webinar,Omitted,False,True,CompetitorD,No Decision,36,,New Business,2021-02-03T00:00:00
3938,765,7,Nova Software - Initial License,Discovery,6170,2024-08-03,2023-12-09,Product-Led,Pipeline,False,False,CompetitorE,,19,Technical review,New Business,2023-12-09T00:00:00
3939,152,9,Vertex Services - Platform Deal,Prospecting,33102,2022-06-17,2022-03-30,Outbound - SDR,Pipeline,False,False,CompetitorC,,40,Send proposal,New Business,2022-03-30T00:00:00
2865,880,6,Summit Analytics - Platform Deal,Closed Won,26679,2024-12-31,2024-12-23,Inbound - Web,Closed,True,True,,,50,,New Business,2024-12-23T00:00:00
3941,261,11,Summit Partners - New Business,Prospecting,34022,2024-08-09,2024-06-16,Partner Referral,Pipeline,False,False,Open Source Alternative,,29,Legal review,New Business,2024-06-16T00:00:00
1595,594,1,Elevate Digital - Initial License,Discovery,28334,2025-01-24,2024-07-27,Product-Led,Pipeline,False,False,,,6,POC setup,New Business,2024-07-27T00:00:00
3943,343,9,Velocity Networks - Additional Seats,Qualification,10692,2025-08-24,2024-12-13,Partner Referral,Best Case,False,False,CompetitorB,,51,Technical review,Expansion,2024-12-13T00:00:00
3944,446,9,Summit Networks - Upsell,Qualification,8076,2024-07-22,2024-04-29,Outbound - SDR,Best Case,False,False,,,6,Legal review,Expansion,2024-04-29T00:00:00
3945,949,4,Optima Software - Initial License,Proposal,170178,2025-01-29,2024-08-11,Inbound - Web,Best Case,False,False,CompetitorB,,38,Technical review,New Business,2024-08-11T00:00:00
3946,682,15,Pacific Solutions - Initial License,Closed Won,40387,2024-12-31,2024-10-15,Product-Led,Closed,True,True,,,25,,New Business,2024-10-15T00:00:00
3947,482,16,Pacific Analytics - New Business,Prospecting,98253,2024-08-29,2024-01-21,Inbound - Content,Pipeline,False,False,CompetitorC,,43,POC setup,New Business,2024-01-21T00:00:00
3948,914,12,Summit Systems - New Business,Proposal,118758,2022-07-18,2022-02-20,Event,Best Case,False,False,Open Source Alternative,,6,Reference call,New Business,2022-02-20T00:00:00
3949,405,3,Global Networks - New Business,Closed Lost,13522,2024-12-31,2024-12-21,Partner Referral,Omitted,False,True,CompetitorA,Budget Cut,44,,New Business,2024-12-21T00:00:00
3950,828,13,Quantum Systems - Platform Deal,Qualification,48281,2022-11-04,2022-06-08,Product-Led,Best Case,False,False,CompetitorE,,71,Send proposal,New Business,2022-06-08T00:00:00
3951,246,2,Fusion Labs - New Business,Proposal,,2022-11-05,2022-07-06,Product-Led,Best Case,False,False,CompetitorD,,34,POC setup,New Business,2022-07-06T00:00:00
3952,855,13,Global Partners - New Business,Proposal,62941,2025-02-16,2024-10-15,Webinar,Best Case,False,False,CompetitorE,,59,,New Business,2024-10-15T00:00:00
3953,906,16,Optima Analytics - Platform Deal,Discovery,41510,2025-04-26,2024-10-04,Outbound - AE,Pipeline,False,False,,,47,Schedule demo,New Business,2024-10-04T00:00:00
3954,232,15,Global Enterprises - New Business,Qualification,43576,2025-08-06,2024-12-22,Webinar,Best Case,False,False,,,39,Reference call,New Business,2024-12-22T00:00:00
3955,288,10,Quantum Enterprises - Initial License,Qualification,,2024-09-22,2024-07-15,Inbound - Web,Best Case,False,False,Open Source Alternative,,48,Legal review,New Business,2024-07-15T00:00:00
3956,79,1,Nexus Labs - Platform Deal,Qualification,473579,2024-02-10,2023-12-12,Outbound - AE,Best Case,False,False,CompetitorE,,29,Technical review,New Business,2023-12-12T00:00:00
3957,593,2,Global Labs - Initial License,Closed Won,45366,2024-03-27,2023-10-27,Inbound - Content,Closed,True,True,,,22,,New Business,2023-10-27T00:00:00
3958,864,1,Summit Digital - New Business,Prospecting,23891,2024-12-19,2024-11-11,,Pipeline,False,False,CompetitorE,,6,Contract signing,New Business,2024-11-11T00:00:00
3959,75,13,Acme Systems - Initial License,Qualification,50102,2024-10-18,2024-03-12,Partner Referral,Best Case,False,False,Open Source Alternative,,69,Send proposal,New Business,2024-03-12T00:00:00
3960,134,1,Nexus Dynamics - Initial License,Qualification,57081,2024-12-08,2024-08-07,Partner Referral,Best Case,False,False,CompetitorC,,38,Reference call,New Business,2024-08-07T00:00:00
3961,655,7,Quantum Digital - New Business,Qualification,89200,2025-03-28,2024-12-04,Inbound - Content,Best Case,False,False,CompetitorB,,40,Schedule demo,New Business,2024-12-04T00:00:00
3962,278,2,Vanguard Technologies - Platform Deal,Proposal,8473,2025-01-02,2024-08-12,Inbound - Content,Best Case,False,False,CompetitorD,,28,,New Business,2024-08-12T00:00:00
3963,738,15,Catalyst Enterprises - New Business,Qualification,10043,2025-06-21,2024-12-11,Event,Best Case,False,False,Open Source Alternative,,54,Reference call,New Business,2024-12-11T00:00:00
3964,198,16,Catalyst Inc - New Business,Closed Lost,116344,2024-12-31,2024-12-31,Event,Omitted,False,True,CompetitorE,Price,44,,New Business,2024-12-31T00:00:00
3965,526,9,Global Inc - Platform Deal,Discovery,44876,2021-09-09,2021-08-06,Outbound - SDR,Pipeline,False,False,CompetitorC,,5,Contract signing,New Business,2021-08-06T00:00:00
3966,918,10,Atlas Labs - New Business,Discovery,27928,2024-05-05,2024-02-26,Inbound - Content,Pipeline,False,False,CompetitorE,,66,Executive alignment,New Business,2024-02-26T00:00:00
3967,660,11,Elevate Software - Additional Seats,Proposal,287967,2024-12-31,2024-04-05,Partner Referral,Best Case,False,False,CompetitorC,,62,Send proposal,Expansion,2024-04-05T00:00:00
3968,887,7,Fusion Software - Upsell,Discovery,9502,2023-03-31,2022-09-05,Webinar,Pipeline,False,False,CompetitorE,,58,,Expansion,2022-09-05T00:00:00
3969,846,9,Vanguard Networks - New Business,Proposal,61030,2021-01-15,2020-06-04,Webinar,Best Case,False,False,CompetitorA,,52,Executive alignment,New Business,2020-06-04T00:00:00
3970,261,9,Summit Partners - Initial License,Discovery,28339,2024-12-30,2024-06-13,Product-Led,Pipeline,False,False,CompetitorB,,68,Legal review,New Business,2024-06-13T00:00:00
3971,596,5,Fusion Solutions - Expansion,Qualification,74203,2024-07-19,2023-10-24,Inbound - Content,Best Case,False,False,CompetitorD,,57,Legal review,Expansion,2023-10-24T00:00:00
3972,516,7,Elevate Solutions - New Business,Discovery,17465,2024-04-01,2023-07-24,Webinar,Pipeline,False,False,CompetitorC,,9,Executive alignment,New Business,2023-07-24T00:00:00
3973,624,16,Global Enterprises - Platform Deal,Discovery,66118,2025-05-25,2024-11-18,Inbound - Content,Pipeline,False,False,,,32,Contract signing,New Business,2024-11-18T00:00:00
3544,914,12,Summit Systems - Initial License,Discovery,174498,2022-04-16,2021-11-01,Inbound - Web,Pipeline,False,False,CompetitorD,,54,,New Business,2021-11-01T00:00:00
3975,323,16,Zenith Partners - Platform Deal,Prospecting,133875,2025-04-11,2024-12-15,Webinar,Pipeline,False,False,CompetitorC,,63,Schedule demo,New Business,2024-12-15T00:00:00
3976,892,13,Elevate Systems - New Business,Proposal,44498,2024-09-17,2024-05-04,Inbound - Web,Best Case,False,False,CompetitorD,,10,Contract signing,New Business,2024-05-04T00:00:00
3977,55,7,Vertex Group - Initial License,Qualification,7381,2024-02-28,2023-09-15,Event,Best Case,False,False,Open Source Alternative,,13,Contract signing,New Business,2023-09-15T00:00:00
3978,609,2,Nova Analytics - Platform Deal,Closed Lost,26506,2023-04-25,2022-12-31,Inbound - Web,Omitted,False,True,CompetitorA,Price,36,,New Business,2022-12-31T00:00:00
3979,523,6,Vertex Dynamics - Initial License,Prospecting,9400,2023-04-02,2022-10-16,Inbound - Web,Pipeline,False,False,CompetitorC,,16,Send proposal,New Business,2022-10-16T00:00:00
3980,485,14,Apex Dynamics - New Business,Closed Lost,40350,2024-12-31,2024-12-09,Webinar,Omitted,False,True,,Lost to Status Quo,40,,New Business,2024-12-09T00:00:00
3981,384,12,Vanguard Digital - Initial License,Discovery,29973,2024-05-17,2024-03-13,Event,Pipeline,False,False,CompetitorD,,55,POC setup,New Business,2024-03-13T00:00:00
3982,763,3,Quantum Software - New Business,Closed Lost,144006,2024-12-16,2024-09-21,Partner Referral,Omitted,False,True,Open Source Alternative,Lost to Status Quo,32,,New Business,2024-09-21T00:00:00
3983,856,8,Nova Services - Initial License,Discovery,1049160,2023-01-20,2022-09-10,Inbound - Content,Pipeline,False,False,CompetitorC,,12,Contract signing,New Business,2022-09-10T00:00:00
3984,119,9,Optima Partners - Initial License,Closed Lost,25587,2024-09-25,2024-07-20,Inbound - Content,Omitted,False,True,Open Source Alternative,Feature Gap,65,,New Business,2024-07-20T00:00:00
3985,874,7,Quantum Services - Platform Deal,Proposal,99293,2021-02-14,2021-03-02,Inbound - Content,Best Case,False,False,,,54,Technical review,New Business,2021-03-02T00:00:00
3986,577,13,Vertex Holdings - New Business,Qualification,22984,2024-11-28,2024-03-05,Webinar,Best Case,False,False,,,69,POC setup,New Business,2024-03-05T00:00:00
3987,260,12,Nova Services - Initial License,Prospecting,47400,2022-12-11,2022-09-01,Product-Led,Pipeline,False,False,CompetitorC,,34,Send proposal,New Business,2022-09-01T00:00:00
539,12,5,Nexus Software - Platform Deal,Closed Lost,484960,2023-05-04,2023-02-20,Partner Referral,Omitted,False,True,,Timing,3,,New Business,2023-02-20T00:00:00
3989,76,2,Optima Solutions - New Business,Qualification,19207,2024-09-10,2024-03-04,Inbound - Content,Best Case,False,False,CompetitorE,,13,,New Business,2024-03-04T00:00:00
3990,402,15,Global Holdings - New Business,Closed Lost,23663,2024-09-29,2024-04-06,Outbound - SDR,Omitted,False,True,CompetitorB,Price,27,,New Business,2024-04-06T00:00:00
3991,53,10,Fusion Digital - Upsell,Discovery,36056,2021-09-11,2021-04-13,Inbound - Web,Pipeline,False,False,Open Source Alternative,,26,Executive alignment,Expansion,2021-04-13T00:00:00
3992,604,7,Velocity Networks - Initial License,Discovery,68378,2024-11-19,2024-08-08,Product-Led,Pipeline,False,False,Open Source Alternative,,21,Technical review,New Business,2024-08-08T00:00:00
3993,59,3,Horizon Labs - New Business,Prospecting,96260,2024-08-31,2024-03-01,,Pipeline,False,False,,,40,Send proposal,New Business,2024-03-01T00:00:00
3994,68,11,Global Partners - Initial License,Closed Lost,829098,2022-11-11,2022-09-12,Inbound - Content,Omitted,False,True,CompetitorB,Champion Left,44,,New Business,2022-09-12T00:00:00
3995,124,10,Vertex Holdings - Platform Deal,Proposal,38603,2025-04-13,2024-12-24,,Best Case,False,False,CompetitorD,,34,Contract signing,New Business,2024-12-24T00:00:00
3996,424,11,Velocity Partners - Platform Deal,Discovery,27515,2025-02-07,2024-06-17,Outbound - SDR,Pipeline,False,False,Open Source Alternative,,42,POC setup,New Business,2024-06-17T00:00:00
3997,744,9,Pinnacle Platforms - Initial License,Discovery,150996,2024-06-16,2023-12-30,Event,Pipeline,False,False,CompetitorB,,31,Legal review,New Business,2023-12-30T00:00:00
3998,11,7,Velocity Partners - Expansion,Qualification,272345,2021-09-12,2021-05-22,Event,Best Case,False,False,CompetitorD,,52,Send proposal,Expansion,2021-05-22T00:00:00
3999,700,15,Catalyst Networks - New Business,Proposal,44832,2025-05-13,2024-09-27,Outbound - AE,Best Case,False,False,,,65,Schedule demo,New Business,2024-09-27T00:00:00
4000,23,6,Pacific Software - Initial License,Prospecting,23589,2022-06-22,2021-10-22,Partner Referral,Pipeline,False,False,CompetitorC,,5,Legal review,New Business,2021-10-22T00:00:00
4001,509,16,Elevate Group - New Business,Prospecting,19267,2024-11-01,2024-10-01,Webinar,Pipeline,False,False,,,61,Legal review,New Business,2024-10-01T00:00:00
4002,120,16,Summit Holdings - New Business,Closed Won,292064,2024-03-12,2023-10-11,Partner Referral,Closed,True,True,,,8,,New Business,2023-10-11T00:00:00
4003,524,10,Vertex Dynamics - Initial License,Qualification,43064,2024-09-05,2024-06-04,Outbound - SDR,Best Case,False,False,CompetitorD,,53,Send proposal,New Business,2024-06-04T00:00:00
4004,97,15,Nova Labs - Initial License,Prospecting,28347,2025-06-09,2024-10-01,Outbound - AE,Pipeline,False,False,CompetitorC,,37,Technical review,New Business,2024-10-01T00:00:00
4005,260,12,Nova Services - Expansion,Discovery,11242,2024-02-07,2023-09-16,Outbound - AE,Pipeline,False,False,CompetitorB,,13,,Expansion,2023-09-16T00:00:00
4006,380,2,Pinnacle Labs - Platform Deal,Qualification,158788,2023-09-15,2022-12-30,Event,Best Case,False,False,,,44,Executive alignment,New Business,2022-12-30T00:00:00
4007,791,14,Acme Group - Initial License,Discovery,27233,2024-12-01,2024-09-13,Inbound - Web,Pipeline,False,False,,,37,,New Business,2024-09-13T00:00:00
4008,409,10,Velocity Platforms - Platform Deal,Prospecting,,2023-08-07,2023-01-09,Partner Referral,Pipeline,False,False,CompetitorE,,14,Contract signing,New Business,2023-01-09T00:00:00
4009,537,12,Summit Analytics - New Business,Closed Lost,43535,2024-03-26,2023-08-16,,Omitted,False,True,CompetitorB,Budget Cut,24,,New Business,2023-08-16T00:00:00
4010,639,1,Fusion Software - Initial License,Qualification,224224,2024-09-11,2024-05-04,Product-Led,Best Case,False,False,,,35,Reference call,New Business,2024-05-04T00:00:00
4011,893,12,Atlas Inc - Platform Deal,Negotiation,84233,2025-04-23,2024-11-25,Event,Commit,False,False,,,33,,New Business,2024-11-25T00:00:00
4012,462,11,Horizon Enterprises - Initial License,Proposal,74763,2025-08-04,2024-11-13,Outbound - AE,Best Case,False,False,,,7,Send proposal,New Business,2024-11-13T00:00:00
4013,770,4,Pacific Corp - Initial License,Closed Lost,16952,2024-12-31,2024-10-11,Outbound - AE,Omitted,False,True,CompetitorC,Feature Gap,1,,New Business,2024-10-11T00:00:00
4014,184,3,Fusion Holdings - Platform Deal,Proposal,727560,2022-11-10,2022-09-03,Product-Led,Best Case,False,False,CompetitorB,,34,Send proposal,New Business,2022-09-03T00:00:00
4015,789,15,Vertex Software - Platform Deal,Negotiation,189653,2025-06-11,2024-10-07,Inbound - Content,Commit,False,False,CompetitorC,,41,Executive alignment,New Business,2024-10-07T00:00:00
2778,334,11,Summit Labs - Platform Deal,Closed Lost,7916,2024-12-31,2024-12-30,Partner Referral,Omitted,False,True,CompetitorA,Price,25,,New Business,2024-12-30T00:00:00
4017,271,10,Global Labs - New Business,Prospecting,5747,2024-12-22,2024-12-30,,Pipeline,False,False,Open Source Alternative,,57,POC setup,New Business,2024-12-30T00:00:00
4018,965,6,Zenith Technologies - Platform Deal,Qualification,,2023-08-21,2023-06-19,Inbound - Content,Best Case,False,False,CompetitorA,,12,Technical review,New Business,2023-06-19T00:00:00
4019,751,13,Nova Digital - New Business,Prospecting,34733,2024-10-23,2024-11-02,Webinar,Pipeline,False,False,,,39,Contract signing,New Business,2024-11-02T00:00:00
4020,811,12,Pinnacle Digital - Initial License,Qualification,167425,2023-04-25,2022-08-07,Inbound - Web,Best Case,False,False,,,57,POC setup,New Business,2022-08-07T00:00:00
4021,750,5,Horizon Services - Contract Renewal,Prospecting,18999,2024-11-05,2024-09-05,,Pipeline,False,False,,,53,Send proposal,Renewal,2024-09-05T00:00:00
4022,884,11,Optima Dynamics - Initial License,Prospecting,23227,2024-08-13,2024-04-16,Outbound - AE,Pipeline,False,False,CompetitorC,,13,,New Business,2024-04-16T00:00:00
4023,716,16,Optima Corp - New Business,Proposal,16894,2025-06-17,2024-11-30,Outbound - SDR,Best Case,False,False,,,64,Technical review,New Business,2024-11-30T00:00:00
4024,128,5,Pinnacle Inc - New Business,Qualification,8725,2025-08-08,2024-11-23,Outbound - SDR,Best Case,False,False,Open Source Alternative,,43,Executive alignment,New Business,2024-11-23T00:00:00
4025,348,11,Vanguard Solutions - Platform Deal,Qualification,8133,2025-01-04,2024-11-22,Outbound - AE,Best Case,False,False,CompetitorC,,22,Executive alignment,New Business,2024-11-22T00:00:00
4026,645,2,Zenith Enterprises - Initial License,Closed Lost,199971,2024-09-20,2024-08-03,Inbound - Web,Omitted,False,True,CompetitorE,Competitor,5,,New Business,2024-08-03T00:00:00
4027,849,13,Nexus Software - Platform Deal,Closed Lost,43379,2024-08-20,2024-01-09,Outbound - AE,Omitted,False,True,CompetitorC,Competitor,72,,New Business,2024-01-09T00:00:00
4028,104,12,Optima Labs - Platform Deal,Closed Lost,17446,2024-06-15,2024-04-18,Product-Led,Omitted,False,True,,No Decision,47,,New Business,2024-04-18T00:00:00
4029,6,1,Nova Holdings - Platform Deal,Negotiation,18622,2025-05-20,2024-12-14,Outbound - AE,Commit,False,False,,,28,POC setup,New Business,2024-12-14T00:00:00
4030,748,14,Summit Networks - Initial License,Qualification,191430,2023-10-19,2023-03-24,Partner Referral,Best Case,False,False,CompetitorE,,35,Send proposal,New Business,2023-03-24T00:00:00
4031,371,8,Fusion Systems - New Business,Proposal,37012,2024-12-14,2024-05-15,Inbound - Content,Best Case,False,False,CompetitorE,,60,Contract signing,New Business,2024-05-15T00:00:00
4032,983,8,Atlas Dynamics - Additional Seats,Qualification,12713,2025-01-06,2024-05-15,Inbound - Web,Best Case,False,False,Open Source Alternative,,17,Schedule demo,Expansion,2024-05-15T00:00:00
4033,16,6,Horizon Digital - New Business,Discovery,92529,2024-08-11,2024-07-05,Inbound - Content,Pipeline,False,False,CompetitorA,,19,Technical review,New Business,2024-07-05T00:00:00
4034,83,15,Zenith Networks - New Business,Qualification,54857,2025-05-17,2024-12-10,Outbound - AE,Best Case,False,False,CompetitorA,,15,Technical review,New Business,2024-12-10T00:00:00
4035,917,10,Acme Group - Initial License,Negotiation,20030,2025-03-01,2024-11-25,Inbound - Content,Commit,False,False,CompetitorA,,7,Technical review,New Business,2024-11-25T00:00:00
4036,592,4,Nexus Labs - New Business,Closed Lost,78708,2023-04-29,2022-12-03,Outbound - AE,Omitted,False,True,CompetitorB,Timing,15,,New Business,2022-12-03T00:00:00
4037,672,15,Synergy Solutions - Platform Deal,Qualification,32227,2024-09-22,2024-07-06,Webinar,Best Case,False,False,Open Source Alternative,,21,,New Business,2024-07-06T00:00:00
4038,611,2,Pacific Analytics - Platform Deal,Closed Won,41744,2024-12-31,2024-11-16,Outbound - SDR,Closed,True,True,,,6,,New Business,2024-11-16T00:00:00
4039,675,1,Summit Analytics - Expansion,Closed Lost,24464,2023-12-28,2023-11-01,Inbound - Content,Omitted,False,True,CompetitorB,No Decision,16,,Expansion,2023-11-01T00:00:00
4040,992,11,Pinnacle Labs - Initial License,Proposal,11433,2022-09-28,2022-08-03,Partner Referral,Best Case,False,False,CompetitorC,,1,Technical review,New Business,2022-08-03T00:00:00
4041,946,7,Synergy Systems - New Business,Closed Lost,33651,2023-02-10,2022-10-21,Partner Referral,Omitted,False,True,,Budget Cut,3,,New Business,2022-10-21T00:00:00
4042,622,4,Velocity Technologies - New Business,Prospecting,118165,2025-08-14,2024-12-25,Webinar,Pipeline,False,False,,,29,Executive alignment,New Business,2024-12-25T00:00:00
4043,439,16,Nexus Networks - Initial License,Closed Lost,8842,2024-09-16,2024-04-04,Inbound - Web,Omitted,False,True,CompetitorD,Price,48,,New Business,2024-04-04T00:00:00
4044,160,5,Pacific Systems - Initial License,Closed Won,25353,2024-06-28,2024-02-24,Partner Referral,Closed,True,True,Open Source Alternative,,13,,New Business,2024-02-24T00:00:00
4045,211,2,Quantum Networks - Contract Renewal,Discovery,14212,2025-05-07,2024-11-23,Webinar,Pipeline,False,False,,,26,Executive alignment,Renewal,2024-11-23T00:00:00
4046,624,5,Global Enterprises - Initial License,Prospecting,72994,2024-07-08,2024-06-07,Outbound - AE,Pipeline,False,False,CompetitorA,,37,Technical review,New Business,2024-06-07T00:00:00
4047,882,3,Apex Group - New Business,Discovery,48085,2025-09-04,2024-12-26,Product-Led,Pipeline,False,False,CompetitorB,,2,,New Business,2024-12-26T00:00:00
4048,929,14,Vertex Services - Initial License,Closed Lost,24943,2024-12-31,2024-08-27,Inbound - Web,Omitted,False,True,CompetitorA,Price,53,,New Business,2024-08-27T00:00:00
4049,596,5,Fusion Solutions - Expansion,Closed Won,44898,2024-12-31,2024-10-05,Product-Led,Closed,True,True,,,9,,Expansion,2024-10-05T00:00:00
4050,668,5,Optima Analytics - Platform Deal,Closed Lost,16214,2024-12-20,2024-08-19,Outbound - AE,Omitted,False,True,CompetitorD,Feature Gap,26,,New Business,2024-08-19T00:00:00
4051,470,1,Acme Networks - Expansion,Closed Won,276889,2024-03-19,2024-01-14,Partner Referral,Closed,True,True,Open Source Alternative,,17,,Expansion,2024-01-14T00:00:00
4052,275,10,Acme Inc - Contract Renewal,Proposal,395756,2025-02-02,2024-11-16,Inbound - Web,Best Case,False,False,,,52,Reference call,Renewal,2024-11-16T00:00:00
4053,735,3,Apex Dynamics - Platform Deal,Proposal,138690,2024-02-20,2024-01-03,Inbound - Web,Best Case,False,False,CompetitorC,,35,,New Business,2024-01-03T00:00:00
4054,417,11,Vanguard Enterprises - Additional Seats,Qualification,57641,2023-07-03,2023-02-13,Partner Referral,Best Case,False,False,CompetitorA,,53,Schedule demo,Expansion,2023-02-13T00:00:00
4055,112,3,Catalyst Inc - Initial License,Prospecting,34584,2024-04-28,2024-02-22,Partner Referral,Pipeline,False,False,Open Source Alternative,,40,,New Business,2024-02-22T00:00:00
4056,35,14,Pinnacle Partners - Initial License,Qualification,23674,2023-06-04,2023-03-19,Inbound - Content,Best Case,False,False,CompetitorE,,39,Reference call,New Business,2023-03-19T00:00:00
4057,65,11,Horizon Inc - Initial License,Proposal,57929,2023-09-07,2023-05-03,Inbound - Web,Best Case,False,False,,,66,,New Business,2023-05-03T00:00:00
4058,895,15,Pinnacle Labs - Initial License,Prospecting,25482,2025-06-29,2024-12-27,Outbound - SDR,Pipeline,False,False,CompetitorB,,51,Contract signing,New Business,2024-12-27T00:00:00
4059,802,4,Vanguard Analytics - New Business,Prospecting,119141,2021-11-17,2021-05-19,Partner Referral,Pipeline,False,False,,,32,Reference call,New Business,2021-05-19T00:00:00
4060,567,1,Pacific Dynamics - Additional Seats,Prospecting,28126,2025-02-20,2024-08-14,Inbound - Content,Pipeline,False,False,,,25,Reference call,Expansion,2024-08-14T00:00:00
1353,310,12,Optima Systems - New Business,Qualification,723205,2024-07-18,2023-12-08,Event,Best Case,False,False,CompetitorE,,39,Reference call,New Business,2023-12-08T00:00:00
4062,103,13,Pacific Systems - Platform Deal,Prospecting,688198,2022-12-24,2022-04-04,Webinar,Pipeline,False,False,,,6,Reference call,New Business,2022-04-04T00:00:00
4063,58,12,Acme Group - New Business,Qualification,105004,2024-10-01,2024-02-01,Product-Led,Best Case,False,False,CompetitorC,,25,Send proposal,New Business,2024-02-01T00:00:00
4064,213,7,Fusion Analytics - Initial License,Discovery,30519,2021-08-24,2021-04-05,Inbound - Content,Pipeline,False,False,,,50,POC setup,New Business,2021-04-05T00:00:00
4065,660,4,Elevate Software - Contract Renewal,Closed Lost,700216,2024-09-18,2024-05-19,Webinar,Omitted,False,True,CompetitorA,Budget Cut,3,,Renewal,2024-05-19T00:00:00
4066,128,5,Pinnacle Inc - Initial License,Closed Won,34010,2024-12-18,2024-12-25,Event,Closed,True,True,CompetitorC,,29,,New Business,2024-12-25T00:00:00
4067,15,6,Nexus Inc - Initial License,Prospecting,47833,2025-07-07,2024-12-07,Event,Pipeline,False,False,CompetitorD,,29,,New Business,2024-12-07T00:00:00
4068,438,5,Pinnacle Technologies - New Business,Prospecting,51343,2024-06-24,2024-01-14,,Pipeline,False,False,CompetitorA,,30,Schedule demo,New Business,2024-01-14T00:00:00
4069,45,11,Quantum Software - Initial License,Qualification,102058,2024-02-01,2023-06-08,Outbound - SDR,Best Case,False,False,CompetitorD,,55,Schedule demo,New Business,2023-06-08T00:00:00
4070,986,1,Nexus Systems - Platform Deal,Proposal,67529,2023-07-28,2023-06-10,Event,Best Case,False,False,CompetitorD,,40,Send proposal,New Business,2023-06-10T00:00:00
4071,201,1,Global Dynamics - Platform Deal,Prospecting,104534,2025-08-19,2024-12-26,Partner Referral,Pipeline,False,False,,,29,POC setup,New Business,2024-12-26T00:00:00
4072,524,6,Vertex Dynamics - New Business,Prospecting,27334,2023-10-20,2023-05-02,Inbound - Content,Pipeline,False,False,,,31,Reference call,New Business,2023-05-02T00:00:00
4073,228,10,Summit Services - New Business,Qualification,25614,2023-09-12,2023-01-13,Outbound - SDR,Best Case,False,False,,,13,Contract signing,New Business,2023-01-13T00:00:00
4074,133,11,Synergy Enterprises - Renewal,Prospecting,12619,2023-09-10,2023-05-23,Outbound - SDR,Pipeline,False,False,,,20,Executive alignment,Renewal,2023-05-23T00:00:00
4075,200,1,Summit Partners - Initial License,Prospecting,26486,2023-11-12,2023-03-12,Product-Led,Pipeline,False,False,,,38,Technical review,New Business,2023-03-12T00:00:00
4076,949,4,Optima Software - Platform Deal,Closed Lost,132518,2023-06-17,2023-03-18,Outbound - AE,Omitted,False,True,CompetitorA,Price,38,,New Business,2023-03-18T00:00:00
4077,78,3,Zenith Partners - Initial License,Prospecting,273497,2023-06-05,2023-01-29,Inbound - Content,Pipeline,False,False,CompetitorD,,24,,New Business,2023-01-29T00:00:00
4078,746,10,Atlas Services - Initial License,Discovery,89415,2024-12-06,2024-04-18,Inbound - Web,Pipeline,False,False,CompetitorE,,18,Reference call,New Business,2024-04-18T00:00:00
4079,19,7,Acme Group - Platform Deal,Proposal,15568,2023-05-31,2023-04-04,Inbound - Web,Best Case,False,False,CompetitorA,,48,Send proposal,New Business,2023-04-04T00:00:00
4080,205,1,Fusion Dynamics - New Business,Qualification,16038,2023-11-26,2023-06-08,Outbound - SDR,Best Case,False,False,CompetitorB,,22,Technical review,New Business,2023-06-08T00:00:00
4081,431,10,Atlas Digital - New Business,Qualification,13050,2025-08-15,2024-11-29,Inbound - Web,Best Case,False,False,,,6,Reference call,New Business,2024-11-29T00:00:00
4082,569,10,Pinnacle Group - Initial License,Qualification,70172,2025-06-14,2024-09-23,Event,Best Case,False,False,,,31,Contract signing,New Business,2024-09-23T00:00:00
4083,355,8,Zenith Holdings - Platform Deal,Closed Won,32002,2021-12-22,2021-05-26,Partner Referral,Closed,True,True,CompetitorB,,47,,New Business,2021-05-26T00:00:00
4084,406,9,Global Digital - Initial License,Closed Lost,8484,2023-03-26,2022-09-16,Webinar,Omitted,False,True,,Price,45,,New Business,2022-09-16T00:00:00
4085,727,2,Acme Services - Initial License,Discovery,81912,2023-01-29,2022-12-09,Webinar,Pipeline,False,False,,,26,Contract signing,New Business,2022-12-09T00:00:00
4086,355,8,Zenith Holdings - Renewal,Prospecting,9879,2022-10-14,2022-08-04,Event,Pipeline,False,False,CompetitorA,,17,Legal review,Renewal,2022-08-04T00:00:00
4087,169,4,Nexus Platforms - New Business,Closed Lost,30475,2022-09-27,2022-07-10,Product-Led,Omitted,False,True,CompetitorB,Champion Left,4,,New Business,2022-07-10T00:00:00
4088,727,7,Acme Services - Initial License,Qualification,122463,2025-01-08,2024-09-28,Outbound - SDR,Best Case,False,False,CompetitorD,,10,Technical review,New Business,2024-09-28T00:00:00
4089,849,13,Nexus Software - New Business,Proposal,10519,2025-03-21,2024-07-14,Outbound - AE,Best Case,False,False,CompetitorA,,17,,New Business,2024-07-14T00:00:00
4090,68,11,Global Partners - New Business,Closed Lost,920270,2021-12-17,2021-10-31,Inbound - Content,Omitted,False,True,Open Source Alternative,Champion Left,21,,New Business,2021-10-31T00:00:00
4091,561,8,Synergy Services - Upsell,Prospecting,75802,2025-01-01,2024-09-14,,Pipeline,False,False,,,3,Executive alignment,Expansion,2024-09-14T00:00:00
3884,592,4,Nexus Labs - New Business,Negotiation,63668,2024-01-25,2023-11-10,Inbound - Web,Commit,False,False,CompetitorC,,54,Technical review,New Business,2023-11-10T00:00:00
4093,437,15,Velocity Holdings - Platform Deal,Proposal,43067,2025-05-11,2024-10-08,Inbound - Web,Best Case,False,False,CompetitorB,,13,Send proposal,New Business,2024-10-08T00:00:00
4094,157,8,Pacific Partners - Platform Deal,Discovery,39041,2024-10-31,2024-04-30,Partner Referral,Pipeline,False,False,,,12,Legal review,New Business,2024-04-30T00:00:00
4095,363,7,Nexus Labs - Initial License,Closed Lost,37572,2023-09-18,2023-05-17,Event,Omitted,False,True,CompetitorB,Budget Cut,58,,New Business,2023-05-17T00:00:00
4096,80,7,Catalyst Digital - Initial License,Closed Lost,49731,2024-11-26,2024-07-10,Event,Omitted,False,True,CompetitorB,Competitor,27,,New Business,2024-07-10T00:00:00
4097,885,15,Pinnacle Holdings - Initial License,Qualification,36027,2023-01-22,2022-08-17,Inbound - Web,Best Case,False,False,,,7,Executive alignment,New Business,2022-08-17T00:00:00
4098,64,12,Pinnacle Analytics - New Business,Negotiation,174729,2024-06-02,2023-11-18,Outbound - SDR,Commit,False,False,,,4,Technical review,New Business,2023-11-18T00:00:00
4099,146,6,Vanguard Platforms - Initial License,Qualification,41510,2025-03-20,2024-11-14,Outbound - AE,Best Case,False,False,CompetitorA,,42,Contract signing,New Business,2024-11-14T00:00:00
4100,896,3,Elevate Networks - New Business,Qualification,222992,2025-01-31,2024-11-02,,Best Case,False,False,CompetitorC,,21,Send proposal,New Business,2024-11-02T00:00:00
4101,76,2,Optima Solutions - Platform Deal,Discovery,36229,2024-05-06,2024-01-22,Webinar,Pipeline,False,False,Open Source Alternative,,16,,New Business,2024-01-22T00:00:00
4102,915,15,Nova Inc - Expansion,Discovery,15841,2025-06-22,2024-11-16,Event,Pipeline,False,False,CompetitorC,,10,Reference call,Expansion,2024-11-16T00:00:00
4103,318,6,Summit Labs - New Business,Qualification,209748,2023-10-11,2023-09-03,Inbound - Web,Best Case,False,False,,,17,Schedule demo,New Business,2023-09-03T00:00:00
4104,895,15,Pinnacle Labs - New Business,Qualification,,2025-02-17,2024-12-17,Product-Led,Best Case,False,False,CompetitorD,,31,Reference call,New Business,2024-12-17T00:00:00
4105,497,2,Vertex Services - New Business,Prospecting,25239,2024-09-23,2024-05-31,Webinar,Pipeline,False,False,CompetitorB,,29,Schedule demo,New Business,2024-05-31T00:00:00
4106,220,9,Horizon Partners - Upsell,Prospecting,67831,2025-03-11,2024-12-19,Webinar,Pipeline,False,False,CompetitorB,,55,Send proposal,Expansion,2024-12-19T00:00:00
4107,885,11,Pinnacle Holdings - Initial License,Discovery,26224,2025-06-14,2024-09-22,Outbound - AE,Pipeline,False,False,,,19,Legal review,New Business,2024-09-22T00:00:00
4108,618,2,Horizon Platforms - Platform Deal,Closed Won,35701,2024-03-16,2024-01-09,Inbound - Content,Closed,True,True,CompetitorC,,37,,New Business,2024-01-09T00:00:00
4109,721,4,Zenith Inc - Platform Deal,Prospecting,47100,2022-01-08,2021-06-01,Partner Referral,Pipeline,False,False,CompetitorB,,33,Reference call,New Business,2021-06-01T00:00:00
4110,527,9,Atlas Systems - Upsell,Negotiation,54921,2023-07-24,2022-12-30,Webinar,Commit,False,False,CompetitorE,,69,POC setup,Expansion,2022-12-30T00:00:00
4111,47,15,Synergy Partners - Platform Deal,Closed Lost,35423,2024-12-31,2024-07-22,Partner Referral,Omitted,False,True,CompetitorB,No Decision,41,,New Business,2024-07-22T00:00:00
4112,116,13,Catalyst Platforms - Platform Deal,Discovery,11492,2022-06-30,2022-01-20,Inbound - Web,Pipeline,False,False,,,67,,New Business,2022-01-20T00:00:00
4113,155,14,Horizon Dynamics - New Business,Closed Won,39670,2022-03-22,2021-07-11,Partner Referral,Closed,True,True,Open Source Alternative,,2,,New Business,2021-07-11T00:00:00
4114,217,3,Quantum Technologies - Platform Deal,Closed Lost,102345,2024-12-31,2024-09-20,Outbound - AE,Omitted,False,True,CompetitorD,Lost to Status Quo,35,,New Business,2024-09-20T00:00:00
4115,783,15,Acme Group - Platform Deal,Qualification,20338,2025-03-22,2024-11-09,Inbound - Web,Best Case,False,False,,,31,Technical review,New Business,2024-11-09T00:00:00
4116,704,2,Quantum Partners - Platform Deal,Closed Won,212392,2022-08-28,2022-05-26,Partner Referral,Closed,True,True,CompetitorD,,26,,New Business,2022-05-26T00:00:00
4117,227,6,Catalyst Networks - New Business,Closed Lost,130948,2024-12-31,2024-10-27,Inbound - Web,Omitted,False,True,CompetitorA,Price,34,,New Business,2024-10-27T00:00:00
4118,716,16,Optima Corp - Platform Deal,Proposal,40555,2025-01-01,2024-10-28,Webinar,Best Case,False,False,CompetitorC,,30,Contract signing,New Business,2024-10-28T00:00:00
4119,269,3,Optima Digital - Upsell,Qualification,18670,2024-12-03,2024-09-16,Webinar,Best Case,False,False,CompetitorD,,20,Reference call,Expansion,2024-09-16T00:00:00
4120,866,7,Optima Enterprises - Platform Deal,Discovery,460012,2024-09-09,2023-12-19,Inbound - Content,Pipeline,False,False,Open Source Alternative,,46,Reference call,New Business,2023-12-19T00:00:00
4121,512,6,Global Holdings - New Business,Negotiation,5753,2023-09-22,2023-01-31,Partner Referral,Commit,False,False,,,4,,New Business,2023-01-31T00:00:00
4122,563,15,Elevate Systems - New Business,Closed Lost,16188,2024-12-29,2024-09-20,Webinar,Omitted,False,True,,No Decision,46,,New Business,2024-09-20T00:00:00
4123,569,6,Pinnacle Group - Platform Deal,Prospecting,100389,2025-04-20,2024-12-25,Inbound - Web,Pipeline,False,False,CompetitorC,,58,Legal review,New Business,2024-12-25T00:00:00
4124,620,4,Horizon Labs - Initial License,Proposal,21038,2023-08-22,2023-03-22,Inbound - Content,Best Case,False,False,,,48,,New Business,2023-03-22T00:00:00
4125,862,11,Vanguard Group - Initial License,Negotiation,14335,2024-04-14,2023-11-23,Outbound - SDR,Commit,False,False,CompetitorD,,1,Legal review,New Business,2023-11-23T00:00:00
4126,324,7,Catalyst Labs - Initial License,Prospecting,31469,2022-09-19,2022-02-23,Event,Pipeline,False,False,CompetitorD,,59,Schedule demo,New Business,2022-02-23T00:00:00
4127,601,11,Quantum Holdings - Platform Deal,Closed Lost,81536,2024-12-24,2024-08-09,,Omitted,False,True,,No Decision,68,,New Business,2024-08-09T00:00:00
4128,56,16,Elevate Technologies - New Business,Closed Lost,23348,2022-02-04,2021-10-20,Outbound - SDR,Omitted,False,True,CompetitorA,No Decision,11,,New Business,2021-10-20T00:00:00
4129,495,16,Nexus Solutions - Initial License,Prospecting,38408,2025-08-06,2024-11-12,Outbound - SDR,Pipeline,False,False,CompetitorC,,41,Executive alignment,New Business,2024-11-12T00:00:00
4130,467,11,Vanguard Partners - Platform Deal,Proposal,139827,2025-07-25,2024-12-06,Product-Led,Best Case,False,False,,,56,Technical review,New Business,2024-12-06T00:00:00
4131,841,12,Acme Inc - Initial License,Qualification,34451,2023-10-11,2023-06-05,Outbound - SDR,Best Case,False,False,CompetitorB,,48,,New Business,2023-06-05T00:00:00
4132,163,9,Nexus Inc - New Business,Qualification,42508,2024-09-12,2024-04-27,Event,Best Case,False,False,CompetitorC,,10,Legal review,New Business,2024-04-27T00:00:00
4133,798,1,Acme Partners - New Business,Proposal,20076,2022-05-25,2022-01-01,Event,Best Case,False,False,CompetitorD,,25,Technical review,New Business,2022-01-01T00:00:00
4134,1000,14,Fusion Holdings - Platform Deal,Qualification,26721,2022-07-02,2021-10-23,Inbound - Web,Best Case,False,False,,,48,,New Business,2021-10-23T00:00:00
4135,50,13,Fusion Technologies - Contract Renewal,Discovery,179108,2023-05-28,2023-02-07,Product-Led,Pipeline,False,False,CompetitorD,,13,,Renewal,2023-02-07T00:00:00
4136,456,5,Vertex Platforms - Initial License,Discovery,45898,2025-05-07,2024-12-26,Inbound - Web,Pipeline,False,False,Open Source Alternative,,42,Send proposal,New Business,2024-12-26T00:00:00
4137,591,13,Catalyst Corp - Initial License,Closed Won,21856,2022-10-02,2022-11-01,Inbound - Content,Closed,True,True,CompetitorB,,61,,New Business,2022-11-01T00:00:00
4138,75,13,Acme Systems - Initial License,Prospecting,,2025-02-24,2024-09-02,Inbound - Web,Pipeline,False,False,CompetitorE,,2,Send proposal,New Business,2024-09-02T00:00:00
4139,544,6,Horizon Platforms - Initial License,Qualification,70053,2025-01-30,2024-09-26,Outbound - SDR,Best Case,False,False,,,38,Contract signing,New Business,2024-09-26T00:00:00
4140,680,2,Pinnacle Systems - New Business,Negotiation,800977,2024-10-19,2024-06-07,Product-Led,Commit,False,False,CompetitorC,,37,Technical review,New Business,2024-06-07T00:00:00
4141,706,3,Elevate Software - Initial License,Qualification,130945,2025-03-28,2024-10-07,Inbound - Content,Best Case,False,False,CompetitorD,,8,Contract signing,New Business,2024-10-07T00:00:00
4142,534,7,Horizon Labs - Initial License,Prospecting,97941,2025-06-23,2024-12-21,Product-Led,Pipeline,False,False,CompetitorC,,38,Technical review,New Business,2024-12-21T00:00:00
4143,150,16,Quantum Holdings - Platform Deal,Qualification,29951,2024-12-24,2024-07-21,Inbound - Content,Best Case,False,False,CompetitorE,,27,Send proposal,New Business,2024-07-21T00:00:00
4144,148,12,Fusion Technologies - Additional Seats,Discovery,4954,2024-12-07,2024-09-24,Webinar,Pipeline,False,False,CompetitorC,,4,Reference call,Expansion,2024-09-24T00:00:00
4145,126,3,Nexus Networks - Initial License,Prospecting,78552,2025-02-02,2024-12-21,Webinar,Pipeline,False,False,,,45,Schedule demo,New Business,2024-12-21T00:00:00
4146,325,10,Pacific Corp - Platform Deal,Proposal,40743,2025-07-13,2024-11-08,Partner Referral,Best Case,False,False,CompetitorE,,57,POC setup,New Business,2024-11-08T00:00:00
4147,676,7,Horizon Networks - New Business,Proposal,157965,2022-07-01,2022-04-01,Outbound - AE,Best Case,False,False,CompetitorD,,22,Contract signing,New Business,2022-04-01T00:00:00
4148,657,2,Vertex Systems - Initial License,Closed Lost,53477,2023-06-24,2023-04-29,Inbound - Content,Omitted,False,True,Open Source Alternative,Feature Gap,10,,New Business,2023-04-29T00:00:00
4149,160,5,Pacific Systems - Expansion,Proposal,9163,2023-10-16,2023-11-14,Inbound - Content,Best Case,False,False,CompetitorD,,59,Executive alignment,Expansion,2023-11-14T00:00:00
4150,946,9,Synergy Systems - Initial License,Closed Lost,111567,2024-10-23,2024-08-21,Webinar,Omitted,False,True,,Budget Cut,53,,New Business,2024-08-21T00:00:00
4151,355,2,Zenith Holdings - New Business,Prospecting,9666,2023-01-24,2022-08-26,Outbound - AE,Pipeline,False,False,,,9,Schedule demo,New Business,2022-08-26T00:00:00
4152,514,6,Vertex Platforms - New Business,Discovery,41388,2024-09-10,2024-07-28,Outbound - AE,Pipeline,False,False,CompetitorC,,3,Reference call,New Business,2024-07-28T00:00:00
4153,843,10,Vertex Holdings - New Business,Prospecting,28372,2025-02-14,2024-05-20,Outbound - SDR,Pipeline,False,False,,,62,Technical review,New Business,2024-05-20T00:00:00
4154,207,1,Pinnacle Networks - New Business,Qualification,198126,2023-07-27,2023-03-21,Inbound - Content,Best Case,False,False,,,17,Executive alignment,New Business,2023-03-21T00:00:00
4155,616,8,Vertex Enterprises - Initial License,Discovery,9955,2024-11-11,2024-06-14,Event,Pipeline,False,False,CompetitorC,,18,Contract signing,New Business,2024-06-14T00:00:00
4156,767,16,Summit Dynamics - Additional Seats,Closed Lost,4839,2024-12-31,2024-12-10,Event,Omitted,False,True,CompetitorC,Price,21,,Expansion,2024-12-10T00:00:00
4157,75,13,Acme Systems - Platform Deal,Closed Lost,36767,2023-03-17,2023-02-09,Webinar,Omitted,False,True,,Budget Cut,14,,New Business,2023-02-09T00:00:00
4158,931,15,Nova Dynamics - Platform Deal,Proposal,10515,2024-10-08,2024-06-07,Event,Best Case,False,False,Open Source Alternative,,57,Executive alignment,New Business,2024-06-07T00:00:00
4159,133,10,Synergy Enterprises - Expansion,Prospecting,10419,2022-09-08,2022-06-12,Partner Referral,Pipeline,False,False,,,62,Executive alignment,Expansion,2022-06-12T00:00:00
4160,294,1,Horizon Digital - Platform Deal,Prospecting,94910,2025-07-03,2024-11-18,Inbound - Web,Pipeline,False,False,Open Source Alternative,,16,Executive alignment,New Business,2024-11-18T00:00:00
4161,779,15,Fusion Corp - New Business,Closed Lost,32144,2024-12-31,2024-10-20,Inbound - Content,Omitted,False,True,Open Source Alternative,No Decision,23,,New Business,2024-10-20T00:00:00
4162,988,13,Catalyst Technologies - Initial License,Negotiation,27485,2025-02-11,2024-11-16,Product-Led,Commit,False,False,CompetitorA,,64,Technical review,New Business,2024-11-16T00:00:00
4163,580,9,Global Analytics - Initial License,Closed Lost,33036,2022-08-18,2022-02-07,Outbound - SDR,Omitted,False,True,CompetitorE,Price,56,,New Business,2022-02-07T00:00:00
4164,764,1,Pinnacle Corp - Initial License,Qualification,81391,2021-08-13,2021-04-20,Partner Referral,Best Case,False,False,CompetitorD,,30,Schedule demo,New Business,2021-04-20T00:00:00
4165,904,3,Elevate Software - Initial License,Discovery,35586,2025-04-01,2024-12-02,,Pipeline,False,False,,,32,Technical review,New Business,2024-12-02T00:00:00
4166,812,14,Nexus Dynamics - Additional Seats,Discovery,36662,2024-10-21,2024-08-01,Product-Led,Pipeline,False,False,CompetitorE,,60,Technical review,Expansion,2024-08-01T00:00:00
4167,963,6,Velocity Digital - Platform Deal,Qualification,38140,2025-01-12,2024-05-15,Inbound - Content,Best Case,False,False,Open Source Alternative,,59,Legal review,New Business,2024-05-15T00:00:00
4168,990,7,Elevate Technologies - Initial License,Qualification,16324,2024-05-13,2023-09-14,Webinar,Best Case,False,False,CompetitorD,,51,Legal review,New Business,2023-09-14T00:00:00
4169,61,16,Synergy Platforms - Initial License,Closed Won,37967,2024-12-31,2024-07-07,Product-Led,Closed,True,True,CompetitorB,,27,,New Business,2024-07-07T00:00:00
4170,239,10,Catalyst Analytics - Expansion,Discovery,11884,2025-09-01,2024-12-16,Webinar,Pipeline,False,False,CompetitorC,,14,Send proposal,Expansion,2024-12-16T00:00:00
4171,592,4,Nexus Labs - Initial License,Prospecting,181866,2024-04-03,2024-01-20,Partner Referral,Pipeline,False,False,,,33,Legal review,New Business,2024-01-20T00:00:00
4172,256,15,Summit Solutions - New Business,Prospecting,32312,2024-09-15,2024-07-05,Outbound - SDR,Pipeline,False,False,CompetitorD,,5,POC setup,New Business,2024-07-05T00:00:00
4173,653,8,Vertex Networks - Initial License,Discovery,37744,2022-10-11,2022-07-06,Product-Led,Pipeline,False,False,CompetitorC,,13,Send proposal,New Business,2022-07-06T00:00:00
4174,904,3,Elevate Software - New Business,Prospecting,47999,2025-04-30,2024-10-18,Inbound - Content,Pipeline,False,False,CompetitorE,,27,Executive alignment,New Business,2024-10-18T00:00:00
4175,812,13,Nexus Dynamics - Contract Renewal,Discovery,,2024-09-13,2024-03-02,Event,Pipeline,False,False,CompetitorB,,11,Legal review,Renewal,2024-03-02T00:00:00
1360,757,7,Acme Analytics - Additional Seats,Proposal,5278,2025-02-15,2024-08-25,Inbound - Content,Best Case,False,False,Open Source Alternative,,50,Legal review,Expansion,2024-08-25T00:00:00
4177,350,1,Atlas Group - Initial License,Prospecting,64707,2025-04-17,2024-12-09,Webinar,Pipeline,False,False,CompetitorB,,30,Legal review,New Business,2024-12-09T00:00:00
4178,594,9,Elevate Digital - Platform Deal,Discovery,198676,2024-11-22,2024-04-15,Inbound - Content,Pipeline,False,False,CompetitorB,,25,Legal review,New Business,2024-04-15T00:00:00
4179,62,6,Horizon Holdings - Platform Deal,Qualification,8779,2024-10-11,2024-09-06,Product-Led,Best Case,False,False,CompetitorA,,8,POC setup,New Business,2024-09-06T00:00:00
4180,740,5,Quantum Networks - Initial License,Closed Lost,186131,2024-10-08,2024-05-05,Product-Led,Omitted,False,True,CompetitorD,Lost to Status Quo,28,,New Business,2024-05-05T00:00:00
4181,591,11,Catalyst Corp - Expansion,Qualification,76286,2022-11-23,2022-07-19,Outbound - AE,Best Case,False,False,,,8,Legal review,Expansion,2022-07-19T00:00:00
4182,454,4,Quantum Software - New Business,Qualification,46068,2023-10-26,2023-02-13,Inbound - Content,Best Case,False,False,,,28,Reference call,New Business,2023-02-13T00:00:00
4183,782,12,Atlas Enterprises - New Business,Prospecting,42036,2025-02-13,2024-08-24,Event,Pipeline,False,False,,,1,Legal review,New Business,2024-08-24T00:00:00
4184,449,13,Fusion Systems - Initial License,Prospecting,20232,2023-07-25,2023-05-12,Event,Pipeline,False,False,CompetitorD,,53,POC setup,New Business,2023-05-12T00:00:00
4185,852,8,Synergy Solutions - Platform Deal,Prospecting,292481,2025-04-14,2024-10-17,Webinar,Pipeline,False,False,CompetitorA,,47,POC setup,New Business,2024-10-17T00:00:00
4186,426,2,Nexus Group - Platform Deal,Discovery,39838,2025-07-14,2024-10-31,Event,Pipeline,False,False,CompetitorA,,35,Send proposal,New Business,2024-10-31T00:00:00
4187,980,13,Vanguard Services - Initial License,Closed Lost,36434,2024-06-18,2023-11-18,Product-Led,Omitted,False,True,,Price,68,,New Business,2023-11-18T00:00:00
4188,501,6,Vertex Networks - New Business,Negotiation,17879,2023-12-10,2023-07-29,Partner Referral,Commit,False,False,CompetitorD,,53,,New Business,2023-07-29T00:00:00
4189,124,9,Vertex Holdings - Initial License,Discovery,39398,2024-11-17,2024-04-08,Inbound - Web,Pipeline,False,False,CompetitorE,,61,Reference call,New Business,2024-04-08T00:00:00
4190,329,1,Horizon Digital - Initial License,Closed Lost,178384,2024-05-21,2024-01-25,Event,Omitted,False,True,CompetitorA,Price,30,,New Business,2024-01-25T00:00:00
4191,815,11,Quantum Dynamics - Platform Deal,Qualification,5841,2024-12-29,2024-11-15,Webinar,Best Case,False,False,CompetitorB,,13,Technical review,New Business,2024-11-15T00:00:00
4192,90,16,Vertex Solutions - New Business,Prospecting,148844,2025-02-01,2024-12-13,Inbound - Web,Pipeline,False,False,,,23,Executive alignment,New Business,2024-12-13T00:00:00
4193,392,3,Fusion Digital - Platform Deal,Proposal,936386,2025-08-16,2024-12-23,Event,Best Case,False,False,CompetitorE,,11,,New Business,2024-12-23T00:00:00
4194,335,1,Pacific Digital - Initial License,Qualification,178619,2024-10-14,2024-09-13,Outbound - AE,Best Case,False,False,CompetitorD,,27,Contract signing,New Business,2024-09-13T00:00:00
4195,529,5,Nexus Platforms - Initial License,Prospecting,177401,2024-08-11,2023-12-05,,Pipeline,False,False,CompetitorD,,60,Executive alignment,New Business,2023-12-05T00:00:00
4196,385,13,Nexus Systems - Initial License,Discovery,34034,2022-12-21,2022-08-23,Outbound - SDR,Pipeline,False,False,CompetitorD,,56,Executive alignment,New Business,2022-08-23T00:00:00
4197,27,5,Elevate Group - New Business,Discovery,247073,2025-08-20,2024-11-27,Inbound - Web,Pipeline,False,False,CompetitorA,,27,,New Business,2024-11-27T00:00:00
4198,749,4,Elevate Services - Platform Deal,Closed Lost,67594,2024-12-31,2024-09-20,Inbound - Content,Omitted,False,True,Open Source Alternative,Champion Left,18,,New Business,2024-09-20T00:00:00
4199,403,5,Acme Analytics - Initial License,Closed Lost,26629,2023-03-21,2022-12-19,Outbound - AE,Omitted,False,True,CompetitorA,Lost to Status Quo,23,,New Business,2022-12-19T00:00:00
4200,326,4,Atlas Networks - Platform Deal,Qualification,77052,2024-08-12,2024-06-11,Outbound - AE,Best Case,False,False,CompetitorA,,23,Contract signing,New Business,2024-06-11T00:00:00
4201,912,15,Nexus Networks - Platform Deal,Qualification,192010,2025-05-10,2024-12-07,Outbound - SDR,Best Case,False,False,,,27,Executive alignment,New Business,2024-12-07T00:00:00
4202,994,13,Nova Enterprises - New Business,Discovery,45487,2024-09-09,2024-06-18,Inbound - Content,Pipeline,False,False,CompetitorE,,15,Contract signing,New Business,2024-06-18T00:00:00
4203,338,14,Elevate Services - Initial License,Prospecting,172381,2025-05-06,2024-09-11,Product-Led,Pipeline,False,False,CompetitorC,,60,Contract signing,New Business,2024-09-11T00:00:00
4204,246,2,Fusion Labs - New Business,Discovery,879598,2024-09-08,2024-04-02,Webinar,Pipeline,False,False,CompetitorC,,14,Legal review,New Business,2024-04-02T00:00:00
2179,743,4,Quantum Partners - New Business,Prospecting,52031,2025-06-13,2024-10-30,Inbound - Content,Pipeline,False,False,CompetitorB,,33,Schedule demo,New Business,2024-10-30T00:00:00
4206,561,14,Synergy Services - Platform Deal,Proposal,157768,2025-03-14,2024-10-25,Outbound - AE,Best Case,False,False,,,11,,New Business,2024-10-25T00:00:00
4207,790,16,Nova Partners - New Business,Proposal,8199,2025-06-04,2024-11-17,Product-Led,Best Case,False,False,CompetitorD,,30,Technical review,New Business,2024-11-17T00:00:00
4208,892,14,Elevate Systems - Initial License,Discovery,20904,2025-03-25,2024-11-10,Inbound - Content,Pipeline,False,False,,,36,Technical review,New Business,2024-11-10T00:00:00
4209,430,4,Atlas Networks - New Business,Prospecting,8152,2025-02-12,2024-11-10,Outbound - SDR,Pipeline,False,False,,,3,Contract signing,New Business,2024-11-10T00:00:00
4210,776,15,Apex Labs - New Business,Qualification,17625,2023-11-28,2023-10-24,Partner Referral,Best Case,False,False,Open Source Alternative,,66,Reference call,New Business,2023-10-24T00:00:00
4211,874,7,Quantum Services - New Business,Discovery,85265,2022-02-26,2021-07-01,Inbound - Content,Pipeline,False,False,,,7,,New Business,2021-07-01T00:00:00
4212,602,5,Zenith Partners - Initial License,Discovery,16994,2025-03-14,2024-08-08,Outbound - AE,Pipeline,False,False,CompetitorA,,32,Technical review,New Business,2024-08-08T00:00:00
4213,581,12,Synergy Inc - Additional Seats,Qualification,65785,2024-12-02,2024-05-28,Outbound - SDR,Best Case,False,False,CompetitorE,,55,Reference call,Expansion,2024-05-28T00:00:00
4214,890,5,Catalyst Solutions - Contract Renewal,Qualification,154390,2025-04-09,2024-08-28,Inbound - Web,Best Case,False,False,CompetitorA,,49,Executive alignment,Renewal,2024-08-28T00:00:00
4215,257,6,Synergy Labs - Initial License,Closed Won,194304,2021-06-19,2021-01-03,Event,Closed,True,True,CompetitorD,,55,,New Business,2021-01-03T00:00:00
4216,687,8,Nova Networks - Initial License,Qualification,17252,2024-08-23,2024-02-04,Product-Led,Best Case,False,False,Open Source Alternative,,6,Legal review,New Business,2024-02-04T00:00:00
4217,577,5,Vertex Holdings - Initial License,Discovery,32278,2023-06-19,2022-12-27,,Pipeline,False,False,,,20,Send proposal,New Business,2022-12-27T00:00:00
4218,451,10,Nova Digital - New Business,Qualification,273027,2024-08-04,2024-05-04,,Best Case,False,False,Open Source Alternative,,29,Technical review,New Business,2024-05-04T00:00:00
4219,499,13,Nova Technologies - New Business,Closed Lost,37049,2024-06-22,2023-10-06,Product-Led,Omitted,False,True,CompetitorD,No Decision,66,,New Business,2023-10-06T00:00:00
4220,852,14,Synergy Solutions - New Business,Discovery,307853,2025-06-13,2024-09-21,Inbound - Content,Pipeline,False,False,,,49,Technical review,New Business,2024-09-21T00:00:00
4221,707,1,Velocity Analytics - New Business,Discovery,42483,2024-06-12,2023-11-03,Outbound - SDR,Pipeline,False,False,CompetitorC,,9,Legal review,New Business,2023-11-03T00:00:00
2978,22,1,Atlas Enterprises - Initial License,Prospecting,228361,2023-12-10,2023-08-07,Outbound - SDR,Pipeline,False,False,Open Source Alternative,,9,Executive alignment,New Business,2023-08-07T00:00:00
4223,378,13,Vanguard Networks - Initial License,Closed Won,779949,2024-12-31,2024-10-27,Webinar,Closed,True,True,CompetitorE,,77,,New Business,2024-10-27T00:00:00
4224,713,3,Horizon Holdings - Initial License,Closed Lost,42837,2024-11-04,2024-07-09,Webinar,Omitted,False,True,CompetitorE,Feature Gap,28,,New Business,2024-07-09T00:00:00
4225,380,2,Pinnacle Labs - Initial License,Negotiation,57533,2024-02-02,2023-06-07,Inbound - Content,Commit,False,False,,,14,Send proposal,New Business,2023-06-07T00:00:00
4226,339,9,Acme Solutions - Initial License,Closed Lost,37054,2024-12-31,2024-12-31,Inbound - Content,Omitted,False,True,Open Source Alternative,Competitor,55,,New Business,2024-12-31T00:00:00
4227,191,12,Nova Group - Platform Deal,Proposal,156057,2023-04-17,2023-04-27,Event,Best Case,False,False,CompetitorE,,59,Technical review,New Business,2023-04-27T00:00:00
4228,200,1,Summit Partners - Platform Deal,Prospecting,27403,2023-06-12,2023-04-15,Partner Referral,Pipeline,False,False,,,14,Contract signing,New Business,2023-04-15T00:00:00
4229,16,6,Horizon Digital - Expansion,Closed Lost,20805,2022-03-17,2021-12-03,Product-Led,Omitted,False,True,,Competitor,17,,Expansion,2021-12-03T00:00:00
4230,151,16,Atlas Group - Initial License,Prospecting,187286,2025-04-16,2024-12-01,Outbound - SDR,Pipeline,False,False,CompetitorB,,15,Executive alignment,New Business,2024-12-01T00:00:00
4231,680,12,Pinnacle Systems - New Business,Closed Lost,990959,2024-12-31,2024-12-01,Outbound - SDR,Omitted,False,True,CompetitorA,Budget Cut,35,,New Business,2024-12-01T00:00:00
4232,675,1,Summit Analytics - New Business,Closed Lost,230243,2024-06-21,2024-07-19,Partner Referral,Omitted,False,True,CompetitorC,Feature Gap,40,,New Business,2024-07-19T00:00:00
4233,14,7,Pacific Enterprises - Initial License,Closed Lost,35016,2024-09-27,2024-07-02,Inbound - Web,Omitted,False,True,CompetitorE,Lost to Status Quo,20,,New Business,2024-07-02T00:00:00
4234,266,1,Summit Enterprises - Initial License,Qualification,125132,2023-11-30,2023-08-03,Inbound - Web,Best Case,False,False,,,40,Legal review,New Business,2023-08-03T00:00:00
4235,469,1,Pacific Software - New Business,Qualification,49579,2025-04-15,2024-11-03,Inbound - Web,Best Case,False,False,CompetitorE,,23,Legal review,New Business,2024-11-03T00:00:00
4236,913,7,Global Networks - Platform Deal,Closed Lost,17557,2024-12-31,2024-12-19,Inbound - Content,Omitted,False,True,,Champion Left,5,,New Business,2024-12-19T00:00:00
4237,784,13,Fusion Partners - Upsell,Closed Lost,7530,2022-03-30,2021-08-15,Product-Led,Omitted,False,True,,Timing,13,,Expansion,2021-08-15T00:00:00
4238,529,4,Nexus Platforms - New Business,Proposal,79205,2021-10-10,2021-06-09,Partner Referral,Best Case,False,False,CompetitorC,,18,Technical review,New Business,2021-06-09T00:00:00
4239,422,12,Catalyst Software - New Business,Discovery,19134,2024-08-05,2024-01-12,Webinar,Pipeline,False,False,CompetitorC,,64,Reference call,New Business,2024-01-12T00:00:00
4240,989,15,Nexus Holdings - Upsell,Proposal,15402,2025-04-16,2024-10-13,Outbound - SDR,Best Case,False,False,CompetitorB,,3,,Expansion,2024-10-13T00:00:00
4241,239,5,Catalyst Analytics - New Business,Negotiation,68428,2025-06-29,2024-11-25,Outbound - SDR,Commit,False,False,CompetitorE,,47,,New Business,2024-11-25T00:00:00
4242,565,10,Pacific Dynamics - Upsell,Closed Won,285558,2024-06-15,2023-12-08,Outbound - AE,Closed,True,True,,,15,,Expansion,2023-12-08T00:00:00
4243,684,1,Synergy Solutions - Initial License,Discovery,35592,2023-12-04,2023-09-15,Inbound - Content,Pipeline,False,False,,,34,Executive alignment,New Business,2023-09-15T00:00:00
4244,719,12,Quantum Corp - Initial License,Prospecting,30413,2022-03-15,2022-01-11,Outbound - SDR,Pipeline,False,False,,,1,POC setup,New Business,2022-01-11T00:00:00
4245,643,6,Catalyst Networks - New Business,Closed Won,273868,2021-06-17,2021-03-11,Product-Led,Closed,True,True,CompetitorE,,36,,New Business,2021-03-11T00:00:00
4246,418,12,Fusion Systems - Initial License,Prospecting,14682,2024-05-10,2023-12-08,Product-Led,Pipeline,False,False,CompetitorE,,17,Legal review,New Business,2023-12-08T00:00:00
4247,999,12,Nova Labs - Platform Deal,Qualification,118230,2024-10-31,2024-04-17,Outbound - SDR,Best Case,False,False,CompetitorB,,69,Legal review,New Business,2024-04-17T00:00:00
4248,661,8,Nexus Partners - Expansion,Qualification,291053,2023-06-07,2022-10-01,Event,Best Case,False,False,CompetitorD,,34,Legal review,Expansion,2022-10-01T00:00:00
4249,262,5,Zenith Group - Initial License,Prospecting,25171,2022-12-17,2022-06-13,,Pipeline,False,False,CompetitorE,,23,Schedule demo,New Business,2022-06-13T00:00:00
4250,25,14,Apex Solutions - Platform Deal,Discovery,42330,2023-12-12,2023-08-16,Event,Pipeline,False,False,,,63,Reference call,New Business,2023-08-16T00:00:00
4251,866,7,Optima Enterprises - Initial License,Qualification,239194,2023-01-10,2022-12-04,Outbound - SDR,Best Case,False,False,CompetitorB,,47,Executive alignment,New Business,2022-12-04T00:00:00
4252,494,1,Synergy Platforms - Platform Deal,Proposal,42870,2023-05-16,2022-09-10,Webinar,Best Case,False,False,CompetitorE,,9,Reference call,New Business,2022-09-10T00:00:00
4253,21,15,Vanguard Holdings - Initial License,Closed Won,162464,2024-07-22,2024-04-15,Webinar,Closed,True,True,CompetitorD,,9,,New Business,2024-04-15T00:00:00
4254,529,4,Nexus Platforms - Platform Deal,Closed Lost,65350,2021-03-24,2021-01-12,Event,Omitted,False,True,CompetitorB,Price,1,,New Business,2021-01-12T00:00:00
4255,452,2,Vertex Analytics - Initial License,Prospecting,29971,2022-04-23,2021-09-15,Partner Referral,Pipeline,False,False,CompetitorA,,10,Executive alignment,New Business,2021-09-15T00:00:00
4256,675,14,Summit Analytics - Platform Deal,Discovery,181908,2024-03-24,2023-09-21,Outbound - AE,Pipeline,False,False,CompetitorA,,61,,New Business,2023-09-21T00:00:00
4257,758,14,Pinnacle Group - New Business,Proposal,186743,2024-10-08,2024-06-13,Product-Led,Best Case,False,False,CompetitorE,,20,Contract signing,New Business,2024-06-13T00:00:00
4258,955,4,Pacific Solutions - Initial License,Qualification,137558,2022-12-30,2022-10-22,Outbound - SDR,Best Case,False,False,CompetitorB,,33,Executive alignment,New Business,2022-10-22T00:00:00
4259,431,14,Atlas Digital - Platform Deal,Closed Lost,25570,2024-12-31,2024-12-25,Outbound - SDR,Omitted,False,True,,Budget Cut,69,,New Business,2024-12-25T00:00:00
4260,210,9,Synergy Holdings - Initial License,Qualification,20975,2025-07-06,2024-12-25,Event,Best Case,False,False,,,26,,New Business,2024-12-25T00:00:00
4261,579,13,Velocity Group - Initial License,Discovery,822843,2024-02-07,2023-09-26,Inbound - Content,Pipeline,False,False,,,34,Schedule demo,New Business,2023-09-26T00:00:00
4262,365,5,Acme Solutions - New Business,Closed Lost,219461,2024-12-31,2024-12-13,Outbound - SDR,Omitted,False,True,,No Decision,35,,New Business,2024-12-13T00:00:00
4263,765,4,Nova Software - New Business,Prospecting,13989,2024-08-08,2024-04-03,Webinar,Pipeline,False,False,Open Source Alternative,,34,Legal review,New Business,2024-04-03T00:00:00
4264,256,15,Summit Solutions - New Business,Discovery,26779,2025-05-01,2024-08-14,,Pipeline,False,False,CompetitorA,,29,Technical review,New Business,2024-08-14T00:00:00
4265,946,12,Synergy Systems - Initial License,Qualification,77803,2024-05-15,2024-01-08,Inbound - Web,Best Case,False,False,,,15,Contract signing,New Business,2024-01-08T00:00:00
4266,342,4,Optima Group - New Business,Closed Lost,103650,2024-12-23,2024-10-28,Inbound - Content,Omitted,False,True,,Feature Gap,15,,New Business,2024-10-28T00:00:00
4267,591,3,Catalyst Corp - New Business,Qualification,185953,2022-10-17,2022-09-03,Outbound - SDR,Best Case,False,False,CompetitorA,,8,Reference call,New Business,2022-09-03T00:00:00
4268,28,11,Zenith Technologies - Platform Deal,Qualification,6290,2021-11-20,2021-04-07,Inbound - Content,Best Case,False,False,CompetitorE,,59,Executive alignment,New Business,2021-04-07T00:00:00
4269,151,16,Atlas Group - Initial License,Qualification,85892,2025-07-19,2024-11-25,Partner Referral,Best Case,False,False,Open Source Alternative,,3,Technical review,New Business,2024-11-25T00:00:00
4270,271,4,Global Labs - Initial License,Discovery,15724,2024-03-01,2023-11-04,Event,Pipeline,False,False,CompetitorC,,48,Technical review,New Business,2023-11-04T00:00:00
4271,878,6,Catalyst Systems - New Business,Qualification,643467,2023-07-19,2023-01-03,Inbound - Web,Best Case,False,False,CompetitorC,,47,,New Business,2023-01-03T00:00:00
4272,484,11,Acme Technologies - New Business,Closed Lost,20981,2023-05-29,2023-04-22,Webinar,Omitted,False,True,CompetitorB,Timing,37,,New Business,2023-04-22T00:00:00
4273,739,2,Quantum Holdings - Platform Deal,Prospecting,41441,2022-02-26,2021-07-28,Outbound - SDR,Pipeline,False,False,,,11,Schedule demo,New Business,2021-07-28T00:00:00
4274,162,2,Pinnacle Services - Initial License,Closed Lost,46057,2024-11-29,2024-08-09,Outbound - AE,Omitted,False,True,CompetitorE,Budget Cut,33,,New Business,2024-08-09T00:00:00
4275,250,3,Pinnacle Services - New Business,Qualification,41980,2024-08-24,2024-04-30,Inbound - Web,Best Case,False,False,CompetitorB,,23,Technical review,New Business,2024-04-30T00:00:00
4276,228,12,Summit Services - New Business,Closed Won,15317,2023-12-28,2023-05-16,Product-Led,Closed,True,True,,,52,,New Business,2023-05-16T00:00:00
4277,515,4,Vertex Software - Platform Deal,Proposal,34366,2022-02-14,2021-11-29,Inbound - Content,Best Case,False,False,CompetitorE,,31,Send proposal,New Business,2021-11-29T00:00:00
4278,336,2,Horizon Technologies - Platform Deal,Discovery,156702,2022-01-04,2021-08-02,Outbound - SDR,Pipeline,False,False,,,8,POC setup,New Business,2021-08-02T00:00:00
4279,474,7,Catalyst Inc - New Business,Proposal,30832,2023-10-07,2023-07-07,Webinar,Best Case,False,False,CompetitorA,,6,Executive alignment,New Business,2023-07-07T00:00:00
4280,479,16,Global Analytics - Additional Seats,Proposal,5545,2024-07-04,2023-12-13,Webinar,Best Case,False,False,CompetitorA,,52,POC setup,Expansion,2023-12-13T00:00:00
4281,241,4,Nexus Dynamics - Initial License,Closed Lost,321860,2024-10-27,2024-08-28,Outbound - AE,Omitted,False,True,CompetitorC,Timing,31,,New Business,2024-08-28T00:00:00
4282,901,13,Acme Corp - Initial License,Closed Lost,36503,2024-03-29,2024-01-05,Outbound - SDR,Omitted,False,True,CompetitorE,Competitor,2,,New Business,2024-01-05T00:00:00
4283,496,13,Global Analytics - New Business,Prospecting,45585,2022-10-26,2022-02-06,Outbound - AE,Pipeline,False,False,CompetitorB,,8,Executive alignment,New Business,2022-02-06T00:00:00
4284,704,3,Quantum Partners - Initial License,Prospecting,56633,2022-10-17,2022-04-07,Inbound - Web,Pipeline,False,False,Open Source Alternative,,4,Send proposal,New Business,2022-04-07T00:00:00
4172,583,16,Pacific Analytics - Additional Seats,Qualification,11907,2025-03-13,2024-12-14,Webinar,Best Case,False,False,,,36,,Expansion,2024-12-14T00:00:00
4286,398,3,Velocity Dynamics - Platform Deal,Qualification,82886,2024-09-25,2024-07-10,Outbound - SDR,Best Case,False,False,CompetitorC,,1,Reference call,New Business,2024-07-10T00:00:00
4287,730,8,Fusion Inc - New Business,Qualification,30938,2024-03-22,2023-07-05,Inbound - Web,Best Case,False,False,CompetitorE,,12,Legal review,New Business,2023-07-05T00:00:00
4288,975,3,Quantum Holdings - Platform Deal,Closed Won,41549,2024-09-23,2024-07-31,Outbound - SDR,Closed,True,True,,,28,,New Business,2024-07-31T00:00:00
4289,728,14,Velocity Enterprises - New Business,Qualification,160254,2024-03-31,2023-12-07,Outbound - SDR,Best Case,False,False,Open Source Alternative,,20,Reference call,New Business,2023-12-07T00:00:00
4290,286,14,Vanguard Inc - Platform Deal,Qualification,39926,2024-11-19,2024-12-05,Inbound - Web,Best Case,False,False,CompetitorD,,27,Contract signing,New Business,2024-12-05T00:00:00
4291,546,7,Velocity Inc - Platform Deal,Prospecting,364797,2024-12-24,2024-09-14,Inbound - Web,Pipeline,False,False,CompetitorD,,23,POC setup,New Business,2024-09-14T00:00:00
4292,506,7,Pinnacle Holdings - New Business,Closed Lost,8497,2024-12-31,2024-12-21,Event,Omitted,False,True,CompetitorA,Timing,45,,New Business,2024-12-21T00:00:00
4293,891,12,Synergy Networks - Initial License,Qualification,114007,2023-02-17,2022-06-15,Webinar,Best Case,False,False,CompetitorB,,8,Executive alignment,New Business,2022-06-15T00:00:00
4294,682,15,Pacific Solutions - New Business,Prospecting,50682,2025-02-23,2024-06-01,Inbound - Content,Pipeline,False,False,CompetitorD,,47,Reference call,New Business,2024-06-01T00:00:00
4295,721,4,Zenith Inc - Platform Deal,Prospecting,43466,2023-07-08,2023-04-19,Inbound - Content,Pipeline,False,False,Open Source Alternative,,41,Schedule demo,New Business,2023-04-19T00:00:00
4296,632,5,Optima Solutions - Initial License,Proposal,10208,2021-03-23,2020-12-03,Inbound - Content,Best Case,False,False,Open Source Alternative,,44,Contract signing,New Business,2020-12-03T00:00:00
4297,585,16,Acme Networks - Platform Deal,Qualification,71155,2025-07-16,2024-12-31,Event,Best Case,False,False,,,35,Send proposal,New Business,2024-12-31T00:00:00
4298,353,5,Zenith Corp - New Business,Discovery,24556,2024-11-18,2024-05-03,Outbound - AE,Pipeline,False,False,CompetitorE,,24,Contract signing,New Business,2024-05-03T00:00:00
4299,499,6,Nova Technologies - New Business,Qualification,12821,2024-04-08,2023-11-25,Inbound - Web,Best Case,False,False,CompetitorB,,41,Send proposal,New Business,2023-11-25T00:00:00
4300,944,13,Zenith Group - Initial License,Closed Lost,6852,2024-12-31,2024-09-01,Event,Omitted,False,True,,No Decision,30,,New Business,2024-09-01T00:00:00
4301,260,12,Nova Services - Initial License,Closed Lost,16539,2024-08-26,2024-03-28,Inbound - Web,Omitted,False,True,CompetitorD,Champion Left,27,,New Business,2024-03-28T00:00:00
4302,314,16,Summit Technologies - Initial License,Discovery,65518,2025-08-05,2024-12-14,,Pipeline,False,False,,,34,Technical review,New Business,2024-12-14T00:00:00
4303,432,8,Pinnacle Corp - Platform Deal,Closed Lost,38282,2024-12-31,2024-09-20,Outbound - AE,Omitted,False,True,CompetitorA,Budget Cut,2,,New Business,2024-09-20T00:00:00
4304,935,3,Summit Inc - Platform Deal,Closed Lost,926069,2024-06-28,2024-02-15,Webinar,Omitted,False,True,CompetitorB,No Decision,17,,New Business,2024-02-15T00:00:00
4305,232,15,Global Enterprises - New Business,Discovery,15479,2025-06-24,2024-12-11,Event,Pipeline,False,False,,,46,Contract signing,New Business,2024-12-11T00:00:00
4306,320,4,Synergy Solutions - Initial License,Closed Lost,468515,2024-07-05,2024-02-23,Event,Omitted,False,True,Open Source Alternative,No Decision,36,,New Business,2024-02-23T00:00:00
4307,614,14,Fusion Dynamics - New Business,Discovery,73646,2021-06-23,2021-04-07,Event,Pipeline,False,False,CompetitorE,,4,,New Business,2021-04-07T00:00:00
4308,79,15,Nexus Labs - Initial License,Negotiation,146740,2024-03-03,2023-08-08,Outbound - AE,Commit,False,False,CompetitorA,,36,Schedule demo,New Business,2023-08-08T00:00:00
4309,323,12,Zenith Partners - Platform Deal,Proposal,240351,2024-12-10,2024-12-12,Inbound - Web,Best Case,False,False,CompetitorB,,22,POC setup,New Business,2024-12-12T00:00:00
4310,735,3,Apex Dynamics - Initial License,Prospecting,82476,2024-08-11,2024-04-23,Webinar,Pipeline,False,False,CompetitorB,,28,Technical review,New Business,2024-04-23T00:00:00
4311,677,16,Quantum Dynamics - New Business,Negotiation,21732,2025-06-02,2024-10-19,,Commit,False,False,CompetitorE,,45,,New Business,2024-10-19T00:00:00
4312,243,4,Zenith Digital - New Business,Closed Lost,20299,2024-06-12,2024-04-28,Product-Led,Omitted,False,True,CompetitorE,No Decision,8,,New Business,2024-04-28T00:00:00
4313,172,9,Acme Networks - Initial License,Prospecting,70264,2024-11-21,2024-10-04,Inbound - Content,Pipeline,False,False,CompetitorD,,57,POC setup,New Business,2024-10-04T00:00:00
4314,254,6,Nexus Platforms - Platform Deal,Qualification,,2024-02-24,2024-01-03,Outbound - AE,Best Case,False,False,CompetitorB,,46,Technical review,New Business,2024-01-03T00:00:00
4315,92,8,Acme Labs - Platform Deal,Discovery,9423,2024-02-29,2023-10-07,Inbound - Content,Pipeline,False,False,CompetitorB,,25,Contract signing,New Business,2023-10-07T00:00:00
4316,279,8,Summit Solutions - New Business,Proposal,47448,2023-11-05,2023-05-26,Outbound - AE,Best Case,False,False,CompetitorB,,3,Legal review,New Business,2023-05-26T00:00:00
4317,115,6,Pacific Inc - Platform Deal,Qualification,36448,2024-06-02,2023-12-07,Inbound - Web,Best Case,False,False,CompetitorD,,51,Contract signing,New Business,2023-12-07T00:00:00
4318,822,15,Nova Platforms - Initial License,Qualification,613608,2024-11-13,2024-03-21,Event,Best Case,False,False,CompetitorA,,8,Executive alignment,New Business,2024-03-21T00:00:00
4319,602,7,Zenith Partners - New Business,Discovery,25762,2024-09-10,2024-02-29,Event,Pipeline,False,False,,,12,POC setup,New Business,2024-02-29T00:00:00
4320,690,9,Synergy Technologies - New Business,Qualification,44698,2025-02-04,2024-06-19,Partner Referral,Best Case,False,False,Open Source Alternative,,39,POC setup,New Business,2024-06-19T00:00:00
4321,124,10,Vertex Holdings - Platform Deal,Prospecting,15675,2025-06-07,2024-09-19,Inbound - Content,Pipeline,False,False,,,2,Technical review,New Business,2024-09-19T00:00:00
4322,705,12,Optima Inc - Initial License,Discovery,,2021-12-21,2021-04-14,Product-Led,Pipeline,False,False,CompetitorE,,47,Send proposal,New Business,2021-04-14T00:00:00
4323,751,8,Nova Digital - Platform Deal,Discovery,138150,2024-10-29,2024-05-31,Inbound - Web,Pipeline,False,False,CompetitorB,,2,Technical review,New Business,2024-05-31T00:00:00
4324,270,9,Horizon Platforms - Initial License,Closed Lost,81626,2024-01-09,2023-07-06,Outbound - AE,Omitted,False,True,CompetitorD,Lost to Status Quo,21,,New Business,2023-07-06T00:00:00
4325,513,9,Nova Software - New Business,Discovery,445749,2022-03-29,2022-02-11,Outbound - AE,Pipeline,False,False,CompetitorE,,55,Legal review,New Business,2022-02-11T00:00:00
4326,69,16,Fusion Services - Contract Renewal,Proposal,33208,2025-02-13,2024-12-02,Outbound - AE,Best Case,False,False,,,42,,Renewal,2024-12-02T00:00:00
4327,550,16,Apex Services - New Business,Qualification,131055,2024-12-18,2024-08-02,Partner Referral,Best Case,False,False,,,12,,New Business,2024-08-02T00:00:00
4328,550,16,Apex Services - Renewal,Qualification,,2025-05-25,2024-10-30,Event,Best Case,False,False,Open Source Alternative,,5,POC setup,Renewal,2024-10-30T00:00:00
4329,622,1,Velocity Technologies - Initial License,Qualification,113581,2025-04-29,2024-12-18,Inbound - Web,Best Case,False,False,Open Source Alternative,,39,POC setup,New Business,2024-12-18T00:00:00
3692,934,10,Elevate Services - New Business,Negotiation,21657,2023-12-18,2023-09-14,Outbound - AE,Commit,False,False,CompetitorD,,28,Schedule demo,New Business,2023-09-14T00:00:00
4331,426,14,Nexus Group - Platform Deal,Qualification,47435,2025-01-24,2024-06-25,Inbound - Content,Best Case,False,False,CompetitorB,,67,Reference call,New Business,2024-06-25T00:00:00
4332,834,10,Global Enterprises - New Business,Closed Lost,96795,2024-02-24,2023-12-08,Outbound - SDR,Omitted,False,True,CompetitorA,Timing,52,,New Business,2023-12-08T00:00:00
4333,180,2,Quantum Digital - Expansion,Prospecting,10124,2025-01-31,2024-12-13,Product-Led,Pipeline,False,False,Open Source Alternative,,39,Schedule demo,Expansion,2024-12-13T00:00:00
4334,630,7,Vertex Systems - Initial License,Prospecting,54481,2023-09-23,2023-04-09,Product-Led,Pipeline,False,False,CompetitorE,,56,Contract signing,New Business,2023-04-09T00:00:00
4335,630,4,Vertex Systems - Platform Deal,Prospecting,25534,2024-07-12,2024-05-02,Outbound - AE,Pipeline,False,False,CompetitorC,,49,,New Business,2024-05-02T00:00:00
4336,85,16,Acme Systems - Platform Deal,Prospecting,115889,2024-12-30,2024-04-29,Event,Pipeline,False,False,,,47,,New Business,2024-04-29T00:00:00
4337,667,7,Nova Analytics - New Business,Negotiation,35812,2024-07-27,2023-12-24,Product-Led,Commit,False,False,CompetitorC,,38,Reference call,New Business,2023-12-24T00:00:00
4338,188,1,Apex Dynamics - Initial License,Prospecting,48690,2023-05-31,2023-04-18,Inbound - Content,Pipeline,False,False,CompetitorD,,15,Legal review,New Business,2023-04-18T00:00:00
4339,252,10,Optima Solutions - New Business,Discovery,42569,2023-12-19,2023-04-30,,Pipeline,False,False,CompetitorD,,10,Executive alignment,New Business,2023-04-30T00:00:00
4340,231,7,Global Corp - Platform Deal,Closed Lost,1123749,2024-12-31,2024-12-01,Outbound - SDR,Omitted,False,True,CompetitorA,No Decision,48,,New Business,2024-12-01T00:00:00
4341,265,14,Pacific Solutions - Platform Deal,Proposal,42922,2024-09-17,2024-06-04,Webinar,Best Case,False,False,CompetitorC,,21,POC setup,New Business,2024-06-04T00:00:00
4342,330,5,Vertex Partners - New Business,Prospecting,822848,2023-09-16,2023-04-10,Outbound - AE,Pipeline,False,False,CompetitorD,,56,Send proposal,New Business,2023-04-10T00:00:00
4343,84,10,Synergy Platforms - Initial License,Negotiation,34450,2025-03-28,2024-09-09,Partner Referral,Commit,False,False,,,29,Send proposal,New Business,2024-09-09T00:00:00
4344,975,3,Quantum Holdings - Platform Deal,Qualification,23728,2025-01-10,2024-07-19,Inbound - Web,Best Case,False,False,CompetitorB,,22,Contract signing,New Business,2024-07-19T00:00:00
4345,747,11,Elevate Partners - Initial License,Proposal,34072,2024-03-14,2023-12-22,Outbound - SDR,Best Case,False,False,CompetitorD,,64,Technical review,New Business,2023-12-22T00:00:00
4346,777,13,Horizon Digital - New Business,Prospecting,56672,2025-01-31,2024-12-09,Outbound - AE,Pipeline,False,False,,,13,,New Business,2024-12-09T00:00:00
4347,473,15,Apex Solutions - Initial License,Prospecting,13140,2024-01-09,2023-09-12,Outbound - SDR,Pipeline,False,False,CompetitorA,,8,Contract signing,New Business,2023-09-12T00:00:00
4348,105,15,Fusion Partners - Platform Deal,Prospecting,38538,2025-01-31,2024-09-04,Inbound - Web,Pipeline,False,False,,,38,Legal review,New Business,2024-09-04T00:00:00
4349,30,7,Fusion Networks - New Business,Discovery,32721,2024-12-18,2024-10-13,Outbound - AE,Pipeline,False,False,Open Source Alternative,,18,Legal review,New Business,2024-10-13T00:00:00
4350,934,10,Elevate Services - Initial License,Closed Won,36038,2023-12-04,2023-10-11,Webinar,Closed,True,True,CompetitorB,,36,,New Business,2023-10-11T00:00:00
4351,852,8,Synergy Solutions - Platform Deal,Prospecting,215002,2024-04-15,2024-03-05,Partner Referral,Pipeline,False,False,CompetitorC,,50,Technical review,New Business,2024-03-05T00:00:00
3015,883,1,Synergy Services - Initial License,Prospecting,196662,2024-10-11,2024-08-09,Product-Led,Pipeline,False,False,Open Source Alternative,,21,Schedule demo,New Business,2024-08-09T00:00:00
4353,696,10,Vanguard Enterprises - Initial License,Closed Won,59464,2024-12-22,2024-07-13,Webinar,Closed,True,True,CompetitorB,,42,,New Business,2024-07-13T00:00:00
4354,700,15,Catalyst Networks - New Business,Proposal,,2024-12-29,2024-08-15,Partner Referral,Best Case,False,False,,,9,Technical review,New Business,2024-08-15T00:00:00
4355,729,15,Acme Technologies - New Business,Closed Lost,37450,2024-12-31,2024-12-11,Product-Led,Omitted,False,True,CompetitorA,Competitor,64,,New Business,2024-12-11T00:00:00
4356,119,9,Optima Partners - New Business,Negotiation,5157,2023-02-03,2022-11-06,Product-Led,Commit,False,False,CompetitorB,,27,Contract signing,New Business,2022-11-06T00:00:00
2267,263,11,Nexus Inc - Renewal,Proposal,26765,2024-12-21,2024-08-28,Product-Led,Best Case,False,False,,,57,POC setup,Renewal,2024-08-28T00:00:00
4358,515,4,Vertex Software - Initial License,Closed Lost,156314,2022-07-23,2022-05-03,Outbound - AE,Omitted,False,True,CompetitorB,Budget Cut,24,,New Business,2022-05-03T00:00:00
4359,708,11,Apex Corp - Platform Deal,Closed Lost,22820,2024-12-20,2024-04-03,Outbound - SDR,Omitted,False,True,CompetitorB,Champion Left,62,,New Business,2024-04-03T00:00:00
4360,814,8,Velocity Digital - Initial License,Proposal,27519,2021-02-14,2020-09-22,Outbound - SDR,Best Case,False,False,CompetitorE,,6,,New Business,2020-09-22T00:00:00
4361,574,7,Zenith Software - New Business,Qualification,66660,2025-06-20,2024-10-17,Product-Led,Best Case,False,False,,,32,Legal review,New Business,2024-10-17T00:00:00
4362,617,12,Quantum Inc - Platform Deal,Prospecting,76607,2023-10-27,2023-08-01,Event,Pipeline,False,False,CompetitorD,,2,Legal review,New Business,2023-08-01T00:00:00
4363,846,9,Vanguard Networks - Platform Deal,Closed Lost,47086,2022-06-28,2022-02-12,Inbound - Web,Omitted,False,True,CompetitorA,Price,29,,New Business,2022-02-12T00:00:00
4364,654,9,Fusion Dynamics - Initial License,Discovery,48914,2023-11-28,2023-10-04,Outbound - SDR,Pipeline,False,False,CompetitorE,,48,Reference call,New Business,2023-10-04T00:00:00
4365,564,7,Elevate Systems - New Business,Closed Lost,54101,2024-03-13,2023-12-20,Event,Omitted,False,True,CompetitorA,Champion Left,55,,New Business,2023-12-20T00:00:00
4366,290,7,Vertex Partners - Initial License,Discovery,31660,2025-05-26,2024-12-20,Inbound - Content,Pipeline,False,False,Open Source Alternative,,42,Send proposal,New Business,2024-12-20T00:00:00
4367,511,16,Nexus Analytics - New Business,Prospecting,44219,2025-01-16,2024-10-25,Partner Referral,Pipeline,False,False,CompetitorA,,16,Schedule demo,New Business,2024-10-25T00:00:00
376,741,6,Vertex Inc - Initial License,Qualification,9365,2025-02-15,2024-05-31,Outbound - SDR,Best Case,False,False,CompetitorE,,20,Contract signing,New Business,2024-05-31T00:00:00
4369,986,2,Nexus Systems - Initial License,Prospecting,67953,2021-12-23,2021-04-24,Outbound - AE,Pipeline,False,False,CompetitorE,,9,Schedule demo,New Business,2021-04-24T00:00:00
4370,481,15,Fusion Corp - Platform Deal,Proposal,863957,2024-12-01,2024-09-09,Webinar,Best Case,False,False,CompetitorA,,59,Executive alignment,New Business,2024-09-09T00:00:00
4371,796,6,Summit Services - Expansion,Prospecting,17609,2023-05-10,2022-12-04,Partner Referral,Pipeline,False,False,CompetitorD,,4,Reference call,Expansion,2022-12-04T00:00:00
4372,241,4,Nexus Dynamics - Platform Deal,Qualification,68909,2025-01-15,2024-05-11,Inbound - Content,Best Case,False,False,CompetitorD,,33,Send proposal,New Business,2024-05-11T00:00:00
4373,929,11,Vertex Services - Platform Deal,Qualification,30710,2024-06-13,2024-05-12,Outbound - AE,Best Case,False,False,CompetitorA,,34,Legal review,New Business,2024-05-12T00:00:00
4374,195,15,Zenith Holdings - Initial License,Prospecting,52978,2024-12-22,2024-04-12,Inbound - Web,Pipeline,False,False,,,56,Send proposal,New Business,2024-04-12T00:00:00
4375,529,4,Nexus Platforms - Platform Deal,Prospecting,51596,2025-01-27,2024-05-20,Outbound - SDR,Pipeline,False,False,,,22,Legal review,New Business,2024-05-20T00:00:00
4376,908,15,Horizon Networks - Platform Deal,Prospecting,25676,2024-11-01,2024-09-19,Partner Referral,Pipeline,False,False,Open Source Alternative,,60,Technical review,New Business,2024-09-19T00:00:00
3311,663,5,Optima Dynamics - Initial License,Proposal,32881,2025-07-07,2024-11-05,Partner Referral,Best Case,False,False,CompetitorB,,1,Send proposal,New Business,2024-11-05T00:00:00
4378,128,5,Pinnacle Inc - New Business,Qualification,52429,2025-04-24,2024-10-06,Webinar,Best Case,False,False,Open Source Alternative,,59,,New Business,2024-10-06T00:00:00
4379,97,15,Nova Labs - Platform Deal,Prospecting,22279,2024-08-03,2024-05-28,Partner Referral,Pipeline,False,False,,,58,Schedule demo,New Business,2024-05-28T00:00:00
4380,913,7,Global Networks - New Business,Closed Lost,5768,2024-12-26,2024-11-24,Inbound - Content,Omitted,False,True,,Lost to Status Quo,48,,New Business,2024-11-24T00:00:00
4381,251,15,Nexus Enterprises - Platform Deal,Qualification,136211,2025-04-02,2024-09-12,,Best Case,False,False,,,40,Reference call,New Business,2024-09-12T00:00:00
4382,953,8,Pinnacle Digital - Platform Deal,Closed Lost,20925,2022-03-27,2022-01-04,Event,Omitted,False,True,CompetitorA,Lost to Status Quo,13,,New Business,2022-01-04T00:00:00
4383,282,15,Global Networks - Platform Deal,Proposal,33630,2025-07-07,2024-12-28,Event,Best Case,False,False,CompetitorB,,61,Schedule demo,New Business,2024-12-28T00:00:00
4384,544,12,Horizon Platforms - Platform Deal,Qualification,163526,2025-06-01,2024-10-19,Inbound - Web,Best Case,False,False,CompetitorD,,56,POC setup,New Business,2024-10-19T00:00:00
4385,208,11,Vertex Enterprises - New Business,Discovery,19298,2025-04-21,2024-12-17,Inbound - Web,Pipeline,False,False,,,15,POC setup,New Business,2024-12-17T00:00:00
4386,335,2,Pacific Digital - Platform Deal,Closed Lost,36907,2024-12-23,2024-09-06,Inbound - Web,Omitted,False,True,CompetitorB,Lost to Status Quo,30,,New Business,2024-09-06T00:00:00
4387,833,7,Velocity Digital - Platform Deal,Prospecting,192428,2024-09-04,2024-04-04,Webinar,Pipeline,False,False,CompetitorA,,38,Contract signing,New Business,2024-04-04T00:00:00
4388,880,15,Summit Analytics - Platform Deal,Prospecting,33262,2025-05-29,2024-09-25,Inbound - Web,Pipeline,False,False,CompetitorA,,62,Reference call,New Business,2024-09-25T00:00:00
4389,320,4,Synergy Solutions - Initial License,Closed Won,392439,2024-09-19,2024-03-31,Outbound - AE,Closed,True,True,CompetitorB,,26,,New Business,2024-03-31T00:00:00
4390,151,16,Atlas Group - Upsell,Prospecting,,2025-03-22,2024-12-11,Product-Led,Pipeline,False,False,CompetitorD,,56,POC setup,Expansion,2024-12-11T00:00:00
4391,741,14,Vertex Inc - Initial License,Negotiation,22498,2023-09-08,2023-04-18,Webinar,Commit,False,False,CompetitorC,,5,Reference call,New Business,2023-04-18T00:00:00
4392,418,9,Fusion Systems - Initial License,Discovery,11844,2025-03-21,2024-07-28,Inbound - Web,Pipeline,False,False,CompetitorC,,69,,New Business,2024-07-28T00:00:00
4393,982,16,Zenith Technologies - Initial License,Closed Lost,74746,2024-12-31,2024-12-28,Event,Omitted,False,True,,No Decision,9,,New Business,2024-12-28T00:00:00
4394,274,5,Optima Dynamics - Initial License,Closed Lost,345666,2022-09-24,2022-07-24,Inbound - Content,Omitted,False,True,CompetitorC,Budget Cut,42,,New Business,2022-07-24T00:00:00
4395,444,16,Elevate Partners - Initial License,Prospecting,45122,2023-11-14,2023-05-11,Outbound - SDR,Pipeline,False,False,CompetitorB,,7,Technical review,New Business,2023-05-11T00:00:00
4396,488,12,Nexus Technologies - Platform Deal,Proposal,43004,2021-11-12,2021-06-08,Partner Referral,Best Case,False,False,CompetitorB,,56,,New Business,2021-06-08T00:00:00
4397,872,15,Global Platforms - Platform Deal,Closed Won,35564,2024-12-22,2024-08-08,Partner Referral,Closed,True,True,CompetitorB,,23,,New Business,2024-08-08T00:00:00
4398,172,9,Acme Networks - New Business,Negotiation,128510,2023-04-01,2022-08-11,Inbound - Content,Commit,False,False,Open Source Alternative,,30,Schedule demo,New Business,2022-08-11T00:00:00
4399,748,14,Summit Networks - New Business,Discovery,213748,2023-05-12,2022-10-27,Event,Pipeline,False,False,CompetitorB,,44,Schedule demo,New Business,2022-10-27T00:00:00
4400,96,11,Atlas Technologies - Platform Deal,Qualification,24090,2023-03-27,2023-01-16,Outbound - AE,Best Case,False,False,CompetitorA,,7,Technical review,New Business,2023-01-16T00:00:00
4401,357,7,Vertex Dynamics - Initial License,Qualification,13346,2024-11-14,2024-08-17,Product-Led,Best Case,False,False,,,44,Send proposal,New Business,2024-08-17T00:00:00
4402,908,8,Horizon Networks - New Business,Closed Lost,44085,2024-06-30,2024-06-09,Outbound - SDR,Omitted,False,True,,Price,56,,New Business,2024-06-09T00:00:00
4403,928,6,Nova Holdings - Upsell,Qualification,111619,2023-08-01,2023-05-14,Partner Referral,Best Case,False,False,,,38,Schedule demo,Expansion,2023-05-14T00:00:00
4404,781,12,Apex Enterprises - Initial License,Closed Won,25738,2024-12-31,2024-08-24,Inbound - Content,Closed,True,True,,,61,,New Business,2024-08-24T00:00:00
4405,798,8,Acme Partners - Initial License,Discovery,8299,2021-07-03,2020-10-15,Outbound - AE,Pipeline,False,False,,,8,Legal review,New Business,2020-10-15T00:00:00
4406,341,14,Elevate Digital - Platform Deal,Proposal,75692,2021-03-12,2020-10-10,Webinar,Best Case,False,False,,,18,,New Business,2020-10-10T00:00:00
4407,38,13,Elevate Corp - New Business,Closed Lost,77705,2024-12-31,2024-12-24,Inbound - Web,Omitted,False,True,CompetitorE,Budget Cut,22,,New Business,2024-12-24T00:00:00
4408,366,3,Acme Enterprises - New Business,Closed Won,347182,2022-02-13,2022-01-02,Outbound - AE,Closed,True,True,Open Source Alternative,,3,,New Business,2022-01-02T00:00:00
4409,979,10,Optima Enterprises - New Business,Closed Lost,44854,2024-12-31,2024-12-27,Product-Led,Omitted,False,True,CompetitorB,Lost to Status Quo,23,,New Business,2024-12-27T00:00:00
4410,175,6,Pinnacle Solutions - Initial License,Qualification,24690,2025-07-05,2024-11-27,Outbound - AE,Best Case,False,False,CompetitorB,,24,Technical review,New Business,2024-11-27T00:00:00
4411,831,7,Zenith Dynamics - Platform Deal,Prospecting,216787,2025-07-09,2024-12-17,Webinar,Pipeline,False,False,CompetitorE,,21,POC setup,New Business,2024-12-17T00:00:00
4412,385,10,Nexus Systems - New Business,Proposal,34237,2022-09-20,2022-04-13,Partner Referral,Best Case,False,False,CompetitorB,,14,,New Business,2022-04-13T00:00:00
4413,535,7,Elevate Labs - New Business,Prospecting,45557,2023-11-01,2023-07-31,Event,Pipeline,False,False,,,50,Legal review,New Business,2023-07-31T00:00:00
4414,804,1,Acme Partners - Additional Seats,Proposal,116077,2022-11-13,2022-05-15,Partner Referral,Best Case,False,False,CompetitorC,,20,POC setup,Expansion,2022-05-15T00:00:00
4415,937,15,Zenith Inc - Initial License,Closed Lost,46850,2024-12-27,2024-06-15,Inbound - Content,Omitted,False,True,Open Source Alternative,Champion Left,12,,New Business,2024-06-15T00:00:00
4416,918,4,Atlas Labs - Initial License,Prospecting,144625,2024-10-08,2024-07-10,Inbound - Content,Pipeline,False,False,Open Source Alternative,,49,Executive alignment,New Business,2024-07-10T00:00:00
4417,884,15,Optima Dynamics - Platform Deal,Closed Lost,158582,2024-10-11,2024-04-11,,Omitted,False,True,,Feature Gap,3,,New Business,2024-04-11T00:00:00
4418,611,2,Pacific Analytics - Platform Deal,Closed Lost,28073,2024-12-31,2024-11-09,Event,Omitted,False,True,CompetitorB,Timing,43,,New Business,2024-11-09T00:00:00
4419,738,7,Catalyst Enterprises - Initial License,Prospecting,10686,2025-01-27,2024-12-28,Product-Led,Pipeline,False,False,CompetitorE,,5,POC setup,New Business,2024-12-28T00:00:00
4420,916,16,Fusion Solutions - Renewal,Discovery,203343,2024-12-13,2024-10-19,Product-Led,Pipeline,False,False,CompetitorE,,7,POC setup,Renewal,2024-10-19T00:00:00
4421,197,7,Fusion Labs - Upsell,Closed Lost,30472,2024-08-25,2024-08-01,Product-Led,Omitted,False,True,CompetitorB,Budget Cut,37,,Expansion,2024-08-01T00:00:00
4422,266,7,Summit Enterprises - Platform Deal,Discovery,151984,2025-01-03,2024-10-20,,Pipeline,False,False,CompetitorB,,4,Executive alignment,New Business,2024-10-20T00:00:00
4423,452,14,Vertex Analytics - New Business,Discovery,143113,2021-08-10,2021-05-08,Inbound - Web,Pipeline,False,False,,,42,,New Business,2021-05-08T00:00:00
4424,709,10,Vanguard Partners - New Business,Closed Won,35070,2024-12-31,2024-10-21,Inbound - Content,Closed,True,True,CompetitorC,,1,,New Business,2024-10-21T00:00:00
4425,638,5,Synergy Networks - Platform Deal,Discovery,169896,2025-04-06,2024-11-07,Outbound - SDR,Pipeline,False,False,Open Source Alternative,,49,Reference call,New Business,2024-11-07T00:00:00
4426,697,16,Global Group - Initial License,Negotiation,148164,2025-01-11,2024-11-11,Outbound - SDR,Commit,False,False,,,1,Technical review,New Business,2024-11-11T00:00:00
4427,46,12,Vanguard Holdings - New Business,Proposal,11602,2024-10-09,2024-06-15,Outbound - SDR,Best Case,False,False,,,53,Send proposal,New Business,2024-06-15T00:00:00
4428,354,9,Velocity Dynamics - Platform Deal,Discovery,24941,2024-09-11,2024-03-15,Partner Referral,Pipeline,False,False,CompetitorB,,13,Schedule demo,New Business,2024-03-15T00:00:00
3900,340,12,Velocity Networks - Platform Deal,Closed Lost,49877,2023-06-27,2022-10-05,Webinar,Omitted,False,True,,No Decision,68,,New Business,2022-10-05T00:00:00
4430,678,8,Fusion Partners - Platform Deal,Closed Lost,345957,2023-11-09,2023-08-26,Inbound - Content,Omitted,False,True,Open Source Alternative,Timing,16,,New Business,2023-08-26T00:00:00
4431,366,3,Acme Enterprises - Initial License,Discovery,112680,2025-01-08,2024-04-28,Outbound - AE,Pipeline,False,False,CompetitorE,,42,Schedule demo,New Business,2024-04-28T00:00:00
4432,933,6,Pacific Inc - Platform Deal,Discovery,618627,2023-11-17,2023-07-12,Partner Referral,Pipeline,False,False,CompetitorB,,42,Schedule demo,New Business,2023-07-12T00:00:00
4433,385,13,Nexus Systems - New Business,Prospecting,6253,2025-03-16,2024-10-15,Partner Referral,Pipeline,False,False,CompetitorC,,59,Send proposal,New Business,2024-10-15T00:00:00
4434,96,11,Atlas Technologies - Initial License,Qualification,5505,2024-07-04,2024-03-03,Inbound - Web,Best Case,False,False,CompetitorA,,13,Schedule demo,New Business,2024-03-03T00:00:00
4435,512,6,Global Holdings - New Business,Qualification,19521,2024-01-16,2023-11-08,Webinar,Best Case,False,False,,,42,Technical review,New Business,2023-11-08T00:00:00
4436,251,8,Nexus Enterprises - Initial License,Qualification,,2025-01-04,2024-11-03,Inbound - Web,Best Case,False,False,,,29,Executive alignment,New Business,2024-11-03T00:00:00
4437,530,8,Horizon Platforms - New Business,Closed Won,47839,2022-09-25,2022-03-29,Product-Led,Closed,True,True,CompetitorA,,48,,New Business,2022-03-29T00:00:00
4438,849,13,Nexus Software - Platform Deal,Discovery,8488,2024-12-11,2024-09-10,Partner Referral,Pipeline,False,False,,,38,,New Business,2024-09-10T00:00:00
3716,460,10,Pacific Holdings - Initial License,Proposal,158594,2025-04-29,2024-12-09,Inbound - Web,Best Case,False,False,Open Source Alternative,,25,,New Business,2024-12-09T00:00:00
4440,831,3,Zenith Dynamics - Initial License,Negotiation,134536,2024-03-18,2023-10-14,Partner Referral,Commit,False,False,CompetitorC,,23,Executive alignment,New Business,2023-10-14T00:00:00
4441,421,12,Fusion Inc - Initial License,Closed Lost,18132,2024-06-29,2024-04-18,Partner Referral,Omitted,False,True,Open Source Alternative,No Decision,36,,New Business,2024-04-18T00:00:00
4442,140,5,Velocity Enterprises - Platform Deal,Closed Won,132045,2024-10-27,2024-08-08,Inbound - Content,Closed,True,True,,,26,,New Business,2024-08-08T00:00:00
4443,326,4,Atlas Networks - Initial License,Closed Lost,124209,2021-04-22,2021-01-04,Event,Omitted,False,True,CompetitorC,Champion Left,21,,New Business,2021-01-04T00:00:00
4444,48,3,Vertex Inc - Initial License,Qualification,703742,2023-12-31,2023-04-21,Partner Referral,Best Case,False,False,CompetitorA,,43,,New Business,2023-04-21T00:00:00
4445,214,14,Pacific Partners - Platform Deal,Qualification,63402,2022-04-14,2021-10-24,Product-Led,Best Case,False,False,CompetitorB,,48,Contract signing,New Business,2021-10-24T00:00:00
4446,140,5,Velocity Enterprises - New Business,Prospecting,139188,2025-06-19,2024-10-23,Inbound - Content,Pipeline,False,False,,,34,POC setup,New Business,2024-10-23T00:00:00
4447,942,4,Vanguard Software - New Business,Closed Lost,49323,2022-12-29,2022-09-08,Inbound - Web,Omitted,False,True,CompetitorA,No Decision,17,,New Business,2022-09-08T00:00:00
4448,483,1,Acme Dynamics - Initial License,Prospecting,9498,2025-04-11,2024-07-30,Inbound - Content,Pipeline,False,False,CompetitorB,,29,Schedule demo,New Business,2024-07-30T00:00:00
4449,524,10,Vertex Dynamics - Initial License,Proposal,33979,2023-12-03,2023-07-26,Inbound - Content,Best Case,False,False,,,3,Schedule demo,New Business,2023-07-26T00:00:00
4450,420,3,Nexus Systems - Initial License,Closed Won,30129,2024-03-16,2023-12-25,Partner Referral,Closed,True,True,CompetitorD,,3,,New Business,2023-12-25T00:00:00
4451,129,3,Atlas Technologies - Platform Deal,Qualification,18802,2022-04-12,2021-11-09,Inbound - Content,Best Case,False,False,CompetitorC,,4,Contract signing,New Business,2021-11-09T00:00:00
954,934,10,Elevate Services - Contract Renewal,Closed Won,9748,2023-09-28,2023-06-19,Partner Referral,Closed,True,True,,,23,,Renewal,2023-06-19T00:00:00
4453,554,7,Pacific Group - Initial License,Proposal,60561,2024-09-21,2024-08-12,Webinar,Best Case,False,False,CompetitorD,,8,Contract signing,New Business,2024-08-12T00:00:00
4454,949,4,Optima Software - Initial License,Closed Won,41062,2022-06-23,2022-03-04,Partner Referral,Closed,True,True,,,7,,New Business,2022-03-04T00:00:00
4455,63,12,Quantum Dynamics - Initial License,Qualification,45979,2024-12-15,2024-07-20,Outbound - AE,Best Case,False,False,CompetitorE,,53,Send proposal,New Business,2024-07-20T00:00:00
4456,423,1,Quantum Platforms - Additional Seats,Closed Won,18664,2023-09-09,2023-04-29,Event,Closed,True,True,CompetitorC,,4,,Expansion,2023-04-29T00:00:00
4457,865,16,Synergy Solutions - Initial License,Qualification,13512,2025-04-28,2024-08-10,Inbound - Web,Best Case,False,False,CompetitorA,,50,Legal review,New Business,2024-08-10T00:00:00
4458,390,13,Pinnacle Solutions - Platform Deal,Qualification,44052,2024-08-13,2024-01-05,Outbound - AE,Best Case,False,False,Open Source Alternative,,70,,New Business,2024-01-05T00:00:00
4459,953,6,Pinnacle Digital - New Business,Prospecting,76875,2024-03-03,2024-01-06,Inbound - Web,Pipeline,False,False,,,24,POC setup,New Business,2024-01-06T00:00:00
4460,633,1,Acme Corp - New Business,Negotiation,10040,2025-01-30,2024-12-10,Outbound - SDR,Commit,False,False,,,10,Reference call,New Business,2024-12-10T00:00:00
4461,130,9,Pinnacle Solutions - Initial License,Prospecting,122398,2024-11-17,2024-09-21,Inbound - Content,Pipeline,False,False,CompetitorA,,55,Reference call,New Business,2024-09-21T00:00:00
4462,716,13,Optima Corp - New Business,Discovery,40481,2025-04-26,2024-12-23,Event,Pipeline,False,False,CompetitorE,,16,Contract signing,New Business,2024-12-23T00:00:00
4463,442,1,Fusion Digital - Initial License,Proposal,58053,2024-04-29,2023-12-31,Inbound - Web,Best Case,False,False,CompetitorB,,15,Technical review,New Business,2023-12-31T00:00:00
4464,45,11,Quantum Software - New Business,Qualification,112346,2023-12-20,2023-04-14,Outbound - SDR,Best Case,False,False,,,6,Reference call,New Business,2023-04-14T00:00:00
4465,713,3,Horizon Holdings - Additional Seats,Qualification,14490,2023-12-09,2023-08-29,Product-Led,Best Case,False,False,CompetitorA,,8,Technical review,Expansion,2023-08-29T00:00:00
4466,748,10,Summit Networks - Initial License,Prospecting,235350,2023-03-01,2022-08-20,Inbound - Content,Pipeline,False,False,,,13,,New Business,2022-08-20T00:00:00
4467,328,11,Nexus Dynamics - New Business,Discovery,69292,2023-07-20,2023-02-12,Inbound - Web,Pipeline,False,False,,,10,Technical review,New Business,2023-02-12T00:00:00
4468,947,16,Pinnacle Digital - New Business,Negotiation,11771,2025-04-18,2024-08-04,Inbound - Web,Commit,False,False,,,61,Send proposal,New Business,2024-08-04T00:00:00
4469,805,9,Quantum Dynamics - Upsell,Qualification,9144,2024-08-18,2024-06-22,Webinar,Best Case,False,False,,,9,Technical review,Expansion,2024-06-22T00:00:00
4470,430,4,Atlas Networks - Initial License,Closed Lost,39369,2024-12-31,2024-11-06,Partner Referral,Omitted,False,True,CompetitorC,No Decision,52,,New Business,2024-11-06T00:00:00
4471,869,5,Catalyst Services - Initial License,Discovery,51178,2024-02-21,2023-07-10,Outbound - AE,Pipeline,False,False,,,5,POC setup,New Business,2023-07-10T00:00:00
4472,516,14,Elevate Solutions - Initial License,Closed Lost,39750,2023-09-22,2023-06-01,Event,Omitted,False,True,CompetitorC,Competitor,32,,New Business,2023-06-01T00:00:00
4473,783,15,Acme Group - New Business,Qualification,46317,2025-02-05,2024-10-05,Partner Referral,Best Case,False,False,CompetitorE,,19,Technical review,New Business,2024-10-05T00:00:00
4474,900,7,Summit Solutions - Platform Deal,Proposal,34642,2024-05-20,2023-10-28,Webinar,Best Case,False,False,,,13,POC setup,New Business,2023-10-28T00:00:00
4475,145,16,Nexus Platforms - Initial License,Prospecting,35300,2024-09-14,2024-08-05,Webinar,Pipeline,False,False,CompetitorA,,41,Executive alignment,New Business,2024-08-05T00:00:00
4476,941,8,Apex Networks - New Business,Prospecting,31825,2023-11-13,2023-10-01,Outbound - AE,Pipeline,False,False,CompetitorB,,49,POC setup,New Business,2023-10-01T00:00:00
4477,948,16,Global Platforms - New Business,Prospecting,467936,2024-12-17,2024-09-17,Outbound - SDR,Pipeline,False,False,CompetitorA,,3,Contract signing,New Business,2024-09-17T00:00:00
4478,815,14,Quantum Dynamics - Platform Deal,Closed Lost,28107,2024-12-31,2024-10-23,Inbound - Content,Omitted,False,True,,No Decision,48,,New Business,2024-10-23T00:00:00
4479,737,5,Horizon Holdings - New Business,Prospecting,674128,2025-01-15,2024-10-16,Product-Led,Pipeline,False,False,,,16,POC setup,New Business,2024-10-16T00:00:00
4480,831,3,Zenith Dynamics - Initial License,Proposal,275206,2021-07-08,2021-05-09,Event,Best Case,False,False,CompetitorE,,36,,New Business,2021-05-09T00:00:00
4481,270,10,Horizon Platforms - Platform Deal,Closed Lost,174111,2023-03-08,2022-12-14,Webinar,Omitted,False,True,CompetitorA,Timing,69,,New Business,2022-12-14T00:00:00
4482,348,11,Vanguard Solutions - Platform Deal,Negotiation,10353,2025-07-18,2024-11-12,Event,Commit,False,False,,,40,Executive alignment,New Business,2024-11-12T00:00:00
4048,897,3,Nova Platforms - Platform Deal,Prospecting,921277,2024-07-30,2024-01-05,Outbound - AE,Pipeline,False,False,CompetitorE,,16,Legal review,New Business,2024-01-05T00:00:00
4484,493,15,Optima Services - Initial License,Qualification,110582,2025-08-22,2024-12-30,Webinar,Best Case,False,False,CompetitorC,,42,Legal review,New Business,2024-12-30T00:00:00
4485,737,2,Horizon Holdings - New Business,Discovery,,2024-10-17,2024-10-31,Partner Referral,Pipeline,False,False,CompetitorD,,22,,New Business,2024-10-31T00:00:00
4486,826,3,Synergy Holdings - New Business,Closed Won,19884,2024-04-13,2024-01-26,Event,Closed,True,True,,,4,,New Business,2024-01-26T00:00:00
4487,986,2,Nexus Systems - Initial License,Negotiation,109934,2022-01-08,2021-09-09,Inbound - Content,Commit,False,False,,,7,Schedule demo,New Business,2021-09-09T00:00:00
4488,510,16,Horizon Software - Initial License,Discovery,36296,2025-01-02,2024-05-02,Product-Led,Pipeline,False,False,CompetitorE,,22,Schedule demo,New Business,2024-05-02T00:00:00
4489,261,10,Summit Partners - Expansion,Proposal,13052,2024-08-19,2024-05-20,Webinar,Best Case,False,False,CompetitorB,,49,Executive alignment,Expansion,2024-05-20T00:00:00
4490,127,5,Pinnacle Platforms - Platform Deal,Discovery,106008,2025-04-11,2024-10-20,Product-Led,Pipeline,False,False,CompetitorC,,20,Technical review,New Business,2024-10-20T00:00:00
4491,747,11,Elevate Partners - Platform Deal,Discovery,47430,2024-12-18,2024-05-20,Inbound - Content,Pipeline,False,False,CompetitorE,,11,Reference call,New Business,2024-05-20T00:00:00
4492,148,12,Fusion Technologies - Initial License,Prospecting,21107,2024-06-06,2024-03-21,Partner Referral,Pipeline,False,False,CompetitorD,,14,Contract signing,New Business,2024-03-21T00:00:00
4493,175,7,Pinnacle Solutions - Platform Deal,Closed Won,34123,2024-09-26,2024-04-13,Event,Closed,True,True,Open Source Alternative,,48,,New Business,2024-04-13T00:00:00
4494,629,3,Nova Solutions - Platform Deal,Discovery,189271,2024-01-26,2023-10-13,Outbound - AE,Pipeline,False,False,CompetitorB,,26,Contract signing,New Business,2023-10-13T00:00:00
4495,235,3,Synergy Networks - Expansion,Qualification,8274,2024-11-28,2024-03-03,Webinar,Best Case,False,False,Open Source Alternative,,8,Send proposal,Expansion,2024-03-03T00:00:00
4496,188,1,Apex Dynamics - New Business,Prospecting,9112,2024-04-05,2023-10-07,Outbound - AE,Pipeline,False,False,CompetitorA,,19,Schedule demo,New Business,2023-10-07T00:00:00
4497,145,16,Nexus Platforms - Initial License,Closed Lost,42050,2024-12-31,2024-11-03,Webinar,Omitted,False,True,,Budget Cut,22,,New Business,2024-11-03T00:00:00
4498,745,5,Vanguard Software - Platform Deal,Closed Lost,20508,2022-02-05,2022-01-10,Inbound - Content,Omitted,False,True,,Competitor,37,,New Business,2022-01-10T00:00:00
4499,397,10,Horizon Inc - New Business,Closed Lost,33851,2023-11-24,2023-06-13,Inbound - Content,Omitted,False,True,CompetitorB,Champion Left,13,,New Business,2023-06-13T00:00:00
4500,798,1,Acme Partners - Platform Deal,Prospecting,43772,2023-05-02,2023-01-05,Partner Referral,Pipeline,False,False,CompetitorE,,40,Executive alignment,New Business,2023-01-05T00:00:00
4501,621,8,Fusion Corp - New Business,Negotiation,464987,2025-05-13,2024-11-14,Product-Led,Commit,False,False,CompetitorB,,57,Executive alignment,New Business,2024-11-14T00:00:00
4502,876,15,Optima Group - New Business,Qualification,35755,2025-06-15,2024-12-27,Event,Best Case,False,False,Open Source Alternative,,50,Executive alignment,New Business,2024-12-27T00:00:00
4503,457,13,Nexus Enterprises - New Business,Closed Lost,46445,2023-03-19,2023-01-19,Outbound - AE,Omitted,False,True,CompetitorC,Budget Cut,24,,New Business,2023-01-19T00:00:00
4504,461,14,Atlas Software - Platform Deal,Qualification,,2025-04-23,2024-08-12,Product-Led,Best Case,False,False,CompetitorC,,49,Technical review,New Business,2024-08-12T00:00:00
4505,866,7,Optima Enterprises - Platform Deal,Closed Lost,940446,2024-09-16,2024-07-29,Outbound - AE,Omitted,False,True,CompetitorE,No Decision,37,,New Business,2024-07-29T00:00:00
4506,124,7,Vertex Holdings - New Business,Discovery,20138,2025-06-24,2024-10-17,Event,Pipeline,False,False,CompetitorD,,27,Contract signing,New Business,2024-10-17T00:00:00
4507,978,2,Global Solutions - Platform Deal,Prospecting,20522,2024-12-09,2024-10-02,Webinar,Pipeline,False,False,,,13,POC setup,New Business,2024-10-02T00:00:00
4508,706,3,Elevate Software - Initial License,Discovery,183508,2024-09-25,2024-03-24,Outbound - SDR,Pipeline,False,False,,,13,Executive alignment,New Business,2024-03-24T00:00:00
4509,971,3,Nova Enterprises - Initial License,Closed Won,832240,2023-05-05,2023-03-25,Product-Led,Closed,True,True,,,24,,New Business,2023-03-25T00:00:00
4510,374,2,Pinnacle Enterprises - New Business,Discovery,34054,2023-08-25,2023-04-06,Inbound - Content,Pipeline,False,False,CompetitorD,,7,POC setup,New Business,2023-04-06T00:00:00
4511,481,15,Fusion Corp - Initial License,Closed Lost,68917,2024-09-10,2024-03-07,Product-Led,Omitted,False,True,CompetitorB,Lost to Status Quo,42,,New Business,2024-03-07T00:00:00
4512,730,8,Fusion Inc - Initial License,Closed Won,48276,2022-03-22,2021-07-26,Event,Closed,True,True,,,59,,New Business,2021-07-26T00:00:00
4513,370,15,Summit Software - New Business,Closed Won,21175,2024-12-31,2024-12-29,Product-Led,Closed,True,True,CompetitorE,,39,,New Business,2024-12-29T00:00:00
4514,506,7,Pinnacle Holdings - Initial License,Qualification,36062,2025-04-21,2024-12-06,Product-Led,Best Case,False,False,Open Source Alternative,,30,Contract signing,New Business,2024-12-06T00:00:00
4515,738,15,Catalyst Enterprises - Platform Deal,Prospecting,29731,2025-06-03,2024-12-13,Product-Led,Pipeline,False,False,,,55,Legal review,New Business,2024-12-13T00:00:00
4516,217,3,Quantum Technologies - Platform Deal,Proposal,102843,2024-06-28,2024-05-06,Product-Led,Best Case,False,False,,,24,Executive alignment,New Business,2024-05-06T00:00:00
4517,366,3,Acme Enterprises - Upsell,Discovery,245479,2025-03-28,2024-11-04,Inbound - Web,Pipeline,False,False,CompetitorA,,36,POC setup,Expansion,2024-11-04T00:00:00
4518,805,9,Quantum Dynamics - Renewal,Closed Won,10643,2024-09-28,2024-02-14,Product-Led,Closed,True,True,CompetitorE,,10,,Renewal,2024-02-14T00:00:00
4519,891,11,Synergy Networks - Platform Deal,Discovery,103349,2025-02-15,2024-07-12,Outbound - SDR,Pipeline,False,False,Open Source Alternative,,20,POC setup,New Business,2024-07-12T00:00:00
4520,682,15,Pacific Solutions - Contract Renewal,Prospecting,44826,2025-05-23,2024-12-13,Inbound - Content,Pipeline,False,False,CompetitorB,,11,Send proposal,Renewal,2024-12-13T00:00:00
4521,772,14,Summit Partners - Initial License,Proposal,32055,2024-08-30,2024-06-11,Inbound - Web,Best Case,False,False,CompetitorA,,15,Send proposal,New Business,2024-06-11T00:00:00
4522,751,15,Nova Digital - New Business,Prospecting,217727,2024-05-19,2024-01-08,Outbound - AE,Pipeline,False,False,CompetitorA,,23,POC setup,New Business,2024-01-08T00:00:00
4523,162,6,Pinnacle Services - New Business,Qualification,41427,2025-03-15,2024-09-03,Outbound - SDR,Best Case,False,False,,,50,Contract signing,New Business,2024-09-03T00:00:00
4524,572,7,Synergy Digital - Contract Renewal,Qualification,146082,2023-05-11,2023-03-31,Product-Led,Best Case,False,False,,,29,,Renewal,2023-03-31T00:00:00
4525,443,5,Zenith Analytics - Platform Deal,Prospecting,9640,2024-11-17,2024-10-05,Outbound - SDR,Pipeline,False,False,CompetitorD,,14,,New Business,2024-10-05T00:00:00
4526,535,10,Elevate Labs - Platform Deal,Closed Lost,26520,2024-02-06,2023-10-09,Partner Referral,Omitted,False,True,CompetitorC,Competitor,17,,New Business,2023-10-09T00:00:00
4527,56,6,Elevate Technologies - Platform Deal,Proposal,44601,2025-09-25,2024-12-30,Webinar,Best Case,False,False,,,49,,New Business,2024-12-30T00:00:00
4528,343,1,Velocity Networks - Platform Deal,Proposal,33938,2025-02-15,2024-07-18,Webinar,Best Case,False,False,,,35,Executive alignment,New Business,2024-07-18T00:00:00
4529,353,12,Zenith Corp - Initial License,Qualification,,2025-01-10,2024-04-28,Outbound - AE,Best Case,False,False,CompetitorD,,2,Reference call,New Business,2024-04-28T00:00:00
4530,146,16,Vanguard Platforms - New Business,Prospecting,12379,2025-04-07,2024-08-12,Outbound - AE,Pipeline,False,False,CompetitorA,,25,Legal review,New Business,2024-08-12T00:00:00
4531,185,4,Synergy Software - Initial License,Closed Lost,102979,2024-03-03,2024-04-01,Product-Led,Omitted,False,True,Open Source Alternative,No Decision,33,,New Business,2024-04-01T00:00:00
4532,224,6,Fusion Digital - Initial License,Qualification,112357,2022-07-20,2022-03-04,Inbound - Web,Best Case,False,False,Open Source Alternative,,11,Legal review,New Business,2022-03-04T00:00:00
4533,32,4,Nexus Networks - Platform Deal,Prospecting,21315,2022-12-23,2022-10-13,Webinar,Pipeline,False,False,CompetitorD,,54,Executive alignment,New Business,2022-10-13T00:00:00
4534,846,9,Vanguard Networks - Platform Deal,Discovery,34814,2022-10-31,2022-05-25,Webinar,Pipeline,False,False,,,36,Legal review,New Business,2022-05-25T00:00:00
4535,931,15,Nova Dynamics - New Business,Closed Lost,6532,2024-09-23,2024-06-10,Outbound - AE,Omitted,False,True,CompetitorA,Budget Cut,28,,New Business,2024-06-10T00:00:00
4536,368,5,Zenith Dynamics - Additional Seats,Qualification,91764,2024-01-16,2023-08-01,,Best Case,False,False,Open Source Alternative,,50,Technical review,Expansion,2023-08-01T00:00:00
4537,587,1,Atlas Dynamics - Initial License,Closed Won,164168,2024-12-31,2024-09-01,Product-Led,Closed,True,True,,,40,,New Business,2024-09-01T00:00:00
4538,301,12,Horizon Partners - New Business,Qualification,129996,2025-01-16,2024-04-23,Product-Led,Best Case,False,False,CompetitorD,,29,Contract signing,New Business,2024-04-23T00:00:00
4539,14,7,Pacific Enterprises - Initial License,Qualification,23851,2025-01-12,2024-10-06,Outbound - SDR,Best Case,False,False,CompetitorE,,33,Legal review,New Business,2024-10-06T00:00:00
4540,494,12,Synergy Platforms - Platform Deal,Closed Lost,44019,2022-06-18,2022-02-14,Event,Omitted,False,True,CompetitorB,Price,53,,New Business,2022-02-14T00:00:00
4541,983,9,Atlas Dynamics - New Business,Prospecting,30208,2024-02-22,2023-10-20,Product-Led,Pipeline,False,False,CompetitorA,,6,Executive alignment,New Business,2023-10-20T00:00:00
4542,102,15,Apex Inc - New Business,Qualification,897106,2025-05-11,2024-12-14,Webinar,Best Case,False,False,CompetitorA,,43,Reference call,New Business,2024-12-14T00:00:00
4543,572,7,Synergy Digital - Platform Deal,Discovery,137676,2023-01-14,2022-11-18,Webinar,Pipeline,False,False,CompetitorB,,11,Reference call,New Business,2022-11-18T00:00:00
4544,405,3,Global Networks - Platform Deal,Qualification,37816,2025-03-04,2024-11-11,,Best Case,False,False,,,40,,New Business,2024-11-11T00:00:00
4545,380,2,Pinnacle Labs - Platform Deal,Proposal,94704,2023-09-27,2023-03-30,Outbound - AE,Best Case,False,False,CompetitorB,,23,Send proposal,New Business,2023-03-30T00:00:00
4546,463,14,Global Partners - Initial License,Closed Lost,101382,2023-08-18,2023-02-17,Event,Omitted,False,True,CompetitorA,Timing,27,,New Business,2023-02-17T00:00:00
4547,513,2,Nova Software - Platform Deal,Qualification,172072,2023-08-13,2023-04-11,Inbound - Content,Best Case,False,False,CompetitorE,,2,Schedule demo,New Business,2023-04-11T00:00:00
4548,615,2,Optima Services - Initial License,Proposal,1202815,2023-05-15,2023-03-03,Webinar,Best Case,False,False,Open Source Alternative,,33,Send proposal,New Business,2023-03-03T00:00:00
4549,648,3,Velocity Corp - Initial License,Prospecting,74511,2022-12-09,2022-08-29,Webinar,Pipeline,False,False,CompetitorB,,14,Legal review,New Business,2022-08-29T00:00:00
4550,217,2,Quantum Technologies - Initial License,Closed Lost,103876,2024-05-04,2024-01-07,Inbound - Web,Omitted,False,True,CompetitorB,Price,38,,New Business,2024-01-07T00:00:00
4551,126,3,Nexus Networks - Platform Deal,Discovery,96479,2025-05-30,2024-12-18,Inbound - Content,Pipeline,False,False,CompetitorE,,29,Contract signing,New Business,2024-12-18T00:00:00
4552,934,10,Elevate Services - Initial License,Closed Lost,32392,2023-08-30,2023-05-01,Inbound - Content,Omitted,False,True,,Budget Cut,37,,New Business,2023-05-01T00:00:00
4553,905,4,Vanguard Technologies - Platform Deal,Qualification,92598,2022-03-08,2021-06-27,Webinar,Best Case,False,False,Open Source Alternative,,49,Send proposal,New Business,2021-06-27T00:00:00
4554,428,8,Nova Analytics - Initial License,Closed Lost,107423,2024-03-04,2023-12-06,Product-Led,Omitted,False,True,,Timing,14,,New Business,2023-12-06T00:00:00
4555,974,14,Optima Group - Expansion,Prospecting,88581,2023-01-29,2022-12-28,,Pipeline,False,False,CompetitorC,,60,,Expansion,2022-12-28T00:00:00
4556,873,7,Pinnacle Enterprises - New Business,Prospecting,86068,2024-05-14,2023-09-28,Outbound - SDR,Pipeline,False,False,CompetitorB,,17,Contract signing,New Business,2023-09-28T00:00:00
4557,675,1,Summit Analytics - Platform Deal,Discovery,185907,2023-06-01,2023-02-02,Product-Led,Pipeline,False,False,CompetitorD,,27,Schedule demo,New Business,2023-02-02T00:00:00
4558,579,1,Velocity Group - Initial License,Qualification,531709,2024-03-24,2023-10-21,Outbound - SDR,Best Case,False,False,,,7,Contract signing,New Business,2023-10-21T00:00:00
4559,312,13,Fusion Networks - Upsell,Discovery,28537,2024-06-18,2024-02-15,Partner Referral,Pipeline,False,False,CompetitorE,,26,Schedule demo,Expansion,2024-02-15T00:00:00
4560,638,5,Synergy Networks - Initial License,Qualification,172094,2024-07-25,2024-04-19,Product-Led,Best Case,False,False,CompetitorC,,43,Reference call,New Business,2024-04-19T00:00:00
4561,530,8,Horizon Platforms - New Business,Closed Won,127300,2024-12-20,2024-08-05,Webinar,Closed,True,True,,,59,,New Business,2024-08-05T00:00:00
4562,496,11,Global Analytics - Initial License,Prospecting,10638,2022-11-07,2022-08-20,Outbound - AE,Pipeline,False,False,CompetitorE,,57,POC setup,New Business,2022-08-20T00:00:00
4563,317,11,Vertex Systems - Platform Deal,Prospecting,14545,2024-01-12,2023-06-14,Outbound - AE,Pipeline,False,False,CompetitorB,,34,Technical review,New Business,2023-06-14T00:00:00
4564,628,5,Velocity Group - Platform Deal,Discovery,114192,2024-12-12,2024-04-07,Outbound - SDR,Pipeline,False,False,CompetitorD,,32,Technical review,New Business,2024-04-07T00:00:00
4565,377,1,Atlas Systems - Platform Deal,Discovery,71458,2023-12-18,2023-09-15,Outbound - AE,Pipeline,False,False,CompetitorE,,21,POC setup,New Business,2023-09-15T00:00:00
4566,236,9,Apex Software - New Business,Qualification,43905,2024-11-14,2024-08-02,Outbound - AE,Best Case,False,False,CompetitorA,,18,Legal review,New Business,2024-08-02T00:00:00
4567,99,3,Fusion Digital - Initial License,Closed Lost,33932,2022-09-27,2022-05-20,Partner Referral,Omitted,False,True,CompetitorA,No Decision,30,,New Business,2022-05-20T00:00:00
4568,368,8,Zenith Dynamics - Expansion,Discovery,50345,2025-03-21,2024-08-01,,Pipeline,False,False,,,20,Reference call,Expansion,2024-08-01T00:00:00
4569,563,9,Elevate Systems - Initial License,Negotiation,52031,2025-07-29,2024-12-23,Webinar,Commit,False,False,,,47,,New Business,2024-12-23T00:00:00
4570,64,12,Pinnacle Analytics - New Business,Discovery,186216,2024-04-04,2023-11-13,Inbound - Content,Pipeline,False,False,CompetitorB,,40,Technical review,New Business,2023-11-13T00:00:00
4571,211,2,Quantum Networks - Additional Seats,Proposal,8725,2025-02-25,2024-11-13,Webinar,Best Case,False,False,CompetitorB,,2,,Expansion,2024-11-13T00:00:00
4572,972,1,Vertex Holdings - Platform Deal,Qualification,196723,2024-11-24,2024-08-19,Inbound - Web,Best Case,False,False,CompetitorA,,40,Schedule demo,New Business,2024-08-19T00:00:00
4573,508,8,Atlas Software - New Business,Negotiation,15140,2024-08-17,2024-03-27,Outbound - AE,Commit,False,False,CompetitorA,,57,POC setup,New Business,2024-03-27T00:00:00
4574,366,3,Acme Enterprises - Platform Deal,Discovery,719240,2023-05-28,2022-09-14,Event,Pipeline,False,False,Open Source Alternative,,8,Executive alignment,New Business,2022-09-14T00:00:00
4575,927,8,Apex Services - Platform Deal,Qualification,762014,2024-06-28,2023-11-13,Partner Referral,Best Case,False,False,CompetitorD,,44,Legal review,New Business,2023-11-13T00:00:00
4576,928,2,Nova Holdings - Expansion,Qualification,33388,2021-12-20,2021-07-09,Product-Led,Best Case,False,False,,,39,Legal review,Expansion,2021-07-09T00:00:00
4577,709,10,Vanguard Partners - Upsell,Prospecting,3278,2023-09-07,2023-05-16,Product-Led,Pipeline,False,False,,,66,POC setup,Expansion,2023-05-16T00:00:00
4578,576,13,Catalyst Software - New Business,Closed Lost,15204,2024-03-28,2023-10-19,Product-Led,Omitted,False,True,CompetitorA,Timing,59,,New Business,2023-10-19T00:00:00
4579,427,8,Atlas Labs - Initial License,Discovery,569894,2024-04-01,2023-08-16,Outbound - AE,Pipeline,False,False,,,28,Reference call,New Business,2023-08-16T00:00:00
4580,705,12,Optima Inc - New Business,Discovery,139512,2023-06-01,2023-02-21,Product-Led,Pipeline,False,False,,,63,Executive alignment,New Business,2023-02-21T00:00:00
4581,908,8,Horizon Networks - Upsell,Prospecting,22917,2024-10-17,2024-07-09,Inbound - Content,Pipeline,False,False,CompetitorB,,52,Legal review,Expansion,2024-07-09T00:00:00
4582,32,14,Nexus Networks - Platform Deal,Discovery,20451,2022-06-13,2021-12-07,Outbound - AE,Pipeline,False,False,CompetitorD,,67,Technical review,New Business,2021-12-07T00:00:00
4583,540,5,Pinnacle Holdings - Platform Deal,Closed Lost,16274,2024-12-31,2024-11-15,Outbound - SDR,Omitted,False,True,,Champion Left,20,,New Business,2024-11-15T00:00:00
4584,950,10,Nexus Platforms - New Business,Proposal,122972,2024-07-19,2023-12-18,Inbound - Content,Best Case,False,False,,,30,POC setup,New Business,2023-12-18T00:00:00
4585,897,3,Nova Platforms - New Business,Closed Won,845198,2023-12-29,2023-12-08,Webinar,Closed,True,True,,,36,,New Business,2023-12-08T00:00:00
4586,406,9,Global Digital - Initial License,Prospecting,47117,2025-03-30,2024-10-13,Inbound - Web,Pipeline,False,False,,,17,,New Business,2024-10-13T00:00:00
4587,856,8,Nova Services - Platform Deal,Proposal,431719,2023-04-28,2023-03-04,Partner Referral,Best Case,False,False,,,22,,New Business,2023-03-04T00:00:00
4588,200,1,Summit Partners - Initial License,Discovery,20464,2024-12-22,2024-11-02,Outbound - AE,Pipeline,False,False,CompetitorA,,22,Technical review,New Business,2024-11-02T00:00:00
4589,718,16,Vertex Networks - Initial License,Prospecting,,2025-07-29,2024-12-31,Webinar,Pipeline,False,False,Open Source Alternative,,28,POC setup,New Business,2024-12-31T00:00:00
4590,214,14,Pacific Partners - New Business,Discovery,96586,2023-03-13,2022-06-17,Webinar,Pipeline,False,False,,,27,,New Business,2022-06-17T00:00:00
4591,963,3,Velocity Digital - New Business,Qualification,13741,2025-01-29,2024-08-01,Event,Best Case,False,False,CompetitorC,,16,POC setup,New Business,2024-08-01T00:00:00
4592,407,15,Vertex Services - New Business,Closed Lost,18252,2024-12-31,2024-11-10,,Omitted,False,True,Open Source Alternative,Feature Gap,54,,New Business,2024-11-10T00:00:00
2798,642,14,Velocity Technologies - New Business,Discovery,10762,2025-01-28,2024-09-01,Inbound - Content,Pipeline,False,False,CompetitorB,,75,Legal review,New Business,2024-09-01T00:00:00
4594,436,1,Nova Inc - Initial License,Discovery,575196,2022-02-25,2022-01-11,Inbound - Content,Pipeline,False,False,CompetitorA,,16,Contract signing,New Business,2022-01-11T00:00:00
4595,325,6,Pacific Corp - Platform Deal,Qualification,8769,2024-05-20,2024-02-11,Partner Referral,Best Case,False,False,,,4,,New Business,2024-02-11T00:00:00
4596,70,15,Velocity Digital - New Business,Prospecting,19171,2024-01-31,2023-05-07,Event,Pipeline,False,False,,,62,Schedule demo,New Business,2023-05-07T00:00:00
4597,567,16,Pacific Dynamics - Initial License,Qualification,135254,2024-07-27,2024-04-06,Partner Referral,Best Case,False,False,CompetitorA,,25,Send proposal,New Business,2024-04-06T00:00:00
4598,387,4,Fusion Systems - New Business,Discovery,38906,2023-01-11,2022-08-06,Event,Pipeline,False,False,CompetitorC,,28,Legal review,New Business,2022-08-06T00:00:00
4599,709,2,Vanguard Partners - Platform Deal,Proposal,43346,2022-11-02,2022-03-08,Inbound - Content,Best Case,False,False,Open Source Alternative,,18,Send proposal,New Business,2022-03-08T00:00:00
4600,947,16,Pinnacle Digital - New Business,Closed Lost,25734,2024-12-31,2024-09-07,,Omitted,False,True,CompetitorD,Timing,23,,New Business,2024-09-07T00:00:00
4601,368,11,Zenith Dynamics - Platform Deal,Qualification,81055,2023-05-06,2023-02-21,Webinar,Best Case,False,False,,,20,,New Business,2023-02-21T00:00:00
4602,219,10,Synergy Labs - Initial License,Closed Lost,331729,2023-03-28,2023-02-06,Event,Omitted,False,True,Open Source Alternative,Competitor,41,,New Business,2023-02-06T00:00:00
4603,533,12,Fusion Networks - New Business,Closed Lost,106805,2022-03-26,2021-09-16,Product-Led,Omitted,False,True,CompetitorA,No Decision,52,,New Business,2021-09-16T00:00:00
4604,3,10,Synergy Solutions - Platform Deal,Prospecting,28908,2024-11-10,2024-12-08,Webinar,Pipeline,False,False,CompetitorE,,54,Reference call,New Business,2024-12-08T00:00:00
4605,179,5,Quantum Dynamics - Platform Deal,Closed Lost,95197,2022-01-07,2021-10-26,Inbound - Web,Omitted,False,True,CompetitorD,Competitor,45,,New Business,2021-10-26T00:00:00
4606,7,9,Catalyst Platforms - New Business,Qualification,17542,2025-04-25,2024-11-18,Partner Referral,Best Case,False,False,,,23,POC setup,New Business,2024-11-18T00:00:00
4607,403,1,Acme Analytics - New Business,Qualification,34536,2023-03-02,2022-12-16,Outbound - SDR,Best Case,False,False,,,21,Schedule demo,New Business,2022-12-16T00:00:00
526,119,6,Optima Partners - Platform Deal,Qualification,31228,2022-08-23,2022-06-03,Inbound - Web,Best Case,False,False,,,36,Contract signing,New Business,2022-06-03T00:00:00
3952,206,1,Synergy Digital - Platform Deal,Closed Lost,53990,2021-10-10,2021-09-15,Product-Led,Omitted,False,True,CompetitorA,Lost to Status Quo,37,,New Business,2021-09-15T00:00:00
2547,253,12,Zenith Corp - New Business,Qualification,,2024-11-19,2024-07-10,Outbound - AE,Best Case,False,False,CompetitorD,,59,Contract signing,New Business,2024-07-10T00:00:00
4611,339,9,Acme Solutions - New Business,Closed Won,9517,2024-12-31,2024-12-21,Partner Referral,Closed,True,True,,,54,,New Business,2024-12-21T00:00:00
4612,21,6,Vanguard Holdings - New Business,Qualification,99120,2024-06-03,2023-11-29,Inbound - Web,Best Case,False,False,,,26,Executive alignment,New Business,2023-11-29T00:00:00
4613,475,3,Acme Digital - New Business,Closed Won,10189,2024-06-19,2024-02-14,Event,Closed,True,True,,,43,,New Business,2024-02-14T00:00:00
4614,550,16,Apex Services - Additional Seats,Closed Lost,42405,2024-11-15,2024-10-28,Event,Omitted,False,True,CompetitorD,Timing,45,,Expansion,2024-10-28T00:00:00
4615,354,9,Velocity Dynamics - Initial License,Prospecting,18426,2024-03-23,2023-11-10,Outbound - SDR,Pipeline,False,False,CompetitorB,,1,Schedule demo,New Business,2023-11-10T00:00:00
4616,284,15,Nova Labs - New Business,Closed Lost,29039,2024-12-31,2024-10-04,Webinar,Omitted,False,True,,Lost to Status Quo,35,,New Business,2024-10-04T00:00:00
4617,310,13,Optima Systems - Initial License,Proposal,775092,2024-09-30,2024-08-15,Partner Referral,Best Case,False,False,CompetitorA,,64,,New Business,2024-08-15T00:00:00
4618,994,15,Nova Enterprises - Platform Deal,Proposal,43785,2025-09-07,2024-12-21,,Best Case,False,False,CompetitorE,,44,Reference call,New Business,2024-12-21T00:00:00
4619,547,14,Vertex Software - Initial License,Proposal,210421,2025-08-02,2024-12-17,Outbound - SDR,Best Case,False,False,CompetitorE,,8,POC setup,New Business,2024-12-17T00:00:00
4620,71,16,Zenith Enterprises - New Business,Closed Lost,18907,2024-11-30,2024-11-05,Inbound - Web,Omitted,False,True,,No Decision,60,,New Business,2024-11-05T00:00:00
4621,343,3,Velocity Networks - New Business,Prospecting,37272,2024-08-16,2024-04-10,Inbound - Web,Pipeline,False,False,CompetitorB,,25,,New Business,2024-04-10T00:00:00
4622,742,5,Velocity Networks - New Business,Proposal,106094,2023-05-20,2022-10-11,Inbound - Web,Best Case,False,False,CompetitorD,,55,Executive alignment,New Business,2022-10-11T00:00:00
4623,8,4,Optima Networks - Platform Deal,Prospecting,892402,2025-03-25,2024-11-15,Partner Referral,Pipeline,False,False,CompetitorB,,57,Schedule demo,New Business,2024-11-15T00:00:00
4624,141,2,Acme Platforms - Platform Deal,Proposal,9955,2025-04-18,2024-11-04,Inbound - Web,Best Case,False,False,CompetitorE,,34,Legal review,New Business,2024-11-04T00:00:00
4625,707,1,Velocity Analytics - Initial License,Discovery,48849,2022-12-26,2022-05-01,Webinar,Pipeline,False,False,,,29,Legal review,New Business,2022-05-01T00:00:00
4626,831,3,Zenith Dynamics - New Business,Prospecting,720706,2024-04-08,2023-09-26,Inbound - Content,Pipeline,False,False,Open Source Alternative,,11,Contract signing,New Business,2023-09-26T00:00:00
4627,928,2,Nova Holdings - New Business,Prospecting,337318,2022-04-14,2022-02-10,Outbound - AE,Pipeline,False,False,,,11,Contract signing,New Business,2022-02-10T00:00:00
4628,722,2,Fusion Group - New Business,Prospecting,199646,2025-05-28,2024-12-14,Outbound - AE,Pipeline,False,False,,,12,Send proposal,New Business,2024-12-14T00:00:00
4629,748,14,Summit Networks - Platform Deal,Discovery,42721,2024-12-06,2024-06-08,Event,Pipeline,False,False,,,2,Send proposal,New Business,2024-06-08T00:00:00
4630,829,7,Nexus Holdings - New Business,Proposal,18037,2025-01-16,2024-12-04,Event,Best Case,False,False,CompetitorE,,51,,New Business,2024-12-04T00:00:00
4631,513,8,Nova Software - Initial License,Proposal,750580,2023-04-28,2022-08-03,Event,Best Case,False,False,CompetitorD,,44,Contract signing,New Business,2022-08-03T00:00:00
4632,175,12,Pinnacle Solutions - Additional Seats,Qualification,3015,2024-06-26,2024-05-02,Outbound - AE,Best Case,False,False,Open Source Alternative,,33,,Expansion,2024-05-02T00:00:00
4633,863,6,Pacific Holdings - Renewal,Closed Lost,12065,2024-09-19,2024-05-06,Partner Referral,Omitted,False,True,,Feature Gap,29,,Renewal,2024-05-06T00:00:00
4634,957,12,Acme Networks - Initial License,Qualification,22446,2024-07-03,2024-04-01,Event,Best Case,False,False,,,56,POC setup,New Business,2024-04-01T00:00:00
4635,413,3,Pacific Labs - Initial License,Prospecting,457843,2024-11-10,2024-07-19,Product-Led,Pipeline,False,False,CompetitorE,,32,Reference call,New Business,2024-07-19T00:00:00
4636,357,7,Vertex Dynamics - Platform Deal,Closed Lost,24592,2023-12-23,2023-08-01,Outbound - SDR,Omitted,False,True,,Competitor,59,,New Business,2023-08-01T00:00:00
4637,815,14,Quantum Dynamics - Platform Deal,Closed Lost,41560,2022-06-04,2021-11-16,Partner Referral,Omitted,False,True,CompetitorA,No Decision,60,,New Business,2021-11-16T00:00:00
4638,221,12,Vertex Networks - New Business,Closed Lost,140347,2024-12-31,2024-11-02,Outbound - AE,Omitted,False,True,CompetitorA,Competitor,10,,New Business,2024-11-02T00:00:00
4639,785,9,Elevate Digital - Initial License,Closed Lost,33791,2023-09-28,2023-07-02,Outbound - SDR,Omitted,False,True,CompetitorD,Competitor,68,,New Business,2023-07-02T00:00:00
4640,35,5,Pinnacle Partners - Platform Deal,Closed Won,40310,2021-12-27,2021-06-06,Product-Led,Closed,True,True,,,60,,New Business,2021-06-06T00:00:00
4641,384,12,Vanguard Digital - Initial License,Prospecting,49378,2024-11-21,2024-07-23,Partner Referral,Pipeline,False,False,Open Source Alternative,,1,Schedule demo,New Business,2024-07-23T00:00:00
4642,219,6,Synergy Labs - New Business,Closed Won,700345,2022-08-15,2022-05-06,Partner Referral,Closed,True,True,,,13,,New Business,2022-05-06T00:00:00
4643,193,3,Quantum Corp - Initial License,Prospecting,431513,2025-02-02,2024-07-26,Inbound - Content,Pipeline,False,False,CompetitorD,,38,Executive alignment,New Business,2024-07-26T00:00:00
4644,512,6,Global Holdings - New Business,Qualification,28391,2023-02-19,2022-12-06,Event,Best Case,False,False,,,45,Technical review,New Business,2022-12-06T00:00:00
4645,36,3,Apex Solutions - Platform Deal,Negotiation,15922,2025-01-09,2024-06-17,Event,Commit,False,False,CompetitorD,,41,Contract signing,New Business,2024-06-17T00:00:00
4646,797,5,Global Systems - New Business,Closed Lost,502263,2023-12-29,2023-11-21,Product-Led,Omitted,False,True,CompetitorE,Champion Left,10,,New Business,2023-11-21T00:00:00
4647,319,16,Acme Partners - Initial License,Prospecting,42221,2025-08-23,2024-12-07,,Pipeline,False,False,Open Source Alternative,,2,,New Business,2024-12-07T00:00:00
4648,623,8,Summit Platforms - Initial License,Negotiation,70335,2022-09-01,2022-07-03,,Commit,False,False,,,27,Executive alignment,New Business,2022-07-03T00:00:00
4649,871,6,Global Networks - New Business,Qualification,213295,2024-03-12,2023-06-27,Product-Led,Best Case,False,False,,,54,Reference call,New Business,2023-06-27T00:00:00
4650,134,1,Nexus Dynamics - New Business,Closed Lost,24242,2022-03-04,2021-10-27,,Omitted,False,True,,Champion Left,43,,New Business,2021-10-27T00:00:00
4651,251,2,Nexus Enterprises - Initial License,Closed Won,75613,2024-12-31,2024-11-11,,Closed,True,True,CompetitorA,,3,,New Business,2024-11-11T00:00:00
4652,458,5,Optima Group - Initial License,Qualification,37117,2025-01-29,2024-12-05,Event,Best Case,False,False,,,27,Legal review,New Business,2024-12-05T00:00:00
4653,319,16,Acme Partners - New Business,Closed Won,79716,2024-12-31,2024-12-22,Webinar,Closed,True,True,Open Source Alternative,,62,,New Business,2024-12-22T00:00:00
4654,529,4,Nexus Platforms - New Business,Prospecting,197778,2025-01-16,2024-07-21,Outbound - SDR,Pipeline,False,False,CompetitorC,,25,Reference call,New Business,2024-07-21T00:00:00
4655,741,6,Vertex Inc - Initial License,Closed Lost,47307,2023-08-20,2023-04-22,Outbound - SDR,Omitted,False,True,CompetitorB,Competitor,36,,New Business,2023-04-22T00:00:00
4656,854,12,Synergy Labs - New Business,Proposal,56772,2024-06-28,2023-11-23,Product-Led,Best Case,False,False,CompetitorB,,26,Send proposal,New Business,2023-11-23T00:00:00
4657,742,5,Velocity Networks - New Business,Closed Won,172204,2024-07-20,2024-02-07,Outbound - AE,Closed,True,True,,,23,,New Business,2024-02-07T00:00:00
4658,363,8,Nexus Labs - Initial License,Closed Lost,18417,2022-07-16,2022-05-30,Outbound - SDR,Omitted,False,True,,Competitor,20,,New Business,2022-05-30T00:00:00
4659,146,6,Vanguard Platforms - New Business,Prospecting,14764,2024-12-04,2024-08-15,Partner Referral,Pipeline,False,False,CompetitorE,,29,Executive alignment,New Business,2024-08-15T00:00:00
4660,270,4,Horizon Platforms - Initial License,Prospecting,97522,2024-01-11,2023-08-13,Outbound - AE,Pipeline,False,False,Open Source Alternative,,9,Send proposal,New Business,2023-08-13T00:00:00
4661,76,2,Optima Solutions - New Business,Closed Lost,40964,2024-05-02,2024-03-21,Partner Referral,Omitted,False,True,Open Source Alternative,No Decision,18,,New Business,2024-03-21T00:00:00
4662,709,10,Vanguard Partners - New Business,Qualification,28589,2023-12-25,2023-05-13,Partner Referral,Best Case,False,False,,,28,Legal review,New Business,2023-05-13T00:00:00
4663,499,15,Nova Technologies - New Business,Discovery,41342,2024-01-07,2023-10-29,Outbound - AE,Pipeline,False,False,,,43,POC setup,New Business,2023-10-29T00:00:00
4664,843,10,Vertex Holdings - Initial License,Closed Lost,90623,2024-06-17,2024-04-03,Webinar,Omitted,False,True,CompetitorE,Lost to Status Quo,66,,New Business,2024-04-03T00:00:00
4665,726,16,Zenith Dynamics - Platform Deal,Qualification,34621,2022-05-18,2022-02-03,Product-Led,Best Case,False,False,CompetitorD,,24,,New Business,2022-02-03T00:00:00
4666,770,12,Pacific Corp - Initial License,Qualification,13613,2025-05-31,2024-11-03,Webinar,Best Case,False,False,CompetitorD,,43,Contract signing,New Business,2024-11-03T00:00:00
4667,824,13,Atlas Solutions - Initial License,Negotiation,93848,2025-06-09,2024-12-09,Product-Led,Commit,False,False,,,50,,New Business,2024-12-09T00:00:00
4668,862,5,Vanguard Group - Platform Deal,Closed Lost,8296,2021-12-09,2021-08-26,Inbound - Web,Omitted,False,True,,Timing,15,,New Business,2021-08-26T00:00:00
4669,177,11,Vertex Labs - Platform Deal,Qualification,865354,2021-11-26,2021-08-01,Event,Best Case,False,False,,,55,Legal review,New Business,2021-08-01T00:00:00
4670,721,4,Zenith Inc - Platform Deal,Closed Lost,39420,2023-10-09,2023-09-23,Partner Referral,Omitted,False,True,CompetitorE,Champion Left,4,,New Business,2023-09-23T00:00:00
4671,855,4,Global Partners - Initial License,Closed Lost,22977,2024-12-29,2024-07-12,Partner Referral,Omitted,False,True,CompetitorB,Champion Left,34,,New Business,2024-07-12T00:00:00
4672,496,11,Global Analytics - Platform Deal,Prospecting,35729,2025-01-16,2024-09-03,Partner Referral,Pipeline,False,False,,,66,Legal review,New Business,2024-09-03T00:00:00
4673,188,1,Apex Dynamics - Platform Deal,Discovery,23220,2022-07-24,2022-05-25,Product-Led,Pipeline,False,False,CompetitorC,,13,,New Business,2022-05-25T00:00:00
4674,639,5,Fusion Software - Initial License,Closed Won,242751,2022-03-14,2021-10-13,Webinar,Closed,True,True,,,31,,New Business,2021-10-13T00:00:00
4675,26,7,Acme Inc - Platform Deal,Closed Lost,48332,2024-09-27,2024-07-13,Partner Referral,Omitted,False,True,CompetitorA,Lost to Status Quo,57,,New Business,2024-07-13T00:00:00
4676,415,7,Elevate Analytics - New Business,Closed Lost,42926,2024-12-24,2024-10-09,Inbound - Content,Omitted,False,True,CompetitorD,Price,56,,New Business,2024-10-09T00:00:00
4677,764,6,Pinnacle Corp - Initial License,Prospecting,179522,2024-06-21,2024-02-15,Outbound - SDR,Pipeline,False,False,,,21,Executive alignment,New Business,2024-02-15T00:00:00
4678,317,7,Vertex Systems - Initial License,Prospecting,39146,2021-12-22,2021-10-13,Inbound - Web,Pipeline,False,False,CompetitorD,,43,Legal review,New Business,2021-10-13T00:00:00
4679,707,1,Velocity Analytics - Platform Deal,Closed Lost,43325,2023-01-09,2022-10-17,Inbound - Content,Omitted,False,True,,No Decision,33,,New Business,2022-10-17T00:00:00
4680,110,6,Catalyst Dynamics - New Business,Proposal,11887,2025-04-06,2024-10-14,Inbound - Web,Best Case,False,False,,,33,Reference call,New Business,2024-10-14T00:00:00
4681,412,7,Elevate Analytics - Platform Deal,Prospecting,52607,2024-01-31,2023-07-18,Outbound - SDR,Pipeline,False,False,,,55,Legal review,New Business,2023-07-18T00:00:00
4682,328,11,Nexus Dynamics - Contract Renewal,Closed Lost,39523,2022-12-22,2022-10-06,Webinar,Omitted,False,True,CompetitorB,Price,3,,Renewal,2022-10-06T00:00:00
4683,610,14,Horizon Corp - Initial License,Qualification,43520,2024-05-13,2024-01-03,Outbound - AE,Best Case,False,False,,,72,Schedule demo,New Business,2024-01-03T00:00:00
4684,129,3,Atlas Technologies - New Business,Closed Won,14879,2023-06-24,2023-02-09,Partner Referral,Closed,True,True,CompetitorA,,41,,New Business,2023-02-09T00:00:00
4685,792,13,Elevate Services - Initial License,Closed Lost,31910,2024-12-31,2024-11-07,Partner Referral,Omitted,False,True,CompetitorC,Champion Left,8,,New Business,2024-11-07T00:00:00
4686,191,12,Nova Group - New Business,Negotiation,,2022-07-04,2022-01-09,Inbound - Content,Commit,False,False,,,30,Executive alignment,New Business,2022-01-09T00:00:00
4687,248,10,Horizon Digital - New Business,Qualification,37584,2025-02-01,2024-05-19,Product-Led,Best Case,False,False,CompetitorD,,60,POC setup,New Business,2024-05-19T00:00:00
359,68,4,Global Partners - New Business,Closed Won,654745,2020-06-20,2020-02-29,Product-Led,Closed,True,True,CompetitorB,,15,,New Business,2020-02-29T00:00:00
4689,969,15,Apex Labs - New Business,Negotiation,10686,2024-09-27,2024-04-11,Partner Referral,Commit,False,False,CompetitorE,,59,Reference call,New Business,2024-04-11T00:00:00
4690,371,12,Fusion Systems - New Business,Closed Won,53012,2021-02-04,2020-10-09,Webinar,Closed,True,True,,,3,,New Business,2020-10-09T00:00:00
4691,381,4,Nexus Digital - Platform Deal,Qualification,31925,2024-11-01,2024-07-03,Partner Referral,Best Case,False,False,,,41,POC setup,New Business,2024-07-03T00:00:00
1954,775,12,Nexus Partners - Initial License,Qualification,174185,2025-02-18,2024-08-12,Inbound - Web,Best Case,False,False,Open Source Alternative,,37,,New Business,2024-08-12T00:00:00
4693,737,12,Horizon Holdings - New Business,Discovery,814084,2025-03-19,2024-10-02,,Pipeline,False,False,,,22,POC setup,New Business,2024-10-02T00:00:00
4694,989,12,Nexus Holdings - New Business,Negotiation,31107,2025-02-22,2024-10-16,Webinar,Commit,False,False,CompetitorC,,55,Schedule demo,New Business,2024-10-16T00:00:00
4695,987,3,Horizon Digital - Initial License,Negotiation,106017,2024-04-20,2023-08-18,,Commit,False,False,CompetitorD,,32,Technical review,New Business,2023-08-18T00:00:00
4696,285,4,Catalyst Enterprises - Initial License,Closed Won,39777,2023-01-26,2022-07-30,Outbound - SDR,Closed,True,True,Open Source Alternative,,4,,New Business,2022-07-30T00:00:00
4697,449,8,Fusion Systems - New Business,Closed Won,18033,2022-12-17,2022-05-28,Inbound - Content,Closed,True,True,Open Source Alternative,,16,,New Business,2022-05-28T00:00:00
4698,624,4,Global Enterprises - Expansion,Proposal,14101,2024-04-18,2023-12-24,Inbound - Web,Best Case,False,False,,,58,Schedule demo,Expansion,2023-12-24T00:00:00
4406,267,9,Quantum Analytics - Initial License,Discovery,6683,2024-12-23,2024-09-03,Outbound - SDR,Pipeline,False,False,,,56,POC setup,New Business,2024-09-03T00:00:00
4700,802,4,Vanguard Analytics - New Business,Prospecting,572036,2021-01-04,2020-11-08,Event,Pipeline,False,False,CompetitorA,,26,,New Business,2020-11-08T00:00:00
4701,493,1,Optima Services - Initial License,Negotiation,35417,2025-03-02,2024-12-06,Partner Referral,Commit,False,False,CompetitorE,,16,Executive alignment,New Business,2024-12-06T00:00:00
4702,204,14,Elevate Analytics - New Business,Closed Lost,23494,2023-09-24,2023-01-11,Outbound - AE,Omitted,False,True,,Feature Gap,42,,New Business,2023-01-11T00:00:00
4703,286,14,Vanguard Inc - Initial License,Closed Lost,,2024-12-05,2024-09-02,Webinar,Omitted,False,True,CompetitorA,No Decision,33,,New Business,2024-09-02T00:00:00
4704,915,15,Nova Inc - New Business,Negotiation,5932,2025-02-10,2024-11-16,,Commit,False,False,CompetitorE,,36,Contract signing,New Business,2024-11-16T00:00:00
4705,153,3,Acme Software - Platform Deal,Closed Lost,106458,2024-12-23,2024-08-28,Outbound - AE,Omitted,False,True,CompetitorD,Champion Left,36,,New Business,2024-08-28T00:00:00
4706,633,2,Acme Corp - New Business,Closed Won,12575,2024-08-04,2024-05-07,Event,Closed,True,True,,,36,,New Business,2024-05-07T00:00:00
4707,119,10,Optima Partners - Platform Deal,Negotiation,45020,2024-01-12,2023-05-05,Product-Led,Commit,False,False,CompetitorA,,63,,New Business,2023-05-05T00:00:00
4708,726,4,Zenith Dynamics - Platform Deal,Qualification,40111,2023-01-07,2022-08-19,Inbound - Web,Best Case,False,False,,,7,Legal review,New Business,2022-08-19T00:00:00
4709,114,8,Nova Partners - Initial License,Qualification,21409,2025-09-19,2024-12-28,Outbound - SDR,Best Case,False,False,CompetitorA,,13,,New Business,2024-12-28T00:00:00
4710,816,13,Synergy Corp - New Business,Prospecting,434520,2024-08-03,2024-01-19,Inbound - Content,Pipeline,False,False,CompetitorA,,65,,New Business,2024-01-19T00:00:00
4711,557,14,Vertex Technologies - Platform Deal,Prospecting,283551,2025-01-18,2024-08-21,Outbound - AE,Pipeline,False,False,Open Source Alternative,,27,Send proposal,New Business,2024-08-21T00:00:00
4712,646,11,Summit Software - Initial License,Closed Lost,28078,2024-06-26,2024-02-25,Event,Omitted,False,True,CompetitorE,Feature Gap,41,,New Business,2024-02-25T00:00:00
4713,521,9,Vanguard Systems - New Business,Closed Lost,32996,2024-12-31,2024-09-06,Webinar,Omitted,False,True,CompetitorB,Lost to Status Quo,9,,New Business,2024-09-06T00:00:00
4714,612,7,Optima Group - Initial License,Closed Lost,118234,2023-12-21,2023-10-19,Inbound - Content,Omitted,False,True,CompetitorE,Competitor,7,,New Business,2023-10-19T00:00:00
4715,566,15,Optima Analytics - New Business,Closed Won,610419,2024-12-31,2024-10-07,Webinar,Closed,True,True,,,18,,New Business,2024-10-07T00:00:00
4716,872,1,Global Platforms - Renewal,Qualification,9067,2024-05-26,2024-03-28,Inbound - Web,Best Case,False,False,Open Source Alternative,,30,Reference call,Renewal,2024-03-28T00:00:00
4717,862,11,Vanguard Group - New Business,Proposal,8526,2024-03-24,2023-08-20,,Best Case,False,False,CompetitorA,,55,,New Business,2023-08-20T00:00:00
4718,567,2,Pacific Dynamics - Initial License,Closed Lost,189776,2024-06-26,2024-01-06,Outbound - AE,Omitted,False,True,CompetitorB,No Decision,33,,New Business,2024-01-06T00:00:00
4719,768,7,Pacific Holdings - Platform Deal,Discovery,90581,2024-10-22,2024-06-07,Inbound - Content,Pipeline,False,False,CompetitorD,,52,Legal review,New Business,2024-06-07T00:00:00
4720,184,13,Fusion Holdings - Initial License,Closed Lost,663891,2022-12-17,2022-08-24,Product-Led,Omitted,False,True,CompetitorB,Competitor,15,,New Business,2022-08-24T00:00:00
4721,677,14,Quantum Dynamics - New Business,Discovery,98387,2025-02-13,2024-11-09,Webinar,Pipeline,False,False,,,40,Send proposal,New Business,2024-11-09T00:00:00
4722,723,7,Nexus Digital - Platform Deal,Prospecting,134542,2025-01-09,2024-09-09,,Pipeline,False,False,,,59,Contract signing,New Business,2024-09-09T00:00:00
4723,744,14,Pinnacle Platforms - Platform Deal,Prospecting,22259,2023-08-16,2023-01-26,Product-Led,Pipeline,False,False,,,46,,New Business,2023-01-26T00:00:00
4724,572,7,Synergy Digital - Platform Deal,Discovery,220807,2025-05-31,2024-12-13,Outbound - SDR,Pipeline,False,False,CompetitorC,,16,POC setup,New Business,2024-12-13T00:00:00
4725,921,6,Pacific Holdings - New Business,Closed Lost,31436,2024-10-27,2024-05-15,Outbound - AE,Omitted,False,True,CompetitorB,Lost to Status Quo,36,,New Business,2024-05-15T00:00:00
4726,515,16,Vertex Software - Initial License,Discovery,22132,2022-10-05,2022-07-14,Partner Referral,Pipeline,False,False,CompetitorC,,48,Technical review,New Business,2022-07-14T00:00:00
4727,224,1,Fusion Digital - New Business,Qualification,187692,2023-07-20,2023-06-06,Outbound - AE,Best Case,False,False,Open Source Alternative,,3,Contract signing,New Business,2023-06-06T00:00:00
4728,657,2,Vertex Systems - New Business,Prospecting,39318,2025-03-12,2024-11-28,Event,Pipeline,False,False,,,15,Contract signing,New Business,2024-11-28T00:00:00
4729,628,5,Velocity Group - New Business,Closed Won,108974,2024-01-03,2023-12-09,Partner Referral,Closed,True,True,CompetitorE,,11,,New Business,2023-12-09T00:00:00
4730,159,10,Horizon Systems - Platform Deal,Closed Lost,388417,2024-08-26,2024-07-09,Outbound - SDR,Omitted,False,True,CompetitorB,Timing,8,,New Business,2024-07-09T00:00:00
4731,703,10,Zenith Partners - Initial License,Qualification,46676,2024-01-12,2023-08-03,Product-Led,Best Case,False,False,CompetitorC,,65,Technical review,New Business,2023-08-03T00:00:00
4732,663,5,Optima Dynamics - New Business,Prospecting,29050,2025-05-30,2024-11-14,Partner Referral,Pipeline,False,False,CompetitorC,,31,Executive alignment,New Business,2024-11-14T00:00:00
4733,267,4,Quantum Analytics - Additional Seats,Qualification,20731,2024-04-04,2024-02-09,Partner Referral,Best Case,False,False,,,60,Legal review,Expansion,2024-02-09T00:00:00
4734,326,4,Atlas Networks - Initial License,Proposal,,2025-08-04,2024-12-24,Outbound - AE,Best Case,False,False,CompetitorC,,43,Legal review,New Business,2024-12-24T00:00:00
4735,417,12,Vanguard Enterprises - Expansion,Discovery,150426,2024-07-23,2024-02-20,Inbound - Web,Pipeline,False,False,CompetitorB,,28,Send proposal,Expansion,2024-02-20T00:00:00
4736,192,6,Apex Services - Upsell,Prospecting,14090,2025-02-28,2024-12-02,Webinar,Pipeline,False,False,CompetitorE,,45,Send proposal,Expansion,2024-12-02T00:00:00
4737,924,16,Pacific Technologies - Initial License,Prospecting,88348,2025-01-19,2024-11-09,Webinar,Pipeline,False,False,,,22,Reference call,New Business,2024-11-09T00:00:00
4738,327,3,Horizon Inc - New Business,Closed Won,143178,2021-03-16,2020-10-12,Inbound - Web,Closed,True,True,CompetitorA,,34,,New Business,2020-10-12T00:00:00
4739,840,1,Nexus Inc - New Business,Proposal,179411,2024-09-22,2024-01-15,Webinar,Best Case,False,False,Open Source Alternative,,12,Send proposal,New Business,2024-01-15T00:00:00
4740,915,15,Nova Inc - Initial License,Discovery,40799,2024-12-16,2024-07-12,Inbound - Web,Pipeline,False,False,,,46,Technical review,New Business,2024-07-12T00:00:00
4741,319,16,Acme Partners - Expansion,Closed Won,35260,2024-12-31,2024-12-28,Product-Led,Closed,True,True,,,49,,Expansion,2024-12-28T00:00:00
4742,470,1,Acme Networks - Initial License,Discovery,867576,2024-03-08,2023-11-18,Event,Pipeline,False,False,CompetitorD,,2,Schedule demo,New Business,2023-11-18T00:00:00
4743,434,13,Summit Networks - Platform Deal,Discovery,165329,2024-01-30,2023-12-07,Outbound - AE,Pipeline,False,False,CompetitorC,,58,Reference call,New Business,2023-12-07T00:00:00
4744,221,16,Vertex Networks - Initial License,Proposal,144150,2025-02-06,2024-05-14,Inbound - Content,Best Case,False,False,Open Source Alternative,,36,Executive alignment,New Business,2024-05-14T00:00:00
4745,792,13,Elevate Services - New Business,Closed Lost,48057,2024-08-17,2024-07-15,Event,Omitted,False,True,CompetitorE,Lost to Status Quo,59,,New Business,2024-07-15T00:00:00
4746,375,8,Pinnacle Labs - Expansion,Closed Lost,40349,2024-12-25,2024-09-06,Product-Led,Omitted,False,True,CompetitorA,Budget Cut,57,,Expansion,2024-09-06T00:00:00
4747,565,10,Pacific Dynamics - Platform Deal,Discovery,558870,2023-04-05,2022-11-10,Webinar,Pipeline,False,False,CompetitorA,,67,Contract signing,New Business,2022-11-10T00:00:00
4748,258,4,Atlas Services - Platform Deal,Negotiation,80364,2023-12-09,2023-05-23,Partner Referral,Commit,False,False,,,53,Schedule demo,New Business,2023-05-23T00:00:00
4749,3,10,Synergy Solutions - New Business,Qualification,39512,2022-06-27,2021-12-04,Product-Led,Best Case,False,False,,,37,Contract signing,New Business,2021-12-04T00:00:00
4750,212,6,Nexus Partners - Platform Deal,Proposal,31268,2025-03-25,2024-09-21,Product-Led,Best Case,False,False,CompetitorD,,20,Technical review,New Business,2024-09-21T00:00:00
4751,173,13,Global Systems - Platform Deal,Qualification,46682,2025-05-22,2024-09-28,Webinar,Best Case,False,False,Open Source Alternative,,10,Schedule demo,New Business,2024-09-28T00:00:00
4752,218,11,Fusion Holdings - Platform Deal,Discovery,95685,2023-12-10,2023-11-05,Outbound - SDR,Pipeline,False,False,CompetitorC,,48,,New Business,2023-11-05T00:00:00
4753,328,9,Nexus Dynamics - Additional Seats,Closed Lost,14758,2023-09-22,2023-08-27,Inbound - Content,Omitted,False,True,CompetitorA,Price,13,,Expansion,2023-08-27T00:00:00
4754,92,8,Acme Labs - Platform Deal,Proposal,37685,2024-10-10,2024-07-16,Inbound - Web,Best Case,False,False,CompetitorA,,46,Contract signing,New Business,2024-07-16T00:00:00
4755,858,1,Quantum Technologies - Initial License,Prospecting,47589,2025-07-23,2024-11-10,Product-Led,Pipeline,False,False,Open Source Alternative,,9,Schedule demo,New Business,2024-11-10T00:00:00
4756,604,2,Velocity Networks - Initial License,Qualification,53602,2024-01-06,2024-02-01,Inbound - Web,Best Case,False,False,CompetitorB,,26,POC setup,New Business,2024-02-01T00:00:00
4757,533,9,Fusion Networks - Platform Deal,Closed Won,126293,2022-02-25,2021-12-15,Product-Led,Closed,True,True,,,56,,New Business,2021-12-15T00:00:00
4758,134,15,Nexus Dynamics - Platform Deal,Closed Lost,14756,2024-06-18,2024-05-16,Outbound - SDR,Omitted,False,True,CompetitorA,Lost to Status Quo,19,,New Business,2024-05-16T00:00:00
4759,477,10,Summit Software - Initial License,Negotiation,48466,2023-06-01,2023-03-31,Inbound - Web,Commit,False,False,,,47,Technical review,New Business,2023-03-31T00:00:00
4760,121,16,Summit Analytics - Platform Deal,Closed Lost,8946,2024-06-22,2024-01-19,Partner Referral,Omitted,False,True,Open Source Alternative,Price,20,,New Business,2024-01-19T00:00:00
4761,334,3,Summit Labs - Initial License,Negotiation,50194,2025-04-10,2024-12-10,Product-Led,Commit,False,False,,,5,Schedule demo,New Business,2024-12-10T00:00:00
4762,29,14,Optima Platforms - Initial License,Closed Lost,22608,2024-12-31,2024-12-05,Inbound - Content,Omitted,False,True,CompetitorB,Competitor,52,,New Business,2024-12-05T00:00:00
4763,365,9,Acme Solutions - New Business,Qualification,714933,2025-07-20,2024-10-31,,Best Case,False,False,,,62,Send proposal,New Business,2024-10-31T00:00:00
4764,593,13,Global Labs - Expansion,Prospecting,5647,2024-07-11,2024-02-14,Outbound - SDR,Pipeline,False,False,CompetitorC,,26,Executive alignment,Expansion,2024-02-14T00:00:00
4765,643,6,Catalyst Networks - New Business,Proposal,1099439,2024-01-05,2023-04-12,Inbound - Content,Best Case,False,False,,,34,Technical review,New Business,2023-04-12T00:00:00
4766,40,14,Apex Dynamics - New Business,Prospecting,319354,2023-07-21,2023-02-13,Partner Referral,Pipeline,False,False,,,36,Send proposal,New Business,2023-02-13T00:00:00
4767,902,15,Pinnacle Platforms - Additional Seats,Prospecting,26865,2024-07-29,2024-04-12,Product-Led,Pipeline,False,False,,,15,Executive alignment,Expansion,2024-04-12T00:00:00
4768,803,11,Acme Partners - Initial License,Qualification,6946,2025-06-17,2024-12-06,Product-Led,Best Case,False,False,,,27,Send proposal,New Business,2024-12-06T00:00:00
4769,282,15,Global Networks - Initial License,Closed Lost,12347,2024-12-28,2024-09-21,Outbound - SDR,Omitted,False,True,CompetitorA,Budget Cut,31,,New Business,2024-09-21T00:00:00
4770,775,12,Nexus Partners - Initial License,Proposal,190904,2025-06-21,2024-12-17,Webinar,Best Case,False,False,CompetitorC,,58,Schedule demo,New Business,2024-12-17T00:00:00
4771,535,11,Elevate Labs - Platform Deal,Qualification,34902,2025-04-08,2024-08-23,Outbound - AE,Best Case,False,False,,,24,Executive alignment,New Business,2024-08-23T00:00:00
4772,92,8,Acme Labs - Initial License,Closed Lost,14683,2024-09-21,2024-07-24,Event,Omitted,False,True,,Timing,52,,New Business,2024-07-24T00:00:00
4773,441,11,Nexus Enterprises - Initial License,Prospecting,70085,2025-04-29,2024-12-22,Partner Referral,Pipeline,False,False,CompetitorB,,58,Send proposal,New Business,2024-12-22T00:00:00
4774,76,2,Optima Solutions - New Business,Qualification,24930,2025-03-04,2024-06-22,Partner Referral,Best Case,False,False,,,14,Contract signing,New Business,2024-06-22T00:00:00
4775,8,3,Optima Networks - Platform Deal,Qualification,482809,2024-11-27,2024-10-04,Partner Referral,Best Case,False,False,,,45,Reference call,New Business,2024-10-04T00:00:00
4776,833,3,Velocity Digital - Initial License,Closed Won,186575,2024-09-26,2024-04-26,Inbound - Content,Closed,True,True,CompetitorA,,30,,New Business,2024-04-26T00:00:00
4777,307,9,Summit Partners - Initial License,Prospecting,45649,2023-07-19,2022-12-26,Event,Pipeline,False,False,CompetitorB,,52,Reference call,New Business,2022-12-26T00:00:00
4778,370,15,Summit Software - Expansion,Closed Won,8808,2024-12-31,2024-12-19,Outbound - AE,Closed,True,True,CompetitorC,,47,,Expansion,2024-12-19T00:00:00
4779,759,1,Quantum Services - New Business,Discovery,848521,2025-07-03,2024-12-16,Partner Referral,Pipeline,False,False,,,36,Schedule demo,New Business,2024-12-16T00:00:00
4780,88,15,Elevate Inc - Platform Deal,Qualification,33477,2024-05-07,2024-02-18,,Best Case,False,False,,,57,Contract signing,New Business,2024-02-18T00:00:00
4781,616,10,Vertex Enterprises - New Business,Closed Lost,55340,2021-12-14,2021-09-05,Product-Led,Omitted,False,True,Open Source Alternative,Price,27,,New Business,2021-09-05T00:00:00
4782,919,15,Velocity Platforms - Initial License,Qualification,971949,2023-09-26,2023-02-21,Inbound - Web,Best Case,False,False,CompetitorD,,43,Technical review,New Business,2023-02-21T00:00:00
4783,751,13,Nova Digital - Platform Deal,Closed Lost,129787,2024-12-31,2024-11-05,Partner Referral,Omitted,False,True,CompetitorD,Budget Cut,38,,New Business,2024-11-05T00:00:00
4784,416,13,Vertex Enterprises - Platform Deal,Prospecting,40069,2022-12-24,2022-07-08,Inbound - Content,Pipeline,False,False,,,6,Schedule demo,New Business,2022-07-08T00:00:00
4785,597,12,Vanguard Labs - New Business,Negotiation,24575,2024-01-04,2023-05-12,Inbound - Web,Commit,False,False,CompetitorD,,50,,New Business,2023-05-12T00:00:00
4786,574,9,Zenith Software - Platform Deal,Qualification,681875,2024-05-06,2024-04-05,Product-Led,Best Case,False,False,CompetitorC,,19,Executive alignment,New Business,2024-04-05T00:00:00
4787,154,13,Acme Inc - Additional Seats,Qualification,25706,2024-12-18,2024-04-30,Outbound - AE,Best Case,False,False,,,63,,Expansion,2024-04-30T00:00:00
4788,977,5,Apex Enterprises - Contract Renewal,Qualification,21032,2025-01-06,2024-10-28,Inbound - Content,Best Case,False,False,CompetitorA,,56,Legal review,Renewal,2024-10-28T00:00:00
4789,402,15,Global Holdings - Platform Deal,Closed Lost,6936,2024-12-31,2024-12-21,Inbound - Web,Omitted,False,True,CompetitorE,Budget Cut,5,,New Business,2024-12-21T00:00:00
4790,459,5,Velocity Dynamics - Platform Deal,Qualification,50639,2022-09-20,2022-04-01,Product-Led,Best Case,False,False,,,18,Schedule demo,New Business,2022-04-01T00:00:00
4791,722,2,Fusion Group - New Business,Proposal,188157,2025-07-24,2024-11-10,Partner Referral,Best Case,False,False,Open Source Alternative,,9,,New Business,2024-11-10T00:00:00
4792,708,11,Apex Corp - New Business,Prospecting,,2025-03-09,2024-11-25,Webinar,Pipeline,False,False,,,18,Technical review,New Business,2024-11-25T00:00:00
4793,663,5,Optima Dynamics - New Business,Qualification,33448,2024-09-09,2024-05-01,Inbound - Web,Best Case,False,False,CompetitorC,,57,Schedule demo,New Business,2024-05-01T00:00:00
4794,451,11,Nova Digital - New Business,Closed Won,330065,2024-12-31,2024-08-11,Product-Led,Closed,True,True,CompetitorB,,19,,New Business,2024-08-11T00:00:00
4795,668,5,Optima Analytics - Upsell,Closed Lost,25630,2024-12-22,2024-08-06,Event,Omitted,False,True,CompetitorC,Competitor,7,,Expansion,2024-08-06T00:00:00
4796,576,13,Catalyst Software - Initial License,Discovery,41680,2024-06-28,2024-01-15,Partner Referral,Pipeline,False,False,Open Source Alternative,,24,,New Business,2024-01-15T00:00:00
3794,782,14,Atlas Enterprises - New Business,Closed Lost,17154,2024-12-23,2024-09-03,Inbound - Web,Omitted,False,True,CompetitorB,Lost to Status Quo,1,,New Business,2024-09-03T00:00:00
4798,692,5,Velocity Partners - Platform Deal,Prospecting,31600,2023-02-18,2022-07-08,Outbound - SDR,Pipeline,False,False,,,35,Executive alignment,New Business,2022-07-08T00:00:00
4799,717,11,Vanguard Partners - New Business,Discovery,5024,2024-10-17,2024-03-14,Inbound - Content,Pipeline,False,False,,,31,POC setup,New Business,2024-03-14T00:00:00
4800,238,6,Fusion Group - New Business,Closed Lost,496396,2024-03-17,2023-12-18,,Omitted,False,True,CompetitorE,Timing,46,,New Business,2023-12-18T00:00:00
4801,695,15,Nova Enterprises - New Business,Closed Lost,,2024-09-24,2024-08-28,Outbound - AE,Omitted,False,True,CompetitorB,Feature Gap,35,,New Business,2024-08-28T00:00:00
4802,762,8,Nexus Enterprises - Platform Deal,Discovery,40197,2022-05-07,2021-12-12,Product-Led,Pipeline,False,False,,,14,,New Business,2021-12-12T00:00:00
4803,397,10,Horizon Inc - New Business,Closed Won,54120,2024-07-27,2024-05-18,Partner Referral,Closed,True,True,,,43,,New Business,2024-05-18T00:00:00
4804,431,6,Atlas Digital - New Business,Prospecting,42820,2025-04-02,2024-11-27,Webinar,Pipeline,False,False,CompetitorB,,52,Schedule demo,New Business,2024-11-27T00:00:00
4805,684,1,Synergy Solutions - Platform Deal,Closed Lost,11679,2024-09-25,2024-05-04,Inbound - Content,Omitted,False,True,CompetitorB,Feature Gap,41,,New Business,2024-05-04T00:00:00
4806,870,3,Synergy Labs - Platform Deal,Negotiation,79470,2024-09-04,2024-01-04,Partner Referral,Commit,False,False,,,33,,New Business,2024-01-04T00:00:00
4807,214,14,Pacific Partners - Platform Deal,Qualification,11269,2022-04-06,2021-11-19,Inbound - Web,Best Case,False,False,CompetitorA,,26,Send proposal,New Business,2021-11-19T00:00:00
4808,582,2,Quantum Technologies - Platform Deal,Closed Won,451291,2024-03-24,2023-12-14,Product-Led,Closed,True,True,CompetitorD,,29,,New Business,2023-12-14T00:00:00
4809,199,8,Velocity Group - Initial License,Closed Won,277672,2024-06-16,2024-01-21,Partner Referral,Closed,True,True,CompetitorD,,45,,New Business,2024-01-21T00:00:00
4810,368,11,Zenith Dynamics - New Business,Prospecting,54561,2025-03-15,2024-11-11,Inbound - Web,Pipeline,False,False,CompetitorD,,52,POC setup,New Business,2024-11-11T00:00:00
4811,289,4,Nova Dynamics - New Business,Proposal,120059,2023-07-27,2022-12-09,Event,Best Case,False,False,Open Source Alternative,,8,Technical review,New Business,2022-12-09T00:00:00
4812,97,15,Nova Labs - New Business,Qualification,,2024-05-23,2024-06-05,Event,Best Case,False,False,CompetitorA,,44,Reference call,New Business,2024-06-05T00:00:00
4813,6,1,Nova Holdings - Initial License,Proposal,27034,2025-02-20,2024-07-08,Inbound - Content,Best Case,False,False,Open Source Alternative,,4,POC setup,New Business,2024-07-08T00:00:00
4814,217,11,Quantum Technologies - Platform Deal,Qualification,90202,2025-03-17,2024-09-02,Inbound - Content,Best Case,False,False,,,20,Reference call,New Business,2024-09-02T00:00:00
4815,189,16,Quantum Analytics - New Business,Qualification,25648,2025-01-15,2024-08-07,Webinar,Best Case,False,False,,,16,Reference call,New Business,2024-08-07T00:00:00
4816,414,10,Velocity Systems - Platform Deal,Prospecting,252909,2023-05-28,2023-01-16,Product-Led,Pipeline,False,False,,,52,Send proposal,New Business,2023-01-16T00:00:00
4817,524,10,Vertex Dynamics - Platform Deal,Discovery,19585,2024-03-14,2023-08-01,Partner Referral,Pipeline,False,False,CompetitorD,,55,Technical review,New Business,2023-08-01T00:00:00
4818,413,3,Pacific Labs - Platform Deal,Qualification,126378,2024-10-28,2024-09-06,Inbound - Web,Best Case,False,False,CompetitorC,,23,Legal review,New Business,2024-09-06T00:00:00
4819,493,15,Optima Services - New Business,Discovery,37067,2025-01-21,2024-12-15,Outbound - SDR,Pipeline,False,False,CompetitorA,,8,,New Business,2024-12-15T00:00:00
4820,815,14,Quantum Dynamics - Platform Deal,Closed Lost,20297,2021-06-29,2021-03-30,Outbound - SDR,Omitted,False,True,,Champion Left,7,,New Business,2021-03-30T00:00:00
4821,655,7,Quantum Digital - New Business,Qualification,190569,2025-02-01,2024-12-22,Outbound - AE,Best Case,False,False,,,42,Send proposal,New Business,2024-12-22T00:00:00
4822,761,7,Summit Corp - Platform Deal,Closed Lost,14008,2024-12-31,2024-10-17,Outbound - AE,Omitted,False,True,CompetitorD,Feature Gap,59,,New Business,2024-10-17T00:00:00
4823,903,11,Nova Enterprises - Additional Seats,Closed Lost,64360,2024-12-31,2024-11-16,Product-Led,Omitted,False,True,CompetitorA,Feature Gap,39,,Expansion,2024-11-16T00:00:00
4824,455,1,Catalyst Services - Platform Deal,Qualification,43743,2023-12-09,2023-06-19,Outbound - AE,Best Case,False,False,,,16,Legal review,New Business,2023-06-19T00:00:00
4825,940,13,Atlas Group - New Business,Closed Lost,27347,2024-04-19,2023-09-21,Event,Omitted,False,True,CompetitorC,Price,42,,New Business,2023-09-21T00:00:00
4826,580,9,Global Analytics - New Business,Closed Lost,,2024-06-28,2024-02-27,Webinar,Omitted,False,True,CompetitorA,Feature Gap,45,,New Business,2024-02-27T00:00:00
4827,219,16,Synergy Labs - Initial License,Proposal,600908,2024-07-12,2024-06-01,Outbound - AE,Best Case,False,False,,,28,POC setup,New Business,2024-06-01T00:00:00
4828,369,2,Pacific Solutions - Initial License,Closed Lost,19997,2024-12-28,2024-09-10,Product-Led,Omitted,False,True,CompetitorA,Competitor,24,,New Business,2024-09-10T00:00:00
4829,25,14,Apex Solutions - Platform Deal,Closed Lost,34601,2023-11-05,2023-05-03,Partner Referral,Omitted,False,True,CompetitorC,No Decision,47,,New Business,2023-05-03T00:00:00
4830,616,13,Vertex Enterprises - Platform Deal,Closed Lost,37494,2024-12-31,2024-09-10,Webinar,Omitted,False,True,Open Source Alternative,Competitor,32,,New Business,2024-09-10T00:00:00
4831,582,9,Quantum Technologies - Contract Renewal,Discovery,914160,2023-10-03,2023-04-09,Product-Led,Pipeline,False,False,CompetitorE,,8,Reference call,Renewal,2023-04-09T00:00:00
4832,350,1,Atlas Group - Platform Deal,Proposal,64434,2025-04-13,2024-11-28,Inbound - Content,Best Case,False,False,,,25,Technical review,New Business,2024-11-28T00:00:00
4833,859,16,Catalyst Inc - Initial License,Closed Lost,27520,2024-12-31,2024-09-07,Inbound - Content,Omitted,False,True,,No Decision,48,,New Business,2024-09-07T00:00:00
4834,158,14,Pinnacle Holdings - Platform Deal,Closed Won,18524,2024-06-16,2023-12-19,Webinar,Closed,True,True,CompetitorB,,49,,New Business,2023-12-19T00:00:00
4835,886,14,Summit Solutions - New Business,Closed Lost,64418,2024-01-20,2023-09-08,Product-Led,Omitted,False,True,CompetitorD,Feature Gap,14,,New Business,2023-09-08T00:00:00
4836,593,12,Global Labs - New Business,Qualification,45801,2023-09-09,2023-01-21,Webinar,Best Case,False,False,CompetitorD,,42,,New Business,2023-01-21T00:00:00
4837,252,10,Optima Solutions - Platform Deal,Closed Won,29815,2022-05-21,2022-03-12,Inbound - Content,Closed,True,True,Open Source Alternative,,43,,New Business,2022-03-12T00:00:00
4838,799,10,Atlas Platforms - Platform Deal,Prospecting,43190,2023-02-12,2022-11-01,Outbound - SDR,Pipeline,False,False,,,6,,New Business,2022-11-01T00:00:00
4839,559,4,Nexus Technologies - New Business,Closed Won,182692,2023-12-22,2023-09-19,,Closed,True,True,,,32,,New Business,2023-09-19T00:00:00
4840,149,15,Quantum Labs - New Business,Prospecting,49991,2025-09-23,2024-12-27,,Pipeline,False,False,,,2,Send proposal,New Business,2024-12-27T00:00:00
4841,698,7,Nova Digital - Additional Seats,Closed Lost,250044,2024-12-02,2024-07-22,Inbound - Web,Omitted,False,True,Open Source Alternative,Timing,46,,Expansion,2024-07-22T00:00:00
4842,128,14,Pinnacle Inc - New Business,Discovery,50365,2025-02-18,2024-11-01,Outbound - AE,Pipeline,False,False,CompetitorB,,56,,New Business,2024-11-01T00:00:00
4843,590,12,Quantum Enterprises - Platform Deal,Qualification,10434,2024-09-30,2024-05-07,Webinar,Best Case,False,False,CompetitorC,,15,Technical review,New Business,2024-05-07T00:00:00
4844,293,10,Zenith Digital - New Business,Negotiation,29911,2022-10-27,2022-02-28,Inbound - Content,Commit,False,False,,,63,Schedule demo,New Business,2022-02-28T00:00:00
4845,953,8,Pinnacle Digital - Platform Deal,Closed Won,199784,2024-01-06,2023-08-22,Partner Referral,Closed,True,True,,,20,,New Business,2023-08-22T00:00:00
4846,442,1,Fusion Digital - Initial License,Qualification,,2024-11-30,2024-10-07,Outbound - SDR,Best Case,False,False,,,2,Reference call,New Business,2024-10-07T00:00:00
4847,246,3,Fusion Labs - Platform Deal,Prospecting,726094,2023-02-03,2022-11-20,Inbound - Content,Pipeline,False,False,,,10,Reference call,New Business,2022-11-20T00:00:00
4848,406,3,Global Digital - New Business,Qualification,20544,2023-05-10,2022-10-01,Outbound - AE,Best Case,False,False,,,27,Legal review,New Business,2022-10-01T00:00:00
194,469,16,Pacific Software - New Business,Closed Won,5950,2024-12-17,2024-11-04,Partner Referral,Closed,True,True,Open Source Alternative,,57,,New Business,2024-11-04T00:00:00
4850,356,1,Nova Software - Contract Renewal,Closed Lost,624783,2023-07-01,2023-07-04,Webinar,Omitted,False,True,CompetitorB,Price,11,,Renewal,2023-07-04T00:00:00
4851,754,5,Elevate Inc - Platform Deal,Discovery,34657,2024-11-28,2024-05-17,Event,Pipeline,False,False,CompetitorA,,35,Schedule demo,New Business,2024-05-17T00:00:00
3919,497,11,Vertex Services - Initial License,Proposal,40247,2024-11-21,2024-10-19,Event,Best Case,False,False,,,6,Reference call,New Business,2024-10-19T00:00:00
4853,54,15,Vertex Holdings - Platform Deal,Closed Lost,134506,2024-12-31,2024-11-15,Outbound - AE,Omitted,False,True,CompetitorA,Feature Gap,42,,New Business,2024-11-15T00:00:00
4854,874,16,Quantum Services - New Business,Qualification,30861,2022-11-19,2022-06-01,Event,Best Case,False,False,Open Source Alternative,,26,Reference call,New Business,2022-06-01T00:00:00
4855,372,15,Pinnacle Group - Platform Deal,Proposal,,2024-03-30,2023-12-18,Event,Best Case,False,False,CompetitorD,,9,Technical review,New Business,2023-12-18T00:00:00
4856,587,1,Atlas Dynamics - Contract Renewal,Qualification,775589,2025-03-29,2024-12-14,Outbound - AE,Best Case,False,False,CompetitorE,,39,Technical review,Renewal,2024-12-14T00:00:00
4857,827,16,Fusion Software - Platform Deal,Qualification,48404,2022-09-07,2022-07-03,Outbound - AE,Best Case,False,False,CompetitorD,,36,POC setup,New Business,2022-07-03T00:00:00
3759,426,6,Nexus Group - Platform Deal,Proposal,67433,2022-07-29,2021-11-11,Product-Led,Best Case,False,False,CompetitorE,,31,Send proposal,New Business,2021-11-11T00:00:00
4859,772,6,Summit Partners - Initial License,Closed Won,8204,2023-06-16,2022-10-19,Partner Referral,Closed,True,True,,,8,,New Business,2022-10-19T00:00:00
4860,393,6,Vertex Holdings - Platform Deal,Qualification,66865,2025-02-24,2024-12-08,Outbound - SDR,Best Case,False,False,,,35,Legal review,New Business,2024-12-08T00:00:00
4861,823,2,Synergy Software - New Business,Prospecting,116136,2024-04-14,2023-10-19,Partner Referral,Pipeline,False,False,CompetitorC,,43,Contract signing,New Business,2023-10-19T00:00:00
4862,175,3,Pinnacle Solutions - New Business,Closed Lost,17218,2024-06-19,2024-04-16,Outbound - SDR,Omitted,False,True,CompetitorC,Champion Left,34,,New Business,2024-04-16T00:00:00
4863,833,7,Velocity Digital - Initial License,Discovery,65010,2022-11-23,2022-08-31,Partner Referral,Pipeline,False,False,CompetitorE,,36,Technical review,New Business,2022-08-31T00:00:00
4864,487,14,Zenith Corp - Initial License,Closed Won,30579,2024-12-31,2024-12-17,Outbound - AE,Closed,True,True,,,65,,New Business,2024-12-17T00:00:00
4865,638,5,Synergy Networks - New Business,Prospecting,137103,2024-11-04,2024-04-14,Outbound - AE,Pipeline,False,False,CompetitorD,,2,Legal review,New Business,2024-04-14T00:00:00
4866,809,3,Nexus Networks - Platform Deal,Qualification,34329,2021-08-22,2020-12-01,Partner Referral,Best Case,False,False,CompetitorC,,35,,New Business,2020-12-01T00:00:00
4867,420,11,Nexus Systems - Contract Renewal,Qualification,62212,2024-04-12,2023-12-17,Product-Led,Best Case,False,False,Open Source Alternative,,69,,Renewal,2023-12-17T00:00:00
4868,828,13,Quantum Systems - New Business,Proposal,49931,2023-02-12,2022-06-16,Webinar,Best Case,False,False,CompetitorC,,76,Legal review,New Business,2022-06-16T00:00:00
4869,101,16,Fusion Platforms - Platform Deal,Proposal,77118,2024-08-26,2024-03-06,Outbound - AE,Best Case,False,False,,,13,POC setup,New Business,2024-03-06T00:00:00
4870,93,12,Fusion Holdings - New Business,Prospecting,46582,2022-02-05,2021-12-02,Inbound - Content,Pipeline,False,False,CompetitorC,,3,Executive alignment,New Business,2021-12-02T00:00:00
4871,889,14,Summit Technologies - Initial License,Prospecting,264861,2023-04-12,2022-08-31,Inbound - Web,Pipeline,False,False,,,78,,New Business,2022-08-31T00:00:00
4872,37,9,Elevate Labs - Initial License,Closed Won,58388,2024-12-31,2024-09-17,Product-Led,Closed,True,True,,,11,,New Business,2024-09-17T00:00:00
4873,325,6,Pacific Corp - Platform Deal,Qualification,9300,2024-04-27,2024-03-02,Inbound - Web,Best Case,False,False,Open Source Alternative,,24,Executive alignment,New Business,2024-03-02T00:00:00
4874,919,3,Velocity Platforms - Platform Deal,Prospecting,855137,2023-03-21,2022-10-26,Partner Referral,Pipeline,False,False,CompetitorD,,14,Schedule demo,New Business,2022-10-26T00:00:00
4875,337,5,Optima Analytics - New Business,Prospecting,158630,2024-04-20,2023-08-17,Outbound - AE,Pipeline,False,False,,,46,Send proposal,New Business,2023-08-17T00:00:00
4876,970,9,Quantum Networks - Platform Deal,Closed Lost,36732,2024-12-31,2024-12-25,Outbound - SDR,Omitted,False,True,CompetitorA,Lost to Status Quo,39,,New Business,2024-12-25T00:00:00
4877,394,8,Optima Enterprises - New Business,Closed Lost,62734,2023-07-22,2023-04-04,Event,Omitted,False,True,,Champion Left,58,,New Business,2023-04-04T00:00:00
56,455,1,Catalyst Services - New Business,Prospecting,19633,2024-07-04,2023-10-13,Webinar,Pipeline,False,False,CompetitorE,,9,Contract signing,New Business,2023-10-13T00:00:00
4879,872,15,Global Platforms - Platform Deal,Prospecting,28181,2024-10-01,2024-03-14,Inbound - Content,Pipeline,False,False,CompetitorA,,44,Contract signing,New Business,2024-03-14T00:00:00
4880,979,10,Optima Enterprises - Platform Deal,Negotiation,129234,2025-02-25,2024-11-05,,Commit,False,False,CompetitorB,,51,Technical review,New Business,2024-11-05T00:00:00
4881,224,1,Fusion Digital - Platform Deal,Qualification,148455,2023-11-10,2023-06-22,Inbound - Web,Best Case,False,False,CompetitorB,,26,POC setup,New Business,2023-06-22T00:00:00
4882,442,10,Fusion Digital - Initial License,Negotiation,37765,2022-10-28,2022-06-12,Webinar,Commit,False,False,,,44,Contract signing,New Business,2022-06-12T00:00:00
4883,26,13,Acme Inc - Initial License,Discovery,17694,2025-02-01,2024-07-12,Product-Led,Pipeline,False,False,,,40,Schedule demo,New Business,2024-07-12T00:00:00
4884,49,8,Elevate Group - Platform Deal,Negotiation,12115,2024-12-05,2024-05-31,Inbound - Web,Commit,False,False,Open Source Alternative,,3,Legal review,New Business,2024-05-31T00:00:00
4885,704,3,Quantum Partners - Platform Deal,Proposal,227562,2022-10-20,2022-07-24,Outbound - SDR,Best Case,False,False,CompetitorE,,39,Send proposal,New Business,2022-07-24T00:00:00
4886,379,4,Synergy Systems - New Business,Qualification,45482,2025-06-14,2024-10-28,Outbound - AE,Best Case,False,False,,,11,,New Business,2024-10-28T00:00:00
4887,39,2,Acme Software - Platform Deal,Closed Lost,175553,2024-12-31,2024-09-14,Inbound - Content,Omitted,False,True,CompetitorA,Feature Gap,35,,New Business,2024-09-14T00:00:00
4888,815,4,Quantum Dynamics - Initial License,Qualification,45699,2023-01-25,2022-07-26,Webinar,Best Case,False,False,,,20,Reference call,New Business,2022-07-26T00:00:00
4889,864,16,Summit Digital - Initial License,Qualification,28459,2025-03-31,2024-12-10,Product-Led,Best Case,False,False,Open Source Alternative,,7,POC setup,New Business,2024-12-10T00:00:00
4890,454,11,Quantum Software - New Business,Discovery,10027,2024-02-29,2023-10-29,Outbound - SDR,Pipeline,False,False,CompetitorB,,3,,New Business,2023-10-29T00:00:00
4891,45,8,Quantum Software - New Business,Qualification,87985,2024-07-16,2024-05-03,Webinar,Best Case,False,False,,,54,Technical review,New Business,2024-05-03T00:00:00
4892,864,10,Summit Digital - New Business,Prospecting,43455,2025-07-12,2024-11-09,,Pipeline,False,False,CompetitorD,,5,Technical review,New Business,2024-11-09T00:00:00
4893,520,12,Summit Analytics - Initial License,Closed Lost,81131,2024-12-31,2024-10-29,Event,Omitted,False,True,CompetitorC,Champion Left,47,,New Business,2024-10-29T00:00:00
4894,995,8,Vanguard Labs - New Business,Closed Lost,24029,2022-09-17,2022-02-22,Outbound - SDR,Omitted,False,True,,Champion Left,31,,New Business,2022-02-22T00:00:00
4895,395,9,Nexus Networks - Platform Deal,Proposal,36599,2024-10-05,2024-03-03,Partner Referral,Best Case,False,False,,,56,Schedule demo,New Business,2024-03-03T00:00:00
4896,172,16,Acme Networks - Initial License,Closed Lost,103925,2024-12-31,2024-12-15,Inbound - Web,Omitted,False,True,Open Source Alternative,Timing,57,,New Business,2024-12-15T00:00:00
4897,57,15,Nexus Corp - Renewal,Qualification,25483,2024-10-25,2024-08-13,Webinar,Best Case,False,False,CompetitorB,,17,Legal review,Renewal,2024-08-13T00:00:00
4898,653,1,Vertex Networks - Platform Deal,Prospecting,67074,2022-05-05,2022-03-28,Partner Referral,Pipeline,False,False,CompetitorB,,27,Schedule demo,New Business,2022-03-28T00:00:00
4899,839,13,Quantum Solutions - New Business,Closed Lost,,2024-06-24,2023-12-15,Event,Omitted,False,True,CompetitorA,Budget Cut,64,,New Business,2023-12-15T00:00:00
4900,558,7,Apex Enterprises - Initial License,Prospecting,301975,2024-08-30,2024-03-12,Inbound - Web,Pipeline,False,False,CompetitorB,,30,POC setup,New Business,2024-03-12T00:00:00
4901,606,7,Pinnacle Solutions - Platform Deal,Prospecting,14628,2024-12-12,2024-10-15,Event,Pipeline,False,False,CompetitorD,,25,Reference call,New Business,2024-10-15T00:00:00
4902,983,9,Atlas Dynamics - New Business,Closed Lost,30066,2024-09-27,2024-02-20,Outbound - AE,Omitted,False,True,CompetitorA,Competitor,31,,New Business,2024-02-20T00:00:00
3541,68,11,Global Partners - Upsell,Qualification,187200,2024-01-27,2024-02-04,Inbound - Content,Best Case,False,False,Open Source Alternative,,37,Send proposal,Expansion,2024-02-04T00:00:00
4904,342,4,Optima Group - New Business,Proposal,176495,2024-12-30,2024-05-11,Product-Led,Best Case,False,False,CompetitorC,,3,Contract signing,New Business,2024-05-11T00:00:00
4905,463,14,Global Partners - Platform Deal,Proposal,77836,2024-04-23,2023-09-18,Partner Referral,Best Case,False,False,,,77,,New Business,2023-09-18T00:00:00
4906,973,10,Pacific Corp - Additional Seats,Closed Won,7796,2023-03-25,2022-08-14,Outbound - SDR,Closed,True,True,,,18,,Expansion,2022-08-14T00:00:00
4907,195,16,Zenith Holdings - Platform Deal,Discovery,28302,2024-09-28,2024-06-04,Outbound - AE,Pipeline,False,False,CompetitorD,,22,,New Business,2024-06-04T00:00:00
4908,810,2,Fusion Partners - Platform Deal,Closed Lost,78341,2024-03-25,2024-02-10,Outbound - AE,Omitted,False,True,CompetitorD,Budget Cut,17,,New Business,2024-02-10T00:00:00
3764,745,10,Vanguard Software - New Business,Discovery,42337,2023-06-06,2023-02-05,Outbound - AE,Pipeline,False,False,Open Source Alternative,,38,,New Business,2023-02-05T00:00:00
4910,316,2,Fusion Enterprises - Platform Deal,Discovery,71644,2024-04-14,2024-01-15,Inbound - Content,Pipeline,False,False,,,42,Technical review,New Business,2024-01-15T00:00:00
4911,468,13,Vertex Solutions - Expansion,Proposal,112762,2025-05-28,2024-12-03,Product-Led,Best Case,False,False,Open Source Alternative,,54,Reference call,Expansion,2024-12-03T00:00:00
4912,31,11,Atlas Technologies - Platform Deal,Closed Won,10695,2022-12-21,2022-07-05,,Closed,True,True,CompetitorB,,30,,New Business,2022-07-05T00:00:00
4913,958,12,Pinnacle Digital - Expansion,Discovery,25187,2024-04-22,2023-11-25,Event,Pipeline,False,False,CompetitorD,,49,Send proposal,Expansion,2023-11-25T00:00:00
4914,245,5,Global Labs - New Business,Qualification,5404,2024-10-03,2024-05-17,Outbound - AE,Best Case,False,False,CompetitorE,,7,Contract signing,New Business,2024-05-17T00:00:00
4915,709,10,Vanguard Partners - Expansion,Discovery,3105,2025-03-26,2024-09-15,Inbound - Web,Pipeline,False,False,CompetitorD,,55,Reference call,Expansion,2024-09-15T00:00:00
4916,180,15,Quantum Digital - Initial License,Closed Lost,34853,2024-12-31,2024-10-18,Outbound - AE,Omitted,False,True,CompetitorE,Budget Cut,30,,New Business,2024-10-18T00:00:00
4917,399,3,Nexus Corp - Platform Deal,Qualification,12687,2025-07-03,2024-11-11,Inbound - Web,Best Case,False,False,,,14,Executive alignment,New Business,2024-11-11T00:00:00
4918,437,15,Velocity Holdings - Initial License,Discovery,16276,2025-03-26,2024-10-28,Partner Referral,Pipeline,False,False,Open Source Alternative,,49,Executive alignment,New Business,2024-10-28T00:00:00
4919,129,3,Atlas Technologies - Upsell,Qualification,23147,2025-01-30,2024-11-15,Outbound - SDR,Best Case,False,False,,,32,Send proposal,Expansion,2024-11-15T00:00:00
4920,769,6,Global Platforms - Initial License,Discovery,42311,2023-08-22,2023-01-18,Webinar,Pipeline,False,False,CompetitorE,,39,Executive alignment,New Business,2023-01-18T00:00:00
4921,180,2,Quantum Digital - Platform Deal,Qualification,7211,2025-03-16,2024-11-29,Inbound - Web,Best Case,False,False,CompetitorD,,20,Reference call,New Business,2024-11-29T00:00:00
4922,920,4,Velocity Platforms - Initial License,Closed Lost,28949,2024-12-31,2024-11-11,Webinar,Omitted,False,True,,Lost to Status Quo,40,,New Business,2024-11-11T00:00:00
4923,70,4,Velocity Digital - Platform Deal,Prospecting,20259,2024-11-04,2024-09-08,Webinar,Pipeline,False,False,,,32,Reference call,New Business,2024-09-08T00:00:00
4924,693,12,Nova Platforms - New Business,Qualification,45755,2023-08-26,2023-07-10,Outbound - AE,Best Case,False,False,CompetitorD,,14,POC setup,New Business,2023-07-10T00:00:00
4925,387,4,Fusion Systems - New Business,Qualification,33719,2024-04-06,2023-08-15,Webinar,Best Case,False,False,,,41,Schedule demo,New Business,2023-08-15T00:00:00
4926,956,7,Elevate Technologies - Platform Deal,Proposal,43406,2024-11-19,2024-05-02,Outbound - SDR,Best Case,False,False,,,19,Send proposal,New Business,2024-05-02T00:00:00
4166,402,15,Global Holdings - Platform Deal,Closed Lost,23952,2024-09-03,2024-08-01,Product-Led,Omitted,False,True,CompetitorA,Lost to Status Quo,34,,New Business,2024-08-01T00:00:00
4928,637,3,Elevate Holdings - Platform Deal,Proposal,16231,2023-01-19,2022-09-22,Outbound - SDR,Best Case,False,False,CompetitorD,,10,Technical review,New Business,2022-09-22T00:00:00
4929,798,6,Acme Partners - Platform Deal,Discovery,41571,2025-04-06,2024-08-24,Outbound - SDR,Pipeline,False,False,,,5,Technical review,New Business,2024-08-24T00:00:00
4930,869,7,Catalyst Services - Platform Deal,Discovery,192880,2024-11-14,2024-04-05,Outbound - SDR,Pipeline,False,False,CompetitorE,,56,Contract signing,New Business,2024-04-05T00:00:00
4931,715,9,Global Labs - New Business,Qualification,6226,2024-01-09,2023-12-10,Outbound - AE,Best Case,False,False,CompetitorE,,9,Contract signing,New Business,2023-12-10T00:00:00
4932,959,16,Pinnacle Networks - Platform Deal,Closed Lost,53675,2024-12-31,2024-10-02,Product-Led,Omitted,False,True,CompetitorB,Budget Cut,40,,New Business,2024-10-02T00:00:00
4933,257,6,Synergy Labs - Additional Seats,Prospecting,34404,2023-01-22,2022-07-20,Outbound - SDR,Pipeline,False,False,CompetitorC,,25,,Expansion,2022-07-20T00:00:00
4934,481,1,Fusion Corp - New Business,Closed Lost,321070,2024-12-05,2024-11-06,,Omitted,False,True,,Competitor,19,,New Business,2024-11-06T00:00:00
4935,520,12,Summit Analytics - Additional Seats,Closed Lost,55742,2024-05-11,2024-04-04,Outbound - SDR,Omitted,False,True,CompetitorA,Competitor,67,,Expansion,2024-04-04T00:00:00
4936,397,10,Horizon Inc - Additional Seats,Qualification,22007,2021-10-23,2021-03-03,Outbound - AE,Best Case,False,False,CompetitorC,,64,Legal review,Expansion,2021-03-03T00:00:00
4937,653,8,Vertex Networks - New Business,Proposal,170518,2021-12-28,2021-12-30,Partner Referral,Best Case,False,False,CompetitorE,,27,Send proposal,New Business,2021-12-30T00:00:00
4938,558,7,Apex Enterprises - Initial License,Prospecting,433891,2024-08-04,2023-11-24,Outbound - SDR,Pipeline,False,False,CompetitorB,,24,Reference call,New Business,2023-11-24T00:00:00
4939,304,15,Horizon Systems - Platform Deal,Qualification,27864,2025-01-24,2024-11-05,Product-Led,Best Case,False,False,CompetitorC,,29,Contract signing,New Business,2024-11-05T00:00:00
4940,488,12,Nexus Technologies - Platform Deal,Discovery,130109,2025-06-16,2024-11-23,Inbound - Web,Pipeline,False,False,,,68,Reference call,New Business,2024-11-23T00:00:00
4941,869,12,Catalyst Services - New Business,Discovery,113129,2024-05-15,2023-10-11,Inbound - Web,Pipeline,False,False,,,18,Executive alignment,New Business,2023-10-11T00:00:00
4942,177,14,Vertex Labs - Initial License,Qualification,331831,2022-01-31,2021-11-09,Outbound - AE,Best Case,False,False,CompetitorC,,50,Send proposal,New Business,2021-11-09T00:00:00
4943,929,11,Vertex Services - New Business,Proposal,32725,2025-02-20,2024-07-30,Outbound - SDR,Best Case,False,False,CompetitorE,,58,Executive alignment,New Business,2024-07-30T00:00:00
4944,38,13,Elevate Corp - Platform Deal,Proposal,152056,2021-01-03,2020-11-16,Inbound - Content,Best Case,False,False,Open Source Alternative,,13,Technical review,New Business,2020-11-16T00:00:00
4945,995,2,Vanguard Labs - New Business,Discovery,28510,2022-04-13,2022-01-18,Outbound - SDR,Pipeline,False,False,CompetitorB,,9,,New Business,2022-01-18T00:00:00
4946,529,4,Nexus Platforms - New Business,Proposal,54380,2024-10-21,2024-06-02,Outbound - SDR,Best Case,False,False,CompetitorB,,41,Schedule demo,New Business,2024-06-02T00:00:00
521,212,12,Nexus Partners - New Business,Discovery,25845,2024-12-19,2024-08-07,Inbound - Web,Pipeline,False,False,,,69,,New Business,2024-08-07T00:00:00
4948,12,13,Nexus Software - Platform Deal,Prospecting,428312,2024-10-23,2024-06-08,Event,Pipeline,False,False,CompetitorD,,32,Reference call,New Business,2024-06-08T00:00:00
4949,140,5,Velocity Enterprises - Additional Seats,Qualification,73208,2024-11-07,2024-10-05,Partner Referral,Best Case,False,False,CompetitorC,,4,Schedule demo,Expansion,2024-10-05T00:00:00
4950,744,9,Pinnacle Platforms - Platform Deal,Discovery,136176,2023-12-20,2023-06-30,Inbound - Content,Pipeline,False,False,CompetitorC,,38,Executive alignment,New Business,2023-06-30T00:00:00
4951,163,9,Nexus Inc - Platform Deal,Closed Lost,108447,2024-12-31,2024-07-27,Outbound - SDR,Omitted,False,True,Open Source Alternative,Timing,38,,New Business,2024-07-27T00:00:00
4952,645,2,Zenith Enterprises - Platform Deal,Discovery,133546,2022-09-17,2022-08-11,Inbound - Content,Pipeline,False,False,CompetitorB,,3,Technical review,New Business,2022-08-11T00:00:00
4953,731,11,Horizon Holdings - Platform Deal,Qualification,21314,2025-01-23,2024-08-30,Webinar,Best Case,False,False,CompetitorE,,14,Send proposal,New Business,2024-08-30T00:00:00
4954,786,6,Quantum Solutions - New Business,Prospecting,54111,2025-04-07,2024-08-16,Partner Referral,Pipeline,False,False,,,57,Contract signing,New Business,2024-08-16T00:00:00
4955,445,5,Fusion Enterprises - New Business,Closed Lost,161362,2024-12-31,2024-12-25,Inbound - Content,Omitted,False,True,CompetitorE,Feature Gap,50,,New Business,2024-12-25T00:00:00
4956,632,5,Optima Solutions - New Business,Closed Won,13165,2023-12-28,2023-12-10,Partner Referral,Closed,True,True,,,42,,New Business,2023-12-10T00:00:00
3550,690,9,Synergy Technologies - Initial License,Prospecting,8968,2025-02-22,2024-08-08,Event,Pipeline,False,False,CompetitorD,,7,POC setup,New Business,2024-08-08T00:00:00
4958,299,3,Catalyst Solutions - Platform Deal,Qualification,219070,2025-07-22,2024-11-24,Partner Referral,Best Case,False,False,,,21,Send proposal,New Business,2024-11-24T00:00:00
4959,729,10,Acme Technologies - Initial License,Discovery,222563,2025-03-05,2024-06-13,Event,Pipeline,False,False,Open Source Alternative,,30,Technical review,New Business,2024-06-13T00:00:00
4960,143,3,Horizon Dynamics - New Business,Proposal,,2024-02-07,2023-07-20,Inbound - Content,Best Case,False,False,,,29,,New Business,2023-07-20T00:00:00
4961,377,1,Atlas Systems - Initial License,Closed Lost,188946,2024-03-23,2023-12-04,Webinar,Omitted,False,True,CompetitorC,Price,16,,New Business,2023-12-04T00:00:00
4962,593,13,Global Labs - Upsell,Discovery,14349,2024-08-13,2024-04-06,Webinar,Pipeline,False,False,CompetitorD,,25,,Expansion,2024-04-06T00:00:00
4963,101,16,Fusion Platforms - Expansion,Qualification,36729,2024-11-26,2024-09-10,Outbound - SDR,Best Case,False,False,CompetitorB,,33,Legal review,Expansion,2024-09-10T00:00:00
1711,321,15,Horizon Labs - Platform Deal,Negotiation,109822,2025-05-30,2024-10-16,Product-Led,Commit,False,False,,,62,Reference call,New Business,2024-10-16T00:00:00
4965,89,15,Quantum Systems - Renewal,Prospecting,9275,2022-12-06,2022-07-15,Outbound - AE,Pipeline,False,False,CompetitorD,,27,Contract signing,Renewal,2022-07-15T00:00:00
4966,326,4,Atlas Networks - New Business,Qualification,97290,2025-03-19,2024-10-03,Product-Led,Best Case,False,False,Open Source Alternative,,12,Contract signing,New Business,2024-10-03T00:00:00
4967,658,6,Vanguard Software - New Business,Closed Lost,23422,2024-12-31,2024-11-03,Outbound - SDR,Omitted,False,True,CompetitorB,Price,58,,New Business,2024-11-03T00:00:00
4968,592,4,Nexus Labs - Platform Deal,Closed Lost,128145,2023-12-03,2023-09-28,Inbound - Content,Omitted,False,True,,No Decision,36,,New Business,2023-09-28T00:00:00
4969,888,9,Global Platforms - New Business,Qualification,230524,2021-05-14,2020-10-07,Webinar,Best Case,False,False,CompetitorE,,51,Contract signing,New Business,2020-10-07T00:00:00
4970,406,9,Global Digital - Platform Deal,Proposal,46603,2021-03-25,2020-08-03,Inbound - Web,Best Case,False,False,,,21,Reference call,New Business,2020-08-03T00:00:00
4971,774,4,Catalyst Group - Expansion,Closed Won,4113,2024-06-27,2024-03-03,Event,Closed,True,True,,,55,,Expansion,2024-03-03T00:00:00
4972,113,5,Acme Services - New Business,Prospecting,19286,2025-04-12,2024-12-10,Inbound - Content,Pipeline,False,False,Open Source Alternative,,24,Legal review,New Business,2024-12-10T00:00:00
4973,833,7,Velocity Digital - New Business,Qualification,86807,2023-06-23,2022-10-11,Inbound - Web,Best Case,False,False,CompetitorE,,17,,New Business,2022-10-11T00:00:00
4974,573,14,Summit Group - Initial License,Closed Lost,60502,2024-12-31,2024-08-04,Outbound - AE,Omitted,False,True,CompetitorA,Lost to Status Quo,8,,New Business,2024-08-04T00:00:00
4975,154,3,Acme Inc - New Business,Qualification,82258,2023-02-04,2022-12-28,Inbound - Content,Best Case,False,False,Open Source Alternative,,3,Technical review,New Business,2022-12-28T00:00:00
4976,23,6,Pacific Software - Initial License,Closed Lost,23596,2024-07-07,2024-05-08,Inbound - Content,Omitted,False,True,,Feature Gap,55,,New Business,2024-05-08T00:00:00
4977,101,1,Fusion Platforms - New Business,Closed Won,68820,2024-09-20,2024-07-09,Webinar,Closed,True,True,CompetitorC,,29,,New Business,2024-07-09T00:00:00
4978,938,5,Synergy Dynamics - Initial License,Proposal,21008,2024-12-26,2024-11-15,Product-Led,Best Case,False,False,CompetitorC,,16,Contract signing,New Business,2024-11-15T00:00:00
4979,325,6,Pacific Corp - New Business,Discovery,46878,2024-02-03,2023-10-15,Inbound - Content,Pipeline,False,False,CompetitorB,,45,Executive alignment,New Business,2023-10-15T00:00:00
4980,186,15,Acme Inc - New Business,Prospecting,101337,2024-05-12,2024-02-11,Inbound - Content,Pipeline,False,False,CompetitorE,,54,Send proposal,New Business,2024-02-11T00:00:00
4981,988,14,Catalyst Technologies - New Business,Closed Lost,145004,2024-02-12,2024-01-12,Inbound - Content,Omitted,False,True,CompetitorA,Timing,39,,New Business,2024-01-12T00:00:00
4982,627,11,Vanguard Services - Additional Seats,Closed Lost,3539,2024-12-31,2024-12-04,Partner Referral,Omitted,False,True,CompetitorB,No Decision,4,,Expansion,2024-12-04T00:00:00
4983,965,15,Zenith Technologies - Platform Deal,Qualification,22202,2021-11-11,2021-04-26,Inbound - Content,Best Case,False,False,CompetitorC,,39,,New Business,2021-04-26T00:00:00
4984,560,14,Quantum Systems - New Business,Discovery,53595,2023-07-22,2023-01-13,Product-Led,Pipeline,False,False,,,47,Legal review,New Business,2023-01-13T00:00:00
4985,307,10,Summit Partners - New Business,Negotiation,24903,2022-10-14,2022-07-09,Partner Referral,Commit,False,False,CompetitorB,,67,Send proposal,New Business,2022-07-09T00:00:00
4986,413,3,Pacific Labs - New Business,Prospecting,396047,2025-02-02,2024-12-17,Inbound - Content,Pipeline,False,False,,,24,Send proposal,New Business,2024-12-17T00:00:00
4987,431,13,Atlas Digital - Platform Deal,Proposal,33917,2025-06-15,2024-12-08,Partner Referral,Best Case,False,False,,,38,,New Business,2024-12-08T00:00:00
4988,598,8,Atlas Corp - Initial License,Closed Won,44976,2022-09-06,2022-06-01,Event,Closed,True,True,,,48,,New Business,2022-06-01T00:00:00
4989,354,11,Velocity Dynamics - Initial License,Discovery,24184,2024-02-25,2024-01-06,Outbound - SDR,Pipeline,False,False,CompetitorB,,46,Legal review,New Business,2024-01-06T00:00:00
4990,343,1,Velocity Networks - New Business,Prospecting,38831,2024-07-31,2024-04-20,Inbound - Web,Pipeline,False,False,,,1,Contract signing,New Business,2024-04-20T00:00:00
4991,135,8,Horizon Analytics - Platform Deal,Prospecting,24887,2025-04-03,2024-11-05,Outbound - SDR,Pipeline,False,False,,,2,Executive alignment,New Business,2024-11-05T00:00:00
4992,450,7,Summit Digital - New Business,Negotiation,40952,2023-10-07,2023-01-25,Product-Led,Commit,False,False,Open Source Alternative,,19,Reference call,New Business,2023-01-25T00:00:00
4993,753,3,Atlas Group - Platform Deal,Qualification,31161,2023-12-26,2023-06-29,Partner Referral,Best Case,False,False,CompetitorB,,6,Reference call,New Business,2023-06-29T00:00:00
4994,581,13,Synergy Inc - Renewal,Prospecting,160000,2024-02-11,2023-12-05,Event,Pipeline,False,False,CompetitorB,,4,Send proposal,Renewal,2023-12-05T00:00:00
4995,692,6,Velocity Partners - Platform Deal,Negotiation,12639,2022-02-08,2021-06-17,Outbound - SDR,Commit,False,False,CompetitorA,,49,Legal review,New Business,2021-06-17T00:00:00
4996,374,2,Pinnacle Enterprises - New Business,Closed Won,17508,2022-06-25,2022-06-13,Outbound - SDR,Closed,True,True,CompetitorC,,22,,New Business,2022-06-13T00:00:00
4997,788,13,Pacific Platforms - Platform Deal,Qualification,93391,2025-04-29,2024-09-18,Inbound - Content,Best Case,False,False,CompetitorC,,46,Send proposal,New Business,2024-09-18T00:00:00
4998,77,3,Vanguard Services - New Business,Discovery,196232,2025-03-06,2024-12-14,Event,Pipeline,False,False,CompetitorA,,40,Executive alignment,New Business,2024-12-14T00:00:00
4999,133,10,Synergy Enterprises - New Business,Discovery,15777,2025-02-23,2024-11-15,Product-Led,Pipeline,False,False,,,7,Contract signing,New Business,2024-11-15T00:00:00
5000,39,10,Acme Software - Platform Deal,Negotiation,137752,2025-01-02,2024-09-19,,Commit,False,False,,,67,Reference call,New Business,2024-09-19T00:00:00
