product_user_id,account_id,email,role,plan_tier,signup_date,last_active_date,is_active
1,154,uma.quinn@acmeinc.com,editor,starter,2024-06-01,2025-01-21,False
2,364,vince.evans@optimasolutions.com,admin,starter,2024-08-11,2025-02-20,True
3,243,mia.rivera@zenithdigital.com,admin,enterprise,2023-10-09,2025-02-11,True
4,124,ivy.kim@vertexholdings.com,viewer,free,2024-06-07,2025-02-28,False
5,927,ivy.ingram@apexservices.com,viewer,enterprise,2023-12-26,2025-02-12,True
6,596,frank.hall@fusionsolutions.com,editor,professional,2023-09-27,2025-02-14,True
7,529,bob.adams@nexusplatforms.com,viewer,starter,2021-09-01,2025-02-10,True
8,321,mia.park@horizonlabs.com,viewer,professional,2024-04-25,2025-02-12,True
9,453,xander.clark@nexusholdings.com,admin,professional,2024-02-13,2024-08-08,False
10,827,quinn.hall@fusionsoftware.com,editor,starter,2021-12-22,2022-03-03,False
11,723,hank.hall@nexusdigital.com,viewer,enterprise,2023-10-16,2025-02-07,True
12,513,bob.ingram@novasoftware.com,editor,enterprise,2023-12-24,2025-02-15,True
13,926,mia.miller@synergyinc.com,viewer,enterprise,2024-09-30,2025-01-30,True
14,956,,viewer,free,2024-02-07,2024-05-07,False
15,39,grace.ingram@acmesoftware.com,admin,professional,2024-11-19,2025-02-07,True
16,105,frank.lopez@fusionpartners.com,editor,starter,2025-02-13,2025-02-07,True
17,98,ivy.clark@velocitysolutions.com,editor,free,2023-04-12,2024-01-21,False
18,735,hank.taylor@apexdynamics.com,viewer,professional,2023-10-18,2023-10-27,False
19,180,xander.hall@quantumdigital.com,editor,professional,2024-11-03,2024-11-15,False
20,972,karen.lopez@vertexholdings.com,editor,professional,2023-09-05,2025-02-21,True
21,216,hank.taylor@acmeenterprises.com,admin,professional,2024-12-21,2025-02-23,True
22,266,eve.owens@summitenterprises.com,viewer,professional,2024-03-03,2025-02-11,True
23,632,grace.kim@optimasolutions.com,editor,professional,2023-11-28,2025-02-22,True
24,795,bob.taylor@vertextechnologies.com,editor,professional,2025-02-23,2025-02-04,True
25,825,wendy.miller@apexenterprises.com,admin,free,2023-03-14,2023-08-20,False
26,125,tina.rivera@acmeplatforms.com,editor,professional,2022-04-19,2022-05-30,False
27,30,quinn.hall@fusionnetworks.com,viewer,free,2024-07-06,2025-02-20,True
28,539,frank.clark@summitsystems.com,viewer,starter,2021-06-04,2025-02-12,True
29,710,,editor,starter,2024-11-13,2025-02-05,True
30,140,steve.jones@velocityenterprises.com,editor,starter,2024-09-23,2025-02-14,True
31,469,hank.evans@pacificsoftware.com,editor,starter,2024-11-05,2025-02-28,False
32,608,paul.park@nexusservices.com,editor,professional,2024-04-25,2025-02-13,True
33,971,uma.davis@novaenterprises.com,editor,enterprise,2023-07-23,2025-02-05,True
34,825,dan.foster@apexenterprises.com,admin,free,2023-03-01,2023-12-01,False
35,953,bob.lopez@pinnacledigital.com,viewer,professional,2022-06-05,2025-01-30,True
36,775,steve.smith@nexuspartners.com,admin,starter,2024-10-16,2025-02-21,True
37,712,bob.kim@vertexsolutions.com,editor,free,2021-05-08,2025-01-30,True
38,983,tina.jones@atlasdynamics.com,viewer,free,2022-11-03,2023-08-21,False
39,934,leo.jones@elevateservices.com,admin,starter,2022-04-23,2025-02-21,True
40,817,alice.rivera@apexservices.com,editor,professional,2023-01-01,2025-02-12,True
41,404,quinn.rivera@catalysttechnologies.com,editor,professional,2024-06-10,2025-02-19,True
42,63,mia.rivera@quantumdynamics.com,viewer,starter,2024-05-09,2025-01-14,False
43,701,grace.clark@globalservices.com,admin,professional,2024-02-04,2025-02-13,True
44,522,grace.lopez@optimaplatforms.com,admin,starter,2023-05-05,2025-02-28,True
45,277,olivia.miller@vanguarddigital.com,editor,starter,2022-10-17,2023-01-26,False
46,556,nate.davis@vertexanalytics.com,admin,free,2023-09-13,2025-02-15,True
47,876,tina.rivera@optimagroup.com,editor,starter,2025-01-29,2025-02-21,True
48,451,jack.adams@novadigital.com,editor,starter,2024-05-22,2025-01-30,True
49,627,hank.ingram@vanguardservices.com,admin,professional,2024-10-20,2025-02-16,True
50,694,,editor,starter,2023-07-05,2025-02-27,True
51,142,bob.baker@summitdigital.com,editor,starter,2024-07-01,2025-02-28,True
52,45,rosa.nguyen@quantumsoftware.com,editor,starter,2023-08-08,2025-02-04,True
53,845,mia.park@velocitycorp.com,editor,free,2022-09-05,2023-08-15,False
54,650,jack.clark@pinnacleinc.com,viewer,enterprise,2024-10-01,2025-02-01,True
55,370,quinn.kim@summitsoftware.com,viewer,starter,2024-12-25,2025-02-05,True
56,675,mia.ingram@summitanalytics.com,viewer,free,2023-06-19,2024-06-15,False
57,182,grace.miller@catalystsolutions.com,admin,professional,2023-12-12,2025-02-05,True
58,886,paul.taylor@summitsolutions.com,admin,professional,2021-08-28,2025-02-21,True
59,764,carol.baker@pinnaclecorp.com,editor,professional,2021-06-27,2025-02-18,True
60,731,alice.kim@horizonholdings.com,editor,professional,2025-02-23,2025-02-18,True
61,893,tina.ingram@atlasinc.com,editor,professional,2024-11-17,2025-02-09,True
62,113,jack.owens@acmeservices.com,editor,free,2025-01-10,2025-02-28,False
63,124,paul.quinn@vertexholdings.com,editor,free,2024-12-28,2025-02-18,True
64,956,rosa.nguyen@elevatetechnologies.com,viewer,free,2024-05-11,2024-07-31,False
65,175,uma.garcia@pinnaclesolutions.com,editor,free,2024-06-07,2024-09-19,False
66,7,karen.lopez@catalystplatforms.com,editor,starter,2023-12-05,2025-02-23,True
67,126,bob.baker@nexusnetworks.com,viewer,professional,2024-07-19,2025-02-09,True
68,762,olivia.garcia@nexusenterprises.com,viewer,free,2024-08-03,2025-02-14,True
69,501,frank.jones@vertexnetworks.com,editor,professional,2024-05-30,2025-02-07,True
70,99,grace.taylor@fusiondigital.com,admin,professional,2023-02-28,2025-02-03,True
71,131,frank.hall@pinnacleholdings.com,viewer,enterprise,2024-11-29,2025-02-25,True
72,447,uma.davis@apexsolutions.com,editor,starter,2023-10-12,2025-02-07,True
73,964,xander.owens@elevatenetworks.com,editor,enterprise,2023-07-14,2025-02-06,True
74,479,paul.davis@globalanalytics.com,editor,free,2024-05-13,2024-11-26,False
75,619,leo.rivera@summitanalytics.com,viewer,professional,2024-11-26,2025-02-03,True
76,730,frank.owens@fusioninc.com,admin,starter,2023-05-06,2024-02-22,False
77,329,karen.quinn@horizondigital.com,admin,professional,2024-05-22,2024-09-24,False
78,522,uma.baker@optimaplatforms.com,editor,starter,2022-09-19,2025-02-02,True
79,910,wendy.lopez@zenithsoftware.com,admin,starter,2021-03-30,2025-02-10,True
80,388,karen.baker@catalystanalytics.com,editor,enterprise,2024-12-16,2025-02-24,True
81,878,carol.foster@catalystsystems.com,editor,enterprise,2024-04-10,2025-02-04,True
82,639,ivy.hall@fusionsoftware.com,viewer,free,2023-03-07,2025-02-03,True
83,987,wendy.smith@horizondigital.com,admin,starter,2024-07-09,2025-02-13,True
84,928,paul.adams@novaholdings.com,viewer,enterprise,2022-11-06,2025-01-30,True
85,99,hank.kim@fusiondigital.com,admin,professional,2022-08-15,2025-02-23,True
86,457,grace.ingram@nexusenterprises.com,editor,starter,2021-08-04,2025-02-22,True
87,425,jack.owens@pinnaclepartners.com,viewer,starter,2025-01-23,2025-02-20,True
88,51,dan.taylor@zenithservices.com,editor,professional,2025-01-10,2025-02-13,True
89,464,dan.taylor@summitnetworks.com,admin,professional,2025-02-20,2025-02-02,True
90,796,paul.garcia@summitservices.com,admin,free,2022-06-23,2025-02-11,True
91,781,leo.davis@apexenterprises.com,viewer,starter,2023-04-17,2023-06-20,False
92,762,ivy.adams@nexusenterprises.com,editor,free,2023-11-25,2025-02-19,True
93,893,karen.quinn@atlasinc.com,admin,professional,2024-09-01,2025-02-28,False
94,14,ivy.rivera@pacificenterprises.com,editor,professional,2024-02-28,2025-02-27,True
95,340,alice.foster@velocitynetworks.com,viewer,starter,2023-06-03,2025-02-02,True
96,670,hank.evans@atlaspartners.com,viewer,starter,2022-09-19,2025-02-23,True
97,765,leo.baker@novasoftware.com,viewer,professional,2023-06-24,2025-02-27,True
98,830,quinn.evans@velocityholdings.com,editor,starter,2023-08-25,2025-02-19,True
99,751,,editor,free,2024-01-27,2025-02-26,True
100,751,carol.jones@novadigital.com,editor,free,2024-04-17,2025-02-28,False
101,356,carol.owens@novasoftware.com,admin,enterprise,2024-05-26,2025-02-20,True
102,989,uma.smith@nexusholdings.com,admin,professional,2025-01-19,2025-02-28,True
103,513,nate.park@novasoftware.com,viewer,enterprise,2023-06-23,2024-05-04,False
104,835,ivy.taylor@vanguardenterprises.com,admin,professional,2024-12-06,2025-02-18,True
105,2,carol.lopez@fusionnetworks.com,admin,professional,2023-05-12,2025-02-11,True
106,143,dan.smith@horizondynamics.com,editor,professional,2021-06-13,2025-02-15,True
107,503,olivia.owens@pacificplatforms.com,editor,professional,2023-03-20,2025-02-15,True
108,567,hank.taylor@pacificdynamics.com,admin,starter,2024-08-26,2024-09-28,False
109,430,vince.evans@atlasnetworks.com,editor,free,2025-02-20,2025-02-10,True
110,843,mia.davis@vertexholdings.com,editor,starter,2023-07-29,2025-01-29,True
111,727,olivia.garcia@acmeservices.com,admin,professional,2021-03-14,2025-02-15,True
112,750,quinn.owens@horizonservices.com,admin,professional,2025-02-20,2025-02-28,False
113,745,jack.ingram@vanguardsoftware.com,editor,free,2023-04-06,2023-07-10,False
114,361,hank.garcia@velocityinc.com,editor,starter,2023-08-03,2025-02-19,True
115,778,,viewer,professional,2023-09-08,2024-08-25,False
116,544,jack.baker@horizonplatforms.com,viewer,enterprise,2024-09-09,2025-02-21,True
117,763,xander.nguyen@quantumsoftware.com,editor,enterprise,2022-11-28,2023-10-08,False
118,866,ivy.clark@optimaenterprises.com,editor,enterprise,2023-01-05,2025-02-08,True
119,910,olivia.quinn@zenithsoftware.com,editor,starter,2021-07-06,2021-09-19,False
120,17,hank.garcia@pacificlabs.com,admin,professional,2024-08-24,2025-02-21,True
121,692,mia.miller@velocitypartners.com,editor,professional,2021-09-21,2021-12-01,False
122,337,uma.adams@optimaanalytics.com,editor,enterprise,2022-10-14,2025-01-29,True
123,624,alice.kim@globalenterprises.com,viewer,free,2024-02-06,2025-02-28,True
124,362,quinn.adams@pacificlabs.com,viewer,free,2025-01-22,2025-02-26,True
125,839,nate.miller@quantumsolutions.com,viewer,starter,2024-04-14,2025-02-24,True
126,861,dan.evans@nexusholdings.com,admin,starter,2024-12-30,2025-02-25,True
127,782,jack.baker@atlasenterprises.com,viewer,professional,2024-06-26,2025-02-01,True
128,292,wendy.baker@velocityanalytics.com,viewer,professional,2024-08-31,2025-01-29,True
129,228,ivy.davis@summitservices.com,viewer,professional,2023-06-19,2025-02-21,True
130,418,bob.owens@fusionsystems.com,viewer,starter,2024-02-17,2025-02-03,True
131,249,quinn.garcia@acmedigital.com,editor,free,2024-01-05,2025-02-20,True
132,603,quinn.davis@acmedigital.com,viewer,professional,2024-09-16,2025-02-04,True
133,810,bob.garcia@fusionpartners.com,editor,starter,2024-03-20,2025-02-03,True
134,185,jack.jones@synergysoftware.com,admin,starter,2024-07-15,2025-02-27,True
135,591,vince.owens@catalystcorp.com,viewer,free,2024-09-04,2024-11-15,False
136,319,xander.smith@acmepartners.com,viewer,starter,2025-01-25,2025-02-11,True
137,464,uma.taylor@summitnetworks.com,editor,professional,2025-02-07,2025-02-26,True
138,689,karen.clark@catalystpartners.com,viewer,free,2021-10-07,2022-05-17,False
139,664,nate.clark@zenithdynamics.com,viewer,professional,2023-02-09,2025-01-30,True
140,102,mia.baker@apexinc.com,editor,starter,2024-05-26,2025-02-06,True
141,456,uma.hall@vertexplatforms.com,editor,starter,2024-12-27,2025-02-22,True
142,794,leo.hall@pacificenterprises.com,viewer,enterprise,2024-07-15,2024-11-15,False
143,63,ivy.park@quantumdynamics.com,admin,starter,2024-04-25,2025-02-28,False
144,377,paul.jones@atlassystems.com,viewer,enterprise,2024-07-16,2025-02-13,True
145,815,olivia.park@quantumdynamics.com,admin,starter,2024-06-11,2025-01-31,True
146,575,alice.kim@acmeenterprises.com,admin,enterprise,2024-04-27,2025-02-13,True
147,715,leo.foster@globallabs.com,editor,free,2023-10-08,2024-01-01,False
148,248,hank.owens@horizondigital.com,viewer,starter,2024-09-03,2025-02-21,True
149,507,steve.park@elevatenetworks.com,editor,enterprise,2023-12-30,2025-02-22,True
150,330,vince.kim@vertexpartners.com,admin,professional,2023-11-15,2025-02-11,True
151,290,xander.garcia@vertexpartners.com,viewer,free,2024-06-27,2025-02-13,True
152,2,mia.evans@fusionnetworks.com,viewer,professional,2021-03-04,2025-01-30,True
153,706,vince.baker@elevatesoftware.com,editor,enterprise,2023-08-17,2025-02-13,True
154,92,steve.rivera@acmelabs.com,viewer,starter,2022-10-13,2025-02-13,True
155,957,alice.evans@acmenetworks.com,admin,free,2025-01-01,2025-02-28,False
156,576,bob.ingram@catalystsoftware.com,editor,starter,2023-07-21,2023-11-07,False
157,115,eve.kim@pacificinc.com,editor,professional,2023-11-15,2025-02-22,True
158,45,rosa.hall@quantumsoftware.com,admin,starter,2024-01-13,2024-06-21,False
159,714,karen.kim@globalenterprises.com,editor,starter,2024-04-02,2025-02-14,True
160,937,xander.ingram@zenithinc.com,viewer,free,2024-05-28,2025-02-07,True
161,140,leo.adams@velocityenterprises.com,editor,starter,2024-08-26,2025-01-29,True
162,24,jack.ingram@quantumsystems.com,viewer,enterprise,2025-02-15,2025-02-28,False
163,998,karen.quinn@synergysolutions.com,viewer,professional,2024-07-06,2025-02-02,True
164,799,mia.quinn@atlasplatforms.com,admin,starter,2022-05-14,2025-02-22,True
165,468,nate.ingram@vertexsolutions.com,viewer,enterprise,2024-05-13,2025-02-26,True
166,534,xander.owens@horizonlabs.com,viewer,professional,2023-11-09,2025-02-16,True
167,970,rosa.taylor@quantumnetworks.com,admin,professional,2024-05-03,2025-02-26,True
168,102,bob.smith@apexinc.com,viewer,starter,2024-05-31,2025-02-03,True
169,79,karen.evans@nexuslabs.com,viewer,starter,2024-11-08,2024-12-10,False
170,503,dan.nguyen@pacificplatforms.com,viewer,professional,2021-12-09,2022-06-06,False
171,237,,viewer,free,2024-08-01,2025-02-02,True
172,946,alice.davis@synergysystems.com,viewer,professional,2024-08-29,2025-02-28,True
173,116,nate.davis@catalystplatforms.com,viewer,free,2021-09-08,2022-01-10,False
174,699,paul.davis@vertexanalytics.com,editor,starter,2024-12-01,2025-02-16,True
175,1,,viewer,free,2020-11-21,2025-02-25,True
176,764,leo.foster@pinnaclecorp.com,editor,professional,2022-05-23,2022-06-02,False
177,962,tina.baker@velocityinc.com,editor,enterprise,2024-07-06,2024-12-17,False
178,75,hank.clark@acmesystems.com,editor,starter,2023-03-12,2024-01-24,False
179,709,quinn.jones@vanguardpartners.com,viewer,professional,2022-06-07,2025-02-26,True
180,859,ivy.adams@catalystinc.com,admin,starter,2023-11-26,2024-11-09,False
181,271,dan.rivera@globallabs.com,admin,starter,2021-09-18,2025-02-16,True
182,953,grace.quinn@pinnacledigital.com,editor,professional,2024-04-08,2024-09-04,False
183,44,wendy.jones@apexinc.com,editor,starter,2024-02-29,2025-01-29,True
184,916,wendy.miller@fusionsolutions.com,editor,enterprise,2024-06-26,2025-02-05,True
185,628,uma.park@velocitygroup.com,viewer,free,2022-10-13,2025-02-01,True
186,332,rosa.baker@apexlabs.com,admin,free,2025-02-24,2025-02-28,False
187,298,steve.jones@summittechnologies.com,editor,enterprise,2024-12-31,2025-02-20,True
188,200,wendy.park@summitpartners.com,viewer,professional,2024-05-11,2024-10-13,False
189,495,tina.lopez@nexussolutions.com,admin,starter,2024-11-03,2024-12-20,False
190,212,,editor,free,2024-07-12,2025-02-10,True
191,382,quinn.rivera@vanguardservices.com,admin,starter,2025-02-12,2025-02-28,False
192,762,carol.evans@nexusenterprises.com,editor,free,2024-05-14,2025-02-07,True
193,824,alice.quinn@atlassolutions.com,viewer,enterprise,2024-12-05,2025-02-04,True
194,531,frank.hall@atlasservices.com,viewer,professional,2024-07-12,2025-02-06,True
195,303,paul.taylor@vanguardenterprises.com,viewer,starter,2022-02-28,2025-02-06,True
196,85,paul.adams@acmesystems.com,viewer,starter,2024-03-13,2024-08-12,False
197,139,leo.quinn@zenithsystems.com,editor,professional,2025-01-29,2025-02-28,True
198,190,rosa.park@pinnacledigital.com,viewer,enterprise,2021-06-23,2025-02-15,True
199,481,jack.owens@fusioncorp.com,viewer,starter,2024-02-13,2025-01-29,True
200,708,karen.davis@apexcorp.com,viewer,starter,2023-07-19,2024-05-30,False
201,362,paul.clark@pacificlabs.com,viewer,free,2024-05-13,2025-02-20,True
202,617,hank.miller@quantuminc.com,viewer,professional,2024-12-08,2025-02-28,False
203,508,bob.clark@atlassoftware.com,editor,professional,2024-04-26,2025-02-28,True
204,949,mia.baker@optimasoftware.com,viewer,professional,2021-06-23,2022-04-26,False
205,421,tina.davis@fusioninc.com,viewer,starter,2022-03-02,2025-02-08,True
206,412,olivia.owens@elevateanalytics.com,editor,professional,2024-10-23,2025-02-06,True
207,628,karen.lopez@velocitygroup.com,editor,free,2023-07-24,2025-02-28,True
208,574,paul.quinn@zenithsoftware.com,editor,enterprise,2024-07-28,2025-02-17,True
209,158,grace.baker@pinnacleholdings.com,editor,professional,2021-10-20,2025-02-07,True
210,29,vince.baker@optimaplatforms.com,admin,professional,2025-01-17,2025-02-19,True
211,345,dan.quinn@novaanalytics.com,viewer,professional,2024-07-08,2025-02-16,True
212,596,eve.ingram@fusionsolutions.com,editor,professional,2023-12-29,2025-02-20,True
213,261,vince.taylor@summitpartners.com,admin,professional,2024-11-12,2025-02-28,False
214,712,quinn.hall@vertexsolutions.com,admin,free,2022-10-01,2025-02-12,True
215,603,wendy.park@acmedigital.com,editor,professional,2024-02-10,2024-03-18,False
216,740,eve.owens@quantumnetworks.com,viewer,professional,2023-03-20,2024-03-10,False
217,186,hank.ingram@acmeinc.com,editor,enterprise,2023-11-25,2025-02-17,True
218,172,leo.jones@acmenetworks.com,viewer,professional,2022-10-27,2025-02-13,True
219,971,frank.garcia@novaenterprises.com,editor,enterprise,2023-09-26,2024-05-20,False
220,39,carol.park@acmesoftware.com,viewer,professional,2025-02-18,2025-02-21,True
221,3,nate.kim@synergysolutions.com,admin,professional,2021-08-01,2022-01-14,False
222,76,mia.garcia@optimasolutions.com,viewer,starter,2025-02-24,2025-02-24,True
223,398,tina.jones@velocitydynamics.com,editor,starter,2024-09-09,2024-12-12,False
224,790,carol.lopez@novapartners.com,viewer,professional,2024-11-26,2025-02-20,True
225,93,eve.ingram@fusionholdings.com,viewer,free,2023-11-22,2025-01-29,True
226,858,uma.taylor@quantumtechnologies.com,viewer,professional,2024-03-18,2025-02-05,True
227,362,tina.hall@pacificlabs.com,admin,free,2025-02-20,2025-02-27,True
228,824,carol.nguyen@atlassolutions.com,viewer,enterprise,2024-12-25,2025-02-14,True
229,710,xander.adams@quantumenterprises.com,editor,starter,2025-01-22,2025-02-28,False
230,684,quinn.foster@synergysolutions.com,viewer,enterprise,2024-02-24,2025-02-21,True
231,39,tina.foster@acmesoftware.com,viewer,professional,2024-07-19,2025-02-04,True
232,766,grace.evans@velocityservices.com,admin,professional,2023-10-16,2025-02-01,True
233,936,carol.jones@summitenterprises.com,viewer,professional,2023-11-10,2025-02-17,True
234,927,steve.davis@apexservices.com,editor,enterprise,2023-12-05,2025-02-10,True
235,536,hank.clark@horizonsolutions.com,editor,enterprise,2024-03-14,2025-02-14,True
236,398,olivia.nguyen@velocitydynamics.com,admin,starter,2025-02-05,2025-02-28,False
237,641,vince.ingram@quantumdynamics.com,viewer,free,2024-12-25,2025-01-29,True
238,536,frank.quinn@horizonsolutions.com,admin,enterprise,2023-12-08,2025-02-11,True
239,194,tina.miller@vanguardservices.com,viewer,professional,2024-10-18,2025-02-24,True
240,398,paul.rivera@velocitydynamics.com,viewer,starter,2024-12-28,2025-02-26,True
241,569,,editor,professional,2024-11-20,2025-02-11,True
242,470,ivy.smith@acmenetworks.com,viewer,professional,2023-09-06,2024-02-24,False
243,875,wendy.foster@apexpartners.com,viewer,professional,2023-05-05,2025-02-05,True
244,726,mia.smith@zenithdynamics.com,viewer,starter,2022-11-18,2025-02-01,True
245,182,,editor,professional,2024-11-02,2025-02-26,True
246,126,carol.foster@nexusnetworks.com,viewer,professional,2024-11-22,2025-02-01,True
247,832,grace.quinn@fusionenterprises.com,editor,enterprise,2024-08-18,2025-02-20,True
248,842,eve.jones@velocitypartners.com,viewer,starter,2021-03-17,2025-02-06,True
249,297,uma.clark@horizongroup.com,viewer,starter,2024-10-04,2025-02-02,True
250,725,vince.kim@elevateenterprises.com,admin,professional,2024-02-11,2025-02-23,True
251,607,eve.davis@horizonlabs.com,editor,professional,2025-01-04,2025-02-28,False
252,282,nate.owens@globalnetworks.com,editor,starter,2024-10-09,2025-01-31,True
253,315,dan.taylor@vanguardplatforms.com,admin,professional,2020-06-09,2025-02-14,True
254,368,frank.foster@zenithdynamics.com,admin,starter,2025-02-25,2025-02-22,True
255,715,olivia.baker@globallabs.com,editor,free,2023-12-12,2025-01-31,True
256,861,karen.evans@nexusholdings.com,viewer,starter,2025-01-22,2025-02-10,True
257,911,jack.owens@synergysolutions.com,editor,professional,2024-12-19,2025-01-30,True
258,633,jack.baker@acmecorp.com,editor,starter,2024-06-22,2025-02-28,True
259,778,eve.lopez@apexdigital.com,viewer,professional,2022-10-26,2025-02-27,True
260,4,olivia.rivera@vanguardplatforms.com,admin,starter,2025-01-31,2025-02-28,False
261,277,vince.jones@vanguarddigital.com,editor,starter,2022-04-29,2025-02-15,True
262,319,paul.evans@acmepartners.com,editor,starter,2025-01-15,2025-02-28,False
263,812,paul.hall@nexusdynamics.com,viewer,enterprise,2024-11-28,2025-02-01,True
264,43,hank.clark@velocitycorp.com,viewer,starter,2024-10-20,2025-02-03,True
265,725,nate.evans@elevateenterprises.com,admin,professional,2022-03-10,2025-02-05,True
266,747,,viewer,starter,2024-06-25,2025-02-19,True
267,422,frank.rivera@catalystsoftware.com,admin,starter,2023-10-20,2024-09-17,False
268,292,quinn.clark@velocityanalytics.com,editor,professional,2024-12-19,2025-02-28,False
269,945,mia.rivera@apexcorp.com,editor,starter,2024-07-18,2025-02-12,True
270,51,eve.quinn@zenithservices.com,editor,professional,2024-11-03,2025-02-08,True
271,757,rosa.rivera@acmeanalytics.com,editor,professional,2024-06-20,2025-02-20,True
272,137,vince.adams@catalystholdings.com,editor,starter,2023-07-15,2025-02-04,True
273,283,steve.owens@globalanalytics.com,editor,enterprise,2022-10-03,2023-05-02,False
274,161,ivy.smith@acmeholdings.com,admin,professional,2024-05-26,2025-02-07,True
275,768,carol.kim@pacificholdings.com,viewer,enterprise,2024-12-01,2025-02-27,True
276,713,ivy.owens@horizonholdings.com,editor,starter,2021-12-01,2025-02-02,True
277,599,eve.foster@synergysolutions.com,editor,starter,2024-12-30,2025-02-24,False
278,792,dan.hall@elevateservices.com,editor,starter,2024-11-09,2025-02-28,False
279,299,ivy.jones@catalystsolutions.com,editor,enterprise,2024-01-26,2024-09-25,False
280,155,bob.jones@horizondynamics.com,viewer,starter,2023-04-27,2023-09-02,False
281,427,tina.adams@atlaslabs.com,editor,enterprise,2024-11-22,2025-02-24,True
282,144,xander.hall@apexholdings.com,viewer,starter,2024-05-22,2025-02-09,True
283,948,bob.miller@globalplatforms.com,editor,enterprise,2024-10-25,2025-01-30,True
284,569,nate.adams@pinnaclegroup.com,editor,professional,2024-09-16,2025-02-13,True
285,698,uma.adams@novadigital.com,editor,enterprise,2025-02-07,2025-02-04,True
286,495,vince.davis@nexussolutions.com,viewer,starter,2024-03-01,2025-02-19,True
287,801,tina.davis@apexdynamics.com,editor,starter,2022-12-29,2025-02-09,True
288,768,uma.smith@pacificholdings.com,viewer,enterprise,2024-04-14,2025-01-06,False
289,921,karen.nguyen@pacificholdings.com,viewer,starter,2024-10-09,2025-02-19,True
290,879,frank.kim@synergycorp.com,editor,free,2022-11-11,2025-02-18,True
291,664,xander.quinn@zenithdynamics.com,admin,professional,2024-03-31,2025-02-28,True
292,840,ivy.taylor@nexusinc.com,editor,professional,2023-06-12,2024-05-29,False
293,569,alice.taylor@pinnaclegroup.com,viewer,professional,2024-10-16,2025-02-22,True
294,704,mia.jones@quantumpartners.com,editor,professional,2023-10-05,2025-02-20,True
295,757,nate.miller@acmeanalytics.com,viewer,professional,2024-11-07,2025-02-28,False
296,493,rosa.park@optimaservices.com,viewer,professional,2025-02-10,2025-02-16,True
297,461,grace.lopez@atlassoftware.com,viewer,starter,2023-04-05,2025-02-23,True
298,690,dan.nguyen@synergytechnologies.com,viewer,professional,2023-01-22,2023-04-20,False
299,809,frank.ingram@nexusnetworks.com,editor,starter,2023-11-26,2023-12-14,False
300,864,nate.evans@summitdigital.com,editor,free,2025-02-01,2025-02-28,False
301,378,carol.kim@vanguardnetworks.com,viewer,enterprise,2020-05-08,2025-02-20,True
302,940,eve.garcia@atlasgroup.com,viewer,starter,2024-01-17,2024-04-09,False
303,172,frank.kim@acmenetworks.com,viewer,professional,2023-07-10,2025-02-28,True
304,281,hank.adams@horizonsystems.com,editor,starter,2025-01-26,2025-02-16,True
305,344,dan.kim@optimacorp.com,admin,free,2022-10-23,2025-02-09,True
306,613,,admin,starter,2024-07-25,2025-02-18,True
307,922,mia.foster@vanguardservices.com,editor,free,2024-08-15,2025-02-24,True
308,644,olivia.jones@vertexsoftware.com,viewer,professional,2024-03-16,2025-01-30,True
309,345,steve.adams@novaanalytics.com,viewer,professional,2024-05-27,2025-02-17,True
310,414,mia.smith@velocitysystems.com,editor,enterprise,2023-07-27,2025-02-03,True
311,897,ivy.taylor@novaplatforms.com,viewer,free,2024-06-04,2025-02-10,True
312,448,paul.clark@quantumgroup.com,editor,enterprise,2024-04-15,2025-02-16,True
313,495,leo.park@nexussolutions.com,viewer,starter,2024-07-07,2025-02-24,True
314,935,hank.lopez@summitinc.com,viewer,professional,2023-02-22,2025-02-15,True
315,752,wendy.baker@optimatechnologies.com,editor,starter,2025-01-22,2025-02-28,False
316,278,dan.ingram@vanguardtechnologies.com,editor,free,2024-06-03,2025-02-18,True
317,470,nate.quinn@acmenetworks.com,viewer,professional,2024-06-13,2025-02-12,True
318,50,jack.kim@fusiontechnologies.com,admin,professional,2023-09-08,2023-11-03,False
319,889,hank.garcia@summittechnologies.com,admin,enterprise,2024-04-22,2025-02-28,False
320,987,quinn.lopez@horizondigital.com,editor,starter,2023-10-04,2025-02-21,True
321,612,tina.quinn@optimagroup.com,editor,professional,2024-06-25,2025-02-11,True
322,624,vince.owens@globalenterprises.com,editor,free,2024-10-20,2025-02-15,True
323,207,carol.foster@pinnaclenetworks.com,viewer,professional,2023-02-18,2025-02-14,True
324,96,karen.smith@atlastechnologies.com,admin,professional,2024-09-10,2025-02-07,True
325,348,bob.rivera@vanguardsolutions.com,admin,free,2025-01-01,2025-02-08,True
326,718,vince.clark@vertexnetworks.com,viewer,professional,2025-01-06,2025-02-15,True
327,681,grace.garcia@pacificsystems.com,editor,free,2021-08-23,2022-04-17,False
328,987,hank.miller@horizondigital.com,admin,starter,2024-08-02,2025-02-15,True
329,445,jack.davis@fusionenterprises.com,viewer,enterprise,2025-02-11,2025-02-15,True
330,206,nate.ingram@synergydigital.com,editor,professional,2022-07-03,2025-02-14,True
331,620,vince.owens@horizonlabs.com,editor,free,2024-10-30,2025-02-28,False
332,36,mia.kim@apexsolutions.com,viewer,free,2024-06-13,2025-02-17,True
333,979,mia.davis@optimaenterprises.com,editor,starter,2025-01-11,2025-02-28,False
334,341,ivy.ingram@elevatedigital.com,editor,professional,2022-05-07,2025-02-19,True
335,326,steve.davis@atlasnetworks.com,editor,professional,2022-10-25,2025-02-21,True
336,374,frank.garcia@pinnacleenterprises.com,admin,free,2022-05-19,2025-02-01,True
337,56,jack.nguyen@elevatetechnologies.com,editor,professional,2021-08-06,2022-06-22,False
338,775,dan.evans@nexuspartners.com,viewer,starter,2025-01-29,2025-02-12,True
339,603,xander.owens@acmedigital.com,admin,professional,2024-05-04,2025-02-28,False
340,54,xander.jones@vertexholdings.com,viewer,professional,2024-12-13,2025-02-26,True
341,623,grace.davis@summitplatforms.com,editor,enterprise,2021-01-06,2025-02-13,True
342,77,karen.nguyen@vanguardservices.com,viewer,starter,2024-05-27,2025-02-17,True
343,21,tina.ingram@vanguardholdings.com,editor,professional,2023-11-20,2025-02-12,True
344,275,paul.park@acmeinc.com,admin,enterprise,2023-06-08,2025-02-27,True
345,675,steve.hall@summitanalytics.com,editor,free,2024-04-27,2025-02-17,True
346,172,frank.evans@acmenetworks.com,viewer,professional,2023-11-30,2025-02-28,True
347,177,paul.davis@vertexlabs.com,viewer,enterprise,2022-08-11,2022-09-08,False
348,787,bob.hall@globalinc.com,viewer,professional,2024-12-20,2025-02-28,False
349,432,karen.baker@pinnaclecorp.com,viewer,free,2024-03-01,2025-01-29,True
350,975,dan.ingram@quantumholdings.com,editor,free,2024-09-24,2025-02-19,True
351,549,ivy.taylor@velocityplatforms.com,viewer,professional,2023-10-10,2025-02-22,True
352,179,xander.baker@quantumdynamics.com,viewer,enterprise,2020-11-16,2025-02-28,True
353,317,uma.park@vertexsystems.com,editor,professional,2023-04-18,2025-01-30,True
354,124,alice.ingram@vertexholdings.com,viewer,free,2025-01-15,2025-02-28,False
355,188,quinn.taylor@apexdynamics.com,viewer,starter,2022-02-01,2025-02-03,True
356,865,quinn.adams@synergysolutions.com,admin,free,2024-11-19,2025-02-03,True
357,306,hank.evans@synergycorp.com,editor,professional,2020-04-06,2020-05-09,False
358,934,rosa.quinn@elevateservices.com,admin,starter,2024-02-22,2025-01-31,True
359,235,carol.adams@synergynetworks.com,editor,starter,2024-08-08,2025-02-10,True
360,44,tina.nguyen@apexinc.com,viewer,starter,2023-12-14,2025-02-27,True
361,733,hank.lopez@synergygroup.com,viewer,professional,2023-07-27,2025-01-31,True
362,475,vince.lopez@acmedigital.com,admin,starter,2024-02-18,2025-02-12,True
363,974,,viewer,professional,2023-09-14,2023-12-10,False
364,756,nate.miller@acmetechnologies.com,editor,professional,2021-10-19,2025-02-21,True
365,355,eve.clark@zenithholdings.com,admin,professional,2021-12-29,2022-01-11,False
366,56,bob.park@elevatetechnologies.com,viewer,professional,2022-04-01,2025-02-11,True
367,218,karen.miller@fusionholdings.com,editor,starter,2025-01-08,2025-02-23,True
368,710,hank.kim@quantumenterprises.com,viewer,starter,2025-02-20,2025-02-28,False
369,380,rosa.lopez@pinnaclelabs.com,editor,professional,2022-06-07,2023-05-30,False
370,837,frank.davis@pinnacleholdings.com,editor,free,2023-10-13,2025-02-23,True
371,980,olivia.jones@vanguardservices.com,editor,professional,2024-04-19,2025-02-22,True
372,144,hank.davis@apexholdings.com,editor,starter,2024-09-13,2025-02-20,True
373,544,steve.adams@horizonplatforms.com,editor,enterprise,2024-09-20,2025-02-08,True
374,42,olivia.smith@fusionsolutions.com,editor,professional,2024-11-24,2025-02-06,True
375,34,alice.lopez@zenithanalytics.com,editor,free,2024-06-04,2025-02-09,True
376,50,alice.hall@fusiontechnologies.com,editor,professional,2025-01-28,2025-02-04,True
377,815,bob.adams@quantumdynamics.com,viewer,starter,2021-06-06,2025-02-24,True
378,7,leo.lopez@catalystplatforms.com,editor,starter,2022-01-13,2025-02-02,True
379,338,rosa.taylor@elevateservices.com,viewer,starter,2024-12-28,2025-01-30,True
380,157,xander.ingram@pacificpartners.com,viewer,free,2024-08-08,2025-02-22,True
381,847,,editor,professional,2024-03-19,2025-02-05,True
382,248,paul.park@horizondigital.com,viewer,starter,2025-02-02,2025-02-20,True
383,942,ivy.hall@vanguardsoftware.com,editor,professional,2024-10-28,2025-01-29,True
384,822,hank.rivera@novaplatforms.com,editor,enterprise,2024-09-08,2025-02-03,True
385,47,uma.park@synergypartners.com,editor,starter,2024-08-04,2025-02-19,True
386,238,quinn.owens@fusiongroup.com,admin,enterprise,2024-03-01,2025-02-28,True
387,764,olivia.quinn@pinnaclecorp.com,editor,professional,2023-05-16,2025-02-14,True
388,306,rosa.park@synergycorp.com,admin,professional,2023-06-15,2025-02-20,True
389,335,frank.park@pacificdigital.com,editor,starter,2024-04-29,2025-01-31,True
390,979,bob.park@optimaenterprises.com,editor,starter,2024-10-31,2025-02-06,False
391,472,rosa.kim@vanguardholdings.com,admin,free,2024-11-10,2025-02-20,True
392,805,eve.lopez@quantumdynamics.com,viewer,enterprise,2025-02-21,2025-02-24,True
393,107,hank.taylor@acmeplatforms.com,viewer,starter,2023-07-16,2024-05-06,False
394,6,bob.clark@novaholdings.com,viewer,starter,2025-02-03,2025-02-19,True
395,290,bob.lopez@vertexpartners.com,viewer,free,2024-08-14,2025-02-17,True
396,39,olivia.garcia@acmesoftware.com,viewer,professional,2024-12-23,2025-02-15,True
397,633,tina.foster@acmecorp.com,admin,starter,2024-12-03,2025-02-19,True
398,891,eve.davis@synergynetworks.com,viewer,enterprise,2024-02-19,2025-02-09,True
399,572,frank.evans@synergydigital.com,viewer,starter,2023-04-19,2025-02-20,True
400,368,paul.park@zenithdynamics.com,admin,starter,2024-12-21,2025-02-09,True
401,79,leo.evans@nexuslabs.com,admin,starter,2024-01-22,2025-01-29,True
402,341,steve.miller@elevatedigital.com,editor,professional,2023-03-14,2025-02-15,True
403,317,vince.lopez@vertexsystems.com,viewer,professional,2023-07-02,2025-02-26,True
404,310,frank.clark@optimasystems.com,admin,free,2024-05-20,2025-02-10,True
405,248,paul.owens@horizondigital.com,viewer,starter,2024-05-25,2025-02-18,True
406,325,,editor,professional,2024-10-07,2025-02-24,True
407,332,xander.smith@apexlabs.com,editor,free,2024-12-09,2025-02-20,True
408,39,tina.owens@acmesoftware.com,viewer,professional,2024-11-11,2025-02-28,False
409,986,bob.kim@nexussystems.com,editor,professional,2024-08-28,2025-02-18,False
410,906,bob.park@optimaanalytics.com,editor,enterprise,2024-09-01,2025-02-13,True
411,291,paul.garcia@summitenterprises.com,viewer,professional,2023-05-12,2025-01-30,True
412,101,steve.garcia@fusionplatforms.com,viewer,enterprise,2024-11-17,2025-02-01,True
413,384,rosa.miller@vanguarddigital.com,viewer,enterprise,2024-07-02,2025-02-16,True
414,254,rosa.adams@nexusplatforms.com,viewer,starter,2023-07-01,2025-01-29,True
415,462,frank.lopez@horizonenterprises.com,editor,professional,2024-06-23,2025-01-29,True
416,123,bob.miller@atlasinc.com,editor,professional,2021-12-18,2025-02-23,True
417,913,uma.rivera@globalnetworks.com,viewer,starter,2022-04-17,2025-02-18,True
418,725,olivia.kim@elevateenterprises.com,admin,professional,2023-08-25,2025-02-12,True
419,222,nate.evans@pinnaclecorp.com,viewer,enterprise,2021-12-31,2025-02-24,True
420,232,karen.garcia@globalenterprises.com,viewer,free,2025-01-02,2025-02-28,False
421,260,nate.taylor@novaservices.com,viewer,starter,2022-07-20,2022-09-01,False
422,883,frank.rivera@synergyservices.com,viewer,enterprise,2022-09-01,2023-07-12,False
423,569,hank.garcia@pinnaclegroup.com,admin,professional,2024-10-04,2025-02-24,True
424,202,,viewer,enterprise,2023-08-20,2025-02-20,True
425,33,quinn.quinn@horizonholdings.com,editor,professional,2022-12-21,2025-02-07,True
426,274,ivy.adams@optimadynamics.com,viewer,professional,2024-02-11,2025-02-14,True
427,871,carol.owens@globalnetworks.com,admin,enterprise,2023-10-26,2025-01-29,True
428,362,grace.owens@pacificlabs.com,admin,free,2024-07-12,2025-01-31,True
429,103,wendy.baker@pacificsystems.com,viewer,enterprise,2023-03-27,2025-02-13,True
430,147,wendy.miller@vanguardgroup.com,viewer,professional,2023-01-13,2025-02-09,True
431,345,bob.davis@novaanalytics.com,viewer,professional,2025-01-26,2025-01-30,True
432,355,paul.owens@zenithholdings.com,viewer,professional,2021-07-30,2025-02-15,True
433,779,,editor,starter,2024-12-12,2025-02-27,True
434,387,frank.hall@fusionsystems.com,admin,free,2022-05-27,2025-01-30,True
435,15,dan.smith@nexusinc.com,viewer,starter,2023-01-15,2025-02-24,True
436,17,karen.rivera@pacificlabs.com,editor,professional,2022-10-27,2025-02-20,True
437,535,xander.park@elevatelabs.com,viewer,starter,2023-12-18,2025-02-08,True
438,176,tina.davis@quantumpartners.com,admin,free,2024-08-09,2025-02-14,False
439,800,frank.davis@novadynamics.com,admin,starter,2022-09-06,2025-02-06,True
440,120,olivia.davis@summitholdings.com,admin,enterprise,2023-08-29,2025-01-29,True
441,934,rosa.foster@elevateservices.com,viewer,starter,2023-10-27,2025-02-06,True
442,48,,editor,enterprise,2023-06-05,2025-01-29,True
443,177,wendy.ingram@vertexlabs.com,admin,enterprise,2021-10-19,2025-02-18,True
444,32,uma.park@nexusnetworks.com,viewer,starter,2023-02-14,2023-05-23,False
445,876,olivia.smith@optimagroup.com,viewer,starter,2025-02-19,2025-02-06,True
446,718,uma.owens@vertexnetworks.com,editor,professional,2025-01-11,2025-01-29,True
447,837,ivy.smith@pinnacleholdings.com,viewer,free,2022-11-05,2023-07-20,False
448,248,dan.miller@horizondigital.com,viewer,starter,2024-04-06,2025-02-07,True
449,916,tina.jones@fusionsolutions.com,viewer,enterprise,2024-09-25,2025-02-25,True
450,485,leo.owens@apexdynamics.com,editor,professional,2025-02-24,2025-02-28,True
451,510,grace.clark@horizonsoftware.com,admin,starter,2024-04-02,2025-02-09,True
452,552,steve.baker@velocityanalytics.com,editor,starter,2024-03-28,2025-02-09,True
453,116,grace.jones@catalystplatforms.com,editor,free,2023-10-18,2025-02-19,True
454,844,quinn.foster@summitholdings.com,viewer,professional,2024-12-30,2025-02-07,True
455,614,frank.nguyen@fusiondynamics.com,admin,professional,2024-11-13,2025-02-28,False
456,748,carol.rivera@summitnetworks.com,viewer,professional,2023-05-05,2025-02-24,True
457,598,hank.davis@atlascorp.com,editor,starter,2024-09-20,2025-02-08,True
458,210,alice.taylor@synergyholdings.com,viewer,free,2023-12-01,2024-03-06,False
459,959,carol.adams@pinnaclenetworks.com,admin,professional,2024-10-12,2025-02-08,True
460,170,tina.owens@quantumlabs.com,viewer,professional,2023-03-02,2025-02-23,True
461,923,jack.miller@acmegroup.com,viewer,professional,2024-01-31,2025-02-06,True
462,207,jack.jones@pinnaclenetworks.com,viewer,professional,2024-11-11,2025-02-14,True
463,728,quinn.quinn@velocityenterprises.com,editor,free,2023-09-26,2025-01-31,True
464,942,hank.miller@vanguardsoftware.com,viewer,professional,2024-12-05,2025-01-31,True
465,222,xander.quinn@pinnaclecorp.com,viewer,enterprise,2020-12-29,2025-02-21,True
466,835,quinn.taylor@vanguardenterprises.com,editor,professional,2025-01-22,2025-02-21,True
467,591,vince.nguyen@catalystcorp.com,viewer,free,2022-08-04,2023-08-04,False
468,1,bob.taylor@elevatenetworks.com,editor,free,2021-05-17,2025-02-04,True
469,22,nate.garcia@atlasenterprises.com,viewer,starter,2023-06-15,2025-02-09,True
470,658,alice.evans@vanguardsoftware.com,viewer,starter,2024-12-16,2025-02-27,True
471,678,steve.jones@fusionpartners.com,editor,starter,2025-01-23,2025-02-19,True
472,995,xander.davis@vanguardlabs.com,editor,free,2025-01-21,2025-02-19,True
473,397,mia.quinn@horizoninc.com,admin,professional,2022-10-06,2025-02-03,True
474,574,jack.owens@zenithsoftware.com,editor,enterprise,2024-06-18,2025-02-18,True
475,742,hank.quinn@velocitynetworks.com,viewer,professional,2022-12-27,2025-02-23,True
476,1,vince.ingram@elevatenetworks.com,editor,free,2024-08-16,2025-02-14,True
477,582,paul.evans@quantumtechnologies.com,editor,enterprise,2023-07-22,2025-02-07,True
478,690,alice.park@synergytechnologies.com,viewer,professional,2025-02-21,2025-02-12,True
479,874,steve.foster@quantumservices.com,admin,professional,2024-02-26,2025-02-26,True
480,71,tina.kim@zenithenterprises.com,editor,starter,2025-01-10,2025-02-28,False
481,846,rosa.taylor@vanguardnetworks.com,viewer,professional,2021-10-04,2025-02-18,True
482,935,uma.miller@summitinc.com,admin,professional,2023-08-27,2025-02-07,True
483,526,,viewer,professional,2020-10-11,2025-02-25,True
484,887,karen.park@fusionsoftware.com,viewer,free,2023-03-29,2023-07-18,False
485,474,xander.taylor@catalystinc.com,viewer,free,2023-06-18,2025-02-27,True
486,500,mia.smith@vanguardplatforms.com,editor,professional,2025-01-08,2025-02-13,True
487,616,,viewer,starter,2025-01-10,2025-01-30,True
488,377,rosa.rivera@atlassystems.com,editor,enterprise,2024-04-07,2025-02-28,False
489,804,tina.kim@acmepartners.com,viewer,enterprise,2024-06-09,2024-12-27,False
490,488,tina.ingram@nexustechnologies.com,viewer,professional,2023-06-19,2025-02-05,True
491,500,bob.foster@vanguardplatforms.com,editor,professional,2024-12-13,2025-02-07,True
492,975,grace.garcia@quantumholdings.com,viewer,free,2025-02-24,2025-02-28,False
493,912,grace.taylor@nexusnetworks.com,viewer,starter,2024-11-20,2025-02-18,True
494,174,eve.ingram@nexusservices.com,editor,enterprise,2023-02-12,2025-01-30,True
495,863,grace.garcia@pacificholdings.com,editor,starter,2024-01-28,2025-02-14,True
496,513,olivia.foster@novasoftware.com,editor,enterprise,2020-02-22,2025-02-09,True
497,733,tina.quinn@synergygroup.com,editor,professional,2025-02-25,2025-02-14,True
498,181,uma.lopez@synergyholdings.com,editor,starter,2024-08-27,2025-01-29,True
499,407,bob.kim@vertexservices.com,editor,professional,2024-11-02,2025-02-12,True
500,753,,editor,starter,2024-09-29,2025-02-24,True
501,823,olivia.ingram@synergysoftware.com,editor,free,2025-01-10,2025-02-18,True
502,402,steve.adams@globalholdings.com,admin,free,2024-07-03,2025-02-28,False
503,17,steve.kim@pacificlabs.com,editor,professional,2024-03-26,2025-02-02,True
504,608,mia.lopez@nexusservices.com,viewer,professional,2024-10-23,2025-02-28,False
505,689,xander.foster@catalystpartners.com,admin,free,2023-01-20,2025-02-18,True
506,668,karen.adams@optimaanalytics.com,viewer,professional,2024-04-14,2024-06-26,False
507,933,wendy.park@pacificinc.com,viewer,professional,2023-10-19,2025-02-15,True
508,906,tina.owens@optimaanalytics.com,viewer,enterprise,2024-12-24,2025-02-14,True
509,316,wendy.adams@fusionenterprises.com,editor,starter,2023-09-15,2025-01-29,True
510,616,rosa.rivera@vertexenterprises.com,viewer,starter,2021-09-13,2025-02-25,True
511,391,vince.miller@globalsoftware.com,viewer,starter,2024-08-17,2025-01-11,False
512,896,dan.foster@elevatenetworks.com,editor,starter,2025-01-08,2025-02-28,False
513,23,wendy.nguyen@pacificsoftware.com,admin,starter,2021-04-30,2025-02-10,True
514,923,rosa.ingram@acmegroup.com,viewer,professional,2023-10-09,2025-02-15,True
515,754,xander.kim@elevateinc.com,viewer,starter,2024-07-06,2025-02-25,True
516,111,ivy.miller@pinnaclepartners.com,editor,professional,2023-02-25,2025-02-14,True
517,694,nate.taylor@nexussoftware.com,editor,starter,2024-10-10,2025-02-19,True
518,259,tina.owens@optimaservices.com,viewer,free,2025-01-07,2025-02-28,False
519,792,leo.taylor@elevateservices.com,editor,starter,2024-09-23,2025-02-25,True
520,69,xander.adams@fusionservices.com,editor,starter,2024-12-27,2025-02-12,True
521,927,wendy.evans@apexservices.com,editor,enterprise,2024-05-24,2025-02-23,True
522,468,alice.davis@vertexsolutions.com,viewer,enterprise,2024-06-29,2025-02-25,True
523,40,steve.hall@apexdynamics.com,editor,enterprise,2021-01-20,2021-08-20,False
524,287,mia.park@globalsolutions.com,editor,enterprise,2021-04-03,2025-02-02,True
525,30,mia.davis@fusionnetworks.com,admin,free,2024-05-16,2025-02-24,True
526,660,wendy.taylor@elevatesoftware.com,editor,starter,2023-09-07,2025-02-01,True
527,830,vince.owens@velocityholdings.com,viewer,starter,2024-10-07,2025-01-30,True
528,743,eve.evans@quantumpartners.com,admin,starter,2025-02-27,2025-02-25,True
529,241,leo.quinn@nexusdynamics.com,viewer,enterprise,2023-11-10,2024-05-26,False
530,880,olivia.adams@summitanalytics.com,editor,professional,2025-02-02,2025-02-12,True
531,94,xander.foster@pacificdynamics.com,editor,professional,2025-02-01,2025-02-05,True
532,427,nate.adams@atlaslabs.com,viewer,enterprise,2024-12-02,2025-02-23,True
533,406,bob.lopez@globaldigital.com,editor,free,2024-06-06,2025-02-23,True
534,870,xander.adams@synergylabs.com,editor,free,2022-03-29,2025-02-23,True
535,145,,viewer,starter,2024-10-20,2025-01-31,True
536,961,ivy.rivera@synergysystems.com,viewer,professional,2024-02-09,2025-02-17,True
537,136,bob.owens@horizonsoftware.com,admin,starter,2023-11-20,2025-02-09,True
538,937,olivia.taylor@zenithinc.com,editor,free,2024-03-16,2025-02-11,True
539,159,,admin,enterprise,2023-10-18,2025-02-25,True
540,75,xander.ingram@acmesystems.com,editor,starter,2024-05-13,2025-02-16,True
541,734,karen.ingram@optimanetworks.com,editor,starter,2025-02-20,2025-02-10,True
542,148,,editor,professional,2024-12-13,2025-02-28,False
543,601,mia.kim@quantumholdings.com,admin,professional,2024-10-19,2025-02-19,False
544,67,carol.baker@catalystcorp.com,admin,professional,2024-01-26,2025-02-06,True
545,288,eve.owens@quantumenterprises.com,admin,professional,2024-09-01,2025-02-23,True
546,389,dan.taylor@horizontechnologies.com,viewer,professional,2023-12-26,2025-02-01,True
547,188,carol.smith@apexdynamics.com,admin,starter,2023-06-01,2024-04-05,False
548,33,hank.foster@horizonholdings.com,viewer,professional,2023-05-12,2025-02-04,True
549,371,bob.garcia@fusionsystems.com,editor,professional,2024-09-15,2025-02-01,True
550,727,xander.hall@acmeservices.com,viewer,professional,2021-10-12,2025-02-04,True
551,887,ivy.quinn@fusionsoftware.com,viewer,free,2022-12-07,2025-02-14,True
552,714,eve.adams@globalenterprises.com,editor,starter,2022-11-08,2025-02-07,True
553,193,olivia.owens@quantumcorp.com,editor,professional,2024-12-08,2025-02-19,True
554,892,vince.evans@elevatesystems.com,viewer,starter,2024-07-31,2024-12-16,False
555,805,grace.park@quantumdynamics.com,editor,enterprise,2024-07-18,2025-02-15,True
556,459,wendy.smith@velocitydynamics.com,editor,free,2021-07-03,2025-02-01,True
557,708,nate.kim@apexcorp.com,viewer,starter,2022-02-19,2023-01-09,False
558,841,jack.lopez@acmeinc.com,admin,professional,2024-08-06,2025-02-07,True
559,797,quinn.jones@globalsystems.com,editor,enterprise,2022-12-18,2023-01-12,False
560,395,xander.rivera@nexusnetworks.com,viewer,professional,2024-07-03,2025-02-14,True
561,635,tina.adams@horizonpartners.com,viewer,free,2024-04-13,2025-02-24,True
562,80,karen.baker@catalystdigital.com,admin,free,2024-09-12,2025-02-21,True
563,75,rosa.adams@acmesystems.com,editor,starter,2022-11-04,2025-02-03,True
564,676,uma.davis@horizonnetworks.com,admin,starter,2022-05-24,2025-02-24,True
565,896,xander.miller@elevatenetworks.com,admin,starter,2025-02-26,2025-02-01,True
566,174,nate.ingram@nexusservices.com,viewer,enterprise,2023-12-25,2025-02-07,True
567,226,quinn.owens@novacorp.com,editor,starter,2022-03-26,2022-06-05,False
568,579,olivia.hall@velocitygroup.com,viewer,enterprise,2024-02-18,2025-02-25,True
569,652,quinn.taylor@optimaenterprises.com,admin,professional,2024-03-06,2025-02-05,True
570,484,mia.foster@acmetechnologies.com,viewer,professional,2022-02-03,2025-02-18,True
571,724,rosa.taylor@synergytechnologies.com,editor,free,2024-09-26,2025-02-04,True
572,99,tina.owens@fusiondigital.com,editor,professional,2023-10-24,2025-02-08,True
573,974,carol.clark@optimagroup.com,admin,professional,2022-01-01,2022-02-25,False
574,900,bob.evans@summitsolutions.com,editor,free,2023-09-01,2024-07-13,False
575,350,mia.park@atlasgroup.com,viewer,starter,2025-01-25,2025-02-17,True
576,522,nate.ingram@optimaplatforms.com,viewer,starter,2022-04-23,2025-02-16,True
577,518,mia.miller@velocitysolutions.com,viewer,starter,2023-07-31,2024-01-05,False
578,932,leo.park@atlasnetworks.com,viewer,starter,2023-09-10,2025-01-31,True
579,154,quinn.rivera@acmeinc.com,editor,starter,2023-01-05,2025-02-20,True
580,334,jack.rivera@summitlabs.com,editor,starter,2024-12-05,2025-02-28,False
581,990,nate.evans@elevatetechnologies.com,admin,starter,2024-09-28,2025-02-26,True
582,393,jack.rivera@vertexholdings.com,viewer,enterprise,2023-06-24,2025-02-24,True
583,712,steve.evans@vertexsolutions.com,admin,free,2024-08-18,2025-02-17,True
584,928,mia.evans@novaholdings.com,admin,enterprise,2022-07-30,2025-02-15,True
585,431,leo.davis@atlasdigital.com,viewer,free,2025-01-05,2025-01-31,True
586,347,jack.ingram@optimagroup.com,editor,free,2024-09-18,2025-02-21,True
587,173,steve.foster@globalsystems.com,viewer,professional,2022-11-09,2025-02-08,True
588,26,wendy.clark@acmeinc.com,admin,starter,2024-07-03,2024-09-02,False
589,334,paul.nguyen@summitlabs.com,editor,starter,2025-02-03,2025-02-28,False
590,375,hank.davis@pinnaclelabs.com,viewer,enterprise,2025-01-13,2025-02-28,False
591,373,mia.adams@nexusnetworks.com,viewer,starter,2023-05-25,2023-11-06,False
592,44,alice.hall@apexinc.com,viewer,starter,2024-08-09,2025-02-28,False
593,981,dan.kim@globalinc.com,viewer,professional,2024-09-12,2025-02-01,True
594,38,steve.hall@elevatecorp.com,admin,professional,2022-07-06,2025-02-13,True
595,190,tina.foster@pinnacledigital.com,editor,enterprise,2022-02-08,2025-02-13,True
596,627,steve.hall@vanguardservices.com,editor,professional,2024-12-28,2025-02-03,True
597,863,dan.taylor@pacificholdings.com,editor,starter,2024-06-08,2025-02-20,True
598,896,wendy.foster@elevatenetworks.com,admin,starter,2024-12-18,2025-02-28,False
599,603,ivy.evans@acmedigital.com,viewer,professional,2025-02-07,2025-02-19,True
600,523,karen.jones@vertexdynamics.com,editor,starter,2024-11-07,2025-02-19,True
601,428,,viewer,starter,2024-03-03,2024-06-03,False
602,220,rosa.adams@horizonpartners.com,editor,professional,2022-02-06,2025-02-25,True
603,576,quinn.jones@catalystsoftware.com,admin,starter,2023-07-25,2025-02-24,True
604,350,grace.hall@atlasgroup.com,viewer,starter,2024-12-20,2025-02-28,False
605,651,vince.lopez@pacificlabs.com,viewer,starter,2022-08-06,2025-02-02,True
606,747,dan.foster@elevatepartners.com,editor,starter,2023-12-01,2025-02-17,True
607,707,mia.ingram@velocityanalytics.com,viewer,starter,2024-08-27,2025-02-17,True
608,452,carol.rivera@vertexanalytics.com,editor,starter,2022-09-04,2025-02-06,True
609,916,dan.hall@fusionsolutions.com,editor,enterprise,2025-02-02,2025-02-28,False
610,406,eve.baker@globaldigital.com,editor,free,2023-05-26,2025-01-30,True
611,810,rosa.miller@fusionpartners.com,viewer,starter,2024-02-01,2024-09-13,False
612,524,ivy.foster@vertexdynamics.com,viewer,starter,2023-08-26,2025-02-19,True
613,650,quinn.kim@pinnacleinc.com,viewer,enterprise,2024-11-24,2025-02-23,True
614,398,olivia.evans@velocitydynamics.com,viewer,starter,2023-12-24,2024-05-10,False
615,994,grace.taylor@novaenterprises.com,viewer,professional,2024-07-30,2025-02-26,True
616,68,carol.evans@globalpartners.com,editor,enterprise,2024-02-16,2025-02-11,True
617,484,frank.quinn@acmetechnologies.com,admin,professional,2021-08-12,2025-02-21,True
618,446,grace.miller@summitnetworks.com,viewer,starter,2023-08-15,2025-01-29,True
619,228,nate.rivera@summitservices.com,viewer,professional,2023-09-29,2024-07-19,False
620,164,steve.miller@summitgroup.com,viewer,professional,2024-11-01,2025-01-31,True
621,966,frank.evans@horizoncorp.com,editor,starter,2022-11-26,2025-02-08,True
622,258,grace.foster@atlasservices.com,editor,professional,2024-09-21,2025-02-21,True
623,657,steve.quinn@vertexsystems.com,admin,professional,2023-12-13,2025-02-01,True
624,452,uma.hall@vertexanalytics.com,viewer,starter,2022-08-20,2025-02-25,True
625,629,steve.miller@novasolutions.com,viewer,professional,2023-02-17,2025-02-19,True
626,475,xander.nguyen@acmedigital.com,viewer,starter,2024-09-22,2025-02-05,True
627,580,mia.davis@globalanalytics.com,editor,enterprise,2023-01-13,2025-02-16,True
628,196,rosa.miller@pacificenterprises.com,viewer,enterprise,2022-08-21,2025-02-24,True
629,483,quinn.miller@acmedynamics.com,viewer,free,2022-09-03,2025-02-14,True
630,731,wendy.clark@horizonholdings.com,editor,professional,2024-01-07,2025-01-29,True
631,395,nate.adams@nexusnetworks.com,editor,professional,2020-03-17,2020-10-31,False
632,71,uma.lopez@zenithenterprises.com,editor,starter,2025-02-27,2025-02-28,True
633,271,,editor,starter,2021-03-19,2021-04-24,False
634,784,,editor,free,2024-06-21,2025-02-11,True
635,589,mia.hall@velocitylabs.com,admin,enterprise,2024-11-20,2024-12-06,False
636,732,nate.miller@vertexpartners.com,viewer,professional,2024-03-12,2025-02-15,True
637,637,jack.miller@elevateholdings.com,viewer,starter,2022-10-29,2023-10-20,False
638,130,hank.adams@pinnaclesolutions.com,viewer,professional,2024-10-21,2025-02-07,True
639,727,paul.taylor@acmeservices.com,admin,professional,2023-12-10,2024-08-12,False
640,854,eve.taylor@synergylabs.com,admin,starter,2023-06-23,2025-02-04,True
641,550,frank.adams@apexservices.com,viewer,professional,2025-02-28,2025-01-29,True
642,966,ivy.baker@horizoncorp.com,editor,starter,2024-01-18,2024-09-05,False
643,706,ivy.davis@elevatesoftware.com,admin,enterprise,2023-05-29,2024-03-04,False
644,255,karen.park@pacificlabs.com,viewer,professional,2024-10-06,2025-02-07,True
645,586,jack.adams@optimasystems.com,editor,professional,2025-01-20,2025-02-28,False
646,471,jack.nguyen@vertexenterprises.com,editor,enterprise,2021-08-05,2025-02-15,True
647,123,,editor,professional,2024-06-27,2025-02-28,True
648,204,dan.hall@elevateanalytics.com,editor,free,2024-07-22,2025-02-26,True
649,287,uma.park@globalsolutions.com,editor,enterprise,2020-11-20,2025-02-13,True
650,111,alice.baker@pinnaclepartners.com,editor,professional,2025-02-23,2025-02-01,True
651,395,nate.quinn@nexusnetworks.com,editor,professional,2020-11-06,2025-02-26,True
652,993,carol.ingram@vertexpartners.com,editor,professional,2022-04-12,2022-08-13,False
653,220,quinn.foster@horizonpartners.com,viewer,professional,2022-01-17,2022-08-22,False
654,831,uma.kim@zenithdynamics.com,editor,professional,2023-06-14,2025-02-02,True
655,86,eve.garcia@quantumlabs.com,admin,free,2023-07-29,2025-02-21,True
656,543,bob.clark@novaenterprises.com,editor,professional,2023-05-31,2025-02-03,True
657,723,eve.kim@nexusdigital.com,admin,enterprise,2024-12-15,2025-02-25,True
658,908,carol.park@horizonnetworks.com,editor,professional,2024-10-15,2025-02-23,True
659,108,nate.baker@acmelabs.com,viewer,starter,2024-11-03,2025-02-16,True
660,606,paul.smith@pinnaclesolutions.com,editor,professional,2024-10-16,2025-02-27,True
661,16,paul.garcia@horizondigital.com,viewer,enterprise,2024-03-15,2025-02-08,True
662,528,karen.clark@zenithpartners.com,admin,enterprise,2025-02-02,2025-02-28,True
663,210,mia.rivera@synergyholdings.com,viewer,free,2024-03-28,2025-02-26,True
664,709,mia.baker@vanguardpartners.com,viewer,professional,2023-02-27,2025-02-26,True
665,438,bob.quinn@pinnacletechnologies.com,viewer,professional,2022-09-01,2025-02-03,True
666,972,eve.foster@vertexholdings.com,admin,professional,2023-08-09,2025-02-01,True
667,887,dan.park@fusionsoftware.com,editor,free,2024-05-20,2025-02-17,True
668,498,vince.taylor@catalystlabs.com,editor,free,2025-01-14,2025-02-28,False
669,225,dan.hall@optimasystems.com,viewer,enterprise,2024-02-13,2025-02-10,True
670,242,mia.hall@vanguardcorp.com,editor,starter,2024-06-14,2025-02-11,True
671,78,mia.jones@zenithpartners.com,editor,enterprise,2024-05-27,2025-02-18,True
672,730,rosa.davis@fusioninc.com,editor,starter,2023-07-30,2025-02-13,True
673,869,karen.kim@catalystservices.com,admin,professional,2023-01-19,2023-10-08,False
674,189,frank.quinn@quantumanalytics.com,viewer,starter,2024-08-28,2025-02-02,True
675,266,hank.ingram@summitenterprises.com,viewer,professional,2022-11-14,2025-02-25,True
676,578,wendy.lopez@elevatepartners.com,viewer,starter,2021-09-09,2025-02-11,True
677,920,uma.smith@velocityplatforms.com,viewer,enterprise,2024-10-13,2025-02-15,True
678,580,ivy.foster@globalanalytics.com,admin,enterprise,2025-01-31,2025-02-13,True
679,729,rosa.clark@acmetechnologies.com,editor,professional,2025-01-03,2025-02-28,False
680,2,bob.evans@fusionnetworks.com,viewer,professional,2024-03-17,2025-02-06,True
681,651,dan.baker@pacificlabs.com,editor,starter,2021-06-02,2025-02-27,True
682,596,tina.garcia@fusionsolutions.com,viewer,professional,2024-12-23,2025-02-28,False
683,285,leo.clark@catalystenterprises.com,viewer,free,2022-08-26,2025-02-05,True
684,774,tina.lopez@catalystgroup.com,admin,starter,2023-12-07,2025-02-03,True
685,30,hank.quinn@fusionnetworks.com,viewer,free,2024-06-13,2025-02-03,True
686,696,jack.ingram@vanguardenterprises.com,viewer,professional,2023-07-14,2025-01-29,True
687,619,tina.park@summitanalytics.com,admin,professional,2024-11-19,2025-02-14,True
688,115,xander.smith@pacificinc.com,viewer,professional,2020-07-09,2020-08-26,False
689,662,olivia.clark@quantumdynamics.com,admin,professional,2022-10-25,2025-02-10,True
690,832,bob.rivera@fusionenterprises.com,editor,enterprise,2024-09-22,2025-02-25,True
691,962,nate.smith@velocityinc.com,editor,enterprise,2024-03-03,2025-02-12,True
692,844,alice.davis@summitholdings.com,editor,professional,2024-10-28,2025-02-03,True
693,321,vince.taylor@horizonlabs.com,admin,professional,2024-05-30,2025-02-21,True
694,106,,editor,professional,2023-10-19,2025-02-21,True
695,919,rosa.adams@velocityplatforms.com,viewer,enterprise,2022-01-13,2022-02-16,False
696,971,quinn.baker@novaenterprises.com,admin,enterprise,2024-05-23,2025-02-04,True
697,30,quinn.rivera@fusionnetworks.com,viewer,free,2024-07-17,2024-09-22,False
698,188,ivy.owens@apexdynamics.com,viewer,starter,2021-10-06,2025-02-01,True
699,275,leo.lopez@acmeinc.com,viewer,enterprise,2024-01-07,2024-10-25,False
700,993,bob.hall@vertexpartners.com,editor,professional,2025-01-07,2025-02-07,True
701,596,olivia.lopez@fusionsolutions.com,viewer,professional,2024-10-31,2024-11-29,False
702,468,vince.clark@vertexsolutions.com,viewer,enterprise,2024-05-03,2025-02-08,True
703,88,rosa.baker@elevateinc.com,editor,starter,2024-03-06,2025-02-23,True
704,717,frank.taylor@vanguardpartners.com,editor,professional,2024-03-05,2025-02-06,True
705,897,olivia.quinn@novaplatforms.com,admin,free,2024-11-16,2025-02-24,True
706,961,uma.taylor@synergysystems.com,viewer,professional,2024-12-24,2025-02-16,True
707,672,olivia.rivera@synergysolutions.com,admin,free,2024-09-11,2025-02-26,True
708,839,karen.owens@quantumsolutions.com,editor,starter,2025-01-12,2025-02-01,True
709,144,alice.park@apexholdings.com,admin,starter,2024-12-27,2025-02-28,True
710,268,bob.garcia@catalystlabs.com,admin,professional,2023-02-04,2025-02-05,True
711,889,mia.foster@summittechnologies.com,admin,enterprise,2022-11-21,2025-02-11,True
712,206,,editor,professional,2023-04-10,2025-02-28,True
713,512,frank.miller@globalholdings.com,admin,professional,2021-08-20,2022-05-23,False
714,788,hank.hall@pacificplatforms.com,editor,professional,2024-07-23,2025-02-03,True
715,689,leo.foster@catalystpartners.com,admin,free,2023-07-06,2025-02-22,True
716,795,wendy.hall@vertextechnologies.com,admin,professional,2022-04-24,2025-02-27,True
717,214,hank.smith@pacificpartners.com,admin,professional,2021-02-14,2021-04-03,False
718,656,steve.garcia@novanetworks.com,viewer,enterprise,2023-05-06,2025-02-11,True
719,741,alice.taylor@vertexinc.com,editor,professional,2023-12-27,2025-02-26,True
720,853,carol.quinn@novaenterprises.com,editor,enterprise,2025-02-28,2025-02-04,True
721,451,grace.davis@novadigital.com,editor,starter,2024-07-18,2025-02-16,True
722,990,nate.smith@elevatetechnologies.com,editor,starter,2025-02-22,2025-02-06,True
723,627,xander.ingram@vanguardservices.com,viewer,professional,2024-04-23,2025-02-04,True
724,559,carol.rivera@nexustechnologies.com,admin,professional,2023-03-03,2023-07-16,False
725,345,eve.foster@novaanalytics.com,viewer,professional,2024-01-19,2025-02-14,True
726,74,hank.foster@pinnacleplatforms.com,viewer,starter,2025-01-16,2025-02-22,True
727,82,wendy.hall@pinnaclesystems.com,admin,starter,2025-02-15,2025-02-19,True
728,623,xander.baker@summitplatforms.com,editor,enterprise,2022-12-29,2025-01-29,True
729,106,eve.evans@fusiongroup.com,editor,professional,2024-10-05,2025-02-14,True
730,590,carol.ingram@quantumenterprises.com,editor,professional,2025-01-19,2025-02-09,True
731,632,carol.hall@optimasolutions.com,editor,professional,2023-01-06,2023-06-19,False
732,85,jack.taylor@acmesystems.com,editor,starter,2023-11-25,2024-03-15,False
733,240,uma.owens@optimadigital.com,editor,starter,2024-12-11,2025-02-20,True
734,810,bob.taylor@fusionpartners.com,viewer,starter,2024-11-24,2025-02-19,True
735,162,mia.nguyen@pinnacleservices.com,editor,free,2024-09-08,2025-02-28,False
736,139,bob.quinn@zenithsystems.com,editor,professional,2024-07-28,2025-02-01,True
737,197,vince.miller@fusionlabs.com,editor,professional,2025-01-03,2025-02-28,False
738,290,karen.foster@vertexpartners.com,admin,free,2024-02-17,2024-08-11,False
739,233,rosa.baker@optimanetworks.com,viewer,professional,2024-11-22,2025-02-28,False
740,464,grace.kim@summitnetworks.com,viewer,professional,2023-12-09,2025-02-25,True
741,702,steve.ingram@pacificsystems.com,admin,starter,2025-02-01,2025-02-19,True
742,288,xander.quinn@quantumenterprises.com,editor,professional,2024-08-19,2025-02-20,True
743,281,wendy.clark@horizonsystems.com,admin,starter,2024-12-22,2025-01-29,True
744,544,bob.evans@horizonplatforms.com,editor,enterprise,2024-03-15,2025-02-24,True
745,615,leo.evans@optimaservices.com,viewer,enterprise,2024-09-16,2025-02-10,True
746,828,frank.quinn@quantumsystems.com,viewer,professional,2023-12-27,2025-02-20,True
747,837,grace.hall@pinnacleholdings.com,viewer,free,2023-11-18,2024-08-12,False
748,30,dan.lopez@fusionnetworks.com,admin,free,2024-05-21,2025-02-13,True
749,291,carol.park@summitenterprises.com,admin,professional,2023-11-04,2024-09-25,False
750,945,ivy.garcia@apexcorp.com,editor,starter,2025-01-12,2025-02-14,True
751,178,rosa.kim@novadynamics.com,viewer,free,2023-08-20,2024-08-08,False
752,778,steve.baker@apexdigital.com,admin,professional,2022-07-24,2025-02-07,True
753,787,dan.kim@globalinc.com,editor,professional,2023-11-24,2024-01-11,False
754,796,nate.baker@summitservices.com,admin,free,2023-11-18,2025-02-11,True
755,981,mia.clark@globalinc.com,viewer,professional,2024-08-30,2025-02-03,True
756,281,karen.nguyen@horizonsystems.com,viewer,starter,2024-08-25,2025-02-02,True
757,296,hank.clark@vertexcorp.com,editor,enterprise,2022-03-03,2025-02-16,True
758,322,karen.quinn@velocitydigital.com,editor,enterprise,2023-09-24,2025-02-20,True
759,474,jack.davis@catalystinc.com,admin,free,2023-05-28,2025-02-16,True
760,159,ivy.nguyen@horizonsystems.com,viewer,enterprise,2025-01-11,2025-02-13,True
761,919,carol.baker@velocityplatforms.com,editor,enterprise,2024-07-28,2025-02-28,False
762,916,frank.clark@fusionsolutions.com,editor,enterprise,2024-06-15,2025-02-20,True
763,511,carol.nguyen@nexusanalytics.com,viewer,professional,2025-01-10,2025-02-28,False
764,9,carol.kim@apexnetworks.com,viewer,enterprise,2024-01-05,2025-02-14,True
765,564,leo.owens@elevatesystems.com,viewer,starter,2024-12-15,2025-02-11,True
766,382,paul.rivera@vanguardservices.com,editor,starter,2024-10-31,2025-01-31,True
767,183,ivy.hall@globalsolutions.com,editor,free,2024-09-01,2025-02-28,False
768,164,uma.taylor@summitgroup.com,admin,professional,2024-12-15,2025-02-02,True
769,939,uma.rivera@acmeinc.com,editor,starter,2024-04-26,2024-09-05,False
770,178,jack.nguyen@novadynamics.com,admin,free,2024-10-13,2025-02-06,True
771,997,vince.baker@apexinc.com,viewer,free,2024-08-17,2025-02-14,True
772,538,ivy.lopez@catalystgroup.com,editor,free,2024-02-20,2025-02-01,True
773,963,alice.clark@velocitydigital.com,editor,starter,2024-09-15,2025-02-20,True
774,847,nate.lopez@elevatepartners.com,editor,professional,2023-08-09,2025-02-13,True
775,406,steve.rivera@globaldigital.com,viewer,free,2024-12-29,2025-02-09,True
776,732,steve.miller@vertexpartners.com,admin,professional,2025-02-21,2025-02-05,True
777,737,xander.ingram@horizonholdings.com,editor,enterprise,2024-10-23,2025-02-18,True
778,625,grace.owens@pacificnetworks.com,admin,professional,2025-02-19,2025-02-28,False
779,234,wendy.smith@elevateplatforms.com,admin,free,2021-05-22,2025-01-29,True
780,729,ivy.rivera@acmetechnologies.com,admin,professional,2024-11-04,2025-02-05,True
781,542,olivia.baker@apexnetworks.com,editor,free,2024-09-09,2025-02-08,True
782,659,tina.foster@vanguardplatforms.com,editor,enterprise,2023-10-28,2025-02-19,True
783,919,karen.evans@velocityplatforms.com,editor,enterprise,2021-09-24,2025-02-21,True
784,972,nate.garcia@vertexholdings.com,viewer,professional,2023-07-22,2025-01-30,True
785,67,eve.kim@catalystcorp.com,viewer,professional,2022-11-25,2025-02-08,True
786,853,karen.ingram@novaenterprises.com,viewer,enterprise,2024-12-02,2025-02-23,True
787,100,frank.evans@apexcorp.com,admin,enterprise,2024-11-14,2025-02-02,True
788,255,mia.park@pacificlabs.com,editor,professional,2025-01-16,2025-02-19,True
789,126,leo.kim@nexusnetworks.com,viewer,professional,2024-10-03,2025-02-28,False
790,968,paul.miller@synergydynamics.com,viewer,professional,2024-10-20,2025-02-28,False
791,291,karen.nguyen@summitenterprises.com,admin,professional,2023-12-24,2025-02-15,True
792,672,alice.lopez@synergysolutions.com,viewer,free,2024-11-23,2025-02-06,True
793,803,quinn.clark@acmepartners.com,viewer,free,2024-11-02,2025-02-26,True
794,482,bob.kim@pacificanalytics.com,editor,enterprise,2024-04-30,2025-02-18,True
795,447,alice.adams@apexsolutions.com,editor,starter,2021-08-30,2025-02-23,True
796,210,alice.ingram@synergyholdings.com,admin,free,2024-07-17,2025-02-06,True
797,110,quinn.baker@catalystdynamics.com,editor,starter,2024-01-24,2024-12-03,False
798,940,ivy.park@atlasgroup.com,admin,starter,2024-07-09,2025-02-28,False
799,468,xander.hall@vertexsolutions.com,admin,enterprise,2025-02-19,2025-02-28,False
800,325,uma.kim@pacificcorp.com,viewer,professional,2025-01-15,2025-02-13,True
801,745,quinn.rivera@vanguardsoftware.com,admin,free,2022-08-07,2025-02-20,True
802,245,jack.lopez@globallabs.com,admin,enterprise,2023-11-05,2023-11-24,False
803,86,steve.park@quantumlabs.com,viewer,free,2023-12-23,2025-02-02,True
804,425,xander.baker@pinnaclepartners.com,editor,starter,2023-09-12,2025-02-28,True
805,872,nate.jones@globalplatforms.com,viewer,free,2024-03-06,2024-07-17,False
806,442,nate.owens@fusiondigital.com,editor,starter,2021-12-02,2025-02-09,True
807,165,wendy.smith@globalnetworks.com,admin,enterprise,2021-08-29,2025-02-04,True
808,771,rosa.nguyen@vertexsolutions.com,editor,professional,2023-01-14,2025-02-18,True
809,364,grace.taylor@optimasolutions.com,viewer,starter,2024-06-18,2025-01-31,True
810,975,rosa.miller@quantumholdings.com,editor,free,2024-10-04,2025-02-28,False
811,444,leo.park@elevatepartners.com,viewer,free,2023-05-28,2025-02-09,True
812,897,hank.smith@novaplatforms.com,viewer,free,2025-01-30,2025-02-20,True
813,729,grace.clark@acmetechnologies.com,viewer,professional,2025-01-03,2025-01-31,True
814,226,leo.baker@novacorp.com,viewer,starter,2021-05-27,2025-02-04,True
815,390,alice.baker@pinnaclesolutions.com,editor,starter,2022-02-18,2025-02-20,True
816,9,alice.evans@apexnetworks.com,editor,enterprise,2025-01-28,2025-02-28,True
817,618,hank.hall@horizonplatforms.com,editor,free,2022-12-09,2022-12-18,False
818,757,rosa.park@acmeanalytics.com,viewer,professional,2024-12-01,2025-02-04,True
819,471,bob.quinn@vertexenterprises.com,admin,enterprise,2022-07-30,2025-02-25,True
820,822,alice.clark@novaplatforms.com,viewer,enterprise,2024-12-24,2025-02-22,True
821,529,hank.rivera@nexusplatforms.com,editor,starter,2021-03-24,2025-01-29,True
822,665,karen.baker@synergydigital.com,viewer,starter,2024-02-13,2025-02-01,True
823,634,quinn.taylor@pacificenterprises.com,admin,free,2024-07-31,2025-02-28,True
824,610,nate.nguyen@horizoncorp.com,editor,professional,2024-08-24,2025-02-27,True
825,274,paul.kim@optimadynamics.com,viewer,professional,2022-01-08,2025-02-09,True
826,322,alice.clark@velocitydigital.com,viewer,enterprise,2023-11-03,2025-01-29,True
827,508,grace.jones@atlassoftware.com,editor,professional,2025-01-02,2025-02-17,True
828,928,dan.owens@novaholdings.com,viewer,enterprise,2024-07-06,2025-02-22,True
829,726,dan.miller@zenithdynamics.com,editor,starter,2024-12-05,2025-02-28,False
830,85,rosa.miller@acmesystems.com,editor,starter,2024-03-03,2025-02-28,True
831,886,,viewer,professional,2024-07-04,2025-01-29,True
832,613,hank.davis@elevateplatforms.com,editor,starter,2024-07-21,2025-02-26,True
833,403,eve.adams@acmeanalytics.com,admin,free,2020-11-26,2025-02-06,True
834,169,hank.quinn@nexusplatforms.com,admin,starter,2021-08-08,2025-02-07,True
835,553,,viewer,professional,2023-11-18,2025-02-18,True
836,35,tina.garcia@pinnaclepartners.com,viewer,professional,2024-03-28,2025-02-18,True
837,191,jack.garcia@novagroup.com,editor,starter,2023-06-02,2023-08-31,False
838,416,paul.baker@vertexenterprises.com,editor,professional,2025-01-18,2025-02-11,True
839,653,paul.smith@vertexnetworks.com,admin,enterprise,2023-04-02,2025-02-21,True
840,832,steve.hall@fusionenterprises.com,admin,enterprise,2023-08-12,2025-02-13,True
841,800,leo.jones@novadynamics.com,editor,starter,2024-01-26,2025-02-02,True
842,282,nate.foster@globalnetworks.com,viewer,starter,2024-09-14,2025-01-29,True
843,602,steve.jones@zenithpartners.com,admin,starter,2024-07-11,2024-08-05,False
844,875,nate.owens@apexpartners.com,editor,professional,2023-09-23,2025-02-22,True
845,312,leo.taylor@fusionnetworks.com,viewer,free,2025-02-09,2025-02-09,True
846,341,leo.smith@elevatedigital.com,viewer,professional,2020-11-28,2025-02-01,True
847,537,frank.miller@summitanalytics.com,viewer,starter,2024-08-18,2025-02-22,True
848,908,alice.foster@horizonnetworks.com,admin,professional,2024-10-26,2025-02-24,True
849,556,wendy.baker@vertexanalytics.com,editor,free,2021-07-16,2025-02-18,True
850,648,eve.baker@velocitycorp.com,editor,starter,2023-12-07,2025-02-03,True
851,878,bob.foster@catalystsystems.com,viewer,enterprise,2022-10-19,2025-01-31,True
852,908,tina.garcia@horizonnetworks.com,viewer,professional,2025-02-07,2025-02-25,True
853,860,olivia.jones@summitenterprises.com,viewer,starter,2024-12-11,2025-01-30,True
854,302,ivy.baker@atlaspartners.com,viewer,starter,2025-01-18,2025-02-02,True
855,200,jack.ingram@summitpartners.com,editor,professional,2024-02-04,2025-02-22,True
856,377,karen.jones@atlassystems.com,admin,enterprise,2024-11-05,2025-02-18,True
857,657,quinn.hall@vertexsystems.com,editor,professional,2023-04-06,2025-02-01,True
858,808,olivia.taylor@quantumplatforms.com,editor,professional,2023-09-19,2025-02-07,True
859,543,frank.adams@novaenterprises.com,editor,professional,2024-09-08,2025-02-28,True
860,78,olivia.quinn@zenithpartners.com,admin,enterprise,2023-09-16,2025-01-31,True
861,896,karen.owens@elevatenetworks.com,editor,starter,2024-10-22,2025-02-08,True
862,852,hank.miller@synergysolutions.com,editor,starter,2024-04-05,2025-01-31,True
863,20,mia.garcia@atlasdynamics.com,viewer,free,2025-01-11,2025-02-05,True
864,302,steve.jones@atlaspartners.com,viewer,starter,2024-05-26,2024-08-30,False
865,178,alice.garcia@novadynamics.com,viewer,free,2024-05-23,2025-02-08,True
866,604,jack.davis@velocitynetworks.com,editor,professional,2024-10-31,2025-02-03,True
867,762,xander.adams@nexusenterprises.com,viewer,free,2022-05-29,2025-02-23,True
868,773,quinn.kim@pinnacledigital.com,viewer,free,2025-01-24,2025-02-17,True
869,439,wendy.taylor@nexusnetworks.com,viewer,enterprise,2024-11-07,2025-02-01,True
870,676,eve.smith@horizonnetworks.com,viewer,starter,2022-09-27,2025-02-20,True
871,690,bob.quinn@synergytechnologies.com,admin,professional,2024-01-25,2025-01-20,False
872,524,jack.evans@vertexdynamics.com,editor,starter,2025-02-05,2025-02-11,True
873,717,quinn.ingram@vanguardpartners.com,viewer,professional,2023-12-26,2024-08-04,False
874,742,leo.foster@velocitynetworks.com,editor,professional,2022-04-02,2025-02-09,True
875,472,karen.hall@vanguardholdings.com,viewer,free,2024-12-01,2025-02-15,True
876,63,bob.taylor@quantumdynamics.com,viewer,starter,2022-09-07,2025-02-03,True
877,31,leo.garcia@atlastechnologies.com,editor,professional,2022-12-27,2025-02-17,True
878,680,dan.evans@pinnaclesystems.com,viewer,enterprise,2024-12-23,2025-02-15,True
879,53,alice.lopez@fusiondigital.com,viewer,professional,2024-08-17,2025-02-18,True
880,185,frank.taylor@synergysoftware.com,editor,starter,2024-04-21,2025-02-06,True
881,53,carol.evans@fusiondigital.com,admin,professional,2024-04-28,2025-02-10,True
882,367,jack.quinn@synergysystems.com,viewer,starter,2024-01-07,2025-02-16,True
883,25,leo.lopez@apexsolutions.com,editor,professional,2024-10-29,2025-02-16,True
884,334,hank.owens@summitlabs.com,viewer,starter,2024-12-10,2025-02-03,True
885,999,xander.park@novalabs.com,admin,starter,2025-02-10,2025-02-11,True
886,172,steve.rivera@acmenetworks.com,editor,professional,2024-12-08,2025-02-28,False
887,551,alice.hall@catalystinc.com,editor,starter,2022-04-25,2025-02-01,True
888,644,eve.foster@vertexsoftware.com,viewer,professional,2023-06-11,2025-02-19,True
889,233,ivy.lopez@optimanetworks.com,viewer,professional,2025-01-14,2025-02-28,False
890,210,nate.jones@synergyholdings.com,admin,free,2025-02-28,2025-02-17,True
891,288,wendy.owens@quantumenterprises.com,editor,professional,2025-02-15,2025-02-08,True
892,82,bob.kim@pinnaclesystems.com,editor,starter,2024-12-23,2025-02-24,True
893,189,carol.baker@quantumanalytics.com,viewer,starter,2024-08-11,2025-02-07,True
894,981,grace.kim@globalinc.com,viewer,professional,2024-09-28,2025-02-17,True
895,337,rosa.miller@optimaanalytics.com,editor,enterprise,2023-12-14,2025-02-10,True
896,687,vince.evans@novanetworks.com,viewer,starter,2024-05-20,2024-11-20,False
897,899,uma.quinn@novaplatforms.com,admin,starter,2021-10-08,2021-10-29,False
898,998,uma.kim@synergysolutions.com,viewer,professional,2021-11-01,2022-01-09,False
899,71,carol.park@zenithenterprises.com,admin,starter,2025-02-21,2025-02-09,True
900,656,bob.davis@novanetworks.com,viewer,enterprise,2021-01-19,2021-07-15,False
901,866,uma.kim@optimaenterprises.com,viewer,enterprise,2024-04-03,2025-01-23,False
902,772,hank.adams@summitpartners.com,editor,starter,2021-05-03,2021-12-25,False
903,761,eve.nguyen@summitcorp.com,editor,starter,2024-11-10,2025-02-08,True
904,283,vince.kim@globalanalytics.com,admin,enterprise,2023-09-07,2025-02-26,True
905,757,olivia.kim@acmeanalytics.com,editor,professional,2024-11-22,2025-02-18,True
906,851,jack.ingram@pinnaclelabs.com,editor,enterprise,2024-09-02,2024-11-07,False
907,242,olivia.clark@vanguardcorp.com,viewer,starter,2024-12-03,2025-02-27,True
908,535,frank.owens@elevatelabs.com,viewer,starter,2024-08-09,2025-02-26,True
909,285,dan.baker@catalystenterprises.com,viewer,free,2022-05-21,2023-02-11,False
910,771,karen.ingram@vertexsolutions.com,admin,professional,2023-05-10,2024-03-16,False
911,786,quinn.kim@quantumsolutions.com,editor,starter,2024-10-14,2025-01-31,True
912,311,hank.kim@vertexanalytics.com,editor,starter,2024-02-26,2024-06-27,False
913,411,leo.foster@vertexlabs.com,editor,professional,2024-09-19,2024-10-12,False
914,452,,viewer,starter,2023-05-27,2025-01-31,True
915,367,jack.miller@synergysystems.com,editor,starter,2022-07-27,2025-02-16,True
916,546,nate.clark@velocityinc.com,viewer,professional,2023-07-11,2025-02-22,True
917,75,xander.ingram@acmesystems.com,viewer,starter,2024-05-05,2024-11-12,False
918,5,frank.hall@optimaplatforms.com,viewer,starter,2022-12-20,2025-02-22,True
919,4,alice.park@vanguardplatforms.com,admin,starter,2024-10-06,2025-02-11,True
920,974,uma.jones@optimagroup.com,admin,professional,2024-04-07,2025-02-25,True
921,318,leo.baker@summitlabs.com,admin,professional,2024-10-24,2025-02-13,True
922,287,nate.davis@globalsolutions.com,viewer,enterprise,2023-10-31,2025-02-15,True
923,574,bob.baker@zenithsoftware.com,admin,enterprise,2023-12-15,2025-02-23,True
924,769,alice.foster@globalplatforms.com,viewer,professional,2024-08-06,2025-01-31,True
925,282,alice.clark@globalnetworks.com,admin,starter,2024-10-07,2025-02-02,True
926,218,vince.garcia@fusionholdings.com,editor,starter,2022-02-25,2025-02-07,True
927,118,frank.quinn@globalsystems.com,editor,professional,2024-10-21,2025-02-26,True
928,631,rosa.quinn@vertexlabs.com,viewer,professional,2024-10-16,2025-02-07,True
929,353,nate.nguyen@zenithcorp.com,viewer,professional,2021-11-11,2025-02-09,True
930,706,xander.owens@elevatesoftware.com,viewer,enterprise,2024-07-28,2024-09-02,False
931,414,olivia.baker@velocitysystems.com,editor,enterprise,2022-12-19,2025-02-07,True
932,59,hank.lopez@horizonlabs.com,admin,enterprise,2024-12-08,2025-02-18,True
933,56,jack.quinn@elevatetechnologies.com,admin,professional,2023-08-15,2025-02-25,True
934,632,grace.foster@optimasolutions.com,admin,professional,2021-06-22,2025-01-29,True
935,238,alice.lopez@fusiongroup.com,editor,enterprise,2021-11-23,2025-02-08,True
936,517,vince.adams@zenithenterprises.com,editor,professional,2024-09-01,2025-01-25,False
937,76,ivy.taylor@optimasolutions.com,viewer,starter,2024-08-13,2025-02-08,True
938,652,tina.baker@optimaenterprises.com,admin,professional,2024-06-09,2024-12-10,False
939,521,bob.taylor@vanguardsystems.com,viewer,free,2025-01-31,2025-02-28,False
940,848,quinn.hall@vanguardholdings.com,editor,enterprise,2024-10-15,2025-01-03,False
941,594,uma.hall@elevatedigital.com,editor,enterprise,2024-03-02,2025-02-06,True
942,721,wendy.nguyen@zenithinc.com,viewer,professional,2023-05-23,2025-02-19,True
943,105,rosa.hall@fusionpartners.com,editor,starter,2025-01-04,2025-02-21,True
944,886,quinn.kim@summitsolutions.com,editor,professional,2021-09-18,2025-02-25,True
945,491,tina.foster@velocitysolutions.com,viewer,free,2024-10-21,2025-02-28,True
946,986,wendy.clark@nexussystems.com,editor,professional,2021-01-23,2025-02-15,True
947,347,uma.clark@optimagroup.com,viewer,free,2024-09-05,2025-02-19,True
948,999,eve.taylor@novalabs.com,editor,starter,2024-01-23,2025-02-14,True
949,634,karen.taylor@pacificenterprises.com,editor,free,2025-01-06,2025-02-05,True
950,34,carol.lopez@zenithanalytics.com,editor,free,2024-07-04,2025-01-30,True
951,807,carol.jones@fusiondigital.com,editor,professional,2024-01-26,2025-02-06,True
952,132,steve.owens@fusiondigital.com,admin,starter,2022-05-26,2025-02-24,True
953,577,nate.quinn@vertexholdings.com,viewer,starter,2021-06-06,2025-01-29,True
954,653,xander.lopez@vertexnetworks.com,editor,enterprise,2024-02-03,2025-02-12,True
955,564,carol.taylor@elevatesystems.com,admin,starter,2024-07-23,2025-02-18,True
956,32,quinn.quinn@nexusnetworks.com,admin,starter,2022-09-08,2022-11-01,False
957,551,jack.evans@catalystinc.com,viewer,starter,2022-04-30,2025-02-23,True
958,383,alice.park@summitsolutions.com,viewer,free,2022-12-01,2023-06-15,False
959,174,steve.garcia@nexusservices.com,viewer,enterprise,2024-07-12,2025-02-05,True
960,338,paul.rivera@elevateservices.com,editor,starter,2024-11-16,2025-02-01,True
961,49,wendy.foster@elevategroup.com,editor,starter,2024-04-06,2025-02-24,True
962,68,grace.lopez@globalpartners.com,editor,enterprise,2023-11-08,2025-01-30,True
963,949,carol.evans@optimasoftware.com,editor,professional,2022-05-08,2022-09-21,False
964,272,paul.park@catalystsoftware.com,editor,free,2022-08-25,2023-03-19,False
965,763,leo.miller@quantumsoftware.com,viewer,enterprise,2024-05-29,2025-02-06,True
966,597,steve.clark@vanguardlabs.com,editor,professional,2020-06-24,2025-01-30,True
967,169,bob.clark@nexusplatforms.com,viewer,starter,2022-03-06,2025-02-05,True
968,415,uma.baker@elevateanalytics.com,viewer,professional,2024-11-23,2025-01-29,False
969,173,karen.quinn@globalsystems.com,viewer,professional,2024-12-20,2025-02-28,False
970,802,rosa.jones@vanguardanalytics.com,editor,enterprise,2021-12-10,2025-02-01,True
971,726,nate.miller@zenithdynamics.com,admin,starter,2023-05-26,2024-02-12,False
972,253,mia.quinn@zenithcorp.com,viewer,starter,2024-07-04,2025-02-19,False
973,476,olivia.foster@horizondynamics.com,viewer,professional,2024-12-28,2025-02-28,False
974,839,nate.foster@quantumsolutions.com,editor,starter,2024-06-10,2025-02-28,False
975,976,jack.nguyen@zenithplatforms.com,editor,enterprise,2025-02-01,2025-02-18,True
976,471,olivia.garcia@vertexenterprises.com,viewer,enterprise,2024-12-07,2025-02-28,False
977,861,tina.hall@nexusholdings.com,admin,starter,2025-01-17,2025-02-21,True
978,277,bob.smith@vanguarddigital.com,viewer,starter,2022-02-27,2025-02-25,True
979,571,hank.quinn@pinnaclesystems.com,editor,starter,2024-09-16,2025-02-21,True
980,539,dan.clark@summitsystems.com,admin,starter,2022-05-10,2025-02-02,True
981,509,xander.davis@elevategroup.com,editor,professional,2024-09-28,2025-02-04,True
982,17,karen.park@pacificlabs.com,viewer,professional,2023-12-29,2025-02-18,True
983,668,steve.owens@optimaanalytics.com,viewer,professional,2024-12-11,2025-02-28,True
984,178,tina.kim@novadynamics.com,admin,free,2023-12-05,2025-02-15,True
985,525,bob.jones@catalystholdings.com,admin,professional,2023-05-20,2025-02-15,True
986,821,tina.taylor@atlasplatforms.com,admin,enterprise,2022-04-07,2025-02-12,True
987,345,karen.foster@novaanalytics.com,editor,professional,2024-04-20,2025-02-11,True
988,6,karen.taylor@novaholdings.com,viewer,starter,2024-10-25,2025-02-15,False
989,750,wendy.baker@horizonservices.com,admin,professional,2024-08-10,2025-02-01,True
990,196,nate.foster@pacificenterprises.com,editor,enterprise,2023-03-29,2023-10-12,False
991,941,rosa.baker@apexnetworks.com,editor,starter,2024-05-16,2025-02-14,True
992,959,grace.evans@pinnaclenetworks.com,admin,professional,2024-08-29,2025-02-13,True
993,248,paul.davis@horizondigital.com,editor,starter,2024-04-11,2025-02-11,True
994,875,wendy.lopez@apexpartners.com,viewer,professional,2023-07-27,2025-02-21,True
995,277,ivy.rivera@vanguarddigital.com,editor,starter,2022-03-24,2025-02-05,True
996,136,alice.foster@horizonsoftware.com,editor,starter,2024-08-29,2025-02-08,True
997,918,carol.rivera@atlaslabs.com,viewer,professional,2024-12-17,2025-02-02,True
998,980,dan.adams@vanguardservices.com,editor,professional,2023-09-18,2025-02-23,True
999,914,quinn.rivera@summitsystems.com,viewer,free,2024-05-18,2025-02-28,False
1000,900,xander.foster@summitsolutions.com,admin,free,2025-01-20,2025-02-28,False
1001,797,mia.nguyen@globalsystems.com,viewer,enterprise,2024-01-28,2025-02-24,True
1002,804,bob.nguyen@acmepartners.com,admin,enterprise,2022-09-09,2025-01-29,True
1003,862,ivy.park@vanguardgroup.com,editor,starter,2023-07-22,2025-02-07,True
1004,231,frank.lopez@globalcorp.com,viewer,starter,2024-10-24,2025-02-27,True
1005,699,ivy.rivera@vertexanalytics.com,editor,starter,2024-11-29,2025-02-28,True
1006,691,leo.miller@pinnacleholdings.com,admin,enterprise,2024-11-30,2025-02-01,True
1007,289,wendy.davis@novadynamics.com,viewer,professional,2021-11-05,2022-08-17,False
1008,610,mia.davis@horizoncorp.com,editor,professional,2024-11-10,2025-02-11,True
1009,845,hank.foster@velocitycorp.com,editor,free,2022-06-07,2025-01-29,True
1010,634,dan.quinn@pacificenterprises.com,admin,free,2024-07-16,2025-02-10,True
1011,903,rosa.evans@novaenterprises.com,editor,professional,2024-11-03,2024-12-30,False
1012,493,karen.clark@optimaservices.com,viewer,professional,2025-01-11,2025-02-28,False
1013,912,grace.park@nexusnetworks.com,editor,starter,2024-10-09,2025-02-07,True
1014,727,grace.ingram@acmeservices.com,viewer,professional,2023-01-05,2025-02-08,True
1015,958,nate.park@pinnacledigital.com,editor,professional,2021-01-19,2025-02-25,True
1016,315,quinn.park@vanguardplatforms.com,editor,professional,2024-04-18,2025-02-28,True
1017,470,dan.quinn@acmenetworks.com,viewer,professional,2023-06-28,2025-02-01,True
1018,252,dan.park@optimasolutions.com,viewer,professional,2023-11-20,2025-02-27,True
1019,486,wendy.nguyen@zenithplatforms.com,admin,enterprise,2025-02-07,2025-01-29,True
1020,758,dan.park@pinnaclegroup.com,admin,professional,2024-11-16,2025-02-28,False
1021,507,carol.garcia@elevatenetworks.com,viewer,enterprise,2024-07-28,2024-11-08,False
1022,524,quinn.ingram@vertexdynamics.com,editor,starter,2023-07-09,2025-02-07,True
1023,422,frank.quinn@catalystsoftware.com,viewer,starter,2024-12-31,2025-02-28,False
1024,292,paul.hall@velocityanalytics.com,viewer,professional,2024-10-31,2025-02-03,True
1025,988,alice.hall@catalysttechnologies.com,viewer,starter,2023-12-11,2025-01-30,True
1026,806,,editor,professional,2023-03-19,2023-11-08,False
1027,604,grace.jones@velocitynetworks.com,viewer,professional,2024-11-17,2025-02-14,True
1028,416,uma.lopez@vertexenterprises.com,editor,professional,2023-03-04,2025-02-03,True
1029,728,paul.davis@velocityenterprises.com,editor,free,2024-08-17,2025-02-28,False
1030,180,wendy.garcia@quantumdigital.com,editor,professional,2024-10-28,2025-02-03,True
1031,608,uma.baker@nexusservices.com,viewer,professional,2024-10-19,2025-02-20,True
1032,970,quinn.evans@quantumnetworks.com,viewer,professional,2022-04-22,2022-05-27,False
1033,439,mia.foster@nexusnetworks.com,admin,enterprise,2024-05-01,2025-02-19,True
1034,578,steve.smith@elevatepartners.com,viewer,starter,2024-08-23,2024-11-20,False
1035,874,mia.ingram@quantumservices.com,admin,professional,2020-12-14,2025-02-07,True
1036,837,alice.adams@pinnacleholdings.com,viewer,free,2022-04-30,2025-02-04,True
1037,643,quinn.adams@catalystnetworks.com,editor,enterprise,2023-09-29,2025-02-08,True
1038,439,nate.garcia@nexusnetworks.com,viewer,enterprise,2024-06-10,2025-02-10,True
1039,771,hank.lopez@vertexsolutions.com,admin,professional,2025-01-28,2025-02-06,True
1040,532,steve.baker@catalystsystems.com,editor,professional,2024-02-27,2025-02-08,True
1041,507,karen.miller@elevatenetworks.com,editor,enterprise,2022-03-23,2025-02-14,True
1042,920,alice.evans@velocityplatforms.com,viewer,enterprise,2025-02-27,2025-01-29,True
1043,750,tina.owens@horizonservices.com,editor,professional,2024-11-16,2025-02-15,True
1044,24,grace.lopez@quantumsystems.com,viewer,enterprise,2024-12-14,2025-02-18,True
1045,34,quinn.park@zenithanalytics.com,viewer,free,2022-05-25,2023-05-11,False
1046,426,alice.smith@nexusgroup.com,viewer,enterprise,2021-11-14,2025-02-21,True
1047,279,alice.nguyen@summitsolutions.com,editor,starter,2024-04-12,2025-02-23,True
1048,400,ivy.taylor@fusionsolutions.com,viewer,starter,2024-07-17,2024-08-16,False
1049,566,jack.taylor@optimaanalytics.com,viewer,enterprise,2024-12-20,2025-02-28,False
1050,440,quinn.clark@acmesystems.com,admin,starter,2025-02-11,2025-02-17,True
1051,583,steve.taylor@pacificanalytics.com,viewer,starter,2024-04-21,2025-02-13,True
1052,820,karen.nguyen@vanguardsystems.com,viewer,free,2024-10-21,2025-02-09,True
1053,79,xander.foster@nexuslabs.com,admin,starter,2024-08-15,2025-02-06,True
1054,279,olivia.foster@summitsolutions.com,editor,starter,2024-05-17,2025-02-12,True
1055,328,hank.davis@nexusdynamics.com,viewer,enterprise,2023-09-14,2024-05-19,False
1056,377,nate.park@atlassystems.com,viewer,enterprise,2024-12-31,2025-02-02,True
1057,412,uma.ingram@elevateanalytics.com,editor,professional,2025-02-08,2025-02-06,True
1058,893,quinn.hall@atlasinc.com,viewer,professional,2024-10-10,2025-02-09,True
1059,1,ivy.davis@elevatenetworks.com,editor,free,2024-01-01,2025-01-29,True
1060,83,eve.taylor@zenithnetworks.com,editor,free,2024-11-12,2025-02-22,True
1061,337,grace.owens@optimaanalytics.com,editor,enterprise,2024-10-14,2024-11-26,False
1062,204,rosa.adams@elevateanalytics.com,viewer,free,2024-05-03,2024-10-23,False
1063,559,uma.garcia@nexustechnologies.com,admin,professional,2024-05-22,2025-02-08,True
1064,85,dan.foster@acmesystems.com,viewer,starter,2024-02-20,2025-02-08,True
1065,603,eve.hall@acmedigital.com,viewer,professional,2024-10-30,2025-01-30,True
1066,149,nate.adams@quantumlabs.com,admin,free,2024-12-27,2025-02-28,True
1067,419,,admin,starter,2022-12-20,2025-02-08,True
1068,634,eve.nguyen@pacificenterprises.com,viewer,free,2024-10-28,2025-02-21,True
1069,392,karen.owens@fusiondigital.com,editor,starter,2024-05-18,2024-07-05,False
1070,655,grace.garcia@quantumdigital.com,admin,starter,2025-02-22,2025-02-16,True
1071,164,rosa.taylor@summitgroup.com,admin,professional,2024-12-22,2025-02-17,True
1072,776,mia.park@apexlabs.com,viewer,starter,2023-10-08,2025-02-08,True
1073,708,frank.smith@apexcorp.com,viewer,starter,2022-06-08,2022-12-05,False
1074,942,paul.hall@vanguardsoftware.com,editor,professional,2024-09-24,2025-02-25,True
1075,983,steve.clark@atlasdynamics.com,viewer,free,2023-01-03,2025-01-31,True
1076,750,tina.jones@horizonservices.com,admin,professional,2024-08-25,2025-02-18,True
1077,252,nate.quinn@optimasolutions.com,admin,professional,2023-10-05,2024-04-22,False
1078,376,vince.baker@quantumgroup.com,editor,free,2024-10-13,2025-01-30,True
1079,24,grace.clark@quantumsystems.com,editor,enterprise,2025-02-18,2025-01-29,True
1080,480,mia.ingram@acmesolutions.com,admin,professional,2023-05-30,2024-01-19,False
1081,646,steve.hall@summitsoftware.com,editor,starter,2024-09-06,2024-12-31,False
1082,658,paul.quinn@vanguardsoftware.com,editor,starter,2024-09-06,2025-02-28,False
1083,384,rosa.park@vanguarddigital.com,editor,enterprise,2024-06-02,2024-11-24,False
1084,731,steve.adams@horizonholdings.com,admin,professional,2024-01-17,2025-01-31,True
1085,825,rosa.kim@apexenterprises.com,editor,free,2021-01-25,2025-01-30,True
1086,542,nate.clark@apexnetworks.com,viewer,free,2024-11-21,2025-02-06,True
1087,258,carol.lopez@atlasservices.com,editor,professional,2024-01-23,2024-04-02,False
1088,493,leo.kim@optimaservices.com,admin,professional,2024-12-06,2025-02-01,True
1089,246,hank.baker@fusionlabs.com,viewer,professional,2022-08-27,2023-01-22,False
1090,621,bob.kim@fusioncorp.com,viewer,starter,2024-06-21,2025-02-14,True
1091,634,wendy.park@pacificenterprises.com,editor,free,2025-01-09,2025-02-21,True
1092,765,paul.rivera@novasoftware.com,viewer,professional,2024-11-26,2025-02-20,True
1093,135,karen.taylor@horizonanalytics.com,editor,enterprise,2023-04-19,2025-02-22,True
1094,202,bob.evans@apexdigital.com,editor,enterprise,2022-07-17,2025-02-13,True
1095,548,leo.clark@quantumholdings.com,editor,professional,2024-10-14,2025-02-01,True
1096,185,karen.jones@synergysoftware.com,viewer,starter,2025-02-07,2025-02-02,True
1097,245,frank.baker@globallabs.com,viewer,enterprise,2024-03-07,2025-02-11,True
1098,7,rosa.garcia@catalystplatforms.com,admin,starter,2021-05-23,2022-03-18,False
1099,149,uma.taylor@quantumlabs.com,viewer,free,2025-01-02,2025-02-17,True
1100,15,carol.lopez@nexusinc.com,editor,starter,2023-08-24,2025-02-18,True
1101,123,paul.rivera@atlasinc.com,viewer,professional,2021-06-11,2021-12-08,False
1102,866,karen.owens@optimaenterprises.com,viewer,enterprise,2022-07-13,2023-01-22,False
1103,925,grace.clark@atlastechnologies.com,admin,starter,2025-01-21,2025-02-11,True
1104,275,bob.lopez@acmeinc.com,viewer,enterprise,2023-05-21,2025-02-02,True
1105,15,xander.nguyen@nexusinc.com,editor,starter,2022-08-29,2025-02-21,True
1106,473,,editor,free,2024-12-22,2025-02-28,False
1107,124,leo.davis@vertexholdings.com,viewer,free,2024-04-02,2025-02-08,True
1108,141,eve.smith@acmeplatforms.com,editor,enterprise,2025-01-01,2025-02-25,True
1109,467,steve.taylor@vanguardpartners.com,editor,enterprise,2023-04-04,2023-09-22,False
1110,556,karen.park@vertexanalytics.com,editor,free,2021-07-27,2021-11-18,False
1111,231,carol.hall@globalcorp.com,editor,starter,2024-10-17,2025-02-14,True
1112,998,mia.adams@synergysolutions.com,editor,professional,2024-07-29,2025-02-23,True
1113,57,olivia.owens@nexuscorp.com,editor,professional,2024-12-28,2025-02-27,True
1114,413,vince.jones@pacificlabs.com,editor,enterprise,2025-02-01,2025-02-28,False
1115,453,bob.evans@nexusholdings.com,editor,professional,2022-09-24,2025-02-28,True
1116,159,frank.park@horizonsystems.com,editor,enterprise,2023-12-14,2025-02-26,True
1117,897,xander.hall@novaplatforms.com,editor,free,2024-10-06,2025-01-30,True
1118,681,jack.garcia@pacificsystems.com,editor,free,2022-01-07,2025-02-25,True
1119,142,karen.park@summitdigital.com,viewer,starter,2024-10-31,2025-02-10,True
1120,752,frank.nguyen@optimatechnologies.com,viewer,starter,2024-12-02,2025-02-28,False
1121,41,jack.evans@nexuscorp.com,editor,starter,2021-11-17,2025-01-30,True
1122,313,olivia.hall@globalsolutions.com,viewer,professional,2024-10-06,2025-02-26,True
1123,953,olivia.quinn@pinnacledigital.com,viewer,professional,2024-05-15,2024-12-31,False
1124,796,ivy.baker@summitservices.com,editor,free,2024-11-12,2025-02-14,True
1125,859,dan.owens@catalystinc.com,admin,starter,2024-05-14,2025-01-30,True
1126,451,carol.kim@novadigital.com,editor,starter,2024-09-18,2025-02-28,False
1127,663,grace.hall@optimadynamics.com,viewer,starter,2024-07-04,2025-02-28,False
1128,927,tina.quinn@apexservices.com,editor,enterprise,2025-01-15,2025-02-28,False
1129,855,rosa.clark@globalpartners.com,editor,free,2024-07-26,2025-02-28,True
1130,278,uma.owens@vanguardtechnologies.com,editor,free,2024-10-25,2025-02-04,True
1131,26,uma.nguyen@acmeinc.com,viewer,starter,2024-08-28,2025-02-28,False
1132,448,frank.ingram@quantumgroup.com,editor,enterprise,2024-09-21,2025-02-27,True
1133,832,jack.evans@fusionenterprises.com,admin,enterprise,2023-03-25,2025-02-26,True
1134,76,steve.park@optimasolutions.com,admin,starter,2024-11-02,2024-11-24,False
1135,351,,viewer,starter,2024-08-28,2025-02-15,True
1136,597,,editor,professional,2023-09-08,2025-02-22,True
1137,78,hank.garcia@zenithpartners.com,editor,enterprise,2023-12-05,2025-02-06,True
1138,299,grace.rivera@catalystsolutions.com,viewer,enterprise,2022-12-14,2025-02-07,True
1139,165,dan.miller@globalnetworks.com,editor,enterprise,2025-01-14,2025-02-14,True
1140,135,olivia.garcia@horizonanalytics.com,viewer,enterprise,2022-09-26,2025-02-17,True
1141,680,steve.garcia@pinnaclesystems.com,viewer,enterprise,2024-04-04,2025-02-01,True
1142,632,carol.adams@optimasolutions.com,editor,professional,2022-07-26,2025-02-27,True
1143,541,alice.garcia@zenithinc.com,viewer,professional,2024-12-24,2025-01-31,True
1144,255,tina.miller@pacificlabs.com,viewer,professional,2024-12-13,2025-02-01,True
1145,513,hank.adams@novasoftware.com,admin,enterprise,2021-03-21,2021-09-13,False
1146,7,nate.foster@catalystplatforms.com,editor,starter,2023-02-10,2025-02-08,True
1147,483,grace.owens@acmedynamics.com,editor,free,2025-01-19,2025-02-27,True
1148,942,grace.rivera@vanguardsoftware.com,admin,professional,2023-11-07,2025-02-12,True
1149,240,uma.foster@optimadigital.com,viewer,starter,2023-04-19,2025-02-10,True
1150,63,eve.taylor@quantumdynamics.com,viewer,starter,2022-11-04,2023-05-01,False
1151,759,wendy.nguyen@quantumservices.com,viewer,professional,2020-05-18,2025-02-14,True
1152,924,carol.kim@pacifictechnologies.com,viewer,professional,2024-09-25,2025-02-25,True
1153,706,ivy.nguyen@elevatesoftware.com,admin,enterprise,2023-10-17,2025-02-17,True
1154,910,olivia.evans@zenithsoftware.com,viewer,starter,2022-03-15,2025-02-10,True
1155,93,ivy.kim@fusionholdings.com,editor,free,2023-08-22,2025-02-23,True
1156,371,paul.foster@fusionsystems.com,viewer,professional,2022-11-13,2025-02-17,True
1157,225,carol.baker@optimasystems.com,editor,enterprise,2024-10-09,2025-02-28,False
1158,272,alice.miller@catalystsoftware.com,viewer,free,2025-02-12,2025-02-28,False
1159,685,karen.garcia@fusiongroup.com,editor,starter,2024-05-30,2025-02-04,True
1160,186,olivia.foster@acmeinc.com,editor,enterprise,2023-11-23,2024-02-07,False
1161,769,vince.davis@globalplatforms.com,editor,professional,2024-06-10,2025-02-01,True
1162,574,bob.adams@zenithsoftware.com,editor,enterprise,2023-06-14,2025-02-08,True
1163,905,alice.jones@vanguardtechnologies.com,viewer,enterprise,2023-01-25,2025-02-18,True
1164,451,leo.miller@novadigital.com,viewer,starter,2024-11-28,2025-02-28,False
1165,301,grace.kim@horizonpartners.com,admin,enterprise,2023-08-08,2025-02-24,True
1166,425,karen.clark@pinnaclepartners.com,viewer,starter,2024-10-18,2025-01-31,True
1167,616,bob.evans@vertexenterprises.com,admin,starter,2024-05-25,2024-08-16,False
1168,544,eve.baker@horizonplatforms.com,editor,enterprise,2025-02-19,2025-02-03,True
1169,299,hank.baker@catalystsolutions.com,admin,enterprise,2023-05-12,2025-02-11,True
1170,391,quinn.jones@globalsoftware.com,editor,starter,2024-04-05,2025-02-05,True
1171,284,eve.ingram@novalabs.com,viewer,professional,2025-02-09,2025-02-06,True
1172,976,hank.baker@zenithplatforms.com,viewer,enterprise,2024-06-24,2025-02-23,True
1173,699,leo.jones@vertexanalytics.com,admin,starter,2024-12-02,2025-02-28,False
1174,202,wendy.baker@apexdigital.com,admin,enterprise,2022-12-29,2025-02-20,True
1175,100,alice.taylor@apexcorp.com,admin,enterprise,2025-02-23,2025-02-13,True
1176,717,nate.nguyen@vanguardpartners.com,viewer,professional,2024-07-29,2024-09-12,False
1177,320,tina.kim@synergysolutions.com,editor,professional,2025-02-09,2025-02-04,True
1178,949,xander.owens@optimasoftware.com,viewer,professional,2022-08-02,2023-04-12,False
1179,468,uma.nguyen@vertexsolutions.com,viewer,enterprise,2023-12-04,2025-02-17,True
1180,750,,viewer,professional,2024-06-07,2025-02-12,True
1181,255,leo.quinn@pacificlabs.com,editor,professional,2025-01-23,2025-02-17,True
1182,151,jack.ingram@atlasgroup.com,editor,professional,2024-11-18,2025-02-17,True
1183,142,xander.jones@summitdigital.com,editor,starter,2024-06-08,2025-02-09,True
1184,833,tina.evans@velocitydigital.com,editor,professional,2022-08-03,2023-03-30,False
1185,825,karen.park@apexenterprises.com,editor,free,2021-07-16,2021-10-31,False
1186,551,nate.evans@catalystinc.com,viewer,starter,2020-04-12,2025-02-17,True
1187,301,karen.adams@horizonpartners.com,editor,enterprise,2024-01-22,2024-11-10,False
1188,2,carol.lopez@fusionnetworks.com,editor,professional,2024-10-27,2025-02-18,True
1189,936,bob.park@summitenterprises.com,editor,professional,2024-12-03,2025-02-09,True
1190,323,bob.evans@zenithpartners.com,admin,professional,2024-12-16,2025-02-20,True
1191,726,paul.evans@zenithdynamics.com,viewer,starter,2023-05-10,2023-11-08,False
1192,18,mia.ingram@velocitydigital.com,viewer,free,2024-11-06,2025-02-28,False
1193,255,tina.quinn@pacificlabs.com,viewer,professional,2025-01-10,2025-02-25,True
1194,254,tina.owens@nexusplatforms.com,admin,starter,2024-04-13,2024-07-21,False
1195,734,ivy.lopez@optimanetworks.com,viewer,starter,2024-11-03,2025-02-05,True
1196,200,ivy.hall@summitpartners.com,viewer,professional,2024-02-04,2024-06-18,False
1197,960,paul.miller@vanguardlabs.com,viewer,professional,2024-12-07,2025-02-07,True
1198,581,frank.miller@synergyinc.com,editor,starter,2025-02-03,2025-02-07,True
1199,476,vince.hall@horizondynamics.com,viewer,professional,2025-01-28,2025-02-06,True
1200,555,olivia.davis@atlasplatforms.com,viewer,professional,2024-07-19,2025-01-29,True
1201,137,wendy.miller@catalystholdings.com,editor,starter,2025-01-30,2025-02-16,True
1202,258,hank.garcia@atlasservices.com,viewer,professional,2021-10-02,2025-02-03,True
1203,6,tina.davis@novaholdings.com,viewer,starter,2024-10-18,2025-02-05,True
1204,699,leo.evans@vertexanalytics.com,editor,starter,2025-01-15,2025-02-04,True
1205,743,rosa.nguyen@quantumpartners.com,editor,starter,2024-09-24,2025-02-05,True
1206,259,uma.jones@optimaservices.com,admin,free,2024-10-27,2025-02-11,True
1207,562,olivia.lopez@vanguardsoftware.com,viewer,enterprise,2023-12-19,2025-02-23,True
1208,630,vince.foster@vertexsystems.com,admin,starter,2025-01-03,2025-02-11,True
1209,302,,admin,starter,2023-12-08,2025-02-06,True
1210,727,xander.park@acmeservices.com,admin,professional,2021-05-26,2025-02-26,True
1211,166,bob.taylor@pinnacleinc.com,editor,starter,2020-09-26,2025-02-01,True
1212,562,wendy.baker@vanguardsoftware.com,editor,enterprise,2024-12-05,2025-02-07,True
1213,436,,editor,enterprise,2024-02-28,2025-02-11,True
1214,170,dan.adams@quantumlabs.com,viewer,professional,2024-09-16,2025-02-05,True
1215,458,nate.jones@optimagroup.com,admin,starter,2024-12-28,2025-02-03,True
1216,814,jack.clark@velocitydigital.com,editor,enterprise,2023-05-25,2025-02-07,True
1217,158,nate.rivera@pinnacleholdings.com,editor,professional,2021-01-04,2021-08-05,False
1218,281,hank.jones@horizonsystems.com,admin,starter,2024-08-30,2025-02-28,False
1219,794,uma.quinn@pacificenterprises.com,editor,enterprise,2024-12-18,2025-02-14,True
1220,995,ivy.taylor@vanguardlabs.com,viewer,free,2024-01-20,2025-02-09,True
1221,941,rosa.adams@apexnetworks.com,viewer,starter,2023-07-16,2025-02-16,True
1222,764,alice.miller@pinnaclecorp.com,editor,professional,2021-03-26,2025-02-19,True
1223,468,vince.foster@vertexsolutions.com,viewer,enterprise,2024-08-11,2025-02-28,False
1224,224,frank.baker@fusiondigital.com,viewer,enterprise,2024-10-27,2025-02-14,True
1225,373,tina.taylor@nexusnetworks.com,editor,starter,2024-05-13,2025-02-27,True
1226,291,leo.smith@summitenterprises.com,viewer,professional,2023-06-13,2024-03-06,False
1227,374,carol.hall@pinnacleenterprises.com,viewer,free,2024-04-27,2025-02-09,True
1228,551,carol.baker@catalystinc.com,viewer,starter,2022-06-15,2025-02-21,True
1229,881,jack.nguyen@zenithservices.com,editor,professional,2024-08-29,2025-02-18,True
1230,410,steve.smith@summitanalytics.com,viewer,free,2023-06-03,2024-04-05,False
1231,485,jack.baker@apexdynamics.com,editor,professional,2025-02-10,2025-02-02,True
1232,22,karen.owens@atlasenterprises.com,editor,starter,2023-01-09,2025-02-18,True
1233,982,carol.garcia@zenithtechnologies.com,admin,enterprise,2024-08-03,2025-02-28,False
1234,450,steve.davis@summitdigital.com,viewer,free,2023-07-01,2025-02-15,True
1235,128,xander.davis@pinnacleinc.com,editor,enterprise,2024-10-19,2025-02-28,True
1236,234,nate.park@elevateplatforms.com,viewer,free,2022-11-12,2025-02-20,True
1237,199,nate.davis@velocitygroup.com,editor,starter,2023-04-23,2025-02-19,True
1238,4,jack.adams@vanguardplatforms.com,editor,starter,2024-10-12,2025-01-29,True
1239,193,,viewer,professional,2025-01-05,2025-02-10,True
1240,809,vince.baker@nexusnetworks.com,editor,starter,2022-02-02,2025-02-10,True
1241,39,quinn.clark@acmesoftware.com,editor,professional,2025-01-03,2025-02-19,True
1242,563,paul.baker@elevatesystems.com,admin,professional,2025-02-16,2025-01-29,True
1243,733,wendy.garcia@synergygroup.com,admin,professional,2024-09-15,2025-02-03,True
1244,861,carol.nguyen@nexusholdings.com,viewer,starter,2024-12-22,2025-02-28,False
1245,141,olivia.quinn@acmeplatforms.com,viewer,enterprise,2024-11-09,2025-02-28,False
1246,233,olivia.kim@optimanetworks.com,admin,professional,2024-06-11,2025-02-28,False
1247,632,mia.nguyen@optimasolutions.com,admin,professional,2023-03-25,2025-02-13,True
1248,106,rosa.lopez@fusiongroup.com,admin,professional,2025-01-28,2025-02-19,True
1249,610,wendy.smith@horizoncorp.com,editor,professional,2024-01-18,2024-07-12,False
1250,490,quinn.park@elevatenetworks.com,editor,enterprise,2023-07-19,2024-07-11,False
1251,543,quinn.clark@novaenterprises.com,viewer,professional,2024-06-17,2025-02-10,True
1252,188,,editor,starter,2022-09-04,2025-02-18,True
1253,859,steve.garcia@catalystinc.com,viewer,starter,2024-11-06,2025-02-06,True
1254,220,uma.park@horizonpartners.com,viewer,professional,2023-04-30,2025-02-04,True
1255,529,rosa.clark@nexusplatforms.com,editor,starter,2022-12-05,2023-02-03,False
1256,411,frank.nguyen@vertexlabs.com,viewer,professional,2023-11-25,2025-02-02,True
1257,90,hank.park@vertexsolutions.com,viewer,starter,2025-02-12,2025-01-31,True
1258,440,steve.baker@acmesystems.com,viewer,starter,2025-01-15,2025-02-01,True
1259,14,,editor,professional,2024-09-01,2025-02-12,True
1260,928,tina.taylor@novaholdings.com,admin,enterprise,2023-08-13,2025-02-13,True
1261,828,bob.rivera@quantumsystems.com,admin,professional,2022-11-01,2025-02-25,True
1262,903,mia.park@novaenterprises.com,viewer,professional,2024-11-12,2025-02-16,True
1263,694,leo.kim@nexussoftware.com,editor,starter,2024-09-15,2025-02-16,True
1264,400,paul.quinn@fusionsolutions.com,viewer,starter,2024-12-09,2025-02-19,True
1265,991,jack.evans@fusionholdings.com,editor,enterprise,2024-06-11,2025-02-10,True
1266,534,paul.park@horizonlabs.com,editor,professional,2024-03-22,2025-02-04,True
1267,665,,editor,starter,2024-08-02,2025-01-30,True
1268,734,hank.davis@optimanetworks.com,viewer,starter,2024-12-05,2025-02-06,True
1269,860,vince.miller@summitenterprises.com,editor,starter,2024-12-20,2025-02-28,False
1270,101,mia.garcia@fusionplatforms.com,viewer,enterprise,2024-08-26,2025-02-28,False
1271,963,frank.jones@velocitydigital.com,viewer,starter,2025-02-16,2025-02-24,True
1272,622,uma.taylor@velocitytechnologies.com,editor,enterprise,2024-12-03,2025-02-19,True
1273,254,hank.rivera@nexusplatforms.com,editor,starter,2024-10-14,2024-11-28,False
1274,1,nate.hall@elevatenetworks.com,editor,free,2023-09-17,2024-07-10,False
1275,1000,mia.owens@fusionholdings.com,editor,free,2022-03-24,2025-02-20,True
1276,370,dan.nguyen@summitsoftware.com,viewer,starter,2024-12-15,2025-02-23,True
1277,713,mia.jones@horizonholdings.com,editor,starter,2023-02-03,2023-12-19,False
1278,41,ivy.park@nexuscorp.com,editor,starter,2024-03-10,2025-02-04,True
1279,893,leo.owens@atlasinc.com,viewer,professional,2025-01-09,2025-02-21,True
1280,10,vince.quinn@pacificcorp.com,viewer,starter,2024-03-06,2025-02-01,True
1281,613,nate.davis@elevateplatforms.com,viewer,starter,2025-01-31,2025-02-28,False
1282,731,paul.davis@horizonholdings.com,editor,professional,2024-12-11,2025-02-21,True
1283,865,quinn.evans@synergysolutions.com,editor,free,2024-08-24,2025-02-11,True
1284,140,xander.ingram@velocityenterprises.com,editor,starter,2025-02-16,2025-02-28,False
1285,238,hank.miller@fusiongroup.com,admin,enterprise,2021-02-22,2025-02-15,True
1286,807,carol.kim@fusiondigital.com,viewer,professional,2023-04-30,2023-08-30,False
1287,19,carol.quinn@acmegroup.com,editor,professional,2023-07-20,2024-04-04,False
1288,476,dan.miller@horizondynamics.com,editor,professional,2025-02-12,2025-02-13,True
1289,690,wendy.rivera@synergytechnologies.com,viewer,professional,2024-06-26,2025-02-16,True
1290,83,quinn.ingram@zenithnetworks.com,viewer,free,2025-02-19,2025-02-21,True
1291,808,bob.miller@quantumplatforms.com,editor,professional,2024-03-10,2024-06-09,False
1292,148,carol.clark@fusiontechnologies.com,editor,professional,2024-12-14,2025-02-28,False
1293,318,steve.miller@summitlabs.com,editor,professional,2024-11-29,2025-02-14,True
1294,721,vince.quinn@zenithinc.com,editor,professional,2022-04-12,2025-02-08,True
1295,10,dan.ingram@pacificcorp.com,viewer,starter,2024-03-30,2024-10-15,False
1296,482,wendy.evans@pacificanalytics.com,editor,enterprise,2023-12-17,2024-03-27,False
1297,529,leo.lopez@nexusplatforms.com,viewer,starter,2021-08-20,2022-03-03,False
1298,683,rosa.clark@novaplatforms.com,viewer,free,2024-08-24,2025-02-02,True
1299,400,olivia.jones@fusionsolutions.com,viewer,starter,2024-11-07,2025-01-30,True
1300,705,steve.kim@optimainc.com,admin,enterprise,2024-11-08,2025-02-16,True
1301,261,frank.davis@summitpartners.com,viewer,professional,2024-11-09,2025-02-28,False
1302,166,leo.smith@pinnacleinc.com,viewer,starter,2020-08-16,2025-02-22,True
1303,58,leo.quinn@acmegroup.com,admin,professional,2023-04-20,2025-02-27,True
1304,17,olivia.clark@pacificlabs.com,editor,professional,2023-05-16,2023-08-13,False
1305,894,steve.evans@pacificsolutions.com,admin,starter,2022-10-15,2025-02-26,True
1306,733,wendy.miller@synergygroup.com,editor,professional,2025-02-02,2025-02-02,True
1307,799,leo.hall@atlasplatforms.com,editor,starter,2022-04-29,2025-02-01,True
1308,529,mia.baker@nexusplatforms.com,editor,starter,2022-09-17,2025-02-24,True
1309,137,mia.evans@catalystholdings.com,editor,starter,2023-08-09,2025-02-05,True
1310,586,,editor,professional,2024-06-29,2025-02-28,True
1311,172,eve.smith@acmenetworks.com,editor,professional,2023-08-20,2025-02-12,True
1312,416,vince.clark@vertexenterprises.com,editor,professional,2024-03-02,2025-02-06,True
1313,165,tina.hall@globalnetworks.com,editor,enterprise,2023-04-27,2025-02-28,True
1314,734,vince.owens@optimanetworks.com,editor,starter,2025-01-09,2025-02-09,True
1315,862,uma.smith@vanguardgroup.com,viewer,starter,2021-12-15,2025-02-02,True
1316,43,grace.quinn@velocitycorp.com,viewer,starter,2022-11-28,2023-08-20,False
1317,10,xander.nguyen@pacificcorp.com,editor,starter,2022-12-02,2025-01-30,True
1318,137,ivy.quinn@catalystholdings.com,admin,starter,2024-01-10,2025-02-16,True
1319,939,hank.taylor@acmeinc.com,admin,starter,2024-09-17,2025-02-04,True
1320,478,steve.miller@elevatecorp.com,admin,starter,2023-12-17,2025-02-18,True
1321,50,carol.ingram@fusiontechnologies.com,viewer,professional,2024-12-30,2025-01-29,True
1322,865,leo.lopez@synergysolutions.com,viewer,free,2024-10-23,2025-02-18,True
1323,208,uma.park@vertexenterprises.com,editor,professional,2024-10-15,2025-02-22,True
1324,728,rosa.davis@velocityenterprises.com,viewer,free,2024-10-28,2025-02-25,True
1325,414,uma.rivera@velocitysystems.com,viewer,enterprise,2025-01-22,2025-01-31,True
1326,375,eve.hall@pinnaclelabs.com,viewer,enterprise,2022-11-23,2023-08-28,False
1327,675,carol.lopez@summitanalytics.com,viewer,free,2023-03-09,2025-02-23,True
1328,100,jack.evans@apexcorp.com,viewer,enterprise,2024-12-21,2025-02-06,True
1329,858,jack.ingram@quantumtechnologies.com,admin,professional,2024-03-09,2025-01-30,True
1330,213,dan.park@fusionanalytics.com,viewer,professional,2021-05-05,2025-02-19,True
1331,257,mia.nguyen@synergylabs.com,editor,enterprise,2021-12-27,2025-02-04,True
1332,880,leo.nguyen@summitanalytics.com,viewer,professional,2024-10-15,2025-02-28,False
1333,967,eve.rivera@elevatetechnologies.com,editor,starter,2024-06-09,2025-01-16,False
1334,586,paul.ingram@optimasystems.com,viewer,professional,2025-02-14,2025-02-28,False
1335,345,uma.lopez@novaanalytics.com,editor,professional,2024-01-02,2025-02-26,True
1336,664,olivia.quinn@zenithdynamics.com,editor,professional,2024-01-30,2025-02-23,True
1337,681,hank.owens@pacificsystems.com,viewer,free,2024-11-02,2024-12-17,False
1338,351,frank.foster@velocitylabs.com,viewer,starter,2022-11-28,2023-03-18,False
1339,845,jack.miller@velocitycorp.com,editor,free,2023-03-13,2025-02-01,True
1340,399,olivia.ingram@nexuscorp.com,viewer,starter,2024-06-24,2025-02-03,True
1341,497,paul.garcia@vertexservices.com,viewer,professional,2024-10-11,2025-02-16,True
1342,378,leo.taylor@vanguardnetworks.com,viewer,enterprise,2024-04-28,2025-02-16,True
1343,837,hank.kim@pinnacleholdings.com,admin,free,2023-04-12,2025-02-02,True
1344,10,nate.adams@pacificcorp.com,viewer,starter,2022-11-20,2025-02-28,True
1345,62,mia.ingram@horizonholdings.com,viewer,starter,2024-11-09,2025-02-03,True
1346,481,jack.baker@fusioncorp.com,admin,starter,2024-06-02,2025-02-23,True
1347,524,carol.hall@vertexdynamics.com,editor,starter,2023-10-30,2025-02-18,True
1348,371,xander.miller@fusionsystems.com,admin,professional,2023-05-01,2025-02-03,True
1349,714,mia.clark@globalenterprises.com,editor,starter,2024-09-12,2025-02-10,True
1350,700,hank.ingram@catalystnetworks.com,viewer,free,2024-07-11,2025-02-09,True
1351,248,xander.park@horizondigital.com,admin,starter,2024-11-23,2025-02-28,False
1352,173,grace.kim@globalsystems.com,editor,professional,2024-06-21,2025-02-19,True
1353,282,karen.davis@globalnetworks.com,viewer,starter,2024-08-15,2025-02-02,True
1354,896,,viewer,starter,2025-02-01,2025-02-28,True
1355,942,mia.rivera@vanguardsoftware.com,admin,professional,2025-02-09,2025-02-15,True
1356,894,wendy.davis@pacificsolutions.com,editor,starter,2024-05-02,2025-02-17,True
1357,877,nate.owens@optimaholdings.com,viewer,free,2023-12-20,2025-02-09,True
1358,224,alice.nguyen@fusiondigital.com,admin,enterprise,2023-01-04,2025-02-19,True
1359,306,frank.foster@synergycorp.com,admin,professional,2023-07-29,2025-02-07,True
1360,486,leo.adams@zenithplatforms.com,editor,enterprise,2023-07-11,2025-02-03,True
1361,135,bob.adams@horizonanalytics.com,viewer,enterprise,2022-10-27,2025-02-16,True
1362,697,hank.quinn@globalgroup.com,admin,free,2024-07-27,2025-02-10,True
1363,433,leo.smith@nexussoftware.com,viewer,free,2021-11-02,2022-01-04,False
1364,786,carol.garcia@quantumsolutions.com,viewer,starter,2025-02-26,2025-02-03,True
1365,965,leo.jones@zenithtechnologies.com,viewer,free,2024-08-20,2024-12-20,False
1366,518,steve.miller@velocitysolutions.com,editor,starter,2024-12-02,2025-02-22,False
1367,249,steve.smith@acmedigital.com,editor,free,2023-09-10,2025-01-30,True
1368,592,hank.clark@nexuslabs.com,editor,starter,2023-08-30,2025-02-01,True
1369,248,steve.davis@horizondigital.com,editor,starter,2025-01-04,2025-02-18,True
1370,569,rosa.smith@pinnaclegroup.com,viewer,professional,2024-11-10,2025-02-20,True
1371,408,grace.lopez@acmetechnologies.com,editor,starter,2024-12-25,2025-02-28,True
1372,364,alice.nguyen@optimasolutions.com,admin,starter,2024-07-01,2025-02-16,True
1373,797,alice.jones@globalsystems.com,viewer,enterprise,2024-10-16,2025-02-28,False
1374,42,alice.owens@fusionsolutions.com,editor,professional,2024-10-29,2025-02-07,True
1375,284,ivy.evans@novalabs.com,viewer,professional,2025-01-30,2025-02-11,True
1376,531,uma.park@atlasservices.com,admin,professional,2024-12-19,2025-01-31,True
1377,788,alice.owens@pacificplatforms.com,viewer,professional,2024-09-07,2025-02-28,False
1378,254,hank.garcia@nexusplatforms.com,editor,starter,2022-09-02,2025-02-21,True
1379,85,jack.baker@acmesystems.com,editor,starter,2023-02-13,2023-04-30,False
1380,178,uma.clark@novadynamics.com,admin,free,2023-11-26,2025-02-08,True
1381,526,steve.smith@globalinc.com,admin,professional,2023-11-09,2025-02-14,True
1382,36,olivia.nguyen@apexsolutions.com,viewer,free,2024-02-27,2025-02-25,True
1383,363,frank.smith@nexuslabs.com,viewer,starter,2022-01-12,2025-02-19,True
1384,701,leo.adams@globalservices.com,viewer,professional,2025-01-05,2025-02-18,True
1385,502,mia.lopez@elevateservices.com,viewer,enterprise,2024-11-28,2025-02-22,True
1386,566,tina.miller@optimaanalytics.com,viewer,enterprise,2024-09-07,2025-02-24,True
1387,188,rosa.hall@apexdynamics.com,viewer,starter,2024-10-24,2025-02-21,True
1388,725,frank.adams@elevateenterprises.com,editor,professional,2023-09-13,2025-02-13,True
1389,424,uma.kim@velocitypartners.com,viewer,starter,2023-12-03,2025-02-01,True
1390,212,rosa.rivera@nexuspartners.com,viewer,free,2024-08-04,2025-02-05,True
1391,32,,editor,starter,2021-05-28,2025-02-06,True
1392,425,dan.garcia@pinnaclepartners.com,viewer,starter,2023-09-22,2025-02-28,True
1393,427,alice.miller@atlaslabs.com,viewer,enterprise,2024-10-13,2025-02-18,True
1394,975,leo.davis@quantumholdings.com,admin,free,2024-05-24,2025-02-06,True
1395,657,olivia.jones@vertexsystems.com,viewer,professional,2023-10-12,2025-02-24,True
1396,861,steve.taylor@nexusholdings.com,admin,starter,2024-12-31,2025-02-25,True
1397,43,uma.clark@velocitycorp.com,viewer,starter,2024-10-11,2024-10-28,False
1398,222,quinn.hall@pinnaclecorp.com,admin,enterprise,2021-06-20,2025-01-29,True
1399,890,mia.park@catalystsolutions.com,editor,starter,2023-10-05,2024-09-11,False
1400,890,ivy.jones@catalystsolutions.com,viewer,starter,2023-11-29,2025-02-21,True
1401,813,hank.smith@apexanalytics.com,viewer,professional,2023-09-12,2025-02-21,True
1402,431,grace.foster@atlasdigital.com,editor,free,2024-12-02,2025-02-27,True
1403,692,rosa.garcia@velocitypartners.com,viewer,professional,2024-12-14,2025-02-15,True
1404,104,uma.rivera@optimalabs.com,viewer,professional,2024-11-27,2025-02-16,True
1405,719,quinn.garcia@quantumcorp.com,viewer,professional,2022-07-27,2025-02-15,True
1406,444,leo.ingram@elevatepartners.com,viewer,free,2024-01-07,2024-04-10,False
1407,208,paul.baker@vertexenterprises.com,editor,professional,2024-10-18,2025-01-13,False
1408,404,steve.adams@catalysttechnologies.com,editor,professional,2025-01-15,2025-02-25,False
1409,629,alice.lopez@novasolutions.com,viewer,professional,2023-08-06,2025-02-26,True
1410,551,alice.ingram@catalystinc.com,viewer,starter,2022-06-13,2025-02-22,True
1411,281,bob.ingram@horizonsystems.com,viewer,starter,2024-09-08,2025-02-26,True
1412,305,jack.hall@pacificdynamics.com,editor,professional,2024-10-27,2025-02-25,True
1413,901,quinn.foster@acmecorp.com,viewer,professional,2023-08-25,2024-06-29,False
1414,546,quinn.davis@velocityinc.com,viewer,professional,2021-02-08,2025-02-14,True
1415,319,vince.lopez@acmepartners.com,viewer,starter,2025-01-02,2025-02-03,True
1416,855,eve.nguyen@globalpartners.com,viewer,free,2024-11-12,2025-02-09,False
1417,445,paul.garcia@fusionenterprises.com,viewer,enterprise,2024-12-30,2025-02-09,True
1418,899,jack.owens@novaplatforms.com,viewer,starter,2023-07-25,2023-09-26,False
1419,191,eve.baker@novagroup.com,viewer,starter,2023-07-17,2024-01-17,False
1420,481,rosa.quinn@fusioncorp.com,editor,starter,2025-01-16,2025-02-24,True
1421,13,alice.park@zenithtechnologies.com,admin,professional,2024-09-20,2025-02-28,False
1422,269,olivia.adams@optimadigital.com,admin,professional,2024-07-27,2025-02-25,True
1423,208,karen.ingram@vertexenterprises.com,viewer,professional,2025-01-27,2025-02-16,True
1424,750,uma.jones@horizonservices.com,admin,professional,2024-09-17,2025-02-14,True
1425,54,wendy.baker@vertexholdings.com,editor,professional,2025-01-08,2025-02-10,True
1426,5,mia.davis@optimaplatforms.com,viewer,starter,2023-03-01,2025-02-26,True
1427,140,karen.taylor@velocityenterprises.com,editor,starter,2024-12-14,2025-02-01,True
1428,948,carol.smith@globalplatforms.com,viewer,enterprise,2024-11-09,2025-02-28,True
1429,99,steve.garcia@fusiondigital.com,viewer,professional,2021-05-26,2025-02-17,True
1430,80,olivia.adams@catalystdigital.com,viewer,free,2025-01-08,2025-02-28,False
1431,691,alice.ingram@pinnacleholdings.com,viewer,enterprise,2024-11-28,2025-02-19,True
1432,461,mia.ingram@atlassoftware.com,viewer,starter,2025-01-20,2025-02-27,True
1433,143,mia.baker@horizondynamics.com,viewer,professional,2022-03-12,2025-02-11,True
1434,302,vince.lopez@atlaspartners.com,viewer,starter,2023-10-01,2025-02-16,True
1435,341,ivy.adams@elevatedigital.com,editor,professional,2021-09-06,2025-02-08,True
1436,936,eve.davis@summitenterprises.com,admin,professional,2024-10-02,2025-02-10,True
1437,53,frank.quinn@fusiondigital.com,editor,professional,2023-03-22,2025-02-01,True
1438,888,quinn.hall@globalplatforms.com,editor,enterprise,2024-11-23,2025-02-14,True
1439,933,leo.miller@pacificinc.com,viewer,professional,2023-03-08,2025-02-14,True
1440,458,eve.smith@optimagroup.com,viewer,starter,2024-12-20,2025-02-28,True
1441,451,quinn.evans@novadigital.com,viewer,starter,2024-02-01,2024-08-28,False
1442,257,eve.smith@synergylabs.com,admin,enterprise,2022-03-12,2023-02-02,False
1443,55,nate.jones@vertexgroup.com,viewer,starter,2024-10-19,2025-02-22,True
1444,233,wendy.quinn@optimanetworks.com,viewer,professional,2024-01-04,2024-08-08,False
1445,409,alice.davis@velocityplatforms.com,viewer,enterprise,2022-06-10,2023-04-12,False
1446,9,rosa.taylor@apexnetworks.com,editor,enterprise,2023-11-22,2025-01-30,True
1447,657,wendy.rivera@vertexsystems.com,admin,professional,2025-01-07,2025-02-07,True
1448,458,uma.jones@optimagroup.com,editor,starter,2024-12-02,2025-02-28,False
1449,541,eve.nguyen@zenithinc.com,editor,professional,2024-11-28,2025-02-03,True
1450,218,steve.miller@fusionholdings.com,viewer,starter,2024-07-25,2025-02-08,True
1451,654,ivy.taylor@fusiondynamics.com,editor,free,2023-08-07,2025-02-07,True
1452,55,mia.garcia@vertexgroup.com,viewer,starter,2023-09-19,2025-02-01,True
1453,546,eve.davis@velocityinc.com,editor,professional,2023-11-24,2025-02-19,True
1454,510,leo.quinn@horizonsoftware.com,viewer,starter,2024-03-31,2025-02-07,True
1455,192,karen.jones@apexservices.com,viewer,professional,2024-10-15,2025-02-26,True
1456,659,dan.davis@vanguardplatforms.com,editor,enterprise,2023-12-22,2025-02-07,True
1457,771,wendy.nguyen@vertexsolutions.com,editor,professional,2024-10-09,2025-01-30,True
1458,734,wendy.adams@optimanetworks.com,viewer,starter,2025-02-25,2025-02-11,True
1459,96,xander.nguyen@atlastechnologies.com,viewer,professional,2022-07-23,2025-02-03,True
1460,52,grace.ingram@fusioninc.com,viewer,starter,2024-08-12,2025-02-28,False
1461,754,jack.owens@elevateinc.com,editor,starter,2023-11-21,2025-02-23,True
1462,199,bob.smith@velocitygroup.com,viewer,starter,2022-11-21,2025-01-30,True
1463,509,dan.garcia@elevategroup.com,editor,professional,2025-01-17,2025-02-22,True
1464,955,paul.adams@pacificsolutions.com,viewer,starter,2022-12-29,2025-02-15,True
1465,84,frank.baker@synergyplatforms.com,admin,free,2023-12-10,2025-02-21,True
1466,860,quinn.quinn@summitenterprises.com,editor,starter,2025-01-16,2025-02-21,True
1467,234,olivia.adams@elevateplatforms.com,editor,free,2023-02-22,2025-01-31,True
1468,143,nate.clark@horizondynamics.com,viewer,professional,2023-03-03,2025-02-05,True
1469,975,rosa.baker@quantumholdings.com,admin,free,2024-11-26,2024-12-23,False
1470,205,quinn.ingram@fusiondynamics.com,editor,free,2024-05-02,2025-02-08,True
1471,730,dan.ingram@fusioninc.com,editor,starter,2023-08-17,2025-02-26,True
1472,475,alice.evans@acmedigital.com,admin,starter,2024-09-26,2025-02-20,True
1473,910,carol.taylor@zenithsoftware.com,viewer,starter,2022-08-29,2025-02-12,True
1474,233,jack.rivera@optimanetworks.com,admin,professional,2023-04-21,2025-02-21,True
1475,254,,admin,starter,2023-03-14,2025-02-14,True
1476,962,olivia.garcia@velocityinc.com,admin,enterprise,2024-06-25,2025-02-11,False
1477,880,uma.park@summitanalytics.com,editor,professional,2024-09-14,2025-02-02,True
1478,825,wendy.adams@apexenterprises.com,editor,free,2022-06-28,2025-02-01,True
1479,970,eve.evans@quantumnetworks.com,viewer,professional,2022-07-24,2025-01-29,True
1480,564,paul.evans@elevatesystems.com,editor,starter,2024-04-16,2024-12-03,False
1481,64,vince.ingram@pinnacleanalytics.com,editor,enterprise,2024-07-25,2025-02-05,True
1482,439,jack.davis@nexusnetworks.com,viewer,enterprise,2024-09-03,2025-02-17,True
1483,514,rosa.park@vertexplatforms.com,viewer,enterprise,2024-03-02,2025-02-23,True
1484,831,jack.kim@zenithdynamics.com,viewer,professional,2023-09-03,2025-02-03,True
1485,634,steve.kim@pacificenterprises.com,viewer,free,2024-08-14,2025-02-13,True
1486,15,wendy.jones@nexusinc.com,editor,starter,2023-07-28,2025-02-24,True
1487,21,steve.miller@vanguardholdings.com,editor,professional,2024-07-03,2025-02-23,True
1488,281,wendy.park@horizonsystems.com,editor,starter,2024-12-02,2025-02-23,True
1489,450,grace.rivera@summitdigital.com,viewer,free,2024-02-24,2025-02-10,True
1490,945,mia.miller@apexcorp.com,editor,starter,2024-04-07,2025-02-04,True
1491,525,wendy.foster@catalystholdings.com,editor,professional,2024-12-14,2025-02-28,False
1492,459,vince.adams@velocitydynamics.com,admin,free,2024-05-12,2025-02-10,True
1493,541,jack.rivera@zenithinc.com,editor,professional,2025-01-04,2025-02-19,True
1494,921,vince.taylor@pacificholdings.com,viewer,starter,2025-02-18,2025-02-28,False
1495,903,alice.owens@novaenterprises.com,viewer,professional,2024-11-24,2025-02-21,True
1496,707,quinn.owens@velocityanalytics.com,editor,starter,2022-03-13,2025-02-23,True
1497,274,paul.park@optimadynamics.com,viewer,professional,2023-02-18,2025-01-30,True
1498,903,xander.park@novaenterprises.com,editor,professional,2025-02-26,2025-01-30,True
1499,823,vince.lopez@synergysoftware.com,editor,free,2023-08-18,2025-02-07,True
1500,636,eve.davis@zenithenterprises.com,editor,starter,2024-07-29,2024-10-21,False
1501,397,mia.clark@horizoninc.com,editor,professional,2024-08-27,2025-02-15,True
1502,483,vince.smith@acmedynamics.com,admin,free,2022-05-15,2025-01-30,True
1503,13,alice.evans@zenithtechnologies.com,viewer,professional,2024-09-12,2025-01-29,True
1504,523,hank.kim@vertexdynamics.com,viewer,starter,2022-06-03,2025-02-25,True
1505,536,uma.taylor@horizonsolutions.com,viewer,enterprise,2022-06-16,2023-04-23,False
1506,907,paul.hall@globaldigital.com,editor,free,2025-02-22,2025-02-28,True
1507,722,vince.davis@fusiongroup.com,viewer,free,2025-01-10,2025-02-28,False
1508,222,uma.evans@pinnaclecorp.com,editor,enterprise,2021-12-01,2025-02-02,True
1509,761,,viewer,starter,2024-08-23,2025-02-16,True
1510,489,frank.lopez@pinnacleservices.com,viewer,free,2022-02-25,2025-02-07,True
1511,941,grace.clark@apexnetworks.com,viewer,starter,2023-10-30,2025-02-27,True
1512,36,grace.clark@apexsolutions.com,viewer,free,2024-10-08,2025-02-09,True
1513,625,tina.clark@pacificnetworks.com,editor,professional,2023-09-07,2025-02-13,True
1514,243,dan.davis@zenithdigital.com,viewer,enterprise,2024-02-16,2025-02-16,True
1515,782,grace.evans@atlasenterprises.com,viewer,professional,2024-09-12,2025-02-20,True
1516,788,nate.nguyen@pacificplatforms.com,editor,professional,2024-11-16,2025-01-30,True
1517,44,ivy.adams@apexinc.com,viewer,starter,2024-12-28,2025-02-28,True
1518,169,mia.lopez@nexusplatforms.com,viewer,starter,2023-12-05,2025-02-02,True
1519,822,rosa.clark@novaplatforms.com,editor,enterprise,2024-06-04,2025-01-30,True
1520,535,tina.baker@elevatelabs.com,viewer,starter,2024-07-24,2025-02-10,True
1521,110,grace.adams@catalystdynamics.com,admin,starter,2024-11-13,2025-02-01,True
1522,527,,viewer,starter,2023-10-14,2023-12-31,False
1523,595,olivia.quinn@catalystholdings.com,editor,free,2025-01-25,2025-02-28,False
1524,69,paul.adams@fusionservices.com,admin,starter,2025-01-15,2025-02-27,True
1525,746,quinn.park@atlasservices.com,viewer,enterprise,2024-11-23,2025-02-04,True
1526,697,rosa.rivera@globalgroup.com,admin,free,2024-10-15,2025-02-03,True
1527,866,tina.garcia@optimaenterprises.com,viewer,enterprise,2024-01-28,2025-02-15,True
1528,353,uma.hall@zenithcorp.com,viewer,professional,2022-06-04,2025-02-09,True
1529,93,grace.jones@fusionholdings.com,admin,free,2024-02-24,2025-02-21,True
1530,827,bob.baker@fusionsoftware.com,editor,starter,2021-12-23,2025-02-03,True
1531,235,wendy.quinn@synergynetworks.com,viewer,starter,2024-02-08,2024-02-20,False
1532,503,quinn.adams@pacificplatforms.com,editor,professional,2020-03-29,2025-02-12,True
1533,841,karen.smith@acmeinc.com,viewer,professional,2024-09-29,2024-12-31,False
1534,522,grace.adams@optimaplatforms.com,editor,starter,2024-02-05,2025-01-31,True
1535,422,steve.garcia@catalystsoftware.com,viewer,starter,2024-08-16,2025-02-14,True
1536,863,xander.ingram@pacificholdings.com,editor,starter,2024-07-14,2025-01-29,True
1537,637,karen.baker@elevateholdings.com,viewer,starter,2022-12-02,2023-09-17,False
1538,986,steve.kim@nexussystems.com,editor,professional,2024-01-10,2024-04-07,False
1539,293,karen.garcia@zenithdigital.com,editor,professional,2022-06-15,2022-09-26,False
1540,394,wendy.park@optimaenterprises.com,admin,free,2022-06-19,2025-02-12,True
1541,670,quinn.park@atlaspartners.com,viewer,starter,2022-04-02,2025-02-02,True
1542,941,alice.jones@apexnetworks.com,viewer,starter,2024-02-11,2025-02-17,True
1543,643,wendy.clark@catalystnetworks.com,viewer,enterprise,2024-06-17,2025-02-03,True
1544,863,paul.miller@pacificholdings.com,admin,starter,2025-02-09,2025-02-14,True
1545,387,tina.hall@fusionsystems.com,admin,free,2022-06-21,2023-05-30,False
1546,871,quinn.jones@globalnetworks.com,viewer,enterprise,2021-04-13,2025-02-05,True
1547,646,paul.nguyen@summitsoftware.com,editor,starter,2023-07-04,2025-02-08,True
1548,490,alice.clark@elevatenetworks.com,editor,enterprise,2023-07-28,2025-01-29,True
1549,277,bob.davis@vanguarddigital.com,viewer,starter,2022-07-07,2025-02-07,True
1550,595,frank.jones@catalystholdings.com,viewer,free,2024-07-18,2025-02-28,False
1551,379,nate.hall@synergysystems.com,viewer,enterprise,2024-04-06,2024-10-27,False
1552,941,paul.smith@apexnetworks.com,editor,starter,2024-03-24,2025-02-07,True
1553,548,jack.rivera@quantumholdings.com,admin,professional,2022-08-27,2025-02-08,True
1554,217,carol.kim@quantumtechnologies.com,editor,free,2024-08-13,2025-02-18,True
1555,720,karen.taylor@vanguardcorp.com,editor,professional,2024-12-22,2025-01-30,True
1556,20,paul.smith@atlasdynamics.com,admin,free,2024-01-07,2025-02-27,True
1557,695,olivia.hall@novaenterprises.com,viewer,professional,2025-02-02,2025-02-25,True
1558,607,mia.taylor@horizonlabs.com,editor,professional,2025-02-19,2025-02-22,True
1559,888,tina.quinn@globalplatforms.com,editor,enterprise,2024-11-26,2025-02-18,True
1560,395,olivia.davis@nexusnetworks.com,editor,professional,2025-01-11,2025-01-29,True
1561,166,nate.ingram@pinnacleinc.com,editor,starter,2021-03-28,2025-02-03,True
1562,283,eve.lopez@globalanalytics.com,viewer,enterprise,2024-08-18,2025-02-03,True
1563,171,nate.baker@nexusgroup.com,viewer,enterprise,2023-12-01,2025-02-23,True
1564,406,hank.davis@globaldigital.com,editor,free,2021-11-29,2025-02-11,True
1565,507,carol.foster@elevatenetworks.com,editor,enterprise,2020-10-22,2025-02-03,True
1566,867,nate.miller@apexdigital.com,editor,enterprise,2023-02-07,2024-01-25,False
1567,143,ivy.davis@horizondynamics.com,admin,professional,2022-03-15,2025-02-11,True
1568,113,quinn.baker@acmeservices.com,viewer,free,2024-12-10,2025-02-11,True
1569,199,xander.ingram@velocitygroup.com,viewer,starter,2023-04-04,2025-02-12,True
1570,498,rosa.hall@catalystlabs.com,editor,free,2023-09-03,2025-02-26,True
1571,629,grace.lopez@novasolutions.com,viewer,professional,2023-06-17,2025-02-14,True
1572,475,xander.lopez@acmedigital.com,editor,starter,2024-07-11,2025-02-11,True
1573,658,grace.evans@vanguardsoftware.com,viewer,starter,2024-07-30,2024-11-13,False
1574,870,quinn.clark@synergylabs.com,viewer,free,2022-11-23,2025-02-11,True
1575,661,,editor,professional,2024-06-01,2025-02-21,True
1576,1000,nate.owens@fusionholdings.com,viewer,free,2020-06-06,2025-02-22,True
1577,412,xander.owens@elevateanalytics.com,viewer,professional,2024-07-25,2025-02-22,True
1578,661,olivia.miller@nexuspartners.com,editor,professional,2023-12-03,2025-02-18,True
1579,182,olivia.jones@catalystsolutions.com,editor,professional,2023-09-15,2024-01-17,False
1580,419,olivia.rivera@fusionplatforms.com,editor,starter,2023-12-21,2025-02-22,True
1581,712,xander.rivera@vertexsolutions.com,editor,free,2022-09-01,2025-02-13,True
1582,608,alice.kim@nexusservices.com,viewer,professional,2024-11-30,2025-02-28,False
1583,684,vince.taylor@synergysolutions.com,viewer,enterprise,2024-01-01,2025-02-06,True
1584,949,tina.jones@optimasoftware.com,admin,professional,2023-01-16,2025-02-20,True
1585,820,leo.rivera@vanguardsystems.com,viewer,free,2024-10-29,2025-02-11,True
1586,545,paul.taylor@pinnacletechnologies.com,editor,professional,2024-06-22,2025-01-31,True
1587,22,paul.hall@atlasenterprises.com,editor,starter,2023-07-17,2025-02-12,True
1588,22,mia.park@atlasenterprises.com,viewer,starter,2024-01-16,2025-02-11,True
1589,915,nate.foster@novainc.com,editor,starter,2024-08-07,2025-02-27,True
1590,822,olivia.owens@novaplatforms.com,admin,enterprise,2024-10-02,2025-01-31,True
1591,961,vince.smith@synergysystems.com,admin,professional,2024-08-25,2025-02-04,True
1592,631,grace.baker@vertexlabs.com,viewer,professional,2024-04-21,2025-02-18,True
1593,493,dan.foster@optimaservices.com,editor,professional,2025-01-19,2025-02-19,True
1594,261,quinn.hall@summitpartners.com,viewer,professional,2024-06-06,2025-02-21,True
1595,378,nate.clark@vanguardnetworks.com,editor,enterprise,2024-01-11,2024-06-03,False
1596,245,jack.ingram@globallabs.com,viewer,enterprise,2024-01-22,2025-02-24,True
1597,670,wendy.jones@atlaspartners.com,editor,starter,2024-05-04,2025-02-19,True
1598,720,hank.nguyen@vanguardcorp.com,admin,professional,2023-08-16,2025-02-26,True
1599,861,grace.owens@nexusholdings.com,admin,starter,2024-11-19,2025-02-06,True
1600,172,steve.garcia@acmenetworks.com,editor,professional,2023-02-23,2025-02-06,True
1601,289,,viewer,professional,2021-05-14,2025-02-18,True
1602,107,xander.davis@acmeplatforms.com,viewer,starter,2024-01-16,2024-04-18,False
1603,30,rosa.clark@fusionnetworks.com,admin,free,2024-05-12,2025-02-06,True
1604,548,paul.owens@quantumholdings.com,admin,professional,2022-10-29,2025-02-13,True
1605,662,steve.davis@quantumdynamics.com,admin,professional,2022-11-09,2025-01-29,True
1606,544,bob.foster@horizonplatforms.com,admin,enterprise,2024-12-13,2025-02-22,True
1607,881,bob.taylor@zenithservices.com,viewer,professional,2024-05-02,2025-02-12,True
1608,276,tina.baker@novapartners.com,editor,starter,2024-11-03,2025-02-21,True
1609,825,nate.garcia@apexenterprises.com,viewer,free,2024-06-12,2025-01-28,False
1610,534,hank.quinn@horizonlabs.com,admin,professional,2024-11-28,2025-02-18,True
1611,692,frank.davis@velocitypartners.com,viewer,professional,2021-05-30,2025-02-19,True
1612,874,xander.lopez@quantumservices.com,editor,professional,2022-10-31,2025-02-23,True
1613,657,rosa.jones@vertexsystems.com,editor,professional,2022-04-07,2025-02-20,True
1614,47,grace.kim@synergypartners.com,viewer,starter,2024-09-05,2025-02-14,True
1615,555,wendy.ingram@atlasplatforms.com,viewer,professional,2023-04-15,2025-02-22,True
1616,92,hank.smith@acmelabs.com,editor,starter,2024-08-09,2025-01-15,False
1617,293,paul.owens@zenithdigital.com,viewer,professional,2024-09-21,2025-02-25,True
1618,308,steve.kim@apexenterprises.com,viewer,starter,2023-11-25,2025-01-30,True
1619,316,dan.miller@fusionenterprises.com,editor,starter,2023-12-11,2024-12-07,False
1620,199,hank.garcia@velocitygroup.com,viewer,starter,2022-04-17,2025-02-01,True
1621,676,olivia.taylor@horizonnetworks.com,admin,starter,2024-09-05,2025-02-03,True
1622,582,nate.taylor@quantumtechnologies.com,admin,enterprise,2024-05-07,2025-02-22,True
1623,774,grace.nguyen@catalystgroup.com,viewer,starter,2023-10-18,2025-02-06,True
1624,883,eve.taylor@synergyservices.com,editor,enterprise,2022-10-26,2023-09-30,False
1625,714,paul.nguyen@globalenterprises.com,editor,starter,2023-01-04,2023-02-01,False
1626,313,olivia.nguyen@globalsolutions.com,editor,professional,2024-11-06,2025-02-26,True
1627,429,paul.foster@atlasenterprises.com,editor,professional,2022-11-04,2025-01-31,True
1628,556,ivy.baker@vertexanalytics.com,editor,free,2023-03-27,2025-02-15,True
1629,561,bob.adams@synergyservices.com,editor,professional,2024-09-18,2025-02-07,True
1630,848,quinn.hall@vanguardholdings.com,admin,enterprise,2023-03-17,2025-02-25,True
1631,706,frank.jones@elevatesoftware.com,admin,enterprise,2023-12-08,2024-07-01,False
1632,976,uma.quinn@zenithplatforms.com,viewer,enterprise,2024-08-03,2025-02-28,False
1633,881,nate.park@zenithservices.com,editor,professional,2023-03-24,2023-07-21,False
1634,664,jack.kim@zenithdynamics.com,editor,professional,2021-10-09,2025-02-10,True
1635,931,grace.miller@novadynamics.com,viewer,starter,2024-03-05,2024-12-16,False
1636,502,uma.garcia@elevateservices.com,viewer,enterprise,2021-09-21,2025-02-05,True
1637,542,eve.garcia@apexnetworks.com,admin,free,2024-06-02,2025-02-08,True
1638,235,olivia.evans@synergynetworks.com,editor,starter,2022-08-14,2025-02-05,True
1639,549,vince.foster@velocityplatforms.com,viewer,professional,2024-04-05,2025-01-16,False
1640,887,steve.clark@fusionsoftware.com,viewer,free,2024-08-12,2025-02-15,True
1641,677,bob.jones@quantumdynamics.com,editor,enterprise,2024-10-31,2025-02-19,False
1642,241,paul.taylor@nexusdynamics.com,editor,enterprise,2024-07-09,2024-09-28,False
1643,989,eve.owens@nexusholdings.com,viewer,professional,2024-01-25,2025-02-01,True
1644,92,rosa.clark@acmelabs.com,editor,starter,2023-03-21,2023-08-26,False
1645,232,quinn.kim@globalenterprises.com,viewer,free,2024-12-26,2025-02-24,True
1646,134,tina.taylor@nexusdynamics.com,admin,professional,2024-09-04,2025-02-06,True
1647,750,paul.kim@horizonservices.com,editor,professional,2025-01-20,2025-01-29,True
1648,232,alice.jones@globalenterprises.com,admin,free,2024-12-29,2025-02-28,False
1649,677,tina.hall@quantumdynamics.com,viewer,enterprise,2025-01-01,2025-02-01,True
1650,912,frank.lopez@nexusnetworks.com,admin,starter,2025-01-08,2025-02-14,True
1651,751,alice.park@novadigital.com,viewer,free,2024-06-18,2024-09-13,False
1652,325,olivia.park@pacificcorp.com,editor,professional,2024-08-12,2025-02-28,False
1653,672,grace.davis@synergysolutions.com,editor,free,2025-02-09,2025-02-26,True
1654,961,frank.lopez@synergysystems.com,admin,professional,2024-07-10,2025-02-28,False
1655,416,leo.garcia@vertexenterprises.com,editor,professional,2024-04-08,2024-08-28,False
1656,780,alice.foster@fusiondigital.com,viewer,professional,2023-06-30,2025-02-22,True
1657,134,mia.miller@nexusdynamics.com,editor,professional,2025-01-25,2025-02-01,True
1658,366,dan.clark@acmeenterprises.com,viewer,enterprise,2022-11-27,2025-02-25,True
1659,904,ivy.lopez@elevatesoftware.com,viewer,starter,2024-11-12,2025-02-06,True
1660,840,frank.ingram@nexusinc.com,viewer,professional,2024-12-16,2025-02-12,True
1661,968,jack.kim@synergydynamics.com,editor,professional,2025-01-20,2025-02-03,True
1662,253,karen.adams@zenithcorp.com,editor,starter,2024-07-28,2025-02-26,True
1663,766,wendy.taylor@velocityservices.com,editor,professional,2022-12-29,2025-02-17,True
1664,17,grace.quinn@pacificlabs.com,viewer,professional,2023-12-10,2024-03-22,False
1665,31,hank.evans@atlastechnologies.com,admin,professional,2023-05-21,2024-03-23,False
1666,323,,viewer,professional,2025-01-31,2025-02-04,True
1667,919,carol.hall@velocityplatforms.com,editor,enterprise,2023-09-27,2025-02-15,True
1668,894,tina.ingram@pacificsolutions.com,viewer,starter,2024-07-16,2025-02-22,True
1669,314,olivia.baker@summittechnologies.com,editor,enterprise,2025-02-27,2025-01-31,True
1670,724,carol.foster@synergytechnologies.com,editor,free,2024-08-29,2025-02-28,False
1671,970,wendy.nguyen@quantumnetworks.com,viewer,professional,2022-09-02,2025-01-31,True
1672,820,uma.lopez@vanguardsystems.com,viewer,free,2024-11-02,2025-02-07,True
1673,425,paul.quinn@pinnaclepartners.com,editor,starter,2023-09-04,2025-02-08,True
1674,575,frank.evans@acmeenterprises.com,editor,enterprise,2024-03-14,2025-02-22,True
1675,1000,rosa.miller@fusionholdings.com,editor,free,2023-03-20,2023-05-23,False
1676,596,karen.lopez@fusionsolutions.com,viewer,professional,2024-01-02,2025-02-25,True
1677,164,,editor,professional,2025-02-09,2025-02-23,True
1678,797,nate.nguyen@globalsystems.com,viewer,enterprise,2024-01-02,2025-02-15,True
1679,371,wendy.taylor@fusionsystems.com,admin,professional,2024-01-24,2025-02-01,True
1680,258,uma.ingram@atlasservices.com,admin,professional,2024-10-14,2025-02-08,True
1681,916,xander.adams@fusionsolutions.com,editor,enterprise,2024-12-31,2025-02-01,True
1682,539,nate.miller@summitsystems.com,viewer,starter,2022-03-28,2025-02-23,True
1683,782,grace.owens@atlasenterprises.com,editor,professional,2024-08-28,2025-01-31,True
1684,621,xander.smith@fusioncorp.com,viewer,starter,2024-06-24,2025-02-28,False
1685,474,dan.owens@catalystinc.com,viewer,free,2024-03-06,2025-02-18,True
1686,564,ivy.kim@elevatesystems.com,editor,starter,2023-05-22,2025-02-16,True
1687,284,vince.rivera@novalabs.com,viewer,professional,2024-12-04,2025-01-30,True
1688,394,frank.nguyen@optimaenterprises.com,viewer,free,2022-12-21,2025-02-24,True
1689,250,vince.smith@pinnacleservices.com,editor,free,2024-06-01,2025-02-16,True
1690,944,ivy.clark@zenithgroup.com,admin,starter,2025-01-10,2025-02-27,True
1691,236,carol.davis@apexsoftware.com,viewer,professional,2022-11-10,2025-02-10,True
1692,218,rosa.taylor@fusionholdings.com,admin,starter,2024-03-09,2025-02-19,True
1693,697,leo.kim@globalgroup.com,admin,free,2024-11-21,2025-02-25,True
1694,272,dan.foster@catalystsoftware.com,admin,free,2022-10-05,2023-06-15,False
1695,928,steve.owens@novaholdings.com,editor,enterprise,2022-02-15,2025-02-14,True
1696,141,quinn.adams@acmeplatforms.com,viewer,enterprise,2024-07-01,2025-02-18,True
1697,714,paul.taylor@globalenterprises.com,editor,starter,2022-03-20,2025-02-02,True
1698,378,tina.hall@vanguardnetworks.com,editor,enterprise,2022-04-18,2025-02-26,True
1699,609,tina.taylor@novaanalytics.com,viewer,starter,2022-07-26,2025-02-22,True
1700,665,olivia.baker@synergydigital.com,editor,starter,2023-12-31,2024-03-30,False
1701,452,ivy.foster@vertexanalytics.com,editor,starter,2024-02-20,2024-12-31,False
1702,387,mia.foster@fusionsystems.com,admin,free,2022-12-23,2023-10-16,False
1703,437,tina.smith@velocityholdings.com,admin,starter,2024-10-09,2025-02-28,False
1704,538,xander.kim@catalystgroup.com,viewer,free,2024-02-13,2025-02-12,True
1705,334,bob.nguyen@summitlabs.com,editor,starter,2025-02-08,2025-02-14,True
1706,578,alice.davis@elevatepartners.com,viewer,starter,2024-02-13,2024-05-30,False
1707,434,tina.davis@summitnetworks.com,viewer,enterprise,2023-08-31,2025-02-12,True
1708,479,quinn.park@globalanalytics.com,viewer,free,2024-07-09,2025-02-03,True
1709,713,hank.smith@horizonholdings.com,admin,starter,2025-01-14,2025-02-14,True
1710,967,bob.hall@elevatetechnologies.com,viewer,starter,2022-07-07,2022-11-29,False
1711,588,karen.lopez@pinnaclesolutions.com,viewer,free,2024-12-02,2025-02-28,False
1712,407,tina.adams@vertexservices.com,admin,professional,2024-10-25,2025-02-23,True
1713,238,mia.jones@fusiongroup.com,editor,enterprise,2023-03-05,2025-02-24,True
1714,891,vince.davis@synergynetworks.com,admin,enterprise,2023-12-14,2025-02-02,True
1715,895,paul.taylor@pinnaclelabs.com,editor,professional,2025-01-23,2025-02-04,True
1716,237,dan.taylor@elevatecorp.com,admin,free,2024-03-22,2025-02-24,True
1717,367,ivy.park@synergysystems.com,viewer,starter,2023-12-10,2025-01-31,True
1718,660,tina.nguyen@elevatesoftware.com,editor,starter,2024-01-06,2025-02-06,True
1719,262,olivia.miller@zenithgroup.com,viewer,professional,2023-09-10,2023-11-13,False
1720,550,steve.kim@apexservices.com,editor,professional,2024-08-24,2025-02-01,True
1721,775,tina.smith@nexuspartners.com,editor,starter,2024-11-17,2025-02-03,True
1722,582,bob.baker@quantumtechnologies.com,editor,enterprise,2023-01-30,2025-02-16,True
1723,164,karen.nguyen@summitgroup.com,admin,professional,2024-10-19,2025-02-10,True
1724,812,bob.quinn@nexusdynamics.com,viewer,enterprise,2023-03-12,2025-02-26,True
1725,947,wendy.evans@pinnacledigital.com,viewer,starter,2024-07-14,2025-02-19,True
1726,595,vince.miller@catalystholdings.com,editor,free,2021-08-28,2025-01-29,True
1727,729,frank.rivera@acmetechnologies.com,editor,professional,2024-12-08,2025-02-26,True
1728,541,wendy.miller@zenithinc.com,admin,professional,2024-12-01,2025-02-17,True
1729,843,ivy.ingram@vertexholdings.com,viewer,starter,2023-11-30,2025-02-15,True
1730,36,dan.rivera@apexsolutions.com,editor,free,2024-07-31,2025-02-22,True
1731,482,karen.baker@pacificanalytics.com,admin,enterprise,2024-07-18,2025-02-04,True
1732,882,tina.baker@apexgroup.com,editor,starter,2024-04-07,2025-02-07,True
1733,616,bob.garcia@vertexenterprises.com,editor,starter,2023-01-17,2025-02-22,True
1734,141,,admin,enterprise,2025-02-04,2025-02-23,True
1735,917,uma.adams@acmegroup.com,editor,starter,2025-02-26,2025-02-25,True
1736,249,bob.owens@acmedigital.com,viewer,free,2024-12-28,2025-01-26,False
1737,289,steve.nguyen@novadynamics.com,viewer,professional,2022-10-05,2025-01-29,True
1738,177,bob.miller@vertexlabs.com,viewer,enterprise,2023-07-09,2024-07-07,False
1739,955,xander.foster@pacificsolutions.com,editor,starter,2022-12-03,2025-02-06,True
1740,535,steve.kim@elevatelabs.com,editor,starter,2024-03-06,2025-02-28,True
1741,803,quinn.park@acmepartners.com,editor,free,2025-02-18,2025-02-28,False
1742,897,olivia.lopez@novaplatforms.com,editor,free,2024-12-13,2025-02-03,True
1743,511,alice.rivera@nexusanalytics.com,viewer,professional,2024-12-15,2025-02-10,True
1744,980,xander.ingram@vanguardservices.com,admin,professional,2024-04-05,2025-02-08,True
1745,14,leo.adams@pacificenterprises.com,editor,professional,2024-12-03,2025-02-28,False
1746,14,carol.miller@pacificenterprises.com,viewer,professional,2024-04-16,2025-02-12,True
1747,917,hank.ingram@acmegroup.com,editor,starter,2024-11-23,2025-02-19,True
1748,348,dan.park@vanguardsolutions.com,viewer,free,2025-02-15,2025-02-06,True
1749,214,ivy.adams@pacificpartners.com,viewer,professional,2023-08-20,2025-02-14,True
1750,10,karen.hall@pacificcorp.com,admin,starter,2024-10-26,2025-02-05,True
1751,844,quinn.hall@summitholdings.com,editor,professional,2024-07-18,2025-02-25,True
1752,596,carol.garcia@fusionsolutions.com,editor,professional,2024-09-02,2024-10-25,False
1753,176,alice.foster@quantumpartners.com,viewer,free,2025-02-20,2025-02-06,True
1754,555,paul.quinn@atlasplatforms.com,admin,professional,2024-06-25,2025-02-23,True
1755,841,hank.clark@acmeinc.com,viewer,professional,2025-02-26,2025-02-26,True
1756,678,grace.kim@fusionpartners.com,editor,starter,2024-11-24,2025-02-06,True
1757,416,,admin,professional,2022-12-04,2025-02-07,True
1758,589,olivia.ingram@velocitylabs.com,editor,enterprise,2024-03-11,2025-02-05,True
1759,596,nate.owens@fusionsolutions.com,viewer,professional,2024-07-28,2025-02-25,True
1760,88,nate.lopez@elevateinc.com,editor,starter,2024-11-08,2025-01-03,False
1761,112,mia.quinn@catalystinc.com,viewer,professional,2023-10-25,2025-02-27,True
1762,976,ivy.jones@zenithplatforms.com,editor,enterprise,2025-01-03,2025-02-06,True
1763,36,,admin,free,2024-02-12,2025-01-30,True
1764,351,dan.davis@velocitylabs.com,editor,starter,2025-02-12,2025-02-28,False
1765,643,paul.ingram@catalystnetworks.com,editor,enterprise,2021-05-19,2025-02-23,True
1766,977,quinn.adams@apexenterprises.com,viewer,professional,2024-03-18,2024-06-12,False
1767,221,uma.jones@vertexnetworks.com,admin,professional,2024-09-16,2025-02-28,False
1768,847,xander.adams@elevatepartners.com,viewer,professional,2023-08-31,2025-02-15,True
1769,210,grace.quinn@synergyholdings.com,viewer,free,2024-12-06,2025-02-07,True
1770,706,rosa.evans@elevatesoftware.com,editor,enterprise,2023-09-28,2025-02-07,True
1771,601,vince.hall@quantumholdings.com,viewer,professional,2024-06-18,2025-02-02,True
1772,617,wendy.hall@quantuminc.com,viewer,professional,2024-03-14,2024-11-14,False
1773,302,grace.owens@atlaspartners.com,editor,starter,2023-08-07,2025-02-19,True
1774,801,nate.clark@apexdynamics.com,viewer,starter,2022-12-25,2025-02-06,True
1775,459,paul.hall@velocitydynamics.com,editor,free,2022-04-18,2025-02-21,True
1776,318,paul.garcia@summitlabs.com,editor,professional,2022-11-10,2025-01-30,True
1777,707,uma.lopez@velocityanalytics.com,admin,starter,2025-01-07,2025-02-05,True
1778,648,mia.davis@velocitycorp.com,editor,starter,2022-05-01,2025-02-20,True
1779,234,leo.taylor@elevateplatforms.com,editor,free,2023-07-08,2025-02-23,True
1780,853,quinn.lopez@novaenterprises.com,editor,enterprise,2025-02-05,2025-02-07,True
1781,238,frank.owens@fusiongroup.com,admin,enterprise,2023-04-12,2025-02-19,True
1782,846,quinn.garcia@vanguardnetworks.com,editor,professional,2023-06-17,2025-02-27,True
1783,181,quinn.park@synergyholdings.com,viewer,starter,2020-11-05,2021-01-27,False
1784,628,hank.quinn@velocitygroup.com,editor,free,2023-10-10,2025-02-08,True
1785,196,olivia.kim@pacificenterprises.com,editor,enterprise,2022-12-27,2025-02-16,True
1786,889,ivy.baker@summittechnologies.com,viewer,enterprise,2021-12-20,2022-08-09,False
1787,795,nate.adams@vertextechnologies.com,editor,professional,2024-04-20,2024-09-14,False
1788,991,grace.quinn@fusionholdings.com,admin,enterprise,2024-12-28,2025-02-14,True
1789,424,karen.quinn@velocitypartners.com,viewer,starter,2023-01-01,2025-02-23,True
1790,576,nate.rivera@catalystsoftware.com,viewer,starter,2023-08-09,2024-01-29,False
1791,393,grace.davis@vertexholdings.com,editor,enterprise,2023-05-16,2025-02-24,True
1792,95,xander.baker@vertexnetworks.com,editor,professional,2022-03-25,2025-02-25,True
1793,707,rosa.davis@velocityanalytics.com,editor,starter,2024-03-08,2025-01-30,True
1794,471,bob.quinn@vertexenterprises.com,editor,enterprise,2021-12-07,2025-02-23,True
1795,958,alice.adams@pinnacledigital.com,editor,professional,2022-09-01,2025-02-08,True
1796,933,xander.smith@pacificinc.com,viewer,professional,2023-02-22,2025-02-07,True
1797,13,grace.clark@zenithtechnologies.com,editor,professional,2024-09-17,2025-02-21,True
1798,415,alice.ingram@elevateanalytics.com,viewer,professional,2024-10-06,2025-02-28,False
1799,58,xander.smith@acmegroup.com,viewer,professional,2023-11-19,2025-02-09,True
1800,802,olivia.ingram@vanguardanalytics.com,admin,enterprise,2024-04-02,2025-01-31,True
1801,134,xander.quinn@nexusdynamics.com,viewer,professional,2023-09-10,2025-02-13,True
1802,336,hank.taylor@horizontechnologies.com,editor,professional,2023-02-12,2025-02-27,True
1803,53,frank.davis@fusiondigital.com,editor,professional,2022-03-04,2025-02-23,True
1804,763,jack.taylor@quantumsoftware.com,viewer,enterprise,2024-03-12,2025-02-17,True
1805,277,carol.taylor@vanguarddigital.com,editor,starter,2021-09-22,2025-02-27,True
1806,633,mia.garcia@acmecorp.com,viewer,starter,2024-07-16,2025-02-02,True
1807,438,grace.davis@pinnacletechnologies.com,admin,professional,2023-06-10,2025-02-23,True
1808,880,rosa.quinn@summitanalytics.com,admin,professional,2024-10-29,2025-02-06,True
1809,530,mia.miller@horizonplatforms.com,editor,professional,2024-07-17,2025-02-25,True
1810,813,nate.ingram@apexanalytics.com,editor,professional,2022-06-07,2025-02-09,True
1811,829,hank.ingram@nexusholdings.com,viewer,professional,2025-01-08,2025-02-23,True
1812,55,jack.baker@vertexgroup.com,viewer,starter,2024-09-05,2025-02-28,False
1813,795,paul.adams@vertextechnologies.com,viewer,professional,2022-09-10,2025-02-18,True
1814,897,rosa.davis@novaplatforms.com,viewer,free,2024-10-31,2025-02-08,True
1815,747,leo.owens@elevatepartners.com,editor,starter,2024-02-13,2025-02-23,True
1816,283,tina.ingram@globalanalytics.com,viewer,enterprise,2022-04-08,2025-02-19,True
1817,236,leo.nguyen@apexsoftware.com,admin,professional,2023-03-10,2025-02-20,True
1818,394,paul.kim@optimaenterprises.com,editor,free,2022-10-21,2025-02-09,True
1819,299,leo.garcia@catalystsolutions.com,viewer,enterprise,2023-02-27,2023-12-22,False
1820,150,steve.nguyen@quantumholdings.com,editor,professional,2024-09-17,2025-02-28,False
1821,29,hank.jones@optimaplatforms.com,admin,professional,2023-09-25,2024-08-29,False
1822,989,carol.foster@nexusholdings.com,admin,professional,2024-06-25,2025-02-14,True
1823,762,uma.kim@nexusenterprises.com,viewer,free,2023-07-26,2023-11-16,False
1824,128,frank.jones@pinnacleinc.com,viewer,enterprise,2024-11-23,2025-02-09,True
1825,893,uma.ingram@atlasinc.com,admin,professional,2024-11-23,2025-02-20,True
1826,417,frank.hall@vanguardenterprises.com,editor,professional,2024-01-21,2025-02-06,True
1827,618,tina.jones@horizonplatforms.com,viewer,free,2021-12-12,2025-02-22,True
1828,109,paul.evans@nexusdynamics.com,editor,enterprise,2024-07-01,2025-02-28,True
1829,202,,editor,enterprise,2024-04-18,2025-02-05,True
1830,846,steve.baker@vanguardnetworks.com,viewer,professional,2023-04-23,2025-02-20,True
1831,852,xander.lopez@synergysolutions.com,admin,starter,2024-08-24,2025-02-08,True
1832,712,carol.park@vertexsolutions.com,admin,free,2024-07-15,2025-02-14,True
1833,188,wendy.lopez@apexdynamics.com,viewer,starter,2023-11-18,2023-11-27,False
1834,967,bob.lopez@elevatetechnologies.com,admin,starter,2023-09-25,2025-01-30,True
1835,836,wendy.ingram@optimagroup.com,viewer,starter,2024-11-29,2025-02-27,True
1836,183,vince.baker@globalsolutions.com,editor,free,2024-10-21,2025-02-13,True
1837,159,leo.quinn@horizonsystems.com,viewer,enterprise,2024-07-26,2024-10-27,False
1838,773,paul.baker@pinnacledigital.com,editor,free,2025-01-24,2025-01-31,True
1839,852,quinn.jones@synergysolutions.com,admin,starter,2024-08-02,2025-02-14,True
1840,256,olivia.kim@summitsolutions.com,viewer,professional,2024-12-04,2025-02-09,True
1841,334,xander.owens@summitlabs.com,viewer,starter,2024-12-28,2025-02-28,False
1842,566,dan.evans@optimaanalytics.com,editor,enterprise,2025-01-08,2025-02-28,False
1843,636,wendy.clark@zenithenterprises.com,viewer,starter,2024-10-21,2025-02-03,True
1844,177,xander.taylor@vertexlabs.com,admin,enterprise,2023-02-15,2025-02-26,True
1845,201,olivia.clark@globaldynamics.com,viewer,enterprise,2021-04-08,2025-02-03,True
1846,250,,viewer,free,2024-06-24,2025-02-02,True
1847,681,jack.garcia@pacificsystems.com,viewer,free,2021-03-09,2021-10-09,False
1848,352,steve.hall@fusionholdings.com,viewer,free,2024-10-10,2025-02-13,True
1849,654,dan.jones@fusiondynamics.com,editor,free,2024-10-05,2025-02-04,True
1850,248,dan.kim@horizondigital.com,viewer,starter,2024-04-15,2025-02-04,True
1851,867,carol.taylor@apexdigital.com,viewer,enterprise,2022-05-13,2022-08-16,False
1852,844,quinn.ingram@summitholdings.com,editor,professional,2024-12-30,2025-02-26,True
1853,820,tina.clark@vanguardsystems.com,editor,free,2024-10-19,2025-02-28,True
1854,572,eve.quinn@synergydigital.com,viewer,starter,2023-12-28,2024-02-27,False
1855,861,hank.owens@nexusholdings.com,editor,starter,2024-11-06,2025-02-27,True
1856,139,frank.nguyen@zenithsystems.com,viewer,professional,2025-02-10,2025-02-24,True
1857,288,vince.park@quantumenterprises.com,editor,professional,2024-05-05,2025-02-12,True
1858,189,vince.park@quantumanalytics.com,viewer,starter,2025-01-26,2025-02-17,True
1859,196,frank.miller@pacificenterprises.com,editor,enterprise,2022-08-23,2025-02-01,True
1860,756,karen.lopez@acmetechnologies.com,admin,professional,2024-10-01,2025-02-08,True
1861,742,uma.adams@velocitynetworks.com,viewer,professional,2022-10-31,2025-02-01,True
1862,105,rosa.quinn@fusionpartners.com,viewer,starter,2025-01-06,2025-02-25,True
1863,494,tina.smith@synergyplatforms.com,admin,starter,2022-02-06,2025-02-18,True
1864,307,ivy.evans@summitpartners.com,admin,free,2023-04-22,2025-02-21,True
1865,498,leo.miller@catalystlabs.com,editor,free,2024-06-15,2025-02-09,True
1866,907,,viewer,free,2025-02-10,2025-02-07,True
1867,845,jack.nguyen@velocitycorp.com,admin,free,2023-06-22,2025-02-15,True
1868,172,olivia.smith@acmenetworks.com,editor,professional,2022-10-19,2025-02-12,True
1869,929,bob.smith@vertexservices.com,editor,starter,2024-12-11,2025-02-28,False
1870,587,jack.lopez@atlasdynamics.com,editor,professional,2024-02-26,2025-02-05,True
1871,18,alice.kim@velocitydigital.com,editor,free,2024-01-28,2024-04-12,False
1872,251,steve.lopez@nexusenterprises.com,admin,enterprise,2024-10-22,2024-12-10,False
1873,34,uma.miller@zenithanalytics.com,viewer,free,2024-03-24,2024-11-14,False
1874,81,olivia.garcia@acmeanalytics.com,viewer,enterprise,2024-03-18,2024-07-05,False
1875,556,jack.clark@vertexanalytics.com,admin,free,2024-10-18,2025-02-01,True
1876,710,ivy.clark@quantumenterprises.com,editor,starter,2025-02-14,2025-02-11,True
1877,98,frank.foster@velocitysolutions.com,viewer,free,2023-11-19,2025-02-27,True
1878,494,leo.davis@synergyplatforms.com,viewer,starter,2020-04-18,2025-02-06,True
1879,106,leo.rivera@fusiongroup.com,editor,professional,2023-08-20,2025-02-12,True
1880,515,leo.smith@vertexsoftware.com,editor,enterprise,2022-07-22,2025-02-03,True
1881,308,bob.foster@apexenterprises.com,viewer,starter,2024-03-18,2024-09-16,False
1882,974,paul.jones@optimagroup.com,viewer,professional,2024-03-24,2025-02-01,True
1883,363,eve.evans@nexuslabs.com,viewer,starter,2023-06-04,2025-02-18,True
1884,345,hank.nguyen@novaanalytics.com,admin,professional,2024-11-29,2025-02-21,True
1885,310,uma.miller@optimasystems.com,viewer,free,2023-08-09,2024-01-26,False
1886,800,leo.foster@novadynamics.com,admin,starter,2024-02-13,2024-07-31,False
1887,120,hank.garcia@summitholdings.com,viewer,enterprise,2024-05-27,2025-02-09,True
1888,397,frank.quinn@horizoninc.com,viewer,professional,2021-05-04,2025-01-29,True
1889,934,jack.rivera@elevateservices.com,viewer,starter,2023-11-26,2024-05-11,False
1890,347,steve.smith@optimagroup.com,admin,free,2024-06-25,2024-11-13,False
1891,979,jack.jones@optimaenterprises.com,editor,starter,2024-12-01,2025-02-28,False
1892,216,,viewer,professional,2021-08-19,2025-02-14,True
1893,928,rosa.smith@novaholdings.com,viewer,enterprise,2021-03-08,2025-02-01,True
1894,445,ivy.park@fusionenterprises.com,viewer,enterprise,2025-02-11,2025-02-15,True
1895,208,dan.lopez@vertexenterprises.com,editor,professional,2024-11-11,2025-02-28,False
1896,891,,editor,enterprise,2023-04-27,2025-01-29,True
1897,606,vince.garcia@pinnaclesolutions.com,editor,professional,2024-10-13,2025-02-23,True
1898,325,leo.smith@pacificcorp.com,editor,professional,2023-10-12,2024-09-27,False
1899,236,vince.baker@apexsoftware.com,editor,professional,2022-12-03,2023-05-06,False
1900,319,steve.adams@acmepartners.com,viewer,starter,2025-01-17,2025-02-28,False
1901,374,tina.quinn@pinnacleenterprises.com,editor,free,2023-07-06,2024-06-12,False
1902,643,steve.evans@catalystnetworks.com,editor,enterprise,2024-03-13,2025-02-08,True
1903,878,rosa.ingram@catalystsystems.com,admin,enterprise,2024-05-28,2024-07-06,False
1904,223,paul.clark@catalystsoftware.com,editor,free,2024-12-12,2025-02-11,True
1905,909,hank.baker@vanguarddynamics.com,viewer,starter,2020-10-01,2025-02-08,True
1906,817,alice.adams@apexservices.com,editor,professional,2023-12-14,2024-08-11,False
1907,134,quinn.smith@nexusdynamics.com,admin,professional,2021-06-26,2025-02-21,True
1908,168,uma.owens@catalystplatforms.com,viewer,professional,2023-08-15,2023-08-28,False
1909,266,wendy.lopez@summitenterprises.com,viewer,professional,2023-04-10,2025-02-10,True
1910,969,alice.garcia@apexlabs.com,admin,starter,2024-05-13,2024-12-22,False
1911,751,steve.adams@novadigital.com,admin,free,2024-10-01,2025-02-23,True
1912,570,ivy.ingram@zenithdynamics.com,editor,starter,2022-12-30,2025-02-14,True
1913,773,alice.taylor@pinnacledigital.com,editor,free,2025-01-16,2025-02-28,False
1914,841,quinn.kim@acmeinc.com,viewer,professional,2023-09-17,2025-02-04,True
1915,390,karen.miller@pinnaclesolutions.com,editor,starter,2023-11-01,2025-02-02,True
1916,488,,editor,professional,2024-12-16,2025-02-02,True
1917,355,frank.nguyen@zenithholdings.com,viewer,professional,2021-03-08,2022-01-24,False
1918,108,eve.quinn@acmelabs.com,admin,starter,2024-12-10,2025-02-28,False
1919,27,rosa.smith@elevategroup.com,admin,starter,2025-01-27,2025-02-27,True
1920,752,alice.quinn@optimatechnologies.com,viewer,starter,2024-09-03,2025-02-20,True
1921,561,alice.baker@synergyservices.com,editor,professional,2024-10-08,2025-02-28,False
1922,218,paul.taylor@fusionholdings.com,admin,starter,2024-06-16,2025-02-19,True
1923,275,jack.quinn@acmeinc.com,admin,enterprise,2024-04-05,2025-02-28,False
1924,55,dan.park@vertexgroup.com,editor,starter,2023-11-14,2024-01-30,False
1925,981,hank.miller@globalinc.com,editor,professional,2024-11-19,2025-02-21,True
1926,388,quinn.nguyen@catalystanalytics.com,admin,enterprise,2024-06-19,2025-02-28,False
1927,428,uma.quinn@novaanalytics.com,viewer,starter,2023-07-29,2024-04-09,False
1928,830,ivy.park@velocityholdings.com,editor,starter,2024-05-22,2025-02-21,True
1929,802,carol.smith@vanguardanalytics.com,editor,enterprise,2020-08-24,2021-04-18,False
1930,22,vince.foster@atlasenterprises.com,viewer,starter,2023-12-11,2025-02-16,True
1931,547,rosa.owens@vertexsoftware.com,admin,starter,2025-02-11,2025-02-03,True
1932,483,quinn.park@acmedynamics.com,viewer,free,2024-04-22,2025-02-19,True
1933,274,nate.adams@optimadynamics.com,viewer,professional,2022-04-25,2025-02-23,True
1934,250,eve.lopez@pinnacleservices.com,editor,free,2025-02-06,2025-02-22,True
1935,782,nate.foster@atlasenterprises.com,editor,professional,2025-02-14,2025-02-28,False
1936,53,nate.park@fusiondigital.com,viewer,professional,2022-01-08,2025-02-01,True
1937,629,xander.jones@novasolutions.com,editor,professional,2023-03-24,2025-02-10,True
1938,863,frank.davis@pacificholdings.com,viewer,starter,2024-03-31,2025-02-03,True
1939,186,leo.baker@acmeinc.com,viewer,enterprise,2025-01-02,2025-02-04,True
1940,770,wendy.adams@pacificcorp.com,editor,professional,2024-11-15,2025-02-17,False
1941,723,mia.taylor@nexusdigital.com,viewer,enterprise,2024-09-01,2025-02-15,True
1942,370,frank.miller@summitsoftware.com,viewer,starter,2025-01-29,2025-02-27,True
1943,26,tina.hall@acmeinc.com,viewer,starter,2024-02-01,2024-07-12,False
1944,754,carol.quinn@elevateinc.com,admin,starter,2024-04-08,2025-02-02,True
1945,652,olivia.miller@optimaenterprises.com,editor,professional,2024-09-09,2025-02-02,True
1946,520,leo.nguyen@summitanalytics.com,viewer,professional,2024-08-20,2024-11-10,False
1947,449,olivia.quinn@fusionsystems.com,viewer,free,2024-09-03,2025-02-11,True
1948,510,tina.foster@horizonsoftware.com,editor,starter,2024-07-19,2025-02-13,True
1949,840,frank.nguyen@nexusinc.com,viewer,professional,2024-05-29,2024-06-22,False
1950,203,wendy.quinn@zenithnetworks.com,editor,professional,2025-02-28,2025-02-28,False
1951,492,eve.kim@synergyservices.com,admin,professional,2020-11-10,2021-02-22,False
1952,517,frank.quinn@zenithenterprises.com,editor,professional,2022-11-05,2023-07-27,False
1953,150,jack.ingram@quantumholdings.com,editor,professional,2024-07-04,2025-02-04,True
1954,448,quinn.davis@quantumgroup.com,viewer,enterprise,2025-01-25,2025-02-10,True
1955,976,steve.davis@zenithplatforms.com,viewer,enterprise,2024-10-10,2025-02-03,True
1956,795,vince.hall@vertextechnologies.com,viewer,professional,2021-11-23,2025-02-28,True
1957,641,uma.baker@quantumdynamics.com,editor,free,2024-11-01,2025-02-23,True
1958,34,paul.owens@zenithanalytics.com,viewer,free,2023-03-15,2023-11-19,False
1959,165,paul.foster@globalnetworks.com,editor,enterprise,2024-02-11,2024-05-19,False
1960,664,xander.owens@zenithdynamics.com,viewer,professional,2024-03-15,2025-02-27,True
1961,769,hank.nguyen@globalplatforms.com,admin,professional,2023-11-04,2025-02-04,True
1962,588,,viewer,free,2024-04-23,2024-10-30,False
1963,566,olivia.miller@optimaanalytics.com,editor,enterprise,2025-02-03,2025-02-28,False
1964,169,mia.baker@nexusplatforms.com,viewer,starter,2025-02-11,2025-02-21,True
1965,511,karen.rivera@nexusanalytics.com,admin,professional,2024-12-22,2025-02-08,True
1966,543,steve.clark@novaenterprises.com,viewer,professional,2024-03-19,2025-02-09,True
1967,776,karen.nguyen@apexlabs.com,viewer,starter,2025-01-02,2025-02-01,True
1968,993,eve.nguyen@vertexpartners.com,editor,professional,2021-06-17,2025-02-08,True
1969,460,nate.jones@pacificholdings.com,admin,professional,2024-11-07,2025-02-11,True
1970,362,vince.smith@pacificlabs.com,editor,free,2024-06-05,2025-02-04,True
1971,350,dan.adams@atlasgroup.com,admin,starter,2024-10-16,2025-02-28,False
1972,322,grace.hall@velocitydigital.com,viewer,enterprise,2024-02-25,2025-02-21,True
1973,500,eve.lopez@vanguardplatforms.com,admin,professional,2024-12-17,2025-01-30,True
1974,962,steve.evans@velocityinc.com,admin,enterprise,2023-12-04,2025-02-12,True
1975,502,hank.davis@elevateservices.com,editor,enterprise,2024-08-29,2025-02-06,True
1976,93,quinn.foster@fusionholdings.com,editor,free,2024-07-27,2025-02-28,False
1977,315,dan.rivera@vanguardplatforms.com,viewer,professional,2021-09-17,2025-02-08,True
1978,760,ivy.foster@optimaholdings.com,editor,free,2025-02-21,2025-02-21,True
1979,95,olivia.hall@vertexnetworks.com,admin,professional,2023-01-29,2025-02-08,True
1980,77,ivy.smith@vanguardservices.com,viewer,starter,2023-02-12,2023-11-14,False
1981,544,karen.evans@horizonplatforms.com,admin,enterprise,2024-07-07,2025-02-19,False
1982,306,bob.quinn@synergycorp.com,viewer,professional,2025-01-23,2025-02-28,False
1983,987,mia.adams@horizondigital.com,editor,starter,2023-11-28,2025-02-05,True
1984,692,karen.garcia@velocitypartners.com,viewer,professional,2024-11-01,2025-02-24,True
1985,668,eve.lopez@optimaanalytics.com,viewer,professional,2024-08-21,2025-02-28,False
1986,296,bob.taylor@vertexcorp.com,viewer,enterprise,2024-12-29,2025-02-14,True
1987,802,olivia.lopez@vanguardanalytics.com,admin,enterprise,2020-12-06,2021-11-12,False
1988,700,ivy.baker@catalystnetworks.com,viewer,free,2024-09-20,2025-02-19,True
1989,575,bob.rivera@acmeenterprises.com,viewer,enterprise,2024-08-23,2025-02-02,True
1990,691,,editor,enterprise,2025-01-11,2025-02-26,True
1991,365,steve.rivera@acmesolutions.com,admin,enterprise,2025-01-09,2025-02-28,False
1992,521,grace.hall@vanguardsystems.com,admin,free,2024-12-31,2025-02-04,True
1993,333,eve.ingram@apexnetworks.com,viewer,starter,2024-11-22,2025-02-28,False
1994,613,frank.nguyen@elevateplatforms.com,editor,starter,2024-09-19,2025-02-11,True
1995,621,paul.garcia@fusioncorp.com,viewer,starter,2024-10-06,2025-02-20,True
1996,883,vince.kim@synergyservices.com,viewer,enterprise,2024-07-26,2025-02-09,True
1997,950,mia.owens@nexusplatforms.com,viewer,starter,2023-12-19,2024-06-27,False
1998,310,alice.evans@optimasystems.com,admin,free,2023-07-24,2025-02-11,True
1999,745,nate.davis@vanguardsoftware.com,viewer,free,2021-12-11,2025-02-28,True
2000,840,vince.quinn@nexusinc.com,viewer,professional,2023-05-04,2025-02-18,True
